page maps,Nom entreprise,Metier,,telephone,site web,etoile,nombre
,,,,,,,
,,,,,,,
https://www.google.com/maps/place/R%C3%A9novation+Appartement+Strasbourg/data=!4m7!3m6!1s0x4796c9a9ad2c147d:0x5c2d64852d1bb626!8m2!3d48.560618!4d7.737394!16s%2Fg%2F11ft44rh_l!19sChIJfRQsranJlkcRJrYbLYVkLVw?authuser=0&hl=fr&rclk=1,Rénovation Appartement Strasbourg,Entreprise de construction,76 Rue de la Plaine des Bouchers,03 88 60 31 65,https://www.google.com/aclk?sa=L&ai=DChsSEwjhjoHegr6UAxWhm2gJHZ14PS4YACICCAEQAxoCd2Y&co=1&ase=2&gclid=CjwKCAjwq6DQBhBVEiwA4ZD5XHNOJD5r0x1osivcm0iubX2VcS-SdFIHPvMXxzFo9mWZQ7gVSxBAaBoCXl4QAvD_BwE&cce=2&category=acrcp_v1_32&sig=AOD64_3P2_Tc-3ug-1CCV7YNGwmDKZZeVQ&adurl&q&ctype=99&nis=6,,
https://www.google.com/maps/place/Avenir+R%C3%A9novations+Strasbourg/data=!4m7!3m6!1s0x47914ba518b5b94f:0x2da883cd4e0fd620!8m2!3d48.421747!4d7.658657!16s%2Fg%2F11srz0ztp1!19sChIJT7m1GKVLkUcRINYPTs2DqC0?authuser=0&hl=fr&rclk=1,Avenir Rénovations Strasbourg,Travaux généraux,6 Rue du Printemps,03 53 64 01 04,https://www.google.com/aclk?sa=L&ai=DChsSEwjhjoHegr6UAxWhm2gJHZ14PS4YACICCAEQARoCd2Y&co=1&ase=2&gclid=CjwKCAjwq6DQBhBVEiwA4ZD5XEEz2aU7uQu06b9JcQs2eSgjNYhyF6uNXSc2sQdU-enxnlbd2FLEoBoC8PkQAvD_BwE&cce=2&category=acrcp_v1_32&sig=AOD64_1yIQ08ey6_K5gQoXpOmcCu-SMo6w&adurl&q&ctype=99&nis=6,"4,6",-11
https://www.google.com/maps/place/ADER+BARDAGE/data=!4m7!3m6!1s0x4796c74e634fb275:0xfec52216b726a444!8m2!3d48.658054!4d7.829006!16s%2Fg%2F11p0ckbg7p!19sChIJdbJPY07HlkcRRKQmtxYixf4?authuser=0&hl=fr&rclk=1,ADER BARDAGE,Entrepreneur spécialisé dans l'isolation,13 Rue du Château d'Angleterre,03 67 10 04 42,https://ader-bardage.fr/,"3,7",-3
https://www.google.com/maps/place/Sarl+Toiture+Bardage+d%27Alsace/data=!4m7!3m6!1s0x4796c84a4f1944a3:0x6d58807f4cba3f4f!8m2!3d48.5832912!4d7.7373622!16s%2Fg%2F11c55tsrh3!19sChIJo0QZT0rIlkcRTz-6TH-AWG0?authuser=0&hl=fr&rclk=1,Sarl Toiture Bardage d'Alsace,Entreprise de construction,14 Rue de la Course,07 60 04 69 40,,,
https://www.google.com/maps/place/Fischer+Bois/data=!4m7!3m6!1s0x4796c9513102950d:0xb74c5d228810577f!8m2!3d48.5416483!4d7.78917!16s%2Fg%2F1tcxc45b!19sChIJDZUCMVHJlkcRf1cQiCJdTLc?authuser=0&hl=fr&rclk=1,Fischer Bois,Menuisier,·,03 88 79 29 00,http://www.fischer-bois.com/?utm_source=gmb,"4,7",-104
https://www.google.com/maps/place/SOPREMA+Entreprises+et+services+SOPRASSISTANCE/data=!4m7!3m6!1s0x4796cb6f3286b563:0x51dc4db026e385a2!8m2!3d48.5355697!4d7.7873661!16s%2Fg%2F11sh55cf3t!19sChIJY7WGMm_LlkcRooXjJrBN3FE?authuser=0&hl=fr&rclk=1,SOPREMA Entreprises et services SOPRASSISTANCE,Entreprise d'étanchéité,·,03 88 79 84 79,https://www.soprema-entreprises.fr/entite/agence/entreprise-etancheite-strasbourg/?utm_source=gmb,"3,8",-38
https://www.google.com/maps/place/YASART+-+isolation+ext%C3%A9rieure+%7C+ravalement+de+fa%C3%A7ade/data=!4m7!3m6!1s0x62eca5b23de5629b:0xb47c2b797b85641!8m2!3d48.6133063!4d7.7402639!16s%2Fg%2F11vf9bj81y!19sChIJm2LlPbKl7GIRQVa4l7fCRws?authuser=0&hl=fr&rclk=1,YASART - isolation extérieure | ravalement de façade,Entrepreneur spécialisé dans l'isolation,·,07 66 52 18 53,https://www.yasart.fr/,5,-24
https://www.google.com/maps/place/DINEGO+SARL/data=!4m7!3m6!1s0x4796c958146cf6fd:0xfef483e1059dae16!8m2!3d48.5363473!4d7.7824907!16s%2Fg%2F11b7qv8mrm!19sChIJ_fZsFFjJlkcRFq6dBeGD9P4?authuser=0&hl=fr&rclk=1,DINEGO SARL,Constructeur de terrasses,"MÉLÈZE - ALSACE, 16 Rue de Cherbourg",06 98 61 30 72,http://www.terrasse-bardage-bois.fr/,"4,9",-11
https://www.google.com/maps/place/Charpente+Christmann+R%C3%A9nov%27/data=!4m7!3m6!1s0x438bcf3f66ca6a03:0x5b8a996926a4e4ee!8m2!3d48.5902408!4d7.7422064!16s%2Fg%2F11w1_863pv!19sChIJA2rKZj_Pi0MR7uSkJmmZils?authuser=0&hl=fr&rclk=1,Charpente Christmann Rénov',Charpentier,3 Rue de Bischwiller,07 83 10 55 22,http://www.christmannrenov.fr/,5,-41
https://www.google.com/maps/place/Multi+Travaux+ALSACE/data=!4m7!3m6!1s0x4796c7dc5cdb6971:0xa7b26acf25441859!8m2!3d48.560618!4d7.737394!16s%2Fg%2F11cfgz8_1!19sChIJcWnbXNzHlkcRWRhEJc9qsqc?authuser=0&hl=fr&rclk=1,Multi Travaux ALSACE,Entreprise de construction,76 Rue de la Plaine des Bouchers,03 88 60 31 65,https://www.google.com/aclk?sa=L&ai=DChsSEwiqwtLsgr6UAxUALAYAHQWhKoQYACICCAEQARoCd3M&co=1&ase=2&gclid=CjwKCAjwq6DQBhBVEiwA4ZD5XLj7ZWskn1GrJSvGj5OgJ1gD8m-mQZZfkpwseq36WtRWmmJyHdWcpBoCU-kQAvD_BwE&cce=2&category=acrcp_v1_32&sig=AOD64_3pioW1RG3n0mhUHK2vbOiXDe-wag&adurl&q&ctype=99&nis=6,"4,9",-119
https://www.google.com/maps/place/Avenir+R%C3%A9novations+Strasbourg/data=!4m7!3m6!1s0x47914ba518b5b94f:0x2da883cd4e0fd620!8m2!3d48.421747!4d7.658657!16s%2Fg%2F11srz0ztp1!19sChIJT7m1GKVLkUcRINYPTs2DqC0?authuser=0&hl=fr&rclk=1,Avenir Rénovations Strasbourg,Travaux généraux,6 Rue du Printemps,03 53 64 01 04,https://www.google.com/aclk?sa=L&ai=DChsSEwiqwtLsgr6UAxUALAYAHQWhKoQYACICCAEQABoCd3M&co=1&ase=2&gclid=CjwKCAjwq6DQBhBVEiwA4ZD5XNm7vLpJ_-lgbJyY3HN3ZedSZZrPLYAj_B8QW2Vm88fOog2EtE_x3RoCC2oQAvD_BwE&cce=2&category=acrcp_v1_32&sig=AOD64_2yWXvarzdUp2psJs-z37UeT8W-yg&adurl&q&ctype=99&nis=6,"4,6",-11
https://www.google.com/maps/place/SAED+%7C+Etanch%C3%A9it%C3%A9+%7C+Couverture+%7C+Bardage+%7C+D%C3%A9samiantage/data=!4m7!3m6!1s0x4796ca4285229385:0x3e88355ae64e9811!8m2!3d48.5127267!4d7.7159292!16s%2Fg%2F1tdcw105!19sChIJhZMihULKlkcREZhO5lo1iD4?authuser=0&hl=fr&rclk=1,SAED | Etanchéité | Couverture | Bardage | Désamiantage,Entrepreneur spécialisé dans l'isolation,11 Rte du Cor de Chasse,03 88 67 19 37,https://saed-etancheite.fr/,"3,7",-16
https://www.google.com/maps/place/Pro+Alsace+Etanch%C3%A9it%C3%A9/data=!4m7!3m6!1s0x4796c96b54fe8a5f:0x63b4332a3c1db002!8m2!3d48.6187733!4d7.7323714!16s%2Fg%2F11r3mjjjsb!19sChIJX4r-VGvJlkcRArAdPCoztGM?authuser=0&hl=fr&rclk=1,Pro Alsace Etanchéité,Travaux généraux,19 Rue de Lampertheim,06 95 21 36 96,,"4,5",-8
https://www.google.com/maps/place/Oswald+Couverture+SARL/data=!4m7!3m6!1s0x4796c984beb496a3:0xe2661db48d6aded4!8m2!3d48.5934858!4d7.720842!16s%2Fg%2F11rwp2mnxm!19sChIJo5a0voTJlkcR1N5qjbQdZuI?authuser=0&hl=fr&rclk=1,Oswald Couverture SARL,Couvreur,1 Rue de la Charrue,03 88 44 19 93,https://www.oswaldcouverture.fr/?utm_source=google&utm_medium=wix_google_business_profile&utm_campaign=14061741873775828727,"4,3",-7
https://www.google.com/maps/place/Face+Alsace/data=!4m7!3m6!1s0x4796c6e632b20ee5:0x4e5692ab9fb8ef3b!8m2!3d48.672489!4d7.7944977!16s%2Fg%2F1v8kzk62!19sChIJ5Q6yMubGlkcRO--4n6uSVk4?authuser=0&hl=fr&rclk=1,Face Alsace,Entrepreneur spécialisé dans la restauration après dégât des eaux,6 Rue Ampère,03 88 81 92 99,,5,-3
https://www.google.com/maps/place/Technik+Bardage+et+Couverture/data=!4m7!3m6!1s0x4796c312967cbc5d:0xfbc09ebe7694f37f!8m2!3d48.7910429!4d7.8392348!16s%2Fg%2F11fktyzznk!19sChIJXbx8lhLDlkcRf_OUdr6ewPs?authuser=0&hl=fr&rclk=1,Technik Bardage et Couverture,Couvreur,1 Rue de la Moder,06 08 42 28 49,http://www.technik-bardage.fr/,5,-1
https://www.google.com/maps/place/BEYER+ETANCHEITE/data=!4m7!3m6!1s0x4796b5fb53674867:0x93309caa7201e934!8m2!3d48.540838!4d7.6444396!16s%2Fg%2F1tlbhhrl!19sChIJZ0hnU_u1lkcRNOkBcqqcMJM?authuser=0&hl=fr&rclk=1,BEYER ETANCHEITE,Entreprise d'étanchéité,·,03 88 65 31 65,https://groupe-beyer.com/beyer-etancheite-2/,"2,8",-27
https://www.google.com/maps/place/Spitzer+M.D.E.+Couverture+Zinguerie/data=!4m7!3m6!1s0x4796c99967d17e19:0xf2dbc46dab262d1c!8m2!3d48.5544044!4d7.7388933!16s%2Fg%2F1v8g9zjm!19sChIJGX7RZ5nJlkcRHC0mq23E2_I?authuser=0&hl=fr&rclk=1,Spitzer M.D.E. Couverture Zinguerie,Couvreur,15 Rue des Frères Eberts,03 88 84 25 21,,"3,7",-3
https://www.google.com/maps/place/Dupasquier+%26+Bloino/data=!4m7!3m6!1s0x4796b92f477d6a57:0x8002505ccf0c6d53!8m2!3d48.6741374!4d7.7235928!16s%2Fg%2F11btmbnxcc!19sChIJV2p9Ry-5lkcRU20Mz1xQAoA?authuser=0&hl=fr&rclk=1,Dupasquier & Bloino,Couvreur,12 All. du Château de Sury,03 88 97 49 39,https://www.dupasquier-bloino.fr/,"4,7",-12
https://www.google.com/maps/place/Groupe+Le+Carr%C3%A9+Strasbourg+%28CRH%29/data=!4m7!3m6!1s0x4796b80945bceab7:0x91403f4e32f5b130!8m2!3d48.645036!4d7.762147!16s%2Fg%2F1td3qf9f!19sChIJt-q8RQm4lkcRMLH1Mk4_QJE?authuser=0&hl=fr&rclk=1,Groupe Le Carré Strasbourg (CRH),Entrepreneur spécialisé dans l'isolation,·,03 90 22 71 40,https://www.groupelecarre-strasbourg.fr/?utm_source=gmb,"4,1",-88
https://www.google.com/maps/place/DSH+Bardage/data=!4m7!3m6!1s0x610b81bd4ab450e7:0xafa02de193ea08ce!8m2!3d48.24906!4d7.5372876!16s%2Fg%2F11q9s6tdkc!19sChIJ51C0Sr2BC2ERzgjqk-EtoK8?authuser=0&hl=fr&rclk=1,DSH Bardage,Artisanat,·,07 66 68 06 66,,5,-12
,,,,,,,
https://www.google.com/maps/place/SM+Ravalement+%28+Fa%C3%A7adier+%7C+Couvreur+%7C+Isolation+ITE%29/data=!4m7!3m6!1s0x47e97564a962c269:0x88988b92efec05b!8m2!3d49.289892!4d4.016482!16s%2Fg%2F1tftqdxt!19sChIJacJiqWR16UcRW8D-LrmIiQg?authuser=0&hl=fr&rclk=1,SM Ravalement ( Façadier | Couvreur | Isolation ITE),Façadier,17 Avenue André Margot,03 26 84 87 90,https://www.google.com/aclk?sa=L&ai=DChsSEwjc_smtg76UAxWbfUECHc_dLpAYACICCAEQBhoCd3M&co=1&ase=2&gclid=CjwKCAjwq6DQBhBVEiwA4ZD5XGVGFzjcrSZq--5v5BGARzxiG6h9TlB7k6LnGZ_rvL0xgX_f6T8MFRoC1VAQAvD_BwE&cce=2&category=acrcp_v1_32&sig=AOD64_17pXPx-dN8sRT-9CAQ1U2DQv0gqQ&adurl&q&ctype=99&nis=6,"4,2",-49
https://www.google.com/maps/place/MURPROTEC+REIMS/data=!4m7!3m6!1s0x47e9750be7992e4d:0xe3742e1da59139d7!8m2!3d49.270683!4d4.022063!16s%2Fg%2F11hcj9w6zg!19sChIJTS6Z5wt16UcR1zmRpR0udOM?authuser=0&hl=fr&rclk=1,MURPROTEC REIMS,Centre de diagnostic,1 Rue du Colonel Moll,03 26 24 08 35,https://www.google.com/aclk?sa=L&ai=DChsSEwjc_smtg76UAxWbfUECHc_dLpAYACICCAEQBxoCd3M&co=1&ase=2&gclid=CjwKCAjwq6DQBhBVEiwA4ZD5XHawVwcUmtZlkccH2hiMzBsn3UoGWkrQ-8kGH42s8Vs3lbjUeUCDmBoCs6EQAvD_BwE&cce=2&category=acrcp_v1_32&sig=AOD64_1qlDhGQfxAbAzD-2MNQO1AsWjDkg&adurl&q&ctype=99&nis=6,"2,8",-21
https://www.google.com/maps/place/SMC+bois/data=!4m7!3m6!1s0x47e9770c20d0d7d3:0x392042bf232d32d8!8m2!3d49.2392431!4d4.0946062!16s%2Fg%2F11rzbg5nwc!19sChIJ09fQIAx36UcR2DItI79CIDk?authuser=0&hl=fr&rclk=1,SMC bois,Couvreur,·,03 26 50 03 22,http://www.smcbois.com/,"4,8",-157
https://www.google.com/maps/place/Cibetanche+-+Reims+10/data=!4m7!3m6!1s0x47e976a297554d2d:0xd9979885c426a04!8m2!3d49.2318202!4d4.0807117!16s%2Fg%2F1thx_3mr!19sChIJLU1Vl6J26UcRBGpCXIh5mQ0?authuser=0&hl=fr&rclk=1,Cibetanche - Reims 10,Entreprise de construction,·,03 26 85 35 49,http://cibetanche.fr/,"4,6",-8
https://www.google.com/maps/place/T.C.B.S/data=!4m7!3m6!1s0x47e9757b6ba276c1:0xe6131903995e68e1!8m2!3d49.2892716!4d4.0095586!16s%2Fg%2F11h7z1g6jb!19sChIJwXaia3t16UcR4WhemQMZE-Y?authuser=0&hl=fr&rclk=1,T.C.B.S,Entrepreneur spécialisé dans l'isolation,2 Rue Marie Louise Burgert Neuv,03 26 07 90 92,https://www.tcbs51.fr/,,
https://www.google.com/maps/place/SOPREMA+Entreprises+et+services+SOPRASSISTANCE/data=!4m7!3m6!1s0x47e9741ff666eacb:0x2b712d43aa33005!8m2!3d49.2298032!4d4.0647485!16s%2Fg%2F1tglm6xq!19sChIJy-pm9h906UcRBTCjOtQStwI?authuser=0&hl=fr&rclk=1,SOPREMA Entreprises et services SOPRASSISTANCE,Entrepreneur spécialisé dans l'isolation,·,03 26 87 92 92,https://www.soprema-entreprises.fr/entite/agence/entreprise-etancheite-reims/?utm_source=gmb,"3,8",-28
https://www.google.com/maps/place/Iso+Top+Etanch%C3%A9it%C3%A9/data=!4m7!3m6!1s0x47e9757c491af12d:0x88324d324835a864!8m2!3d49.2925719!4d4.0220728!16s%2Fg%2F1hc1wxk0t!19sChIJLfEaSXx16UcRZKg1SDJNMog?authuser=0&hl=fr&rclk=1,Iso Top Etanchéité,Entrepreneur spécialisé dans l'isolation,15 Rue Mgr Georges Béjot,03 26 84 50 70,http://isotop-etancheite.fr/,4,-8
https://www.google.com/maps/place/Soprema+Entreprises/data=!4m7!3m6!1s0x47e976bd69d20d9d:0xd6b8e7b4bc8e3a44!8m2!3d49.2316739!4d4.0815157!16s%2Fg%2F11bzzgkqy3!19sChIJnQ3Sab126UcRRDqOvLTnuNY?authuser=0&hl=fr&rclk=1,Soprema Entreprises,Entreprise d'étanchéité,·,03 26 87 92 92,https://www.soprema-entreprises.fr/,"4,5",-4
https://www.google.com/maps/place/entreprise+de+ravalement+de+fa%C3%A7ade+et+isolation+ext%C3%A9rieure/data=!4m7!3m6!1s0x47e975941a5b5c4f:0xcbef183af986b108!8m2!3d49.2367266!4d4.0356344!16s%2Fg%2F11fksrp2wn!19sChIJT1xbGpR16UcRCLGG-ToY78s?authuser=0&hl=fr&rclk=1,entreprise de ravalement de façade et isolation extérieure,Façadier,119 Rue Ledru Rollin,06 61 41 85 33,,3,-2
https://www.google.com/maps/place/Sarabela/data=!4m7!3m6!1s0x47e97521cfb262a7:0x594e4864dc68f7e5!8m2!3d49.2410148!4d4.0573482!16s%2Fg%2F11vssdkpqj!19sChIJp2KyzyF16UcR5fdo3GRITlk?authuser=0&hl=fr&rclk=1,Sarabela,Couvreur,19b Av. Henri Farman,06 34 25 10 78,http://www.sarabela.fr/?utm_source=gmb,5,-7
https://www.google.com/maps/place/S.R.B.Isolation/data=!4m7!3m6!1s0x47e977fad808558b:0xc72042a2e9fbfc4f!8m2!3d49.238873!4d4.090165!16s%2Fg%2F11kp_8v1gt!19sChIJi1UI2Pp36UcRT_z76aJCIMc?authuser=0&hl=fr&rclk=1,S.R.B.Isolation,Entrepreneur spécialisé dans l'isolation,·,06 67 71 98 84,https://www.isolation-51.fr/,"4,9",-159
https://www.google.com/maps/place/SMC+Fa%C3%A7ade/data=!4m7!3m6!1s0x47e97708d9a2329b:0x38b93da487b1e1eb!8m2!3d49.2389168!4d4.0945978!16s%2Fg%2F11vrzj4sws!19sChIJmzKi2Qh36UcR6-Gxh6Q9uTg?authuser=0&hl=fr&rclk=1,SMC Façade,Façadier,3 Rue du Chaperon,03 52 74 09 98,https://www.smcfacade.com/,5,-38
https://www.google.com/maps/place/Face+Champagne-Ardenne/data=!4m7!3m6!1s0x47e9753dbe6474f7:0x5a70bb2c4f9713fb!8m2!3d49.2692816!4d4.0011576!16s%2Fg%2F11gg67y6zq!19sChIJ93Rkvj116UcR-xOXTyy7cFo?authuser=0&hl=fr&rclk=1,Face Champagne-Ardenne,Entreprise de construction,·,03 26 77 81 85,https://www.face-sa.fr/filiales/face-champagne-ardenne/,"4,8",-4
https://www.google.com/maps/place/Duman+Etanche/data=!4m7!3m6!1s0x47e9751bc4bc1581:0x7e4d2b622fa074e1!8m2!3d49.2788691!4d4.0210235!16s%2Fg%2F11ptptc_03!19sChIJgRW8xBt16UcR4XSgL2IrTX4?authuser=0&hl=fr&rclk=1,Duman Etanche,Couvreur,17 Rue Pierre Laplace,07 67 40 69 09,,5,-1
https://www.google.com/maps/place/Aube+Etanche/data=!4m7!3m6!1s0x47e9755aba2c7b17:0xa8af61a25c0d882a!8m2!3d49.2679594!4d3.995371!16s%2Fg%2F11llylqh9f!19sChIJF3ssulp16UcRKogNXKJhr6g?authuser=0&hl=fr&rclk=1,Aube Etanche,Couvreur,·,03 26 82 33 52,https://www.aube-etanche.fr/,"4,5",-8
https://www.google.com/maps/place/SM+Ravalement+%28+Fa%C3%A7adier+%7C+Couvreur+%7C+Isolation+ITE%29/data=!4m7!3m6!1s0x47e97564a962c269:0x88988b92efec05b!8m2!3d49.289892!4d4.016482!16s%2Fg%2F1tftqdxt!19sChIJacJiqWR16UcRW8D-LrmIiQg?authuser=0&hl=fr&rclk=1,SM Ravalement ( Façadier | Couvreur | Isolation ITE),Entrepreneur spécialisé dans l'isolation,·,03 26 84 87 90,https://smravalement.com/,"4,2",-50
https://www.google.com/maps/place/Entreprise+de+r%C3%A9novation+%C3%A0+Reims+-Equilibre+Travaux+-+Extension+de+maison/data=!4m7!3m6!1s0x47e975ab72439363:0xe0efb853a301a0cd!8m2!3d49.2553708!4d4.0240428!16s%2Fg%2F12hqvv42g!19sChIJY5NDcqt16UcRzaABo1O47-A?authuser=0&hl=fr&rclk=1,Entreprise de rénovation à Reims -Equilibre Travaux - Extension de maison,Travaux généraux,34 Rue de Chativesle,03 26 02 71 71,,"4,4",-118
https://www.google.com/maps/place/Entreprise+Wagner/data=!4m7!3m6!1s0x47e976da0506b1cf:0x82e3cdebaf802092!8m2!3d49.2215703!4d4.1080026!16s%2Fg%2F1tdzf9tr!19sChIJz7EGBdp26UcRkiCAr-vN44I?authuser=0&hl=fr&rclk=1,Entreprise Wagner,Couvreur,·,03 26 04 53 13,https://gayet.fr/groupe/wagner,5,-1
https://www.google.com/maps/place/BAT+CONSEIL+%7C+Couverture+Isolation/data=!4m7!3m6!1s0x47e9752c8658cc89:0xe99ecdb05a01e6d5!8m2!3d49.1935018!4d4.009853!16s%2Fg%2F1tf7f_9h!19sChIJicxYhix16UcR1eYBWrDNnuk?authuser=0&hl=fr&rclk=1,BAT CONSEIL | Couverture Isolation,Entrepreneur spécialisé dans l'isolation,4 Rue des Verriats,03 26 84 88 69,http://www.bat-conseil.com/,"4,8",-16
https://www.google.com/maps/place/Couvreur+Reims+Toiture/data=!4m7!3m6!1s0x47e97599cf98fe4b:0xbc811044ad4b6b3f!8m2!3d49.2560138!4d4.0274079!16s%2Fg%2F11nmrdkjgl!19sChIJS_6Yz5l16UcRP2tLrUQQgbw?authuser=0&hl=fr&rclk=1,Couvreur Reims Toiture,Entrepreneur spécialisé dans l'isolation,52 Pl. Drouet d'Erlon,03 55 40 52 89,,5,-8
https://www.google.com/maps/place/Jaloux+Habitat+Evolution/data=!4m7!3m6!1s0x47e9744eaeecd5ef:0x67edbbf3d69e2293!8m2!3d49.2486092!4d4.0404866!16s%2Fg%2F11b6dph6xk!19sChIJ79Xsrk506UcRkyKe1vO77Wc?authuser=0&hl=fr&rclk=1,Jaloux Habitat Evolution,Entrepreneur spécialisé dans l'isolation,·,03 26 85 48 32,https://www.jaloux-peinture.fr/,"4,8",-16
https://www.google.com/maps/place/Piat+Loick/data=!4m7!3m6!1s0x47e9746b68afcceb:0x161860ae46e1d00a!8m2!3d49.2294586!4d4.0424368!16s%2Fg%2F11b6d5zr_5!19sChIJ68yvaGt06UcRCtDhRq5gGBY?authuser=0&hl=fr&rclk=1,Piat Loick,Couvreur,24 Rue Paul Broca,06 48 15 60 43,,5,-3
https://www.google.com/maps/place/SM+Ravalement+%28+Fa%C3%A7adier+%7C+Couvreur+%7C+Isolation+ITE%29/data=!4m7!3m6!1s0x47e97564a962c269:0x88988b92efec05b!8m2!3d49.289892!4d4.016482!16s%2Fg%2F1tftqdxt!19sChIJacJiqWR16UcRW8D-LrmIiQg?authuser=0&hl=fr&rclk=1,SM Ravalement ( Façadier | Couvreur | Isolation ITE),Façadier,17 Avenue André Margot,03 26 84 87 90,https://www.google.com/aclk?sa=L&ai=DChsSEwjLi7C0g76UAxUwrmgJHVQxHL0YACICCAEQAhoCd2Y&co=1&ase=2&gclid=CjwKCAjwq6DQBhBVEiwA4ZD5XGFj-mBfOUGd5qETIADl-UVEbWCgxlEztxgyoFsjV_XqpsIbVBrNrxoCqAEQAvD_BwE&cce=2&category=acrcp_v1_32&sig=AOD64_1M6qNBFAKKdQqhw48eGwx5bgPSoA&adurl&q&ctype=99&nis=6,"4,2",-49
https://www.google.com/maps/place/MURPROTEC+REIMS/data=!4m7!3m6!1s0x47e9750be7992e4d:0xe3742e1da59139d7!8m2!3d49.270683!4d4.022063!16s%2Fg%2F11hcj9w6zg!19sChIJTS6Z5wt16UcR1zmRpR0udOM?authuser=0&hl=fr&rclk=1,MURPROTEC REIMS,Centre de diagnostic,1 Rue du Colonel Moll,03 26 24 08 35,https://www.google.com/aclk?sa=L&ai=DChsSEwjLi7C0g76UAxUwrmgJHVQxHL0YACICCAEQBBoCd2Y&co=1&ase=2&gclid=CjwKCAjwq6DQBhBVEiwA4ZD5XKLE4_KHR0ZwpyC8-sANcIz3FF9txpfAHDakRC0b6ynD87cHrEMSRhoCXfUQAvD_BwE&cce=2&category=acrcp_v1_32&sig=AOD64_3sjwHo2D3Y1XgZ-rHMTUk6RC523A&adurl&q&ctype=99&nis=6,"2,8",-21
https://www.google.com/maps/place/Concept+Fa%C3%A7ade/data=!4m7!3m6!1s0x47e975f5aafdfa49:0x9962f1bde350bda2!8m2!3d49.2171142!4d4.0638471!16s%2Fg%2F11qmp59f80!19sChIJSfr9qvV16UcRor1Q473xYpk?authuser=0&hl=fr&rclk=1,Concept Façade,Façadier,·,06 18 83 77 25,http://www.conceptfacade51.fr/,5,-7
https://www.google.com/maps/place/SD+Couverture+Reims/data=!4m7!3m6!1s0x47e975898d100ed5:0xbca417ad3b6e4ca8!8m2!3d49.2342112!4d4.0682661!16s%2Fg%2F11rb9mdlzq!19sChIJ1Q4QjYl16UcRqExuO60XpLw?authuser=0&hl=fr&rclk=1,SD Couverture Reims,Couvreur,8 bis Rue Gabriel Voisin,07 76 23 83 73,https://www.sdcouverture51.fr/,5,-8
https://www.google.com/maps/place/Dumas+couverture/data=!4m7!3m6!1s0x47e975069e0a7b3b:0xb3384c2445e66195!8m2!3d49.2190838!4d3.9900614!16s%2Fg%2F11jp1xbfpt!19sChIJO3sKngZ16UcRlWHmRSRMOLM?authuser=0&hl=fr&rclk=1,Dumas couverture,Entrepreneur spécialisé dans l'isolation,7 Rue Pierre Salmon,03 52 74 12 38,,"3,7",-3
https://www.google.com/maps/place/Mila+isolation+Bardage/data=!4m7!3m6!1s0x8e117bd26190b07d:0x75a25890d8786fd6!8m2!3d30.6959409!4d-49.8171262!16s%2Fg%2F11yt7c06ws!19sChIJfbCQYdJ7EY4R1m942JBYonU?authuser=0&hl=fr&rclk=1,Mila isolation Bardage,Entrepreneur spécialisé dans l'isolation,·,07 59 31 66 15,https://www.milarenov.online/,5,-1
https://www.google.com/maps/place/Car-Iso+Facade/data=!4m7!3m6!1s0x47e974019aa760e1:0x4c94ebabc0fc9957!8m2!3d49.2307484!4d4.0793388!16s%2Fg%2F11c1szzzv6!19sChIJ4WCnmgF06UcRV5n8wKvrlEw?authuser=0&hl=fr&rclk=1,Car-Iso Facade,Façadier,·,03 26 36 71 49,http://car-isofacade.fr/,"4,7",-12
https://www.google.com/maps/place/Mercelot+Sudour/data=!4m7!3m6!1s0x47e9753b00395a8f:0xf84742567bca8a56!8m2!3d49.2685477!4d3.994532!16s%2Fg%2F1tj7dcmk!19sChIJj1o5ADt16UcRVorKe1ZCR_g?authuser=0&hl=fr&rclk=1,Mercelot Sudour,Couvreur,2 Rue de la Fossé Cochard,03 26 09 01 96,http://www.ms-artisan-couvreur-reims.fr/,"3,9",-7
https://www.google.com/maps/place/C%26E/data=!4m7!3m6!1s0x47e97400265e2d93:0xa11542946a204098!8m2!3d49.2143709!4d4.0628913!16s%2Fg%2F11f6dl_700!19sChIJky1eJgB06UcRmEAgapRCFaE?authuser=0&hl=fr&rclk=1,C&E,Couvreur,15 Rue des Rémouleurs,03 26 86 32 11,http://www.ce51.fr/,4,-12
https://www.google.com/maps/place/ATTILA+Reims+Est/data=!4m7!3m6!1s0x47e976bd2afa60d1:0xf7d9a178aecf4fd5!8m2!3d49.239049!4d4.091452!16s%2Fg%2F11fzf8pyct!19sChIJ0WD6Kr126UcR1U_Prnih2fc?authuser=0&hl=fr&rclk=1,ATTILA Reims Est,Couvreur,·,03 52 62 62 63,http://www.attila.fr/nos-agences/attila-reims-est?utm_source=Google&utm_medium=MyBusiness,"4,6",-10
https://www.google.com/maps/place/Top+Etanche+51/data=!4m7!3m6!1s0x47ebdfcf1f1e7c81:0x87ae01dff9d8fa29!8m2!3d49.2939948!4d4.1266809!16s%2Fg%2F11h2d_qnrs!19sChIJgXweH8_f60cRKfrY-d8Broc?authuser=0&hl=fr&rclk=1,Top Etanche 51,Entreprise d'étanchéité,3 La Voie Carlat,06 33 64 56 00,https://topetanche51.fr/,5,-6
https://www.google.com/maps/place/Campi/data=!4m7!3m6!1s0x47e99d3263bfa1c7:0x88df1c93d96f2ec6!8m2!3d49.3006271!4d4.1297342!16s%2Fg%2F11mh9rnw2h!19sChIJx6G_YzKd6UcRxi5v2ZMc34g?authuser=0&hl=fr&rclk=1,Campi,Couvreur,12 Rue des Moissons,03 26 47 26 09,https://www.campi-couverture.com/,"4,4",-5
https://www.google.com/maps/place/Isolation+%26+Design/data=!4m7!3m6!1s0x47e96e27804297e1:0x78ac6899bd95c495!8m2!3d49.1307197!4d4.086201!16s%2Fg%2F11ss5853s7!19sChIJ4ZdCgCdu6UcRlcSVvZlorHg?authuser=0&hl=fr&rclk=1,Isolation & Design,Entrepreneur spécialisé dans l'isolation,·,06 46 16 31 20,http://www.isolation-et-design.fr/contact-habillage-batiment,5,-1
https://www.google.com/maps/place/Lariviere/data=!4m7!3m6!1s0x47e9752bcad1577b:0xf26ff122a23fc364!8m2!3d49.258015!4d3.980695!16s%2Fg%2F1thw1h0v!19sChIJe1fRyit16UcRZMM_oiLxb_I?authuser=0&hl=fr&rclk=1,Lariviere,Magasin de materiaux de construction,·,03 26 09 88 83,https://www.lariviere.fr/trouver-votre-agence/lariviere-SEB/entry-445-lariviere-reims.html,"4,8",-29
https://www.google.com/maps/place/AJM+Couverture/data=!4m7!3m6!1s0x47e97532fddb85bf:0x722ab0693b54f36e!8m2!3d49.2688467!4d3.9816938!16s%2Fg%2F11g0hny_n2!19sChIJv4Xb_TJ16UcRbvNUO2mwKnI?authuser=0&hl=fr&rclk=1,AJM Couverture,Couvreur,1 Av. des Chenevières,03 26 04 41 53,http://www.ajmcouverture.fr/,"4,5",-2
https://www.google.com/maps/place/PFC+Isolation/data=!4m7!3m6!1s0x47e90bca907aaaab:0xe31e0d13c2906720!8m2!3d49.2757509!4d3.9906628!16s%2Fg%2F11rv6gy8mj!19sChIJq6p6kMoL6UcRIGeQwhMNHuM?authuser=0&hl=fr&rclk=1,PFC Isolation,Entrepreneur spécialisé dans l'isolation,35 Av. de la Malle,09 82 55 51 87,http://pfc-isolation.fr/,"4,4",-27
https://www.google.com/maps/place/Nova+Facade/data=!4m7!3m6!1s0x47e9758327014775:0x52a80a83a6f5b8e5!8m2!3d49.2543558!4d3.9857402!16s%2Fg%2F11qxys4t9p!19sChIJdUcBJ4N16UcR5bj1poMKqFI?authuser=0&hl=fr&rclk=1,Nova Facade,Entrepreneur spécialisé dans l'isolation,·,03 26 84 95 92,https://www.nova-facade.fr/,,
https://www.google.com/maps/place/Soyeux+Couverture/data=!4m7!3m6!1s0x47e975f33955d8e3:0x65d70bd723c3bbda!8m2!3d49.2880228!4d4.0543685!16s%2Fg%2F11b6dh1kht!19sChIJ49hVOfN16UcR2rvDI9cL12U?authuser=0&hl=fr&rclk=1,Soyeux Couverture,Couvreur,8 Rte de la Neuvillette,03 26 09 70 18,,4,-7
https://www.google.com/maps/place/Art+Fa%C3%A7ade+51/data=!4m7!3m6!1s0x47e97400265e2d93:0x3fd74bd46bf79c5e!8m2!3d49.2761748!4d3.9048834!16s%2Fg%2F11pkhw6rh0!19sChIJky1eJgB06UcRXpz3a9RL1z8?authuser=0&hl=fr&rclk=1,Art Façade 51,Entrepreneur spécialisé dans l'isolation,·,03 26 48 99 28,https://www.art-facade-51.fr/,"4,4",-27
https://www.google.com/maps/place/RezoTravaux/data=!4m7!3m6!1s0x47e97535acb25b81:0x56a930ebcc15119c!8m2!3d49.2309741!4d4.0624321!16s%2Fg%2F11scfjsspf!19sChIJgVuyrDV16UcRnBEVzOswqVY?authuser=0&hl=fr&rclk=1,RezoTravaux,Travaux généraux,39 Av. Hoche,06 43 19 63 42,http://www.rezotravaux.com/,5,-6
https://www.google.com/maps/place/Astier+Victor+Eurl/data=!4m7!3m6!1s0x47e9753a3a039b33:0xa6241cae87fd1cc8!8m2!3d49.2698332!4d3.9941698!16s%2Fg%2F1tctl3b0!19sChIJM5sDOjp16UcRyBz9h64cJKY?authuser=0&hl=fr&rclk=1,Astier Victor Eurl,Couvreur,4 Rue du Château Sénart,03 26 04 82 60,,5,-1
https://www.google.com/maps/place/Couverture/data=!4m7!3m6!1s0x47e9750739742ec3:0x585259df573e71ad!8m2!3d49.2607257!4d4.0234493!16s%2Fg%2F11b6dq4_vm!19sChIJwy50OQd16UcRrXE-V99ZUlg?authuser=0&hl=fr&rclk=1,Couverture,Couvreur,9 Rue Edouard Mignot,,,5,-1
https://www.google.com/maps/place/Homestroy/data=!4m7!3m6!1s0x6aa7e76f8fe9e8db:0xe8efcdf0d2b3c848!8m2!3d49.2535406!4d4.0551079!16s%2Fg%2F11w3rg3zj3!19sChIJ2-jpj2_np2oRSMiz0vDN7-g?authuser=0&hl=fr&rclk=1,Homestroy,Entreprise de construction,·,06 13 19 97 80,https://homestroy.fr/,,
https://www.google.com/maps/place/ISOLOR+RENOVATION+:+ENTREPRISE+RGE+ISOLATION+THERMIQUE+PAR+L%27EXTERIEUR+RAVALEMENT+BARDAGE+MENUISERIE/data=!4m7!3m6!1s0x47e02f31462f094d:0xc4ec0a84eafea954!8m2!3d49.4891138!4d0.106105!16s%2Fg%2F11n10cbzfl!19sChIJTQkvRjEv4EcRVKn-6oQK7MQ?authuser=0&hl=fr&rclk=1,ISOLOR RENOVATION : ENTREPRISE RGE ISOLATION THERMIQUE PAR L'EXTERIEUR RAVALEMENT BARDAGE MENUISERIE,Entrepreneur spécialisé dans l'isolation,18 Pl. Albert René,09 81 85 49 46,http://www.isolor-renovation.fr/,"3,7",-19
https://www.google.com/maps/place/BK+BATIMENT+93+-+Entreprise+au+Havre+Fa%C3%A7adier+sp%C3%A9cialiste+du+ravalement+de+fa%C3%A7ade+et+rejointoiement+de+brique+-+LE+HAVRE/data=!4m7!3m6!1s0x47e02fcac8f21671:0xeaa1ee6f456c1a36!8m2!3d49.5173865!4d0.1121902!16s%2Fg%2F11nt2n3t0z!19sChIJcRbyyMov4EcRNhpsRW_uoeo?authuser=0&hl=fr&rclk=1,BK BATIMENT 93 - Entreprise au Havre Façadier spécialiste du ravalement de façade et rejointoiement de brique - LE HAVRE,Entrepreneur spécialisé dans l'isolation,·,07 69 57 52 68,http://www.bkbatiment.com/,"4,9",-64
"https://www.google.com/maps/place/DUFOUR+SAS+-+Couverture,+Bardage,+Plomberie/data=!4m7!3m6!1s0x47e02faa2efaaaab:0xfa356e461e4db2a2!8m2!3d49.4919311!4d0.132997!16s%2Fg%2F11g0tl0wmk!19sChIJq6r6Lqov4EcRorJNHkZuNfo?authuser=0&hl=fr&rclk=1","DUFOUR SAS - Couverture, Bardage, Plomberie",Couvreur,·,02 35 24 34 36,https://dufour.fr/,"4,3",-165
https://www.google.com/maps/place/EM+BATIMENT+-+RGE+ISOLATION+PAR+L%27EXT%C3%89RIEUR+ET+RAVALEMENT+DE+FA%C3%87ADE/data=!4m7!3m6!1s0x47e02fde590e2dcf:0xd1e45e007f403568!8m2!3d49.5203189!4d0.0818575!16s%2Fg%2F11fmd97cm9!19sChIJzy0OWd4v4EcRaDVAfwBe5NE?authuser=0&hl=fr&rclk=1,EM BATIMENT - RGE ISOLATION PAR L'EXTÉRIEUR ET RAVALEMENT DE FAÇADE,Entrepreneur spécialisé dans l'isolation,·,02 32 85 15 96,https://www.embatiment.com/,"4,9",-110
https://www.google.com/maps/place/Toiture+B%C3%A9thel/data=!4m7!3m6!1s0x47e02f278c457963:0x5d4d571478fb8ed2!8m2!3d49.4930526!4d0.1152274!16s%2Fg%2F11nc10q4rq!19sChIJY3lFjCcv4EcR0o77eBRXTV0?authuser=0&hl=fr&rclk=1,Toiture Béthel,Services de nettoyage,113 Bd de Strasbourg,06 28 36 40 39,,5,-3
https://www.google.com/maps/place/Comptoir+Du+Bois/data=!4m7!3m6!1s0x47e02faeaa4a4067:0x9a5054d2350e13cc!8m2!3d49.4923614!4d0.1370411!16s%2Fg%2F1wc477rz!19sChIJZ0BKqq4v4EcRzBMONdJUUJo?authuser=0&hl=fr&rclk=1,Comptoir Du Bois,Négociant en bois,·,02 35 53 94 88,http://www.comptoir-bois.com/,"4,7",-20
"https://www.google.com/maps/place/DRM+R%C3%A9novation+Sp%C3%A9cialiste+isolation+ext%C3%A9rieure,+Ravalement+enduit+projet%C3%A9,+Menuiseries+et+Carport+proche+LE+HAVRE+76+RGE/data=!4m7!3m6!1s0x47e0306592f276b1:0xfc3c8ab0aba66c70!8m2!3d49.5102499!4d0.2278141!16s%2Fg%2F11j2yq79vh!19sChIJsXbykmUw4EcRcGymq7CKPPw?authuser=0&hl=fr&rclk=1","DRM Rénovation Spécialiste isolation extérieure, Ravalement enduit projeté, Menuiseries et Carport proche LE HAVRE 76 RGE",Entrepreneur spécialisé dans l'isolation,·,02 35 24 09 54,https://www.drmrenovation.fr/,"4,8",-167
https://www.google.com/maps/place/Seine+Fa%C3%A7ades/data=!4m7!3m6!1s0x212746aa223feb59:0xf6acd92d4f3b5417!8m2!3d49.4858036!4d0.1604692!16s%2Fg%2F11m5qgdv71!19sChIJWes_IqpGJyERF1Q7Ty3ZrPY?authuser=0&hl=fr&rclk=1,Seine Façades,Entreprise de construction,55 Rue du Pont VI,02 32 92 45 35,https://www.linkedin.com/company/105494430/admin/dashboard/?utm_source=gmb,,
https://www.google.com/maps/place/ISOREX+76+-+RGE+ISOLATION+PAR+L%27EXT%C3%89RIEUR+ET+RAVALEMENT+DE+FA%C3%87ADE/data=!4m7!3m6!1s0x47e02f2d5b2da591:0x2e9c31b0ccb494d7!8m2!3d49.4807435!4d0.1518024!16s%2Fg%2F11kxptr20r!19sChIJkaUtWy0v4EcR15S0zLAxnC4?authuser=0&hl=fr&rclk=1,ISOREX 76 - RGE ISOLATION PAR L'EXTÉRIEUR ET RAVALEMENT DE FAÇADE,Entrepreneur spécialisé dans l'isolation,2 Rue Buffon,09 81 48 49 68,https://www.isorex.fr/,"4,6",-20
https://www.google.com/maps/place/Sarl+Lebaillif+Couverture/data=!4m7!3m6!1s0x47e02fc851302883:0x626012587a214562!8m2!3d49.4945951!4d0.1559964!16s%2Fg%2F1tkn_1xw!19sChIJgygwUcgv4EcRYkUhelgSYGI?authuser=0&hl=fr&rclk=1,Sarl Lebaillif Couverture,Couvreur,13 Rue Westinghouse,02 35 53 17 79,https://lebaillif-couverture.fr/,"4,8",-207
https://www.google.com/maps/place/Toiture+Jacquin+-+Couvreur+Le+Havre+76600/data=!4m7!3m6!1s0x47e02f5f646c3eed:0xcb3c77094999ad3c!8m2!3d49.5159103!4d0.169489!16s%2Fg%2F11vlm6h7rs!19sChIJ7T5sZF8v4EcRPK2ZSQl3PMs?authuser=0&hl=fr&rclk=1,Toiture Jacquin - Couvreur Le Havre 76600,Couvreur,88 Av. du 8 Mai 1945,06 03 84 49 98,https://www.facebook.com/213677405162549?utm_source=gmb,"4,9",-131
https://www.google.com/maps/place/FACADE+PLUS/data=!4m7!3m6!1s0x47e02f32fb0fd473:0x78a656a778b552c!8m2!3d49.4926385!4d0.1118099!16s%2Fg%2F11ms6f1c9k!19sChIJc9QP-zIv4EcRLFWLd2pligc?authuser=0&hl=fr&rclk=1,FACADE PLUS,Entrepreneur spécialisé dans l'isolation,5 Pl. Léon Meyer,06 99 62 13 34,https://www.facadepluslehavre.fr/,,
https://www.google.com/maps/place/ECO%27HABITAT/data=!4m7!3m6!1s0x47e031693dea9d3b:0x3d750e0feebce0c8!8m2!3d49.506972!4d0.1993915!16s%2Fg%2F11msxyp6_m!19sChIJO53qPWkx4EcRyOC87g8OdT0?authuser=0&hl=fr&rclk=1,ECO'HABITAT,Entrepreneur spécialisé dans l'isolation,·,02 21 81 46 81,https://www.ecohabitat76.fr/,"4,9",-8
https://www.google.com/maps/place/Lariviere/data=!4m7!3m6!1s0x47e02fd6bba500b3:0xd7b5c26b357575f4!8m2!3d49.4939352!4d0.1699636!16s%2Fg%2F1vtzghdx!19sChIJswClu9Yv4EcR9HV1NWvCtdc?authuser=0&hl=fr&rclk=1,Lariviere,Magasin de materiaux de construction,·,02 32 79 21 90,https://www.lariviere.fr/trouver-votre-agence/lariviere-SEB/entry-408-lariviere-le-havre.html,"4,4",-19
https://www.google.com/maps/place/SHM+-+Soci%C3%A9t%C3%A9+Havraise+de+Menuiserie/data=!4m7!3m6!1s0x47e02f44e90be611:0xaa62c9ca10eaff35!8m2!3d49.516152!4d0.1020365!16s%2Fg%2F1tfw29r5!19sChIJEeYL6UQv4EcRNf_qEMrJYqo?authuser=0&hl=fr&rclk=1,SHM - Société Havraise de Menuiserie,Menuisier,·,02 35 48 95 20,https://www.shmlehavre.fr/,"3,8",-100
https://www.google.com/maps/place/CEGIB+Couverture/data=!4m7!3m6!1s0x42b83fdf57a55359:0xdf7326a1d29a70b1!8m2!3d49.525665!4d0.084917!16s%2Fg%2F11m6j7vnmq!19sChIJWVOlV98_uEIRsXCa0qEmc98?authuser=0&hl=fr&rclk=1,CEGIB Couverture,Couvreur,22 Rue Thérèse Peltier,02 35 26 43 41,https://www.cegib.fr/,"4,8",-13
https://www.google.com/maps/place/Alupic/data=!4m7!3m6!1s0x47e02fe07691d0c1:0x28fe707bacc9937!8m2!3d49.4862823!4d0.160289!16s%2Fg%2F1tfwcsl4!19sChIJwdCRduAv4EcRN5nMugfnjwI?authuser=0&hl=fr&rclk=1,Alupic,Siège social,·,02 35 53 31 34,http://www.alupic.com/,"4,2",-10
https://www.google.com/maps/place/Entreprise+Fleury/data=!4m7!3m6!1s0x47e03b0287dad215:0xd90b37ccc22c500d!8m2!3d49.5322719!4d0.1819717!16s%2Fg%2F11twjnc55x!19sChIJFdLahwI74EcRDVAswsw3C9k?authuser=0&hl=fr&rclk=1,Entreprise Fleury,Charpentier,6 Rue des Castors,02 35 30 13 70,https://www.entrepriseemfleury.com/,"4,4",-27
https://www.google.com/maps/place/Bricoman+Le+Havre+%2F+Montivilliers/data=!4m7!3m6!1s0x47e03a90e9f73225:0xeb51a91a0a9a1ccc!8m2!3d49.539873!4d0.2034765!16s%2Fg%2F11b7l2hnmv!19sChIJJTL36ZA64EcRzByaChqpUes?authuser=0&hl=fr&rclk=1,Bricoman Le Havre / Montivilliers,Magasin de materiaux de construction,·,02 32 79 02 20,https://www.bricoman.fr/,"4,1",-1 191
https://www.google.com/maps/place/Greco+couverture/data=!4m7!3m6!1s0x8ca4c8cdb95adea5:0x74d19ad206303afe!8m2!3d49.5037243!4d0.1050036!16s%2Fg%2F11t9ks6q3l!19sChIJpd5auc3IpIwR_jowBtKa0XQ?authuser=0&hl=fr&rclk=1,Greco couverture,Couvreur,15 Rue Madame Récamier,06 48 32 11 55,,"4,9",-23
https://www.google.com/maps/place/SR+Couverture+Zinguerie/data=!4m7!3m6!1s0x47e02f4beb57461b:0x7df69606eedbd74c!8m2!3d49.4990417!4d0.1510118!16s%2Fg%2F11f62mt9sx!19sChIJG0ZX60sv4EcRTNfb7gaW9n0?authuser=0&hl=fr&rclk=1,SR Couverture Zinguerie,Couvreur,8 Rue de Mieulle,02 35 45 99 69,http://www.sr-couverture-zinguerie.fr/,"4,5",-6
https://www.google.com/maps/place/Fen%C3%A9trier%C2%AE+VEKA+Arcade+Artisan+conseil/data=!4m7!3m6!1s0x47e02edf85ed2ac9:0x5ebb0a3dd0daa6b6!8m2!3d49.4864146!4d0.1071736!16s%2Fg%2F1tqydsn1!19sChIJySrthd8u4EcRtqba0D0Ku14?authuser=0&hl=fr&rclk=1,Fenétrier® VEKA Arcade Artisan conseil,Menuisier,37 Rue de Paris,02 35 22 70 10,https://www.veka.fr/agence/arcade-le-havre/,"4,3",-27
https://www.google.com/maps/place/Facade+Plus/data=!4m4!3m3!1s0x47e02f1c4d658eef:0x9cf4e48200ccd414!16s%2Fg%2F11fkds7znm!19sChIJ745lTRwv4EcRFNTMAILk9Jw?authuser=0&hl=fr&rclk=1,Facade Plus,Entrepreneur spécialisé dans l'isolation,·,02 32 20 70 88,,"4,2",-38
https://www.google.com/maps/place/Jacquin+renovation/data=!4m7!3m6!1s0x47e03120d3e95055:0x12c75e5f0a7fd781!8m2!3d49.511557!4d0.1897565!16s%2Fg%2F11j2wlw4tl!19sChIJVVDp0yAx4EcRgdd_Cl9exxI?authuser=0&hl=fr&rclk=1,Jacquin renovation,Couvreur,8 Rue Friedrich Engels,07 66 13 32 31,https://jacquinrenovation.fr/,5,-22
https://www.google.com/maps/place/Burette+Raymond/data=!4m7!3m6!1s0x47e02fad46d1e337:0x6764b181c4d4330d!8m2!3d49.4880654!4d0.1409023!16s%2Fg%2F1tmpd6gb!19sChIJN-PRRq0v4EcRDTPUxIGxZGc?authuser=0&hl=fr&rclk=1,Burette Raymond,Couvreur,37 Rue de Mulhouse,02 35 25 27 43,,5,-1
https://www.google.com/maps/place/Leroy+Merlin+Montivilliers+-+Le+Havre/data=!4m7!3m6!1s0x47e03abc23235125:0xf56988abb39819dd!8m2!3d49.5399844!4d0.2060343!16s%2Fg%2F1wfvlyjc!19sChIJJVEjI7w64EcR3RmYs6uIafU?authuser=0&hl=fr&rclk=1,Leroy Merlin Montivilliers - Le Havre,Magasin de materiaux de construction,·,02 32 79 55 55,https://www.leroymerlin.fr/magasins/montivilliers-havre.html,"3,8",-4 298
https://www.google.com/maps/place/Intex+Normandie/data=!4m7!3m6!1s0x47e025a7220df68b:0x400d96bbf1aea593!8m2!3d49.5541253!4d0.1301515!16s%2Fg%2F11b6dqc4j9!19sChIJi_YNIqcl4EcRk6Wu8buWDUA?authuser=0&hl=fr&rclk=1,Intex Normandie,Couvreur,7 Rue des Hautes Vallées,02 35 54 31 20,https://intex-normandie-octeville-sur-mer.fr/,"4,3",-11
https://www.google.com/maps/place/LCB+Construction+Bois/data=!4m7!3m6!1s0xb07420bea1cbb79:0xd58675de344c1fa9!8m2!3d49.5527241!4d0.1175356!16s%2Fg%2F11vr559gl9!19sChIJebsc6gtCBwsRqR9MNN51htU?authuser=0&hl=fr&rclk=1,LCB Construction Bois,Constructeur de maisons en bois,16 Rue des Martyrs,07 68 03 09 42,,5,-4
https://www.google.com/maps/place/Fafa+et+fils/data=!4m7!3m6!1s0x47e02f798cb4bb5b:0x8b627e3115a59b0!8m2!3d49.5120411!4d0.1286157!16s%2Fg%2F11y5cv7cr7!19sChIJW7u0jHkv4EcRsFlaEeMntgg?authuser=0&hl=fr&rclk=1,Fafa et fils,Peintre en bâtiment,11 Rue du Père Flavigny,06 59 35 86 95,https://fafaetfils.fr/,"4,5",-8
https://www.google.com/maps/place/Delacotte-Lapert+SARL/data=!4m7!3m6!1s0x47e037620b3a486b:0xe7b297a47252b174!8m2!3d49.5282342!4d0.2967805!16s%2Fg%2F1tdhl2zv!19sChIJa0g6C2I34EcRdLFScqSXsuc?authuser=0&hl=fr&rclk=1,Delacotte-Lapert SARL,Couvreur,455 Rte de la Vignotière,02 35 55 51 22,https://www.delacotte-lapert-couverture.fr/,"4,9",-76
https://www.google.com/maps/place/Carnier+couverture76+-+Couvreur+R%C3%A9paration+Nettoyage+R%C3%A9novation+Recherche+Fuite+Toiture+Seine-Maritime+Montivilliers+Le-Havre/data=!4m7!3m6!1s0x47e03b1a9ed0f87b:0x1049bc7c2a0ce1f8!8m2!3d49.5442527!4d0.1830554!16s%2Fg%2F11jvfs1mqx!19sChIJe_jQnho74EcR-OEMKny8SRA?authuser=0&hl=fr&rclk=1,Carnier couverture76 - Couvreur Réparation Nettoyage Rénovation Recherche Fuite Toiture Seine-Maritime Montivilliers Le-Havre,Couvreur,22 Av. Président Wilson,06 63 01 70 89,http://www.carnier-couverture76.fr/,5,-44
https://www.google.com/maps/place/Normisol/data=!4m7!3m6!1s0x47e03041a5186a4f:0xa9fa89c05c1c4fe1!8m2!3d49.5290809!4d0.2493724!16s%2Fg%2F11gy15dkdm!19sChIJT2oYpUEw4EcR4U8cXMCJ-qk?authuser=0&hl=fr&rclk=1,Normisol,Siège social,20 la vallée,02 27 30 51 12,http://normisol.fr/,"4,7",-51
https://www.google.com/maps/place/Pointel+Didier/data=!4m7!3m6!1s0x47e03b00d9f2bedf:0x82678f505c2b1c29!8m2!3d49.564106!4d0.2246902!16s%2Fg%2F11fjw_21hp!19sChIJ377y2QA74EcRKRwrXFCPZ4I?authuser=0&hl=fr&rclk=1,Pointel Didier,Couvreur,83 Rue Aristide Briand,02 35 20 37 05,https://couverture-bardage-le-havre.com/,"2,9",-7
https://www.google.com/maps/place/ratzcouverture/data=!4m7!3m6!1s0x2260a753d13d961:0xea2236a166d937a8!8m2!3d49.6271248!4d0.3790553!16s%2Fg%2F11t1h9y0sw!19sChIJYdkTPXUKJgIRqDfZZqE2Iuo?authuser=0&hl=fr&rclk=1,ratzcouverture,Couvreur,·,06 63 37 23 21,,5,-1
https://www.google.com/maps/place/MURPROTEC+DIJON/data=!4m7!3m6!1s0x47f29f7bd853e1a5:0x30e445d8fb8ad8f5!8m2!3d47.298138!4d5.068447!16s%2Fg%2F11fnwyctnf!19sChIJpeFT2Huf8kcR9diK-9hF5DA?authuser=0&hl=fr&rclk=1,MURPROTEC DIJON,Centre de diagnostic,23 Rue René Coty,03 80 65 21 18,https://www.google.com/aclk?sa=L&ai=DChsSEwiY3JjXg76UAxVYBAYAHcWJBYoYACICCAEQAxoCd3M&co=1&ase=2&gclid=CjwKCAjwq6DQBhBVEiwA4ZD5XFvfvjnwdHjyUiW-VhQaMdn8yaPhuzE5XZImO2rz4o_ZZhA0_fxNpxoCCIUQAvD_BwE&cce=2&category=acrcp_v1_32&sig=AOD64_1Ql8s6VFPOhtXXAMV0ZqRehvwgrg&adurl&q&ctype=99&nis=6,"4,9",-325
https://www.google.com/maps/place/Avenir+R%C3%A9novations+Dijon+%2821%29/data=!4m7!3m6!1s0x47f29de651baabbf:0x8e78a6b7e4bdf7f7!8m2!3d47.328773!4d5.048839!16s%2Fg%2F11yczcn16y!19sChIJv6u6Uead8kcR9_e95LemeI4?authuser=0&hl=fr&rclk=1,Avenir Rénovations Dijon (21),Travaux généraux,25 Rue Louis Blanc,03 53 64 26 41,https://www.google.com/aclk?sa=L&ai=DChsSEwiY3JjXg76UAxVYBAYAHcWJBYoYACICCAEQAhoCd3M&co=1&ase=2&gclid=CjwKCAjwq6DQBhBVEiwA4ZD5XJDSPlDa6O3ZPs0oICXx3fV2zlqLRevJRqaBRlxBcZhNy-5qvPXPUhoCV2oQAvD_BwE&cce=2&category=acrcp_v1_32&sig=AOD64_0ccWOgjZIGOxLirx1Se1khJUq4Yg&adurl&q&ctype=99&nis=6,5,-3
https://www.google.com/maps/place/BBM+%C3%89tanch%C3%A9it%C3%A9+et+R%C3%A9sine/data=!4m7!3m6!1s0x47f29d4db850f3d9:0x920c8414455c881b!8m2!3d47.3135091!4d5.0343856!16s%2Fg%2F11hgd8kp57!19sChIJ2fNQuE2d8kcRG4hcRRSEDJI?authuser=0&hl=fr&rclk=1,BBM Étanchéité et Résine,Société de travaux publics,8 Rue Daubenton,06 10 76 06 33,,"4,8",-19
https://www.google.com/maps/place/SPP+Etanch%C3%A9it%C3%A9/data=!4m7!3m6!1s0x47ed61e5a7c14729:0x5ff5c19f3ddebfe7!8m2!3d47.3448831!4d5.0738805!16s%2Fg%2F11fsqrfdzw!19sChIJKUfBp-Vh7UcR57_ePZ_B9V8?authuser=0&hl=fr&rclk=1,SPP Etanchéité,Entreprise d'étanchéité,·,03 80 31 95 89,http://sppetancheite.com/?fbclid=IwAR0h8XhN36Uuv88qffZelmJyIyZBYjyPbnCPIp-tMs-kLaj4FuOWiDILn7U,"4,2",-5
https://www.google.com/maps/place/EC2BI/data=!4m7!3m6!1s0x47ed621a9f4a5323:0xe56a736552a43998!8m2!3d47.3237252!4d5.0306872!16s%2Fg%2F11btlq1wqd!19sChIJI1NKnxpi7UcRmDmkUmVzauU?authuser=0&hl=fr&rclk=1,EC2BI,Couvreur,·,09 72 43 55 97,https://www.ec2bi.com/,4,-2
https://www.google.com/maps/place/Secobat/data=!4m7!3m6!1s0x47ed61e4bd3f0065:0xab16832141b9e968!8m2!3d47.3426025!4d5.0716377!16s%2Fg%2F11c0qgrnsp!19sChIJZQA_veRh7UcRaOm5QSGDFqs?authuser=0&hl=fr&rclk=1,Secobat,Entreprise de construction,·,03 80 51 01 75,http://www.sarl-secobat.fr/?utm_source=gmb,"3,8",-4
https://www.google.com/maps/place/Clair+SARL/data=!4m7!3m6!1s0x47f29f7cb64215a3:0xdfdb8e007df9e7b5!8m2!3d47.2855708!4d5.1364057!16s%2Fg%2F1tg4w57g!19sChIJoxVCtnyf8kcRtef5fQCO298?authuser=0&hl=fr&rclk=1,Clair SARL,Entreprise d'étanchéité,"Zac Excellence 2000, 11 Rue Robert Schuman",03 80 46 70 60,http://www.clair-sarl.com/,"4,4",-7
https://www.google.com/maps/place/IDEPRO+Habitat/data=!4m7!3m6!1s0x47f29faa2b0168cd:0x601aa3cf01467f6b!8m2!3d47.2684602!4d5.0461515!16s%2Fg%2F11f24x8m02!19sChIJzWgBK6qf8kcRa39GAc-jGmA?authuser=0&hl=fr&rclk=1,IDEPRO Habitat,Entrepreneur spécialisé dans l'isolation,·,03 80 66 34 37,http://www.idepro-habitat.fr/,5,-430
https://www.google.com/maps/place/Bourgogne+Couverture/data=!4m7!3m6!1s0x47ed61f6d8228cf3:0x5f9b74c8464e433e!8m2!3d47.3497443!4d5.065822!16s%2Fg%2F1tkjkjkd!19sChIJ84wi2PZh7UcRPkNORsh0m18?authuser=0&hl=fr&rclk=1,Bourgogne Couverture,Couvreur,·,03 80 72 01 34,http://www.bourgognecouverture.fr/,"4,6",-13
https://www.google.com/maps/place/STEBI/data=!4m7!3m6!1s0x47f27c21b408f4c3:0xebf999e6cd5f40aa!8m2!3d47.3761948!4d5.0900318!16s%2Fg%2F1tfq_rx1!19sChIJw_QItCF88kcRqkBfzeaZ-es?authuser=0&hl=fr&rclk=1,STEBI,Couvreur,·,03 80 33 49 49,http://www.stebi.fr/,"4,1",-7
https://www.google.com/maps/place/Isole+Plus+Energies/data=!4m7!3m6!1s0x47f29c64032dfb53:0x32158d63681c36ea!8m2!3d47.2747708!4d5.0085448!16s%2Fg%2F1tj5q20t!19sChIJU_stA2Sc8kcR6jYcaGONFTI?authuser=0&hl=fr&rclk=1,Isole Plus Energies,Entrepreneur spécialisé dans l'isolation,·,03 80 27 31 52,https://www.isole-plus.fr/?utm_source=gmb,"4,5",-257
https://www.google.com/maps/place/SOPREMA+Entreprises+et+services+SOPRASSISTANCE/data=!4m7!3m6!1s0x47f29c47af7602a1:0x9cbbe64ff2e335ec!8m2!3d47.2881944!4d5.0253868!16s%2Fg%2F1vyk1vr9!19sChIJoQJ2r0ec8kcR7DXj8k_mu5w?authuser=0&hl=fr&rclk=1,SOPREMA Entreprises et services SOPRASSISTANCE,Entrepreneur spécialisé dans l'isolation,·,03 80 52 21 33,https://www.soprema-entreprises.fr/entite/agence/entreprise-etancheite-dijon/?utm_source=gmb,"3,7",-15
https://www.google.com/maps/place/TH+Construction/data=!4m7!3m6!1s0x47f29d150bb7bd5b:0xe46679a4588c50f8!8m2!3d47.2684!4d5.0461185!16s%2Fg%2F11hqmn4pym!19sChIJW723CxWd8kcR-FCMWKR5ZuQ?authuser=0&hl=fr&rclk=1,TH Construction,Charpentier,280 Rue Charles Freycinet,06 65 55 31 03,https://thconstruction.fr/,"4,7",-27
https://www.google.com/maps/place/Somez/data=!4m7!3m6!1s0x47ed610a8fc1a62b:0x360f51fcfa21a77e!8m2!3d47.3754393!4d5.0936487!16s%2Fg%2F1tjdw75b!19sChIJK6bBjwph7UcRfqch-vxRDzY?authuser=0&hl=fr&rclk=1,Somez,Couvreur,6 All. des Nouratons,03 80 10 30 08,http://www.charpente-couverture-ruffey.fr/?utm_source=gmb,"4,2",-6
https://www.google.com/maps/place/Collin+Burdy+-+Couverture+Zinguerie+D%C3%A9samiantage/data=!4m7!3m6!1s0x47ed627aba2f6f07:0x1fd444cb320b4d6!8m2!3d47.2780591!4d4.9941289!16s%2Fg%2F1tgxswbw!19sChIJB28vunpi7UcR1rQgs0xE_QE?authuser=0&hl=fr&rclk=1,Collin Burdy - Couverture Zinguerie Désamiantage,Entrepreneur spécialisé dans l'isolation,·,03 80 54 31 99,http://www.couverture-desamiantage-dijon.fr/?utm_source=gmb,"4,8",-37
https://www.google.com/maps/place/SMAC/data=!4m7!3m6!1s0x47ed61e4c94bf4db:0x7ed8196bf6e2056c!8m2!3d47.3435387!4d5.0709897!16s%2Fg%2F11btmqfhzd!19sChIJ2_RLyeRh7UcRbAXi9msZ2H4?authuser=0&hl=fr&rclk=1,SMAC,Entrepreneur spécialisé dans l'isolation,·,03 80 71 62 56,https://www.smac-sa.com/agence/smac-dijon/?utm_source=gmb&utm_medium=CTA-WEB&utm_campaign=Dijon,,
https://www.google.com/maps/place/B%C3%A2ti-Tech+R%C3%A9novation+%26+Am%C3%A9nagement+%C3%A0+Dijon/data=!4m7!3m6!1s0x47ed63255f29e201:0xba41c06a2b3f3b0!8m2!3d47.3433528!4d4.997278!16s%2Fg%2F11tt8fwp8r!19sChIJAeIpXyVj7UcRsPOzogYcpAs?authuser=0&hl=fr&rclk=1,Bâti-Tech Rénovation & Aménagement à Dijon,Entreprise de construction,8 Rue des Moulissards,03 80 43 56 63,https://bati-tech.fr/,5,-4
https://www.google.com/maps/place/Etablissements+Richard/data=!4m7!3m6!1s0x47ed61f755300edd:0xdd017d93500aef34!8m2!3d47.347138!4d5.0651846!16s%2Fg%2F1hc1l802b!19sChIJ3Q4wVfdh7UcRNO8KUJN9Ad0?authuser=0&hl=fr&rclk=1,Etablissements Richard,Charpentier,"Zae Cap Nord, 6 Rue de Cluj",03 80 71 21 96,http://www.richard-charpente-dijon.fr/,5,-2
https://www.google.com/maps/place/Expert+Etanch/data=!4m7!3m6!1s0x47ed61ffe3223555:0xba22ceafc4571a86!8m2!3d47.3462492!4d5.0825202!16s%2Fg%2F11h0z564n5!19sChIJVTUi4_9h7UcRhhpXxK_OIro?authuser=0&hl=fr&rclk=1,Expert Etanch,Entrepreneur spécialisé dans l'isolation,·,09 83 71 44 67,https://www.expert-etanch.fr/contact,"3,1",-7
https://www.google.com/maps/place/Adibat+21/data=!4m7!3m6!1s0x47f29c85c272d62b:0x623c92bb53b648bd!8m2!3d47.2777367!4d5.0089781!16s%2Fg%2F1tqtx6nx!19sChIJK9ZywoWc8kcRvUi2U7uSPGI?authuser=0&hl=fr&rclk=1,Adibat 21,Entrepreneur spécialisé dans l'isolation,756 Rue des Vignes Dardelain,03 80 52 24 13,http://www.adibat.com/,"4,9",-81
https://www.google.com/maps/place/MTM/data=!4m7!3m6!1s0x47f29c4463a5958b:0x37b95c65aa34a48d!8m2!3d47.2856334!4d5.0173962!16s%2Fg%2F1tglm79k!19sChIJi5WlY0Sc8kcRjaQ0qmVcuTc?authuser=0&hl=fr&rclk=1,MTM,Atelier de métallerie,·,03 80 52 14 15,https://www.mtm21.com/,"4,6",-89
https://www.google.com/maps/place/BARILLET+Dijon/data=!4m7!3m6!1s0x47f29c6f0e03248b:0x38be7db8d5cf7400!8m2!3d47.2742393!4d5.0141215!16s%2Fg%2F11f3n2f3q5!19sChIJiyQDDm-c8kcRAHTP1bh9vjg?authuser=0&hl=fr&rclk=1,BARILLET Dijon,Négociant en bois,·,03 80 52 21 23,https://www.barillet-distribution.fr/agence/dijon?utm_source=gmb,"4,3",-20
https://www.google.com/maps/place/MURPROTEC+DIJON/data=!4m7!3m6!1s0x47f29f7bd853e1a5:0x30e445d8fb8ad8f5!8m2!3d47.298138!4d5.068447!16s%2Fg%2F11fnwyctnf!19sChIJpeFT2Huf8kcR9diK-9hF5DA?authuser=0&hl=fr&rclk=1,MURPROTEC DIJON,Centre de diagnostic,23 Rue René Coty,03 80 65 21 18,https://www.google.com/aclk?sa=L&ai=DChsSEwjq_uXeg76UAxVmmmgJHfQNOycYACICCAEQAhoCd2Y&co=1&ase=2&gclid=CjwKCAjwq6DQBhBVEiwA4ZD5XL3PZdbsWbLtl7OaxP_KAeOx0_pVIbOHqsPaILH8o-GScEBmXndWxBoCodUQAvD_BwE&cce=2&category=acrcp_v1_32&sig=AOD64_0wW9UQZQxYr9IyY9Ve4-4jY3P6lQ&adurl&q&ctype=99&nis=6,"4,9",-325
https://www.google.com/maps/place/Esyom/data=!4m7!3m6!1s0x47f29c5e86dd53a9:0xb2d9ab4791a6a5eb!8m2!3d47.279348!4d5.022902!16s%2Fg%2F11c2mzlkwp!19sChIJqVPdhl6c8kcR66WmkUer2bI?authuser=0&hl=fr&rclk=1,Esyom,Constructeur de maisons personnalisées,49 Rue en Charmois,03 80 43 37 55,https://www.google.com/aclk?sa=L&ai=DChsSEwjq_uXeg76UAxVmmmgJHfQNOycYACICCAEQBBoCd2Y&co=1&ase=2&gclid=CjwKCAjwq6DQBhBVEiwA4ZD5XBLBfg21s-4XJOx1X_0tZcPtv7UK25COho1uB-dYKekJIha4kICI9RoCdUwQAvD_BwE&cce=2&category=acrcp_v1_32&sig=AOD64_2Te_hhpD3ZNvmyYvbva6JqeYrZ0w&adurl&q&ctype=99&nis=6,"4,9",-53
https://www.google.com/maps/place/Cadiou+Couverture+%28couvreur+Dijon+21%29/data=!4m7!3m6!1s0x47f29fbd1da05cb5:0xf5ccc625a15eb06f!8m2!3d47.2765408!4d5.1167589!16s%2Fg%2F11rtm43_wf!19sChIJtVygHb2f8kcRb7BeoSXGzPU?authuser=0&hl=fr&rclk=1,Cadiou Couverture (couvreur Dijon 21),Couvreur,5 Rue Alexandra David Neel,06 33 21 18 68,https://www.facebook.com/profile.php?id=100077162592218&sk=about,"4,8",-17
https://www.google.com/maps/place/21+Toitures/data=!4m7!3m6!1s0x47f29de409308021:0xdc2aba2351f9bc2e!8m2!3d47.305444!4d5.024378!16s%2Fg%2F1v6wnnqp!19sChIJIYAwCeSd8kcRLrz5USO6Ktw?authuser=0&hl=fr&rclk=1,21 Toitures,Couvreur,13 Rue de Marsannay-la-Côte,03 80 39 77 20,https://www.21toitures.com/,"4,9",-124
https://www.google.com/maps/place/Matebois+-+Barillet+Dijon/data=!4m7!3m6!1s0x47f29c4fc3c6e1b3:0x32d92404380c43f0!8m2!3d47.2744851!4d5.0137712!16s%2Fg%2F11gy1c9_86!19sChIJs-HGw0-c8kcR8EMMOAQk2TI?authuser=0&hl=fr&rclk=1,Matebois - Barillet Dijon,Négociant en bois,3 bis Rue des Herbiottes,03 80 52 21 23,https://www.barillet-distribution.fr/agence/dijon?utm_source=gmb,"3,7",-3
https://www.google.com/maps/place/F.T+Couverture+R%C3%A9novation+%C3%A0+Dijon+-+Couvreur+21+:+R%C3%A9paration+Nettoyage+D%C3%A9pannage+Fuites+Remplacement+Toiture+C%C3%B4te-d%27Or/data=!4m7!3m6!1s0x47ed63213df8e085:0x44697b1838f9eeb7!8m2!3d47.3712668!4d5.0509537!16s%2Fg%2F11r_thr4dz!19sChIJheD4PSFj7UcRt-75OBh7aUQ?authuser=0&hl=fr&rclk=1,F.T Couverture Rénovation à Dijon - Couvreur 21 : Réparation Nettoyage Dépannage Fuites Remplacement Toiture Côte-d'Or,Couvreur,200 Rte de Langres,06 40 73 26 10,https://www.ft-couverturerenovation.fr/,5,-10
https://www.google.com/maps/place/Moyse+3D+:+R%C3%A9novation+et+am%C3%A9nagements+ext%C3%A9rieurs/data=!4m7!3m6!1s0x47f29c68928d3877:0x412f2788d5f8b14b!8m2!3d47.2786385!4d5.0186189!16s%2Fg%2F11g0jd74sf!19sChIJdziNkmic8kcRS7H41YgnL0E?authuser=0&hl=fr&rclk=1,Moyse 3D : Rénovation et aménagements extérieurs,Entrepreneur spécialisé dans l'isolation,·,03 80 52 89 45,https://moyse3d.fr/amenagement-renovation-maison-dijon/,"4,6",-29
https://www.google.com/maps/place/ATTILA+Dijon+Nord/data=!4m7!3m6!1s0x47ed61fccb844693:0xe196e5b6f5cad808!8m2!3d47.3377322!4d5.100993!16s%2Fg%2F11y4lq8cxg!19sChIJk0aEy_xh7UcRCNjK9bblluE?authuser=0&hl=fr&rclk=1,ATTILA Dijon Nord,Couvreur,3 Rue de la Goulette,03 92 03 00 66,https://www.attila.fr/nos-agences/attila-dijon-nord,"4,8",-19
https://www.google.com/maps/place/EB+C%C3%B4te+D%27Or+R%C3%A9novation/data=!4m7!3m6!1s0x47f29d42c979b823:0x58e8f9b677377594!8m2!3d47.4655671!4d4.7919769!16s%2Fg%2F11rj65mfgc!19sChIJI7h5yUKd8kcRlHU3d7b56Fg?authuser=0&hl=fr&rclk=1,EB Côte D'Or Rénovation,Couvreur,·,06 10 85 23 00,https://cotedorrenovation.wixsite.com/accueil,5,-140
https://www.google.com/maps/place/Soci%C3%A9t%C3%A9+Nouvelle+Prestibat/data=!4m7!3m6!1s0x47ed621535428e03:0xc10b1372673bf077!8m2!3d47.2946114!4d5.0195463!16s%2Fg%2F11b6dpvp3v!19sChIJA45CNRVi7UcRd_A7Z3ITC8E?authuser=0&hl=fr&rclk=1,Société Nouvelle Prestibat,Peintre en bâtiment,13 Rue du Moulin Bernard,06 17 47 62 78,https://www.prestibatsn.com/,3,-4
https://www.google.com/maps/place/FACE+Bourgogne-Franche-Comt%C3%A9/data=!4m7!3m6!1s0x47ed61005a4df199:0xf76941615d1d87e4!8m2!3d47.336737!4d5.108433!16s%2Fg%2F11l_4f8g29!19sChIJmfFNWgBh7UcR5IcdXWFBafc?authuser=0&hl=fr&rclk=1,FACE Bourgogne-Franche-Comté,Entreprise de construction,571 Rue Frédéric Lescure,03 79 57 05 15,https://www.face-sa.fr/,,
https://www.google.com/maps/place/C3B+Construction/data=!4m7!3m6!1s0x47ed6219467d7011:0x16e45e3bf76edef6!8m2!3d47.3575798!4d5.0266556!16s%2Fg%2F1tjysynr!19sChIJEXB9Rhli7UcR9t5u9zte5BY?authuser=0&hl=fr&rclk=1,C3B Construction,Entreprise de construction,·,03 80 66 65 10,http://www.c3b-construction.fr/,"4,2",-5
https://www.google.com/maps/place/Isolation+by+Tryba/data=!4m7!3m6!1s0x47f29f5445a0ceab:0xd287c0b83c48b240!8m2!3d47.3319498!4d5.0921868!16s%2Fg%2F11nsmj7stn!19sChIJq86gRVSf8kcRQLJIPLjAh9I?authuser=0&hl=fr&rclk=1,Isolation by Tryba,Entrepreneur spécialisé dans l'isolation,1160 Rte de Gray,03 67 80 62 98,https://www.isolationbytryba.fr/agence/isolation-by-tryba-a-saint-apollinaire-21/?utm_source=GMB&utm_medium=CTA-WEB&utm_campaign=IBTStApollinaire,5,-4
https://www.google.com/maps/place/Dod%C3%A9ca%C3%A8dre+charpente/data=!4m7!3m6!1s0x47ed4fbaa2934229:0x4dc9d21e579b4530!8m2!3d47.3257234!4d5.2881512!16s%2Fg%2F11hyygv401!19sChIJKUKTorpP7UcRMEWbVx7SyU0?authuser=0&hl=fr&rclk=1,Dodécaèdre charpente,Charpentier,4 allée de la Noue Champbey,06 72 77 85 17,http://www.dodecaedre-charpente.com/,"4,8",-21
https://www.google.com/maps/place/SARL+Cascarra+Fr%C3%A8res/data=!4m7!3m6!1s0xca162b5ce2a7e4d:0x63e174a16c38e961!8m2!3d47.4835416!4d5.1001665!16s%2Fg%2F11xn3ky2b5!19sChIJTX4qzrVioQwRYek4bKF04WM?authuser=0&hl=fr&rclk=1,SARL Cascarra Frères,Couvreur,·,06 07 50 80 37,https://www.cascarra-charpente-couverture.fr/,5,-3
https://www.google.com/maps/place/Reggiori+SARL/data=!4m7!3m6!1s0x47f29f7bdf15d76f:0x12ca4b13edea6c9f!8m2!3d47.2898595!4d5.1325346!16s%2Fg%2F11b6d029yz!19sChIJb9cV33uf8kcRn2zq7RNLyhI?authuser=0&hl=fr&rclk=1,Reggiori SARL,Charpentier,"Zone Industrielle Sud, 11 Imp. de la Margelle",03 80 46 10 32,http://www.reggiori.fr/,5,-1
https://www.google.com/maps/place/CouvertureBardage/data=!4m7!3m6!1s0x47f2ba180aa6e9bd:0x9f239af6c13a826e!8m2!3d47.1020919!4d5.2642495!16s%2Fg%2F11dxjk22yb!19sChIJvemmChi68kcRboI6wfaaI58?authuser=0&hl=fr&rclk=1,CouvertureBardage,Fournisseur de matériaux de construction,3 Pl. des Halles,09 67 47 48 20,http://www.couverturebardage.com/,5,-1
https://www.google.com/maps/place/Th%C3%A9venin+SA/data=!4m7!3m6!1s0x47f29f7b7d3e12a7:0x9316c51af5cd1a30!8m2!3d47.2863922!4d5.1346426!16s%2Fg%2F1tc__tqx!19sChIJpxI-fXuf8kcRMBrN9RrFFpM?authuser=0&hl=fr&rclk=1,Thévenin SA,Entrepreneur spécialisé dans l'isolation,63 Av. de Tavaux,02 38 41 74 00,http://www.thevenin.fr/,"3,3",-40
https://www.google.com/maps/place/BONGLET+Dijon/data=!4m7!3m6!1s0x47ed61e4b11540b3:0xd698c2a198828a7d!8m2!3d47.3444669!4d5.0711015!16s%2Fg%2F119vhdjl8!19sChIJs0AVseRh7UcRfYqCmKHCmNY?authuser=0&hl=fr&rclk=1,BONGLET Dijon,Peintre en bâtiment,18 Rue Champeau,03 80 71 18 81,https://particulier.bonglet.fr/?utm_source=gbp&utm_medium=organic&utm_campaign=agence-dijon,"3,1",-14
https://www.google.com/maps/place/TK21+COUVERTURE/data=!4m7!3m6!1s0x47f281c9dc1bed43:0x77891ae2d83ad332!8m2!3d47.3249603!4d4.795265!16s%2Fg%2F11stxnw1gw!19sChIJQ-0b3MmB8kcRMtM62OIaiXc?authuser=0&hl=fr&rclk=1,TK21 COUVERTURE,Couvreur,3 Rue de l'Église,06 25 36 49 16,https://www.tk21couverture.fr/,"4,8",-31
https://www.google.com/maps/place/Romain+Pierre+Couverture+SARL/data=!4m7!3m6!1s0x47f2a20e0575a3e5:0xafdd47083298d9f0!8m2!3d47.2920875!4d5.1484305!16s%2Fg%2F1th48r03!19sChIJ5aN1BQ6i8kcR8NmYMghH3a8?authuser=0&hl=fr&rclk=1,Romain Pierre Couverture SARL,Couvreur,1 Imp. des Forgerons,03 80 39 86 06,http://www.romain-pierre-couverture.fr/?utm_source=gmb,4,-30
https://www.google.com/maps/place/Le+Toit+de+Bourgogne/data=!4m7!3m6!1s0x47f29b337ff520f9:0x9b9b39e45b21ea70!8m2!3d47.2281933!4d4.9979425!16s%2Fg%2F11mk905g9y!19sChIJ-SD1fzOb8kcRcOohW-Q5m5s?authuser=0&hl=fr&rclk=1,Le Toit de Bourgogne,Couvreur,26 All. des Droits de l'Homme,06 07 81 32 84,,5,-4
https://www.google.com/maps/place/L%27Art+du+Toit/data=!4m7!3m6!1s0x47ed5dd25477dfab:0x8ddc765972ba625d!8m2!3d47.3673691!4d5.1817986!16s%2Fg%2F1tkjkjk9!19sChIJq993VNJd7UcRXWK6cll23I0?authuser=0&hl=fr&rclk=1,L'Art du Toit,Entrepreneur spécialisé dans l'isolation,7 Rue Des Savelles,09 77 80 95 06,https://lartdutoit.fr/,"2,9",-8
https://www.google.com/maps/place/Le+Petit+Couvreur/data=!4m7!3m6!1s0x47ed61e71b39f59f:0x79861f11fbbc5770!8m2!3d47.3433319!4d5.0794617!16s%2Fg%2F11gfp4drr1!19sChIJn_U5G-dh7UcRcFe8-xEfhnk?authuser=0&hl=fr&rclk=1,Le Petit Couvreur,Entrepreneur spécialisé dans l'isolation,2 Rue de l'Yser,06 81 67 74 41,http://www.lepetit-couvreur.fr/,"4,4",-10
https://www.google.com/maps/place/Couverture+d%27Hier+et+d%27Aujourd%27hui/data=!4m7!3m6!1s0x47ed763b65e0c85b:0x47659021d41c812e!8m2!3d48.1626698!4d5.5386941!16s%2Fg%2F1tdy3tbc!19sChIJW8jgZTt27UcRLoEc1CGQZUc?authuser=0&hl=fr&rclk=1,Couverture d'Hier et d'Aujourd'hui,Entrepreneur spécialisé dans l'isolation,·,03 80 43 61 20,https://couverture-dijon.jimdo.com/,"3,9",-7
https://www.google.com/maps/place/C.E.M.+Charpente+Escalier+Menuiserie/data=!4m7!3m6!1s0x47f29ff77399c10f:0x4afe0ffdbd2b317c!8m2!3d47.323058!4d5.1418905!16s%2Fg%2F1td41v6v!19sChIJD8GZc_ef8kcRfDErvf0P_ko?authuser=0&hl=fr&rclk=1,C.E.M. Charpente Escalier Menuiserie,Charpentier,30 Rue des Mardors,03 80 47 58 18,https://www.cem21.fr/,"3,5",-6
https://www.google.com/maps/place/SAS+L.A.+CHARPENTE/data=!4m7!3m6!1s0x47f2a34071107c55:0xd5050065606c2295!8m2!3d47.1955912!4d5.4176925!16s%2Fg%2F11g0hsz6_f!19sChIJVXwQcUCj8kcRlSJsYGUABdU?authuser=0&hl=fr&rclk=1,SAS L.A. CHARPENTE,Entrepreneur spécialisé dans l'isolation,65 Rue de Moissey,07 82 38 37 14,https://lacharpente21.fr/,5,-18
https://www.google.com/maps/place/MS+Couverture+Zinguerie/data=!4m7!3m6!1s0x47f281c5d55870a1:0xc2ef03ee19695137!8m2!3d47.3132168!4d4.8606683!16s%2Fg%2F11fkyy2qb2!19sChIJoXBY1cWB8kcRN1FpGe4D78I?authuser=0&hl=fr&rclk=1,MS Couverture Zinguerie,Couvreur,9 Rue du Moulin,07 86 93 17 72,https://www.facebook.com/MScouverturezinguerie/,5,-7
https://www.google.com/maps/place/Lucand+Jean-Pierre+Sarl/data=!4m7!3m6!1s0x47f29c5dda982ad1:0xa7b09ba84be42b86!8m2!3d47.2739782!4d5.005782!16s%2Fg%2F1tf_0f1k!19sChIJ0SqY2l2c8kcRhivkS6ibsKc?authuser=0&hl=fr&rclk=1,Lucand Jean-Pierre Sarl,Peintre en bâtiment,265 Rue des Vignes Dardelain,03 80 51 43 29,http://www.lucand.fr/,"4,4",-7
https://www.google.com/maps/place/Garnier+couverture/data=!4m7!3m6!1s0x439be75a6495bfa3:0xfb200ef8454f5c45!8m2!3d47.1864856!4d4.9444482!16s%2Fg%2F11wx103fzt!19sChIJo7-VZFrnm0MRRVxPRfgOIPs?authuser=0&hl=fr&rclk=1,Garnier couverture,Couvreur,·,06 73 83 75 87,,5,-7
https://www.google.com/maps/place/Capeb+C%C3%B4te+d%27Or/data=!4m7!3m6!1s0x47f29c4ca97eb653:0xa2b71c996bce2cf0!8m2!3d47.2995184!4d5.0232698!16s%2Fg%2F1thf7xgh!19sChIJU7Z-qUyc8kcR8CzOa5kct6I?authuser=0&hl=fr&rclk=1,Capeb Côte d'Or,Syndicat,·,03 80 52 81 80,https://www.capeb.fr/,5,-14
https://www.google.com/maps/place/1+PEK/data=!4m7!3m6!1s0x47f29d59104cfccf:0xb2d84dfaad42795!8m2!3d47.3403422!4d5.1042641!16s%2Fg%2F1tzvvx8c!19sChIJz_xMEFmd8kcRlSfUqt-ELQs?authuser=0&hl=fr&rclk=1,1 PEK,Service de nettoyage et d'entretien,·,03 80 43 27 51,http://www.nettoyage-dijon.fr/,"4,5",-29
https://www.google.com/maps/place/MastFlow+Services/data=!4m7!3m6!1s0x2662e936e12f1b87:0x3833fa79eb7b3c50!8m2!3d47.3049798!4d5.0114917!16s%2Fg%2F11mc_06g5v!19sChIJhxsv4TbpYiYRUDx763n6Mzg?authuser=0&hl=fr&rclk=1,MastFlow Services,Travaux généraux,6 Rue Léo Lagrange,06 16 34 41 66,,5,-1
https://www.google.com/maps/place/CABETE+FACADES+N%C3%AEmes/data=!4m7!3m6!1s0x12b42d27b022a937:0xe21c3dcf329d62f6!8m2!3d43.811618!4d4.317501!16s%2Fg%2F11x34hgmps!19sChIJN6kisCcttBIR9mKdMs89HOI?authuser=0&hl=fr&rclk=1,CABETE FACADES Nîmes,Façadier,115 Avenue Pavlov,04 48 21 05 05,https://www.google.com/aclk?sa=L&ai=DChsSEwiYz7H-g76UAxU3X0ECHdpOBLIYACICCAEQABoCd3M&co=1&ase=2&gclid=CjwKCAjwq6DQBhBVEiwA4ZD5XNSxAkkbpAZd2CxYGiEcIvgRSwY-7vlOt79pUKY278Kytf4lJt12-xoCbbwQAvD_BwE&cce=2&category=acrcp_v1_32&sig=AOD64_2ZbyuJmE2e5-vqAVG1IXiYrMpbGQ&adurl&q&ctype=99&nis=6,,
https://www.google.com/maps/place/Artisan+toiture+-+Couvreur+Zingueur+-+Adrien+RAMES+-+Nimes+%2830%29/data=!4m7!3m6!1s0x12b42fe89df0f433:0x108a721bd14b31f1!8m2!3d43.820086!4d4.300583!16s%2Fg%2F11nccxk1wm!19sChIJM_TwnegvtBIR8TFL0RtyihA?authuser=0&hl=fr&rclk=1,Artisan toiture - Couvreur Zingueur - Adrien RAMES - Nimes (30),Couvreur,300 Chemin du Mas de Vedelin,06 12 95 72 34,https://www.google.com/aclk?sa=L&ai=DChsSEwiYz7H-g76UAxU3X0ECHdpOBLIYACICCAEQCBoCd3M&co=1&ase=2&gclid=CjwKCAjwq6DQBhBVEiwA4ZD5XEM0sCeUrf6BpXQt8yWaJARoLuCl6pnmv4luIc5QQl7Ia0Z2GEdCEhoCdFUQAvD_BwE&cce=2&category=acrcp_v1_32&sig=AOD64_1-xAqgbx_1juqvz9I4wAfKTOzyRg&adurl&q&ctype=99&nis=6,5,-48
"https://www.google.com/maps/place/Couverture+%C3%89tanch%C3%A9it%C3%A9,+Rayan/data=!4m7!3m6!1s0x12b5d36d65231071:0xa271e7cc6b717f2!8m2!3d43.8101224!4d4.3804679!16s%2Fg%2F11b6d2n8ns!19sChIJcRAjZW3TtRIR8he3xnweJwo?authuser=0&hl=fr&rclk=1","Couverture Étanchéité, Rayan",Couvreur,1433 Chem. du Bachas,06 63 19 59 40,https://xn--couverture-tanchit-rayan-lfcfc.com/,"4,7",-72
https://www.google.com/maps/place/LJR+Couverture+-+N%C3%8EMES+LOPES+%F0%9F%8F%A0/data=!4m7!3m6!1s0x12b42d33b1d44ec3:0x387698a7f31ff54f!8m2!3d43.8336023!4d4.3944101!16s%2Fg%2F11c2l422_0!19sChIJw07UsTMttBIRT_Uf86eYdjg?authuser=0&hl=fr&rclk=1,LJR Couverture - NÎMES LOPES 🏠,Couvreur,Av. Robert Bompard,06 31 50 42 83,http://toituresgard.fr/,"4,9",-59
https://www.google.com/maps/place/Ponsard+%26+fils+B%C3%A2timent/data=!4m7!3m6!1s0x41254f11c71bea07:0x50058789764a28b4!8m2!3d43.8069406!4d4.3833543!16s%2Fg%2F11xff34gl4!19sChIJB-obxxFPJUERtChKdomHBVA?authuser=0&hl=fr&rclk=1,Ponsard & fils Bâtiment,Façadier,607 Imp. des Orchidées,06 11 88 48 78,https://ponsardbatiment.fr/,5,-87
https://www.google.com/maps/place/Sud+Etanch%C3%A9it%C3%A9/data=!4m7!3m6!1s0x12b5d2c06b908a4f:0x5b7d95b828888545!8m2!3d43.8349282!4d3.6925626!16s%2Fg%2F1tf2pdvh!19sChIJT4qQa8DStRIRRYWIKLiVfVs?authuser=0&hl=fr&rclk=1,Sud Etanchéité,Entreprise d'étanchéité,·,04 66 27 22 07,http://sud-etancheite-nimes.com/,"3,5",-14
https://www.google.com/maps/place/SOPREMA+Entreprises+et+services+SOPRASSISTANCE/data=!4m7!3m6!1s0x12b5cd81a110da67:0x487aa7d9046d9993!8m2!3d43.8613182!4d4.4412424!16s%2Fg%2F1thjqnxz!19sChIJZ9oQoYHNtRIRk5ltBNmnekg?authuser=0&hl=fr&rclk=1,SOPREMA Entreprises et services SOPRASSISTANCE,Entrepreneur spécialisé dans l'isolation,·,04 66 75 51 64,https://www.soprema-entreprises.fr/entite/agence/entreprise-etancheite-nimes/?utm_source=gmb,"4,8",-26
https://www.google.com/maps/place/Artisan+toiture+-+Couvreur+Zingueur+-+Adrien+RAMES+-+Nimes+%2830%29/data=!4m7!3m6!1s0x12b42fe89df0f433:0x108a721bd14b31f1!8m2!3d43.820086!4d4.3005831!16s%2Fg%2F11nccxk1wm!19sChIJM_TwnegvtBIR8TFL0RtyihA?authuser=0&hl=fr&rclk=1,Artisan toiture - Couvreur Zingueur - Adrien RAMES - Nimes (30),Couvreur,300 Chem. du Mas de Vedelin,06 12 95 72 34,https://rames-couvreur-nimes.fr/,5,-48
https://www.google.com/maps/place/Au+Fil+des+toits+N%C3%AEmes/data=!4m7!3m6!1s0x12b42c38b6448125:0x7caf2dedc69a8e3e!8m2!3d43.8515922!4d4.404754!16s%2Fg%2F1hm5d8ny2!19sChIJJYFEtjgstBIRPo6axu0tr3w?authuser=0&hl=fr&rclk=1,Au Fil des toits Nîmes,Entrepreneur spécialisé dans l'isolation,·,04 66 64 73 19,https://aufildestoits.fr/professionnels/nimes-couvreur-reparation-toiture/,"4,8",-94
https://www.google.com/maps/place/Extr%C3%AAmes+Fa%C3%A7ades/data=!4m7!3m6!1s0x12b42c2241d55b03:0xe3775c2136903ddc!8m2!3d43.8067384!4d4.3212023!16s%2Fg%2F1x6n4bxv!19sChIJA1vVQSIstBIR3D2QNiFcd-M?authuser=0&hl=fr&rclk=1,Extrêmes Façades,Façadier,3214 Rte de Montpellier,04 66 23 81 78,http://www.extremes-facades.fr/,"4,7",-82
https://www.google.com/maps/place/DELPORTE+couvreur%2Fzingueur/data=!4m7!3m6!1s0x12b42dd08af9ed1d:0xb60c2916f23ac32c!8m2!3d43.8050474!4d4.3489923!16s%2Fg%2F11fmwsjgz3!19sChIJHe35itAttBIRLMM68hYpDLY?authuser=0&hl=fr&rclk=1,DELPORTE couvreur/zingueur,Couvreur,267 Imp. de Sous/font Dame,06 19 24 17 50,https://www.artdelporte-toiture.fr/,5,-8
https://www.google.com/maps/place/SB+Toiture/data=!4m7!3m6!1s0x12b42d1f4ad473c7:0x84f45f3fc2c730ff!8m2!3d43.8268521!4d4.3760963!16s%2Fg%2F11y2cr2d2z!19sChIJx3PUSh8ttBIR_zDHwj9f9IQ?authuser=0&hl=fr&rclk=1,SB Toiture,Couvreur,97 Av. Pierre Mendès France,06 71 12 78 50,,5,-1
https://www.google.com/maps/place/Pratlong+Toitures/data=!4m7!3m6!1s0x12b42e74c37fcf27:0x947740d7fcebab2!8m2!3d43.8502435!4d4.3455679!16s%2Fg%2F1tg2gkgh!19sChIJJ89_w3QutBIRsrrOfw10Rwk?authuser=0&hl=fr&rclk=1,Pratlong Toitures,Couvreur,·,04 66 23 57 71,http://www.pratlong-toitures-couvertures-charpentes.fr/?utm_source=gmb,"4,6",-9
https://www.google.com/maps/place/France+Revet+GARD/data=!4m7!3m6!1s0x12b42d863cf47265:0x2b47d134562357ca!8m2!3d43.8418894!4d4.3943985!16s%2Fg%2F11fk4l6fz8!19sChIJZXL0PIYttBIRylcjVjTRRys?authuser=0&hl=fr&rclk=1,France Revet GARD,Entrepreneur spécialisé dans l'isolation,Rue de Grezan,04 84 14 04 42,http://www.france-revet-gard.fr/,"4,6",-9
https://www.google.com/maps/place/Constructions+M%C3%A9talliques+du+Sud/data=!4m7!3m6!1s0x12b42c37b611944f:0x434e537cac5b5c2c!8m2!3d43.8160584!4d4.3345726!16s%2Fg%2F11b6dtcfq4!19sChIJT5QRtjcstBIRLFxbrHxTTkM?authuser=0&hl=fr&rclk=1,Constructions Métalliques du Sud,Charpentier,1950 Av. Marechal Juin,04 66 67 39 21,http://constructions-metalliques-sud.fr/,,
https://www.google.com/maps/place/Lariviere/data=!4m7!3m6!1s0x12b42c280def16af:0x2988304f8eb4aeba!8m2!3d43.815609!4d4.316314!16s%2Fg%2F1tf89s42!19sChIJrxbvDSgstBIRuq60jk8wiCk?authuser=0&hl=fr&rclk=1,Lariviere,Magasin de materiaux de construction,·,04 66 38 93 83,https://www.lariviere.fr/trouver-votre-agence/lariviere-SEB/entry-432-lariviere-nimes.html,"4,3",-29
https://www.google.com/maps/place/BATI+PLUS/data=!4m7!3m6!1s0x12b42da4243031e7:0x5c3ffd8247f9e159!8m2!3d43.8356201!4d4.351186!16s%2Fg%2F1w1410nc!19sChIJ5zEwJKQttBIRWeH5R4L9P1w?authuser=0&hl=fr&rclk=1,BATI PLUS,Entreprise de construction,17 Bis Av. Jean Jaurès,04 66 67 81 18,https://www.batiplus-batiment.com/,"4,1",-16
https://www.google.com/maps/place/Eiffage+Route+-+Agence+de+N%C3%AEmes/data=!4m7!3m6!1s0x12b42d3723bcf53d:0x5fce65a472c61625!8m2!3d43.8362801!4d4.3898942!16s%2Fg%2F1tlx8fj9!19sChIJPfW8IzcttBIRJRbGcqRlzl8?authuser=0&hl=fr&rclk=1,Eiffage Route - Agence de Nîmes,Société de travaux publics,·,04 66 28 22 22,https://www.eiffageroute.com/,"3,5",-22
https://www.google.com/maps/place/M%C3%A9tamorphose+Toit+%E2%80%93+Couvreur+Facadier+N%C3%AEmes/data=!4m7!3m6!1s0x12b42dbc18649083:0xa7b663f1db793925!8m2!3d43.8064097!4d4.3268653!16s%2Fg%2F11jsph_4dd!19sChIJg5BkGLwttBIRJTl52_Fjtqc?authuser=0&hl=fr&rclk=1,Métamorphose Toit – Couvreur Facadier Nîmes,Entrepreneur spécialisé dans l'isolation,·,04 48 06 50 70,https://www.metamorphose-toit.fr/,"4,9",-51
https://www.google.com/maps/place/SARL+VIGNE+B%C3%82TIMENT+-+Entreprise+de+ma%C3%A7onnerie+Nimes/data=!4m7!3m6!1s0x12b42dbceccf767d:0x781a63241f894762!8m2!3d43.8386338!4d4.3447349!16s%2Fg%2F11b6d41gf6!19sChIJfXbP7LwttBIRYkeJHyRjGng?authuser=0&hl=fr&rclk=1,SARL VIGNE BÂTIMENT - Entreprise de maçonnerie Nimes,Maçon,6 Rue du Rem Romain,04 34 39 02 75,https://www.vigne-batiment.fr/,5,-12
https://www.google.com/maps/place/Jab+R%C3%A9alisation/data=!4m7!3m6!1s0x12b42c28e25c2887:0x360847d321398028!8m2!3d43.8178986!4d4.3193393!16s%2Fg%2F1tjpgtgl!19sChIJhyhc4igstBIRKIA5IdNHCDY?authuser=0&hl=fr&rclk=1,Jab Réalisation,Entreprise de terrassement,·,04 66 64 43 21,http://www.jabrealisation.com/,"3,5",-4
https://www.google.com/maps/place/Couverture+Charpentes+Pratlong/data=!4m7!3m6!1s0x12b42e74c37fcf27:0x7babf3986357a0!8m2!3d43.867512!4d4.3158289!16s%2Fg%2F1tp68lpg!19sChIJJ89_w3QutBIRoFdjmPOrewA?authuser=0&hl=fr&rclk=1,Couverture Charpentes Pratlong,Couvreur,186 Rue de Sauve,06 08 71 24 39,https://www.couverture-charpente-nimes.fr/,"3,7",-3
https://www.google.com/maps/place/CABETE+FACADES+N%C3%AEmes/data=!4m7!3m6!1s0x12b42d27b022a937:0xe21c3dcf329d62f6!8m2!3d43.811618!4d4.317501!16s%2Fg%2F11x34hgmps!19sChIJN6kisCcttBIR9mKdMs89HOI?authuser=0&hl=fr&rclk=1,CABETE FACADES Nîmes,Façadier,115 Avenue Pavlov,04 48 21 05 05,https://www.google.com/aclk?sa=L&ai=DChsSEwjdtOqEhL6UAxUnfkECHSquFCUYACICCAEQBBoCd3M&co=1&ase=2&gclid=CjwKCAjwq6DQBhBVEiwA4ZD5XICWVjdT-Jhdz5cEtsZyiP0Ee7IjAR2Tr6X_H0Yt0cQZiydoEsuNSRoC8IwQAvD_BwE&cce=2&category=acrcp_v1_32&sig=AOD64_3wN9GczkxkyH7OJ_fQOhsGaGFVVw&adurl&q&ctype=99&nis=6,,
https://www.google.com/maps/place/Artisan+toiture+-+Couvreur+Zingueur+-+Adrien+RAMES+-+Nimes+%2830%29/data=!4m7!3m6!1s0x12b42fe89df0f433:0x108a721bd14b31f1!8m2!3d43.820086!4d4.300583!16s%2Fg%2F11nccxk1wm!19sChIJM_TwnegvtBIR8TFL0RtyihA?authuser=0&hl=fr&rclk=1,Artisan toiture - Couvreur Zingueur - Adrien RAMES - Nimes (30),Couvreur,300 Chemin du Mas de Vedelin,06 12 95 72 34,https://www.google.com/aclk?sa=L&ai=DChsSEwjdtOqEhL6UAxUnfkECHSquFCUYACICCAEQBxoCd3M&co=1&ase=2&gclid=CjwKCAjwq6DQBhBVEiwA4ZD5XDwArBMQ1c4V8w3diIPhluugoJ5ZQF0jM2uIzMzQyVsKuULDB1EHyBoCmEsQAvD_BwE&cce=2&category=acrcp_v1_32&sig=AOD64_3bHn1fqt_3tjFpG1NKJfRcF0vJrQ&adurl&q&ctype=99&nis=6,5,-48
https://www.google.com/maps/place/Mcn+Renovation/data=!4m7!3m6!1s0x12b42e804dc40c97:0x14ecb30429722cb1!8m2!3d43.8223951!4d4.3135936!16s%2Fg%2F1tfdhr8r!19sChIJlwzETYAutBIRsSxyKQSz7BQ?authuser=0&hl=fr&rclk=1,Mcn Renovation,Peintre en bâtiment,112 Chem. du Saut du Lièvre,06 60 35 82 63,https://www.mcn-renovation.fr/,"4,3",-6
https://www.google.com/maps/place/Forestier+Sarl/data=!4m7!3m6!1s0x12b42c2dbdcf6bf9:0x2fafb49d320a2980!8m2!3d43.8206879!4d4.324687!16s%2Fg%2F1tmg8lzl!19sChIJ-WvPvS0stBIRgCkKMp20ry8?authuser=0&hl=fr&rclk=1,Forestier Sarl,Charpentier,1110 Av. du Dr Fleming,04 66 64 53 19,http://www.forestiersarl.fr/,"4,5",-2
https://www.google.com/maps/place/Point.P+-+N%C3%AEmes/data=!4m7!3m6!1s0x12b42d26b7feb391:0x7f8b719b1376f6a3!8m2!3d43.8253215!4d4.3826551!16s%2Fg%2F1q2w8kc0w!19sChIJkbP-tyYttBIRo_Z2E5txi38?authuser=0&hl=fr&rclk=1,Point.P - Nîmes,Magasin de materiaux de construction,·,04 66 04 81 81,https://www.pointp.fr/infos-agence/nimes-point-p-3415,"4,1",-235
"https://www.google.com/maps/place/Masclaux+Toiture+-+Charpentier,+Couvreur,+Zingueur+-+N%C3%AEmes,+Al%C3%A8s,+Uz%C3%A8s/data=!4m7!3m6!1s0x12b43b1f6c43d66b:0xb93e593f191bd917!8m2!3d43.9428155!4d4.0798688!16s%2Fg%2F11c209rvfj!19sChIJa9ZDbB87tBIRF9kbGT9ZPrk?authuser=0&hl=fr&rclk=1","Masclaux Toiture - Charpentier, Couvreur, Zingueur - Nîmes, Alès, Uzès",Charpentier,route de Quissac,04 66 35 19 43,https://www.masclauxtoiture.fr/,"4,9",-17
https://www.google.com/maps/place/Contractant+G%C3%A9n%C3%A9ral+Rare+Habitat/data=!4m7!3m6!1s0x12b42dcf05e27637:0xd440b2d0af97921d!8m2!3d43.8314519!4d4.3285808!16s%2Fg%2F11dxqjt0qm!19sChIJN3biBc8ttBIRHZKXr9CyQNQ?authuser=0&hl=fr&rclk=1,Contractant Général Rare Habitat,Entreprise de construction,·,04 66 76 10 95,https://www.rare-habitat.com/,,
https://www.google.com/maps/place/Leroy+Merlin+N%C3%AEmes/data=!4m7!3m6!1s0x12b42c509ca5632d:0xf4f59f138af78afc!8m2!3d43.8128377!4d4.3506349!16s%2Fg%2F1tfhwggy!19sChIJLWOlnFAstBIR_Ir3ihOf9fQ?authuser=0&hl=fr&rclk=1,Leroy Merlin Nîmes,Magasin de materiaux de construction,·,04 66 04 39 39,https://www.leroymerlin.fr/magasins/nimes.html,"3,8",-5 182
https://www.google.com/maps/place/SAS+M.A.+Couverture/data=!4m7!3m6!1s0x12b5d3769809045b:0xb37b99cdabe1aff5!8m2!3d43.8028324!4d4.4333576!16s%2Fg%2F11kpqg2phr!19sChIJWwQJmHbTtRIR9a_hq82Ze7M?authuser=0&hl=fr&rclk=1,SAS M.A. Couverture,Couvreur,3 Rue Jacqueline Auriol,06 29 38 35 75,http://www.facebook.com/morignyalex?utm_source=gmb,"4,9",-18
https://www.google.com/maps/place/ECP+%C3%89TANCH%C3%89IT%C3%89:+%C3%89tancheur+bardage+recherche+fuites+toiture+terrasse+r%C3%A9paration+travaux+tuiles+GARD+VAUCLUSE+N%C3%8EMES+MILHAUD/data=!4m7!3m6!1s0x12b427d013b59465:0xd42a0c4fa349daa7!8m2!3d43.7424648!4d4.2241051!16s%2Fg%2F11bx2lmy05!19sChIJZZS1E9AntBIRp9pJo08MKtQ?authuser=0&hl=fr&rclk=1,ECP ÉTANCHÉITÉ: Étancheur bardage recherche fuites toiture terrasse réparation travaux tuiles GARD VAUCLUSE NÎMES MILHAUD,Entrepreneur spécialisé dans l'isolation,30 Rue des Mimosas,06 72 30 37 51,,"4,2",-9
https://www.google.com/maps/place/Fa%C3%A7ades+Languedociennes+Laasri/data=!4m7!3m6!1s0x12b420a41130effb:0xf676b6cb6c0b7!8m2!3d43.7510873!4d4.2602114!16s%2Fg%2F1tctzm6h!19sChIJ--8wEaQgtBIRt8C2bGtnDwA?authuser=0&hl=fr&rclk=1,Façades Languedociennes Laasri,Façadier,153 Av. Robert de Joly R1 - PORTE 102,04 66 77 29 35,http://www.facades-languedociennes.com/,"4,6",-22
"https://www.google.com/maps/place/Sud+M%C3%A9tal+Provence+-+Si%C3%A8ge+Social+-+Fournisseur+Acier,+Inox,+Alu/data=!4m7!3m6!1s0x12b5d2ea7407fcb1:0xd228de99b448105c!8m2!3d43.750016!4d4.4258152!16s%2Fg%2F11bzvdzk5d!19sChIJsfwHdOrStRIRXBBItJneKNI?authuser=0&hl=fr&rclk=1","Sud Métal Provence - Siège Social - Fournisseur Acier, Inox, Alu",Entreprise de transformation des métaux,·,04 66 27 86 86,https://sudmetalprovence.com/,"3,4",-59
https://www.google.com/maps/place/Sarl+Castillo/data=!4m7!3m6!1s0x12b5cd829a64ffa5:0x51823b3b97a78afd!8m2!3d43.866151!4d4.43952!16s%2Fg%2F1td1m1kt!19sChIJpf9kmoLNtRIR_Yqnlzs7glE?authuser=0&hl=fr&rclk=1,Sarl Castillo,Entreprise de construction,·,,http://castillorenovation.fr/,"4,3",-7
https://www.google.com/maps/place/Charpentier+-+Mat%C3%A9co+Charpente/data=!4m7!3m6!1s0x12b44973b97fe9c9:0x85e0692660c68ada!8m2!3d44.0448519!4d4.3022642!16s%2Fg%2F11fss1s4dm!19sChIJyel_uXNJtBIR2orGYCZp4IU?authuser=0&hl=fr&rclk=1,Charpentier - Matéco Charpente,Charpentier,Rte de Gattigues,06 09 83 81 12,https://www.facebook.com/Charpentier-Ind%C3%A9pendant-Sermet-Lucas-2020731774659823/,5,-15
https://www.google.com/maps/place/Metallerie+Charpente+Du+Sud+MCS/data=!4m7!3m6!1s0x12b5cf3ddb66c5f5:0x46f930b80d0f2409!8m2!3d43.6898017!4d2.2591964!16s%2Fg%2F11rfdvnlxl!19sChIJ9cVm2z3PtRIRCSQPDbgw-UY?authuser=0&hl=fr&rclk=1,Metallerie Charpente Du Sud MCS,Entreprise de construction de charpente métallique,·,04 66 72 16 63,http://www.metallerie-charpente-sud.fr/,5,-2
https://www.google.com/maps/place/MURPROTEC+LE+MANS/data=!4m7!3m6!1s0x47e28f27eb643c6f:0xe38900286be49556!8m2!3d47.990342!4d0.206687!16s%2Fg%2F11gg67wwv_!19sChIJbzxk6yeP4kcRVpXkaygAieM?authuser=0&hl=fr&rclk=1,MURPROTEC LE MANS,Centre de diagnostic,81 Avenue Jean Jaurès,02 43 18 63 45,https://www.google.com/aclk?sa=L&ai=DChsSEwjMy76chL6UAxXUUEECHT3vLcEYACICCAEQABoCd3M&co=1&ase=2&gclid=CjwKCAjwq6DQBhBVEiwA4ZD5XM4ncsEbE5JzNz2h27j8cYuojrVr09Ad1JXP8XjzTtl-uaR08mkFihoC8cEQAvD_BwE&cce=2&category=acrcp_v1_32&sig=AOD64_0Y2TQESbyC_ksOUtf59uD9CEpw_w&adurl&q&ctype=99&nis=6,"4,5",-55
https://www.google.com/maps/place/MAISONS+SOCOREN+-+SDMI+LE+MANS+:+Constructeur+de+maisons+individuelles+dans+la+Sarthe/data=!4m7!3m6!1s0x47e2889a04ffae69:0x6e9d7b2d46a781c9!8m2!3d48.045493!4d0.170747!16s%2Fg%2F119wcrk3g!19sChIJaa7_BJqI4kcRyYGnRi17nW4?authuser=0&hl=fr&rclk=1,MAISONS SOCOREN - SDMI LE MANS : Constructeur de maisons individuelles dans la Sarthe,Constructeur de maisons personnalisées,Le bas Palluau,02 43 52 06 66,https://www.google.com/aclk?sa=L&ai=DChsSEwjMy76chL6UAxXUUEECHT3vLcEYACICCAEQBhoCd3M&co=1&ase=2&gclid=CjwKCAjwq6DQBhBVEiwA4ZD5XPpVx8nP51JAATrR-6HzVWaj44iK3upqtgWe6lMIusKfOwNgW5PksBoC6AsQAvD_BwE&cce=2&category=acrcp_v1_32&sig=AOD64_3ITydifJwLchqboN61WPkylrMFZA&adurl&q&ctype=99&nis=6,"4,1",-115
https://www.google.com/maps/place/BCF+Habitat+-+UNISO+-+Le+Mans/data=!4m7!3m6!1s0x47e28f3def8d0fd7:0x3d880877cf118c4b!8m2!3d47.980168!4d0.1938127!16s%2Fg%2F11c53020qz!19sChIJ1w-N7z2P4kcRS4wRz3cIiD0?authuser=0&hl=fr&rclk=1,BCF Habitat - UNISO - Le Mans,Entreprise de construction,·,02 43 01 36 71,https://www.bcfhabitat.fr/,"4,9",-30
https://www.google.com/maps/place/Dispano+Le+Mans/data=!4m7!3m6!1s0x47e28f79fc685fd5:0x56f642d5bca38499!8m2!3d47.9620425!4d0.1786975!16s%2Fg%2F1tcwf862!19sChIJ1V9o_HmP4kcRmYSjvNVC9lY?authuser=0&hl=fr&rclk=1,Dispano Le Mans,Négociant en bois,·,02 43 40 72 72,https://www.dispano.fr/infos-agence/le-mans-dispano-5913,"3,6",-45
https://www.google.com/maps/place/Mr+DELAGE+couvreur+Sarthe/data=!4m7!3m6!1s0x47e28f0b8721143b:0x2af05e836017b23e!8m2!3d47.9701799!4d0.2269392!16s%2Fg%2F11l6l291sf!19sChIJOxQhhwuP4kcRPrIXYINe8Co?authuser=0&hl=fr&rclk=1,Mr DELAGE couvreur Sarthe,Couvreur,94 Bd Jean Yves Chapalain,06 16 98 17 61,https://www.tours-couvreur.fr/,"4,9",-100
https://www.google.com/maps/place/Charpente+Firmitas/data=!4m7!3m6!1s0xaabf7e2ff5799f35:0xdcb85ac02aa317c2!8m2!3d48.0042102!4d0.2013793!16s%2Fg%2F11s74wwtws!19sChIJNZ959S9-v6oRwhejKsBauNw?authuser=0&hl=fr&rclk=1,Charpente Firmitas,Charpentier,16 Av. du Général de Gaulle,07 82 82 48 84,https://www.charpentefirmitas.fr/,5,-12
https://www.google.com/maps/place/LA+TUILE+DE+BOIS+SOVECO/data=!4m7!3m6!1s0x47e23a9df42a1205:0xaf03b89ebc91a002!8m2!3d48.0092531!4d0.1978768!16s%2Fg%2F1td41snp!19sChIJBRIq9J064kcRAqCRvJ64A68?authuser=0&hl=fr&rclk=1,LA TUILE DE BOIS SOVECO,Couvreur,4 Pl. St Michel,06 72 37 81 66,http://www.latuiledebois.com/,,
"https://www.google.com/maps/place/HAR+COUVREUR+SARTHE+Couvreur+Charpentier+%C3%A9tanch%C3%A9it%C3%A9,+recherche+de+fuite,+velux,+entretien,+goutti%C3%A8re/data=!4m7!3m6!1s0x47e28d07ed8f0c99:0xd328844e86262016!8m2!3d48.0113612!4d0.2015271!16s%2Fg%2F11pyc30hj8!19sChIJmQyP7QeN4kcRFiAmhk6EKNM?authuser=0&hl=fr&rclk=1","HAR COUVREUR SARTHE Couvreur Charpentier étanchéité, recherche de fuite, velux, entretien, gouttière",Entrepreneur spécialisé dans l'isolation,18 Rue Montbarbet,06 37 70 91 95,https://har-couvreur-sarthe.fr/,"4,5",-30
https://www.google.com/maps/place/Renov%27Habitat/data=!4m7!3m6!1s0x47e28f673b470c5f:0xe26d29bfc856876c!8m2!3d48.0129218!4d0.1528847!16s%2Fg%2F1v6l6sm9!19sChIJXwxHO2eP4kcRbIdWyL8pbeI?authuser=0&hl=fr&rclk=1,Renov'Habitat,Service de restauration de bâtiments,·,02 43 24 24 10,http://www.renov-habitat.com/,"4,6",-78
https://www.google.com/maps/place/Articonnex+Le+Mans+-+Anti-gaspi+des+mat%C3%A9riaux/data=!4m7!3m6!1s0x47e28f2d2955d5a7:0xd51ff1e1cb9ec3d3!8m2!3d47.9577919!4d0.1776879!16s%2Fg%2F11x_yq016y!19sChIJp9VVKS2P4kcR08Oey-HxH9U?authuser=0&hl=fr&rclk=1,Articonnex Le Mans - Anti-gaspi des matériaux,Magasin de bricolage,·,02 85 85 96 82,https://articonnex.com/,"4,9",-85
https://www.google.com/maps/place/DLB+COUVERTURE/data=!4m7!3m6!1s0x47e28f79f9d75b35:0x882e7e9e9f6b547d!8m2!3d47.9672073!4d0.1753488!16s%2Fg%2F11btmqpy91!19sChIJNVvX-XmP4kcRfVRrn55-Log?authuser=0&hl=fr&rclk=1,DLB COUVERTURE,Couvreur,28 Bd Pierre Lefaucheux,02 43 16 61 90,https://dlb-couverture.fr/,"4,9",-9
https://www.google.com/maps/place/LJ+Couverture-Couvreur+Le+Mans+72+Sarthe+Nettoyage+toiture-%C3%89tanch%C3%A9it%C3%A9-fuites-traitement+de+charpente/data=!4m7!3m6!1s0x47e289fedc9e640b:0xdfc9f8be64afafc7!8m2!3d48.0243018!4d0.2027295!16s%2Fg%2F11wwzd2ybf!19sChIJC2Se3P6J4kcRx6-vZL74yd8?authuser=0&hl=fr&rclk=1,LJ Couverture-Couvreur Le Mans 72 Sarthe Nettoyage toiture-Étanchéité-fuites-traitement de charpente,Entrepreneur spécialisé dans l'isolation,5 Rue de la Paix,06 28 57 31 96,https://ets-leffray.e-monsite.com/,5,-134
https://www.google.com/maps/place/Briard+Habitat+%7C+R%C3%A9novation+Maison+Le+Mans/data=!4m7!3m6!1s0x47e28f95d888285b:0x6470ae7565d2fe87!8m2!3d47.9949166!4d0.2139145!16s%2Fg%2F11sfqn0nvg!19sChIJWyiI2JWP4kcRh_7SZXWucGQ?authuser=0&hl=fr&rclk=1,Briard Habitat | Rénovation Maison Le Mans,Entrepreneur spécialisé dans l'isolation,·,02 43 40 87 24,https://briard-habitat.fr/,"4,9",-32
https://www.google.com/maps/place/ATTILA+Le+Mans+Sud/data=!4m7!3m6!1s0x47e28f630bd2e0a7:0x409c55fa62276dbc!8m2!3d47.9630884!4d0.215936!16s%2Fg%2F11f37kvqlf!19sChIJp-DSC2OP4kcRvG0nYvpVnEA?authuser=0&hl=fr&rclk=1,ATTILA Le Mans Sud,Couvreur,·,02 43 86 05 37,http://www.attila.fr/nos-agences/attila-le-mans-sud?utm_source=Google&utm_medium=MyBusiness,"4,8",-18
"https://www.google.com/maps/place/Ternus+Couverture+%7C+Couvreur,+r%C3%A9novation+dans+la+Sarthe+%7C+Le+mans+%2872%29/data=!4m7!3m6!1s0x47e28fade2abe1d9:0x471dece3c3dbf0f3!8m2!3d47.9995383!4d0.2057821!16s%2Fg%2F11sp723phs!19sChIJ2eGr4q2P4kcR8_Dbw-PsHUc?authuser=0&hl=fr&rclk=1","Ternus Couverture | Couvreur, rénovation dans la Sarthe | Le mans (72)",Couvreur,40 Rue Saint-André,06 45 12 07 52,https://ternusrenovation.fr/,"4,9",-8
https://www.google.com/maps/place/Chris+couverture/data=!4m7!3m6!1s0x47e28fe4bbbeb211:0x4627645b7a15e1cd!8m2!3d47.9995383!4d0.2057821!16s%2Fg%2F11fwzg6z6_!19sChIJEbK-u-SP4kcRzeEVeltkJ0Y?authuser=0&hl=fr&rclk=1,Chris couverture,Couvreur,40 Rue Saint-André,06 52 43 17 61,https://www.chriscouverture.fr/,"4,8",-93
https://www.google.com/maps/place/Couvreur+%2F+Charpentier+%2F+Constructeur+Bois+-+SARL+Arts+et+Bois/data=!4m7!3m6!1s0x695cd7587a17f679:0x74cd5a3c63dc9367!8m2!3d48.0268278!4d0.2422413!16s%2Fg%2F11x2815__3!19sChIJefYXeljXXGkRZ5PcYzxazXQ?authuser=0&hl=fr&rclk=1,Couvreur / Charpentier / Constructeur Bois - SARL Arts et Bois,Couvreur,2 Imp. du Calvaire,07 64 19 00 99,https://artsetbois.fr/,5,-17
https://www.google.com/maps/place/L.c.b.+Louis+Couvert+Bardage+%28SAS%29/data=!4m7!3m6!1s0x47e28d2268204daf:0xa02240c4fc1a1e50!8m2!3d47.9555308!4d0.3129795!16s%2Fg%2F1tfb18jd!19sChIJr00gaCKN4kcRUB4a_MRAIqA?authuser=0&hl=fr&rclk=1,L.c.b. Louis Couvert Bardage (SAS),Couvreur,·,02 43 40 49 36,https://www.face-sa.fr/filiales/lcb/,5,-3
https://www.google.com/maps/place/Dorize+Charpente+Couverture/data=!4m7!3m6!1s0x47e28612147e97df:0xfe0a52e8acdd16a5!8m2!3d47.9896738!4d0.1178277!16s%2Fg%2F1tctqz8m!19sChIJ35d-FBKG4kcRpRbdrOhSCv4?authuser=0&hl=fr&rclk=1,Dorize Charpente Couverture,Charpentier,La Petite Salle,02 43 24 76 21,https://dorize-charpente-couverture.com/,"4,1",-24
https://www.google.com/maps/place/Lariviere/data=!4m7!3m6!1s0x47e28fdde7798b37:0xd69e96e4e147de05!8m2!3d47.94401!4d0.191218!16s%2Fg%2F1tr8kw6g!19sChIJN4t5592P4kcRBd5H4eSWntY?authuser=0&hl=fr&rclk=1,Lariviere,Magasin de materiaux de construction,·,02 43 21 10 24,https://www.lariviere.fr/trouver-votre-agence/lariviere-SEB/entry-409-lariviere-le-mans.html,"4,2",-28
https://www.google.com/maps/place/CETEOVAC/data=!4m7!3m6!1s0x47e2889af9d6349d:0x7d42e81a1b6e7682!8m2!3d48.0279892!4d0.1794005!16s%2Fg%2F11g_qpm1mv!19sChIJnTTW-ZqI4kcRgnZuGxroQn0?authuser=0&hl=fr&rclk=1,CETEOVAC,Agence de location de matériel,·,02 52 84 00 10,https://ceteovac.fr/,,
https://www.google.com/maps/place/ATTILA+Le+Mans+Nord/data=!4m7!3m6!1s0x47e287bb1e51ecad:0xe47093d78699c23d!8m2!3d48.0485899!4d0.1650062!16s%2Fg%2F11xl84k0j0!19sChIJrexRHruH4kcRPcKZhteTcOQ?authuser=0&hl=fr&rclk=1,ATTILA Le Mans Nord,Couvreur,·,02 43 86 11 66,https://www.attila.fr/nos-agences/attila-le-mans-nord,5,-4
https://www.google.com/maps/place/MURPROTEC+LE+MANS/data=!4m7!3m6!1s0x47e28f27eb643c6f:0xe38900286be49556!8m2!3d47.990342!4d0.206687!16s%2Fg%2F11gg67wwv_!19sChIJbzxk6yeP4kcRVpXkaygAieM?authuser=0&hl=fr&rclk=1,MURPROTEC LE MANS,Centre de diagnostic,81 Avenue Jean Jaurès,02 43 18 63 45,https://www.google.com/aclk?sa=L&ai=DChsSEwidm5q0hL6UAxUOrmgJHbhGIYYYACICCAEQARoCd2Y&co=1&ase=2&gclid=CjwKCAjwq6DQBhBVEiwA4ZD5XFmlsaXoEMwPjkAav3O5XTGGKXG7FnglxDxsPoXhRnoe5Q4wg5YmFRoCeH0QAvD_BwE&cce=2&category=acrcp_v1_32&sig=AOD64_3ob2G170HRXmLs9Os7sYV2JAnGTQ&adurl&q&ctype=99&nis=6,"4,5",-55
https://www.google.com/maps/place/MAISONS+SOCOREN+-+SDMI+LE+MANS+:+Constructeur+de+maisons+individuelles+dans+la+Sarthe/data=!4m7!3m6!1s0x47e2889a04ffae69:0x6e9d7b2d46a781c9!8m2!3d48.045493!4d0.170747!16s%2Fg%2F119wcrk3g!19sChIJaa7_BJqI4kcRyYGnRi17nW4?authuser=0&hl=fr&rclk=1,MAISONS SOCOREN - SDMI LE MANS : Constructeur de maisons individuelles dans la Sarthe,Constructeur de maisons personnalisées,Le bas Palluau,02 43 52 06 66,https://www.google.com/aclk?sa=L&ai=DChsSEwidm5q0hL6UAxUOrmgJHbhGIYYYACICCAEQBRoCd2Y&co=1&ase=2&gclid=CjwKCAjwq6DQBhBVEiwA4ZD5XKP-Gu4aFeHKbJ6I3htqsQeV3Qjnj5RyVrghZazZwCtip8ymSgMU3hoCy3YQAvD_BwE&cce=2&category=acrcp_v1_32&sig=AOD64_3OKAouKL06Z8CLM1jRK3vkb71daw&adurl&q&ctype=99&nis=6,"4,1",-115
https://www.google.com/maps/place/SOPREMA+Entreprises+et+services+SOPRASSISTANCE/data=!4m7!3m6!1s0x47e28b3349a3d235:0x68384f19cef94a3f!8m2!3d48.015603!4d0.334158!16s%2Fg%2F1thkwkky!19sChIJNdKjSTOL4kcRP0r5zhlPOGg?authuser=0&hl=fr&rclk=1,SOPREMA Entreprises et services SOPRASSISTANCE,Entrepreneur spécialisé dans l'isolation,·,02 43 89 09 46,https://www.soprema-entreprises.fr/entite/agence/entreprise-etancheite-le-mans/?utm_source=gmb,"3,5",-11
https://www.google.com/maps/place/GLOBAL+BTP/data=!4m7!3m6!1s0x47e28fab88e23443:0x61fd2768d38d0553!8m2!3d47.9806319!4d0.2162868!16s%2Fg%2F11x73mmbb0!19sChIJQzTiiKuP4kcRUwWN02gn_WE?authuser=0&hl=fr&rclk=1,GLOBAL BTP,Entreprise de construction,53 Rue de Ruaudin,07 53 42 54 88,,5,-1
https://www.google.com/maps/place/Darthevel+Charpente+%26+Couverture/data=!4m7!3m6!1s0x47e2898fb6ebe567:0xf9d2dbe3b6904fbf!8m2!3d48.0267156!4d0.2342972!16s%2Fg%2F11qnzmnfv0!19sChIJZ-Xrto-J4kcRv0-QtuPb0vk?authuser=0&hl=fr&rclk=1,Darthevel Charpente & Couverture,Couvreur,·,02 43 81 30 55,https://www.darthevel-couverture.fr/,5,-11
https://www.google.com/maps/place/SBEO/data=!4m7!3m6!1s0x47e286eaae795555:0xdd583ed7a07faaa7!8m2!3d48.0211497!4d0.1043011!16s%2Fg%2F11vbsk_yd4!19sChIJVVV5ruqG4kcRp6p_oNc-WN0?authuser=0&hl=fr&rclk=1,SBEO,Entrepreneur spécialisé dans l'isolation,"ZAC de l'Etoile, 3 Rue d'Orion",02 43 42 13 43,https://www.etancheite-sbeo-sarthe.fr/contact,,
https://www.google.com/maps/place/Ng+Services/data=!4m7!3m6!1s0x47e2899da4079d65:0x6776c39d4157ac74!8m2!3d48.0420659!4d0.2362058!16s%2Fg%2F11flt3j7d2!19sChIJZZ0HpJ2J4kcRdKxXQZ3Ddmc?authuser=0&hl=fr&rclk=1,Ng Services,Couvreur,5 Saint-Pavace,09 53 86 49 62,http://www.ngservices.fr/,5,-2
https://www.google.com/maps/place/Ets+BOBET/data=!4m7!3m6!1s0x47e284e8368fd31b:0x3022705c667f1698!8m2!3d47.9429283!4d0.1105252!16s%2Fg%2F1tgdbq0_!19sChIJG9OPNuiE4kcRmBZ_ZlxwIjA?authuser=0&hl=fr&rclk=1,Ets BOBET,Entreprise de construction métallique,·,02 43 47 82 68,https://www.charpentemetallique-bobet.fr/,"4,5",-8
https://www.google.com/maps/place/Guimont+Dominique/data=!4m7!3m6!1s0x47e288ada1485bb7:0x349176af5e22692d!8m2!3d48.0035866!4d0.1748855!16s%2Fg%2F1tdl5f10!19sChIJt1tIoa2I4kcRLWkiXq92kTQ?authuser=0&hl=fr&rclk=1,Guimont Dominique,Couvreur,13 Rue de la Belle Étoile,02 43 28 70 43,http://www.guimontdominique.fr/,5,-1
https://www.google.com/maps/place/Jory+charpente+couverture/data=!4m7!3m6!1s0x47e28d0006307805:0xf115fba7bae27080!8m2!3d47.9703526!4d0.2546659!16s%2Fg%2F11wqzb_q5b!19sChIJBXgwBgCN4kcRgHDiuqf7FfE?authuser=0&hl=fr&rclk=1,Jory charpente couverture,Couvreur,147 Route De,06 29 20 50 36,https://jory-couverture.com/,5,-8
https://www.google.com/maps/place/TSF+Maine+Le+Mans/data=!4m7!3m6!1s0x47e287f17e9b0f43:0x6a5117b078af2f2d!8m2!3d48.0126519!4d0.1535117!16s%2Fg%2F11hlcvf0dw!19sChIJQw-bfvGH4kcRLS-veLAXUWo?authuser=0&hl=fr&rclk=1,TSF Maine Le Mans,Service de nettoyage et d'entretien,8 Rue Hector Berlioz,02 43 56 56 83,,5,-1
https://www.google.com/maps/place/Leroy+Merlin+Mulsanne+-+Le+Mans/data=!4m7!3m6!1s0x47e28e33ef970321:0xec4155687cc1d347!8m2!3d47.9412145!4d0.2334779!16s%2Fg%2F1ttpg5qm!19sChIJIQOX7zOO4kcRR9PBfGhVQew?authuser=0&hl=fr&rclk=1,Leroy Merlin Mulsanne - Le Mans,Magasin de materiaux de construction,·,02 43 50 18 50,https://www.leroymerlin.fr/magasins/mulsanne-mans.html,"3,9",-5 135
https://www.google.com/maps/place/PPF+Le+Mans/data=!4m7!3m6!1s0x47e2893d0f168003:0x3b42ab7a65531ce3!8m2!3d48.0267754!4d0.1945037!16s%2Fg%2F11fct8g6fp!19sChIJA4AWDz2J4kcR4xxTZXqrQjs?authuser=0&hl=fr&rclk=1,PPF Le Mans,Entrepreneur spécialisé dans l'isolation,·,02 85 52 19 49,https://ppf.fr/reseau-ppf/ppf-ou-nous-trouver/agence-ppf-72-le-mans/?utm_source=gmb,"4,6",-232
https://www.google.com/maps/place/Cador+Papin/data=!4m7!3m6!1s0x47e286ee24828f65:0xa5068d890334cdbd!8m2!3d48.01998!4d0.10599!16s%2Fg%2F1tdb3kng!19sChIJZY-CJO6G4kcRvc00A4mNBqU?authuser=0&hl=fr&rclk=1,Cador Papin,Entrepreneur spécialisé dans l'isolation,8 Rue Pégase,02 43 27 77 71,https://www.cadorpapin.fr/,"4,6",-10
https://www.google.com/maps/place/art+et+isolation/data=!4m7!3m6!1s0x47e28eca609e8031:0x658eabcbc4438070!8m2!3d48.0267156!4d0.2342972!16s%2Fg%2F11btlsfq02!19sChIJMYCeYMqO4kcRcIBDxMurjmU?authuser=0&hl=fr&rclk=1,art et isolation,Entrepreneur spécialisé dans l'isolation,·,06 88 37 31 11,http://www.artetisolation.fr/,5,-2
https://www.google.com/maps/place/Toiture+et+Tradition/data=!4m7!3m6!1s0x47e27d535630c70d:0x28b7cbcd293928d4!8m2!3d48.0878741!4d0.1616548!16s%2Fg%2F1tdr2lrp!19sChIJDccwVlN94kcR1Cg5Kc3Ltyg?authuser=0&hl=fr&rclk=1,Toiture et Tradition,Couvreur,"Le bois des Hogues, Rue de la Touche",02 43 28 61 32,,"4,9",-10
https://www.google.com/maps/place/M%C3%A9zi%C3%A8re+SAS/data=!4m7!3m6!1s0x47e28808da7500af:0xb6249383b816549!8m2!3d47.9819046!4d0.1957012!16s%2Fg%2F11xg0j574!19sChIJrwB12giI4kcRSWWBOzhJYgs?authuser=0&hl=fr&rclk=1,Mézière SAS,Entrepreneur spécialisé dans l'isolation,·,02 43 25 33 25,http://www.couverture-meziere.fr/?utm_source=gmb,"4,7",-48
https://www.google.com/maps/place/Les+couvertures+sarthoises/data=!4m7!3m6!1s0x6eddb4cc2cee8f:0xb5848991855e9438!8m2!3d48.005172!4d0.255217!16s%2Fg%2F11vf6vsc1s!19sChIJj-4szLTdbgAROJRehZGJhLU?authuser=0&hl=fr&rclk=1,Les couvertures sarthoises,Couvreur,558 Route de Paris,06 66 37 69 49,,,
https://www.google.com/maps/place/MARBREIL+CHARPENTE+SARL/data=!4m7!3m6!1s0x47e28b62210e9edd:0xae90d304f096e495!8m2!3d48.0080807!4d0.332097!16s%2Fg%2F11bwkhlfh0!19sChIJ3Z4OIWKL4kcRleSW8ATTkK4?authuser=0&hl=fr&rclk=1,MARBREIL CHARPENTE SARL,Entrepreneur spécialisé dans l'isolation,·,02 43 81 02 56,https://marbreil-charpente.fr/,5,-25
https://www.google.com/maps/place/DESMOS.fr/data=!4m7!3m6!1s0x47e288acb5440001:0x29e0f2f6ec4f5241!8m2!3d48.0009571!4d0.1724797!16s%2Fg%2F11gd21c2mz!19sChIJAQBEtayI4kcRQVJP7Pby4Ck?authuser=0&hl=fr&rclk=1,DESMOS.fr,Fournisseur d'équipements de nettoyage et d'entretien,"Le, 12 Rue André Chénier",02 43 23 83 28,http://www.desmos.fr/,5,-7
https://www.google.com/maps/place/SAS+JOB+BRUNO/data=!4m7!3m6!1s0x47e28bd667b2e68f:0xad672cf69e35367a!8m2!3d48.0637555!4d0.2811114!16s%2Fg%2F11tjpxrx5p!19sChIJj-ayZ9aL4kcRejY1nvYsZ60?authuser=0&hl=fr&rclk=1,SAS JOB BRUNO,Entrepreneur spécialisé dans l'isolation,"ZAC de l'Epine, 12bis rue des Chardons",02 43 29 76 06,https://www.job72.fr/,"4,6",-9
https://www.google.com/maps/place/Gilles+Claude/data=!4m7!3m6!1s0xa613480a92472f5d:0x5e8afcb8c55aba84!8m2!3d48.0308467!4d0.2465081!16s%2Fg%2F11lcls25k9!19sChIJXS9HkgpIE6YRhLpaxbj8il4?authuser=0&hl=fr&rclk=1,Gilles Claude,Couvreur,347 Rte de Bonnétable,02 43 27 26 51,https://www.gillesclaude.fr/,5,-3
https://www.google.com/maps/place/MS+B%C3%82TIMENT/data=!4m7!3m6!1s0x45a9a2321836277f:0xc7291edd5ed8a0f1!8m2!3d48.0267156!4d0.2342972!16s%2Fg%2F11x68hhdwj!19sChIJfyc2GDKiqUUR8aDYXt0eKcc?authuser=0&hl=fr&rclk=1,MS BÂTIMENT,Charpentier,·,07 84 44 07 51,,5,-3
https://www.google.com/maps/place/Avenir+R%C3%A9novations+Abbeville/data=!4m7!3m6!1s0x47e77b6799df0e83:0x94817bbc4594cd01!8m2!3d49.885561!4d2.02052!16s%2Fg%2F11kqss9hmn!19sChIJgw7fmWd750cRAc2URbx7gZQ?authuser=0&hl=fr&rclk=1,Avenir Rénovations Abbeville,Travaux généraux,36 Rue des Dragonesses,03 53 64 05 38,https://www.google.com/aclk?sa=L&ai=DChsSEwj2sefEhL6UAxXPZkECHUHDDwkYACICCAEQAhoCd3M&co=1&ase=2&gclid=CjwKCAjwq6DQBhBVEiwA4ZD5XNvqrc_Cn_PXiUuauG-vQYhsJz69OzCC4pWumVe-zh2jN4kYiY7rkxoCJaAQAvD_BwE&cce=2&category=acrcp_v1_32&sig=AOD64_1MzBa773hCVext4vu-TCXFFZUFgg&adurl&q&ctype=99&nis=6,5,-53
https://www.google.com/maps/place/Repar%27stores+Amiens+nord/data=!4m7!3m6!1s0x47e784080f6d7bf1:0xda10f8881025c656!8m2!3d49.90381!4d2.270697!16s%2Fg%2F11d_d07bs9!19sChIJ8XttDwiE50cRVsYlEIj4ENo?authuser=0&hl=fr&rclk=1,Repar'stores Amiens nord,Fournisseur de fenêtres,15 Rue Pierre Derobertmazure,06 09 92 48 95,https://www.google.com/aclk?sa=L&ai=DChsSEwj2sefEhL6UAxXPZkECHUHDDwkYACICCAEQAxoCd3M&co=1&ase=2&gclid=CjwKCAjwq6DQBhBVEiwA4ZD5XJOOa0P4IYmIza8HOcq0NfNMe5ovKTmGWq6v3tEnbq3f7KW2cXmcXhoC6cgQAvD_BwE&cce=2&category=acrcp_v1_32&sig=AOD64_3AANRIJWROMkxUixlgfoOjupj-jg&adurl&q&ctype=99&nis=6,"4,8",-143
https://www.google.com/maps/place/Roger+Bois/data=!4m7!3m6!1s0x47e7849972cb868b:0x76dc96481b0a8efc!8m2!3d49.8557196!4d2.2745234!16s%2Fg%2F1tjt17wy!19sChIJi4bLcpmE50cR_I4KG0iW3HY?authuser=0&hl=fr&rclk=1,Roger Bois,Négociant en bois,·,03 22 33 81 81,https://www.roger.fr/,"4,4",-98
https://www.google.com/maps/place/Dacher+Gedibois/data=!4m7!3m6!1s0x47e785d8d431a76b:0xbf80a58e89005903!8m2!3d49.9109185!4d2.3341006!16s%2Fg%2F1tcw7hms!19sChIJa6cx1NiF50cRA1kAiY6lgL8?authuser=0&hl=fr&rclk=1,Dacher Gedibois,Négociant en bois,·,03 22 92 22 92,http://www.dacher.fr/,"4,2",-77
https://www.google.com/maps/place/Ets+Gronier+P%C3%A8re+et+Fils+Couverture+Zinguerie+V%C3%A9lux+Goutti%C3%A8re+Bac+acier+Couvreur+Amiens+Vignacourt+Longueau+Camon+Boves+Dury/data=!4m7!3m6!1s0x47dd8d2579fe93c7:0xafed475e6ea03d82!8m2!3d49.8938567!4d2.3041294!16s%2Fg%2F11mbq15hbh!19sChIJx5P-eSWN3UcRgj2gbl5H7a8?authuser=0&hl=fr&rclk=1,Ets Gronier Père et Fils Couverture Zinguerie Vélux Gouttière Bac acier Couvreur Amiens Vignacourt Longueau Camon Boves Dury,Couvreur,1 Rue Adéodat Lefevre,06 18 29 04 32,https://etsgronierpereetfils.wixsite.com/couvreuramiens,"4,9",-65
https://www.google.com/maps/place/LMH+SAS/data=!4m7!3m6!1s0x47e785eedc78730d:0x524ad245d6ae5e2d!8m2!3d49.900147!4d2.3540171!16s%2Fg%2F1tjdw6x3!19sChIJDXN43O6F50cRLV6u1kXSSlI?authuser=0&hl=fr&rclk=1,LMH SAS,Entreprise de construction,·,03 22 70 03 89,https://lmh80.fr/,5,-2
https://www.google.com/maps/place/Bayer+couverture+Amiens/data=!4m7!3m6!1s0x47e78378e504738d:0x3dc432bfd32f75f2!8m2!3d49.9000488!4d2.2627155!16s%2Fg%2F11shs97q93!19sChIJjXME5XiD50cR8nUv078yxD0?authuser=0&hl=fr&rclk=1,Bayer couverture Amiens,Couvreur,5 All. des Jachères,07 87 13 94 78,https://www.bayer-couverture.com/,"4,6",-18
https://www.google.com/maps/place/STIS+-+ETANCHEITE+%26+ISOLATION/data=!4m7!3m6!1s0x47e7858f35eb52a9:0x5225d8ea43646da8!8m2!3d49.8983199!4d2.3519469!16s%2Fg%2F11gxxj2nyd!19sChIJqVLrNY-F50cRqG1kQ-rYJVI?authuser=0&hl=fr&rclk=1,STIS - ETANCHEITE & ISOLATION,Entreprise de construction,·,09 72 61 82 67,https://stis.fr/,5,-2
https://www.google.com/maps/place/APOK+Amiens/data=!4m7!3m6!1s0x47e786ceca25da5f:0xeb76969b7c2c9fec!8m2!3d49.9342936!4d2.2687549!16s%2Fg%2F11h2f71hm5!19sChIJX9olys6G50cR7J8sfJuWdus?authuser=0&hl=fr&rclk=1,APOK Amiens,Magasin de materiaux de construction,·,03 22 66 68 68,https://www.apok.fr/,"4,5",-44
https://www.google.com/maps/place/HP+COUVERTURE/data=!4m7!3m6!1s0xa6d3626f62f236a1:0x968a0ff4247a1c12!8m2!3d49.9064067!4d2.240938!16s%2Fg%2F11yyxgtz39!19sChIJoTbyYm9i06YREhx6JPQPipY?authuser=0&hl=fr&rclk=1,HP COUVERTURE,Couvreur,·,07 59 65 38 66,https://www.hpcouverture80.fr/,5,-7
https://www.google.com/maps/place/Diter/data=!4m7!3m6!1s0x47e7866c5d450da1:0xb857e8e82a2e9553!8m2!3d49.9423408!4d2.229948!16s%2Fg%2F1tdr2mny!19sChIJoQ1FXWyG50cRU5UuKujoV7g?authuser=0&hl=fr&rclk=1,Diter,Atelier de métallerie,·,03 22 52 40 80,http://www.diter.eu/,"4,3",-18
https://www.google.com/maps/place/Cabuzel+Couverture/data=!4m7!3m6!1s0x47e786a3b57d3de1:0x9c67e39915ed81b!8m2!3d49.9207442!4d2.2913919!16s%2Fg%2F1q69pl0lt!19sChIJ4T19taOG50cRG9hekTl-xgk?authuser=0&hl=fr&rclk=1,Cabuzel Couverture,Entrepreneur spécialisé dans l'isolation,3 Rue Fra Angelico,03 22 93 78 67,https://cabuzel-couverture.fr/,"4,7",-67
https://www.google.com/maps/place/Les+Fa%C3%A7adiers+Picards/data=!4m7!3m6!1s0x47e785ea2be0442d:0xdd54da4ade6beb2f!8m2!3d49.9093553!4d2.2654631!16s%2Fg%2F1ts1lz5y!19sChIJLUTgK-qF50cRL-tr3kraVN0?authuser=0&hl=fr&rclk=1,Les Façadiers Picards,Entrepreneur spécialisé dans l'isolation,·,03 22 70 02 37,https://www.lesfacadierspicards.fr/,"3,7",-25
https://www.google.com/maps/place/EGBT+RENOVATION/data=!4m7!3m6!1s0x47e783de587c3b6d:0x5db2589d15b0d61a!8m2!3d49.9116791!4d2.2443488!16s%2Fg%2F11md10ztbg!19sChIJbTt8WN6D50cRGtawFZ1Ysl0?authuser=0&hl=fr&rclk=1,EGBT RENOVATION,,,,,5,-2
https://www.google.com/maps/place/Perfect%27Toit/data=!4m7!3m6!1s0x2f55d755be6a04b7:0xf5296b3818888855!8m2!3d49.8779855!4d2.3279711!16s%2Fg%2F11t7t04y09!19sChIJtwRqvlXXVS8RVYiIGDhrKfU?authuser=0&hl=fr&rclk=1,Perfect'Toit,Couvreur,45 Rue Jacques Prévert,07 56 87 70 56,http://www.perfecttoit.fr/,5,-24
"https://www.google.com/maps/place/GP+Renovation+Amiens+%7C+Peintre,+plaquiste+%26+construction+second+oeuvre/data=!4m7!3m6!1s0x47e785b348a8bc21:0x9e53517c41915d5a!8m2!3d49.8659905!4d2.3336965!16s%2Fg%2F11fmddwz0t!19sChIJIbyoSLOF50cRWl2RQXxRU54?authuser=0&hl=fr&rclk=1","GP Renovation Amiens | Peintre, plaquiste & construction second oeuvre",Travaux généraux,·,06 63 63 16 58,http://www.gp-renovation80.fr/,5,-28
https://www.google.com/maps/place/SOPREMA+Entreprises+et+services+SOPRASSISTANCE/data=!4m7!3m6!1s0x47e783b170ad894d:0x650f2c2874535159!8m2!3d49.8661935!4d2.3957049!16s%2Fg%2F11lgzfx1d3!19sChIJTYmtcLGD50cRWVFTdCgsD2U?authuser=0&hl=fr&rclk=1,SOPREMA Entreprises et services SOPRASSISTANCE,Entrepreneur spécialisé dans l'isolation,·,03 26 87 92 92,https://www.soprema-entreprises.fr/entite/agence/entreprise-etancheite-amiens/?utm_source=gmb,"3,2",-5
https://www.google.com/maps/place/ATTILA+Amiens/data=!4m7!3m6!1s0x47e783431e409e67:0xd98230b2608b7af7!8m2!3d49.8617958!4d2.2306008!16s%2Fg%2F11q9r6_g_m!19sChIJZ55AHkOD50cR93qLYLIwgtk?authuser=0&hl=fr&rclk=1,ATTILA Amiens,Couvreur,·,03 22 48 51 00,https://www.attila.fr/nos-agences/attila-amiens/,5,-5
https://www.google.com/maps/place/Sergeant+Paul/data=!4m7!3m6!1s0x47e785b7a512615f:0x7e3b9d475ab815e5!8m2!3d49.8911466!4d2.3248325!16s%2Fg%2F1tjy0tsl!19sChIJX2ESpbeF50cR5RW4WkedO34?authuser=0&hl=fr&rclk=1,Sergeant Paul,Fournisseur de matériaux de construction,·,03 22 80 54 00,https://paulsergeant.fr/,"3,9",-53
https://www.google.com/maps/place/Couvertures+Flet/data=!4m7!3m6!1s0x47e79d228656f6db:0x51f5eced8d9b3111!8m2!3d49.9288889!4d2.2654228!16s%2Fg%2F1tfd1qm3!19sChIJ2_ZWhiKd50cRETGbje3s9VE?authuser=0&hl=fr&rclk=1,Couvertures Flet,Couvreur,54 Rue des Archicamps,03 22 42 13 38,,"4,5",-31
https://www.google.com/maps/place/La+Maison+Des+Travaux/data=!4m7!3m6!1s0x47e7850e5f0385f5:0x55dce4b6e3049117!8m2!3d49.8871243!4d2.3159658!16s%2Fg%2F11mxwkj68w!19sChIJ9YUDXw6F50cRF5EE47bk3FU?authuser=0&hl=fr&rclk=1,La Maison Des Travaux,Entrepreneur spécialisé dans l'isolation,203 Rue Jules Barni,03 22 48 85 75,https://amiens.lamaisondestravaux.com/,"4,5",-26
https://www.google.com/maps/place/Zumaplast+Camon/data=!4m7!3m6!1s0x47e7859135f9396d:0xa2b6c9f2e37d67b3!8m2!3d49.9005562!4d2.3576758!16s%2Fg%2F11gnp3wp76!19sChIJbTn5NZGF50cRs2d94_LJtqI?authuser=0&hl=fr&rclk=1,Zumaplast Camon,Magasin de materiaux de construction,·,03 22 50 07 68,https://www.zumaplast.com/,"4,3",-28
https://www.google.com/maps/place/MURPROTEC+AMIENS/data=!4m7!3m6!1s0x47e78c82647245b7:0x7c82846289413665!8m2!3d49.908648!4d2.511741!16s%2Fg%2F113hvy8wq!19sChIJt0VyZIKM50cRZTZBiWKEgnw?authuser=0&hl=fr&rclk=1,MURPROTEC AMIENS,Centre de diagnostic,1 Rue Charles de Gaulle,03 22 39 21 51,https://www.google.com/aclk?sa=L&ai=DChsSEwi10pDLhL6UAxVSlWgJHfbgO5MYACICCAEQABoCd2Y&co=1&ase=2&gclid=CjwKCAjwq6DQBhBVEiwA4ZD5XOiONfZZ3MUVI9QB5bZbABURj1x3e-LkSFjdnNCBbq25c5cFXbBF2BoCu8cQAvD_BwE&cce=2&category=acrcp_v1_32&sig=AOD64_3BbsusAC3QJXbTPey7xXCgm3Ruhw&adurl&q&ctype=99&nis=6,"4,3",-27
https://www.google.com/maps/place/Repar%27stores+Amiens+nord/data=!4m7!3m6!1s0x47e784080f6d7bf1:0xda10f8881025c656!8m2!3d49.90381!4d2.270697!16s%2Fg%2F11d_d07bs9!19sChIJ8XttDwiE50cRVsYlEIj4ENo?authuser=0&hl=fr&rclk=1,Repar'stores Amiens nord,Fournisseur de fenêtres,15 Rue Pierre Derobertmazure,06 09 92 48 95,https://www.google.com/aclk?sa=L&ai=DChsSEwi10pDLhL6UAxVSlWgJHfbgO5MYACICCAEQDRoCd2Y&co=1&ase=2&gclid=CjwKCAjwq6DQBhBVEiwA4ZD5XCYlws8m86N0TJstrtik54jE1cCEo03OJK9CN2Bg35vpKV55MWXLMBoCYY8QAvD_BwE&cce=2&category=acrcp_v1_32&sig=AOD64_3ixVVtsx8EWD1MtvhNbi4t80TEzg&adurl&q&ctype=99&nis=6,"4,8",-143
https://www.google.com/maps/place/Lariviere/data=!4m7!3m6!1s0x47e785efd512dd71:0x7fc23e76f9dfcacb!8m2!3d49.900735!4d2.350948!16s%2Fg%2F1tc_vxz3!19sChIJcd0S1e-F50cRy8rf-XY-wn8?authuser=0&hl=fr&rclk=1,Lariviere,Magasin de materiaux de construction,·,03 22 70 71 72,https://www.lariviere.fr/trouver-votre-agence/lariviere-SEB/entry-365-lariviere-amiens.html,"4,1",-36
https://www.google.com/maps/place/David+Etanch%C3%A9it%C3%A9+-+Amiens+%2880%29/data=!4m7!3m6!1s0x47e7eff603a57901:0x6ff811b006eb24d5!8m2!3d49.8141542!4d2.7117018!16s%2Fg%2F11h6dhtmwn!19sChIJAXmlA_bv50cR1STrBrAR-G8?authuser=0&hl=fr&rclk=1,David Etanchéité - Amiens (80),Couvreur,1 Rue Edith Piaf,06 86 60 82 09,http://www.david-etancheite.fr/,"4,8",-21
https://www.google.com/maps/place/RGT+Couverture+%2F+R%C3%A9novation+habitat/data=!4m7!3m6!1s0x47e79db8a385e607:0xdb66bec015766bf7!8m2!3d49.8317128!4d2.2231679!16s%2Fg%2F11h6p1bkmc!19sChIJB-aFo7id50cR92t2FcC-Zts?authuser=0&hl=fr&rclk=1,RGT Couverture / Rénovation habitat,Couvreur,7 Pl. du Gén de Gaulle,03 22 47 00 53,https://rgt-couverture.fr/,"4,8",-15
https://www.google.com/maps/place/MOB%C3%89CO/data=!4m7!3m6!1s0x47e7c0596abe88a9:0x64e119367cc7e194!8m2!3d49.6259232!4d2.5553113!16s%2Fg%2F11_t8dk90!19sChIJqYi-alnA50cRlOHHfDYZ4WQ?authuser=0&hl=fr&rclk=1,MOBÉCO,Entrepreneur spécialisé dans l'isolation,·,06 34 24 77 41,http://www.mobeco-ossature-bois.fr/,5,-12
https://www.google.com/maps/place/ETS+DEVEAUX/data=!4m7!3m6!1s0x47e7775037165bff:0xac87f15a4fa7c1da!8m2!3d49.8267112!4d2.0878375!16s%2Fg%2F11hbqb8jwy!19sChIJ_1sWN1B350cR2sGnT1rxh6w?authuser=0&hl=fr&rclk=1,ETS DEVEAUX,Couvreur,6 Rue de la Briqueterie,07 83 53 62 19,https://www.couvreur-deveaux.fr/,"4,6",-11
https://www.google.com/maps/place/LES+COUVREURS+CHARPENTIERS+ETANCHEURS+DU+NORD/data=!4m7!3m6!1s0x47ddf3377e89fca1:0x4e0afc4a998f8dd2!8m2!3d49.9176775!4d1.7687718!16s%2Fg%2F11cmst2vry!19sChIJofyJfjfz3UcR0o2PmUr8Ck4?authuser=0&hl=fr&rclk=1,LES COUVREURS CHARPENTIERS ETANCHEURS DU NORD,Couvreur,17 Gr Grande Rue,03 22 39 31 80,https://www.egbt-renovation.fr/,"4,4",-9
https://www.google.com/maps/place/Passion+Terrasse/data=!4m7!3m6!1s0x47e7eac8cc80637b:0x54da486615b27f13!8m2!3d49.6887681!4d2.5399816!16s%2Fg%2F1vr3chj4!19sChIJe2OAzMjq50cRE3-yFWZI2lQ?authuser=0&hl=fr&rclk=1,Passion Terrasse,Constructeur de terrasses,11 Rue du Chêne,06 22 68 42 53,http://www.passion-terrasse.fr/,"4,3",-13
https://www.google.com/maps/place/SARL+Buschinski/data=!4m7!3m6!1s0x47dd62c627556cd3:0xa80edd5348374fd4!8m2!3d50.0184766!4d2.3841075!16s%2Fg%2F1tfl8yg1!19sChIJ02xVJ8Zi3UcR1E83SFPdDqg?authuser=0&hl=fr&rclk=1,SARL Buschinski,Entrepreneur spécialisé dans l'isolation,13 bis Rue Richard Vilbert,03 22 93 34 32,http://www.couvreur-buschinski-amiens.fr/?utm_source=gmb,"4,6",-28
https://www.google.com/maps/place/vm.charpente80/data=!4m7!3m6!1s0x47dd65a29ffb1725:0xe8c149f5788a8a27!8m2!3d50.0834364!4d2.3940101!16s%2Fg%2F11ytdz7l8t!19sChIJJRf7n6Jl3UcRJ4qKePVJweg?authuser=0&hl=fr&rclk=1,vm.charpente80,Charpentier,Rue des Jardins,06 95 32 96 32,https://www.vm-charpente80.fr/,5,-9
https://www.google.com/maps/place/Menuiserie+Sergent/data=!4m7!3m6!1s0x47e78593d858cc39:0xfcc22fe08d4a554b!8m2!3d49.866324!4d2.39879!16s%2Fg%2F11fzcls242!19sChIJOcxY2JOF50cRS1VKjeAvwvw?authuser=0&hl=fr&rclk=1,Menuiserie Sergent,Atelier de menuiserie,26 All. de Maître Zacharius,03 22 43 59 21,http://instagram.fr/?utm_source=gmb,"3,8",-42
https://www.google.com/maps/place/GML+couverture/data=!4m7!3m6!1s0x47e78ce1984648bf:0x606977c088db2b36!8m2!3d49.8452087!4d2.3826158!16s%2Fg%2F11dy1kqmvv!19sChIJv0hGmOGM50cRNivbiMB3aWA?authuser=0&hl=fr&rclk=1,GML couverture,Couvreur,13 Pl. de l'Amiral Courbet,09 74 56 38 55,http://gmlcouverture.com/,"4,1",-14
"https://www.google.com/maps/place/GML+couverture+,zinguerie,charpente,fa%C3%A7ade+,jardin/data=!4m7!3m6!1s0x240d29b56606934d:0xe912423c357ea78c!8m2!3d49.3272675!4d2.3992603!16s%2Fg%2F11vy9l555k!19sChIJTZMGZrUpDSQRjKd-NTxCEuk?authuser=0&hl=fr&rclk=1","GML couverture ,zinguerie,charpente,façade ,jardin",Couvreur,·,06 18 64 79 10,,5,-2
https://www.google.com/maps/place/Bati80+-+Couvreur/data=!4m7!3m6!1s0x89f8660105b4e36d:0xbdc777d06640f081!8m2!3d49.7290096!4d2.351345!16s%2Fg%2F11y6j76rf1!19sChIJbeO0BQFm-IkRgfBAZtB3x70?authuser=0&hl=fr&rclk=1,Bati80 - Couvreur,Couvreur,·,07 62 72 69 65,https://bati80.fr/,"4,7",-3
https://www.google.com/maps/place/Levert+Frederic/data=!4m7!3m6!1s0x47e781fa4e9c0679:0xc10d96b6292aa17e!8m2!3d49.9230415!4d2.1876421!16s%2Fg%2F11btmb48_n!19sChIJeQacTvqB50cRfqEqKbaWDcE?authuser=0&hl=fr&rclk=1,Levert Frederic,Couvreur,25 Rue de la Chapelle,03 22 52 74 81,,5,-2
https://www.google.com/maps/place/Bocquillon+Menuiserie/data=!4m7!3m6!1s0x47dd7f06ffc011f9:0x65a59c1185747a33!8m2!3d50.0074793!4d2.1942054!16s%2Fg%2F11w4tk_q_7!19sChIJ-RHA_wZ_3UcRM3p0hRGcpWU?authuser=0&hl=fr&rclk=1,Bocquillon Menuiserie,Menuisier,·,06 31 90 30 30,https://bocquillonmenuiserie.com/,5,-38
https://www.google.com/maps/place/Agencements+Vincent/data=!4m7!3m6!1s0x47e78515aa2088af:0x7dfb95162f3dac90!8m2!3d49.9181342!4d2.4208836!16s%2Fg%2F11qb9y_brh!19sChIJr4ggqhWF50cRkKw9LxaV-30?authuser=0&hl=fr&rclk=1,Agencements Vincent,Menuisier,,07 67 74 58 09,https://www.agencements-vincent.fr/,,
https://www.google.com/maps/place/MOB%C3%A9co/data=!4m7!3m6!1s0x47e796d332a09283:0x53ddaafda6b27847!8m2!3d49.7480151!4d2.404122!16s%2Fg%2F11l2ypz6n2!19sChIJg5KgMtOW50cRR3iypv2q3VM?authuser=0&hl=fr&rclk=1,MOBéco,Charpentier,4 Bis Rue Jean Couleau,03 22 43 99 98,https://www.mobeco-ossature-bois.fr/contact.html,,
https://www.google.com/maps/place/Rgt+Couverture/data=!4m7!3m6!1s0x47e785be0989c247:0x65000b094e85724b!8m2!3d49.887731!4d2.3372678!16s%2Fg%2F11qg2x_66l!19sChIJR8KJCb6F50cRS3KFTgkLAGU?authuser=0&hl=fr&rclk=1,Rgt Couverture,Couvreur,98 Rue Marius Petit,07 60 04 75 78,https://rgt-couverture.fr/,,
https://www.google.com/maps/place/TRIUMPH+AMIENS/data=!4m7!3m6!1s0x47e785425adc73bd:0x8af2342bff707283!8m2!3d49.875286!4d2.280233!16s%2Fg%2F11gjtb72h9!19sChIJvXPcWkKF50cRg3Jw_ys08oo?authuser=0&hl=fr&rclk=1,TRIUMPH AMIENS,Concessionnaire de motos,·,03 22 91 66 66,https://triumph-amiens.com/,"4,4",-127
https://www.google.com/maps/place/Nollet/data=!4m7!3m6!1s0x47e76e03eaa59995:0x1d87706b005fed33!8m2!3d49.762395!4d1.9773378!16s%2Fg%2F11fr3y0qgg!19sChIJlZml6gNu50cRM-1fAGtwhx0?authuser=0&hl=fr&rclk=1,Nollet,Charpentier,La Hayette,03 22 90 01 71,https://www.sa-nollet.fr/,"3,4",-9
https://www.google.com/maps/place/DANIEL+MEHEUT+SARL/data=!4m7!3m6!1s0x47dd62fcf70d9a6f:0xfae51a63aee576c5!8m2!3d50.031342!4d2.411286!16s%2Fg%2F11ld2v4xk1!19sChIJb5oN9_xi3UcRxXblrmMa5fo?authuser=0&hl=fr&rclk=1,DANIEL MEHEUT SARL,Couvreur,8 Chem. des Hayottes,03 22 76 43 33,http://charpente-bois-meheut.fr/,,
https://www.google.com/maps/place/Zumaplast/data=!4m7!3m6!1s0x47dd58c14ad6a51b:0x5db3a3caa53ec13e!8m2!3d50.0084336!4d2.6730044!16s%2Fg%2F1tkrl1yf!19sChIJG6XWSsFY3UcRPsE-pcqjs10?authuser=0&hl=fr&rclk=1,Zumaplast,Magasin de materiaux de construction,·,03 22 74 42 00,https://www.zumaplast.com/,"4,3",-42
https://www.google.com/maps/place/SARL+Baquet+Jimmy/data=!4m7!3m6!1s0xa377a916d85486b7:0xe2ca509dbae24e9c!8m2!3d49.9631844!4d2.8180272!16s%2Fg%2F11x64x4350!19sChIJt4ZU2Bapd6MRnE7iup1QyuI?authuser=0&hl=fr&rclk=1,SARL Baquet Jimmy,Couvreur,·,07 66 54 08 18,,5,-1
https://www.google.com/maps/place/Leber+et+fils/data=!4m7!3m6!1s0x47e7efe401d104fb:0xc8f87fdc90140d2b!8m2!3d49.8176202!4d2.7108537!16s%2Fg%2F1tfnxxpf!19sChIJ-wTRAeTv50cRKw0UkNx_-Mg?authuser=0&hl=fr&rclk=1,Leber et fils,Couvreur,24 Rue du 41ème Régiment d'Infanterie,03 22 78 14 45,,"4,3",-12
https://www.google.com/maps/place/Eteve+Couverture/data=!4m7!3m6!1s0x47dd5f4e8cc32589:0xf183c7e1b32daad0!8m2!3d50.0023562!4d2.6453287!16s%2Fg%2F113jqw2jy!19sChIJiSXDjE5f3UcR0Kots-HHg_E?authuser=0&hl=fr&rclk=1,Eteve Couverture,Couvreur,·,03 22 76 17 13,,"4,6",-50
https://www.google.com/maps/place/B.F.C.80/data=!4m7!3m6!1s0x23891ab5ba0c839b:0x9d101263d207ff72!8m2!3d49.974919!4d2.627975!16s%2Fg%2F11vxb6yhzy!19sChIJm4MMurUaiSMRcv8H0mMSEJ0?authuser=0&hl=fr&rclk=1,B.F.C.80,Couvreur,6 Rue d'Angleterre,06 21 25 24 97,https://www.facebook.com/profile.php?id=61556784758394,"4,7",-3
https://www.google.com/maps/place/Industrial+Renove/data=!4m7!3m6!1s0x21fc5e7241a94923:0x747b2c39abbd3fa0!8m2!3d49.8835321!4d2.2684371!16s%2Fg%2F11mzf0rz60!19sChIJI0mpQXJe_CERoD-9qzkse3Q?authuser=0&hl=fr&rclk=1,Industrial Renove,Travaux généraux,·,03 22 48 51 01,https://industrialrenove.fr/,,
https://www.google.com/maps/place/HSE+Couverture/data=!4m7!3m6!1s0x47dd7d33f8061d05:0xed97158927d406!8m2!3d50.0302054!4d2.3295405!16s%2Fg%2F11x76zwkn4!19sChIJBR0G-DN93UcRBtQniRWX7QA?authuser=0&hl=fr&rclk=1,HSE Couverture,Couvreur,7 Rue Bertreux,06 28 45 97 57,,,
https://www.google.com/maps/place/ECO-HOME+80/data=!4m7!3m6!1s0x47e7f70ee5e99035:0x61fd5946b379ef4d!8m2!3d49.9374582!4d2.7139102!16s%2Fg%2F11j90f7kf5!19sChIJNZDp5Q7350cRTe95s0ZZ_WE?authuser=0&hl=fr&rclk=1,ECO-HOME 80,Travaux généraux,6 Le Port,06 99 20 84 04,,5,-5
https://www.google.com/maps/place/FERNAGUT+-+FLIXECOURT/data=!4m7!3m6!1s0x47dd87ce45c6826d:0x7cb795beb0dd633d!8m2!3d50.0357866!4d2.0638516!16s%2Fg%2F11tjzyql2_!19sChIJbYLGRc6H3UcRPWPdsL6Vt3w?authuser=0&hl=fr&rclk=1,FERNAGUT - FLIXECOURT,Magasin de materiaux de construction,·,03 22 08 61 92,http://www.fernagut.com/,5,-14
https://www.google.com/maps/place/DEBUIRE+CLAUDE/data=!4m7!3m6!1s0x47dd7020e66a6a2f:0xd33e48ffed9017c1!8m2!3d50.1829516!4d2.3828877!16s%2Fg%2F1tdkr208!19sChIJL2pq5iBw3UcRwReQ7f9IPtM?authuser=0&hl=fr&rclk=1,DEBUIRE CLAUDE,Entreprise de construction,23 Rue de Bas,,,"4,1",-16
https://www.google.com/maps/place/Couverture+Picarde/data=!4m7!3m6!1s0x47e7644ea08a4599:0x645594bfa73d7712!8m2!3d49.8848691!4d1.9287448!16s%2Fg%2F1tjdw6wf!19sChIJmUWKoE5k50cREnc9p7-UVWQ?authuser=0&hl=fr&rclk=1,Couverture Picarde,Couvreur,9 Rue d'Hornoy,06 29 60 06 02,http://www.couverture-picarde-aumont.fr/,"1,7",-10
https://www.google.com/maps/place/Coquart+Sa/data=!4m7!3m6!1s0x47dd9db4efd54d63:0x3e8014273d715a76!8m2!3d50.2217982!4d2.158394!16s%2Fg%2F1v8x1gbt!19sChIJY03V77Sd3UcRdlpxPScUgD4?authuser=0&hl=fr&rclk=1,Coquart Sa,Charpentier,16 Rue Norbert Bacquet,03 21 41 08 62,https://www.coquart.fr/,"4,7",-34
https://www.google.com/maps/place/SEFNI-Concept/data=!4m7!3m6!1s0xa65e5e642ccf1cc1:0xc1b2935a5dc37277!8m2!3d49.6046192!4d2.8180272!16s%2Fg%2F11strf1nz8!19sChIJwRzPLGReXqYRd3LDXVqTssE?authuser=0&hl=fr&rclk=1,SEFNI-Concept,Concepteur en architecture,·,06 31 54 75 53,https://www.sefni-concept.com/,,
https://www.google.com/maps/place/Menuiserie+Tricot/data=!4m7!3m6!1s0x47e792355539fd2b:0x8ecb3deca3e0c913!8m2!3d49.7876858!4d2.4695262!16s%2Fg%2F1tdy8cw5!19sChIJK_05VTWS50cRE8ngo-w9y44?authuser=0&hl=fr&rclk=1,Menuiserie Tricot,Charpentier,ZI de L Espinoy,03 22 09 91 91,http://www.menuiserie-tricot.fr/,5,-2
https://www.google.com/maps/place/SARL+MCI/data=!4m7!3m6!1s0x47dd7a81342aa75b:0xab20f382bcf234e8!8m2!3d50.1396179!4d2.3913221!16s%2Fg%2F11c1pmgf5q!19sChIJW6cqNIF63UcR6DTyvILzIKs?authuser=0&hl=fr&rclk=1,SARL MCI,Atelier de menuiserie,·,06 81 99 33 99,http://www.facebook.com/doullens.fr/,5,-15
https://www.google.com/maps/place/Ternel+Couverture/data=!4m7!3m6!1s0x47dd67a5a48e03cf:0x7de7973b2ae6fdcd!8m2!3d50.0926704!4d2.5019835!16s%2Fg%2F11fqcw13b8!19sChIJzwOOpKVn3UcRzf3mKjuX530?authuser=0&hl=fr&rclk=1,Ternel Couverture,Entrepreneur spécialisé dans l'isolation,11 Rue de l'Église,03 22 74 52 93,http://www.couvreur-ternel-albert.fr/,,
https://www.google.com/maps/place/Daniel+Meheut/data=!4m7!3m6!1s0x47dd62e21a43e43b:0x9f0a5f5201015a2!8m2!3d49.9697584!4d2.2914934!16s%2Fg%2F1tmxq8qw!19sChIJO-RDGuJi3UcRohUQIPWl8Ak?authuser=0&hl=fr&rclk=1,Daniel Meheut,Charpentier,·,03 22 76 43 33,https://www.charpentebois-meheut.com/,5,-1
https://www.google.com/maps/place/Sarl+Lelievre/data=!4m7!3m6!1s0x47dd7b0693940683:0x2ddf9877c09abac9!8m2!3d50.1970768!4d2.4174239!16s%2Fg%2F1tt1ghj9!19sChIJgwaUkwZ73UcRybqawHeY3y0?authuser=0&hl=fr&rclk=1,Sarl Lelievre,Couvreur,2 Rue de la Couture,03 22 77 19 83,http://lelievre-couverture.com/,"4,2",-16
https://www.google.com/maps/place/Leroy+Couverture+Zinguerie/data=!4m7!3m6!1s0x47dd5d074da0f47d:0x4613f9e60694cc6!8m2!3d50.082323!4d2.6290911!16s%2Fg%2F11k9n90h55!19sChIJffSgTQdd3UcRxkxpYJ4_YQQ?authuser=0&hl=fr&rclk=1,Leroy Couverture Zinguerie,Couvreur,7 Rue Dufour,06 11 10 60 12,,,
https://www.google.com/maps/place/Couverture+Bardage+Ransart/data=!4m7!3m6!1s0x47dd446f7916aaf3:0xa5e1d2a3f98dc7b3!8m2!3d50.205671!4d2.6883013!16s%2Fg%2F1tfhyw9p!19sChIJ86oWeW9E3UcRs8eN-aPS4aU?authuser=0&hl=fr&rclk=1,Couverture Bardage Ransart,Couvreur,7 A Rte de Monchy,03 21 55 75 43,http://www.cbr-couverture-bardage-etancheite-62.fr/,4,-4
https://www.google.com/maps/place/Hp+R%C3%A9novation/data=!4m7!3m6!1s0x641059495603755f:0x77c234be817702fb!8m2!3d48.9095929!4d2.1919554!16s%2Fg%2F11x6z6134d!19sChIJX3UDVklZEGQR-wJ3gb40wnc?authuser=0&hl=fr&rclk=1,Hp Rénovation,Peintre en bâtiment,·,06 46 28 44 57,https://hp-renovation.fr/,5,-40
https://www.google.com/maps/place/SARL+DE+LA+GRIMPETTE/data=!4m7!3m6!1s0x47dd68fb539fedef:0xf49a8e16af28a69f!8m2!3d50.1930827!4d2.5178439!16s%2Fg%2F1txy1m11!19sChIJ7-2fU_to3UcRn6YorxaOmvQ?authuser=0&hl=fr&rclk=1,SARL DE LA GRIMPETTE,Couvreur,3 Ham. de la Grimpette,03 21 73 83 01,,"4,3",-16
https://www.google.com/maps/place/Decaper/data=!4m7!3m6!1s0x47e785f54a368ced:0x409ceed9c1df6ef6!8m2!3d49.6046192!4d2.1607424!16s%2Fg%2F11gxtfltg9!19sChIJ7Yw2SvWF50cR9m7fwdnunEA?authuser=0&hl=fr&rclk=1,Decaper,Service de restauration de bâtiments,,,https://decaper.fr/,,
https://www.google.com/maps/place/Les+Ateliers+RAYNAUD+-+Limoges+Haute-Vienne/data=!4m7!3m6!1s0x47f9358365149407:0xa7aab44fed4adabc!8m2!3d45.871871!4d1.271236!16s%2Fg%2F11fk1dnwtw!19sChIJB5QUZYM1-UcRvNpK7U-0qqc?authuser=0&hl=fr&rclk=1,Les Ateliers RAYNAUD - Limoges Haute-Vienne,Atelier de menuiserie,16 Rue Pierre Michaux,05 55 37 22 90,https://www.google.com/aclk?sa=L&ai=DChsSEwi1q5TqhL6UAxXVGgYAHQoUPZYYACICCAEQBBoCd3M&co=1&ase=2&gclid=CjwKCAjwq6DQBhBVEiwA4ZD5XPd6tM_n4pEomOjoDBfSTpN5zl23P9TcpBKL2WcLEh2l_pzVDIIzyxoCoA4QAvD_BwE&cce=2&category=acrcp_v1_32&sig=AOD64_0J1rx_Rb9s3cF2iSrGgfxhMHRtFA&adurl&q&ctype=99&nis=6,"4,4",-124
https://www.google.com/maps/place/MC+Services/data=!4m7!3m6!1s0x47f9371d22df912d:0xd4c0cf5c55e67fa8!8m2!3d45.813301!4d1.304654!16s%2Fg%2F11bc96c7yq!19sChIJLZHfIh03-UcRqH_mVVzPwNQ?authuser=0&hl=fr&rclk=1,MC Services,Entrepreneur spécialisé dans les clôtures,16 Rue Jean Mermoz,05 55 09 54 02,https://www.google.com/aclk?sa=L&ai=DChsSEwi1q5TqhL6UAxXVGgYAHQoUPZYYACICCAEQBhoCd3M&co=1&ase=2&gclid=CjwKCAjwq6DQBhBVEiwA4ZD5XAoyZJRsoK32bG2NfvPUcfQ5eJxKjJ_ODDbqnVt9dXEcCu5cn0xhcBoC4F8QAvD_BwE&cce=2&category=acrcp_v1_32&sig=AOD64_3OCyrJB9DdRINIC30SO4x6esNn4g&adurl&q&ctype=99&nis=6,"4,6",-46
https://www.google.com/maps/place/BARILLET+Limoges/data=!4m7!3m6!1s0x47f933ea0653f967:0x7c49fa88c77db0ac!8m2!3d45.8105681!4d1.2633121!16s%2Fg%2F11h1_0d4zp!19sChIJZ_lTBuoz-UcRrLB9x4j6SXw?authuser=0&hl=fr&rclk=1,BARILLET Limoges,Négociant en bois,·,05 44 19 19 70,https://www.barillet-distribution.fr/agence/limoges?utm_source=gmb,"4,2",-26
https://www.google.com/maps/place/SAS+SEC+France+Etanch%C3%A9it%C3%A9+Couvertures/data=!4m7!3m6!1s0x47f9352a864ac8bf:0x87b64f342b9cfa36!8m2!3d45.8823409!4d1.2825946!16s%2Fg%2F1tfw2d18!19sChIJv8hKhio1-UcRNvqcKzRPtoc?authuser=0&hl=fr&rclk=1,SAS SEC France Etanchéité Couvertures,Couvreur,·,06 35 25 32 27,https://sas-sec-france.fr/,"4,6",-33
https://www.google.com/maps/place/SUCHET+Nouvelle+Aquitaine/data=!4m7!3m6!1s0x47f933b04fdb6bcd:0x9bc93cfe669e567!8m2!3d45.7947993!4d1.2972897!16s%2Fg%2F11pf2qpx3z!19sChIJzWvbT7Az-UcRZ-Vp5s-TvAk?authuser=0&hl=fr&rclk=1,SUCHET Nouvelle Aquitaine,Entreprise de construction,·,05 55 75 03 09,https://suchet.eu/,"4,2",-5
https://www.google.com/maps/place/SOPREMA+Entreprises+et+services+SOPRASSISTANCE/data=!4m7!3m6!1s0x47f9357702f48177:0x7637d3280518535b!8m2!3d45.8840922!4d1.2801747!16s%2Fg%2F11c71cnnlf!19sChIJd4H0Anc1-UcRW1MYBSjTN3Y?authuser=0&hl=fr&rclk=1,SOPREMA Entreprises et services SOPRASSISTANCE,Entrepreneur spécialisé dans l'isolation,·,05 55 14 05 82,https://www.soprema-entreprises.fr/entite/agence/entreprise-etancheite-limoges/?utm_source=gmb,"4,1",-20
https://www.google.com/maps/place/Limoges+Occasions/data=!4m7!3m6!1s0x47f94bc62bf23cc1:0x102142e93da6cdf5!8m2!3d45.943957!4d1.3145653!16s%2Fg%2F1tdkr4jz!19sChIJwTzyK8ZL-UcR9c2mPelCIRA?authuser=0&hl=fr&rclk=1,Limoges Occasions,Magasin de materiaux de construction,·,05 55 39 90 01,https://www.limoges-occasions.fr/,"3,8",-251
https://www.google.com/maps/place/SMAC/data=!4m7!3m6!1s0x47f93458c2540701:0x6ffa2bddbf7584e6!8m2!3d45.8452976!4d1.2901009!16s%2Fg%2F11clzfstzr!19sChIJAQdUwlg0-UcR5oR1v90r-m8?authuser=0&hl=fr&rclk=1,SMAC,Entrepreneur spécialisé dans l'isolation,·,05 55 33 48 35,https://www.smac-sa.com/agence/smac-limoges/?utm_source=gmb&utm_medium=CTA-WEB&utm_campaign=Limoges,"4,1",-11
https://www.google.com/maps/place/France+Mat%C3%A9riaux+-+Dutreix/data=!4m7!3m6!1s0x47f9337a66756b17:0x29ef3a761d1d659!8m2!3d45.8116345!4d1.2795852!16s%2Fg%2F1thq96b9!19sChIJF2t1Znoz-UcRWdbRYafzngI?authuser=0&hl=fr&rclk=1,France Matériaux - Dutreix,Fournisseur de matériaux de construction,·,05 55 30 67 58,https://negoce.france-materiaux.fr/285-france-materiaux-dutreix?utm_source=gmb,"4,4",-40
https://www.google.com/maps/place/Artisan+87/data=!4m7!3m6!1s0x47f9354b7c7fc017:0xee5afa4daf083881!8m2!3d45.8322884!4d1.2510062!16s%2Fg%2F11mlgrfbv9!19sChIJF8B_fEs1-UcRgTgIr036Wu4?authuser=0&hl=fr&rclk=1,Artisan 87,Entrepreneur spécialisé dans l'isolation,"centre d'affaires, 18 place wiston Churchill et adresse de l’entrepôt rue Tourcoing, zone sud à Feytiat, 18 Pl. Winston Churchill",07 80 18 73 06,https://artisan87.fr/,5,-33
https://www.google.com/maps/place/PROLIANS+NOUVELLE+AQUITAINE+Limoges/data=!4m7!3m6!1s0x47f9354205c6cfe7:0xd6aedc250df4551d!8m2!3d45.8825817!4d1.2699784!16s%2Fg%2F1vcjllyb!19sChIJ58_GBUI1-UcRHVX0DSXcrtY?authuser=0&hl=fr&rclk=1,PROLIANS NOUVELLE AQUITAINE Limoges,Quincaillerie,·,05 55 42 44 66,https://www.prolians.fr/?utm_source=GMB&utm_medium=organic,"4,2",-31
https://www.google.com/maps/place/Bricoman+Limoges/data=!4m7!3m6!1s0x47f9357af0b5449b:0xf6a11440bd02c529!8m2!3d45.8896106!4d1.2826126!16s%2Fg%2F11bccm7lgd!19sChIJm0S18Ho1-UcRKcUCvUAUofY?authuser=0&hl=fr&rclk=1,Bricoman Limoges,Magasin de materiaux de construction,·,05 55 36 97 00,https://www.bricoman.fr/,"3,8",-1 010
https://www.google.com/maps/place/Asturienne+Limoges+-+Mat%C3%A9riaux+de+couverture+pour+toitures/data=!4m7!3m6!1s0x47f933897858ad9b:0x280bba5db49eabac!8m2!3d45.8186385!4d1.3017019!16s%2Fg%2F11b7ys5p6_!19sChIJm61YeIkz-UcRrKuetF26Cyg?authuser=0&hl=fr&rclk=1,Asturienne Limoges - Matériaux de couverture pour toitures,Magasin de materiaux de construction,·,05 55 30 02 90,https://www.asturienne.fr/infos-agence/limoges-asturienne-3103,"4,4",-22
https://www.google.com/maps/place/Lariviere/data=!4m7!3m6!1s0x47f9350cd4410a6f:0x4eb6ce699e4ba0c6!8m2!3d45.8780478!4d1.2834103!16s%2Fg%2F1tvt9q7v!19sChIJbwpB1Aw1-UcRxqBLnmnOtk4?authuser=0&hl=fr&rclk=1,Lariviere,Magasin de materiaux de construction,·,05 55 35 08 70,https://www.lariviere.fr/trouver-votre-agence/lariviere-SEB/entry-414-lariviere-limoges.html,4,-21
https://www.google.com/maps/place/Isoltec+SARL/data=!4m7!3m6!1s0x47f933453c499905:0x33c0607bf2c250cf!8m2!3d45.8106749!4d1.2589897!16s%2Fg%2F11c1v24qkb!19sChIJBZlJPEUz-UcRz1DC8ntgwDM?authuser=0&hl=fr&rclk=1,Isoltec SARL,Entrepreneur spécialisé dans l'isolation,14 Av. de l'Abattoir,09 53 31 59 81,http://www.isoltec.fr/,"4,7",-94
https://www.google.com/maps/place/PPF+Limoges/data=!4m7!3m6!1s0x47f9353ac1772fa1:0x5a4207d612911449!8m2!3d45.88568!4d1.28794!16s%2Fg%2F11h3zfz9k_!19sChIJoS93wTo1-UcRSRSREtYHQlo?authuser=0&hl=fr&rclk=1,PPF Limoges,Entrepreneur spécialisé dans l'isolation,·,05 35 54 06 42,https://ppf.fr/reseau-ppf/ppf-ou-nous-trouver/agence-ppf-87-limoges/?utm_source=gmb,"4,2",-55
https://www.google.com/maps/place/Cacc+Prolians/data=!4m7!3m6!1s0x47f93541f5ece421:0x518e58806f6e9f25!8m2!3d45.8829285!4d1.2699108!16s%2Fg%2F11mhh14p37!19sChIJIeTs9UE1-UcRJZ9ub4BYjlE?authuser=0&hl=fr&rclk=1,Cacc Prolians,Quincaillerie,·,,,"4,2",-5
https://www.google.com/maps/place/Etanch%C3%A9it%C3%A9+du+Limousin/data=!4m7!3m6!1s0x47f935691dfdfe87:0xff8c46fdafb2a3be!8m2!3d45.884964!4d1.2739336!16s%2Fg%2F1v6p3n5m!19sChIJh_79HWk1-UcRvqOyr_1GjP8?authuser=0&hl=fr&rclk=1,Etanchéité du Limousin,Entrepreneur,6 All. des Gravelles,05 55 39 72 99,https://etancheite-du-limousin.com/,3,-2
"https://www.google.com/maps/place/CCE+2000+charpente+industrielle,+traditionnelle+,+ossature+bois,+bardage/data=!4m7!3m6!1s0x47f94b1a49796e97:0xc040eca4d548c761!8m2!3d45.900449!4d1.3107693!16s%2Fg%2F11y3yb2jh_!19sChIJl255SRpL-UcRYcdI1aTsQMA?authuser=0&hl=fr&rclk=1","CCE 2000 charpente industrielle, traditionnelle , ossature bois, bardage",Charpentier,10 Le Grand Pacage allée du,05 55 36 70 20,,5,-1
https://www.google.com/maps/place/SAPA+87+Traitement+Bois+Termites/data=!4m7!3m6!1s0x47f9359ec6efdc0f:0x5e76e8a8af107385!8m2!3d45.8359437!4d1.256071!16s%2Fg%2F11j2zz9jtk!19sChIJD9zvxp41-UcRhXMQr6jodl4?authuser=0&hl=fr&rclk=1,SAPA 87 Traitement Bois Termites,Service d'extermination des nuisibles,38 Rue François Chénieux,05 55 35 04 22,https://www.sapa-traitement.com/haute-vienne-87.html,5,-3
https://www.google.com/maps/place/Aquilipli/data=!4m7!3m6!1s0x47f933bb21ee881b:0xd41c7b311b71b49d!8m2!3d45.794788!4d1.2971815!16s%2Fg%2F11gg67yfy5!19sChIJG4juIbsz-UcRnbRxGzF7HNQ?authuser=0&hl=fr&rclk=1,Aquilipli,Entreprise de transformation des métaux,·,05 55 09 77 97,https://www.aquilipli.fr/,"3,9",-15
https://www.google.com/maps/place/TECHNI-MURS+87/data=!4m7!3m6!1s0x47f93563cd61903f:0x2418e1f7617d8ce9!8m2!3d45.8957093!4d1.276944!16s%2Fg%2F11b5pjkk_4!19sChIJP5BhzWM1-UcR6Yx9YffhGCQ?authuser=0&hl=fr&rclk=1,TECHNI-MURS 87,Entrepreneur spécialisé dans l'isolation,·,05 55 37 13 13,http://www.techni-murs.com/,"4,2",-44
https://www.google.com/maps/place/Les+Ateliers+RAYNAUD+-+Limoges+Haute-Vienne/data=!4m7!3m6!1s0x47f9358365149407:0xa7aab44fed4adabc!8m2!3d45.871871!4d1.271236!16s%2Fg%2F11fk1dnwtw!19sChIJB5QUZYM1-UcRvNpK7U-0qqc?authuser=0&hl=fr&rclk=1,Les Ateliers RAYNAUD - Limoges Haute-Vienne,Atelier de menuiserie,16 Rue Pierre Michaux,05 55 37 22 90,https://www.google.com/aclk?sa=L&ai=DChsSEwi_xavxhL6UAxU9qGgJHWSJDIAYACICCAEQDRoCd2Y&co=1&ase=2&gclid=CjwKCAjwq6DQBhBVEiwA4ZD5XPqMsY3NVCPop6scTZqqqrzx39Z5n5EFoFiB3COVlxUO27zKthjSlxoCYdAQAvD_BwE&cce=2&category=acrcp_v1_32&sig=AOD64_2cfKdK8N2eMM_wm_XQFRhvCFGohg&adurl&q&ctype=99&nis=6,"4,4",-124
https://www.google.com/maps/place/MC+Services/data=!4m7!3m6!1s0x47f9371d22df912d:0xd4c0cf5c55e67fa8!8m2!3d45.813301!4d1.304654!16s%2Fg%2F11bc96c7yq!19sChIJLZHfIh03-UcRqH_mVVzPwNQ?authuser=0&hl=fr&rclk=1,MC Services,Entrepreneur spécialisé dans les clôtures,16 Rue Jean Mermoz,05 55 09 54 02,https://www.google.com/aclk?sa=L&ai=DChsSEwi_xavxhL6UAxU9qGgJHWSJDIAYACICCAEQBBoCd2Y&co=1&ase=2&gclid=CjwKCAjwq6DQBhBVEiwA4ZD5XByTf-mTgVk8oaV6MJ7Fh72jZsCNYWaKZVZKju-pwF4TT-M786KwBRoCWycQAvD_BwE&cce=2&category=acrcp_v1_32&sig=AOD64_1l2lWFprZLF19415okERCd3IRvTw&adurl&q&ctype=99&nis=6,"4,6",-46
https://www.google.com/maps/place/As+Metallerie/data=!4m7!3m6!1s0x47f94b82690f040f:0xd65f42beeef0e1cc!8m2!3d45.9211427!4d1.3202998!16s%2Fg%2F11sbvvz6bt!19sChIJDwQPaYJL-UcRzOHw7r5CX9Y?authuser=0&hl=fr&rclk=1,As Metallerie,Chaudronnerie,·,07 53 41 62 83,https://www.as-metallerie.fr/,5,-4
https://www.google.com/maps/place/MGE+LIMOGES/data=!4m7!3m6!1s0x47f93707f8ca5079:0x4e4a89aca34d9ba0!8m2!3d45.8866268!4d1.3980901!16s%2Fg%2F11xg09q0v1!19sChIJeVDK-Ac3-UcRoJtNo6yJSk4?authuser=0&hl=fr&rclk=1,MGE LIMOGES,Entreprise d'étanchéité,18 Rue Jean Gagnant,07 60 80 47 52,https://www.mge-limoges.fr/,,
https://www.google.com/maps/place/Daniel+Gendarme/data=!4m7!3m6!1s0x47f9339878994b57:0xcd7ceb3042d8b33c!8m2!3d45.8017055!4d1.2942389!16s%2Fg%2F11hy_z0szd!19sChIJV0uZeJgz-UcRPLPYQjDrfM0?authuser=0&hl=fr&rclk=1,Daniel Gendarme,Couvreur,"Crochat, Rue de Toulouse",06 37 50 71 72,,"2,2",-6
https://www.google.com/maps/place/Guillet+Et+Fils/data=!4m7!3m6!1s0x47f93342a1121dc3:0x6aa2a7512d1b5ff3!8m2!3d45.8100909!4d1.2663595!16s%2Fg%2F11btmqr2rd!19sChIJwx0SoUIz-UcR818bLVGnomo?authuser=0&hl=fr&rclk=1,Guillet Et Fils,Peintre en bâtiment,17 Rue de Tourcoing,05 55 30 21 71,https://guillet-fils.fr/,"4,8",-33
https://www.google.com/maps/place/Etanche+2000+Sas/data=!4m7!3m6!1s0x47f94a0d18ab06bd:0xab230237f2840987!8m2!3d45.899805!4d1.3107448!16s%2Fg%2F1wc47b2g!19sChIJvQarGA1K-UcRhwmE8jcCI6s?authuser=0&hl=fr&rclk=1,Etanche 2000 Sas,Peintre en bâtiment,10 Le Grand Pacage,05 55 36 70 20,https://etanche2000.fr/,5,-5
https://www.google.com/maps/place/BOUGNOTEAU+SAS/data=!4m7!3m6!1s0x47f934ef0b991b0b:0x29f9192b7ac4b95b!8m2!3d45.8478465!4d1.2759074!16s%2Fg%2F1xcbn_04!19sChIJCxuZC-80-UcRW7nEeisZ-Sk?authuser=0&hl=fr&rclk=1,BOUGNOTEAU SAS,Chauffagiste,·,05 55 38 10 30,http://www.bougnoteau.com/,"3,9",-102
https://www.google.com/maps/place/Couvr%27Toit+87+-+S%C3%A9bastien+Ruaud/data=!4m7!3m6!1s0x47f94b155388e393:0x7c72b4e030ddb3a2!8m2!3d45.857899!4d1.30831!16s%2Fg%2F11rv6gscqf!19sChIJk-OIUxVL-UcRorPdMOC0cnw?authuser=0&hl=fr&rclk=1,Couvr'Toit 87 - Sébastien Ruaud,Couvreur,10 Rue de Ventenat,06 71 75 45 65,http://couvrtoit87.site-solocal.com/,"4,4",-8
https://www.google.com/maps/place/3f+Peinture/data=!4m7!3m6!1s0x47f93336fae5290b:0xfe7db2b50cc73702!8m2!3d45.8102727!4d1.2709861!16s%2Fg%2F11h6d74nkd!19sChIJCynl-jYz-UcRAjfHDLWyff4?authuser=0&hl=fr&rclk=1,3f Peinture,Peintre en bâtiment,"Parc A Romanet, 38 Rue Bernard Lathière",05 55 00 19 84,http://www.3f-peinture.fr/?utm_source=gmb,"4,9",-136
https://www.google.com/maps/place/Bardet+Pailler+et+Cie/data=!4m7!3m6!1s0x47f934c89ad5009b:0xd2b8a0b87f8da90f!8m2!3d45.8430507!4d1.2580078!16s%2Fg%2F1tl1h7hh!19sChIJmwDVmsg0-UcRD6mNf7iguNI?authuser=0&hl=fr&rclk=1,Bardet Pailler et Cie,Plombier,23 Rue Anatole France,05 55 77 31 15,https://www.bardet-pailler.com/,"2,2",-13
https://www.google.com/maps/place/MT+Peintures/data=!4m7!3m6!1s0x47f935689b2f37c3:0x47e3cbcaaa2c3e76!8m2!3d45.886902!4d1.2739141!16s%2Fg%2F1hc3f9c2l!19sChIJwzcvm2g1-UcRdj4sqsrL40c?authuser=0&hl=fr&rclk=1,MT Peintures,Peintre en bâtiment,9 Rue Berthie Albrecht,05 55 38 42 33,http://www.peintre-limoges.fr/?utm_source=gmb,"4,9",-80
https://www.google.com/maps/place/MURPROTEC+PERPIGNAN/data=!4m7!3m6!1s0x12b06fd73e0fa9cb:0x5b32059168ce5015!8m2!3d42.7239!4d2.886732!16s%2Fg%2F113hzr7m9!19sChIJy6kPPtdvsBIRFVDOaJEFMls?authuser=0&hl=fr&rclk=1,MURPROTEC PERPIGNAN,Centre de diagnostic,1 Rue Camille Corot,04 68 85 02 75,https://www.google.com/aclk?sa=L&ai=DChsSEwjgsveUhb6UAxWYMQYAHcLYC48YACICCAEQABoCd3M&co=1&ase=2&gclid=CjwKCAjwq6DQBhBVEiwA4ZD5XG-hmPmeqXQwuUXwQeSBpt-CBqHBypo7YsznVwbBUkfwLElYKZdROhoCotQQAvD_BwE&cce=2&category=acrcp_v1_32&sig=AOD64_2EqiiX7TVJA34CrDqsfPj1K3PUVg&adurl&q&ctype=99&nis=6,"4,5",-47
"https://www.google.com/maps/place/Debord+Renov+Bati+Perpignan+66+couvreur+zinguerie+charpente+%C3%89tanch%C3%A9it%C3%A9,+entretien+toiture,+peinture+g%C3%A9n%C3%A9rale,/data=!4m7!3m6!1s0x12b0699780456445:0x4369daa8a7fc705a!8m2!3d42.7000251!4d2.8867914!16s%2Fg%2F11lgzftryh!19sChIJRWRFgJdpsBIRWnD8p6jaaUM?authuser=0&hl=fr&rclk=1","Debord Renov Bati Perpignan 66 couvreur zinguerie charpente Étanchéité, entretien toiture, peinture générale,",Couvreur,1 Cr Lazare Escarguel,04 11 64 93 00,http://www.debord-renovbati.fr/,"4,3",-40
https://www.google.com/maps/place/Entreprise+BEAR+-+Couvreur+Ma%C3%A7on/data=!4m7!3m6!1s0x12b06e4cd7881e3f:0x95f27a57f029acf!8m2!3d42.6826482!4d2.8701851!16s%2Fg%2F11clyfpz5x!19sChIJPx6I10xusBIRz5oCf6UnXwk?authuser=0&hl=fr&rclk=1,Entreprise BEAR - Couvreur Maçon,Entrepreneur spécialisé dans l'isolation,399 Rue Pierre Pascal Fauvelle,04 68 80 92 36,http://www.entreprise-bear.fr/?utm_source=gmb,5,-45
https://www.google.com/maps/place/Techno+B%C3%A2t+-Batiment/data=!4m7!3m6!1s0x12b06c2907ea9fe9:0x337c70e4e42d426e!8m2!3d42.7307238!4d2.8887272!16s%2Fg%2F1thvj_54!19sChIJ6Z_qBylssBIRbkIt5ORwfDM?authuser=0&hl=fr&rclk=1,Techno Bât -Batiment,Travaux généraux,·,04 68 92 50 41,https://www.technobat-perpignan.fr/,"4,6",-9
https://www.google.com/maps/place/Colombus+Habitat/data=!4m7!3m6!1s0x12b06da15f472921:0x44dee82fd9938f93!8m2!3d42.6998194!4d2.8894175!16s%2Fg%2F11fstm5drx!19sChIJISlHX6FtsBIRk4-T2S_o3kQ?authuser=0&hl=fr&rclk=1,Colombus Habitat,Couvreur,37 Bd Georges Clemenceau,06 99 95 49 69,http://couvreur-colombushabitat.fr/,"4,6",-47
https://www.google.com/maps/place/SMAC/data=!4m7!3m6!1s0x12b06db5d77af7bf:0x29832c1b4123a73!8m2!3d42.6906179!4d2.834973!16s%2Fg%2F11jp3st4z_!19sChIJv_d617VtsBIRczoStMEymAI?authuser=0&hl=fr&rclk=1,SMAC,Entrepreneur spécialisé dans l'isolation,·,0 800 70 32 32,https://www.smac-sa.com/agence/smac-perpignan/?utm_source=gmb&utm_medium=CTA-WEB&utm_campaign=Perpignan,"4,3",-7
https://www.google.com/maps/place/ETANCHEITE+66/data=!4m7!3m6!1s0x12b06e6a2fccd33b:0x2dbc555d9d3f6450!8m2!3d42.6960607!4d2.8750831!16s%2Fg%2F11b6dpzw22!19sChIJO9PML2pusBIRUGQ_nV1VvC0?authuser=0&hl=fr&rclk=1,ETANCHEITE 66,Couvreur,3 bis Rue Eugène Sue,06 95 36 52 48,,4,-3
https://www.google.com/maps/place/Charpentes+Ossatures+M%C3%A9diterran%C3%A9e/data=!4m7!3m6!1s0x12b06ebd85839483:0x366d634233f3a685!8m2!3d42.6776152!4d2.8936415!16s%2Fg%2F119whdj04!19sChIJg5SDhb1usBIRhabzM0JjbTY?authuser=0&hl=fr&rclk=1,Charpentes Ossatures Méditerranée,Charpentier,150 Chem. de la Passio Vella,04 68 61 12 50,https://com66.fr/,,
https://www.google.com/maps/place/Lariviere/data=!4m7!3m6!1s0x12b06edc4651dd85:0x3442f79eaba3ad0c!8m2!3d42.73169!4d2.892932!16s%2Fg%2F1hc5tljw8!19sChIJhd1RRtxusBIRDK2jq573QjQ?authuser=0&hl=fr&rclk=1,Lariviere,Magasin de materiaux de construction,·,04 68 29 31 29,https://www.lariviere.fr/trouver-votre-agence/lariviere-SEB/entry-440-lariviere-perpignan.html,"4,1",-15
https://www.google.com/maps/place/ORBAT/data=!4m7!3m6!1s0x12b06d67481e8f65:0x652ec0021b4fe9ec!8m2!3d42.6816596!4d2.8746235!16s%2Fg%2F11qk1gcsq1!19sChIJZY8eSGdtsBIR7OlPGwLALmU?authuser=0&hl=fr&rclk=1,ORBAT,Travaux généraux,6 rue Felix Depardon,04 68 67 37 70,https://www.orbat.fr/,5,-2
https://www.google.com/maps/place/Dispano+Perpignan/data=!4m7!3m6!1s0x12b06ed0a4a87d93:0xa2773594f0bba037!8m2!3d42.7283359!4d2.894392!16s%2Fg%2F1trzsml7!19sChIJk32opNBusBIRN6C78JQ1d6I?authuser=0&hl=fr&rclk=1,Dispano Perpignan,Négociant en bois,·,04 68 61 26 81,https://www.dispano.fr/infos-agence/perpignan-dispano-5920,"4,4",-19
"https://www.google.com/maps/place/Art+et+Fen%C3%AAtres+%F0%9F%8F%A1+Menuiserie+Alu+PVC,+portail,+volet,+pergola,+porte+de+garage,+porte+d%27entr%C3%A9e,+store,+moustiquaire+Perpignan/data=!4m7!3m6!1s0x12b071a2ccdf7d33:0xc022e189fe51f50c!8m2!3d42.6691214!4d2.8978915!16s%2Fg%2F11b6sdwdcw!19sChIJM33fzKJxsBIRDPVR_onhIsA?authuser=0&hl=fr&rclk=1","Art et Fenêtres 🏡 Menuiserie Alu PVC, portail, volet, pergola, porte de garage, porte d'entrée, store, moustiquaire Perpignan",Atelier de menuiserie,·,04 48 07 06 77,https://www.art-design-groupe.fr/,"4,8",-561
https://www.google.com/maps/place/Sola+Metal/data=!4m7!3m6!1s0x12b06f2159739a95:0x8cc87f1bca0fb722!8m2!3d42.7338313!4d2.9024379!16s%2Fg%2F11hzwffbts!19sChIJlZpzWSFvsBIRIrcPyht_yIw?authuser=0&hl=fr&rclk=1,Sola Metal,Charpentier,80 Rue Jean Baptiste Biot,06 50 56 91 28,https://sola-metal.fr/,3,-2
https://www.google.com/maps/place/Gilva+S.A+-+Constructeur+b%C3%A2timents+pr%C3%A9fabriqu%C3%A9s/data=!4m7!3m6!1s0xd513f54113d99fd:0xd95cafc8c9a2c991!8m2!3d42.664986!4d2.908234!16s%2Fg%2F11cs3_1b_b!19sChIJ_Zk9EVQ_UQ0RkcmiycivXNk?authuser=0&hl=fr&rclk=1,Gilva S.A - Constructeur bâtiments préfabriqués,Constructeur de structures en béton,81 Rue James Watt,06 66 93 89 66,https://gilva.fr/,1,-1
https://www.google.com/maps/place/AG+M%C3%A9tal/data=!4m7!3m6!1s0x12b068e29ef00001:0xdc69c798c218454!8m2!3d42.8022756!4d2.8895187!16s%2Fg%2F11pwygk59z!19sChIJAQDwnuJosBIRVIQhjHmcxg0?authuser=0&hl=fr&rclk=1,AG Métal,Entreprise de conception de charpente métallique,"Espace Entreprise Mediterranée, 5 Av. Benoît Fourneyron",04 68 63 65 09,https://www.agmetal66.com/,4,-5
https://www.google.com/maps/place/Torras+M%C3%A9tallerie/data=!4m7!3m6!1s0x12b0692a380a010d:0xcee2cfa79becca88!8m2!3d42.7529928!4d2.8962595!16s%2Fg%2F11c5_2nj60!19sChIJDQEKOCppsBIRiMrsm6fP4s4?authuser=0&hl=fr&rclk=1,Torras Métallerie,Serrurier,"lieu-dit Patau, Rte de Rivesaltes",04 68 92 06 80,https://torras.fr/,"3,8",-16
https://www.google.com/maps/place/BOIS+DU+ROUSSILLON/data=!4m7!3m6!1s0x12b07595e786e0bd:0x4d2f44ed9b1642c9!8m2!3d42.5340258!4d2.8333225!16s%2Fg%2F11gbk4z939!19sChIJveCG55V1sBIRyUIWm-1EL00?authuser=0&hl=fr&rclk=1,BOIS DU ROUSSILLON,Négociant en bois,·,04 68 83 17 95,http://boisduroussillon.com/,"4,7",-55
https://www.google.com/maps/place/MPM/data=!4m7!3m6!1s0x12b0731a8a856667:0xbc7146abb1006783!8m2!3d42.658866!4d2.8306973!16s%2Fg%2F11vq3vlv1y!19sChIJZ2aFihpzsBIRg2cAsatGcbw?authuser=0&hl=fr&rclk=1,MPM,Atelier de menuiserie,·,06 81 67 73 24,https://www.monprojetmenuiserie.fr/,5,-8
https://www.google.com/maps/place/Palmade+Andr%C3%A9/data=!4m7!3m6!1s0x12b0690cbc7a9951:0x2fa10b0f0477866e!8m2!3d42.7830383!4d2.8787402!16s%2Fg%2F1td8nwv7!19sChIJUZl6vAxpsBIRboZ3BA8LoS8?authuser=0&hl=fr&rclk=1,Palmade André,Charpentier,11 Av. du Ginèbre,04 68 51 10 96,,5,-2
https://www.google.com/maps/place/BMC+66+-+Couverture+-+Zinguerie/data=!4m7!3m6!1s0x12b00b119fa7449d:0x6f1e5a42dc937627!8m2!3d42.5406084!4d2.699708!16s%2Fg%2F11pblyw09l!19sChIJnUSnnxELsBIRJ3aT3EJaHm8?authuser=0&hl=fr&rclk=1,BMC 66 - Couverture - Zinguerie,Couvreur,12 Chem. de reynes,06 09 94 16 63,http://bmc66.fr/,5,-12
https://www.google.com/maps/place/Julac/data=!4m7!3m6!1s0x12baa163617b86cd:0xcd8d3a419ae571e9!8m2!3d42.5014469!4d2.7675969!16s%2Fg%2F11vwrm8kgf!19sChIJzYZ7YWOhuhIR6XHlmkE6jc0?authuser=0&hl=fr&rclk=1,Julac,Fabricant,16 Rue du Néoulous,06 23 99 42 41,https://www.julac.fr/,5,-3
https://www.google.com/maps/place/MURPROTEC+PERPIGNAN/data=!4m7!3m6!1s0x12b06fd73e0fa9cb:0x5b32059168ce5015!8m2!3d42.7239!4d2.886732!16s%2Fg%2F113hzr7m9!19sChIJy6kPPtdvsBIRFVDOaJEFMls?authuser=0&hl=fr&rclk=1,MURPROTEC PERPIGNAN,Centre de diagnostic,1 Rue Camille Corot,04 68 85 02 75,https://www.google.com/aclk?sa=L&ai=DChsSEwj-5Pyahb6UAxX0OgYAHSx7JZcYACICCAEQABoCd3M&co=1&ase=2&gclid=CjwKCAjwq6DQBhBVEiwA4ZD5XFVEWsG7m2hujXXW51oqFVAzjnp3FNVSh6rWb71E9flZyG3QvU6vCBoCFEAQAvD_BwE&cce=2&category=acrcp_v1_32&sig=AOD64_1Bfuii8zB8TqxabxfWWSdFaNfejw&adurl&q&ctype=99&nis=6,"4,5",-47
https://www.google.com/maps/place/Avenir+R%C3%A9novations+-+Narbonne/data=!4m7!3m6!1s0x12b053ae6b0dd1dd:0x7fb92e2dcb1d23a9!8m2!3d43.135493!4d2.961567!16s%2Fg%2F11tp9vryz0!19sChIJ3dENa65TsBIRqSMdyy0uuX8?authuser=0&hl=fr&rclk=1,Avenir Rénovations - Narbonne,Travaux généraux,24 Rue de la Comète,04 81 68 97 63,https://www.google.com/aclk?sa=L&ai=DChsSEwj-5Pyahb6UAxX0OgYAHSx7JZcYACICCAEQARoCd3M&co=1&ase=2&gclid=CjwKCAjwq6DQBhBVEiwA4ZD5XCzeyMm4hAXgF8rrrgr2qpTmdoaHjQxs1qklo4Kg5b16kSMVbkzm8BoCzU8QAvD_BwE&cce=2&category=acrcp_v1_32&sig=AOD64_2vXU7kr5xNrxhaUTRqZna94CxgXA&adurl&q&ctype=99&nis=6,"4,9",-29
https://www.google.com/maps/place/Climat+Actif+66/data=!4m7!3m6!1s0xa8400fc22081785d:0xc2028eb100bf16bf!8m2!3d42.6257304!4d2.449662!16s%2Fg%2F11yb67k138!19sChIJXXiBIMIPQKgRvxa_ALGOAsI?authuser=0&hl=fr&rclk=1,Climat Actif 66,Fournisseur de systèmes de climatisation,·,07 88 39 54 73,http://climatactif66.com/,5,-33
https://www.google.com/maps/place/MDF+Gouttieres/data=!4m7!3m6!1s0x12baa1068727ce2f:0x41d4afb55283f3d4!8m2!3d42.5022557!4d2.760871!16s%2Fg%2F11fkds3b_4!19sChIJL84nhwahuhIR1PODUrWv1EE?authuser=0&hl=fr&rclk=1,MDF Gouttieres,Fournisseur d'aluminium,·,06 69 68 54 91,http://mdf-gouttieres.fr/?utm_source=gmb,"4,7",-16
https://www.google.com/maps/place/Allan+Gomez+Batitoiture/data=!4m7!3m6!1s0x12b075926ff41c29:0xb8fbab4345549228!8m2!3d42.6257304!4d2.449662!16s%2Fg%2F11gg657y5_!19sChIJKRz0b5J1sBIRKJJURUOr-7g?authuser=0&hl=fr&rclk=1,Allan Gomez Batitoiture,Couvreur,·,06 66 81 72 59,,5,-21
https://www.google.com/maps/place/TPE+Taponnot+Entreprise/data=!4m7!3m6!1s0x478d624285410297:0xf53e93fcc2a0c0ce!8m2!3d47.272587!4d5.991499!16s%2Fg%2F1tslhmgx!19sChIJlwJBhUJijUcRzsCgwvyTPvU?authuser=0&hl=fr&rclk=1,TPE Taponnot Entreprise,Société de travaux publics,9 Rue du Vallon,03 81 80 72 55,https://www.google.com/aclk?sa=L&ai=DChsSEwjKkpaqhb6UAxU8pmgJHUDAHCcYACICCAEQBBoCd2Y&co=1&ase=2&gclid=CjwKCAjwq6DQBhBVEiwA4ZD5XN_qhnj-82A0-Hie4ldyJvc6__mkAVpOQ9zx-o2FbBL3ddZ2DD0eshoCnq8QAvD_BwE&cce=2&category=acrcp_v1_32&sig=AOD64_0pvpj_n28LVy-1cYlm9IJ4ARvN_w&adurl&q&ctype=99&nis=6,"4,3",-38
https://www.google.com/maps/place/Avenir+R%C3%A9novations+Besan%C3%A7on+%2825%29/data=!4m7!3m6!1s0x478d65cc9503c841:0x98defc019328f480!8m2!3d47.212559!4d5.970826!16s%2Fg%2F11w4ckd2sb!19sChIJQcgDlcxljUcRgPQokwH83pg?authuser=0&hl=fr&rclk=1,Avenir Rénovations Besançon (25),Travaux généraux,14 Rue la Fayette,03 53 64 05 82,https://www.google.com/aclk?sa=L&ai=DChsSEwjKkpaqhb6UAxU8pmgJHUDAHCcYACICCAEQAhoCd2Y&co=1&ase=2&gclid=CjwKCAjwq6DQBhBVEiwA4ZD5XPbuozlzOchEVUoZXoObAPP8yHyJgq6ZS98bCQOCR5Bif1tIYS6yXRoCU40QAvD_BwE&cce=2&category=acrcp_v1_32&sig=AOD64_1_JwiwubrmA-nxW3FPme3jTw2SEA&adurl&q&ctype=99&nis=6,"4,5",-16
https://www.google.com/maps/place/Ribard+R%C3%A9novation+Couvreur+-+Zingueur+-+Nettoyage+de+fa%C3%A7ade+-+Besan%C3%A7on/data=!4m7!3m6!1s0x4792f65f8b80485b:0xcbe6fd917486265e!8m2!3d47.2792788!4d5.9928125!16s%2Fg%2F11dz5q8h5j!19sChIJW0iAi1_2kkcRXiaGdJH95ss?authuser=0&hl=fr&rclk=1,Ribard Rénovation Couvreur - Zingueur - Nettoyage de façade - Besançon,Couvreur,27 Rue de Châtillon,06 78 00 22 02,https://www.ribard-renovation.fr/,"4,7",-75
https://www.google.com/maps/place/Fa%C3%A7ades+Bisontines/data=!4m7!3m6!1s0x478d6303401faba9:0x4161d2eeaba6e05!8m2!3d47.2885725!4d5.9969926!16s%2Fg%2F11ddww9nmk!19sChIJqasfQANjjUcRBW666i4dFgQ?authuser=0&hl=fr&rclk=1,Façades Bisontines,Entrepreneur spécialisé dans l'isolation,·,03 81 25 55 47,http://www.facades-bisontines.com/,"4,4",-47
https://www.google.com/maps/place/RIP-EX+Facades+-+Fa%C3%A7adier+Besan%C3%A7on/data=!4m7!3m6!1s0x478d6303e19b0dcd:0xac67e6d61aeceff2!8m2!3d47.1424245!4d6.1973485!16s%2Fg%2F11rcndpt81!19sChIJzQ2b4QNjjUcR8u_sGtbmZ6w?authuser=0&hl=fr&rclk=1,RIP-EX Facades - Façadier Besançon,Entrepreneur spécialisé dans l'isolation,·,06 05 75 36 27,https://rip-ex.fr/,"4,1",-14
https://www.google.com/maps/place/B%C3%82TI+FA%C3%87ADES/data=!4m7!3m6!1s0x478d6169630f2d6b:0xdd54d0e7abc097e4!8m2!3d47.2578007!4d5.9222021!16s%2Fg%2F11fxxw7kkn!19sChIJay0PY2lhjUcR5JfAq-fQVN0?authuser=0&hl=fr&rclk=1,BÂTI FAÇADES,Entrepreneur spécialisé dans l'isolation,·,09 53 54 05 49,https://www.batifacades.com/,4,-29
https://www.google.com/maps/place/ANGELOT+BERCHE/data=!4m7!3m6!1s0x478d6214d93a13a9:0x92871c480999c2b!8m2!3d47.2762383!4d5.982038!16s%2Fg%2F1tw1cr8v!19sChIJqRM62RRijUcRK5yZgMRxKAk?authuser=0&hl=fr&rclk=1,ANGELOT BERCHE,Couvreur,·,03 81 40 10 11,https://www.angelot-berche.fr/,"4,3",-17
https://www.google.com/maps/place/Groupe+Le+Carr%C3%A9+Besan%C3%A7on+%28CCH%29/data=!4m7!3m6!1s0x478d63be30ce7d23:0x47ae16586c18f6cd!8m2!3d47.2354573!4d5.9780824!16s%2Fg%2F11b6d5l7hm!19sChIJI33OML5jjUcRzfYYbFgWrkc?authuser=0&hl=fr&rclk=1,Groupe Le Carré Besançon (CCH),Entrepreneur spécialisé dans l'isolation,·,03 81 53 59 83,https://www.groupelecarre-besancon.fr/?utm_source=gmb,"4,7",-22
https://www.google.com/maps/place/Facades+25/data=!4m7!3m6!1s0x478d620d9639391d:0x9708060ddfb20d0c!8m2!3d47.3199539!4d5.9767189!16s%2Fg%2F1tfrwdbj!19sChIJHTk5lg1ijUcRDA2y3w0GCJc?authuser=0&hl=fr&rclk=1,Facades 25,Entrepreneur spécialisé dans l'isolation,·,03 81 58 87 06,https://www.facades-25-besancon.eu/,"4,1",-40
https://www.google.com/maps/place/BONGLET+Besan%C3%A7on/data=!4m7!3m6!1s0x478d61cd873cda9f:0xc6d651b4f25643d2!8m2!3d47.2349168!4d5.9849051!16s%2Fg%2F11s9ngkbw2!19sChIJn9o8h81hjUcR0kNW8rRR1sY?authuser=0&hl=fr&rclk=1,BONGLET Besançon,Entrepreneur spécialisé dans l'isolation,·,03 84 87 14 43,https://particulier.bonglet.fr/?utm_source=gbp&utm_medium=organic&utm_campaign=agence-besancon,"4,6",-39
https://www.google.com/maps/place/TECNIBAT/data=!4m7!3m6!1s0x478d63151bc7c93f:0x8e04f9741b3358e5!8m2!3d47.232147!4d5.9698646!16s%2Fg%2F11q_bp2b5s!19sChIJP8nHGxVjjUcR5VgzG3T5BI4?authuser=0&hl=fr&rclk=1,TECNIBAT,Peintre en bâtiment,32 Rue Thomas Edison,03 81 48 51 91,https://tecnibat.fr/,"4,8",-35
https://www.google.com/maps/place/La+Bisontine+de+Couverture/data=!4m7!3m6!1s0x478d634886b5ac87:0x57e37ae16f0ae309!8m2!3d47.2290805!4d6.0312247!16s%2Fg%2F1th0x7r6!19sChIJh6y1hkhjjUcRCeMKb-F641c?authuser=0&hl=fr&rclk=1,La Bisontine de Couverture,Couvreur,4 Fbg Tarragnoz,03 81 40 53 15,http://www.bisontinedecouverture.coop/,"4,3",-6
https://www.google.com/maps/place/Moyse+3D+:+R%C3%A9novation+et+am%C3%A9nagements+ext%C3%A9rieurs/data=!4m7!3m6!1s0x478d63f27d523079:0xcfec654d7a83c601!8m2!3d47.2244711!4d5.9693993!16s%2Fg%2F11dyntrmrf!19sChIJeTBSffJjjUcRAcaDek1l7M8?authuser=0&hl=fr&rclk=1,Moyse 3D : Rénovation et aménagements extérieurs,Entrepreneur spécialisé dans l'isolation,·,03 81 47 41 10,https://moyse3d.fr/amenagement-renovation-maison-besancon/,"3,9",-74
https://www.google.com/maps/place/sarl+ERARD/data=!4m7!3m6!1s0x4792833bdeb17f57:0x852798b23b4fa185!8m2!3d47.3415844!4d6.08179!16s%2Fg%2F11f3n9ypyt!19sChIJV3-x3juDkkcRhaFPO7KYJ4U?authuser=0&hl=fr&rclk=1,sarl ERARD,Couvreur,10 Rte de Cromary,07 86 79 84 43,https://www.sarlerard.fr/,"4,2",-5
https://www.google.com/maps/place/PPF+Besan%C3%A7on/data=!4m7!3m6!1s0x478d618ce06b8af3:0xd6e05009c98d10f9!8m2!3d47.257993!4d5.922457!16s%2Fg%2F11r113j5n7!19sChIJ84pr4IxhjUcR-RCNyQlQ4NY?authuser=0&hl=fr&rclk=1,PPF Besançon,Entrepreneur spécialisé dans l'isolation,·,03 74 09 83 73,https://ppf.fr/reseau-ppf/ppf-notre-reseau/agence-ppf-25-besancon/,"4,7",-57
https://www.google.com/maps/place/Pateu+Et+Robert+Bureaux/data=!4m7!3m6!1s0x478d63bc5ab775d1:0x3140d233e05037a6!8m2!3d47.2401872!4d5.9853131!16s%2Fg%2F11cnz5q5hh!19sChIJ0XW3WrxjjUcRpjdQ4DPSQDE?authuser=0&hl=fr&rclk=1,Pateu Et Robert Bureaux,Charpentier,7 Rue Albert Thomas,03 81 54 57 57,,"2,8",-4
https://www.google.com/maps/place/Toiture+Cottin/data=!4m7!3m6!1s0x47929d0b866bcffd:0x1e59bec0def0eeb6!8m2!3d47.3037644!4d5.979501!16s%2Fg%2F11wqxp1sky!19sChIJ_c9rhgudkkcRtu7w3sC-WR4?authuser=0&hl=fr&rclk=1,Toiture Cottin,Charpentier,Chem. de l'Ancienne Gare,07 69 49 30 87,,5,-14
https://www.google.com/maps/place/C.C.T./data=!4m7!3m6!1s0x47929ddb6e255555:0x221bb159734ea668!8m2!3d47.3012202!4d5.9398244!16s%2Fg%2F11dz1k4v19!19sChIJVVUlbtudkkcRaKZOc1mxGyI?authuser=0&hl=fr&rclk=1,C.C.T.,Couvreur,7 Rue de Nicoray,09 74 56 40 16,http://www.couvreur-besancon.fr/?utm_medium=referral&utm_source=gmb&utm_campaign=lnk-gmb,"4,5",-6
https://www.google.com/maps/place/Rs+Nettoyage+-+Nettoyage+de+vitres+-+Panneaux+solaires+-+Bardage/data=!4m7!3m6!1s0x6625e1472775efbb:0x83cca96f26528d5c!8m2!3d47.2522934!4d6.0391963!16s%2Fg%2F11yctnl766!19sChIJu-91J0fhJWYRXI1SJm-pzIM?authuser=0&hl=fr&rclk=1,Rs Nettoyage - Nettoyage de vitres - Panneaux solaires - Bardage,Entreprise de nettoyage de vitres,Av. de la Vaite,06 50 47 67 19,https://www.rsnettoyagebesancon.fr/,5,-24
https://www.google.com/maps/place/Nova-Toit/data=!4m7!3m6!1s0x4589387c82096a33:0xe01745b5bb8bb851!8m2!3d47.3276937!4d6.0068186!16s%2Fg%2F11kk7w4ws_!19sChIJM2oJgnw4iUURUbiLu7VFF-A?authuser=0&hl=fr&rclk=1,Nova-Toit,Couvreur,·,07 84 31 27 32,https://www.nova-toit.fr/,5,-37
https://www.google.com/maps/place/Cpcm/data=!4m7!3m6!1s0x478d5d9a2569b8c3:0xd4eabd308be7a84!8m2!3d47.1926111!4d5.8254514!16s%2Fg%2F11f62h5dvx!19sChIJw7hpJZpdjUcRhHq-CNOrTg0?authuser=0&hl=fr&rclk=1,Cpcm,Entreprise de construction,·,03 81 60 76 60,https://www.cpcm.fr/,4,-11
https://www.google.com/maps/place/Bidal+Toiture/data=!4m7!3m6!1s0x478d6f4f6bd5ff61:0x34934e7659974d10!8m2!3d47.1242775!4d5.9427668!16s%2Fg%2F1tjth54p!19sChIJYf_Va09vjUcREE2XWXZOkzQ?authuser=0&hl=fr&rclk=1,Bidal Toiture,Couvreur,·,03 81 63 74 75,https://www.bidal-toiture.com/,"4,8",-19
https://www.google.com/maps/place/PPF+Besan%C3%A7on/data=!4m7!3m6!1s0x478d618ce06b8af3:0xd6e05009c98d10f9!8m2!3d47.257993!4d5.922457!16s%2Fg%2F11r113j5n7!19sChIJ84pr4IxhjUcR-RCNyQlQ4NY?authuser=0&hl=fr&rclk=1,PPF Besançon,Solutions et équipement énergétiques,17 Bis Rue des Combottes,03 74 09 83 73,https://www.google.com/aclk?sa=L&ai=DChsSEwj9-sSxhb6UAxVuimgJHYPZN5MYACICCAEQARoCd2Y&co=1&ase=2&gclid=CjwKCAjwq6DQBhBVEiwA4ZD5XK2uzbEKueKx2M4LtEPBMR8AFW8WIdY6gcQBTHcqWidUZIEHV-wLWBoC86YQAvD_BwE&cce=2&category=acrcp_v1_32&sig=AOD64_36CK1Ax5uJ6BrAkrwvB9b3MGVt9w&adurl&q&ctype=99&nis=6,"4,7",-57
https://www.google.com/maps/place/Avenir+R%C3%A9novations+Besan%C3%A7on+%2825%29/data=!4m7!3m6!1s0x478d65cc9503c841:0x98defc019328f480!8m2!3d47.212559!4d5.970826!16s%2Fg%2F11w4ckd2sb!19sChIJQcgDlcxljUcRgPQokwH83pg?authuser=0&hl=fr&rclk=1,Avenir Rénovations Besançon (25),Travaux généraux,14 Rue la Fayette,03 53 64 05 82,https://www.google.com/aclk?sa=L&ai=DChsSEwj9-sSxhb6UAxVuimgJHYPZN5MYACICCAEQAhoCd2Y&co=1&ase=2&gclid=CjwKCAjwq6DQBhBVEiwA4ZD5XBbtKBAP4B6XZ--kwIVx_GGGKBDRR1C2wO0V8U9EOURbvxs6mlz1dxoCbh8QAvD_BwE&cce=2&category=acrcp_v1_32&sig=AOD64_3eMcs-eEBQ2HOhY0fV2bZMGJ1cwQ&adurl&q&ctype=99&nis=6,"4,5",-16
https://www.google.com/maps/place/MP+BARDAGE/data=!4m7!3m6!1s0x478d4b72099f4621:0x3983de5ad285708a!8m2!3d47.0671523!4d5.4954148!16s%2Fg%2F11g9qb6f7d!19sChIJIUafCXJLjUcRinCF0lregzk?authuser=0&hl=fr&rclk=1,MP BARDAGE,Entrepreneur,405 Av. du Maréchal Juin,06 81 44 21 85,http://mp.bardage.free.fr/,5,-3
https://www.google.com/maps/place/Entreprise+kauffmann/data=!4m7!3m6!1s0x4dfcf90b27851f41:0xa336a906e91b2498!8m2!3d47.1729763!4d5.9145467!16s%2Fg%2F11ynr3xz8w!19sChIJQR-FJwv5_E0RmCQb6QapNqM?authuser=0&hl=fr&rclk=1,Entreprise kauffmann,Façadier,·,06 77 57 90 84,http://renovation-kauffmann.com/,5,-1
https://www.google.com/maps/place/Tony+toiture/data=!4m7!3m6!1s0x2d5b1cbadb5a843b:0xfe4a08c9d7314160!8m2!3d47.2299762!4d5.8254487!16s%2Fg%2F11ybtcx72p!19sChIJO4Ra27ocWy0RYEEx18kISv4?authuser=0&hl=fr&rclk=1,Tony toiture,Couvreur,5 Grande Rue,07 71 04 39 10,,5,-4
https://www.google.com/maps/place/Simon+BIZE/data=!4m7!3m6!1s0x478d7d5ce3afefc1:0x9fa503ad6aecd24f!8m2!3d47.2801984!4d6.0732429!16s%2Fg%2F11gfjbnn2w!19sChIJwe-v41x9jUcRT9Lsaq0DpZ8?authuser=0&hl=fr&rclk=1,Simon BIZE,Couvreur,·,03 81 50 44 61,,5,-2
https://www.google.com/maps/place/Anriot+Mickael/data=!4m7!3m6!1s0x478d873a3bf492f5:0x7154210f93c22820!8m2!3d47.0977494!4d6.4171365!16s%2Fg%2F11lgjr6n5w!19sChIJ9ZL0OzqHjUcRICjCkw8hVHE?authuser=0&hl=fr&rclk=1,Anriot Mickael,Couvreur,·,06 47 07 23 80,http://www.anriot.com/,"4,6",-10
https://www.google.com/maps/place/La+Boussole+des+Travaux+du+Doubs/data=!4m7!3m6!1s0x47928183237d2821:0x359769b7ec48e5a3!8m2!3d47.315544!4d6.2366599!16s%2Fg%2F11flggrscy!19sChIJISh9I4OBkkcRo-VI7LdplzU?authuser=0&hl=fr&rclk=1,La Boussole des Travaux du Doubs,Travaux généraux,·,06 81 03 53 18,https://www.laboussoledestravauxdudoubs.com/accueil,"4,8",-87
https://www.google.com/maps/place/BONGLET+Ecole-Valentin/data=!4m7!3m6!1s0x478d62430d7b818f:0xdf937942ea860350!8m2!3d47.2694577!4d5.9910882!16s%2Fg%2F11b6dp56g3!19sChIJj4F7DUNijUcRUAOG6kJ5k98?authuser=0&hl=fr&rclk=1,BONGLET Ecole-Valentin,Façadier,·,03 81 80 22 56,https://particulier.bonglet.fr/?utm_source=gbp&utm_medium=organic&utm_campaign=agence-ecole-valentin,"2,7",-28
https://www.google.com/maps/place/Tholomier+Fr%C3%A8res/data=!4m7!3m6!1s0x478d7eb33eff9d93:0x7b1fa89b457fb12!8m2!3d47.2068361!4d6.1455955!16s%2Fg%2F1td7s2kh!19sChIJk53_PrN-jUcREvtXtIn6sQc?authuser=0&hl=fr&rclk=1,Tholomier Frères,Couvreur,43 Rue du Stade,03 81 55 71 30,http://www.facebook.com/Tholomier-freres-330608427497182/,"4,5",-19
https://www.google.com/maps/place/Doubs+Terrasses+et+Bois/data=!4m7!3m6!1s0x4792a194890af11f:0xc6a3062e6533c34c!8m2!3d47.311818!4d5.861849!16s%2Fg%2F11md0_rjhk!19sChIJH_EKiZShkkcRTMMzZS4Go8Y?authuser=0&hl=fr&rclk=1,Doubs Terrasses et Bois,Fournisseur de bois,40 Rue de Chevigney,07 45 80 25 08,https://doubsterrassesetbois.fr/,5,-8
https://www.google.com/maps/place/SARL+SF+%C3%89TANCH%C3%89IT%C3%89/data=!4m7!3m6!1s0x479211cc401c45af:0x1c931d91f9ebf6e2!8m2!3d47.4194984!4d6.7795131!16s%2Fg%2F11cly5_qxb!19sChIJr0UcQMwRkkcR4vbr-ZEdkxw?authuser=0&hl=fr&rclk=1,SARL SF ÉTANCHÉITÉ,Entreprise d'étanchéité,"12 b, Rue de la Plaine",07 81 19 34 33,http://www.sf-etancheite-franche-comte.fr/,"4,8",-10
https://www.google.com/maps/place/Votre+Extension+Bois+par+Bois+%26+Passion/data=!4m7!3m6!1s0x478d5d8c86f53973:0x2c63006f634e9334!8m2!3d47.1862129!4d5.8041236!16s%2Fg%2F11ww73nj2w!19sChIJczn1hoxdjUcRNJNOY28AYyw?authuser=0&hl=fr&rclk=1,Votre Extension Bois par Bois & Passion,Constructeur de maisons en bois,16 Rue Jean Moulin,03 39 25 05 50,https://www.votre-extension-bois.fr/,,
https://www.google.com/maps/place/2B+%7C+Bardage+%7C+Charpente/data=!4m7!3m6!1s0x478d4d9e5ebb437d:0x60f10838ef453064!8m2!3d47.1035057!4d5.5025455!16s%2Fg%2F11r8cx8tyg!19sChIJfUO7Xp5NjUcRZDBF7zgI8WA?authuser=0&hl=fr&rclk=1,2B | Bardage | Charpente,Charpentier,23 Rue Macedonio Melloni,09 83 42 82 68,https://www.societe2b.com/,5,-1
https://www.google.com/maps/place/ZTE+Aluminium/data=!4m7!3m6!1s0x43c6ca6109322c8d:0x7e560aea7c907f1d!8m2!3d47.4202705!4d6.0070576!16s%2Fg%2F11kbb6dvtd!19sChIJjSwyCWHKxkMRHX-QfOoKVn4?authuser=0&hl=fr&rclk=1,ZTE Aluminium,Couvreur,·,06 83 65 01 96,https://www.zte-aluminium.fr/,4,-4
https://www.google.com/maps/place/BONGLET+Lons-le-Saunier+:+Siege/data=!4m7!3m6!1s0x478cd8046723172d:0x4aea69e52d63a3de!8m2!3d46.6943366!4d5.559483!16s%2Fg%2F11btltcpjt!19sChIJLRcjZwTYjEcR3qNjLeVp6ko?authuser=0&hl=fr&rclk=1,BONGLET Lons-le-Saunier : Siege,Façadier,·,03 84 87 14 30,https://particulier.bonglet.fr/?utm_source=gbp&utm_medium=organic&utm_campaign=agence-lons-le-saunier,"4,2",-126
https://www.google.com/maps/place/E.D.+Bat/data=!4m7!3m6!1s0x6fae715711fdd1f7:0x76d33e53bd86351c!8m2!3d47.2602044!4d6.01226!16s%2Fg%2F11z0pgkqbx!19sChIJ99H9EVdxrm8RHDWGvVM-03Y?authuser=0&hl=fr&rclk=1,E.D. Bat,Maçon,·,07 81 94 10 70,,5,-1
https://www.google.com/maps/place/Meugin+Mickael/data=!4m7!3m6!1s0x478d93e666027103:0xa14bd22c853ad538!8m2!3d47.0471625!4d6.4735062!16s%2Fg%2F11b6dqwhgm!19sChIJA3ECZuaTjUcRONU6hSzSS6E?authuser=0&hl=fr&rclk=1,Meugin Mickael,Entrepreneur spécialisé dans l'isolation,·,06 08 53 25 79,https://www.meugin.fr/,5,-28
https://www.google.com/maps/place/Zinguerie+Skiba/data=!4m7!3m6!1s0x478d41f6e06332f9:0xe1832918bd2fc0e3!8m2!3d47.0630603!4d5.8098481!16s%2Fg%2F11b6d4f65k!19sChIJ-TJj4PZBjUcR48AvvRgpg-E?authuser=0&hl=fr&rclk=1,Zinguerie Skiba,Couvreur,10 Rue de la Louvotière,03 81 81 67 66,,5,-1
https://www.google.com/maps/place/A2M/data=!4m7!3m6!1s0x47929dda8d4ff44b:0x9cc798be79e07f36!8m2!3d47.3186538!4d5.9784708!16s%2Fg%2F11ylmbcc97!19sChIJS_RPjdqdkkcRNn_geb6Yx5w?authuser=0&hl=fr&rclk=1,A2M,Artisanat,57 Rue Lyautey,06 65 10 48 51,https://www.menuiserie-a2m.fr/,5,-1
https://www.google.com/maps/place/Poulet+romain/data=!4m7!3m6!1s0x478d6b7bf1d3debb:0x83f199ca0e3a4b99!8m2!3d47.0132275!4d5.8897659!16s%2Fg%2F11p4zqnjwp!19sChIJu97T8XtrjUcRmUs6DsqZ8YM?authuser=0&hl=fr&rclk=1,Poulet romain,Charpentier,11 Grande Rue,06 52 73 03 67,http://hautjuratavaillons.fr/,,
https://www.google.com/maps/place/R.S+Cr%C3%A9a%27Toit/data=!4m7!3m6!1s0x478d8502546b0315:0x5ee70cff53ddd686!8m2!3d47.1486675!4d6.3504604!16s%2Fg%2F1tfb0x2b!19sChIJFQNrVAKFjUcRhtbdU_8M514?authuser=0&hl=fr&rclk=1,R.S Créa'Toit,Couvreur,·,03 81 26 09 71,http://www.rscreatoit-toitures-valdahon.fr/,"3,9",-7
https://www.google.com/maps/place/LONI+Am%C3%A9nagements+Ext%C3%A9rieurs+Bois/data=!4m7!3m6!1s0x478d79d11b4f76e7:0x89af5b11e93b8632!8m2!3d47.1732703!4d6.2056439!16s%2Fg%2F11vpxzdqcq!19sChIJ53ZPG9F5jUcRMoY76RFbr4k?authuser=0&hl=fr&rclk=1,LONI Aménagements Extérieurs Bois,Constructeur de terrasses,ZAE la Louière,06 41 70 55 65,http://www.terrasseloni.com/,5,-2
https://www.google.com/maps/place/PERCIER+Charpente/data=!4m7!3m6!1s0x478d417240ed583d:0x40241174a76746c2!8m2!3d47.0346584!4d5.7975747!16s%2Fg%2F11s7bv6grz!19sChIJPVjtQHJBjUcRwkZnp3QRJEA?authuser=0&hl=fr&rclk=1,PERCIER Charpente,Charpentier,11 Roche sur Loue,07 88 79 63 90,https://www.percier-charpente.com/,5,-8
https://www.google.com/maps/place/GUELDRY+Charpente/data=!4m7!3m6!1s0x478d5b7eb2c6bf09:0x5a5acdb750e39c95!8m2!3d47.2186012!4d5.7348868!16s%2Fg%2F11vc1qsx8l!19sChIJCb_Gsn5bjUcRlZzjULfNWlo?authuser=0&hl=fr&rclk=1,GUELDRY Charpente,Charpentier,21 Rue d'Ougney,06 30 15 78 27,https://www.gueldry-charpente.fr/,5,-1
https://www.google.com/maps/place/Votre+Garage+Bois+par+Bois+%26+Passion/data=!4m7!3m6!1s0x478d5daa70f9471b:0x37828622b075e91e!8m2!3d47.186584!4d5.8048477!16s%2Fg%2F11gcq9flzx!19sChIJG0f5cKpdjUcRHul1sCKGgjc?authuser=0&hl=fr&rclk=1,Votre Garage Bois par Bois & Passion,Constructeur de garages,16 Rue Jean Moulin,03 39 25 05 50,https://www.votre-garage-bois.fr/,,
https://www.google.com/maps/place/Loubry+Andjy+R%C3%A9novation+-+Couvreur+Zingueur+et+peintre+en+b%C3%A2timent/data=!4m7!3m6!1s0x478d84e4bdf295cf:0x15419630a78cd03!8m2!3d47.1899292!4d6.3907251!16s%2Fg%2F11b6d07sqh!19sChIJz5XyveSEjUcRA814CmMZVAE?authuser=0&hl=fr&rclk=1,Loubry Andjy Rénovation - Couvreur Zingueur et peintre en bâtiment,Couvreur,30 Rue du Seut,06 27 34 26 49,https://la-renovation25.fr/,5,-37
https://www.google.com/maps/place/Artisan+LEMOINE+David/data=!4m7!3m6!1s0x47f2b5f5fe47b831:0xe9814f6d7bb56698!8m2!3d47.076667!4d5.4562395!16s%2Fg%2F11j01d9lgt!19sChIJMbhH_vW18kcRmGa1e21Pgek?authuser=0&hl=fr&rclk=1,Artisan LEMOINE David,Couvreur,45 Chem. des Cerisiers,06 41 88 29 20,https://www.lemoine-renove-39.fr/,5,-55
https://www.google.com/maps/place/CEIBAC/data=!4m7!3m6!1s0x478d4cf2e9954b5b:0xce73ad3ed2b80050!8m2!3d47.0815951!4d5.4886554!16s%2Fg%2F11b5qxfk0l!19sChIJW0uV6fJMjUcRUAC40j6tc84?authuser=0&hl=fr&rclk=1,CEIBAC,Couvreur,·,03 84 72 83 28,http://www.ceibac.fr/,"4,5",-12
https://www.google.com/maps/place/R%C3%A9my+LIME/data=!4m7!3m6!1s0x478d850e48aa068d:0xef899aed8496d084!8m2!3d47.1457202!4d6.3200948!16s%2Fg%2F11mdvpn_xw!19sChIJjQaqSA6FjUcRhNCWhO2aie8?authuser=0&hl=fr&rclk=1,Rémy LIME,Charpentier,13 Rue des Banardes,06 73 26 63 95,,5,-2
https://www.google.com/maps/place/Le+Bourdon+Bleu/data=!4m7!3m6!1s0x8747db5040009c3f:0x791c8bdeb26d6ad!8m2!3d47.2602044!4d6.01226!16s%2Fg%2F11r_k6nykk!19sChIJP5wAQFDbR4cRrdYm673IkQc?authuser=0&hl=fr&rclk=1,Le Bourdon Bleu,Charpentier,·,07 86 21 83 72,https://www.facebook.com/lebourdonbleu,,
https://www.google.com/maps/place/MURPROTEC+ORL%C3%89ANS/data=!4m7!3m6!1s0x47e51b31bb95994b:0x9f57be3acbf15bcb!8m2!3d47.906978!4d1.860112!16s%2Fg%2F11y6g19fp8!19sChIJS5mVuzEb5UcRy1vxyzq-V58?authuser=0&hl=fr&rclk=1,MURPROTEC ORLÉANS,Centre de diagnostic,17 Rue de la Batardière,02 54 81 40 60,https://www.google.com/aclk?sa=L&ai=DChsSEwjz2vXJhb6UAxWDZUECHZ7dI5YYACICCAEQAxoCd3M&co=1&ase=2&gclid=CjwKCAjwq6DQBhBVEiwA4ZD5XKyjGi_5tMj2TkTKyhktHGmZnIU3xbG2gHCluwOKBbMPSQD9b3mVIRoCmLIQAvD_BwE&cce=2&category=acrcp_v1_32&sig=AOD64_0mZNMyrltTbboYAndF-1CKf5I1tg&adurl&q&ctype=99&nis=6,"4,6",-21
https://www.google.com/maps/place/Avenir+R%C3%A9novations+Orl%C3%A9ans+-+Olivet+%2845%29/data=!4m7!3m6!1s0x47e4e506a1947205:0x88a1b5e487650249!8m2!3d47.89409!4d1.900874!16s%2Fg%2F11ynz_bwcw!19sChIJBXKUoQbl5EcRSQJlh-S1oYg?authuser=0&hl=fr&rclk=1,Avenir Rénovations Orléans - Olivet (45),Travaux généraux,45 Quai de Prague,02 21 83 30 97,https://www.google.com/aclk?sa=L&ai=DChsSEwjz2vXJhb6UAxWDZUECHZ7dI5YYACICCAEQABoCd3M&co=1&ase=2&gclid=CjwKCAjwq6DQBhBVEiwA4ZD5XOqRuhcRExPS-lcMOLAZ4jqrRZQTjbs02y5XRqRnGdbmU5Z3mCIUPhoCaHkQAvD_BwE&cce=2&category=acrcp_v1_32&sig=AOD64_1pa2P_39igzLA8bBGujHIndY4xEQ&adurl&q&ctype=99&nis=6,5,-1
https://www.google.com/maps/place/BARCO+ETANCHEITE/data=!4m7!3m6!1s0x47e4fca270ad701b:0x1a01274d360df202!8m2!3d47.9250125!4d1.9462144!16s%2Fg%2F1tgqhqg1!19sChIJG3CtcKL85EcRAvINNk0nARo?authuser=0&hl=fr&rclk=1,BARCO ETANCHEITE,Entreprise de construction,·,02 38 83 62 57,https://www.barco-etancheite.com/,"3,4",-14
https://www.google.com/maps/place/Art.Ca.Vic+Etanch%C3%A9it%C3%A9+Bardage/data=!4m7!3m6!1s0x47e4e33eca6d3721:0x24782fcfa03c3425!8m2!3d47.8733812!4d1.935286!16s%2Fg%2F1tdk9cdt!19sChIJITdtyj7j5EcRJTQ8oM8veCQ?authuser=0&hl=fr&rclk=1,Art.Ca.Vic Etanchéité Bardage,Entrepreneur,·,02 38 76 81 10,https://www.artcavic.com/,4,-5
https://www.google.com/maps/place/Metz+SA/data=!4m7!3m6!1s0x47e4e48a50c843ff:0x2d803284fdf6ffb3!8m2!3d47.8680519!4d1.9208432!16s%2Fg%2F1tffch4v!19sChIJ_0PIUIrk5EcRs__2_YQygC0?authuser=0&hl=fr&rclk=1,Metz SA,Entrepreneur spécialisé dans l'isolation,·,02 38 76 38 76,http://www.metz-sa.fr/,"4,8",-86
https://www.google.com/maps/place/U.A.B/data=!4m7!3m6!1s0x47e4fca8721df119:0xc88d35fe69f267e0!8m2!3d47.8795157!4d1.9108845!16s%2Fg%2F1vj5zht9!19sChIJGfEdcqj85EcR4Gfyaf41jcg?authuser=0&hl=fr&rclk=1,U.A.B,Couvreur,5 Rue des Montées,02 38 54 85 24,http://www.uab-renovation.com/,4,-81
https://www.google.com/maps/place/Loiret+Bardage/data=!4m7!3m6!1s0x47e4fb007b4f4063:0x6da383cae58afe78!8m2!3d47.9524084!4d1.8627838!16s%2Fg%2F11wbfc7b48!19sChIJY0BPewD75EcReP6K5cqDo20?authuser=0&hl=fr&rclk=1,Loiret Bardage,Entrepôt,27 Rue André-Charles Boulle,,,,
https://www.google.com/maps/place/Groupe+ABH/data=!4m7!3m6!1s0x47e4e5bc4209baf1:0xba704565e9eebc08!8m2!3d47.831598!4d1.9284275!16s%2Fg%2F11xmxtm6dw!19sChIJ8boJQrzl5EcRCLzu6WVFcLo?authuser=0&hl=fr&rclk=1,Groupe ABH,Façadier,30 Av. de la Bolière,02 42 07 08 77,http://www.groupeabh.fr/,5,-16
https://www.google.com/maps/place/B.F.I.+Bardage+Fa%C3%A7ade+Isolation+%C3%89tanch%C3%A9it%C3%A9+Menuiserie/data=!4m7!3m6!1s0x47e4f067d460ff37:0x9583bb8eae2e4cb1!8m2!3d47.9368014!4d1.8389506!16s%2Fg%2F11f62g_02l!19sChIJN_9g1Gfw5EcRsUwuro67g5U?authuser=0&hl=fr&rclk=1,B.F.I. Bardage Façade Isolation Étanchéité Menuiserie,Entreprise de construction,·,02 38 43 13 43,,5,-5
https://www.google.com/maps/place/Dpr+45/data=!4m7!3m6!1s0x47e4e4c038f1eccf:0x134f63b3e11ed3f1!8m2!3d47.8934839!4d1.9156001!16s%2Fg%2F11ghpp6hnq!19sChIJz-zxOMDk5EcR8dMe4bNjTxM?authuser=0&hl=fr&rclk=1,Dpr 45,Entrepreneur spécialisé dans l'isolation,9 Rue du Général de Gaulle,02 38 55 39 83,https://www.dpr45.com/,"4,6",-50
https://www.google.com/maps/place/SOPREMA+Entreprises+et+services+SOPRASSISTANCE/data=!4m7!3m6!1s0x47e4fa2247377da9:0x8654964adc566b8e!8m2!3d47.9147408!4d1.9432536!16s%2Fg%2F11g6yqc95r!19sChIJqX03RyL65EcRjmtW3EqWVIY?authuser=0&hl=fr&rclk=1,SOPREMA Entreprises et services SOPRASSISTANCE,Entrepreneur spécialisé dans l'isolation,·,02 38 74 60 35,https://www.soprema-entreprises.fr/agence/entreprise-etancheite-orleans/,4,-4
https://www.google.com/maps/place/Articonnex+Orl%C3%A9ans+-+Anti-gaspi+des+mat%C3%A9riaux/data=!4m7!3m6!1s0x47e4efde52dc246d:0xfeea033bbe0b4417!8m2!3d47.9027193!4d1.8558245!16s%2Fg%2F11zj8mr068!19sChIJbSTcUt7v5EcRF0QLvjsD6v4?authuser=0&hl=fr&rclk=1,Articonnex Orléans - Anti-gaspi des matériaux,Magasin de bricolage,·,02 18 88 92 82,https://articonnex.com/,"4,9",-77
https://www.google.com/maps/place/BRAUN+%C3%89tanch%C3%A9it%C3%A9/data=!4m7!3m6!1s0x47e4fd943b7cea33:0xa9adc6287dd8e488!8m2!3d47.936047!4d1.9508365!16s%2Fg%2F11lfcjb0_l!19sChIJM-p8O5T95EcRiOTYfSjGrak?authuser=0&hl=fr&rclk=1,BRAUN Étanchéité,Entrepreneur spécialisé dans l'isolation,·,02 38 88 54 95,http://www.groupe-braun.fr/,"4,1",-9
https://www.google.com/maps/place/D.S.O.M+Etanch%C3%A9it%C3%A9/data=!4m7!3m6!1s0x47e4f005ad7b814d:0x70b5cd78e9daecc9!8m2!3d47.9487076!4d1.8585687!16s%2Fg%2F1tz70pyp!19sChIJTYF7rQXw5EcRyeza6XjNtXA?authuser=0&hl=fr&rclk=1,D.S.O.M Etanchéité,Travaux généraux,·,02 38 74 76 17,https://dsom.fr/,5,-4
https://www.google.com/maps/place/SCB+-+Solutions+et+Conseils+en+bardage/data=!4m7!3m6!1s0x47e4fca5904f62d3:0x18a6114dd55c6091!8m2!3d47.9342575!4d1.8424444!16s%2Fg%2F1td9d1fv!19sChIJ02JPkKX85EcRkWBc1U0Rphg?authuser=0&hl=fr&rclk=1,SCB - Solutions et Conseils en bardage,Fournisseur de matériaux de construction,·,02 38 60 66 25,https://www.scb-exteriorsdesign.com/,"4,2",-33
https://www.google.com/maps/place/GST+R%C3%A9novation/data=!4m7!3m6!1s0x47e4fca2838d945d:0x79f37f05aec77177!8m2!3d47.9240838!4d1.9508523!16s%2Fg%2F1tf79d2v!19sChIJXZSNg6L85EcRd3HHrgV_83k?authuser=0&hl=fr&rclk=1,GST Rénovation,Façadier,·,0 800 20 97 45,http://www.gst-renovation.com/,"4,6",-610
https://www.google.com/maps/place/AC+BARDAGE/data=!4m7!3m6!1s0x47e4e35ed6b21a3d:0xbacdb44fe57dc659!8m2!3d47.876511!4d1.9671593!16s%2Fg%2F11xt03kj5j!19sChIJPRqy1l7j5EcRWcZ95U-0zbo?authuser=0&hl=fr&rclk=1,AC BARDAGE,Entrepreneur spécialisé dans l'isolation,220 Rue de Chemeau,06 58 18 79 38,,1,-1
https://www.google.com/maps/place/Loire+Eco+Bois+SAS/data=!4m7!3m6!1s0x47e4fd2b251a10ef:0x37ba047881a76ae9!8m2!3d47.90974!4d1.85517!16s%2Fg%2F1ptyz8487!19sChIJ7xAaJSv95EcR6WqngXgEujc?authuser=0&hl=fr&rclk=1,Loire Eco Bois SAS,Constructeur de maisons en bois,5 Rue Emile Leconte,02 38 60 78 97,,"4,3",-12
https://www.google.com/maps/place/SMAC/data=!4m7!3m6!1s0x47e4f000550f5e07:0x16fc6c36ab4bf40a!8m2!3d47.9095402!4d1.8534822!16s%2Fg%2F11b6dj25h9!19sChIJB14PVQDw5EcRCvRLqzZs_BY?authuser=0&hl=fr&rclk=1,SMAC,Entrepreneur spécialisé dans l'isolation,·,02 38 70 89 50,https://www.smac-sa.com/agence/smac-orleans/?utm_source=gmb&utm_medium=CTA-WEB&utm_campaign=Orl%C3%A9ans,"4,8",-4
https://www.google.com/maps/place/BRAUN+Couverture/data=!4m7!3m6!1s0x47e4fc84a2b7ee47:0xdda76228574b133b!8m2!3d47.9477593!4d1.9280916!16s%2Fg%2F1tfd1ptp!19sChIJR-63ooT85EcROxNLVyhip90?authuser=0&hl=fr&rclk=1,BRAUN Couverture,Entrepreneur spécialisé dans l'isolation,·,02 38 86 40 44,http://www.groupe-braun.fr/,"3,4",-16
https://www.google.com/maps/place/SLC+couverture+charpente/data=!4m7!3m6!1s0xfd5a5ae4449fbbd:0xdfbf7d27df12f061!8m2!3d47.3734772!4d2.603854!16s%2Fg%2F11wpskk5bx!19sChIJvftJRK6l1Q8RYfAS3yd9v98?authuser=0&hl=fr&rclk=1,SLC couverture charpente,Couvreur,·,06 89 55 99 84,,5,-46
https://www.google.com/maps/place/NEGOCETANCHE/data=!4m7!3m6!1s0x47e51d923d78106d:0xa88558b468892435!8m2!3d47.923189!4d1.998205!16s%2Fg%2F11j99s3dsq!19sChIJbRB4PZId5UcRNSSJaLRYhag?authuser=0&hl=fr&rclk=1,NEGOCETANCHE,Fournisseur de matériaux de construction,·,02 38 55 65 04,https://www.negocetanche.fr/,"4,4",-12
https://www.google.com/maps/place/PPF+Orl%C3%A9ans/data=!4m7!3m6!1s0x47e4e3a90a2807f1:0xf7c660783aed0dab!8m2!3d47.86588!4d1.964938!16s%2Fg%2F11g1vh7mwn!19sChIJ8QcoCqnj5EcRqw3tOnhgxvc?authuser=0&hl=fr&rclk=1,PPF Orléans,Solutions et équipement énergétiques,2705 Route de Sandillon,02 49 88 28 79,https://www.google.com/aclk?sa=L&ai=DChsSEwitiMfPhb6UAxU-jmgJHbKCB0QYACICCAEQABoCd2Y&co=1&ase=2&gclid=CjwKCAjwq6DQBhBVEiwA4ZD5XNRHYohctRnUpUhoF3k8J9wyfENWp9M8sncoZ9bDhN_Jcy7Sx9as8xoCCsQQAvD_BwE&cce=2&category=acrcp_v1_32&sig=AOD64_1fnw8s8hk9fwi5iPdk8Fhn0URamQ&adurl&q&ctype=99&nis=6,"4,6",-376
https://www.google.com/maps/place/MURPROTEC+ORL%C3%89ANS/data=!4m7!3m6!1s0x47e51b31bb95994b:0x9f57be3acbf15bcb!8m2!3d47.906978!4d1.860112!16s%2Fg%2F11y6g19fp8!19sChIJS5mVuzEb5UcRy1vxyzq-V58?authuser=0&hl=fr&rclk=1,MURPROTEC ORLÉANS,Centre de diagnostic,17 Rue de la Batardière,02 54 81 40 60,https://www.google.com/aclk?sa=L&ai=DChsSEwitiMfPhb6UAxU-jmgJHbKCB0QYACICCAEQBhoCd2Y&co=1&ase=2&gclid=CjwKCAjwq6DQBhBVEiwA4ZD5XKa8pLiBtAcNKXkRNFRzJSpI2J3BVkEAXtupFbJnl4xRH3ThMZfHFxoC5YIQAvD_BwE&cce=2&category=acrcp_v1_32&sig=AOD64_0um3nXX6zSbDH7lji9BexNNcCccg&adurl&q&ctype=99&nis=6,"4,6",-21
https://www.google.com/maps/place/Lariviere/data=!4m7!3m6!1s0x47e4faabba29c8b9:0x26da33f653812d8a!8m2!3d47.909763!4d1.861485!16s%2Fg%2F1ts3dy0n!19sChIJucgpuqv65EcRii2BU_Yz2iY?authuser=0&hl=fr&rclk=1,Lariviere,Magasin de materiaux de construction,·,02 38 43 30 44,https://www.lariviere.fr/trouver-votre-agence/lariviere-SEB/entry-434-lariviere-orleans.html,"4,1",-22
https://www.google.com/maps/place/Nature+Bois+Concept+Chevilly+-+Orl%C3%A9ans/data=!4m7!3m6!1s0x47e4f82febb76b65:0x1c20e9c2dc472a0f!8m2!3d48.0339724!4d1.875494!16s%2Fg%2F1tcvb5pw!19sChIJZWu36y_45EcRDypH3MLpIBw?authuser=0&hl=fr&rclk=1,Nature Bois Concept Chevilly - Orléans,Négociant en bois,·,02 38 65 99 11,https://www.nature-bois-concept.com/fr/a-propos/agences/orleans/,"4,7",-121
https://www.google.com/maps/place/SAS+GIMONET/data=!4m7!3m6!1s0x47e4fb5f11128181:0xf906797174891a7d!8m2!3d47.9225513!4d1.9418426!16s%2Fg%2F1tnbkfbh!19sChIJgYESEV_75EcRfRqJdHF5Bvk?authuser=0&hl=fr&rclk=1,SAS GIMONET,Peintre en bâtiment,25 Rue des Châtelliers,02 38 84 13 30,https://gimonet.fr/,"3,3",-19
https://www.google.com/maps/place/Face+Centre-Loire/data=!4m7!3m6!1s0x47e4facc787121ab:0x577c6e4994e0a766!8m2!3d47.9093089!4d1.8835751!16s%2Fg%2F1tcwkw5y!19sChIJqyFxeMz65EcRZqfglElufFc?authuser=0&hl=fr&rclk=1,Face Centre-Loire,Entreprise de construction,·,02 38 28 35 30,http://www.face-sa.fr/,,
https://www.google.com/maps/place/th%C3%A9venin+sa+-+si%C3%A8ge+social+-+r%C3%A9gion+Centre+Val+de+Loire/data=!4m7!3m6!1s0x47e4e14520a30d8f:0x829157b61905b9eb!8m2!3d47.8151803!4d1.9510584!16s%2Fg%2F1v44pq8_!19sChIJjw2jIEXh5EcR67kFGbZXkYI?authuser=0&hl=fr&rclk=1,thévenin sa - siège social - région Centre Val de Loire,Menuisier,·,02 38 41 74 00,http://www.thevenin.fr/,"4,3",-1 028
https://www.google.com/maps/place/PPF+Orl%C3%A9ans/data=!4m7!3m6!1s0x47e4e3a90a2807f1:0xf7c660783aed0dab!8m2!3d47.8658804!4d1.9649379!16s%2Fg%2F11g1vh7mwn!19sChIJ8QcoCqnj5EcRqw3tOnhgxvc?authuser=0&hl=fr&rclk=1,PPF Orléans,Entrepreneur spécialisé dans l'isolation,·,02 49 88 28 79,https://ppf.fr/reseau-ppf/ppf-ou-nous-trouver/agence-ppf-45-orleans/,"4,6",-376
https://www.google.com/maps/place/ECOPLIAGE+ORL%C3%89ANS/data=!4m7!3m6!1s0x47e4f00d8a300019:0x112ffc493519755b!8m2!3d47.923366!4d1.846668!16s%2Fg%2F11j1hxml7l!19sChIJGQAwig3w5EcRW3UZNUn8LxE?authuser=0&hl=fr&rclk=1,ECOPLIAGE ORLÉANS,Entrepreneur spécialisé en tôlerie,3 Rue des Coucous,02 38 68 30 39,https://ecopliage.fr/,5,-1
https://www.google.com/maps/place/TECHNI-MURS+45/data=!4m7!3m6!1s0x47e4faa9c092cc49:0xdb7dbe11b57d8543!8m2!3d47.9098164!4d1.8571983!16s%2Fg%2F1tjs46_k!19sChIJScySwKn65EcRQ4V9tRG-fds?authuser=0&hl=fr&rclk=1,TECHNI-MURS 45,Entrepreneur spécialisé dans l'isolation,·,02 38 43 45 45,http://www.techni-murs.com/,"4,4",-94
https://www.google.com/maps/place/DB+BAT/data=!4m7!3m6!1s0x47e4f06b60a8c103:0x7fd969536e35d83f!8m2!3d47.9132912!4d1.8574664!16s%2Fg%2F11g0hp0gpz!19sChIJA8GoYGvw5EcRP9g1blNp2X8?authuser=0&hl=fr&rclk=1,DB BAT,Entrepreneur spécialisé dans l'isolation,178 Rte d'Orléans,02 34 59 70 57,https://dbbat45.fr/,5,-7
https://www.google.com/maps/place/Groupe+MYBAT/data=!4m7!3m6!1s0x47e4e58f22c25c21:0x5a65bc2c12559997!8m2!3d47.9037187!4d1.934821!16s%2Fg%2F11ngs_gkcn!19sChIJIVzCIo_l5EcRl5lVEiy8ZVo?authuser=0&hl=fr&rclk=1,Groupe MYBAT,Maçon,132 Rue du Faubourg de Bourgogne,07 81 52 02 42,https://groupemybat.my.canva.site/,5,-9
https://www.google.com/maps/place/Sorecap/data=!4m7!3m6!1s0x47e4fb08af0b87d9:0x5623866585087497!8m2!3d47.9410964!4d1.913018!16s%2Fg%2F11f62h485_!19sChIJ2YcLrwj75EcRl3QIhWWGI1Y?authuser=0&hl=fr&rclk=1,Sorecap,Résidence,·,02 38 51 22 88,http://sorecap.fr/,5,-15
https://www.google.com/maps/place/ISL+FRANCE/data=!4m7!3m6!1s0x47e4e50013ae41a7:0xe6611db6e266cbc!8m2!3d47.8720036!4d1.9351014!16s%2Fg%2F11vs7n1kh9!19sChIJp0GuEwDl5EcRvGwmbtsRZg4?authuser=0&hl=fr&rclk=1,ISL FRANCE,Entreprise de construction,447 Rue Paul Héroult,,,,
https://www.google.com/maps/place/PERDOUX/data=!4m7!3m6!1s0x47e4e565726761f1:0xd432f6cd2f63e24b!8m2!3d47.8792181!4d1.8626397!16s%2Fg%2F1hc0tdqwz!19sChIJ8WFncmXl5EcRS-JjL832MtQ?authuser=0&hl=fr&rclk=1,PERDOUX,Maçon,·,02 38 66 78 92,http://maconnerie-perdoux-45.fr/,"4,2",-28
https://www.google.com/maps/place/Une+Histoire+de+Toit/data=!4m7!3m6!1s0x47e4ec9a6e31dc95:0x62818e88c9662461!8m2!3d47.8390121!4d1.7096077!16s%2Fg%2F1ptxhbpfj!19sChIJldwxbprs5EcRYSRmyYiOgWI?authuser=0&hl=fr&rclk=1,Une Histoire de Toit,Couvreur,9 Rue Gallet,02 38 44 80 21,http://www.unehistoiredetoit.fr/,"4,9",-22
https://www.google.com/maps/place/Perdoux+Sarl/data=!4m7!3m6!1s0x47e5025d4d4bf6e5:0xbf90ac1dc19d10e6!8m2!3d47.9714118!4d2.0523018!16s%2Fg%2F1tj6t3h4!19sChIJ5fZLTV0C5UcR5hCdwR2skL8?authuser=0&hl=fr&rclk=1,Perdoux Sarl,Couvreur,7 Zone d'Activité des Esses Galerne,02 38 75 07 64,https://www.couverture-perdoux.fr/?utm_medium=referral&utm_source=gmb&utm_campaign=lnk-gmb,5,-3
https://www.google.com/maps/place/Hornberger+Anthony/data=!4m7!3m6!1s0x47e4fb27fa573d89:0x79244eb8b496520b!8m2!3d47.916535!4d1.9003842!16s%2Fg%2F11g0tkxgll!19sChIJiT1X-if75EcRC1KWtLhOJHk?authuser=0&hl=fr&rclk=1,Hornberger Anthony,Ramoneur,"imm Val De Loire, 4 Pass. de la Râpe",02 38 23 45 60,http://www.couvreur-hornberggeranthony.fr/,"4,4",-13
https://www.google.com/maps/place/Camus+Sarl/data=!4m7!3m6!1s0x47e4f1ef5c787a13:0xabe1b42a1fc0e94b!8m2!3d47.9191234!4d1.7868105!16s%2Fg%2F1td3kwym!19sChIJE3p4XO_x5EcRS-nAHyq04as?authuser=0&hl=fr&rclk=1,Camus Sarl,Maçon,Rue Verte,02 38 74 92 01,http://entreprisecamus.fr/,"4,8",-5
https://www.google.com/maps/place/Hemon+Jean-Michel/data=!4m7!3m6!1s0x47e4fd2a9c6d9f0b:0x6ec8502d669d3821!8m2!3d47.9063382!4d1.9859417!16s%2Fg%2F1tzly7s8!19sChIJC59tnCr95EcRITidZi1QyG4?authuser=0&hl=fr&rclk=1,Hemon Jean-Michel,Couvreur,95 Av. Pierre et Marie Curie,02 38 86 38 90,http://hemon.site-solocal.com/,"4,6",-5
https://www.google.com/maps/place/Artisan+Patrick+couvreur+%C3%A0+Checy+:+Entreprise+de+couverture+%26+ravalement+de+fa%C3%A7ade/data=!4m7!3m6!1s0x47e4fd6075260adf:0x781cc89b43662c8a!8m2!3d47.9139896!4d2.3205284!16s%2Fg%2F11flrx99md!19sChIJ3womdWD95EcRiixmQ5vIHHg?authuser=0&hl=fr&rclk=1,Artisan Patrick couvreur à Checy : Entreprise de couverture & ravalement de façade,Couvreur,·,06 44 77 99 08,https://artisan-patrick.e-monsite.com/,"4,4",-12
https://www.google.com/maps/place/SYSTEME+B/data=!4m7!3m6!1s0x47e521b3e747e6f7:0x7c6df354f9019ed2!8m2!3d47.8658613!4d2.1027028!16s%2Fg%2F11g3htxckl!19sChIJ9-ZH57Mh5UcR0p4B-VTzbXw?authuser=0&hl=fr&rclk=1,SYSTEME B,Charpentier,14 Rue des Baffaîts,06 95 21 29 43,https://www.systeme-b-amenagement-45.fr/,5,-26
https://www.google.com/maps/place/Blivet+R%C3%A9novation+De+L%E2%80%99Habitat+Ravalement+Fa%C3%A7ade+D%C3%A9moussage+Toiture/data=!4m7!3m6!1s0x47e51de15616dd6d:0xa3b8d91d5616e74!8m2!3d47.8858069!4d2.0331787!16s%2Fg%2F11m464sb17!19sChIJbd0WVuEd5UcRdG5h1ZGNOwo?authuser=0&hl=fr&rclk=1,Blivet Rénovation De L’Habitat Ravalement Façade Démoussage Toiture,Couvreur,69 Rue des Plantes,06 10 24 35 07,https://blivet-leopold.e-monsite.com/,5,-10
https://www.google.com/maps/place/J%26U+Elagage+45%F0%9F%8C%B3Abattage+d%27arbre+%7C+Taille+de+haie+%7C+Arboriste+%7C+%C3%89lagueur+Orl%C3%A9ans+%7C+Entretien+d%27espaces+verts+%7C+Loiret/data=!4m7!3m6!1s0x47e4e50878f225d3:0x7bd0fbe6412f9aa3!8m2!3d47.8350615!4d1.9343368!16s%2Fg%2F11x_zfjnwl!19sChIJ0yXyeAjl5EcRo5ovQeb70Hs?authuser=0&hl=fr&rclk=1,J&U Elagage 45🌳Abattage d'arbre | Taille de haie | Arboriste | Élagueur Orléans | Entretien d'espaces verts | Loiret,Service d'élagage,3 Rue Edouard Branly,07 68 22 08 81,https://www.ju45-elagage.fr/,"4,9",-55
https://www.google.com/maps/place/Entreprise+Vais/data=!4m7!3m6!1s0x47e495543d3c5555:0x63ad1ea7db23221e!8m2!3d47.7552258!4d1.6706812!16s%2Fg%2F11vybt45qs!19sChIJVVU8PVSV5EcRHiIj26cerWM?authuser=0&hl=fr&rclk=1,Entreprise Vais,Couvreur,"Dpt 45, 2b Chem. de la Messe",06 17 15 11 37,https://www.couvreur-vais-45-orleans.fr/,"4,9",-39
https://www.google.com/maps/place/Structure+Fa%C3%A7ade+Etanch%C3%A9it%C3%A9+Couverture/data=!4m7!3m6!1s0x2a18c3d857a9e367:0x4f36cb89732a1336!8m2!3d30.6959409!4d-49.8171262!16s%2Fg%2F11rwx8kbb5!19sChIJZ-OpV9jDGCoRNhMqc4nLNk8?authuser=0&hl=fr&rclk=1,Structure Façade Etanchéité Couverture,Entreprise de construction,·,06 65 21 39 68,,,
https://www.google.com/maps/place/BARILLET+Marcilly/data=!4m7!3m6!1s0x47e51fe0677da8a5:0xeddd9ac9032c0207!8m2!3d47.806375!4d2.066013!16s%2Fg%2F1wcxccw2!19sChIJpah9Z-Af5UcRBwIsA8ma3e0?authuser=0&hl=fr&rclk=1,BARILLET Marcilly,Négociant en bois,·,02 38 41 13 83,https://www.barillet-distribution.fr/agence/marcilly?utm_source=gmb,4,-13
https://www.google.com/maps/place/Charpente+Menuiserie+du+Loiret+%7C+Menuisier+%C3%A0+Orl%C3%A9ans+et+p%C3%A9riph%C3%A9rie/data=!4m7!3m6!1s0x47e4fd1831d53ae7:0x5d5fd957b10123ef!8m2!3d47.9056628!4d1.9884116!16s%2Fg%2F11mc2qtr8p!19sChIJ5zrVMRj95EcR7yMBsVfZX10?authuser=0&hl=fr&rclk=1,Charpente Menuiserie du Loiret | Menuisier à Orléans et périphérie,Charpentier,·,02 38 60 40 03,https://www.facebook.com/Charpente.Menuiserie.duLoiret,3,-2
"https://www.google.com/maps/place/Concept+Bois,+Charpentier+%C3%A0+Orl%C3%A9ans+et+Pithiviers/data=!4m7!3m6!1s0x47e455459cf99221:0xf2a123871a362be9!8m2!3d48.0404082!4d2.0261582!16s%2Fg%2F1tfk_hj4!19sChIJIZL5nEVV5EcR6Ss2GocjofI?authuser=0&hl=fr&rclk=1","Concept Bois, Charpentier à Orléans et Pithiviers",Charpentier,4 Pl. des Marronniers,02 38 52 18 15,http://www.concept-bois-orleans.fr/,5,-14
https://www.google.com/maps/place/RCB+45/data=!4m7!3m6!1s0x47e50329b172cead:0x84bcb2ce159320!8m2!3d47.9695857!4d2.1108946!16s%2Fg%2F11l7jkws8v!19sChIJrc5ysSkD5UcRIJMVzrK8hAA?authuser=0&hl=fr&rclk=1,RCB 45,Couvreur,·,02 38 14 50 83,http://www.rcb45.fr/,5,-12
https://www.google.com/maps/place/ALPHATOIT/data=!4m7!3m6!1s0x278e7492a8ff61d3:0xf5bd0bc975a775e1!8m2!3d47.9464545!4d1.8644927!16s%2Fg%2F11x0yj3s4p!19sChIJ02H_qJJ0jicR4XWndckLvfU?authuser=0&hl=fr&rclk=1,ALPHATOIT,Couvreur,264 Rue des Sables de Sary,06 50 85 31 60,https://www.alphatoit.com/,,
https://www.google.com/maps/place/MG+Couverture+-+Gidy/data=!4m7!3m6!1s0x81ae939e700636bd:0x11cb484d1b3da049!8m2!3d47.9139896!4d2.3205284!16s%2Fg%2F11p5_dfgwv!19sChIJvTYGcJ6TroERSaA9G01IyxE?authuser=0&hl=fr&rclk=1,MG Couverture - Gidy,Couvreur,·,06 70 63 54 84,https://www.facebook.com/MG-Couverture-110034414777849,5,-36
https://www.google.com/maps/place/PRESTO+TRAVAUX/data=!4m7!3m6!1s0x8b01db09b3496e9f:0xd6bd7935ab22f425!8m2!3d47.9139896!4d2.3205284!16s%2Fg%2F11y_pt6stx!19sChIJn25JswnbAYsRJfQiqzV5vdY?authuser=0&hl=fr&rclk=1,PRESTO TRAVAUX,Façadier,·,02 46 46 11 11,,5,-8
https://www.google.com/maps/place/DPR+45+-+Travaux+d%27isolation+ext%C3%A9rieure/data=!4m7!3m6!1s0x425440d4900f11ff:0xf92ec064d710e1b0!8m2!3d47.6439675!4d1.5907082!16s%2Fg%2F11ld8hh614!19sChIJ_xEPkNRAVEIRsOEQ12TALvk?authuser=0&hl=fr&rclk=1,DPR 45 - Travaux d'isolation extérieure,Entrepreneur spécialisé dans l'isolation,,02 38 55 39 83,https://www.dpr45.com/,,
https://www.google.com/maps/place/Dos+Santos+Couverture+45/data=!4m7!3m6!1s0x47e4ecdd312e6645:0x3b39dc84208bf8f!8m2!3d47.860241!4d1.701194!16s%2Fg%2F11vk2rd2sm!19sChIJRWYuMd3s5EcRj78IQsidswM?authuser=0&hl=fr&rclk=1,Dos Santos Couverture 45,Couvreur,718 Rue de la Challerie,06 24 85 75 23,https://ds-couverture.com/contact/,5,-3
https://www.google.com/maps/place/Bruno+Mothu+Couverture/data=!4m7!3m6!1s0x47e4eb60d4f30559:0x4422baf3cbddf77c!8m2!3d47.8222692!4d1.7532885!16s%2Fg%2F11fsrjvzbt!19sChIJWQXz1GDr5EcRfPfdy_O6IkQ?authuser=0&hl=fr&rclk=1,Bruno Mothu Couverture,Couvreur,Sent. des Murailles,06 21 26 23 93,http://www.facebook.com/Bruno-Mothu-Couverture-494433907708400/?ref=br_rs,"3,2",-5
https://www.google.com/maps/place/SF+R%C3%A9novation+-+Nettoyage+toiture+;+ext%C3%A9rieur+45/data=!4m7!3m6!1s0x8832910dc1f4aa7:0x995a8d9de3fcb8f3!8m2!3d47.9449843!4d0.5764342!16s%2Fg%2F11yfnf93p1!19sChIJp0of3BApgwgR87j8452NWpk?authuser=0&hl=fr&rclk=1,SF Rénovation - Nettoyage toiture ; extérieur 45,Service de nettoyage et d'entretien,·,07 80 62 14 15,https://xn--sfrnovation45-dhb.fr/,5,-4
https://www.google.com/maps/place/L%27Atelier+Participatif/data=!4m7!3m6!1s0x528cf63e046e719:0x4f0d7b8cb6612448!8m2!3d49.445124!4d1.067565!16s%2Fg%2F11z11vysyq!19sChIJGedG4GPPKAURSCRhtox7DU8?authuser=0&hl=fr&rclk=1,L'Atelier Participatif,Coopérative d'habitation,20 Passage de la Luciline,07 49 60 35 60,https://www.google.com/aclk?sa=L&ai=DChsSEwiG95fphb6UAxXhQ0ECHTugAgMYACICCAEQBBoCd3M&co=1&ase=2&gclid=CjwKCAjwq6DQBhBVEiwA4ZD5XNzyY3UV5RQiFAiX4LYPIcHCjW1NEPRfD1aYkBJWxBcp5yymLB3QJRoCVqQQAvD_BwE&cce=2&category=acrcp_v1_32&sig=AOD64_1NExAz6ryZz3WMtUrXrzDyAqQ_8A&adurl&q&ctype=99&nis=6,,
https://www.google.com/maps/place/Exterieurstock/data=!4m7!3m6!1s0x47e0e7e078ad8a17:0x778d006237ad42c9!8m2!3d49.521544!4d1.03805!16s%2Fg%2F11hctgp038!19sChIJF4qteODn4EcRyUKtN2IAjXc?authuser=0&hl=fr&rclk=1,Exterieurstock,Magasin de matériel pour clôtures,99 Route de Dieppe,02 35 33 97 29,https://www.google.com/aclk?sa=L&ai=DChsSEwiG95fphb6UAxXhQ0ECHTugAgMYACICCAEQAhoCd3M&co=1&ase=2&gclid=CjwKCAjwq6DQBhBVEiwA4ZD5XEMRgAt1Eyx2f0DruoPw2cCvIgHtU3fovwNX9pjiyn9r8z_lC78QNBoCi34QAvD_BwE&cce=2&category=acrcp_v1_32&sig=AOD64_0TBFj-Npd1d-Cga2bqU2ikukTDQQ&adurl&q&ctype=99&nis=6,"4,1",-146
https://www.google.com/maps/place/Adasbat+-R%C3%A9novation+et+Extension+de+Maison+travaux+tous+corps+d%27%C3%A9tat/data=!4m7!3m6!1s0x47e0ddc46c53607f:0x286f4c4eb4c69667!8m2!3d49.446798!4d1.0936283!16s%2Fg%2F11r9fg0cc4!19sChIJf2BTbMTd4EcRZ5bGtE5Mbyg?authuser=0&hl=fr&rclk=1,Adasbat -Rénovation et Extension de Maison travaux tous corps d'état,Entrepreneur spécialisé dans l'isolation,11 Rue du Donjon,06 08 05 24 62,,"4,5",-43
https://www.google.com/maps/place/FA%C3%87ADEBOIS/data=!4m7!3m6!1s0x47e0dfea896c2de9:0xd42465b6aa78f8ba!8m2!3d49.4451238!4d1.0675647!16s%2Fg%2F11hcmxlm55!19sChIJ6S1sierf4EcRuvh4qrZlJNQ?authuser=0&hl=fr&rclk=1,FAÇADEBOIS,Consultant en construction,·,09 70 26 12 25,https://facadebois.com/,1,-1
https://www.google.com/maps/place/Entreprise+Verhaeghe/data=!4m7!3m6!1s0x47e0dc2ec78d767d:0x74b99127c0f74469!8m2!3d49.4440502!4d1.084708!16s%2Fg%2F1w97tpfd!19sChIJfXaNxy7c4EcRaUT3wCeRuXQ?authuser=0&hl=fr&rclk=1,Entreprise Verhaeghe,Couvreur,·,02 35 88 19 40,http://www.verhaeghe-couverture.fr/fr,"3,7",-28
https://www.google.com/maps/place/Groupe+le+Carr%C3%A9+Rouen+%28RCH%29/data=!4m7!3m6!1s0x47e0dde56eb4edb7:0xa1273e8a08d09e22!8m2!3d49.4677143!4d1.0389988!16s%2Fg%2F11h3ldvtb9!19sChIJt-20buXd4EcRIp7QCIo-J6E?authuser=0&hl=fr&rclk=1,Groupe le Carré Rouen (RCH),Entrepreneur spécialisé dans l'isolation,·,02 78 81 98 91,https://www.groupelecarre-rouen.fr/?utm_source=gmb,"4,4",-84
https://www.google.com/maps/place/KMD+Etanch%C3%A9it%C3%A9/data=!4m7!3m6!1s0x47e0e7cf23366ecb:0x80a5a115259bbca7!8m2!3d49.4839452!4d1.0452456!16s%2Fg%2F11stzgbh0n!19sChIJy242I8_n4EcRp7ybJRWhpYA?authuser=0&hl=fr&rclk=1,KMD Etanchéité,Entreprise d'étanchéité,5 Rue du Moulin À Poudre local 503,09 78 80 70 73,http://www.kmd-etancheite.fr/,5,-43
https://www.google.com/maps/place/Ds+Rouen+Couverture/data=!4m7!3m6!1s0x47e0de9bd36d26df:0x8a3b9e8d38009509!8m2!3d49.4514369!4d1.1265687!16s%2Fg%2F11btm57mvy!19sChIJ3yZt05ve4EcRCZUAOI2eO4o?authuser=0&hl=fr&rclk=1,Ds Rouen Couverture,Couvreur,·,02 35 07 34 71,http://ds-rouen-couverture.fr/,"4,1",-18
https://www.google.com/maps/place/legrein+couverture/data=!4m7!3m6!1s0x47e0df16c7d94337:0x12e16af27f3332e6!8m2!3d49.4232188!4d1.1075311!16s%2Fg%2F11g187m2_8!19sChIJN0PZxxbf4EcR5jIzf_Jq4RI?authuser=0&hl=fr&rclk=1,legrein couverture,Couvreur,Chem. de Halage,02 79 93 00 03,https://legrein-couverture.fr/,"4,6",-39
https://www.google.com/maps/place/Couvreur+Rouen+Toiture/data=!4m7!3m6!1s0x47e0dd2d1491a74d:0xf129cdce380d239!8m2!3d49.4444925!4d1.0968031!16s%2Fg%2F11rsqq7flb!19sChIJTaeRFC3d4EcROdKA49ycEg8?authuser=0&hl=fr&rclk=1,Couvreur Rouen Toiture,Couvreur,62 Rue Beauvoisine,02 72 24 53 22,,5,-14
https://www.google.com/maps/place/BCR+-+BIENFAIT+COUVERTURE+ROUEN/data=!4m7!3m6!1s0x47e0dea93a837e7d:0xdaf8403c6be3b976!8m2!3d49.4291506!4d1.1653593!16s%2Fg%2F11bzv214vq!19sChIJfX6DOqne4EcRdrnjazxA-No?authuser=0&hl=fr&rclk=1,BCR - BIENFAIT COUVERTURE ROUEN,Couvreur,1209 Rue du Vert Buisson,02 32 83 22 71,http://bcr-couverture.fr/?utm_source=google&utm_medium=organic&utm_campaign=gbp&utm_content=BCR_ROUEN,"3,9",-21
https://www.google.com/maps/place/GUILLOUX+MATERIAUX+AGENCE+DE+ROUEN/data=!4m7!3m6!1s0x47e0dffb7bc98be5:0xd4dcf9e76bf67fa1!8m2!3d49.4372303!4d1.1317172!16s%2Fg%2F11h4g7nfhw!19sChIJ5YvJe_vf4EcRoX_2a-f53NQ?authuser=0&hl=fr&rclk=1,GUILLOUX MATERIAUX AGENCE DE ROUEN,Magasin de materiaux de construction,·,02 32 12 11 80,http://www.guillouxmateriaux.com/,"4,5",-34
https://www.google.com/maps/place/Hareva/data=!4m7!3m6!1s0x47e0de24368d309d:0x72562aa52844e6b4!8m2!3d49.4144663!4d1.0656062!16s%2Fg%2F1v_w1nhk!19sChIJnTCNNiTe4EcRtOZEKKUqVnI?authuser=0&hl=fr&rclk=1,Hareva,Entrepreneur spécialisé dans l'isolation,2 Rue d'Alembert,02 32 18 75 22,https://hareva-confort.com/,"3,9",-102
https://www.google.com/maps/place/C.I.M.E.+Normandie+Couverture+Isolation+Membrane+d%27Etanch%C3%A9it%C3%A9/data=!4m7!3m6!1s0x47e0de67038d0671:0x8207b50cff2f5c84!8m2!3d49.4862062!4d1.0229145!16s%2Fg%2F1tn052cp!19sChIJcQaNA2fe4EcRhFwv_wy1B4I?authuser=0&hl=fr&rclk=1,C.I.M.E. Normandie Couverture Isolation Membrane d'Etanchéité,Entrepreneur spécialisé dans l'isolation,·,02 35 03 15 25,http://www.cime-rouen.fr/,"4,5",-10
https://www.google.com/maps/place/Sterec+Normandie/data=!4m7!3m6!1s0x47e0d8fc2b4bbf7b:0x7c26e0be3ec988b1!8m2!3d49.397067!4d1.1844206!16s%2Fg%2F1tdzkvr2!19sChIJe79LK_zY4EcRsYjJPr7gJnw?authuser=0&hl=fr&rclk=1,Sterec Normandie,Couvreur,·,02 35 79 33 33,http://www.sterec-normandie.com/,3,-4
https://www.google.com/maps/place/IRH+-+INSPECTION+ET+RENOVATION+DE+L%27HABITAT+-+ROUEN/data=!4m7!3m6!1s0x47e0e7a968b487e1:0x8633cadc18147108!8m2!3d49.485976!4d1.0219849!16s%2Fg%2F1hc1yknb8!19sChIJ4Ye0aKnn4EcRCHEUGNzKM4Y?authuser=0&hl=fr&rclk=1,IRH - INSPECTION ET RENOVATION DE L'HABITAT - ROUEN,Entrepreneur spécialisé dans l'isolation,"ZI la Maine, 7 Rue Marconi",09 87 16 64 48,https://www.renovation-rouen.fr/,"4,9",-167
https://www.google.com/maps/place/VPV+DIRECT/data=!4m7!3m6!1s0x47e706ad58b435bd:0xb19a214001c12c78!8m2!3d49.4447832!4d1.0860285!16s%2Fg%2F11gf9q6rns!19sChIJvTW0WK0G50cReCzBAUAhmrE?authuser=0&hl=fr&rclk=1,VPV DIRECT,Fournisseur de matériaux de construction,·,02 21 80 04 04,https://vpv-direct.com/,"4,1",-27
https://www.google.com/maps/place/IsoPack+Confort/data=!4m7!3m6!1s0x47e0dfa0b5c6ec17:0x7954233517c0d68b!8m2!3d49.3806206!4d1.035933!16s%2Fg%2F11h57gq__6!19sChIJF-zGtaDf4EcRi9bAFzUjVHk?authuser=0&hl=fr&rclk=1,IsoPack Confort,Entrepreneur spécialisé dans l'isolation,9002 Rue Joliot Curie,07 68 34 18 98,http://www.isopack-confort.com/,5,-87
https://www.google.com/maps/place/Couverture+Zinguerie+Bardage/data=!4m7!3m6!1s0x47e0e7852bea4c7b:0x6b9f5e5eb622ef8b!8m2!3d49.4904256!4d1.0493093!16s%2Fg%2F11c575phsc!19sChIJe0zqK4Xn4EcRi-8itl5en2s?authuser=0&hl=fr&rclk=1,Couverture Zinguerie Bardage,Couvreur,248 Rte de Dieppe,06 83 54 42 62,,,
https://www.google.com/maps/place/SPHA/data=!4m7!3m6!1s0x47e0de8ad2a630bf:0x979e87dc21fd7494!8m2!3d49.4216194!4d1.1044428!16s%2Fg%2F11gy0zq4sx!19sChIJvzCm0ore4EcRlHT9IdyHnpc?authuser=0&hl=fr&rclk=1,SPHA,Société immobilière,10 Rue François Arago,02 35 62 18 23,http://www.spha.fr/,"3,5",-28
https://www.google.com/maps/place/ECO%27THIB/data=!4m7!3m6!1s0x47e0de168f8efaff:0x6a57e8119b5d7ae8!8m2!3d49.423996!4d1.0717034!16s%2Fg%2F11wvlyx8bx!19sChIJ__qOjxbe4EcR6HpdmxHoV2o?authuser=0&hl=fr&rclk=1,ECO'THIB,Service de restauration de bâtiments,31 Rue Jacquard,06 62 78 73 46,http://ecothib.fr/,,
"https://www.google.com/maps/place/Colors%27pro:+Couvreur+Saint+Etienne+du+Rouvray+,+Rouen./data=!4m7!3m6!1s0x47e0df807bb857c7:0x7ff9641eff05fee5!8m2!3d49.3924078!4d1.0659354!16s%2Fg%2F11s34hdlqq!19sChIJx1e4e4Df4EcR5f4F_x5k-X8?authuser=0&hl=fr&rclk=1","Colors'pro: Couvreur Saint Etienne du Rouvray , Rouen.",Couvreur,5 Rue Marie Marvingt,06 46 20 59 47,http://colorspro.fr/,"4,7",-58
https://www.google.com/maps/place/PPF+Rouen/data=!4m7!3m6!1s0x47e0ddc39ca987ab:0x9d8f1ca293d5c5c0!8m2!3d49.445092!4d1.067595!16s%2Fg%2F11z68y1nh0!19sChIJq4epnMPd4EcRwMXVk6Icj50?authuser=0&hl=fr&rclk=1,PPF Rouen,Solutions et équipement énergétiques,20 Passage de la Luciline,02 21 83 42 24,https://www.google.com/aclk?sa=L&ai=DChsSEwj_tpjvhb6UAxUGVUECHY6kJ_8YACICCAEQARoCd3M&co=1&ase=2&gclid=CjwKCAjwq6DQBhBVEiwA4ZD5XIxNK78OG9w2w_zhajHyVgxe6aw4MMHSH2YmsA4mNk81lxj5M9PYyBoCoDsQAvD_BwE&cce=2&category=acrcp_v1_32&sig=AOD64_2b063TYL9sA6-Tufr1AbKcxJCQGw&adurl&q&ctype=99&nis=6,,
https://www.google.com/maps/place/L%27Atelier+Participatif/data=!4m7!3m6!1s0x528cf63e046e719:0x4f0d7b8cb6612448!8m2!3d49.445124!4d1.067565!16s%2Fg%2F11z11vysyq!19sChIJGedG4GPPKAURSCRhtox7DU8?authuser=0&hl=fr&rclk=1,L'Atelier Participatif,Coopérative d'habitation,20 Passage de la Luciline,07 49 60 35 60,https://www.google.com/aclk?sa=L&ai=DChsSEwj_tpjvhb6UAxUGVUECHY6kJ_8YACICCAEQABoCd3M&co=1&ase=2&gclid=CjwKCAjwq6DQBhBVEiwA4ZD5XHTHta3rxet1IIytBieDf0OgWY1Ec-pi5F3-j1B6n1aGOdMHgvxa1hoCIJUQAvD_BwE&cce=2&category=acrcp_v1_32&sig=AOD64_2yLJtWB5vYTZyZjvt0WuHQlrPTIw&adurl&q&ctype=99&nis=6,,
https://www.google.com/maps/place/LP+RENOV+TOITURE:+Artisan+couvreur+Rouen+-+R%C3%A9paration+R%C3%A9novation+Nettoyage+Couverture+Velux+Goutti%C3%A8res+76+Seine-Maritime/data=!4m7!3m6!1s0x47e0e1233c4e1709:0x5131763f788cc2ca!8m2!3d49.4010845!4d1.030593!16s%2Fg%2F11h3g9wxkf!19sChIJCRdOPCPh4EcRysKMeD92MVE?authuser=0&hl=fr&rclk=1,LP RENOV TOITURE: Artisan couvreur Rouen - Réparation Rénovation Nettoyage Couverture Velux Gouttières 76 Seine-Maritime,Couvreur,105 Av. Général Leclerc,06 99 97 56 27,https://lp-couvreur-grand-quevilly.fr/,"4,8",-93
https://www.google.com/maps/place/Brico+D%C3%A9p%C3%B4t/data=!4m7!3m6!1s0x47e0dde3c4b6de23:0x7293bf2a382341e2!8m2!3d49.445495!4d1.074659!16s%2Fg%2F1tjf9k7s!19sChIJI962xOPd4EcR4kEjOCq_k3I?authuser=0&hl=fr&rclk=1,Brico Dépôt,Magasin de materiaux de construction,·,02 32 10 21 21,https://www.bricodepot.fr/magasins/riboudet,"3,8",-3 379
https://www.google.com/maps/place/Lariviere/data=!4m7!3m6!1s0x47e0dee2e6373f95:0x2e3d1e91b5c1e4e7!8m2!3d49.40445!4d1.114606!16s%2Fg%2F11btlrfkfc!19sChIJlT835uLe4EcR5-TBtZEePS4?authuser=0&hl=fr&rclk=1,Lariviere,Magasin de materiaux de construction,·,02 35 66 46 46,https://www.lariviere.fr/trouver-votre-agence/lariviere-SEB/entry-448-lariviere-rouen-sotteville.html,"4,3",-23
https://www.google.com/maps/place/Fac%27ouest+SAS/data=!4m7!3m6!1s0x47e0de760e54d639:0x6fbe774a2493dae3!8m2!3d49.5163143!4d1.1777011!16s%2Fg%2F1hc1395_d!19sChIJOdZUDnbe4EcR49qTJEp3vm8?authuser=0&hl=fr&rclk=1,Fac'ouest SAS,Façadier,·,02 32 12 77 50,http://www.facouest.fr/,"3,6",-12
https://www.google.com/maps/place/DLA+Couverture/data=!4m7!3m6!1s0x47e0dfe415576baf:0xf700508e44148fe1!8m2!3d49.4012386!4d1.0587737!16s%2Fg%2F11wfgss6mv!19sChIJr2tXFeTf4EcR4Y8URI5QAPc?authuser=0&hl=fr&rclk=1,DLA Couverture,Couvreur,17 Rue du Plessis de Grenedan,09 87 16 83 41,http://www.dla-couverture.fr/?utm_source=gmb,"4,2",-26
https://www.google.com/maps/place/Axotoits/data=!4m7!3m6!1s0x47e0e76ee8473263:0x87352c6b6592fcbe!8m2!3d49.364805!4d1.1028322!16s%2Fg%2F11c6w1yl1m!19sChIJYzJH6G7n4EcRvvySZWssNYc?authuser=0&hl=fr&rclk=1,Axotoits,Couvreur,10 Rue Pierre de Coubertin,02 35 77 26 91,https://www.axotoits.fr/,"4,4",-26
https://www.google.com/maps/place/SEPIC+NORD/data=!4m7!3m6!1s0x47e0dca078ec23a9:0x78e49ff087689dc7!8m2!3d49.502722!4d1.149916!16s%2Fg%2F1hc4yj9wc!19sChIJqSPseKDc4EcRx51oh_Cf5Hg?authuser=0&hl=fr&rclk=1,SEPIC NORD,Façadier,·,02 35 60 03 00,,"4,1",-9
https://www.google.com/maps/place/Anquetil+Couverture/data=!4m7!3m6!1s0x47e0dc6c521311ff:0x5bbe2aa61578d089!8m2!3d49.4639418!4d1.1336852!16s%2Fg%2F11g0hnzddw!19sChIJ_xETUmzc4EcRidB4FaYqvls?authuser=0&hl=fr&rclk=1,Anquetil Couverture,Couvreur,101 Rue Louis Lumière,06 74 61 22 76,https://www.couverture-anquetil.fr/galerie,4,-11
https://www.google.com/maps/place/Lariviere/data=!4m7!3m6!1s0x47e0d95abc6db7c5:0xed52037c4bde7420!8m2!3d49.4302301!4d1.1657245!16s%2Fg%2F1tfc5x39!19sChIJxbdtvFrZ4EcRIHTeS3wDUu0?authuser=0&hl=fr&rclk=1,Lariviere,Magasin de materiaux de construction,·,02 35 08 25 25,https://www.lariviere.fr/trouver-votre-agence/lariviere-SEB/entry-449-lariviere-rouen-st-leger.html,"4,4",-18
https://www.google.com/maps/place/Godefroy+couverture/data=!4m7!3m6!1s0x47e0de69b9d2083b:0x97158710786d3bf3!8m2!3d49.4232958!4d1.0872253!16s%2Fg%2F11byyhnnx8!19sChIJOwjSuWne4EcR8ztteBCHFZc?authuser=0&hl=fr&rclk=1,Godefroy couverture,Couvreur,2 Rue de l'Industrie,06 84 75 28 14,http://www.godefroycouverture.fr/,"4,7",-40
https://www.google.com/maps/place/Rouen+%C3%89tanche/data=!4m7!3m6!1s0x47e121d4b951e95f:0x7895f384ae623f5c!8m2!3d49.317941!4d1.0593086!16s%2Fg%2F11b6dpc5y1!19sChIJX-lRudQh4UcRXD9iroTzlXg?authuser=0&hl=fr&rclk=1,Rouen Étanche,Entrepreneur spécialisé dans l'isolation,·,09 61 52 66 64,http://rouenetanche.fr/,"3,2",-21
"https://www.google.com/maps/place/Leblic+Air+%E2%80%93+Nettoyage+de+toitures,+fa%C3%A7ades+et+vitres+par+drone+en+Normandie/data=!4m7!3m6!1s0x8b8f2b34a7980b99:0xb2483917de1de3f9!8m2!3d49.4399059!4d1.192649!16s%2Fg%2F11xnsm4glt!19sChIJmQuYpzQrj4sR-eMd3hc5SLI?authuser=0&hl=fr&rclk=1","Leblic Air – Nettoyage de toitures, façades et vitres par drone en Normandie",Service de drone,28 Rue Armand Carrel,02 79 49 22 72,https://www.leblic-air.com/,5,-17
https://www.google.com/maps/place/ATTILA+Rouen+Est/data=!4m7!3m6!1s0x47e0d9274846dd67:0xde8727a11c8c983!8m2!3d49.4392988!4d1.1796326!16s%2Fg%2F11rhqvhn2m!19sChIJZ91GSCfZ4EcRg8nIEXpy6A0?authuser=0&hl=fr&rclk=1,ATTILA Rouen Est,Couvreur,"80 voie A, ZAC de, La Briqueterie",02 78 08 94 94,https://www.attila.fr/nos-agences/attila-rouen-est?utm_source=Google&utm_medium=MyBusiness,5,-5
https://www.google.com/maps/place/YR+COUVERTURE/data=!4m7!3m6!1s0xa3f9cf807c2791d3:0x89e5106f96868db5!8m2!3d49.3787977!4d1.1096454!16s%2Fg%2F11vwvg7ksg!19sChIJ05EnfIDP-aMRtY2Glm8Q5Yk?authuser=0&hl=fr&rclk=1,YR COUVERTURE,Couvreur,67 bis Rue de l'Industrie,06 10 10 78 05,https://yr-artisancouvreur.fr/,5,-2
https://www.google.com/maps/place/Nord76/data=!4m7!3m6!1s0x47e0dfc494ca17dd:0x747ead52f85c3878!8m2!3d49.4279941!4d1.0810251!16s%2Fg%2F11q8jzns0s!19sChIJ3RfKlMTf4EcReDhc-FKtfnQ?authuser=0&hl=fr&rclk=1,Nord76,Travaux généraux,103 Rue Saint-Julien,07 66 08 58 34,,,
https://www.google.com/maps/place/Ecco+Ravalement+%7C+Isolation+Thermique/data=!4m7!3m6!1s0x47e0efbd3e62cb3b:0xf1d7ee7b780f4829!8m2!3d49.568924!4d0.9269151!16s%2Fg%2F11y41sjvzp!19sChIJO8tiPr3v4EcRKUgPeHvu1_E?authuser=0&hl=fr&rclk=1,Ecco Ravalement | Isolation Thermique,Entrepreneur spécialisé dans l'isolation,74 Bd Roger Fosse,09 81 79 73 94,https://www.ecco-ravalement.com/,4,-22
https://www.google.com/maps/place/Crivelli/data=!4m7!3m6!1s0x47e0e0af067b4e9b:0x4d51943ef45576e8!8m2!3d49.4337221!4d1.0500063!16s%2Fg%2F11shpfzx1h!19sChIJm057Bq_g4EcR6HZV9D6UUU0?authuser=0&hl=fr&rclk=1,Crivelli,Entrepreneur,"ZI Quais de Seine, 5 Rue Agache Kuhlmann",02 35 65 28 78,,"3,5",-4
https://www.google.com/maps/place/Ls+Couverture+SARL/data=!4m7!3m6!1s0x47e0dbd6252443df:0x200059838e1e4062!8m2!3d49.4394348!4d1.1813814!16s%2Fg%2F1xg5rz4n!19sChIJ30MkJdbb4EcRYkAejoNZACA?authuser=0&hl=fr&rclk=1,Ls Couverture SARL,Couvreur,"ZAC de, La Briqueterie",02 35 60 10 81,http://lscouverture.fr/,"4,6",-27
https://www.google.com/maps/place/Ets+Paro%C3%AFelle/data=!4m7!3m6!1s0x410ca192273b423f:0x913ce0d763285c2b!8m2!3d49.4301368!4d1.1646288!16s%2Fg%2F11b6q1g110!19sChIJP0I7J5KhDEERK1woY9fgPJE?authuser=0&hl=fr&rclk=1,Ets Paroïelle,Charpentier,1556 Rte de Lyons,02 35 33 25 17,http://www.paroielle.fr/,"4,6",-21
https://www.google.com/maps/place/Team+Concept+JB/data=!4m7!3m6!1s0x47e0dfa4ed9d907f:0x9e902c44b67a2758!8m2!3d49.4486305!4d1.1075628!16s%2Fg%2F11ngstpsqy!19sChIJf5Cd7aTf4EcRWCd6tkQskJ4?authuser=0&hl=fr&rclk=1,Team Concept JB,Service de restauration de bâtiments,3B Rue de Bellevue,07 61 43 51 99,https://teamconceptjb.fr/,5,-1
"https://www.google.com/maps/place/Gautier+Entreprise+-+Couverture,+isolation,+panneaux+photovolta%C3%AFque/data=!4m7!3m6!1s0x47e0eef92dfe4377:0x6829f175c22985f4!8m2!3d49.5711867!4d0.9348479!16s%2Fg%2F1tg8j07l!19sChIJd0P-Lfnu4EcR9IUpwnXxKWg?authuser=0&hl=fr&rclk=1","Gautier Entreprise - Couverture, isolation, panneaux photovoltaïque",Entrepreneur spécialisé dans l'isolation,·,02 35 91 01 15,http://www.gautier-entreprise.fr/,"3,7",-35
https://www.google.com/maps/place/Charpentiers+d%27Aujourd%27hui+-+Husbat/data=!4m7!3m6!1s0x47e0e823fce0cc2d:0x1288d1ba2e9bfe71!8m2!3d49.5510528!4d1.0472686!16s%2Fg%2F11b6dghpj3!19sChIJLczg_CPo4EcRcf6bLrrRiBI?authuser=0&hl=fr&rclk=1,Charpentiers d'Aujourd'hui - Husbat,Charpentier,Zone d'activité du Polen,02 35 76 85 47,http://www.charpentiers-daujourdhui.com/,"4,4",-13
https://www.google.com/maps/place/CMO/data=!4m7!3m6!1s0x47e0da62b122b685:0x5308a4a78a09fa63!8m2!3d49.4798899!4d1.2272194!16s%2Fg%2F11bwqlm9lw!19sChIJhbYisWLa4EcRY_oJiqekCFM?authuser=0&hl=fr&rclk=1,CMO,Charpentier,264 Rue de la Laie,02 32 86 55 45,http://www.cmo-sas.com/,5,-1
https://www.google.com/maps/place/Unibois/data=!4m7!3m6!1s0x47e0db53ba914cdd:0xeedb0bebf563ded1!8m2!3d49.4798899!4d1.2272194!16s%2Fg%2F11wjjsr4gp!19sChIJ3UyRulPb4EcR0d5j9esL2-4?authuser=0&hl=fr&rclk=1,Unibois,Charpentier,264 Rue de la Laie,06 46 45 74 02,https://www.unibois-constructeurbois.fr/,5,-1
https://www.google.com/maps/place/Dorkel+Service+de+nettoyage+et+d%27entretien+rouen+-+peinture+en+b%C3%A2timent+rouen/data=!4m7!3m6!1s0x47e0e7049b03c115:0x2db8dbaabd47f444!8m2!3d49.5164565!4d1.0357433!16s%2Fg%2F11fp52sf90!19sChIJFcEDmwTn4EcRRPRHvarbuC0?authuser=0&hl=fr&rclk=1,Dorkel Service de nettoyage et d'entretien rouen - peinture en bâtiment rouen,Peintre en bâtiment,25 Rue du Viaduc,06 17 76 49 09,,5,-4
https://www.google.com/maps/place/Houl%C3%A9+Constructions+Bois/data=!4m7!3m6!1s0x2f424e603ac34925:0xc5f3f57163a0bd3c!8m2!3d49.4465204!4d1.0948736!16s%2Fg%2F11wqkmk3sm!19sChIJJUnDOmBOQi8RPL2gY3H188U?authuser=0&hl=fr&rclk=1,Houlé Constructions Bois,Charpentier,·,06 68 99 09 37,,5,-7
https://www.google.com/maps/place/ATTILA+Rouen+Sud+-+Couvreur+%26+R%C3%A9paration+Toiture/data=!4m7!3m6!1s0x47e11ffd0054923f:0x4ad6fc04ce6678d5!8m2!3d49.2949542!4d0.9961011!16s%2Fg%2F11v3q5l2h2!19sChIJP5JUAP0f4UcR1XhmzgT81ko?authuser=0&hl=fr&rclk=1,ATTILA Rouen Sud - Couvreur & Réparation Toiture,Couvreur,·,02 79 49 06 89,https://www.attila.fr/nos-agences/attila-rouen-sud,"4,1",-14
https://www.google.com/maps/place/Soci%C3%A9t%C3%A9+Prouin/data=!4m7!3m6!1s0x47e11df674abe8d7:0x5f98585d2e0c214f!8m2!3d49.3603628!4d0.9503922!16s%2Fg%2F1thp__rn!19sChIJ1-irdPYd4UcRTyEMLl1YmF8?authuser=0&hl=fr&rclk=1,Société Prouin,Atelier de métallerie,20 Chem. du Gal,02 35 32 46 64,http://metallerie-prouin.fr/,"4,7",-10
https://www.google.com/maps/place/Olivier+Quevillard+EURL/data=!4m7!3m6!1s0x47e0e7852bdc3e0d:0x1b6c3a9743033d94!8m2!3d49.4904256!4d1.0493093!16s%2Fg%2F11b6d2pz8t!19sChIJDT7cK4Xn4EcRlD0DQ5c6bBs?authuser=0&hl=fr&rclk=1,Olivier Quevillard EURL,Couvreur,248 Rte de Dieppe,02 35 74 50 73,http://www.facebook.com/SARL-Renault-Quevillard-327515537401181/,5,-1
https://www.google.com/maps/place/BOUTEL+COUVERTURE/data=!4m7!3m6!1s0x47e0de9cbd1de91d:0x40e916569f8da2a!8m2!3d49.5259824!4d1.1437003!16s%2Fg%2F11b6d1mmc7!19sChIJHekdvZze4EcRKtr4aWWRDgQ?authuser=0&hl=fr&rclk=1,BOUTEL COUVERTURE,Couvreur,·,02 35 07 86 66,http://www.boutel.fr/,"3,5",-10
https://www.google.com/maps/place/VAMP+%28+vanne+am%C3%A9nagement+m%C3%A9tallerie+protection%29/data=!4m7!3m6!1s0x47e101d87592ae15:0xfe59b78c0b73932a!8m2!3d49.4064355!4d1.0341813!16s%2Fg%2F11j36m_1gw!19sChIJFa6SddgB4UcRKpNzC4y3Wf4?authuser=0&hl=fr&rclk=1,VAMP ( vanne aménagement métallerie protection),Atelier de métallerie,·,07 83 14 79 93,http://vamp27-76.com/,5,-4
https://www.google.com/maps/place/Maison+Marchal/data=!4m7!3m6!1s0x9759ed27ab2e89d:0x6260a6654f28453f!8m2!3d49.1404045!4d1.1593589!16s%2Fg%2F11tp04b6tp!19sChIJneiyetKedQkRP0UoT2WmYGI?authuser=0&hl=fr&rclk=1,Maison Marchal,Charpentier,·,06 35 19 30 74,https://www.maisonmarchal.fr/?utm_source=gmb,5,-20
https://www.google.com/maps/place/2C+Couvertures/data=!4m7!3m6!1s0x47e0e9a84c1528e5:0x92b761291b31b5c5!8m2!3d49.6614262!4d0.928212!16s%2Fg%2F11h23_25kq!19sChIJ5SgVTKjp4EcRxbUxGylht5I?authuser=0&hl=fr&rclk=1,2C Couvertures,Couvreur,·,02 59 22 99 30,https://2ccouvertures.fr/,5,-10
https://www.google.com/maps/place/RENOV+ET+SERVICE+76/data=!4m7!3m6!1s0x89e1e71d80bf9f3d:0xb3c2f069ff55d56c!8m2!3d49.4091187!4d1.0767232!16s%2Fg%2F11s7fw4q87!19sChIJPZ-_gB3n4YkRbNVV_2nwwrM?authuser=0&hl=fr&rclk=1,RENOV ET SERVICE 76,Services de nettoyage,Rue du Madrillet,06 26 78 33 93,https://www.facebook.com/profile.php?id=100067006021080,5,-1
https://www.google.com/maps/place/Arts+menuiserie+Agencement/data=!4m7!3m6!1s0x47e0d76e41191277:0xeb75e0fac78486c!8m2!3d49.4112382!4d1.2581205!16s%2Fg%2F1tg8j06v!19sChIJdxIZQW7X4EcRbEh4rA9etw4?authuser=0&hl=fr&rclk=1,Arts menuiserie Agencement,Entrepreneur spécialisé dans l'isolation,2380 Rte de Lyons,06 66 99 59 16,https://www.renovation-normandie.fr/,4,-9
https://www.google.com/maps/place/Etelin+Couverture/data=!4m7!3m6!1s0x47e0c3c5b77bee57:0x4bed638b2b635ac4!8m2!3d49.5431652!4d1.1057532!16s%2Fg%2F11pd1hkrf4!19sChIJV-57t8XD4EcRxFpjK4tj7Us?authuser=0&hl=fr&rclk=1,Etelin Couverture,Couvreur,8 lot Dom. des Lys,06 65 53 79 52,https://etelin-couverture.fr/,5,-12
https://www.google.com/maps/place/V+Antunes+Couverture/data=!4m7!3m6!1s0x47e0d928c4b17723:0xd63ce7b5640dbe27!8m2!3d49.4043849!4d1.1552881!16s%2Fg%2F11b6dgkqmb!19sChIJI3exxCjZ4EcRJ74NZLXnPNY?authuser=0&hl=fr&rclk=1,V Antunes Couverture,Couvreur,856 Rue Gustave Flaubert,02 32 80 37 47,https://www.v-antunes-couverture.fr/,"4,3",-7
https://www.google.com/maps/place/S.Weiss+-+Couvreur+Elbeuf+76+et+environs+-+Nettoyage+toiture+Fa%C3%A7ade/data=!4m7!3m6!1s0xa0505f5d3e0f0f41:0xfa989e4d27c2d574!8m2!3d49.2587762!4d1.2433307!16s%2Fg%2F11vdw0tbfc!19sChIJQQ8PPl1fUKARdNXCJ02emPo?authuser=0&hl=fr&rclk=1,S.Weiss - Couvreur Elbeuf 76 et environs - Nettoyage toiture Façade,Couvreur,·,07 70 45 14 48,https://seraphin-renovation-exterieure.fr/,5,-14
https://www.google.com/maps/place/Amelux+NedZink/data=!4m7!3m6!1s0x47e0dbe32ff49f83:0x49cad8c9262d3702!8m2!3d49.4442132!4d1.1575704!16s%2Fg%2F1tpbb7_h!19sChIJg5_0L-Pb4EcRAjctJsnYykk?authuser=0&hl=fr&rclk=1,Amelux NedZink,Fabricant,·,02 32 12 71 27,http://www.amelux.fr/,"2,8",-5
https://www.google.com/maps/place/MPR+76/data=!4m7!3m6!1s0x47e0dd000cfb0db9:0x341d87ab6b531f50!8m2!3d49.5225078!4d1.0783763!16s%2Fg%2F11msxqf4wl!19sChIJuQ37DADd4EcRUB9Ta6uHHTQ?authuser=0&hl=fr&rclk=1,MPR 76,Menuisier,375 Rte d'Houppeville,06 87 93 66 96,,5,-4
https://www.google.com/maps/place/PESQUEUX+CHARPENTE/data=!4m7!3m6!1s0x47e0f41219bceb9b:0x8a494f1f669df792!8m2!3d49.5676001!4d0.9311059!16s%2Fg%2F12cnxs5nh!19sChIJm-u8GRL04EcRkvedZh9PSYo?authuser=0&hl=fr&rclk=1,PESQUEUX CHARPENTE,Charpentier,381 Bd Roger Fosse,02 35 95 27 62,http://www.pesqueux-charpente.fr/,"4,4",-12
https://www.google.com/maps/place/Bv+Couverture/data=!4m7!3m6!1s0x47e0eefbdcf4e87f:0xb677f22ccd93d468!8m2!3d49.5710845!4d0.9350565!16s%2Fg%2F11h40_54rv!19sChIJf-j03Pvu4EcRaNSTzSzyd7Y?authuser=0&hl=fr&rclk=1,Bv Couverture,Couvreur,18 Rue Narcisse Guilbert,,,4,-1
https://www.google.com/maps/place/Sebastien+Etanch%C3%A9it%C3%A9+Bardage/data=!4m7!3m6!1s0x442f1df0e7373fbd:0xfcdaddc2b665c4bd!8m2!3d49.1260466!4d-0.0760561!16s%2Fg%2F11w4jtynrt!19sChIJvT835_AdL0QRvcRltsLd2vw?authuser=0&hl=fr&rclk=1,Sebastien Etanchéité Bardage,Entreprise d'étanchéité,·,06 21 54 41 91,,,
https://www.google.com/maps/place/D%C3%A9cap%27Ko%27Vert+-+Nettoyage+par+Cryog%C3%A9nie+-+D%C3%A9capage+par+A%C3%A9rogommage/data=!4m7!3m6!1s0x47e0c362e9e3ac45:0xdf1b93a9acec518c!8m2!3d49.576206!4d1.108199!16s%2Fg%2F11h4pqnf3y!19sChIJRazj6WLD4EcRjFHsrKmTG98?authuser=0&hl=fr&rclk=1,Décap'Ko'Vert - Nettoyage par Cryogénie - Décapage par Aérogommage,Entreprise de décapage de peinture,·,06 03 86 40 67,http://decapkovert.com/,5,-19
https://www.google.com/maps/place/VeryClean+France+-+Soci%C3%A9t%C3%A9+de+Nettoyage+Professionnel/data=!4m7!3m6!1s0x63ba3ee7cd7ea8d5:0x88f5f906a8fd4294!8m2!3d49.3693154!4d0.9343415!16s%2Fg%2F11vz56_lxt!19sChIJ1ah-zec-umMRlEL9qAb59Yg?authuser=0&hl=fr&rclk=1,VeryClean France - Société de Nettoyage Professionnel,Services de nettoyage,·,02 59 22 00 70,https://www.verycleanfrance.fr/,"4,9",-59
https://www.google.com/maps/place/Castorama+Rouen+Barentin/data=!4m7!3m6!1s0x47e0ef3f6908076d:0xb2124ede858397cb!8m2!3d49.5290901!4d0.9685202!16s%2Fg%2F1tfsb3m3!19sChIJbQcIaT_v4EcRy5eDhd5OErI?authuser=0&hl=fr&rclk=1,Castorama Rouen Barentin,Magasin de materiaux de construction,·,02 32 94 94 40,https://www.castorama.fr/store/1488?utm_content=barentin&utm_medium=MyBusiness&utm_source=Google,4,-4 880
https://www.google.com/maps/place/AF+charpente/data=!4m7!3m6!1s0x64da198f4dcbd713:0xb40dd9806abaec92!8m2!3d49.4323108!4d1.0172546!16s%2Fg%2F11xfsx_pj0!19sChIJE9fLTY8Z2mQRkuy6aoDZDbQ?authuser=0&hl=fr&rclk=1,AF charpente,Charpentier,·,06 34 01 90 15,https://www.instagram.com/construction_bois_normandie/?igsh=MXJmdnppNzkwYnMwMw%3D%3D#,5,-2
https://www.google.com/maps/place/Face+Normandie/data=!4m7!3m6!1s0x47e11f720c3259c5:0x7b028d6572b02e70!8m2!3d49.310399!4d1.0360289!16s%2Fg%2F1tf7fz1g!19sChIJxVkyDHIf4UcRcC6wcmWNAns?authuser=0&hl=fr&rclk=1,Face Normandie,Prestataire de traitement et finition de surfaces métalliques,·,02 35 81 41 20,,3,-2
https://www.google.com/maps/place/Ortelli+Alexandre+charpente/data=!4m7!3m6!1s0x87591d110f9fd351:0xdbb3686e38bcf1d0!8m2!3d49.4021705!4d0.6644924!16s%2Fg%2F11jygmcr5k!19sChIJUdOfDxEdWYcR0PG8OG5os9s?authuser=0&hl=fr&rclk=1,Ortelli Alexandre charpente,Charpentier,·,06 89 41 40 65,https://www.ortelli-charpente.fr/,5,-4
https://www.google.com/maps/place/MC.R%C3%A9novation76/data=!4m7!3m6!1s0x528e7aaf456317b:0x1994473bc1aa886f!8m2!3d49.6614262!4d0.928212!16s%2Fg%2F11rw94tv2s!19sChIJezFW9KrnKAURb4iqwTtHlBk?authuser=0&hl=fr&rclk=1,MC.Rénovation76,Peintre en bâtiment,·,06 64 13 47 07,,5,-12
https://www.google.com/maps/place/Normandy+Drone+-+D%C3%A9moussage/data=!4m7!3m6!1s0xa3b71c15fd2926fd:0xd1b3a6fced3c48e6!8m2!3d49.3287886!4d0.8637322!16s%2Fg%2F11x1qd9wqv!19sChIJ_SYp_RUct6MR5kg87fyms9E?authuser=0&hl=fr&rclk=1,Normandy Drone - Démoussage,Service de drone,·,07 60 26 89 44,https://www.normandydrone.fr/,5,-16
https://www.google.com/maps/place/FCM+Agencement/data=!4m7!3m6!1s0x176846ef6374def:0xd722048766ccaca2!8m2!3d49.367818!4d0.9077902!16s%2Fg%2F11xyp0x_qw!19sChIJ70039m6EdgERoqzMZocEItc?authuser=0&hl=fr&rclk=1,FCM Agencement,Menuisier,·,06 24 96 30 24,https://www.instagram.com/fcm_agencement?igsh=b3B6Yjg4MW52a3lj,5,-10
https://www.google.com/maps/place/Delahaye+Couverture/data=!4m7!3m6!1s0x47e120a4e3479fc1:0xbc4146b31887e4b2!8m2!3d49.2553815!4d1.1473959!16s%2Fg%2F11f1w9_bw0!19sChIJwZ9H46Qg4UcRsuSHGLNGQbw?authuser=0&hl=fr&rclk=1,Delahaye Couverture,Couvreur,·,06 60 67 57 71,,"4,2",-11
https://www.google.com/maps/place/Houl%C3%A9+Constructions+Bois/data=!4m7!3m6!1s0x6673082ca9466ee1:0xd1c3af76b2ed057c!8m2!3d49.4412358!4d1.0911845!16s%2Fg%2F11wn21mtmr!19sChIJ4W5GqSwIc2YRfAXtsnavw9E?authuser=0&hl=fr&rclk=1,Houlé Constructions Bois,Charpentier,·,06 68 99 09 37,,,
https://www.google.com/maps/place/FLClean+%26+Services/data=!4m7!3m6!1s0x47e60dba44ce6f1f:0x58c3453d305573bc!8m2!3d49.4117452!4d1.0975329!16s%2Fg%2F11k_pc3vc_!19sChIJH2_ORLoN5kcRvHNVMD1Fw1g?authuser=0&hl=fr&rclk=1,FLClean & Services,Entreprise de nettoyage de vitres,39 Rue Jean,07 65 79 66 99,,"4,9",-17
https://www.google.com/maps/place/Charpente+Bellevue/data=!4m7!3m6!1s0xa013343a3ef379a5:0x2fe88347b47ff1ff!8m2!3d49.1260466!4d-0.0760561!16s%2Fg%2F11w8l065kx!19sChIJpXnzPjo0E6AR__F_tEeD6C8?authuser=0&hl=fr&rclk=1,Charpente Bellevue,Charpentier,·,06 59 19 49 46,http://charpentebellevue.com/,5,-5
https://www.google.com/maps/place/MRC+BATIMENT+%2B/data=!4m7!3m6!1s0x466e75e29a95608d:0x1f28ac8d5040aba5!8m2!3d49.1260466!4d0.1091461!16s%2Fg%2F11mcj1pv5d!19sChIJjWCVmuJ1bkYRpatAUI2sKB8?authuser=0&hl=fr&rclk=1,MRC BATIMENT +,Entrepreneur,·,06 66 89 65 35,https://www.mrc-batiment.com/?utm_medium=referral&utm_source=gmb&utm_campaign=lnk-gmb,"3,7",-3
https://www.google.com/maps/place/SP+D%C3%A9moussage/data=!4m7!3m6!1s0x495a3737fa3780d9:0xd3631f7d42dad46e!8m2!3d30.6959409!4d-49.8171262!16s%2Fg%2F11x0p1fdm5!19sChIJ2YA3-jc3WkkRbtTaQn0fY9M?authuser=0&hl=fr&rclk=1,SP Démoussage,Service de nettoyage et d'entretien,·,06 48 08 23 64,https://www.facebook.com/profile.php?id=61573698596358,5,-4
"https://www.google.com/maps/place/Cabinet+Amplitude+-+Extension,+agrandissement+de+maison+et+R%C3%A9novation/data=!4m7!3m6!1s0x47918132dd2d4099:0xb347b15b80c41439!8m2!3d47.774529!4d7.225749!16s%2Fg%2F11jrcj_tqr!19sChIJmUAt3TKBkUcRORTEgFuxR7M?authuser=0&hl=fr&rclk=1","Cabinet Amplitude - Extension, agrandissement de maison et Rénovation",Entreprise de construction,3 Rue d'Italie,07 85 98 61 24,https://www.google.com/aclk?sa=L&ai=DChsSEwjku-aThr6UAxUjvWgJHZShJqgYACICCAEQAxoCd2Y&co=1&ase=2&gclid=CjwKCAjwq6DQBhBVEiwA4ZD5XPm1j-X35y3I2JTs-dJ1AWOn3T9xiifisWI4Y5mIogcpNCaXkqPMJhoC_pAQAvD_BwE&cce=2&category=acrcp_v1_32&sig=AOD64_0Mh5uK7eptzleM7Mib5-wYN2BlBQ&adurl&q&ctype=99&nis=6,"4,1",-14
https://www.google.com/maps/place/MURPROTEC+MULHOUSE/data=!4m7!3m6!1s0x47919dbf82d8f83d:0x2355df4533f9f8bf!8m2!3d47.784889!4d7.387518!16s%2Fg%2F11h803jjs8!19sChIJPfjYgr-dkUcRv_j5M0XfVSM?authuser=0&hl=fr&rclk=1,MURPROTEC MULHOUSE,Centre de diagnostic,106 Rue des Bains,03 89 52 97 34,https://www.google.com/aclk?sa=L&ai=DChsSEwjku-aThr6UAxUjvWgJHZShJqgYACICCAEQBBoCd2Y&co=1&ase=2&gclid=CjwKCAjwq6DQBhBVEiwA4ZD5XGAzMmqXlXXRQBeJO6v05Yaqgdo09gP0t-h6IiWj-A2L1z8i7kskAxoCClMQAvD_BwE&cce=2&category=acrcp_v1_32&sig=AOD64_0dUCHAllC1i6z6Zz6ugmcmMgtiEw&adurl&q&ctype=99&nis=6,"4,9",-100
https://www.google.com/maps/place/Groupe+Galopin/data=!4m7!3m6!1s0x47919ad55ed0b9eb:0x73895a580e7d06a9!8m2!3d47.7298287!4d7.289262!16s%2Fg%2F1thcr7z2!19sChIJ67nQXtWakUcRqQZ9DlhaiXM?authuser=0&hl=fr&rclk=1,Groupe Galopin,Entreprise de construction,·,03 89 33 44 50,https://www.groupe-galopin.com/,"3,5",-22
https://www.google.com/maps/place/SOPREMA+Entreprises+et+services+SOPRASSISTANCE/data=!4m7!3m6!1s0x47919b2a84d65fb9:0xed7f2ffea518ad50!8m2!3d47.730292!4d7.292016!16s%2Fg%2F1td4cgp5!19sChIJuV_WhCqbkUcRUK0Ypf4vf-0?authuser=0&hl=fr&rclk=1,SOPREMA Entreprises et services SOPRASSISTANCE,Entrepreneur spécialisé dans l'isolation,·,03 89 33 51 51,https://www.soprema-entreprises.fr/entite/agence/entreprise-etancheite-mulhouse/?utm_source=gmb,"4,1",-23
https://www.google.com/maps/place/Dispano+Mulhouse/data=!4m7!3m6!1s0x47919cca695c3661:0xc586857f403a4b4e!8m2!3d47.7889018!4d7.3082264!16s%2Fg%2F11ckrz40k_!19sChIJYTZcacqckUcRTks6QH-FhsU?authuser=0&hl=fr&rclk=1,Dispano Mulhouse,Négociant en bois,·,03 89 50 30 40,https://www.dispano.fr/infos-agence/mulhouse-dispano-3182,"3,8",-39
https://www.google.com/maps/place/ISOLATION+68/data=!4m7!3m6!1s0x47919b28b7e2add5:0x33ea8d812499c45!8m2!3d47.7940602!4d7.3128172!16s%2Fg%2F11jzsbpc9l!19sChIJ1a3ityibkUcRRZxJEtioPgM?authuser=0&hl=fr&rclk=1,ISOLATION 68,Entrepreneur spécialisé dans l'isolation,6 Rue du Commerce,03 89 50 88 50,https://isolation68.fr/,"4,6",-9
https://www.google.com/maps/place/Schoenenberger+SA/data=!4m7!3m6!1s0x47919c0b258440b1:0xdc20c261fbb5420!8m2!3d47.7687147!4d7.3729329!16s%2Fg%2F1tfw1z7v!19sChIJsUCEJQuckUcRIFS7HyYMwg0?authuser=0&hl=fr&rclk=1,Schoenenberger SA,Entrepreneur spécialisé dans l'isolation,·,03 89 45 20 35,http://www.schoenenberger.fr/,"3,5",-21
https://www.google.com/maps/place/ALLEMANN+BOIS+-+Extension+bois+-+Terrasse+-+Abris+%7C+Haut-Rhin/data=!4m7!3m6!1s0x479178538afab10f:0xfebbb386ca7d3e37!8m2!3d47.7258044!4d7.3017586!16s%2Fg%2F11hbvzc211!19sChIJD7H6ilN4kUcRNz59yoazu_4?authuser=0&hl=fr&rclk=1,ALLEMANN BOIS - Extension bois - Terrasse - Abris | Haut-Rhin,Constructeur de terrasses,16 Rue des Pyrénées,03 89 49 72 17,https://allemann-bois.fr/,"4,9",-79
https://www.google.com/maps/place/CSL+bois/data=!4m7!3m6!1s0x47919b0f48f2be9b:0x58a1be90a6ba2dc7!8m2!3d47.740674!4d7.3156277!16s%2Fg%2F11q8wvpx63!19sChIJm77ySA-bkUcRxy26ppC-oVg?authuser=0&hl=fr&rclk=1,CSL bois,Charpentier,Rue de Brunstatt,,https://www.csl-bois.fr/,5,-5
"https://www.google.com/maps/place/PRESTI+FACADE%2F+Ravalement+de+Fa%C3%A7ade,+Isolation+Thermique+Ext%C3%A9rieure,+Isolation+des+Combles,+Isolation+des+Planchers,+RGE/data=!4m7!3m6!1s0x47919b3b336041a5:0x7dde95508d30e471!8m2!3d47.7906914!4d7.3058702!16s%2Fg%2F11gx_nlln2!19sChIJpUFgMzubkUcRceQwjVCV3n0?authuser=0&hl=fr&rclk=1","PRESTI FACADE/ Ravalement de Façade, Isolation Thermique Extérieure, Isolation des Combles, Isolation des Planchers, RGE",Entrepreneur spécialisé dans l'isolation,·,03 89 45 12 25,http://presti-facade.fr/,"4,8",-204
https://www.google.com/maps/place/TTFB/data=!4m7!3m6!1s0x47919b128e1e765b:0xa793e14277406f18!8m2!3d47.7456575!4d7.3277993!16s%2Fg%2F11b6d2nf95!19sChIJW3YejhKbkUcRGG9Ad0Lhk6c?authuser=0&hl=fr&rclk=1,TTFB,Couvreur,2 Rue Jacquard,03 89 43 78 54,,"4,5",-2
"https://www.google.com/maps/place/Brochard+Renovation+:+couverture+Zinguerie,demoussage+toiture,ravalement+de+fa%C3%A7ade,bardage,Illzach+Mulhouse+et+haut+Rhin/data=!4m7!3m6!1s0x47919c756f96bf45:0xd27f55a3422555cc!8m2!3d47.7659969!4d7.3683315!16s%2Fg%2F11csc74lp0!19sChIJRb-Wb3WckUcRzFUlQqNVf9I?authuser=0&hl=fr&rclk=1","Brochard Renovation : couverture Zinguerie,demoussage toiture,ravalement de façade,bardage,Illzach Mulhouse et haut Rhin",Entrepreneur spécialisé dans l'isolation,9 Av. d'Italie,03 89 31 03 06,http://www.facebook.com/BROCHARD-RENOVATION-100951788031853/,"4,8",-13
https://www.google.com/maps/place/E.g.c.+Galopin/data=!4m7!3m6!1s0x47919ad55ed0b9eb:0x37d725a393cce740!8m2!3d47.7298196!4d7.2892176!16s%2Fg%2F1tgxg_47!19sChIJ67nQXtWakUcRQOfMk6Ml1zc?authuser=0&hl=fr&rclk=1,E.g.c. Galopin,Travaux généraux,·,03 89 33 44 50,http://www.galopin-sa.com/egc-galopin/presentation.php,"4,6",-12
https://www.google.com/maps/place/Fa%C3%A7ade+68/data=!4m7!3m6!1s0x47919b335ca1845f:0x47904b2d70db5027!8m2!3d47.7510368!4d7.3214829!16s%2Fg%2F11cs3ywzy9!19sChIJX4ShXDObkUcRJ1DbcC1LkEc?authuser=0&hl=fr&rclk=1,Façade 68,Façadier,130 Rue De La Mer Rouge,06 67 08 81 27,http://www.facade-68.fr/?utm_medium=referral&utm_source=gmb&utm_campaign=lnk-gmb,5,-80
https://www.google.com/maps/place/Charpentes+Dorez/data=!4m7!3m6!1s0x47919b085518ea91:0xcd2aff3d61be3fc6!8m2!3d47.725384!4d7.301847!16s%2Fg%2F1tdw2d67!19sChIJkeoYVQibkUcRxj--YT3_Ks0?authuser=0&hl=fr&rclk=1,Charpentes Dorez,Charpentier,11 Rue des Pyrénées,03 89 42 49 81,http://charpentes-dorez.fr/,"4,2",-6
https://www.google.com/maps/place/STB+SCHMITT/data=!4m7!3m6!1s0x47919b59c5f62e8b:0x47f6b68d34469357!8m2!3d47.7521772!4d7.2997128!16s%2Fg%2F1q62gccz6!19sChIJiy72xVmbkUcRV5NGNI229kc?authuser=0&hl=fr&rclk=1,STB SCHMITT,Couvreur,11 Rue de Saint-Amarin,03 89 44 24 82,https://www.couvreur-stb-schmitt.fr/,"3,5",-17
https://www.google.com/maps/place/Real+Toiture/data=!4m7!3m6!1s0x47919bf1c38962a7:0xa9f4a016f6ee0d2b!8m2!3d47.7591586!4d7.3221718!16s%2Fg%2F11kj8w9crw!19sChIJp2KJw_GbkUcRKw3u9hag9Kk?authuser=0&hl=fr&rclk=1,Real Toiture,Couvreur,16 Rue Jules Siegfried,07 81 53 41 28,https://www.real-toiture.fr/?utm_source=Google&utm_medium=My%20Business,3,-4
"https://www.google.com/maps/place/NB+TOITURES+:+Charpente,+Couverture,+Zinguerie,+Bardage,+Isolation+des+Combles/data=!4m7!3m6!1s0x47919d1f3059095d:0x3982d5d41f16d071!8m2!3d47.8213877!4d7.3399746!16s%2Fg%2F1260nj60n!19sChIJXQlZMB-dkUcRcdAWH9TVgjk?authuser=0&hl=fr&rclk=1","NB TOITURES : Charpente, Couverture, Zinguerie, Bardage, Isolation des Combles",Couvreur,160 Rue d'Ensisheim,06 59 15 93 80,https://www.nb-toitures.fr/?utm_source=Google&utm_medium=My%20Business,"3,9",-59
https://www.google.com/maps/place/SO-CEM/data=!4m7!3m6!1s0x47919d2b2bc58c65:0x5043141eb00edc03!8m2!3d47.7922072!4d7.2425785!16s%2Fg%2F11b7q1xrnn!19sChIJZYzFKyudkUcRA9wOsB4UQ1A?authuser=0&hl=fr&rclk=1,SO-CEM,Entrepreneur spécialisé dans l'isolation,14 rue du chevalement,03 67 70 75 00,http://so-cem.fr/,"4,1",-22
https://www.google.com/maps/place/Wiedemann+Fils/data=!4m7!3m6!1s0x47919b14b2edbdb5:0x63e2a2c4cfcb946a!8m2!3d47.7476845!4d7.3224323!16s%2Fg%2F11khzp702r!19sChIJtb3tshSbkUcRapTLz8Si4mM?authuser=0&hl=fr&rclk=1,Wiedemann Fils,Entrepreneur,4b Rue du Traîneau,09 74 56 14 60,https://www.couverture-wiedemann.fr/contactez-nous.php,,
https://www.google.com/maps/place/Markoa+B3/data=!4m7!3m6!1s0x4791835b2d031dd3:0x87ff66fdc8af013e!8m2!3d47.787529!4d7.2975974!16s%2Fg%2F11mvzb9mh3!19sChIJ0x0DLVuDkUcRPgGvyP1m_4c?authuser=0&hl=fr&rclk=1,Markoa B3,Charpentier,11 Rue de Kingersheim,09 70 35 32 03,https://www.markoa-b3-charpente.fr/?utm_medium=referral&utm_source=gmb&utm_campaign=lnk-gmb,"4,4",-7
https://www.google.com/maps/place/GL+Etanch%C3%A9it%C3%A9/data=!4m7!3m6!1s0x47919c478143f6cb:0xe7592ab09a00ce1!8m2!3d47.877187!4d7.3524961!16s%2Fg%2F11bzq3ht82!19sChIJy_ZDgUeckUcR4QygCauSdQ4?authuser=0&hl=fr&rclk=1,GL Etanchéité,Couvreur,·,03 89 52 29 07,https://www.gl-etancheite.com/,"3,9",-11
https://www.google.com/maps/place/MURPROTEC+MULHOUSE/data=!4m7!3m6!1s0x47919dbf82d8f83d:0x2355df4533f9f8bf!8m2!3d47.784889!4d7.387518!16s%2Fg%2F11h803jjs8!19sChIJPfjYgr-dkUcRv_j5M0XfVSM?authuser=0&hl=fr&rclk=1,MURPROTEC MULHOUSE,Centre de diagnostic,106 Rue des Bains,03 89 52 97 34,https://www.google.com/aclk?sa=L&ai=DChsSEwjDk7iZhr6UAxWSoGgJHfkAHoEYACICCAEQARoCd2Y&co=1&ase=2&gclid=CjwKCAjwq6DQBhBVEiwA4ZD5XFNY2IeSDHW471w1MWSo5h-W6fe03HUyprzaxNEmUSS-FgF2px_riBoCACMQAvD_BwE&cce=2&category=acrcp_v1_32&sig=AOD64_0_7LMw14vJUnf8eBLu1kEp0lhjJA&adurl&q&ctype=99&nis=6,"4,9",-100
"https://www.google.com/maps/place/Cabinet+Amplitude+-+Extension,+agrandissement+de+maison+et+R%C3%A9novation/data=!4m7!3m6!1s0x47918132dd2d4099:0xb347b15b80c41439!8m2!3d47.774529!4d7.225749!16s%2Fg%2F11jrcj_tqr!19sChIJmUAt3TKBkUcRORTEgFuxR7M?authuser=0&hl=fr&rclk=1","Cabinet Amplitude - Extension, agrandissement de maison et Rénovation",Entreprise de construction,3 Rue d'Italie,07 85 98 61 24,https://www.google.com/aclk?sa=L&ai=DChsSEwjDk7iZhr6UAxWSoGgJHfkAHoEYACICCAEQAhoCd2Y&co=1&ase=2&gclid=CjwKCAjwq6DQBhBVEiwA4ZD5XMUS48vv8o42jkCitmtMNZP6QR34K7jh8REKp18ipWSvDZNG3KaVdxoCrKUQAvD_BwE&cce=2&category=acrcp_v1_32&sig=AOD64_17A7MZnoJzuklvQ1vwC1ZgUbYfaA&adurl&q&ctype=99&nis=6,"4,1",-14
https://www.google.com/maps/place/Lariviere/data=!4m7!3m6!1s0x4791bda7778221a9:0xad6849c62a2f3174!8m2!3d47.7923835!4d7.3077816!16s%2Fg%2F1v2kwc61!19sChIJqSGCd6e9kUcRdDEvKsZJaK0?authuser=0&hl=fr&rclk=1,Lariviere,Magasin de materiaux de construction,·,03 89 31 00 20,https://www.lariviere.fr/trouver-votre-agence/lariviere-SEB/entry-428-lariviere-mulhouse.html,"3,9",-13
https://www.google.com/maps/place/EURL+MOTA+HENRIQUES/data=!4m7!3m6!1s0x47919de16d7cb05f:0x272a0aaeedcf4fa3!8m2!3d47.7769972!4d7.3252576!16s%2Fg%2F11hzm0plhq!19sChIJX7B8beGdkUcRo0_P7a4KKic?authuser=0&hl=fr&rclk=1,EURL MOTA HENRIQUES,Maçon,21 Rue d'Oradour,09 74 56 81 62,http://www.bardage-mota-henriques.com/,"1,5",-2
https://www.google.com/maps/place/Nexthome+Cr%C3%A9ation/data=!4m7!3m6!1s0x47919b2b2bf9de43:0x9aae6da474cc9a1f!8m2!3d47.7328618!4d7.2897167!16s%2Fg%2F1vbl6hs2!19sChIJQ975KyubkUcRH5rMdKRtrpo?authuser=0&hl=fr&rclk=1,Nexthome Création,Constructeur de maisons personnalisées,15 Rue Victor Schoelcher,03 89 55 35 59,https://www.nexthome-creation.fr/,"4,8",-49
https://www.google.com/maps/place/Spectra/data=!4m7!3m6!1s0x4791834aad5ef341:0x1aaf6766d0eac2cc!8m2!3d47.7876887!4d7.3030918!16s%2Fg%2F1tdf089t!19sChIJQfNerUqDkUcRzMLq0GZnrxo?authuser=0&hl=fr&rclk=1,Spectra,Consultant en acoustique,8 Rue Manurhin 8,03 89 52 47 47,http://www.spectra.fr/,"4,5",-18
https://www.google.com/maps/place/Euro+Toiture+-+Deplanque+David/data=!4m7!3m6!1s0x47919bf5d0c87473:0x6a78397ee58b4e9d!8m2!3d47.7443343!4d7.3363972!16s%2Fg%2F11j3qj2ks_!19sChIJc3TI0PWbkUcRnU6L5X45eGo?authuser=0&hl=fr&rclk=1,Euro Toiture - Deplanque David,Couvreur,10 Rue de la Sinne bât 2,06 76 18 38 55,http://deplanque.site-solocal.com/,5,-1
https://www.google.com/maps/place/A+Net+Renovation+-+Isolation+%26+Ravalement+de+Fa%C3%A7ades+Mulhouse/data=!4m7!3m6!1s0x479181859cecc4b9:0x81e3f43fdc889737!8m2!3d47.8170194!4d7.1783341!16s%2Fg%2F11gj0x9dt6!19sChIJucTsnIWBkUcRN5eI3D_044E?authuser=0&hl=fr&rclk=1,A Net Renovation - Isolation & Ravalement de Façades Mulhouse,Entrepreneur spécialisé dans l'isolation,·,06 52 65 07 64,https://anetrenovation.fr/,5,-85
https://www.google.com/maps/place/WENDLING+couverture+zinguerie+isolation+r%C3%A9parations/data=!4m7!3m6!1s0x4791832ace117703:0x493e5e9cd396bc34!8m2!3d47.806352!4d7.307956!16s%2Fg%2F11b6dg88b0!19sChIJA3cRziqDkUcRNLyW05xePkk?authuser=0&hl=fr&rclk=1,WENDLING couverture zinguerie isolation réparations,Entrepreneur spécialisé dans l'isolation,19 Rue du Périgord,03 89 50 51 88,https://www.wendling-couverture-zinguerie.fr/,"4,9",-24
https://www.google.com/maps/place/Construire/data=!4m7!3m6!1s0x47919b895d231367:0xa2e435793ef3530!8m2!3d47.7602103!4d7.360122!16s%2Fg%2F1v1sk473!19sChIJZxMjXYmbkUcRMDXvk1dDLgo?authuser=0&hl=fr&rclk=1,Construire,Service de nettoyage et d'entretien,"Box 4.02, 2 Rue des Flandres N°2",03 89 44 64 14,http://www.construire.asso.fr/,"3,7",-16
https://www.google.com/maps/place/Innobatis68/data=!4m7!3m6!1s0x47919b4135c43be3:0xed3d54c81eec4fd0!8m2!3d48.24906!4d7.494897!16s%2Fg%2F11lfbh0nww!19sChIJ4zvENUGbkUcR0E_sHshUPe0?authuser=0&hl=fr&rclk=1,Innobatis68,Constructeur de terrasses,,06 64 12 90 58,,,
https://www.google.com/maps/place/Isosystem/data=!4m7!3m6!1s0x479184d4ef9b3edf:0xdda93d311cdca1d6!8m2!3d47.7806494!4d7.3951754!16s%2Fg%2F11cmpgzszt!19sChIJ3z6b79SEkUcR1qHcHDE9qd0?authuser=0&hl=fr&rclk=1,Isosystem,Plâtrier.ère,26 Rue des Gaulois,03 89 56 11 79,https://www.isosystem-platrerie.fr/,"4,8",-6
https://www.google.com/maps/place/SMAC/data=!4m7!3m6!1s0x479183c004463551:0xa94e01cad270a08e!8m2!3d47.775042!4d7.224726!16s%2Fg%2F11mvmvpvj2!19sChIJUTVGBMCDkUcRjqBw0soBTqk?authuser=0&hl=fr&rclk=1,SMAC,Entrepreneur spécialisé dans l'isolation,6 Rue d'Italie,03 89 53 45 88,https://www.smac-sa.com/agence/smac-mulhouse/?utm_source=gmb&utm_medium=CTA-WEB&utm_campaign=Mulhouse,3,-2
https://www.google.com/maps/place/Atsiz+renovation/data=!4m7!3m6!1s0xa9e80a9c869315ff:0x3e8237e5efa5fb58!8m2!3d47.7526226!4d7.3255347!16s%2Fg%2F11vqm_905_!19sChIJ_xWThpwK6KkRWPul7-U3gj4?authuser=0&hl=fr&rclk=1,Atsiz renovation,Entrepreneur spécialisé dans l'isolation,,06 11 38 88 15,https://www.atsiz-renovation.fr/,5,-2
https://www.google.com/maps/place/Les+Bois+d%27Ensisheim/data=!4m7!3m6!1s0x479177803a55c617:0xe592d2631b3d98e4!8m2!3d47.875705!4d7.3349803!16s%2Fg%2F11h4kx97g6!19sChIJF8ZVOoB3kUcR5Jg9G2PSkuU?authuser=0&hl=fr&rclk=1,Les Bois d'Ensisheim,Magasin de materiaux de construction,·,03 89 76 34 27,https://www.lesboisdensisheim.fr/,"4,6",-46
https://www.google.com/maps/place/Comptoir+des+Bois+-+Cernay/data=!4m7!3m6!1s0x4791778fbc4fa687:0xf1d74caf2cfaefad!8m2!3d47.8031238!4d7.1979095!16s%2Fg%2F1tj49d7g!19sChIJh6ZPvI93kUcRre_6LK9M1_E?authuser=0&hl=fr&rclk=1,Comptoir des Bois - Cernay,Négociant en bois,·,03 89 75 91 15,http://www.comptoirdesbois.fr/,"4,1",-35
https://www.google.com/maps/place/VS+CHARPENTE/data=!4m7!3m6!1s0x4791995bf4ef3459:0x74fa3655f49878c6!8m2!3d47.8299238!4d7.2681844!16s%2Fg%2F11gzs6_j2k!19sChIJWTTv9FuZkUcRxniY9FU2-nQ?authuser=0&hl=fr&rclk=1,VS CHARPENTE,Charpentier,6 rue des deux puits,06 35 79 58 62,http://vscharpente.com/,5,-49
"https://www.google.com/maps/place/Alsace+TH+:+couverture,+zinguerie,+%C3%A9tanch%C3%A9it%C3%A9+et+bardage/data=!4m7!3m6!1s0x8bfd90920326fe17:0x88eb0a517c8609f4!8m2!3d47.8657612!4d7.231472!16s%2Fg%2F11m6k331km!19sChIJF_4mA5KQ_YsR9AmGfFEK64g?authuser=0&hl=fr&rclk=1","Alsace TH : couverture, zinguerie, étanchéité et bardage",Entreprise d'étanchéité,·,06 27 13 69 03,,,
https://www.google.com/maps/place/MURPROTEC+CAEN/data=!4m7!3m6!1s0x410b81f738ce0b37:0x70c54f98f35b9aa6!8m2!3d49.149842!4d-0.264886!16s%2Fg%2F11b638_w1w!19sChIJNwvOOPeBC0ERpppb85hPxXA?authuser=0&hl=fr&rclk=1,MURPROTEC CAEN,Centre de diagnostic,Rue du Grand Chemin,02 31 74 20 44,https://www.google.com/aclk?sa=L&ai=DChsSEwiOme-vhr6UAxWVPgYAHTilGZcYACICCAEQAxoCd3M&co=1&ase=2&gclid=CjwKCAjwq6DQBhBVEiwA4ZD5XNwP8a_e6_Ylu1kMY94yQPartcXS93vYEZ-lXRbGJdfZI4Q_EKEkXBoCYysQAvD_BwE&cce=2&category=acrcp_v1_32&sig=AOD64_1Vk7qeRa8IM1jXCQgdNR6h4-fZwg&adurl&q&ctype=99&nis=6,"4,7",-233
https://www.google.com/maps/place/MAISONS+SOCOREN+-+SDMO+:+Constructeur+de+maisons+%C3%A0+Caen+dans+le+Calvados/data=!4m7!3m6!1s0x480a101a8edf6b33:0xe6817523578740c6!8m2!3d49.142812!4d-0.327571!16s%2Fg%2F119wm43zm!19sChIJM2vfjhoQCkgRxkCHVyN1geY?authuser=0&hl=fr&rclk=1,MAISONS SOCOREN - SDMO : Constructeur de maisons à Caen dans le Calvados,Constructeur de maisons personnalisées,150 Rue Joseph Monier,02 31 34 08 25,https://www.google.com/aclk?sa=L&ai=DChsSEwiOme-vhr6UAxWVPgYAHTilGZcYACICCAEQARoCd3M&co=1&ase=2&gclid=CjwKCAjwq6DQBhBVEiwA4ZD5XBqGOlhc-u2f8Is8UC8ZCA5NSrTWDMPKQM4GTugAZ-b4W6JYjeZgxxoCCu0QAvD_BwE&cce=2&category=acrcp_v1_32&sig=AOD64_1ahFkH-4JuAP4BYKI8IjrZP9PeZQ&adurl&q&ctype=99&nis=6,4,-150
https://www.google.com/maps/place/NCB+ETANCHEITE-BARDAGE/data=!4m7!3m6!1s0x480a43d0bc091c35:0xc990abe4426a9970!8m2!3d49.1400617!4d-0.4232231!16s%2Fg%2F11jy9hysvp!19sChIJNRwJvNBDCkgRcJlqQuSrkMk?authuser=0&hl=fr&rclk=1,NCB ETANCHEITE-BARDAGE,Entreprise de construction,7 Rue de l'Intendance,02 31 24 83 50,,5,-3
https://www.google.com/maps/place/Caen+Couverture/data=!4m7!3m6!1s0x480a683fc61c0447:0xb8c0f4f2dfd657ad!8m2!3d49.1714167!4d-0.2900183!16s%2Fg%2F1tm11_gf!19sChIJRwQcxj9oCkgRrVfW3_L0wLg?authuser=0&hl=fr&rclk=1,Caen Couverture,Couvreur,·,02 31 35 17 65,http://www.caencouverture.com/,"4,7",-35
https://www.google.com/maps/place/Charpente+Couverture+%C3%89tanch%C3%A9it%C3%A9+Bardage+REABAT/data=!4m7!3m6!1s0x480a68bad7347563:0x9dad2b268a6ad571!8m2!3d49.2506449!4d-0.2825375!16s%2Fg%2F11gdmf6nr5!19sChIJY3U017poCkgRcdVqiiYrrZ0?authuser=0&hl=fr&rclk=1,Charpente Couverture Étanchéité Bardage REABAT,Couvreur,"Le Clos de la HOGUE, 19 Rue de la Plaine",02 50 10 94 64,https://reabatcouverture.fr/,"4,4",-7
https://www.google.com/maps/place/LC+R%C3%A9nover+Menuiserie/data=!4m7!3m6!1s0x480a433a7e41ed7f:0x799af1cdc7891af5!8m2!3d49.2034012!4d-0.2689014!16s%2Fg%2F11j005_g3m!19sChIJf-1BfjpDCkgR9RqJx83xmnk?authuser=0&hl=fr&rclk=1,LC Rénover Menuiserie,Menuisier,·,07 82 98 19 65,https://lc-renover.fr/,"4,8",-54
https://www.google.com/maps/place/Entreprise+mayer+-+couvreur+caen+-+ravalement+fa%C3%A7ade+-+peinture/data=!4m7!3m6!1s0x480a4309eea6ee6f:0x1ff1bfd082b0fa48!8m2!3d49.1622759!4d-0.3462208!16s%2Fg%2F11f7s0wxh9!19sChIJb-6m7glDCkgRSPqwgtC_8R8?authuser=0&hl=fr&rclk=1,Entreprise mayer - couvreur caen - ravalement façade - peinture,Couvreur,3 Pl. Jean Nouzille,06 69 52 89 25,http://entreprisemayer.fr/,"4,9",-48
https://www.google.com/maps/place/Dispano+Caen/data=!4m7!3m6!1s0x480a6885236723a7:0x9f43f7d335a659ae!8m2!3d49.1947471!4d-0.294324!16s%2Fg%2F1tg67hd6!19sChIJpyNnI4VoCkgRrlmmNdP3Q58?authuser=0&hl=fr&rclk=1,Dispano Caen,Négociant en bois,·,02 31 70 77 07,https://www.dispano.fr/infos-agence/caen-dispano-5906,"3,7",-65
https://www.google.com/maps/place/F.h.d/data=!4m7!3m6!1s0x480a4459196a75d9:0x4183e6e471169e41!8m2!3d49.1587939!4d-0.462496!16s%2Fg%2F1tq6cwyz!19sChIJ2XVqGVlECkgRQZ4WceTmg0E?authuser=0&hl=fr&rclk=1,F.h.d,Couvreur,·,02 31 26 02 83,https://www.fhd-couverture.fr/,"4,7",-16
https://www.google.com/maps/place/NTHI+BATIMENT+CAEN/data=!4m7!3m6!1s0x480a68e5b901152b:0x5d20062aaeb24c96!8m2!3d49.1532543!4d-0.1644316!16s%2Fg%2F11fxdy_5m5!19sChIJKxUBueVoCkgRlkyyrioGIF0?authuser=0&hl=fr&rclk=1,NTHI BATIMENT CAEN,Entrepreneur spécialisé dans l'isolation,·,02 31 50 11 40,http://nthi-isolation-caen.com/,5,-40
https://www.google.com/maps/place/Couverture+Sellamine/data=!4m7!3m6!1s0x480a4325505ed993:0x57282104429b62ac!8m2!3d49.1918176!4d-0.400764!16s%2Fg%2F11cs68g0f_!19sChIJk9leUCVDCkgRrGKbQgQhKFc?authuser=0&hl=fr&rclk=1,Couverture Sellamine,Couvreur,18 All. de Lessay,06 58 05 21 03,http://sellamine-couverture.fr/,5,-111
https://www.google.com/maps/place/normandie+couverture/data=!4m7!3m6!1s0x64da99e23d83d85:0x333979fcd43101f5!8m2!3d49.1622759!4d-0.3462208!16s%2Fg%2F11yc24jx9h!19sChIJhT3YI56pTQYR9QEx1Px5OTM?authuser=0&hl=fr&rclk=1,normandie couverture,Couvreur,·,07 67 18 64 03,http://normandie-couverture.com/,5,-18
https://www.google.com/maps/place/Bati+Bois+Normandie+Sarl/data=!4m7!3m6!1s0x480a6885236723a7:0x14710fcf7017d6ea!8m2!3d49.1946094!4d-0.2937775!16s%2Fg%2F1tftdqcv!19sChIJpyNnI4VoCkgR6tYXcM8PcRQ?authuser=0&hl=fr&rclk=1,Bati Bois Normandie Sarl,Charpentier,Rue Jean Monnet,02 31 34 02 76,http://batibois-normandie.com/,5,-6
https://www.google.com/maps/place/Gonthier+Couverture+-+Couvreur+Caen/data=!4m7!3m6!1s0x480a6983ca2fc4e3:0x3ba30aa9a00a82c9!8m2!3d49.1264627!4d-0.306156!16s%2Fg%2F1wt3mt39!19sChIJ48QvyoNpCkgRyYIKoKkKozs?authuser=0&hl=fr&rclk=1,Gonthier Couverture - Couvreur Caen,Couvreur,·,02 31 23 60 74,https://www.gonthiercouverture.fr/,"4,5",-19
https://www.google.com/maps/place/Alfabat/data=!4m7!3m6!1s0x480a682764feb8d7:0xe36c88904c065be1!8m2!3d49.1753927!4d-0.3454609!16s%2Fg%2F1hc72b55y!19sChIJ17j-ZCdoCkgR4VsGTJCIbOM?authuser=0&hl=fr&rclk=1,Alfabat,Entreprise de construction,3 Rue Roger Bastion,02 31 34 20 40,https://www.alfabat.com/,"3,5",-4
https://www.google.com/maps/place/D%C3%A9clic+Habitat+-+Isolation+ext%C3%A9rieure+-+Fen%C3%AAtres+-+Portes+d%27entr%C3%A9es+aluminium+K-Line/data=!4m7!3m6!1s0x480a44ce9eaf3d03:0x205d6361796908f2!8m2!3d49.1575913!4d-0.4572888!16s%2Fg%2F11cmck4npl!19sChIJAz2vns5ECkgR8ghpeWFjXSA?authuser=0&hl=fr&rclk=1,Déclic Habitat - Isolation extérieure - Fenêtres - Portes d'entrées aluminium K-Line,Fenêtre en aluminium,·,02 31 28 06 67,http://www.declic-habitat-isolation.fr/,"4,9",-129
https://www.google.com/maps/place/BNC+Bois+Charpente+Couverture+Caen+Normandie/data=!4m7!3m6!1s0x64faa53dcff6acbd:0x68e9021f936daed4!8m2!3d49.3295884!4d-0.5324755!16s%2Fg%2F11t6ljz1sx!19sChIJvaz2zz2l-mQR1K5tkx8C6Wg?authuser=0&hl=fr&rclk=1,BNC Bois Charpente Couverture Caen Normandie,Charpentier,39bis Rue de la Libération,07 49 70 08 48,http://bncbois.fr/,5,-17
https://www.google.com/maps/place/Caen+Charpente+SAS/data=!4m7!3m6!1s0x480a651614c8627d:0x6ec9b4e3f2ba2364!8m2!3d49.2466673!4d-0.2331773!16s%2Fg%2F1tdmjwb5!19sChIJfWLIFBZlCkgRZCO68uO0yW4?authuser=0&hl=fr&rclk=1,Caen Charpente SAS,Charpentier,7 Rue Mesaise,02 31 78 72 78,https://caencharpente.fr/,"4,8",-4
https://www.google.com/maps/place/Couverture+Langlois+Caen/data=!4m7!3m6!1s0x480a67e1c853b203:0x72d2089936a11fc9!8m2!3d49.1577869!4d-0.2988259!16s%2Fg%2F11b6d5x307!19sChIJA7JTyOFnCkgRyR-hNpkI0nI?authuser=0&hl=fr&rclk=1,Couverture Langlois Caen,Couvreur,25 Rue Henry Spriet,02 31 24 42 46,https://couverturelangloiscaen.fr/,"4,9",-35
https://www.google.com/maps/place/Hector+Couverture+Normandie/data=!4m7!3m6!1s0x22ad9e6282556f55:0xdb00b88c98a0dd50!8m2!3d49.14876!4d-0.26346!16s%2Fg%2F11rmyzxpbk!19sChIJVW9VgmKerSIRUN2gmIy4ANs?authuser=0&hl=fr&rclk=1,Hector Couverture Normandie,Couvreur,3 bis Rue du Grand Chemin,06 03 72 89 67,https://hector-couverture-normandie.fr/,"4,6",-30
https://www.google.com/maps/place/Bricoman+Caen+%2F+Colombelles/data=!4m7!3m6!1s0x480a689a3549510b:0x4ed9439dfacec583!8m2!3d49.1927048!4d-0.2963305!16s%2Fg%2F1v9gtvs5!19sChIJC1FJNZpoCkgRg8XO-p1D2U4?authuser=0&hl=fr&rclk=1,Bricoman Caen / Colombelles,Magasin de materiaux de construction,·,02 31 35 43 10,https://www.bricoman.fr/,"4,1",-1 180
https://www.google.com/maps/place/PMMO/data=!4m7!3m6!1s0x480a4563d4bd50d3:0xabe2d79ba15d297!8m2!3d49.1763431!4d-0.5183836!16s%2Fg%2F11cnc9znbs!19sChIJ01C91GNFCkgRl9IVunktvgo?authuser=0&hl=fr&rclk=1,PMMO,Négociant en bois,·,02 31 08 24 56,http://materiaux-pmmo.com/,"4,1",-24
https://www.google.com/maps/place/MAISONS+SOCOREN+-+SDMO+:+Constructeur+de+maisons+%C3%A0+Caen+dans+le+Calvados/data=!4m7!3m6!1s0x480a101a8edf6b33:0xe6817523578740c6!8m2!3d49.142812!4d-0.327571!16s%2Fg%2F119wm43zm!19sChIJM2vfjhoQCkgRxkCHVyN1geY?authuser=0&hl=fr&rclk=1,MAISONS SOCOREN - SDMO : Constructeur de maisons à Caen dans le Calvados,Constructeur de maisons personnalisées,150 Rue Joseph Monier,02 31 34 08 25,https://www.google.com/aclk?sa=L&ai=DChsSEwiTksa2hr6UAxUJXEECHXRTMb0YACICCAEQBBoCd3M&co=1&ase=2&gclid=CjwKCAjwq6DQBhBVEiwA4ZD5XM5LO6hXKPWmt-kwHFgmSSoWUGSNU-ebO5BubFWnHWzdqer41vBTjBoCWRsQAvD_BwE&cce=2&category=acrcp_v1_32&sig=AOD64_0AKgX9VYF6DJgkb9kCcJmJbmvslQ&adurl&q&ctype=99&nis=6,4,-150
https://www.google.com/maps/place/MURPROTEC+CAEN/data=!4m7!3m6!1s0x410b81f738ce0b37:0x70c54f98f35b9aa6!8m2!3d49.149842!4d-0.264886!16s%2Fg%2F11b638_w1w!19sChIJNwvOOPeBC0ERpppb85hPxXA?authuser=0&hl=fr&rclk=1,MURPROTEC CAEN,Centre de diagnostic,Rue du Grand Chemin,02 31 74 20 44,https://www.google.com/aclk?sa=L&ai=DChsSEwiTksa2hr6UAxUJXEECHXRTMb0YACICCAEQARoCd3M&co=1&ase=2&gclid=CjwKCAjwq6DQBhBVEiwA4ZD5XHJydcsXvnJjw8skCPpXqXVJT1Zi-AjSIXeGM7Uu41GWRf4JmPRmTBoC858QAvD_BwE&cce=2&category=acrcp_v1_32&sig=AOD64_3ja96dbj0OsJhj0jISQ1kB0FjXgA&adurl&q&ctype=99&nis=6,"4,7",-233
https://www.google.com/maps/place/Mister+Toit/data=!4m7!3m6!1s0x480a69d6aa67094d:0x1505a0b954ecb479!8m2!3d49.1672231!4d-0.3644519!16s%2Fg%2F11bzv4fjkj!19sChIJTQlnqtZpCkgRebTsVLmgBRU?authuser=0&hl=fr&rclk=1,Mister Toit,Couvreur,145 Bd Maréchal Lyautey,02 31 78 83 17,https://www.mistertoit.com/,5,-72
https://www.google.com/maps/place/Dill%C3%A9e+Charpente+-+Charpentier+et+Couvreur+%C3%A0+Caen+dans+le+Calvados+en+Normandie/data=!4m7!3m6!1s0x480a41f0e0ca4b61:0x4f274f9d3c8c8679!8m2!3d49.1549897!4d-0.2998689!16s%2Fg%2F11t1dkjqnw!19sChIJYUvK4PBBCkgReYaMPJ1PJ08?authuser=0&hl=fr&rclk=1,Dillée Charpente - Charpentier et Couvreur à Caen dans le Calvados en Normandie,Charpentier,19 Rue Nicéphore Niépce,06 82 59 59 28,https://www.dillee-charpente.fr/,5,-8
"https://www.google.com/maps/place/SIRAM+Caen+-+Installation+Fen%C3%AAtres,+Portes,+Portails,+Pergolas,+Carports,+Volets+Menuiserie+ext%C3%A9rieure+PVC,+alu+et+bois/data=!4m7!3m6!1s0x480a6ffb50c7c949:0x6872bab7fd348c4f!8m2!3d49.1787348!4d-0.2174157!16s%2Fg%2F1v0lk4tb!19sChIJScnHUPtvCkgRT4w0_be6cmg?authuser=0&hl=fr&rclk=1","SIRAM Caen - Installation Fenêtres, Portes, Portails, Pergolas, Carports, Volets Menuiserie extérieure PVC, alu et bois",Menuisier,·,02 31 39 08 08,https://www.siram.fr/,"4,5",-201
https://www.google.com/maps/place/Economiso/data=!4m7!3m6!1s0x480a69beaea63a7f:0x90f38f0cfc9501d3!8m2!3d49.1338767!4d-0.7102187!16s%2Fg%2F11gy1zpdq5!19sChIJfzqmrr5pCkgR0wGV_AyP85A?authuser=0&hl=fr&rclk=1,Economiso,Entrepreneur spécialisé dans l'isolation,·,02 58 47 00 66,http://www.economiso.fr/,"4,9",-79
https://www.google.com/maps/place/Coeugnet+Mat%C3%A9riaux/data=!4m7!3m6!1s0x480a422715f8e165:0x1ef68a8281d7721d!8m2!3d49.1228633!4d-0.3747951!16s%2Fg%2F1wd3vfs_!19sChIJZeH4FSdCCkgRHXLXgYKK9h4?authuser=0&hl=fr&rclk=1,Coeugnet Matériaux,Magasin de materiaux de construction,·,02 31 27 10 60,http://www.coeugnet-materiaux.com/,"4,3",-112
https://www.google.com/maps/place/Michelet+Renove+%E2%80%93+Couvreur+%C3%A0+Carpiquet/data=!4m7!3m6!1s0x480a43dfc0f463c1:0x1b608fe850dd8a85!8m2!3d49.1882996!4d-0.431063!16s%2Fg%2F11x3bpv6ml!19sChIJwWP0wN9DCkgRhYrdUOiPYBs?authuser=0&hl=fr&rclk=1,Michelet Renove – Couvreur à Carpiquet,Couvreur,16 Rue de l'Avenir,06 24 17 00 36,https://michelet-renove.fr/,5,-6
https://www.google.com/maps/place/Menuiserie+Buhour+Leconte/data=!4m7!3m6!1s0x480a430a0567f325:0x32b97b88fc8f1a6d!8m2!3d49.163598!4d-0.405972!16s%2Fg%2F1tdp8_w6!19sChIJJfNnBQpDCkgRbRqP_Ih7uTI?authuser=0&hl=fr&rclk=1,Menuiserie Buhour Leconte,Charpentier,"ZA Le Mesnil, Chem. des Carreaux",02 31 75 09 38,http://www.charpente-maison-bois-caen.fr/,"3,7",-6
https://www.google.com/maps/place/Gevrey/data=!4m7!3m6!1s0x480a6885236723a7:0x8f7c82958831855c!8m2!3d49.1946094!4d-0.2937775!16s%2Fg%2F1tdvp429!19sChIJpyNnI4VoCkgRXIUxiJWCfI8?authuser=0&hl=fr&rclk=1,Gevrey,Couvreur,Rue Jean Monnet,02 31 72 56 54,http://couverturegevrey.fr/,"4,5",-41
https://www.google.com/maps/place/Lariviere/data=!4m7!3m6!1s0x480a5d564756412d:0x60461dff969874a4!8m2!3d49.208578!4d-0.34785!16s%2Fg%2F1v16ppn0!19sChIJLUFWR1ZdCkgRpHSYlv8dRmA?authuser=0&hl=fr&rclk=1,Lariviere,Magasin de materiaux de construction,·,02 31 47 56 09,https://www.lariviere.fr/trouver-votre-agence/lariviere-SEB/entry-379-lariviere-caen.html,"4,6",-11
https://www.google.com/maps/place/CCS+Construction+M%C3%A9tallique/data=!4m7!3m6!1s0x480a683798faca4f:0xb3256055c0b07e9e!8m2!3d49.1701489!4d-0.3256754!16s%2Fg%2F1tqckm5c!19sChIJT8r6mDdoCkgRnn6wwFVgJbM?authuser=0&hl=fr&rclk=1,CCS Construction Métallique,Charpentier,·,02 31 72 00 66,https://ccs-cm.fr/,"4,6",-5
https://www.google.com/maps/place/RCrenov/data=!4m7!3m6!1s0x4606a71342309c1:0x9b0ca61260d7bda5!8m2!3d49.1260466!4d0.257438!16s%2Fg%2F11myj2qrgf!19sChIJwQkjNHFqYAQRpb3XYBKmDJs?authuser=0&hl=fr&rclk=1,RCrenov,Menuisier,·,07 63 74 67 82,,,
https://www.google.com/maps/place/Ravalement+de+Facade+%26+Couverture+Caen/data=!4m7!3m6!1s0x480a434d288df8f5:0x2d6b643f427f4acb!8m2!3d49.184696!4d-0.3518781!16s%2Fg%2F11w3rt6dm3!19sChIJ9fiNKE1DCkgRy0p_Qj9kay0?authuser=0&hl=fr&rclk=1,Ravalement de Facade & Couverture Caen,Façadier,13 Rue Varignon,02 52 56 30 00,https://ravalement-caen.fr/,5,-3
https://www.google.com/maps/place/Maisons+Caen+Construction/data=!4m7!3m6!1s0x480a5d2a60504885:0x3df4853de36c4f4f!8m2!3d49.2050687!4d-0.3894583!16s%2Fg%2F1vnnhsl5!19sChIJhUhQYCpdCkgRT09s4z2F9D0?authuser=0&hl=fr&rclk=1,Maisons Caen Construction,Constructeur immobilier,·,02 31 83 22 27,https://www.maisons-caen-construction.com/,"4,8",-243
https://www.google.com/maps/place/RL+NETTOYAGE/data=!4m7!3m6!1s0x480a432b9c0cc2bd:0x558040d8f07fc34a!8m2!3d49.1660337!4d-0.4180502!16s%2Fg%2F11jz9_dw2h!19sChIJvcIMnCtDCkgRSsN_8NhAgFU?authuser=0&hl=fr&rclk=1,RL NETTOYAGE,Couvreur,·,06 52 84 38 35,http://www.rl-nettoyage-couvertur.fr/,"4,9",-51
https://www.google.com/maps/place/Lamarta+Blasco+Couverture+-+Couvreur+pr%C3%A8s+de+Caen/data=!4m7!3m6!1s0x480a6fa688fa224d:0x369d97d44b932d8d!8m2!3d49.1782661!4d-0.229837!16s%2Fg%2F11lffxl9ts!19sChIJTSL6iKZvCkgRjS2TS9SXnTY?authuser=0&hl=fr&rclk=1,Lamarta Blasco Couverture - Couvreur près de Caen,Couvreur,·,06 17 71 24 05,https://calvados-toiture.fr/,5,-40
https://www.google.com/maps/place/MK+Bois/data=!4m7!3m6!1s0x480a6179d1e5471d:0xb8b50137aaa7ef00!8m2!3d49.2850117!4d-0.3179915!16s%2Fg%2F11j38mmbsg!19sChIJHUfl0XlhCkgRAO-nqjcBtbg?authuser=0&hl=fr&rclk=1,MK Bois,Bois,·,09 51 55 53 93,https://www.mkbois.fr/,5,-6
https://www.google.com/maps/place/Couvreur+Caen+Toiture/data=!4m7!3m6!1s0x480a43459ce5d82f:0x63af4985bf81e30e!8m2!3d49.1754272!4d-0.3545297!16s%2Fg%2F11fvlfqp79!19sChIJL9jlnEVDCkgRDuOBv4VJr2M?authuser=0&hl=fr&rclk=1,Couvreur Caen Toiture,Couvreur,42 Rue Saint-Michel,02 72 05 12 89,,5,-8
https://www.google.com/maps/place/O2B+-+Ossature+Bois+Bardage/data=!4m7!3m6!1s0x480bad186d17b225:0xdbb67c9910391a6b!8m2!3d49.0908004!4d-0.3566388!16s%2Fg%2F11lfkmchlv!19sChIJJbIXbRitC0gRaxo5EJl8tts?authuser=0&hl=fr&rclk=1,O2B - Ossature Bois Bardage,Menuisier,·,06 75 41 93 01,https://o2b-bardage.fr/,5,-10
https://www.google.com/maps/place/PARISY+COUVERTURE/data=!4m7!3m6!1s0x480a696daaa0df5d:0x46f86ae0ab97a5f5!8m2!3d49.1260466!4d-0.0760561!16s%2Fg%2F11l8s_70m_!19sChIJXd-gqm1pCkgR9aWXq-Bq-EY?authuser=0&hl=fr&rclk=1,PARISY COUVERTURE,Couvreur,·,06 89 92 02 72,https://parisy-couverture-normande.com/?utm_medium=referral&utm_source=gmb&utm_campaign=lnk-gmb,"4,9",-10
https://www.google.com/maps/place/MCM+Normandie/data=!4m7!3m6!1s0xa44d65110b2d5b5:0xe15cb64cdafd8b53!8m2!3d49.1260466!4d-0.0760561!16s%2Fg%2F11xrhgr_bf!19sChIJtdWyEFHWRAoRU4v92ky2XOE?authuser=0&hl=fr&rclk=1,MCM Normandie,Entreprise de construction métallique,·,07 88 19 91 28,https://mcmnormandie.fr/,5,-4
https://www.google.com/maps/place/ATTILA+Caen+Ouest/data=!4m7!3m6!1s0x480a45542d6ee1e3:0x52e43ba26ba94f2d!8m2!3d49.1581597!4d-0.4595791!16s%2Fg%2F11lcc9n4mk!19sChIJ4-FuLVRFCkgRLU-pa6I75FI?authuser=0&hl=fr&rclk=1,ATTILA Caen Ouest,Couvreur,·,02 61 10 02 22,https://www.attila.fr/nos-agences/attila-caen-ouest,5,-5
https://www.google.com/maps/place/Mundwiller/data=!4m7!3m6!1s0x480a4314d9e47955:0xa905efe2eda518af!8m2!3d49.1648772!4d-0.3438592!16s%2Fg%2F11f62mppf3!19sChIJVXnk2RRDCkgRrxil7eLvBak?authuser=0&hl=fr&rclk=1,Mundwiller,Couvreur,50 Bd Raymond Poincaré,07 64 15 81 74,https://mundwiller-peinture.fr/,"2,4",-5
https://www.google.com/maps/place/AS+Menuiserie-Charpente/data=!4m7!3m6!1s0x2e4598e787710a57:0x9f7f31a25467a798!8m2!3d49.0908004!4d-0.3566388!16s%2Fg%2F11trlvt92q!19sChIJVwpxh-eYRS4RmKdnVKIxf58?authuser=0&hl=fr&rclk=1,AS Menuiserie-Charpente,Charpentier,·,06 03 65 56 02,https://asmenuiseriecharpe.wixsite.com/asmenuiseriechar,5,-42
https://www.google.com/maps/place/Mallet+Etablissement/data=!4m7!3m6!1s0x480a41a2f033ae41:0xdca8a8991848729!8m2!3d49.1002628!4d-0.3824302!16s%2Fg%2F1trsxct2!19sChIJQa4z8KJBCkgRKYeEkYmKyg0?authuser=0&hl=fr&rclk=1,Mallet Etablissement,Couvreur,·,02 31 79 87 07,http://www.ets-mallet.com/?utm_source=gmb,"3,9",-12
https://www.google.com/maps/place/Boidiscount+SAS/data=!4m7!3m6!1s0x480a7476061d0bc7:0xd4309f3b1a536127!8m2!3d49.094198!4d-0.09183!16s%2Fg%2F1tdxpvk2!19sChIJxwsdBnZ0CkgRJ2FTGjufMNQ?authuser=0&hl=fr&rclk=1,Boidiscount SAS,Magasin de materiaux de construction,·,02 31 40 09 73,http://www.boidiscount.com/,"4,5",-48
https://www.google.com/maps/place/PRO+FACADE+NORMANDIE/data=!4m7!3m6!1s0x480a67ba444ae2cf:0x38dac1f825088d62!8m2!3d49.125241!4d-0.385145!16s%2Fg%2F11x0p1b5p1!19sChIJz-JKRLpnCkgRYo0IJfjB2jg?authuser=0&hl=fr&rclk=1,PRO FACADE NORMANDIE,Façadier,·,02 14 47 39 06,https://www.pro-facade.com/,5,-16
https://www.google.com/maps/place/Pulv%26Drone+%7C+Nettoyage+Toiture+et+Fa%C3%A7ade+%7C+Traitement+par+Drone+-+Caen/data=!4m7!3m6!1s0x480a652b8b20bac1:0xfd2f2a356f5eb304!8m2!3d49.2209391!4d-0.2447856!16s%2Fg%2F11ltfdp244!19sChIJwbogiytlCkgRBLNebzUqL_0?authuser=0&hl=fr&rclk=1,Pulv&Drone | Nettoyage Toiture et Façade | Traitement par Drone - Caen,Service de nettoyage et d'entretien,18 Rue de Verdun,06 68 86 89 68,https://pulvdrone14.fr/,5,-40
https://www.google.com/maps/place/Jean+Debard+Couvreur+Caen/data=!4m7!3m6!1s0x480a455cf6d5713f:0x32d3ea713c65649e!8m2!3d49.1530684!4d-0.4722171!16s%2Fg%2F11vb50c8l5!19sChIJP3HV9lxFCkgRnmRlPHHq0zI?authuser=0&hl=fr&rclk=1,Jean Debard Couvreur Caen,Couvreur,210 Rue de l'Avenir,06 51 02 89 74,,5,-12
https://www.google.com/maps/place/Chausson+Mat%C3%A9riaux/data=!4m7!3m6!1s0x480a43ef88a3ecc9:0xb6a825698e34c024!8m2!3d49.1846209!4d-0.4185918!16s%2Fg%2F11pd_hxh16!19sChIJyeyjiO9DCkgRJMA0jmklqLY?authuser=0&hl=fr&rclk=1,Chausson Matériaux,Magasin de materiaux de construction,·,02 31 29 26 60,https://www.chausson.fr/agences/581?utm_source=fiche&utm_medium=GMB,4,-61
https://www.google.com/maps/place/Desloges+Fa%C3%A7ades/data=!4m7!3m6!1s0x480a6975c540fb6d:0x6f9c0b27e5f6010e!8m2!3d49.1715283!4d-0.2676132!16s%2Fg%2F11btmqs_fy!19sChIJbftAxXVpCkgRDgH25ScLnG8?authuser=0&hl=fr&rclk=1,Desloges Façades,Entrepreneur spécialisé dans l'isolation,·,02 31 83 74 72,https://www.enduiseur.fr/desloges-facades-demouville-14,5,-39
https://www.google.com/maps/place/4M/data=!4m7!3m6!1s0x480a45899d9e03e9:0x1dc5a6cc6bcabbda!8m2!3d49.1544413!4d-0.4763828!16s%2Fg%2F11sm72qd68!19sChIJ6QOenYlFCkgR2rvKa8ymxR0?authuser=0&hl=fr&rclk=1,4M,Entreprise de construction,429 Av. du Parc,06 23 02 58 58,http://www.4m-normandie.com/,"3,4",-5
https://www.google.com/maps/place/Ravalement+normand/data=!4m7!3m6!1s0xadc09c0cd71be887:0x95ba7efa538f126b!8m2!3d48.9538229!4d-0.48921!16s%2Fg%2F11x2_dmkqj!19sChIJh-gb1wycwK0RaxKPU_p-upU?authuser=0&hl=fr&rclk=1,Ravalement normand,Façadier,·,06 98 46 00 83,,5,-5
https://www.google.com/maps/place/F.C.I.+r%C3%A9novation/data=!4m7!3m6!1s0x480a694864b61fd9:0xa978274ed9491a79!8m2!3d49.1675568!4d-0.3402724!16s%2Fg%2F11q1vbw_2j!19sChIJ2R-2ZEhpCkgReRpJ2U4neKk?authuser=0&hl=fr&rclk=1,F.C.I. rénovation,Couvreur,65 Rue Georges Auguste,06 67 01 74 69,,5,-1
https://www.google.com/maps/place/Entreprise+Bacon/data=!4m7!3m6!1s0x480a69e118e2bf8d:0x8bd7f2d05bcbe37a!8m2!3d49.1368933!4d-0.331974!16s%2Fg%2F11dym8r2_5!19sChIJjb_iGOFpCkgReuPLW9Dy14s?authuser=0&hl=fr&rclk=1,Entreprise Bacon,Peintre en bâtiment,6 Allée Emilie du Châtelet,02 31 99 62 81,http://www.entreprisebacon.fr/,"4,6",-18
https://www.google.com/maps/place/Charpente+PANNIER/data=!4m7!3m6!1s0xd55758c21fc362d:0xc082be6fa5ae62e4!8m2!3d49.2100888!4d-0.5107259!16s%2Fg%2F11rp_svy6b!19sChIJLTb8IYx1VQ0R5GKupW--gsA?authuser=0&hl=fr&rclk=1,Charpente PANNIER,Charpentier,Rue de Caen,06 24 31 55 32,https://www.charpentepannier.fr/,5,-13
https://www.google.com/maps/place/Asturienne+Bayeux+-+Mat%C3%A9riaux+de+couverture+pour+toitures/data=!4m7!3m6!1s0x480a530a7beab249:0x8c838fe4ed015ef2!8m2!3d49.2603668!4d-0.6580245!16s%2Fg%2F1v2gd42m!19sChIJSbLqewpTCkgR8l4B7eSPg4w?authuser=0&hl=fr&rclk=1,Asturienne Bayeux - Matériaux de couverture pour toitures,Magasin de materiaux de construction,·,02 31 21 04 78,https://www.asturienne.fr/infos-agence/bayeux-asturienne-1957,"4,6",-48
https://www.google.com/maps/place/Chouette+Habitat/data=!4m7!3m6!1s0x480a5e64e3295555:0x80d2b2e81660a4e!8m2!3d49.2877124!4d-0.3685067!16s%2Fg%2F1tczprnv!19sChIJVVUp42ReCkgRTgpmgS4rDQg?authuser=0&hl=fr&rclk=1,Chouette Habitat,Menuisier,6 Rue Pierre Auger,02 31 91 35 14,http://chouette-habitat.fr/,"4,7",-38
https://www.google.com/maps/place/O.S.Bois+du+Bessin/data=!4m7!3m6!1s0x480a53f139b9d739:0xe05e0207acf0acf5!8m2!3d49.2709816!4d-0.6849676!16s%2Fg%2F11kqwvvbzq!19sChIJOde5OfFTCkgR9azwrAcCXuA?authuser=0&hl=fr&rclk=1,O.S.Bois du Bessin,Charpentier,26 Rte de Caen,06 76 55 44 12,https://os-boisdubessin.fr/,5,-5
https://www.google.com/maps/place/ISO+D%C3%A9co/data=!4m7!3m6!1s0x480a6faca67c223f:0xce693817076e3e8b!8m2!3d49.193624!4d-0.282676!16s%2Fg%2F11qh352jwc!19sChIJPyJ8pqxvCkgRiz5uBxc4ac4?authuser=0&hl=fr&rclk=1,ISO Déco,Peintre en bâtiment,·,06 70 17 00 68,https://www.isodecocaen.com/,5,-20
https://www.google.com/maps/place/Charpentes+FL/data=!4m7!3m6!1s0x480a3fad707828f9:0xd42e83c5779c7b8a!8m2!3d49.0017989!4d-0.413149!16s%2Fg%2F11m5pkl1ln!19sChIJ-Sh4cK0_CkgRinucd8WDLtQ?authuser=0&hl=fr&rclk=1,Charpentes FL,Charpentier,4 Rue de la Bourdonnière,06 24 72 28 27,https://www.charpente-fl.com/?utm_medium=referral&utm_source=gmb&utm_campaign=lnk-gmb,,
https://www.google.com/maps/place/AEC+Couverture+-+Couvreur+%C3%A0+Caen/data=!4m7!3m6!1s0x8c6beb1a6b5db079:0xf4b08632f2c5e233!8m2!3d49.3315872!4d-0.2233181!16s%2Fg%2F11m6dhpt20!19sChIJebBdaxrra4wRM-LF8jKGsPQ?authuser=0&hl=fr&rclk=1,AEC Couverture - Couvreur à Caen,Couvreur,·,07 68 65 32 93,https://aide-energie-conseil.fr/,"4,9",-45
https://www.google.com/maps/place/St%C3%A9+de+Maintenance+des+Toitures+Industrielles+S.M.T.I/data=!4m7!3m6!1s0x480a60aa6d8f8ae3:0x8267050e725f1106!8m2!3d49.287196!4d-0.3465039!16s%2Fg%2F11b6dscg7z!19sChIJ44qPbapgCkgRBhFfcg4FZ4I?authuser=0&hl=fr&rclk=1,Sté de Maintenance des Toitures Industrielles S.M.T.I,Couvreur,Rue du Val Brie,02 31 37 92 13,,5,-5
https://www.google.com/maps/place/Hassan+emilien+r%C3%A9novation+couverture/data=!4m7!3m6!1s0xbeee98ffc81479f:0xa0763d64a1588922!8m2!3d49.1792796!4d-0.2247712!16s%2Fg%2F11s46whq6t!19sChIJn0eB_I_p7gsRIolYoWQ9dqA?authuser=0&hl=fr&rclk=1,Hassan emilien rénovation couverture,Couvreur,17 Rue du Stade,06 21 04 45 93,http://hassanemilienrenovation.fr/,"4,8",-10
https://www.google.com/maps/place/TERMOB/data=!4m7!3m6!1s0x805b1d8ac42e1b77:0x69c699062c4b04fc!8m2!3d48.8048988!4d-0.0915868!16s%2Fg%2F11z4bzh1pk!19sChIJdxsuxIodW4AR_ARLLAaZxmk?authuser=0&hl=fr&rclk=1,TERMOB,Constructeur de terrasses,·,06 11 79 18 40,https://www.termob.fr/,5,-1
https://www.google.com/maps/place/Sos+Etanche+%2B/data=!4m7!3m6!1s0x6dc8e162d49e41ed:0x1bdc53375187d75e!8m2!3d49.1260466!4d-0.0760561!16s%2Fg%2F11vt04f4w4!19sChIJ7UGe1GLhyG0RXteHUTdT3Bs?authuser=0&hl=fr&rclk=1,Sos Etanche +,Entreprise d'étanchéité,·,07 61 76 65 75,,5,-7
https://www.google.com/maps/place/Roberge+Couverture/data=!4m7!3m6!1s0x480a59219d149965:0x89d4891a8f5346d5!8m2!3d30.6959409!4d-49.8171262!16s%2Fg%2F11qgq5_m0z!19sChIJZZkUnSFZCkgR1UZTjxqJ1Ik?authuser=0&hl=fr&rclk=1,Roberge Couverture,Couvreur,·,02 31 96 49 60,https://www.robergecouverture.fr/fr/page/contact,"3,8",-19
https://www.google.com/maps/place/WZ+R%C3%A9novation+Couverture+14/data=!4m7!3m6!1s0x869a95849bfe653d:0x33e173b662ba1ee9!8m2!3d48.8566617!4d0.4880802!16s%2Fg%2F11wqs3tvbc!19sChIJPWX-m4SVmoYR6R66YrZz4TM?authuser=0&hl=fr&rclk=1,WZ Rénovation Couverture 14,Couvreur,·,06 04 41 90 79,,5,-3
https://www.google.com/maps/place/Cointe+Couverture/data=!4m7!3m6!1s0x480a5f8b2f1b84d5:0xd8276170ec70fb94!8m2!3d49.303099!4d-0.3733778!16s%2Fg%2F11ft8sldps!19sChIJ1YQbL4tfCkgRlPtw7HBhJ9g?authuser=0&hl=fr&rclk=1,Cointe Couverture,Couvreur,·,06 21 84 45 52,http://cointeyannedouardrene.site-solocal.com/,"4,6",-10
https://www.google.com/maps/place/ZL+Bois+Charpente/data=!4m7!3m6!1s0x480a4b02a4fbc559:0x3fe497c9e3042651!8m2!3d49.0929021!4d-0.7542444!16s%2Fg%2F11bzr93rm0!19sChIJWcX7pAJLCkgRUSYE48mX5D8?authuser=0&hl=fr&rclk=1,ZL Bois Charpente,Charpentier,·,06 82 13 69 31,http://www.zlbois.com/,5,-4
https://www.google.com/maps/place/Artisanat+Deperiers+-+Fen%C3%AAtres+Solabaie+Caen/data=!4m7!3m6!1s0x480a35b2c23a98d7:0x4d0ed408a29a1d2a!8m2!3d49.0285537!4d-0.6367201!16s%2Fg%2F11nmlh9rlq!19sChIJ15g6wrI1CkgRKh2aogjUDk0?authuser=0&hl=fr&rclk=1,Artisanat Deperiers - Fenêtres Solabaie Caen,Menuisier,02 Le Château,06 14 49 81 19,https://www.solabaie.fr/entreprise-menuiserie/calvados/aunay-sur-odon/artisanat-deperiers-332/?utm_source=google&utm_medium=organic&utm_campaign=gmb,5,-6
https://www.google.com/maps/place/ATCZ+Couverture/data=!4m7!3m6!1s0x8200da9ff10ea1d1:0xa3cb2ffa427f5cae!8m2!3d49.0340439!4d-0.0221127!16s%2Fg%2F11yd8_ndl9!19sChIJ0aEO8Z_aAIIRrlx_Qvovy6M?authuser=0&hl=fr&rclk=1,ATCZ Couverture,Couvreur,21 Rte de Crèvecoeur,06 65 27 48 78,http://couverture-atcz.fr/,5,-3
https://www.google.com/maps/place/Battiston+Montage/data=!4m7!3m6!1s0x480bca973b6b296f:0x405294ff162b4576!8m2!3d49.0272041!4d-0.7190871!16s%2Fg%2F1thq02_l!19sChIJbylrO5fKC0gRdkUrFv-UUkA?authuser=0&hl=fr&rclk=1,Battiston Montage,Couvreur,Pied Taillis,02 31 77 55 80,https://www.battistonmontage.fr/,5,-7
https://www.google.com/maps/place/Corsi+Nettoyage+Service/data=!4m7!3m6!1s0x480a43cf32738da5:0xcc5503a2689833f1!8m2!3d49.0908004!4d-0.3566388!16s%2Fg%2F11gk5m3cmh!19sChIJpY1zMs9DCkgR8TOYaKIDVcw?authuser=0&hl=fr&rclk=1,Corsi Nettoyage Service,Service de nettoyage et d'entretien,·,02 31 29 86 88,https://www.corsi-nettoyage.fr/Welcome,"4,3",-11
https://www.google.com/maps/place/Hellio/data=!4m7!3m6!1s0x47fdbd1b3ac6a919:0x78b2652d0ac1297b!8m2!3d46.607894!4d0.338403!16s%2Fg%2F11x1gl83rs!19sChIJGanGOhu9_UcReynBCi1lsng?authuser=0&hl=fr&rclk=1,Hellio,Solutions et équipement énergétiques,Rue Claude Chappe,01 44 56 00 00,https://www.google.com/aclk?sa=L&ai=DChsSEwiFoPHohr6UAxXmOAYAHepcOv8YACICCAEQAxoCd3M&co=1&ase=2&gclid=CjwKCAjwq6DQBhBVEiwA4ZD5XHCigLrwjNxzxVcBkqZBK2hUXQx-CR3ZeWp0pgwub_vj6vMjDRIuSxoCLrIQAvD_BwE&cce=2&category=acrcp_v1_32&sig=AOD64_09GWWL6af5H_hbL6MEoRRCwOZD-w&adurl&q&ctype=99&nis=6,,
https://www.google.com/maps/place/Huguet+Thibault+Soci%C3%A9t%C3%A9+Nouvelle/data=!4m7!3m6!1s0x47fdbdb8a1681979:0xb9b20ab7f5f4ad03!8m2!3d46.613359!4d0.341956!16s%2Fg%2F1w04jglb!19sChIJeRloobi9_UcRA6309bcKsrk?authuser=0&hl=fr&rclk=1,Huguet Thibault Société Nouvelle,Magasin de stores et de rideaux,14 Rue de la République,05 49 88 86 84,https://www.google.com/aclk?sa=L&ai=DChsSEwiFoPHohr6UAxXmOAYAHepcOv8YACICCAEQABoCd3M&co=1&ase=2&gclid=CjwKCAjwq6DQBhBVEiwA4ZD5XLQOM9iT9TZKQsxwqKH7u73VeYMa3_QJnUJTBMN077TlJLu8mh39cxoC0hwQAvD_BwE&cce=2&category=acrcp_v1_32&sig=AOD64_2BBYfY78ub4kdNGIuPDsAuvXLd-Q&adurl&q&ctype=99&nis=6,"4,8",-199
https://www.google.com/maps/place/Dtoits+86/data=!4m7!3m6!1s0x47fd950aab7d2db7:0x14d3dc27f4db3a3d!8m2!3d46.555008!4d0.2958733!16s%2Fg%2F11f6dlvcgb!19sChIJty19qwqV_UcRPTrb9Cfc0xQ?authuser=0&hl=fr&rclk=1,Dtoits 86,Atelier de menuiserie,·,06 85 03 53 37,https://www.dtoits86.fr/,"4,2",-14
https://www.google.com/maps/place/NEOREF/data=!4m7!3m6!1s0x47fdbd26ed2dbfcb:0x294f6dac5a40ee7f!8m2!3d46.609077!4d0.3379653!16s%2Fg%2F11h1djb6yg!19sChIJy78t7Sa9_UcRf-5AWqxtTyk?authuser=0&hl=fr&rclk=1,NEOREF,Entreprise de construction,·,05 49 13 54 53,https://www.neoref.net/,,
https://www.google.com/maps/place/Dmp+couverture/data=!4m7!3m6!1s0xa87c82ae4b93ee1:0x8f327bcb2dd9fe2e!8m2!3d46.5816435!4d0.3389785!16s%2Fg%2F11smgvs_n9!19sChIJ4T655CrIhwoRLv7ZLct7Mo8?authuser=0&hl=fr&rclk=1,Dmp couverture,Couvreur,45 Rue de la Marne,05 48 17 00 75,http://dmp-couverture.fr/,"3,9",-11
https://www.google.com/maps/place/BoToi./data=!4m7!3m6!1s0x47fd961a9f36eaaf:0xd98ecbdaeed5262f!8m2!3d46.6038649!4d0.3071901!16s%2Fg%2F11f3_s329l!19sChIJr-o2nxqW_UcRLybV7trLjtk?authuser=0&hl=fr&rclk=1,BoToi.,Couvreur,·,05 49 62 01 72,https://www.botoi.fr/,5,-11
https://www.google.com/maps/place/Asturienne+Poitiers+-+Mat%C3%A9riaux+de+couverture+pour+toitures/data=!4m7!3m6!1s0x47fdbdfb8be2fe7f:0x840abca207f0219e!8m2!3d46.5976943!4d0.3211332!16s%2Fg%2F1vm79tz8!19sChIJf_7ii_u9_UcRniHwB6K8CoQ?authuser=0&hl=fr&rclk=1,Asturienne Poitiers - Matériaux de couverture pour toitures,Magasin de materiaux de construction,·,05 49 03 53 80,https://www.asturienne.fr/infos-agence/poitiers-asturienne-4366,"4,6",-30
https://www.google.com/maps/place/Couvreur+Gp+R%C3%A9novation+-+couvreur+Poitiers+:+peintre+fuite+de+toiture+buxerolles+Couvreur+Chassneuil+du+Poitou/data=!4m7!3m6!1s0x47fdbd860258caab:0x126259cac0609a32!8m2!3d46.5952084!4d0.3352914!16s%2Fg%2F11ll1jhp56!19sChIJq8pYAoa9_UcRMppgwMpZYhI?authuser=0&hl=fr&rclk=1,Couvreur Gp Rénovation - couvreur Poitiers : peintre fuite de toiture buxerolles Couvreur Chassneuil du Poitou,Couvreur,2 bis Chem. du Trait Tabouleau,06 11 43 08 16,https://www.gp-renovation86.com/,5,-47
https://www.google.com/maps/place/ATTILA+Poitiers/data=!4m7!3m6!1s0x47fdbcc4e44e391d:0x87a5cbcd8f830947!8m2!3d46.6110243!4d0.3400741!16s%2Fg%2F11c5_tfrft!19sChIJHTlO5MS8_UcRRwmDj83LpYc?authuser=0&hl=fr&rclk=1,ATTILA Poitiers,Couvreur,·,05 79 65 00 30,http://www.attila.fr/nos-agences/attila-poitiers-nord?utm_source=Google&utm_medium=MyBusiness,"4,9",-16
https://www.google.com/maps/place/SAPA+86+Traitement+Bois+Termites/data=!4m7!3m6!1s0x47fdbfe10161c315:0xf908d2803471b127!8m2!3d46.5672321!4d0.3195226!16s%2Fg%2F11fnwx9xkh!19sChIJFcNhAeG__UcRJ7FxNIDSCPk?authuser=0&hl=fr&rclk=1,SAPA 86 Traitement Bois Termites,Entrepreneur spécialisé dans l'isolation,142 Av. de la Libération,05 49 50 64 94,https://www.sapa-traitement.com/vienne-86.html,5,-12
https://www.google.com/maps/place/SMAC/data=!4m7!3m6!1s0x47fd9620f416f3f1:0x253cc602b7c62639!8m2!3d46.6153568!4d0.3155647!16s%2Fg%2F11b6dr4ygd!19sChIJ8fMW9CCW_UcROSbGtwLGPCU?authuser=0&hl=fr&rclk=1,SMAC,Entrepreneur spécialisé dans l'isolation,·,05 49 54 23 23,https://www.smac-sa.com/agence/smac-poitiers/?utm_source=gmb&utm_medium=CTA-WEB&utm_campaign=Poitiers,"3,6",-12
https://www.google.com/maps/place/Technitoit+Poitiers/data=!4m7!3m6!1s0x47fdbcffdadcac29:0x6edd049d3e1956af!8m2!3d46.6318503!4d0.3572762!16s%2Fg%2F1tczjvkh!19sChIJKazc2v-8_UcRr1YZPp0E3W4?authuser=0&hl=fr&rclk=1,Technitoit Poitiers,Entrepreneur spécialisé dans l'isolation,·,05 33 52 29 49,https://www.technitoit.com/agence/vienne-86-poitiers?utm_source=google&utm_medium=gmb,"4,4",-209
https://www.google.com/maps/place/Pr%C3%AAt+Sarl+Construction+M%C3%A9tallique+Charpente+Couverture+Bardage/data=!4m7!3m6!1s0x47fda337303f8811:0x30c73e093925de9d!8m2!3d46.6863545!4d0.3596071!16s%2Fg%2F1tq6jfpm!19sChIJEYg_MDej_UcRnd4lOQk-xzA?authuser=0&hl=fr&rclk=1,Prêt Sarl Construction Métallique Charpente Couverture Bardage,Entreprise de construction,·,05 49 52 17 28,http://www.constructions-metalliques-poitou-charentes.com/,"4,7",-7
https://www.google.com/maps/place/Couverture+Viennoise+-+Entreprise+De+Couverture+-+Couvreur/data=!4m7!3m6!1s0x47fda95491c48bd7:0xf5b9274046f56cc4!8m2!3d46.6027015!4d0.3768606!16s%2Fg%2F11k65zh0r7!19sChIJ14vEkVSp_UcRxGz1RkAnufU?authuser=0&hl=fr&rclk=1,Couverture Viennoise - Entreprise De Couverture - Couvreur,Couvreur,1 Rue du Sentier,06 59 63 35 29,https://www.couverture-viennoise.fr/,"4,3",-28
https://www.google.com/maps/place/Lariviere/data=!4m7!3m6!1s0x47fd962012e4b307:0x588776c236d9ddca!8m2!3d46.612861!4d0.315574!16s%2Fg%2F1xfsn35_!19sChIJB7PkEiCW_UcRyt3ZNsJ2h1g?authuser=0&hl=fr&rclk=1,Lariviere,Magasin de materiaux de construction,·,05 49 50 24 86,https://www.lariviere.fr/trouver-votre-agence/lariviere-SEB/entry-442-lariviere-poitiers.html,"4,8",-15
https://www.google.com/maps/place/REVA/data=!4m7!3m6!1s0x47fd9571d73a3def:0x968e2709f1d5acbe!8m2!3d46.532576!4d0.2826426!16s%2Fg%2F11vjky0l0f!19sChIJ7z0613GV_UcRvqzV8QknjpY?authuser=0&hl=fr&rclk=1,REVA,Travaux généraux,4 allee de l'esplanade,07 69 58 46 79,http://www.reva-renovation.fr/,1,-1
https://www.google.com/maps/place/Castorama/data=!4m7!3m6!1s0x47fd9582f6f75bb7:0xe870b2cb20203182!8m2!3d46.554821!4d0.309013!16s%2Fg%2F1tlvnx0x!19sChIJt1v39oKV_UcRgjEgIMuycOg?authuser=0&hl=fr&rclk=1,Castorama,Magasin de materiaux de construction,·,05 49 61 69 00,https://www.castorama.fr/store/1452?utm_content=poitiers&utm_medium=MyBusiness&utm_source=Google,"3,8",-4 269
https://www.google.com/maps/place/ENTREPRISE+MOURA+J./data=!4m6!3m5!1s0x48dc9ecfcccdd5f1:0xb727bc4bc5282259!8m2!3d49.62316!4d-1.584044!19sChIJ8dXNzM-e3EgRWSIoxUu8J7c?authuser=0&hl=fr&rclk=1,ENTREPRISE MOURA J.,Couvreur,Chasse du camp,06 27 27 31 50,https://www.google.com/aclk?sa=L&ai=DChsSEwj6y_75hr6UAxWhXEECHYH5BrgYACICCAEQABoCd3M&co=1&ase=2&gclid=CjwKCAjwq6DQBhBVEiwA4ZD5XNdAqwAhipucJk2K3HTwhR81a4pfF5jgQrRmnphJ2NT_pr73EGXVCRoC6l8QAvD_BwE&cce=2&category=acrcp_v1_32&sig=AOD64_2RZh6HQspjUd3RwbXRKbVude_e6A&adurl&q&ctype=99&nis=6,"4,8",-30
https://www.google.com/maps/place/Lorenove+Cherbourg/data=!4m6!3m5!1s0x480c9774038d50a1:0xe528d4ed3164b5c6!8m2!3d49.63621!4d-1.584032!19sChIJoVCNA3SXDEgRxrVkMe3UKOU?authuser=0&hl=fr&rclk=1,Lorenove Cherbourg,Fournisseur de fenêtres,478 Rue des Métiers,02 33 41 05 64,https://www.google.com/aclk?sa=L&ai=DChsSEwj6y_75hr6UAxWhXEECHYH5BrgYACICCAEQCRoCd3M&co=1&ase=2&gclid=CjwKCAjwq6DQBhBVEiwA4ZD5XDkGh5Iec_vY-zt0XhJ9snXnAJTSb64t5JBD0Wt62ub3PrPbZtqh9hoCnm4QAvD_BwE&cce=2&category=acrcp_v1_32&sig=AOD64_1h4rTLMRyKeeaAdqGnunvKWIktjw&adurl&q&ctype=99&nis=6,"4,5",-56
https://www.google.com/maps/place/Asturienne+Cherbourg+-+Mat%C3%A9riaux+de+couverture+pour+toitures/data=!4m7!3m6!1s0x480c99ca1cfb32ff:0xf4b254896b133193!8m2!3d49.6351793!4d-1.5853005!16s%2Fg%2F11by_f8hx0!19sChIJ_zL7HMqZDEgRkzETa4lUsvQ?authuser=0&hl=fr&rclk=1,Asturienne Cherbourg - Matériaux de couverture pour toitures,Magasin de materiaux de construction,·,02 33 44 22 03,https://www.asturienne.fr/infos-agence/cherbourg-asturienne-4964,"4,5",-23
https://www.google.com/maps/place/Couvreur+Cherbourg+-+CHERBOURG+TOITURE/data=!4m7!3m6!1s0x480c97f05f7afb99:0x831246874a6920ab!8m2!3d49.6290731!4d-1.6324402!16s%2Fg%2F11pwfgg0mq!19sChIJmft6X_CXDEgRqyBpSodGEoM?authuser=0&hl=fr&rclk=1,Couvreur Cherbourg - CHERBOURG TOITURE,Entrepreneur spécialisé dans l'isolation,4 Rue du Maine,02 55 02 49 38,https://www.couvreurcherbourg.com/,"4,8",-15
https://www.google.com/maps/place/SAS+Hartoitures+couverture%2Fbardage/data=!4m7!3m6!1s0x480c97f558e6bc77:0xab1696e5be52e3a7!8m2!3d49.6593173!4d-1.6911577!16s%2Fg%2F11szfnv_zx!19sChIJd7zmWPWXDEgRp-NSvuWWFqs?authuser=0&hl=fr&rclk=1,SAS Hartoitures couverture/bardage,Couvreur,20 Rue des Claires,02 33 03 95 07,,"4,3",-44
https://www.google.com/maps/place/Entreprise+Leprince+%26+Fils/data=!4m7!3m6!1s0x480c99b6a25c5fc7:0x3a0a89f098de1a19!8m2!3d49.6452937!4d-1.5899064!16s%2Fg%2F11tcjppw9c!19sChIJx19coraZDEgRGRremPCJCjo?authuser=0&hl=fr&rclk=1,Entreprise Leprince & Fils,Entrepreneur spécialisé dans l'isolation,412a Rue Aristide Briand,06 20 08 02 60,https://entreprise-leprince.com/,"4,6",-40
https://www.google.com/maps/place/ENTREPRISE+MOURA+J./data=!4m7!3m6!1s0x48dc9ecfcccdd5f1:0xb727bc4bc5282259!8m2!3d49.6231603!4d-1.5840445!16s%2Fg%2F11q98kgj0q!19sChIJ8dXNzM-e3EgRWSIoxUu8J7c?authuser=0&hl=fr&rclk=1,ENTREPRISE MOURA J.,Couvreur,"Chasse du camp, Rue Léon Blum",06 27 27 31 50,https://www.entreprise-moura.fr/,"4,8",-30
https://www.google.com/maps/place/Planque+E-cover/data=!4m7!3m6!1s0x480c977dc6f2ff01:0xde449e3a666c91f9!8m2!3d49.6329369!4d-1.6102355!16s%2Fg%2F11b6d3k_pj!19sChIJAf_yxn2XDEgR-ZFsZjqeRN4?authuser=0&hl=fr&rclk=1,Planque E-cover,Couvreur,·,02 33 22 37 12,https://www.planquecouverture.fr/,"4,3",-23
https://www.google.com/maps/place/Ln+renovation/data=!4m7!3m6!1s0x241f39efb0207073:0x4bd52747278dc27b!8m2!3d49.6250215!4d-1.6412257!16s%2Fg%2F11rnwgkfr4!19sChIJc3AgsO85HyQRe8KNJ0cn1Us?authuser=0&hl=fr&rclk=1,Ln renovation,Couvreur,33 bis Rue Roger Salengro,06 31 50 50 74,,5,-11
https://www.google.com/maps/place/Prestot+Jimmy/data=!4m7!3m6!1s0xdcb6ffdcc487e67:0x1ad5701a54c3c1bd!8m2!3d49.6303375!4d-1.5855115!16s%2Fg%2F11vdcz1t_1!19sChIJZ35IzP1vyw0RvcHDVBpw1Ro?authuser=0&hl=fr&rclk=1,Prestot Jimmy,Couvreur,542 Rue Jean Bouin,06 14 06 80 73,https://jimmy-renov.fr/,"4,9",-31
https://www.google.com/maps/place/Sanitoit/data=!4m7!3m6!1s0x480c99cff8be7305:0x2763c4fd07b16297!8m2!3d49.6299722!4d-1.5961322!16s%2Fg%2F1tyzycts!19sChIJBXO--M-ZDEgRl2KxB_3EYyc?authuser=0&hl=fr&rclk=1,Sanitoit,Couvreur,·,02 33 88 47 00,https://www.marie-et-cie.com/sanitoit.html,4,-8
https://www.google.com/maps/place/C2L/data=!4m7!3m6!1s0x480c93e8322129fd:0x9030da1c50326d4e!8m2!3d49.5794513!4d-1.7088717!16s%2Fg%2F11b6drd4rc!19sChIJ_SkhMuiTDEgRTm0yUBzaMJA?authuser=0&hl=fr&rclk=1,C2L,Entreprise de construction,·,02 33 95 00 00,https://entreprise-c2l.fr/,"3,7",-3
https://www.google.com/maps/place/PS+RENOVE:+Artisan+Peintre+Couvreur+Fa%C3%A7ade+Peinture+Toiture+%C3%89tanch%C3%A9it%C3%A9+R%C3%A9novation+Traitement+R%C3%A9sine/data=!4m7!3m6!1s0x480c9bde31a71197:0x2d2594d2c65856ef!8m2!3d49.5736458!4d-1.5727245!16s%2Fg%2F11s5nrjfrq!19sChIJlxGnMd6bDEgR71ZYxtKUJS0?authuser=0&hl=fr&rclk=1,PS RENOVE: Artisan Peintre Couvreur Façade Peinture Toiture Étanchéité Rénovation Traitement Résine,Couvreur,123 Rte de la Brûlette,07 45 02 51 70,https://www.ps-renove-cotentin.fr/,5,-21
https://www.google.com/maps/place/3B+BATIMENT/data=!4m7!3m6!1s0x480c952e14b7d0e3:0x8ce520b28b76009!8m2!3d49.634075!4d-1.6129746!16s%2Fg%2F113dr97n6!19sChIJ49C3FC6VDEgRCWC3KAtSzgg?authuser=0&hl=fr&rclk=1,3B BATIMENT,Menuisier,·,02 33 52 02 22,http://www.3b-batiment.fr/,"4,1",-34
https://www.google.com/maps/place/SAS+Cl%C3%A9ment+Couverture/data=!4m7!3m6!1s0x9ecf136e6377b25:0xe86e6be665719699!8m2!3d49.6266393!4d-1.6187808!16s%2Fg%2F11vqjdsxbj!19sChIJJXs35jbx7AkRmZZxZeZrbug?authuser=0&hl=fr&rclk=1,SAS Clément Couverture,Couvreur,21 Cité Fougères,07 76 83 78 89,https://sites.google.com/view/clement-couverture/accueil?utm_source=gmb,4,-4
https://www.google.com/maps/place/PLC+couverture+%C3%A9tanch%C3%A9it%C3%A9+bardage+plomberie+ma%C3%A7onnerie+carrelage/data=!4m7!3m6!1s0x480c97ade11082e7:0x9609f224f80a3cce!8m2!3d49.6477921!4d-1.6487066!16s%2Fg%2F1thx7_m2!19sChIJ54IQ4a2XDEgRzjwK-CTyCZY?authuser=0&hl=fr&rclk=1,PLC couverture étanchéité bardage plomberie maçonnerie carrelage,Plombier,4 Rue de la République,02 33 01 73 79,,5,-1
https://www.google.com/maps/place/Manche+R%C3%A9novation/data=!4m7!3m6!1s0x480c97e563ef8d27:0x439ff31ce34b4cf0!8m2!3d49.6244959!4d-1.626969!16s%2Fg%2F11wj3lz8pb!19sChIJJ43vY-WXDEgR8ExL4xzzn0M?authuser=0&hl=fr&rclk=1,Manche Rénovation,Couvreur,3 Rue de Franche Comté,02 32 82 04 64,http://www.manche-renov.fr/,5,-66
https://www.google.com/maps/place/Lariviere/data=!4m7!3m6!1s0x480c998f8f9efabd:0x3ff067d9bb5dafcd!8m2!3d49.601853!4d-1.595595!16s%2Fg%2F1tdjwdg4!19sChIJvfqej4-ZDEgRza9du9ln8D8?authuser=0&hl=fr&rclk=1,Lariviere,Magasin de materiaux de construction,·,02 33 92 44 80,https://www.lariviere.fr/trouver-votre-agence/lariviere-SEB/entry-386-lariviere-cherbourg.html,"4,5",-11
https://www.google.com/maps/place/Performance+Habitat+-+Menuiserie+-+Charpente+-+Solution+d%27Isolation/data=!4m7!3m6!1s0x480c9ba03267e7dd:0x693bcdd62d1ac31b!8m2!3d49.5488349!4d-1.567525!16s%2Fg%2F11g1b09bdd!19sChIJ3ednMqCbDEgRG8MaLdbNO2k?authuser=0&hl=fr&rclk=1,Performance Habitat - Menuiserie - Charpente - Solution d'Isolation,Entrepreneur spécialisé dans l'isolation,·,02 33 44 25 15,http://www.performance-habitat.fr/,"4,8",-9
https://www.google.com/maps/place/Lemi%C3%A8re+Couverture+SARL/data=!4m7!3m6!1s0x480c96d23201f62f:0x8601c2af1c594c1f!8m2!3d49.6020309!4d-1.6599298!16s%2Fg%2F11bx5pz4g5!19sChIJL_YBMtKWDEgRH0xZHK_CAYY?authuser=0&hl=fr&rclk=1,Lemière Couverture SARL,Couvreur,ZA le Pont,02 33 44 57 74,https://www.lemiere-toiture.fr/,"4,3",-29
https://www.google.com/maps/place/LEDUC/data=!4m7!3m6!1s0x480c93e85cc70d81:0xb374f93df743ecf0!8m2!3d49.578512!4d-1.7084305!16s%2Fg%2F1wl4p_5j!19sChIJgQ3HXOiTDEgR8OxD9z35dLM?authuser=0&hl=fr&rclk=1,LEDUC,Entreprise de construction,·,02 33 01 83 83,http://www.leduc-batiment.fr/,"4,5",-15
https://www.google.com/maps/place/Menuiserie+FOUCHER/data=!4m7!3m6!1s0x480c98339d6ac761:0x6afdeed5702890dd!8m2!3d49.630721!4d-1.58087!16s%2Fg%2F1tf4df5_!19sChIJYcdqnTOYDEgR3ZAocNXu_Wo?authuser=0&hl=fr&rclk=1,Menuiserie FOUCHER,Menuisier,·,02 33 22 43 90,http://www.menuiseriefoucher.fr/,"4,3",-18
https://www.google.com/maps/place/ENTREPRISE+MOURA+J./data=!4m7!3m6!1s0x48dc9ecfcccdd5f1:0xb727bc4bc5282259!8m2!3d49.62316!4d-1.584044!16s%2Fg%2F11q98kgj0q!19sChIJ8dXNzM-e3EgRWSIoxUu8J7c?authuser=0&hl=fr&rclk=1,ENTREPRISE MOURA J.,Couvreur,Chasse du camp,06 27 27 31 50,https://www.google.com/aclk?sa=L&ai=DChsSEwjUl56Bh76UAxXqFQYAHSohHZsYACICCAEQABoCd3M&co=1&ase=2&gclid=CjwKCAjwq6DQBhBVEiwA4ZD5XFTrcMBzlEDvNq1XZiOkB5ViYj4mLiZYfVw2oDb2-tGhx3hex7ViFxoCLYcQAvD_BwE&cce=2&category=acrcp_v1_32&sig=AOD64_14_8jFSXpefY80LlT_vjjvTzcyyA&adurl&q&ctype=99&nis=6,"4,8",-30
https://www.google.com/maps/place/Lorenove+Cherbourg/data=!4m7!3m6!1s0x480c9774038d50a1:0xe528d4ed3164b5c6!8m2!3d49.63621!4d-1.584032!16s%2Fg%2F11b73n27l2!19sChIJoVCNA3SXDEgRxrVkMe3UKOU?authuser=0&hl=fr&rclk=1,Lorenove Cherbourg,Fournisseur de fenêtres,478 Rue des Métiers,02 33 41 05 64,https://www.google.com/aclk?sa=L&ai=DChsSEwjUl56Bh76UAxXqFQYAHSohHZsYACICCAEQARoCd3M&co=1&ase=2&gclid=CjwKCAjwq6DQBhBVEiwA4ZD5XPHelpvjJ4TL9gAtoYiblSrLni7pdGDUt1xSn1gbbpsgicPTpN6Q1hoCs2kQAvD_BwE&cce=2&category=acrcp_v1_32&sig=AOD64_1_MHIGAuLL2UcPVnwpGHp4ZhyAuA&adurl&q&ctype=99&nis=6,"4,5",-56
https://www.google.com/maps/place/P.+Groult+Couverture/data=!4m7!3m6!1s0x480c9b001464e813:0xf38fceed2c2523f9!8m2!3d49.5886353!4d-1.5976987!16s%2Fg%2F11x85sbv13!19sChIJE-hkFACbDEgR-SMlLO3Oj_M?authuser=0&hl=fr&rclk=1,P. Groult Couverture,Couvreur,3 Les Chevres,07 49 84 10 65,https://www.couverture-groult.com/,5,-9
https://www.google.com/maps/place/TERRASSES+ET+BOIS+DU+COTENTIN/data=!4m7!3m6!1s0x480c9dd9d738781d:0xb209eedbcd5a3525!8m2!3d49.549298!4d-1.4754989!16s%2Fg%2F11mcc24v37!19sChIJHXg419mdDEgRJTVazdvuCbI?authuser=0&hl=fr&rclk=1,TERRASSES ET BOIS DU COTENTIN,Fournisseur de bois,31 Chem. des Basourdits,07 45 80 24 96,https://terrasses-et-bois-du-cotentin.fr/,"4,3",-4
https://www.google.com/maps/place/Nettoyage+toiture+hydrofuge+-+CHERBOURG+TOITURE/data=!4m7!3m6!1s0x480c97c988a91df7:0x848e91053c00921a!8m2!3d49.6558155!4d-1.7442778!16s%2Fg%2F11nff7zxls!19sChIJ9x2piMmXDEgRGpIAPAWRjoQ?authuser=0&hl=fr&rclk=1,Nettoyage toiture hydrofuge - CHERBOURG TOITURE,Couvreur,·,02 55 60 46 29,https://www.couvreurcherbourg.com/nettoyage-de-toiture,5,-4
https://www.google.com/maps/place/SARL+PIARD+BATIMENT/data=!4m7!3m6!1s0x480c83067a4de959:0xac3870eff04013b3!8m2!3d49.4563991!4d-1.4928615!16s%2Fg%2F11h_3nrrkd!19sChIJWelNegaDDEgRsxNA8O9wOKw?authuser=0&hl=fr&rclk=1,SARL PIARD BATIMENT,Couvreur,17 Le Bourg,02 78 84 59 87,https://www.piard-batiment.fr/,"4,4",-5
https://www.google.com/maps/place/Couverture+Eustache/data=!4m7!3m6!1s0x480c8f1b7581d70d:0x92e959b304ec81a8!8m2!3d49.536191!4d-1.534648!16s%2Fg%2F11b6dlg4gx!19sChIJDdeBdRuPDEgRqIHsBLNZ6ZI?authuser=0&hl=fr&rclk=1,Couverture Eustache,Couvreur,·,02 33 52 37 63,http://www.eustache-couverture.fr/,"4,1",-10
https://www.google.com/maps/place/As+R%C3%A9nov+Bois/data=!4m7!3m6!1s0x98b17267d4771fd:0xefaadceeccc8503!8m2!3d49.5195182!4d-1.7747048!16s%2Fg%2F11ltzxhm33!19sChIJ_XFHfSYXiwkRA4XM7M6t-g4?authuser=0&hl=fr&rclk=1,As Rénov Bois,Charpentier,"415 chemin de la tostellerie, 6 bis La Tostellerie",07 75 83 43 23,https://eurl-as-renov-bois.jimdosite.com/,5,-7
https://www.google.com/maps/place/Sarl+Sitolle/data=!4m7!3m6!1s0x480c82d41b553623:0xb46ba3a4bc79b584!8m2!3d49.519795!4d-1.501932!16s%2Fg%2F1vgx0410!19sChIJIzZVG9SCDEgRhLV5vKSja7Q?authuser=0&hl=fr&rclk=1,Sarl Sitolle,Couvreur,6 Rue du Facteur Chaussé,02 33 03 01 02,https://www.sarlsitolle.fr/,"4,8",-6
https://www.google.com/maps/place/Leverd+Abraham/data=!4m7!3m6!1s0x480c916be83760df:0xa33fb3d1590ebe0a!8m2!3d49.6276508!4d-1.6356422!16s%2Fg%2F11pbg2fl45!19sChIJ32A36GuRDEgRCr4OWdGzP6M?authuser=0&hl=fr&rclk=1,Leverd Abraham,Couvreur,·,07 50 80 03 47,https://mrleverd-renovation.wixsite.com/couverture,"4,8",-21
https://www.google.com/maps/place/Habitat+Peinture/data=!4m7!3m6!1s0x480c99d0e149de19:0x9d90b6347f629cb!8m2!3d49.6276508!4d-1.6356422!16s%2Fg%2F11f5h7r_l4!19sChIJGd5J4dCZDEgRyyn2R2ML2Qk?authuser=0&hl=fr&rclk=1,Habitat Peinture,Couvreur,·,02 33 44 50 05,https://www.habitat-peinture.net/,,
https://www.google.com/maps/place/Mv+r%C3%A9novation+-+Couvreur+-+Trignac+-+Saint-Nazaire/data=!4m7!3m6!1s0x6fe2420036200e4b:0xbcd82308b462d785!8m2!3d47.304074!4d-2.189533!16s%2Fg%2F11rtf6smvq!19sChIJSw4gNgBC4m8RhdditAgj2Lw?authuser=0&hl=fr&rclk=1,Mv rénovation - Couvreur - Trignac - Saint-Nazaire,Couvreur,65 ter Rue Pierre Brossolette,07 68 40 40 27,https://www.google.com/aclk?sa=L&ai=DChsSEwjrhvKUh76UAxXGoGgJHY-NMTsYACICCAEQCBoCd2Y&co=1&ase=2&gclid=CjwKCAjwq6DQBhBVEiwA4ZD5XImqAua27KfYp5MQZOFgVCzTeQOu7r5cqEJ5y_ymJVsEi-Je8D0gtBoCUTAQAvD_BwE&cce=2&category=acrcp_v1_32&sig=AOD64_3ZqOi4cw38XtJVYnFfZxUp8Ce2BQ&adurl&q&ctype=99&nis=6,5,-103
https://www.google.com/maps/place/ID+Travaux/data=!4m7!3m6!1s0x48055ce8efd3b28b:0xef5ee7257fe813b7!8m2!3d47.290788!4d-2.381378!16s%2Fg%2F11ggr5dcyz!19sChIJi7LT7-hcBUgRtxPofyXnXu8?authuser=0&hl=fr&rclk=1,ID Travaux,Travaux généraux,15 Bis Chemin de la Furguai,06 31 15 61 73,https://www.google.com/aclk?sa=L&ai=DChsSEwjrhvKUh76UAxXGoGgJHY-NMTsYACICCAEQABoCd2Y&co=1&ase=2&gclid=CjwKCAjwq6DQBhBVEiwA4ZD5XOj0yna5bYz78Sw73wt-5sELrwWkCFA-A4eVdpaTkaUygiWUbK1LsRoC2cAQAvD_BwE&cce=2&category=acrcp_v1_32&sig=AOD64_1LfVG9Rzeh0G3zjdf6xpecn0fR1g&adurl&q&ctype=99&nis=6,"4,8",-20
https://www.google.com/maps/place/Qu%C3%A9guiner+Mat%C3%A9riaux/data=!4m7!3m6!1s0x480567b9aaa2936d:0xbcf86f507127ea04!8m2!3d47.2908318!4d-2.2948599!16s%2Fg%2F11bbwq9kvg!19sChIJbZOiqrlnBUgRBOoncVBv-Lw?authuser=0&hl=fr&rclk=1,Quéguiner Matériaux,Magasin de materiaux de construction,·,02 40 91 53 63,https://www.queguiner.fr/nos-agences/saint-nazaire,"4,5",-48
https://www.google.com/maps/place/BARDAGE+%26+CO+-+Bureau+d%E2%80%99%C3%A9tudes+Bardage+Couverture+%26+%C3%A9tanch%C3%A9it%C3%A9/data=!4m7!3m6!1s0x833a088f756f4647:0x12d21e83c5a45dfc!8m2!3d47.2857317!4d-2.2098415!16s%2Fg%2F11l2c8wx78!19sChIJR0ZvdY8IOoMR_F2kxYMe0hI?authuser=0&hl=fr&rclk=1,BARDAGE & CO - Bureau d’études Bardage Couverture & étanchéité,Consultant en ingénierie,6 Esp. Anna Marly,07 56 96 46 76,https://www.bardageandco.com/,,
https://www.google.com/maps/place/Lariviere/data=!4m7!3m6!1s0x4805659eb3400cbb:0x491631e6a274b668!8m2!3d47.2931389!4d-2.282895!16s%2Fg%2F1tffj48l!19sChIJuwxAs55lBUgRaLZ0ouYxFkk?authuser=0&hl=fr&rclk=1,Lariviere,Magasin de materiaux de construction,·,02 40 22 13 72,https://www.lariviere.fr/trouver-votre-agence/lariviere-SEB/entry-454-lariviere-st-nazaire.html,4,-27
https://www.google.com/maps/place/WATERLESS/data=!4m7!3m6!1s0x480567b92727aaf1:0x4dd60fd902ce29d!8m2!3d47.2959204!4d-2.2397211!16s%2Fg%2F11f6474mw5!19sChIJ8aonJ7lnBUgRneIskP1g3QQ?authuser=0&hl=fr&rclk=1,WATERLESS,Couvreur,Rte de Tréfféac,07 56 41 59 32,https://www.waterless-etancheite.fr/,"4,4",-14
https://www.google.com/maps/place/Soprema/data=!4m7!3m6!1s0x48056734cba48267:0xe8e150b6abe47ed5!8m2!3d47.304197!4d-2.306013!16s%2Fg%2F11ght1mpj6!19sChIJZ4KkyzRnBUgR1X7kq7ZQ4eg?authuser=0&hl=fr&rclk=1,Soprema,Entrepreneur spécialisé dans l'isolation,·,02 51 75 44 27,https://www.soprema-entreprises.fr/entite/agence/entreprise-etancheite-saint-nazaire/?utm_source=gmb,5,-8
https://www.google.com/maps/place/Art+Badeau/data=!4m7!3m6!1s0x48056372858f3f1b:0x61f1961844509295!8m2!3d47.2994456!4d-2.2628966!16s%2Fg%2F11q2xkncwd!19sChIJGz-PhXJjBUgRlZJQRBiW8WE?authuser=0&hl=fr&rclk=1,Art Badeau,Couvreur,3 Rte des Carrois de Cuneix,06 67 18 39 33,https://www.artbadeaucouverture.fr/,"4,9",-91
https://www.google.com/maps/place/POTREL+COUVERTURE/data=!4m7!3m6!1s0x480567ba1a992b3d:0x5b5c4fe3447b94ab!8m2!3d47.2944459!4d-2.2943246!16s%2Fg%2F1q6j5t61z!19sChIJPSuZGrpnBUgRq5R7RONPXFs?authuser=0&hl=fr&rclk=1,POTREL COUVERTURE,Couvreur,13 Rue Jacques Daguerre,02 40 22 51 19,https://www.potrelcouverture.fr/,"4,2",-18
https://www.google.com/maps/place/Dj+Habitat+-+Couvreur+Saint-Nazaire/data=!4m7!3m6!1s0x480565276d2f8edd:0x902a108fc7e577da!8m2!3d47.2828225!4d-2.2156141!16s%2Fg%2F11q4cfkcmw!19sChIJ3Y4vbSdlBUgR2nflx48QKpA?authuser=0&hl=fr&rclk=1,Dj Habitat - Couvreur Saint-Nazaire,Couvreur,96 Bd Victor Hugo,07 84 59 98 24,,"4,9",-68
https://www.google.com/maps/place/A.J+Entreprise+ma%C3%A7onnerie+-+G%C3%A9nie+civil/data=!4m7!3m6!1s0x480565a086d587e5:0x858a0bc0fec8a010!8m2!3d47.2917174!4d-2.1980241!16s%2Fg%2F1tgtdwkg!19sChIJ5YfVhqBlBUgREKDI_sALioU?authuser=0&hl=fr&rclk=1,A.J Entreprise maçonnerie - Génie civil,Entreprise de construction,·,02 40 01 88 89,https://aj-entreprise.fr/construction-renovation-saint-nazaire-a-propos/?utm_source=gmb,"4,8",-17
https://www.google.com/maps/place/Bidaud+Couverture+SARL/data=!4m7!3m6!1s0x480565a01481c731:0x32ff991d15b7b376!8m2!3d47.2921366!4d-2.1987246!16s%2Fg%2F11gh_g2r7h!19sChIJMceBFKBlBUgRdrO3FR2Z_zI?authuser=0&hl=fr&rclk=1,Bidaud Couverture SARL,Couvreur,10 Bd de la Liberté,02 46 85 02 28,http://www.facebook.com/Bidaud-couverture-113887026718320/?utm_source=gmb,"3,8",-6
https://www.google.com/maps/place/SMAC/data=!4m7!3m6!1s0x480567bb2442b77b:0xaefd05ee826dbac0!8m2!3d47.2979526!4d-2.2971393!16s%2Fg%2F11c575dj2s!19sChIJe7dCJLtnBUgRwLptgu4F_a4?authuser=0&hl=fr&rclk=1,SMAC,Entrepreneur spécialisé dans l'isolation,3 Rue René Réaumur,02 40 00 80 94,https://www.smac-sa.com/agence/smac-saint-nazaire/?utm_source=gmb&utm_medium=CTA-WEB&utm_campaign=Saint-Nazaire,"4,5",-2
https://www.google.com/maps/place/Ascargorta+habitat/data=!4m7!3m6!1s0x480565d00e88571d:0x6e555b1f41c0ecb4!8m2!3d47.3008403!4d-2.1842315!16s%2Fg%2F11x1cpn3z6!19sChIJHVeIDtBlBUgRtOzAQR9bVW4?authuser=0&hl=fr&rclk=1,Ascargorta habitat,Couvreur,14 Rue du Pas Nicolas,07 83 81 95 51,http://www.ascargorta-habitat.com/,5,-11
https://www.google.com/maps/place/1R+de+9/data=!4m7!3m6!1s0x480571119af22edf:0x996972518453b627!8m2!3d47.2336683!4d-2.1509003!16s%2Fg%2F11btmb7s25!19sChIJ3y7ymhFxBUgRJ7ZThFFyaZk?authuser=0&hl=fr&rclk=1,1R de 9,Entreprise de construction,·,06 48 24 71 63,http://www.bardage-44.fr/,"4,9",-39
https://www.google.com/maps/place/B2EB+Bureau+d%27Etude+Enveloppe+du+B%C3%A2timent/data=!4m7!3m6!1s0x48056593aa696a87:0x77da9f9c46ed29c6!8m2!3d47.2601062!4d-2.2716566!16s%2Fg%2F11cn9spp39!19sChIJh2ppqpNlBUgRxintRpyf2nc?authuser=0&hl=fr&rclk=1,B2EB Bureau d'Etude Enveloppe du Bâtiment,Consultant en ingénierie,32 Rue de l'Étoile du Matin,02 40 61 16 65,http://b2eb.fr/,5,-2
https://www.google.com/maps/place/ATLANTIQUE+-+BOUILLOT+-+COUVERTURE+-+44/data=!4m7!3m6!1s0x4805677576163219:0x6d8822a69879114d!8m2!3d47.2989026!4d-2.2958232!16s%2Fg%2F11rkl86vyr!19sChIJGTIWdnVnBUgRTRF5mKYiiG0?authuser=0&hl=fr&rclk=1,ATLANTIQUE - BOUILLOT - COUVERTURE - 44,Couvreur,·,02 52 59 11 47,https://www.abcouverture44.fr/,5,-6
https://www.google.com/maps/place/Couvreur+%C3%A0+Saint-Nazaire/data=!4m7!3m6!1s0x48056574c7aeaaab:0x423220a5c045a711!8m2!3d47.2902619!4d-2.1938494!16s%2Fg%2F11h_zmr6gd!19sChIJq6qux3RlBUgREadFwKUgMkI?authuser=0&hl=fr&rclk=1,Couvreur à Saint-Nazaire,Couvreur,5 Rue des Chantiers,07 56 87 51 73,https://www.couvreur-saintnazaire.com/?utm_source=google&utm_medium=organic&utm_campaign=gbp&utm_content=couvreur-saint-nazaire,"4,9",-35
https://www.google.com/maps/place/RW+R%C3%A9novation/data=!4m7!3m6!1s0x4805651f6a900c6f:0x64582751b23fc760!8m2!3d47.2828225!4d-2.2156141!16s%2Fg%2F11mqvkyxkj!19sChIJbwyQah9lBUgRYMc_slEnWGQ?authuser=0&hl=fr&rclk=1,RW Rénovation,Couvreur,96 Bd Victor Hugo,06 51 15 68 35,https://xn--rw-rnovation-eeb.fr/,"4,4",-25
https://www.google.com/maps/place/DN+R%C3%A9novation+couvreur/data=!4m7!3m6!1s0x4805652587898ef1:0xe9575282d7b5e294!8m2!3d47.31949!4d-2.212246!16s%2Fg%2F11q83bkg6z!19sChIJ8Y6JhyVlBUgRlOK114JSV-k?authuser=0&hl=fr&rclk=1,DN Rénovation couvreur,Entrepreneur spécialisé dans l'isolation,·,06 03 79 56 52,https://renovationdn.fr/,"4,9",-47
https://www.google.com/maps/place/Renovcouverture44+couvreur+%C3%A0+Saint-Nazaire/data=!4m7!3m6!1s0x48056551ecd1f119:0x9acbddccd24e8908!8m2!3d47.319969!4d-2.1852748!16s%2Fg%2F11rcpqnnwg!19sChIJGfHR7FFlBUgRCIlO0szdy5o?authuser=0&hl=fr&rclk=1,Renovcouverture44 couvreur à Saint-Nazaire,Entrepreneur spécialisé dans l'isolation,9 Bis Chem. de la Petite ville,07 85 20 25 15,https://renov-couverture-44.fr/,5,-61
https://www.google.com/maps/place/Couronne+menuiserie/data=!4m7!3m6!1s0x480567bba5b8e18b:0xc772ed95915db1a8!8m2!3d47.2911717!4d-2.2968138!16s%2Fg%2F1t_tjp12!19sChIJi-G4pbtnBUgRqLFdkZXtcsc?authuser=0&hl=fr&rclk=1,Couronne menuiserie,Menuisier,·,02 40 91 53 62,https://www.menuiserie-couronne.com/,"4,3",-29
https://www.google.com/maps/place/Mv+r%C3%A9novation+-+Couvreur+-+Trignac+-+Saint-Nazaire/data=!4m7!3m6!1s0x6fe2420036200e4b:0xbcd82308b462d785!8m2!3d47.304074!4d-2.189533!16s%2Fg%2F11rtf6smvq!19sChIJSw4gNgBC4m8RhdditAgj2Lw?authuser=0&hl=fr&rclk=1,Mv rénovation - Couvreur - Trignac - Saint-Nazaire,Couvreur,65 ter Rue Pierre Brossolette,07 68 40 40 27,https://www.google.com/aclk?sa=L&ai=DChsSEwjYhMebh76UAxVKXEECHcJQJPgYACICCAEQDRoCd3M&co=1&ase=2&gclid=CjwKCAjwq6DQBhBVEiwA4ZD5XIgDv-5-OCdrm-GAk1K6-zgky1SURUqtcWpbzdwkWvcpPE9YAoKKPRoC4gMQAvD_BwE&cce=2&category=acrcp_v1_32&sig=AOD64_14fuXe-uhJqQ9euJuiByxtjW57Ug&adurl&q&ctype=99&nis=6,5,-103
https://www.google.com/maps/place/ID+Travaux/data=!4m7!3m6!1s0x48055ce8efd3b28b:0xef5ee7257fe813b7!8m2!3d47.290788!4d-2.381378!16s%2Fg%2F11ggr5dcyz!19sChIJi7LT7-hcBUgRtxPofyXnXu8?authuser=0&hl=fr&rclk=1,ID Travaux,Travaux généraux,15 Bis Chemin de la Furguai,06 31 15 61 73,https://www.google.com/aclk?sa=L&ai=DChsSEwjYhMebh76UAxVKXEECHcJQJPgYACICCAEQChoCd3M&co=1&ase=2&gclid=CjwKCAjwq6DQBhBVEiwA4ZD5XIacy58H1dVevKx2ooEjCVE2U6al-k_-8NeleedbEQ18lNbtMeUChBoCBhoQAvD_BwE&cce=2&category=acrcp_v1_32&sig=AOD64_0mvrvz7AAG_8k5P2PgYZGXOTNLjA&adurl&q&ctype=99&nis=6,"4,8",-20
https://www.google.com/maps/place/TRAFORDYN/data=!4m7!3m6!1s0x480567b5ed318c69:0xb704958ba0f09b84!8m2!3d47.2896412!4d-2.2864301!16s%2Fg%2F1tfh40n2!19sChIJaYwx7bVnBUgRhJvwoIuVBLc?authuser=0&hl=fr&rclk=1,TRAFORDYN,Entrepreneur spécialisé dans le forage,20 Rte de la ville Heulin,,https://www.trafordyn.com/,"3,9",-14
https://www.google.com/maps/place/couvreur+du+coin/data=!4m7!3m6!1s0x480565b550b973ad:0xe985e7f43c74f0de!8m2!3d47.288156!4d-2.245763!16s%2Fg%2F11xkdfjy8y!19sChIJrXO5ULVlBUgR3vB0PPTnhek?authuser=0&hl=fr&rclk=1,couvreur du coin,Couvreur,79 Imp. des Nouettes,06 16 09 74 63,https://www.couvreurducoin.com/,5,-31
https://www.google.com/maps/place/PHR+-+Pro+Habitat+R%C3%A9nov/data=!4m7!3m6!1s0x4805654f64dd004b:0x1dc20dc3f96c8472!8m2!3d47.2966011!4d-2.2215584!16s%2Fg%2F11h6rqmlq0!19sChIJSwDdZE9lBUgRcoRs-cMNwh0?authuser=0&hl=fr&rclk=1,PHR - Pro Habitat Rénov,Entrepreneur spécialisé dans l'isolation,81 Rte de Tréfféac,07 68 48 07 15,,"3,9",-7
https://www.google.com/maps/place/Menuiserie+Am%C3%A9nagement+Simon/data=!4m7!3m6!1s0x48056641d49dea91:0x59b856958eef1b81!8m2!3d47.2911034!4d-2.3025279!16s%2Fg%2F1tfjdxt5!19sChIJkeqd1EFmBUgRgRvvjpVWuFk?authuser=0&hl=fr&rclk=1,Menuiserie Aménagement Simon,Menuisier,111 Rte de Fondeline,09 81 24 16 13,https://www.menuiserie-amenagement-simon.com/,"4,5",-8
https://www.google.com/maps/place/Couvreur+Trignac+-+ETS+Cazeneuve+Expert+Toiture/data=!4m7!3m6!1s0x4805650c6a2b1725:0xa247421b0a300d29!8m2!3d47.2959405!4d-2.2144017!16s%2Fg%2F11xp64slvl!19sChIJJRcragxlBUgRKQ0wChtCR6I?authuser=0&hl=fr&rclk=1,Couvreur Trignac - ETS Cazeneuve Expert Toiture,Couvreur,100 Rue de Prezegat,06 21 46 97 81,http://ets-cazeneuve.fr/,5,-2
https://www.google.com/maps/place/Isolation+by+Tryba/data=!4m7!3m6!1s0x48055d098aea6ecd:0x91b1a492e2f59be2!8m2!3d47.2698123!4d-2.3453953!16s%2Fg%2F11k3hjhv3p!19sChIJzW7qigldBUgR4pv14pKksZE?authuser=0&hl=fr&rclk=1,Isolation by Tryba,Entrepreneur spécialisé dans l'isolation,·,02 21 83 37 53,https://www.isolationbytryba.fr/agence/isolation-by-tryba-a-saint-nazaire-44/?utm_campaign=IBT_Pornichet&utm_medium=CTA-WEB&utm_source=GMB-IBT,"4,9",-80
https://www.google.com/maps/place/Leray+Menuiserie/data=!4m7!3m6!1s0x48056580caf0484b:0xe3876ae95e074bd1!8m2!3d47.30957!4d-2.18288!16s%2Fg%2F11w59v62w9!19sChIJS0jwyoBlBUgR0UsHXulqh-M?authuser=0&hl=fr&rclk=1,Leray Menuiserie,Menuisier,3 Cité Nouvelle,02 40 53 40 12,https://www.leray-menuiserie.fr/,"4,8",-56
https://www.google.com/maps/place/Menuiserie+MCO+-+TRIGNAC+SAINT-NAZAIRE/data=!4m7!3m6!1s0x480565bae3047875:0x63d74c7199342c2a!8m2!3d47.3102406!4d-2.1883881!16s%2Fg%2F11fqsz2_zf!19sChIJdXgE47plBUgRKiw0mXFM12M?authuser=0&hl=fr&rclk=1,Menuiserie MCO - TRIGNAC SAINT-NAZAIRE,Menuisier,2 Rue des Lamineurs,02 40 60 99 43,http://www.mco-menuiserie.com/,"4,5",-8
https://www.google.com/maps/place/FL/data=!4m7!3m6!1s0x480565060f86e3eb:0x4f3294df1cb640ea!8m2!3d47.3169883!4d-2.2181769!16s%2Fg%2F11kg_895k9!19sChIJ6-OGDwZlBUgR6kC2HN-UMk8?authuser=0&hl=fr&rclk=1,FL,Couvreur,92 Rte des Ormeaux,07 85 74 56 73,,5,-1
https://www.google.com/maps/place/M.+Winterstein+-+Peintre+en+b%C3%A2timent/data=!4m7!3m6!1s0x4805652c3d40d0eb:0xdc853ac1ac2074fe!8m2!3d47.2828073!4d-2.2156128!16s%2Fg%2F11qyv39ddp!19sChIJ69BAPSxlBUgR_nQgrME6hdw?authuser=0&hl=fr&rclk=1,M. Winterstein - Peintre en bâtiment,Peintre en bâtiment,96 Bd Victor Hugo,06 36 17 37 82,,,
https://www.google.com/maps/place/Selection+Bois/data=!4m7!3m6!1s0x480571d9d5a98225:0x869933631dcf9a41!8m2!3d47.1890153!4d-2.1473796!16s%2Fg%2F1tfcbk4n!19sChIJJYKp1dlxBUgRQZrPHWMzmYY?authuser=0&hl=fr&rclk=1,Selection Bois,Magasin de materiaux de construction,·,02 59 10 22 59,https://www.selection-bois.com/,"4,8",-57
https://www.google.com/maps/place/Dacquin+Camille/data=!4m7!3m6!1s0x827a0579c049f015:0x2e7c3853ab4f9942!8m2!3d47.304445!4d-2.1891947!16s%2Fg%2F11w4qhr2f_!19sChIJFfBJwHkFeoIRQplPq1M4fC4?authuser=0&hl=fr&rclk=1,Dacquin Camille,Couvreur,Chem. des Pirots,06 50 87 78 85,http://camilletoiture.com/?utm_source=gmb,5,-1
https://www.google.com/maps/place/AR+Peinture+-+Ravalement+-+Isolation/data=!4m7!3m6!1s0x48056fc465f8f5ad:0xd8e566b779a9024d!8m2!3d47.2953324!4d-2.280884!16s%2Fg%2F1w15yth9!19sChIJrfX4ZcRvBUgRTQKpebdm5dg?authuser=0&hl=fr&rclk=1,AR Peinture - Ravalement - Isolation,Entrepreneur spécialisé dans l'isolation,"Zone industrielle de Brais, 6 Rue Hedy Lamarr",02 52 41 01 25,http://ar-peinture.fr/?utm_source=gmb,"4,8",-40
https://www.google.com/maps/place/Couvreur+Saint-Nazaire/data=!4m7!3m6!1s0x4805690892f73dab:0x790ee5e064330904!8m2!3d47.2595825!4d-2.2720309!16s%2Fg%2F11pzs9njgf!19sChIJqz33kghpBUgRBAkzZODlDnk?authuser=0&hl=fr&rclk=1,Couvreur Saint-Nazaire,Couvreur,25 Rue de l'Étoile du Matin,07 77 23 96 41,,5,-3
https://www.google.com/maps/place/MAISON+DE+L%27ENTREPRISE/data=!4m7!3m6!1s0x48056543b77e1d4b:0x655d644367e9a44a!8m2!3d47.2857317!4d-2.2098415!16s%2Fg%2F11l6dkb9f4!19sChIJSx1-t0NlBUgRSqTpZ0NkXWU?authuser=0&hl=fr&rclk=1,MAISON DE L'ENTREPRISE,Association ou organisation,·,02 49 92 92 00,https://mde-stnazaire.fr/,"4,6",-14
https://www.google.com/maps/place/CRS+couverture/data=!4m7!3m6!1s0x9c117c6e2d8cbb1:0xc12c904f787cd5fc!8m2!3d47.251867!4d-2.1625076!16s%2Fg%2F11qgdf48j5!19sChIJscvY4sYXwQkR_NV8eE-QLME?authuser=0&hl=fr&rclk=1,CRS couverture,Couvreur,179 Av. Raymond Poincaré,06 76 97 51 76,,"4,6",-22
https://www.google.com/maps/place/SARL+Couverture+Bollor%C3%A9/data=!4m7!3m6!1s0x48056741c7aedbed:0x23a2427ec86ada0d!8m2!3d47.3061923!4d-2.302396!16s%2Fg%2F1vgx03g_!19sChIJ7duux0FnBUgRDdpqyH5CoiM?authuser=0&hl=fr&rclk=1,SARL Couverture Bolloré,Couvreur,21 Rue des Ménos,02 40 01 25 69,https://www.couverturebollore.fr/,"4,2",-5
https://www.google.com/maps/place/Cynatoit/data=!4m7!3m6!1s0x400de79214e9d13b:0xddfb6ecb12da77af!8m2!3d47.2850318!4d-1.995096!16s%2Fg%2F11wr3l3z74!19sChIJO9HpFJLnDUARr3faEstu-90?authuser=0&hl=fr&rclk=1,Cynatoit,Entreprise d'étanchéité,·,06 02 34 93 75,https://www.cynatoit.fr/?utm_source=gmb,"4,9",-15
https://www.google.com/maps/place/CHARPENTIER+-+ATOUT+BOIS/data=!4m7!3m6!1s0x9539df09f9fbff:0x1c61f8dd925262d9!8m2!3d47.2367436!4d-2.1710592!16s%2Fg%2F11smwf_c1r!19sChIJ__v5Cd85lQAR2WJSkt34YRw?authuser=0&hl=fr&rclk=1,CHARPENTIER - ATOUT BOIS,Charpentier,15 All. du Béa,06 12 63 10 35,http://atoutboischarpentier.webador.fr/,,
https://www.google.com/maps/place/AF+Nettoyage/data=!4m7!3m6!1s0x6fc30ebe8ae6e7dd:0x46bfdc45e527bdec!8m2!3d47.2505184!4d-1.8947278!16s%2Fg%2F11y3sjlnj3!19sChIJ3efmir4Ow28R7L0n5UXcv0Y?authuser=0&hl=fr&rclk=1,AF Nettoyage,Artisanat,·,07 71 10 05 67,https://www.afnettoyage44.fr/,"4,4",-10
https://www.google.com/maps/place/Breizh+Renov+29/data=!4m7!3m6!1s0xaad163e7e0a13b3b:0xa085099d9bd0e763!8m2!3d47.877556!4d-3.919689!16s%2Fg%2F11v0ghs0x4!19sChIJOzuh4Odj0aoRY-fQm50JhaA?authuser=0&hl=fr&rclk=1,Breizh Renov 29,Couvreur,79 Avenue de la Gare,02 90 94 36 30,https://www.google.com/aclk?sa=L&ai=DChsSEwiVkPq5h76UAxUtT0ECHZnYLvIYACICCAEQCxoCd3M&co=1&ase=2&gclid=CjwKCAjwq6DQBhBVEiwA4ZD5XAZdTyDjhM3an_8hzRq0UkABG8YSuU7gFUH7go8va0XEdzfkyv9LmRoC2lMQAvD_BwE&cce=2&category=acrcp_v1_32&sig=AOD64_1CcQlxuT_oFa7olxgWfibdkll1ww&adurl&q&ctype=99&nis=6,"4,7",-47
https://www.google.com/maps/place/MURPROTEC+QUIMPER/data=!4m7!3m6!1s0x4810d59f430d8451:0xe4fbf43f4e9da88b!8m2!3d47.987837!4d-4.091888!16s%2Fg%2F11h804tdg1!19sChIJUYQNQ5_VEEgRi6idTj_0--Q?authuser=0&hl=fr&rclk=1,MURPROTEC QUIMPER,Centre de diagnostic,20 Avenue Yves Thépot,02 98 53 18 82,https://www.google.com/aclk?sa=L&ai=DChsSEwiVkPq5h76UAxUtT0ECHZnYLvIYACICCAEQABoCd3M&co=1&ase=2&gclid=CjwKCAjwq6DQBhBVEiwA4ZD5XDopwFWTmtOC6U0nAyhW8Ts2gS1GfYhSzl7E3LC4owRirfoSJGygxhoClLEQAvD_BwE&cce=2&category=acrcp_v1_32&sig=AOD64_0RyWfeeDuBN0Pvd6MrEbVQU4tQgA&adurl&q&ctype=99&nis=6,"4,2",-92
https://www.google.com/maps/place/Tyzol/data=!4m7!3m6!1s0x4810d42529e2c237:0x4cebf97bbd5817ce!8m2!3d47.95749!4d-4.0819313!16s%2Fg%2F11hyl5_t19!19sChIJN8LiKSXUEEgRzhdYvXv560w?authuser=0&hl=fr&rclk=1,Tyzol,Entrepreneur spécialisé dans l'isolation,·,02 98 64 08 39,http://tyzol.fr/,"4,7",-55
https://www.google.com/maps/place/B+A+BOIS/data=!4m7!3m6!1s0x481129ed934efe13:0x7a2f0a15f169c2f0!8m2!3d48.023699!4d-4.067938!16s%2Fg%2F11dfswshkf!19sChIJE_5Ok-0pEUgR8MJp8RUKL3o?authuser=0&hl=fr&rclk=1,B A BOIS,Charpentier,169 Chem. de Penhoat,02 29 20 59 98,http://www.b-a-bois.com/,5,-8
https://www.google.com/maps/place/SOPREMA+Entreprises+et+services+SOPRASSISTANCE/data=!4m7!3m6!1s0x48112827f1ddff87:0x5c1c558b4dd86d06!8m2!3d47.9968479!4d-4.0318603!16s%2Fg%2F1tgfcryx!19sChIJh__d8ScoEUgRBm3YTYtVHFw?authuser=0&hl=fr&rclk=1,SOPREMA Entreprises et services SOPRASSISTANCE,Entrepreneur spécialisé dans l'isolation,·,02 98 59 67 85,https://www.soprema-entreprises.fr/entite/agence/entreprise-etancheite-quimper/?utm_source=gmb,"3,3",-15
https://www.google.com/maps/place/COUVREURS+DE+L%27OUEST+Quimper/data=!4m7!3m6!1s0x4810d50bf2a07cb5:0x7395823e797b5eaf!8m2!3d47.986593!4d-4.1250846!16s%2Fg%2F11ygqwkd4p!19sChIJtXyg8gvVEEgRr157eT6ClXM?authuser=0&hl=fr&rclk=1,COUVREURS DE L'OUEST Quimper,Couvreur,14 Rue du Maine,06 80 02 61 51,,"4,8",-6
https://www.google.com/maps/place/SAS+SBE/data=!4m7!3m6!1s0x4810d5e74ac36243:0x6d71c9555d53d9fe!8m2!3d47.9755906!4d-4.074575!16s%2Fg%2F11z58q_5fn!19sChIJQ2LDSufVEEgR_tlTXVXJcW0?authuser=0&hl=fr&rclk=1,SAS SBE,Entreprise d'étanchéité,42 Av. de Kéradennec,06 78 29 07 67,https://www.sas-sbe.fr/,,
https://www.google.com/maps/place/OB+EGA/data=!4m7!3m6!1s0x4810d5d71e9995dd:0x8b37278d9262bbd4!8m2!3d47.9750862!4d-4.0758399!16s%2Fg%2F1tkv94x3!19sChIJ3ZWZHtfVEEgR1Ltiko0nN4s?authuser=0&hl=fr&rclk=1,OB EGA,Entreprise de construction,·,02 98 90 22 36,https://www.ob-ega.fr/,"4,6",-40
https://www.google.com/maps/place/LV+R%C3%A9novation/data=!4m7!3m6!1s0x4810d7769dab1a43:0xeef62e5f2fdaa04d!8m2!3d47.997688!4d-4.04656!16s%2Fg%2F11ghv8lpq2!19sChIJQxqrnXbXEEgRTaDaL18u9u4?authuser=0&hl=fr&rclk=1,LV Rénovation,Entrepreneur spécialisé dans l'isolation,·,02 97 48 63 31,https://www.lv-renovation.fr/,"4,6",-46
https://www.google.com/maps/place/RTR+COUVERTURE+PEINTRE+QUIMPER/data=!4m7!3m6!1s0x4810d53f70268093:0x4cd8a4944e7cd1b2!8m2!3d47.9923256!4d-4.0802834!16s%2Fg%2F11rtqw0fdh!19sChIJk4AmcD_VEEgRstF8TpSk2Ew?authuser=0&hl=fr&rclk=1,RTR COUVERTURE PEINTRE QUIMPER,Couvreur,"Centre d’Affaires LIBERATION, 92 Av. de la Libération",07 50 03 71 82,https://www.rtr-couverture.fr/,"4,7",-57
https://www.google.com/maps/place/M.Egatop/data=!4m7!3m6!1s0x4810d50c2ea70a85:0xf4a729d657dc68c4!8m2!3d47.9882937!4d-4.079026!16s%2Fg%2F11h26b2m4x!19sChIJhQqnLgzVEEgRxGjcV9Ypp_Q?authuser=0&hl=fr&rclk=1,M.Egatop,Couvreur,70 Rue de la Tour d'Auvergne,07 87 57 21 78,https://www.megatop-quimper.fr/,"3,3",-12
https://www.google.com/maps/place/QU%C3%89M%C3%89R%C3%89/data=!4m7!3m6!1s0x4810d70ad1959839:0x834990fedd5f8544!8m2!3d47.9684957!4d-4.0044357!16s%2Fg%2F1w34600v!19sChIJOZiV0QrXEEgRRIVf3f6QSYM?authuser=0&hl=fr&rclk=1,QUÉMÉRÉ,Couvreur,·,09 70 35 59 92,http://www.quemere-couverture.fr/?utm_medium=referral&utm_source=gmb&utm_campaign=lnk-gmb,"3,8",-31
https://www.google.com/maps/place/Le+Baron/data=!4m7!3m6!1s0x4810d7ac11ed3ed3:0x179fb273298c5fd0!8m2!3d47.9766513!4d-4.0232463!16s%2Fg%2F1tct83g0!19sChIJ0z7tEazXEEgR0F-MKXOynxc?authuser=0&hl=fr&rclk=1,Le Baron,Entreprise de construction,·,02 98 94 67 68,https://lebaron.bzh/,"4,8",-4
https://www.google.com/maps/place/SEBACO/data=!4m7!3m6!1s0x4810d6247ca48119:0x5990e49a70ed8b64!8m2!3d48.0016164!4d-4.0475958!16s%2Fg%2F1tdz46wx!19sChIJGYGkfCTWEEgRZIvtcJrkkFk?authuser=0&hl=fr&rclk=1,SEBACO,Entreprise de construction,·,02 98 66 70 70,http://www.groupesebaco.com/,"3,9",-16
https://www.google.com/maps/place/Couverture+Quimp%C3%A9roise/data=!4m7!3m6!1s0x4810d5220456c05d:0x20e083048cb0903e!8m2!3d47.9902274!4d-4.1107417!16s%2Fg%2F11swdm8_7d!19sChIJXcBWBCLVEEgRPpCwjASD4CA?authuser=0&hl=fr&rclk=1,Couverture Quimpéroise,Couvreur,2 Rue Haute,06 59 33 84 17,https://www.couverture-quimperoise.fr/,5,-11
https://www.google.com/maps/place/Artezinc+Couverture/data=!4m7!3m6!1s0x4810d75e4e9c3de1:0xde60cb586f351dd5!8m2!3d47.9862299!4d-4.046383!16s%2Fg%2F11l2xrlkjl!19sChIJ4T2cTl7XEEgR1R01b1jLYN4?authuser=0&hl=fr&rclk=1,Artezinc Couverture,Couvreur,·,02 30 14 02 78,https://www.artezinc-couverture.fr/,5,-20
https://www.google.com/maps/place/ATTILA+Quimper/data=!4m7!3m6!1s0x4810d5b63ec9ebab:0x12c66a2ba28ea6ab!8m2!3d47.9724808!4d-4.1355466!16s%2Fg%2F11j8vr1f9f!19sChIJq-vJPrbVEEgRq6aOoitqxhI?authuser=0&hl=fr&rclk=1,ATTILA Quimper,Couvreur,·,02 57 56 00 20,https://www.attila.fr/nos-agences/attila-quimper/,"4,1",-17
https://www.google.com/maps/place/BOUGAIN/data=!4m7!3m6!1s0x48112a2e1fda5581:0x5a38b613d723c63c!8m2!3d48.0485637!4d-4.0958472!16s%2Fg%2F1vgqch8v!19sChIJgVXaHy4qEUgRPMYj1xO2OFo?authuser=0&hl=fr&rclk=1,BOUGAIN,Couvreur,23 Rte de Pont Quéau,06 60 55 52 41,https://www.couverture-isolation-quimper.fr/,5,-5
https://www.google.com/maps/place/%C3%89cologie+et+Mat%C3%A9riaux/data=!4m7!3m6!1s0x4811281f65f8e233:0xf9386780b69a28f4!8m2!3d47.9817948!4d-4.0314243!16s%2Fg%2F11btysvsmb!19sChIJM-L4ZR8oEUgR9CiatoBnOPk?authuser=0&hl=fr&rclk=1,Écologie et Matériaux,Magasin de materiaux de construction,·,09 72 52 09 93,https://www.ecologie-materiaux.fr/,"4,9",-22
https://www.google.com/maps/place/Cap+Artisans/data=!4m7!3m6!1s0x4810d7720cac17d3:0x1d08c4d1dd10d930!8m2!3d47.9985531!4d-4.074453!16s%2Fg%2F11c2p1rf4l!19sChIJ0xesDHLXEEgRMNkQ3dHECB0?authuser=0&hl=fr&rclk=1,Cap Artisans,Travaux généraux,"Ouest, ZI de l'hippodrome, 18 Rue Dr Picquenard",02 55 47 30 01,https://www.capartisans.fr/?utm_source=gmb,"4,3",-57
https://www.google.com/maps/place/Duponchel+Bois/data=!4m7!3m6!1s0x4810d59b3ef8b7e7:0x6880814e29446c7a!8m2!3d47.9957968!4d-4.114996!16s%2Fg%2F12cp9xdft!19sChIJ57f4PpvVEEgRemxEKU6BgGg?authuser=0&hl=fr&rclk=1,Duponchel Bois,Charpentier,38 Av. des Glénan,06 72 67 32 75,,,
https://www.google.com/maps/place/Lariviere/data=!4m7!3m6!1s0x4810d607f5da85b9:0x39320964c7e3de60!8m2!3d47.997708!4d-4.077227!16s%2Fg%2F1tptp_xd!19sChIJuYXa9QfWEEgRYN7jx2QJMjk?authuser=0&hl=fr&rclk=1,Lariviere,Magasin de materiaux de construction,·,02 98 90 74 00,https://www.lariviere.fr/trouver-votre-agence/lariviere-SEB/entry-444-lariviere-quimper.html,"4,5",-10
https://www.google.com/maps/place/Breizh+Renov+29/data=!4m7!3m6!1s0xaad163e7e0a13b3b:0xa085099d9bd0e763!8m2!3d47.877556!4d-3.919689!16s%2Fg%2F11v0ghs0x4!19sChIJOzuh4Odj0aoRY-fQm50JhaA?authuser=0&hl=fr&rclk=1,Breizh Renov 29,Couvreur,79 Avenue de la Gare,02 90 94 36 30,https://www.google.com/aclk?sa=L&ai=DChsSEwiBt_TLh76UAxX-gnwGHasAD70YACICCAEQBRoCd3M&co=1&ase=2&gclid=CjwKCAjwq6DQBhBVEiwA4ZD5XN03SgGw2zVxYX-w_LZnJjFdVqSS6MiEgNXQAdFhOszpwHU3mK5f_hoCG7EQAvD_BwE&cce=2&category=acrcp_v1_32&sig=AOD64_3jXl3MWLzwpRRLo-0JvZDRFtzhwQ&adurl&q&ctype=99&nis=6,"4,7",-47
https://www.google.com/maps/place/Oriance/data=!4m7!3m6!1s0x4810d5e2f5c95ba9:0x14935b9381c0aa4!8m2!3d48.003024!4d-4.084938!16s%2Fg%2F1hc2g195k!19sChIJqVvJ9eLVEEgRpAocOLk1SQE?authuser=0&hl=fr&rclk=1,Oriance,Fournisseur de fenêtres,81 Route de Brest,02 98 10 98 98,https://www.google.com/aclk?sa=L&ai=DChsSEwiBt_TLh76UAxX-gnwGHasAD70YACICCAEQBxoCd3M&co=1&ase=2&gclid=CjwKCAjwq6DQBhBVEiwA4ZD5XFJ5ufST8CesTXzs-LJCthrHgY1BXZ0EB180RAOf17JGrtoGmKtdFxoCGk8QAvD_BwE&cce=2&category=acrcp_v1_32&sig=AOD64_0laHdTpbOk7eHpbOpoukLzAj6Hkw&adurl&q&ctype=99&nis=6,"4,7",-196
https://www.google.com/maps/place/GRILLOT+COUVREUR+ERGUE+GABERIC+QUIMPER+RAVALEMENT+PEINTURE/data=!4m7!3m6!1s0x4810d78a5a29eb1b:0xe23386455aada93d!8m2!3d48.2273955!4d-4.2639352!16s%2Fg%2F11j4ww0550!19sChIJG-spWorXEEgRPamtWkWGM-I?authuser=0&hl=fr&rclk=1,GRILLOT COUVREUR ERGUE GABERIC QUIMPER RAVALEMENT PEINTURE,Couvreur,·,06 62 56 71 23,http://www.grillotpeinture29.com/,"4,9",-15
https://www.google.com/maps/place/Guiriec+Couverture/data=!4m7!3m6!1s0x4810d678b18dbb0f:0x2a0c8034cf067292!8m2!3d47.9736961!4d-4.0719182!16s%2Fg%2F1hc2632k8!19sChIJD7uNsXjWEEgRknIGzzSADCo?authuser=0&hl=fr&rclk=1,Guiriec Couverture,Couvreur,·,02 98 56 83 49,https://www.guiriec-couverture.fr/,"4,5",-8
https://www.google.com/maps/place/H%26N+TRAD%2729/data=!4m7!3m6!1s0x4810d609214cb119:0xb95b7e8df5806493!8m2!3d47.9616735!4d-4.1508955!16s%2Fg%2F11cffc6py!19sChIJGbFMIQnWEEgRk2SA9Y1-W7k?authuser=0&hl=fr&rclk=1,H&N TRAD'29,Entreprise de construction,·,06 61 75 06 81,https://www.batiment-quimper.fr/,3,-2
https://www.google.com/maps/place/Cambona+Christian+EURL/data=!4m7!3m6!1s0x4810d60e04e44dc9:0x4df23a080a84e293!8m2!3d47.994238!4d-4.06475!16s%2Fg%2F11btlskkh5!19sChIJyU3kBA7WEEgRk-KECgg68k0?authuser=0&hl=fr&rclk=1,Cambona Christian EURL,Couvreur,"Zone Artisanale Le, Rte du Cleuyou",02 98 82 54 81,https://www.pagesjaunes.fr/pros/50258491,"4,9",-17
https://www.google.com/maps/place/KORNOG/data=!4m7!3m6!1s0x48172bfed2dad587:0x3055cdc818994ee2!8m2!3d47.9611242!4d-4.1513492!16s%2Fg%2F11fjtqhf0c!19sChIJh9Xa0v4rF0gR4k6ZGMjNVTA?authuser=0&hl=fr&rclk=1,KORNOG,Couvreur,34 Hent Penhoat Braz,02 98 82 64 25,http://kornog-couverture.com/,"4,8",-18
https://www.google.com/maps/place/SMAC/data=!4m7!3m6!1s0x4810d5b2bd462a5f:0xebd1f332d54684ff!8m2!3d47.9626742!4d-4.1484935!16s%2Fg%2F11ychrfz_q!19sChIJXypGvbLVEEgR_4RG1TLz0es?authuser=0&hl=fr&rclk=1,SMAC,Entrepreneur spécialisé dans l'isolation,"Rovaltain TGV, 20 Hent Penhoat Braz",02 96 78 74 62,https://www.smac-sa.com/agence/smac-quimper/?utm_source=gmb,5,-22
https://www.google.com/maps/place/Ouvrans/data=!4m7!3m6!1s0x4810d521c4c4fa07:0x1ef46181e48df41c!8m2!3d47.9700177!4d-4.1397091!16s%2Fg%2F1tf23gyb!19sChIJB_rExCHVEEgRHPSN5IFh9B4?authuser=0&hl=fr&rclk=1,Ouvrans,Couvreur,"3 Rue Jean Cam, Zone artisanale de, Bel air",02 98 55 07 75,https://ouvrans.fr/,3,-17
https://www.google.com/maps/place/SARL+ACAR/data=!4m7!3m6!1s0x4810d7b4c9b45105:0x7aa8e57c0f0d8820!8m2!3d48.038575!4d-4.073562!16s%2Fg%2F11rgh4bwcg!19sChIJBVG0ybTXEEgRIIgND3zlqHo?authuser=0&hl=fr&rclk=1,SARL ACAR,Maçon,449 Rte de Brest,02 98 59 77 46,https://sarlacar.wordpress.com/,,
https://www.google.com/maps/place/Lecaplain+Couverture/data=!4m7!3m6!1s0x4810d6e8e06e98cd:0x8feed7c9904e0932!8m2!3d47.953277!4d-4.038646!16s%2Fg%2F11p0mh8vtj!19sChIJzZhu4OjWEEgRMglOkMnX7o8?authuser=0&hl=fr&rclk=1,Lecaplain Couverture,Couvreur,432 Rte de Concarneau,02 98 95 03 18,https://www.lecaplain-couverture.fr/contact,,
https://www.google.com/maps/place/Tyvol/data=!4m7!3m6!1s0x4810d539fdff17ff:0x71ee9f836b3f2df3!8m2!3d47.95749!4d-4.0819313!16s%2Fg%2F11l5h5vtrh!19sChIJ_xf__TnVEEgR8y0_a4Of7nE?authuser=0&hl=fr&rclk=1,Tyvol,Service de nettoyage et d'entretien,396 Rte de Bénodet,02 98 64 08 39,https://www.tyvol.fr/,"4,8",-13
https://www.google.com/maps/place/ARTEBOIS+CONSTRUCTION/data=!4m7!3m6!1s0xa39af481fc1f6163:0x7f09839014e468f6!8m2!3d47.876995!4d-3.8900074!16s%2Fg%2F11ltm_0wy7!19sChIJY2Ef_IH0mqMR9mjkFJCDCX8?authuser=0&hl=fr&rclk=1,ARTEBOIS CONSTRUCTION,Charpentier,·,07 66 41 61 53,https://arte-bois.fr/,5,-3
https://www.google.com/maps/place/Sinquin+Couverture/data=!4m7!3m6!1s0x4810d7109c4306b1:0x5379736e4bcd989!8m2!3d47.9509663!4d-4.0225285!16s%2Fg%2F11mx4bqwfw!19sChIJsQZDnBDXEEgRidm85DaXNwU?authuser=0&hl=fr&rclk=1,Sinquin Couverture,Couvreur,1 Rte de Mouster Coat,06 34 48 15 00,https://www.facebook.com/Sinquin-Couverture-106857011487396/?ref=page_internal,"3,5",-2
https://www.google.com/maps/place/fb+menuiserie+-+pose+agencement+r%C3%A9novation/data=!4m7!3m6!1s0x7fd7718d74f5a2f:0x9b1ec63c5c63fff7!8m2!3d47.9276352!4d-4.1560226!16s%2Fg%2F11qg_rbg5f!19sChIJL1pP1xh3_QcR9_9jXDzGHps?authuser=0&hl=fr&rclk=1,fb menuiserie - pose agencement rénovation,Menuisier,·,07 62 12 69 61,,5,-4
https://www.google.com/maps/place/FEN%C3%8ATRES+DE+TOIT+29/data=!4m7!3m6!1s0x4816def958ed1153:0x7eba9b3deb98d7f7!8m2!3d48.0325493!4d-4.2290731!16s%2Fg%2F11btmqt30f!19sChIJUxHtWPneFkgR99eY6z2bun4?authuser=0&hl=fr&rclk=1,FENÊTRES DE TOIT 29,Couvreur,kerandereat,06 75 52 65 44,http://www.fenetresdetoit29.fr/,"4,3",-19
https://www.google.com/maps/place/Au+Confort+Du+Toit/data=!4m7!3m6!1s0x48172be418a1ea0f:0xc13410a9018453d1!8m2!3d47.9417079!4d-4.1713057!16s%2Fg%2F11h1vf8th9!19sChIJD-qhGOQrF0gR0VOEAakQNME?authuser=0&hl=fr&rclk=1,Au Confort Du Toit,Couvreur,61 Rte de Pont l'Abbé,02 98 90 65 29,https://www.auconfortdutoit29.bzh/demande-de-devis.html,"3,8",-20
https://www.google.com/maps/place/Leroy+Merlin+Quimper/data=!4m7!3m6!1s0x48112a1332b4a8c7:0x80b140b82ddc5a30!8m2!3d48.0199751!4d-4.1023046!16s%2Fg%2F11bw21brd4!19sChIJx6i0MhMqEUgRMFrcLbhAsYA?authuser=0&hl=fr&rclk=1,Leroy Merlin Quimper,Magasin de materiaux de construction,·,02 98 76 93 30,https://www.leroymerlin.fr/magasins/quimper.html,"3,9",-3 610
https://www.google.com/maps/place/Sarl+Barr%C3%A9/data=!4m7!3m6!1s0x48172b31d6fe83e7:0x2ba382e47f08a538!8m2!3d47.9553835!4d-4.1690014!16s%2Fg%2F11skvtlh0z!19sChIJ54P-1jErF0gROKUIf-SCoys?authuser=0&hl=fr&rclk=1,Sarl Barré,,,02 98 54 57 78,https://barre-charpente-menuiserie.fr/,5,-1
https://www.google.com/maps/place/Lecaplain+Couverture/data=!4m7!3m6!1s0x4810d6e91c779add:0x3b73e109f0a65190!8m2!3d47.9981634!4d-4.0971964!16s%2Fg%2F1xcbp0bb!19sChIJ3Zp3HOnWEEgRkFGm8Anhczs?authuser=0&hl=fr&rclk=1,Lecaplain Couverture,Couvreur,,06 86 91 17 93,https://www.lecaplain-couverture.fr/contact?utm_source=gmb,"4,8",-16
https://www.google.com/maps/place/Daoudal/data=!4m7!3m6!1s0x48112ecc567928af:0x34e3804aafc28176!8m2!3d48.0909638!4d-4.0585736!16s%2Fg%2F11y622pcx0!19sChIJryh5VswuEUgRdoHCr0qA4zQ?authuser=0&hl=fr&rclk=1,Daoudal,Entreprise d'étanchéité,Kerroc street H,06 37 72 64 72,http://le-quilliec-daoudal-couverture-lpa.fr/,,
https://www.google.com/maps/place/Alu-Pliage/data=!4m7!3m6!1s0x4810d5b6d0bf603f:0xa92bf25ea42f278a!8m2!3d47.9714088!4d-4.1402463!16s%2Fg%2F11h2c5gbs3!19sChIJP2C_0LbVEEgRiicvpF7yK6k?authuser=0&hl=fr&rclk=1,Alu-Pliage,Atelier de métallerie,·,02 98 83 83 33,http://www.alu-pliage.fr/,"4,3",-9
https://www.google.com/maps/place/ECOAT/data=!4m7!3m6!1s0x4810d025a02ea2bb:0x96fd5cd58ceb9b4c!8m2!3d47.859674!4d-3.99853!16s%2Fg%2F11cs3v99mh!19sChIJu6IuoCXQEEgRTJvrjNVc_ZY?authuser=0&hl=fr&rclk=1,ECOAT,Entreprise de construction,·,06 88 81 43 52,http://ecoat-charpente.fr/,5,-1
https://www.google.com/maps/place/LMFK+charpente+%2F+menuiserie/data=!4m7!3m6!1s0x48112343aa834947:0x258323b6b9428806!8m2!3d48.1015658!4d-4.0272547!16s%2Fg%2F11j9721_w5!19sChIJR0mDqkMjEUgRBohCubYjgyU?authuser=0&hl=fr&rclk=1,LMFK charpente / menuiserie,Charpentier,Zone artisanal des pays bas,06 38 88 59 65,https://www.lmfk-29.fr/,"4,8",-15
https://www.google.com/maps/place/Valo+-+Qu%C3%A9net/data=!4m7!3m6!1s0x4816d537cac33faf:0x217827c9ab9c6053!8m2!3d48.0126459!4d-4.196226!16s%2Fg%2F11r9fhngqp!19sChIJrz_DyjfVFkgRU2Ccq8kneCE?authuser=0&hl=fr&rclk=1,Valo - Quénet,Peintre en bâtiment,ZA de Kergaben,06 63 33 13 71,https://peinture-quimper.fr/,"3,7",-9
https://www.google.com/maps/place/TANGUY+G%C3%89RARD/data=!4m7!3m6!1s0x4816d55d98b78885:0x9f9b6eedb63c8c86!8m2!3d48.0119217!4d-4.1910204!16s%2Fg%2F1tklpz53!19sChIJhYi3mF3VFkgRhow8tu1um58?authuser=0&hl=fr&rclk=1,TANGUY GÉRARD,Entreprise de construction,·,06 61 40 60 16,https://www.menuiserietanguy.com/?utm_medium=referral&utm_source=gmb&utm_campaign=lnk-gmb,5,-10
https://www.google.com/maps/place/West+Alu/data=!4m7!3m6!1s0x4810d1b948442067:0xc1bf9ace13b2463!8m2!3d47.8635971!4d-4.0405805!16s%2Fg%2F11rj6494cx!19sChIJZyBESLnREEgRYyQ74az5Gww?authuser=0&hl=fr&rclk=1,West Alu,Fournisseur d'aluminium,·,06 32 90 25 30,https://www.west-alu.fr/,,
https://www.google.com/maps/place/Teckto+SARL/data=!4m7!3m6!1s0x4810d623a22c3b23:0xba407c35e073782e!8m2!3d47.9002463!4d-3.9083575!16s%2Fg%2F11bysjsm65!19sChIJIzssoiPWEEgRLnhz4DV8QLo?authuser=0&hl=fr&rclk=1,Teckto SARL,Entrepreneur spécialisé dans l'isolation,·,02 98 54 89 30,http://www.teckto.fr/,"4,8",-152
https://www.google.com/maps/place/AEB+Carhaix/data=!4m7!3m6!1s0x48110becb30ca09f:0x3c967798c3d39835!8m2!3d48.2846445!4d-3.5461838!16s%2Fg%2F11bzrjgxc7!19sChIJn6AMs-wLEUgRNZjTw5h3ljw?authuser=0&hl=fr&rclk=1,AEB Carhaix,Entreprise de construction,5 rue René Pleven,02 22 25 13 70,http://www.aeb.bzh/,"4,5",-13
https://www.google.com/maps/place/Flatr%C3%A8s+Jean-Philippe+menuiserie+charpente/data=!4m7!3m6!1s0x4810d0d0dba9f33b:0x260686219cf3d29d!8m2!3d47.8997251!4d-4.020145!16s%2Fg%2F1wj_sn_y!19sChIJO_Op29DQEEgRndLznCGGBiY?authuser=0&hl=fr&rclk=1,Flatrès Jean-Philippe menuiserie charpente,Charpentier,"3 espace, 3bis Kervihan",06 61 12 57 63,https://www.charpente-flatres.fr/,5,-30
https://www.google.com/maps/place/Bertholom+Couverture+Sarl/data=!4m7!3m6!1s0x4810dba359cfdc97:0xba72fd8f5b0ff436!8m2!3d47.9039522!4d-3.909408!16s%2Fg%2F1w0j3lt9!19sChIJl9zPWaPbEEgRNvQPW4_9cro?authuser=0&hl=fr&rclk=1,Bertholom Couverture Sarl,Entrepreneur spécialisé dans l'isolation,"zi de, Rue de Kersalé",02 98 97 59 08,http://www.bertholom-couverture.fr/,4,-14
https://www.google.com/maps/place/Cyril+Houck+Couverture/data=!4m7!3m6!1s0x4810db0d727af677:0x64cb32e18b65c772!8m2!3d47.901516!4d-3.942061!16s%2Fg%2F11f6l15wvf!19sChIJd_Z6cg3bEEgRcsdli-Eyy2Q?authuser=0&hl=fr&rclk=1,Cyril Houck Couverture,Couvreur,2 Chem. de Kersaby,06 50 38 36 21,http://chcouverture.net/,"4,2",-51
https://www.google.com/maps/place/Bois+Construction+Durable/data=!4m7!3m6!1s0x4810db3fe32128fd:0xd0cbb9fc1baaaa7a!8m2!3d47.9023781!4d-3.9024329!16s%2Fg%2F11b6djmxr_!19sChIJ_Sgh4z_bEEgReqqqG_y5y9A?authuser=0&hl=fr&rclk=1,Bois Construction Durable,Constructeur de maisons en bois,12 Rue Léopold Sédar Senghor,02 98 91 45 58,http://boisconstructiondurable.fr/,"4,5",-11
https://www.google.com/maps/place/Cornouaille+Am%C3%A9nagements/data=!4m7!3m6!1s0x4810dbb2e141d103:0x56d71298fb15f6df!8m2!3d47.8751985!4d-3.9281566!16s%2Fg%2F11fqd66kcj!19sChIJA9FB4bLbEEgR3_YV-5gS11Y?authuser=0&hl=fr&rclk=1,Cornouaille Aménagements,Maçon,·,06 03 11 56 80,https://www.facebook.com/Cornouaille-Amenagements-151796775491714,5,-9
https://www.google.com/maps/place/Scop+Rannou+et+associ%C3%A9s/data=!4m7!3m6!1s0x48112517db359f83:0x67551d5ea440f8fb!8m2!3d48.1082574!4d-3.9591315!16s%2Fg%2F11tp7yplph!19sChIJg5812xclEUgR-_hApF4dVWc?authuser=0&hl=fr&rclk=1,Scop Rannou et associés,Couvreur,50 Chem. de Goulitquer,06 65 60 98 56,,4,-4
https://www.google.com/maps/place/D.Jcouverture/data=!4m7!3m6!1s0x48172b9480c44b45:0x5706014318d74c35!8m2!3d47.8836625!4d-4.1473898!16s%2Fg%2F11qp55f67n!19sChIJRUvEgJQrF0gRNUzXGEMBBlc?authuser=0&hl=fr&rclk=1,D.Jcouverture,Couvreur,·,07 63 71 54 80,https://www.djcouverture.fr/,5,-8
https://www.google.com/maps/place/Ch%C3%A2teaulin+BOIS+%22l%27entrep%C3%B4t+du+bois%22/data=!4m7!3m6!1s0x4811316913e425d9:0xc65fd5d11dce39e8!8m2!3d48.207425!4d-4.0700812!16s%2Fg%2F11j930s2b0!19sChIJ2SXkE2kxEUgR6DnOHdHVX8Y?authuser=0&hl=fr&rclk=1,"Châteaulin BOIS ""l'entrepôt du bois""",Magasin de bricolage,·,02 98 81 93 15,https://www.chateaulin-bois.fr/,"4,9",-30
https://www.google.com/maps/place/Tole-Armor/data=!4m7!3m6!1s0x4810f69aa45cb73d:0xd6d02f84905e885a!8m2!3d47.807381!4d-3.4780658!16s%2Fg%2F1tfz9lhb!19sChIJPbdcpJr2EEgRWohekIQv0NY?authuser=0&hl=fr&rclk=1,Tole-Armor,Magasin de materiaux de construction,·,02 97 02 72 64,http://www.tole-armor.fr/?utm_source=gmb,"4,7",-72
https://www.google.com/maps/place/Renaud+Concept+Bois+-+Charpentier+Menuisier/data=!4m7!3m6!1s0x6ba1111cd9d15537:0x968f26f694b18f7e!8m2!3d47.871587!4d-3.5956973!16s%2Fg%2F11ry29b0cq!19sChIJN1XR2RwRoWsRfo-xlPYmj5Y?authuser=0&hl=fr&rclk=1,Renaud Concept Bois - Charpentier Menuisier,Charpentier,11 Rue Françoise Elie,06 99 29 43 85,http://www.renaudconceptbois.com/,5,-18
https://www.google.com/maps/place/B2S+Briand+Solution+Service/data=!4m7!3m6!1s0x4810d571023a43e3:0x556b59ef1a17a6b7!8m2!3d48.2995309!4d-4.1716498!16s%2Fg%2F11y4zfkm1w!19sChIJ40M6AnHVEEgRt6YXGu9Za1U?authuser=0&hl=fr&rclk=1,B2S Briand Solution Service,Couvreur,05 Rue de Domblans,07 64 38 87 18,http://b2s-couverture.fr/,5,-1
https://www.google.com/maps/place/ROCZ+Couverture/data=!4m7!3m6!1s0x64f0ea44a31ce555:0x18d01fbe723dbc19!8m2!3d48.2273955!4d-4.2639352!16s%2Fg%2F11xvs5zgsd!19sChIJVeUco0Tq8GQRGbw9cr4f0Bg?authuser=0&hl=fr&rclk=1,ROCZ Couverture,Couvreur,·,07 62 47 56 49,https://www.roczcouverture.fr/,5,-1
https://www.google.com/maps/place/Pon%C3%A7age+Parquet+Bretagne+-+Quimper/data=!4m7!3m6!1s0x4810d5d96509a7ef:0x2bec42c3430ad127!8m2!3d47.932585!4d-4.0643831!16s%2Fg%2F11pxlvkg45!19sChIJ76cJZdnVEEgRJ9EKQ8NC7Cs?authuser=0&hl=fr&rclk=1,Ponçage Parquet Bretagne - Quimper,Service de pose de parquet,·,02 21 08 00 42,https://poncage-parquet-quimper.fr/,,
https://www.google.com/maps/place/Clem+couverture+29/data=!4m7!3m6!1s0xa47bfa6f81c0ba03:0xae42acb80c947e02!8m2!3d47.9057775!4d-4.113817!16s%2Fg%2F11ydz4ks8_!19sChIJA7rAgW_6e6QRAn6UDLisQq4?authuser=0&hl=fr&rclk=1,Clem couverture 29,Couvreur,·,06 30 78 52 32,https://www.clemcouverture29.fr/?utm_source=google&utm_medium=wix_google_business_profile&utm_campaign=14329823397315421363,5,-32
https://www.google.com/maps/place/Lucas+charpente+bois/data=!4m7!3m6!1s0x48172fb90da5c321:0x1589d88a5b78622e!8m2!3d47.87243!4d-4.237358!16s%2Fg%2F11z361722f!19sChIJIcOlDbkvF0gRLmJ4W4rYiRU?authuser=0&hl=fr&rclk=1,Lucas charpente bois,Charpentier,6 ZA de Kerganet,02 30 99 94 85,https://www.facebook.com/profile.php?id=61551721487374,,
https://www.google.com/maps/place/Sarl+Arnaud+Bouny/data=!4m7!3m6!1s0x4810d60cc536efc3:0x53e7288e47cee1ba!8m2!3d47.9896207!4d-4.1044504!16s%2Fg%2F1tdxdpds!19sChIJw-82xQzWEEgRuuHOR44o51M?authuser=0&hl=fr&rclk=1,Sarl Arnaud Bouny,Électricien,20 Rue Guillaume Bougeant,02 98 91 82 70,,5,-7
https://www.google.com/maps/place/Avenir+R%C3%A9novations+69+Mions/data=!4m7!3m6!1s0x47f4c5555f4fa031:0x8fabf00c62d6b883!8m2!3d45.664871!4d4.964497!16s%2Fg%2F11j1sr8h8x!19sChIJMaBPX1XF9EcRg7jWYgzwq48?authuser=0&hl=fr&rclk=1,Avenir Rénovations 69 Mions,Travaux généraux,17 Rue du Penon,04 81 68 28 90,https://www.google.com/aclk?sa=L&ai=DChsSEwjN1-OAiL6UAxWSoGgJHfkAHoEYACICCAEQAxoCd2Y&co=1&ase=2&gclid=CjwKCAjwq6DQBhBVEiwA4ZD5XMQVb-hEzCvMH4dD9nu_EqzmqZ5Fs6AernVGkGCnIDKiq8XHJwnqrhoCeTMQAvD_BwE&cce=2&category=acrcp_v1_32&sig=AOD64_2L3cr6VvYnqts5fmjB3EF8t4N7PA&adurl&q&ctype=99&nis=6,"4,2",-17
https://www.google.com/maps/place/RS+BAT+-+R%C3%A9novation+%26+Solutions+B%C3%A2timent+RGE/data=!4m7!3m6!1s0x47f4c35d8a923fb7:0x7bda93f8215099d7!8m2!3d45.690512!4d4.87282!16s%2Fg%2F11w82b_txw!19sChIJtz-Sil3D9EcR15lQIfiT2ns?authuser=0&hl=fr&rclk=1,RS BAT - Rénovation & Solutions Bâtiment RGE,Entrepreneur spécialisé dans l'isolation,63 Rue des Martyrs de la Résistance,06 09 10 45 82,https://www.google.com/aclk?sa=L&ai=DChsSEwjN1-OAiL6UAxWSoGgJHfkAHoEYACICCAEQBhoCd2Y&co=1&ase=2&gclid=CjwKCAjwq6DQBhBVEiwA4ZD5XONCy71z9zVPMj_ODGQ91GlRKhkrM7zuKJEBoIWfQxMcNP8jZnlIsRoC5nYQAvD_BwE&cce=2&category=acrcp_v1_32&sig=AOD64_0IkYLl_Te_83MB9F6tDj88bmb_8Q&adurl&q&ctype=99&nis=6,"4,8",-10
https://www.google.com/maps/place/RS+BAT+-+R%C3%A9novation+%26+Solutions+B%C3%A2timent+RGE/data=!4m7!3m6!1s0x47f4c35d8a923fb7:0x7bda93f8215099d7!8m2!3d45.690512!4d4.8728202!16s%2Fg%2F11w82b_txw!19sChIJtz-Sil3D9EcR15lQIfiT2ns?authuser=0&hl=fr&rclk=1,RS BAT - Rénovation & Solutions Bâtiment RGE,Entrepreneur spécialisé dans l'isolation,63 Rue des Martyrs de la Résistance,06 09 10 45 82,https://www.rsbat.fr/,"4,8",-10
https://www.google.com/maps/place/MJP+Bardage/data=!4m7!3m6!1s0x47f4c42bfccd43f7:0x17b90886909915b6!8m2!3d45.6824692!4d4.919166!16s%2Fg%2F11b6dgks31!19sChIJ90PN_CvE9EcRthWZkIYIuRc?authuser=0&hl=fr&rclk=1,MJP Bardage,Entrepreneur spécialisé dans l'isolation,11 Av. de l'Industrie,04 37 45 09 84,https://www.mjp-bardage.fr/,2,-4
https://www.google.com/maps/place/Ets+J.+Corne+%26+Cie/data=!4m7!3m6!1s0x47f4c2015abcdd95:0x3d90bd90432ac9ad!8m2!3d45.7201745!4d4.8701296!16s%2Fg%2F1tzly99s!19sChIJld28WgHC9EcRrckqQ5C9kD0?authuser=0&hl=fr&rclk=1,Ets J. Corne & Cie,Négociant en bois,·,04 78 75 84 66,http://www.corne-et-cie.fr/,"4,7",-98
https://www.google.com/maps/place/Ayvali/data=!4m7!3m6!1s0x47f4c38c3b5e787f:0x72864de768829b3b!8m2!3d45.7171132!4d4.8649771!16s%2Fg%2F11fsz_38nn!19sChIJf3heO4zD9EcRO5uCaOdNhnI?authuser=0&hl=fr&rclk=1,Ayvali,Façadier,·,04 72 37 70 90,https://www.ayvali.fr/,"4,9",-65
https://www.google.com/maps/place/AGBE+%C3%89TANCH%C3%89IT%C3%89-BARDAGE/data=!4m7!3m6!1s0x47f4c1d9b5a39387:0xb87315a3f1c8a6e7!8m2!3d45.7514806!4d4.8731911!16s%2Fg%2F11khzp8yj7!19sChIJh5OjtdnB9EcR56bI8aMVc7g?authuser=0&hl=fr&rclk=1,AGBE ÉTANCHÉITÉ-BARDAGE,Entrepreneur spécialisé dans l'isolation,11 Rue Domrémy,06 59 98 73 25,https://www.agbe-etancheite-bardage.fr/contact,5,-2
https://www.google.com/maps/place/Isologique/data=!4m7!3m6!1s0x47f4eaac23e48b61:0x7dabe707119d2ced!8m2!3d45.7085228!4d4.8650956!16s%2Fg%2F11btmr51tl!19sChIJYYvkI6zq9EcR7SydEQfnq30?authuser=0&hl=fr&rclk=1,Isologique,Entrepreneur spécialisé dans l'isolation,11 Av. de la République Batiment B,06 63 17 62 79,http://www.isologique.fr/,5,-5
https://www.google.com/maps/place/DESCASYSTEM/data=!4m7!3m6!1s0x47f4c20596f83f89:0x5f6acc5b6d8ed82!8m2!3d45.7157707!4d4.8703193!16s%2Fg%2F1tc_dlyk!19sChIJiT_4lgXC9EcRgu3YtsWs9gU?authuser=0&hl=fr&rclk=1,DESCASYSTEM,Fournisseur de matériaux de construction,·,04 78 78 50 50,http://www.descasystem.fr/,"4,1",-9
https://www.google.com/maps/place/EC+Etanche/data=!4m7!3m6!1s0x47f4c224eed00001:0x838c9cc1d682b8d!8m2!3d45.7154567!4d4.8928067!16s%2Fg%2F11s0x7k_lt!19sChIJAQDQ7iTC9EcRjStoHczJOAg?authuser=0&hl=fr&rclk=1,EC Etanche,Couvreur,388 Av. Charles de Gaulle,04 28 38 35 79,https://www.ec-etanche.fr/contact/,5,-1
https://www.google.com/maps/place/QUALI+ECO/data=!4m7!3m6!1s0x47f4c3c371db6979:0x1123558b76106891!8m2!3d45.6895916!4d4.9318266!16s%2Fg%2F1td64ngn!19sChIJeWnbccPD9EcRkWgQdotVIxE?authuser=0&hl=fr&rclk=1,QUALI ECO,Entreprise de construction,·,04 78 40 60 88,http://www.qualieco.fr/,5,-9
https://www.google.com/maps/place/Selesta/data=!4m7!3m6!1s0x47f4c3b307311e91:0x964746ce086ee436!8m2!3d45.7206835!4d4.8672012!16s%2Fg%2F11wnqlp3xw!19sChIJkR4xB7PD9EcRNuRuCM5GR5Y?authuser=0&hl=fr&rclk=1,Selesta,Entrepreneur spécialisé dans l'isolation,158 Av. Francis de Pressensé,04 87 62 71 79,https://www.selesta.fr/,"3,5",-8
https://www.google.com/maps/place/Bardage+Ng/data=!4m7!3m6!1s0x47f4e633e1d3458b:0x4bbed6e3c4212b7!8m2!3d45.6381559!4d4.8030661!16s%2Fg%2F11h2f4c86p!19sChIJi0XT4TPm9EcRtxJCPG7tuwQ?authuser=0&hl=fr&rclk=1,Bardage Ng,Entreprise de construction,7 Rue des Alouettes,06 22 23 33 54,,,
https://www.google.com/maps/place/MJP+Bardage/data=!4m7!3m6!1s0x47f4c3a32a31614f:0x57311ffe017bbba3!8m2!3d45.6934616!4d4.9219435!16s%2Fg%2F11fmddqbwm!19sChIJT2ExKqPD9EcRo7t7Af4fMVc?authuser=0&hl=fr&rclk=1,MJP Bardage,Couvreur,5 Rue de Bourgogne,04 37 45 09 84,https://www.mjp-bardage.fr/contact/,"3,7",-3
https://www.google.com/maps/place/Isolalyon/data=!4m7!3m6!1s0x47f4c1cd8076137f:0x8ce0f30529523057!8m2!3d45.7154567!4d4.8928067!16s%2Fg%2F11c1sfj725!19sChIJfxN2gM3B9EcRVzBSKQXz4Iw?authuser=0&hl=fr&rclk=1,Isolalyon,Menuisier,388 Av. Charles de Gaulle LOT 121,06 66 96 02 38,https://www.isolalyon.com/contact?utm_source=gmb,"4,3",-8
https://www.google.com/maps/place/LAMEO/data=!4m7!3m6!1s0x47f4ee8b43b8f0ff:0xb802e7663b56b866!8m2!3d45.7010614!4d4.8341934!16s%2Fg%2F11cjhzmkbn!19sChIJ__C4Q4vu9EcRZrhWO2bnArg?authuser=0&hl=fr&rclk=1,LAMEO,Fabricant,·,04 78 68 22 96,http://www.lameo.fr/,"4,9",-15
https://www.google.com/maps/place/SOPREMA+Entreprises+et+services+SOPRASSISTANCE/data=!4m7!3m6!1s0x47f4c42a412f0251:0xcc44707dbc77d396!8m2!3d45.7302441!4d4.9863919!16s%2Fg%2F1tfj2h_k!19sChIJUQIvQSrE9EcRltN3vH1wRMw?authuser=0&hl=fr&rclk=1,SOPREMA Entreprises et services SOPRASSISTANCE,Entrepreneur spécialisé dans l'isolation,·,04 72 47 57 47,https://www.soprema-entreprises.fr/entite/agence/entreprise-etancheite-lyon/?utm_source=gmb,"3,8",-28
https://www.google.com/maps/place/Isokraft/data=!4m7!3m6!1s0x2ba3d68c33a70391:0xf8a1685163a0cfde!8m2!3d45.6806667!4d4.9519005!16s%2Fg%2F11z20c5ncp!19sChIJkQOnM4zWoysR3s-gY1Foofg?authuser=0&hl=fr&rclk=1,Isokraft,Entrepreneur spécialisé dans l'isolation,2 Rue Paul Emile Victor,04 82 53 15 72,https://iso-kraft.fr/,5,-10
https://www.google.com/maps/place/BBE/data=!4m7!3m6!1s0x47f4c1595c33e8e5:0xc22c4925ce9d265!8m2!3d45.7040153!4d4.9870179!16s%2Fg%2F11fn1n82_t!19sChIJ5egzXFnB9EcRZdLpXJLEIgw?authuser=0&hl=fr&rclk=1,BBE,Service de restauration de bâtiments,·,04 28 29 47 02,http://www.bbe-sas.com/,5,-1
https://www.google.com/maps/place/I.B.P.F/data=!4m7!3m6!1s0x369ab7985df97c7:0xa857ac44ff94eca0!8m2!3d45.7618212!4d4.9936539!16s%2Fg%2F11y_t86js7!19sChIJx5ffhXmraQMRoOyU_0SsV6g?authuser=0&hl=fr&rclk=1,I.B.P.F,Façadier,Rue Saint-Mathieu,06 11 42 61 42,,5,-1
https://www.google.com/maps/place/SMAC/data=!4m7!3m6!1s0x47f4c530cd74b095:0x3d47eca21227fa26!8m2!3d45.7167102!4d4.9686289!16s%2Fg%2F11fsmndj_k!19sChIJlbB0zTDF9EcRJvonEqLsRz0?authuser=0&hl=fr&rclk=1,SMAC,Entrepreneur spécialisé dans l'isolation,·,04 72 78 10 00,https://www.smac-sa.com/agence/smac-saint-priest/?utm_source=gmb&utm_medium=CTA-WEB&utm_campaign=Saint-Priest,"2,8",-6
https://www.google.com/maps/place/Gecape+Sud+Couverture+-+%C3%A9tanch%C3%A9it%C3%A9+-+Bardage/data=!4m7!3m6!1s0x47f4e51e53fe2a21:0xd9d15ddd6c218d16!8m2!3d45.6150508!4d4.7040595!16s%2Fg%2F1tfq_s4p!19sChIJISr-Ux7l9EcRFo0hbN1d0dk?authuser=0&hl=fr&rclk=1,Gecape Sud Couverture - étanchéité - Bardage,Fabricant,·,04 78 96 49 80,http://www.gecape-sud.fr/,3,-8
https://www.google.com/maps/place/GEDIBOIS+Hanotte+Bois/data=!4m7!3m6!1s0x47f4da14214c9eff:0xf702d12c71156cb5!8m2!3d45.58209!4d4.995652!16s%2Fg%2F1yh805kxm!19sChIJ_55MIRTa9EcRtWwVcSzRAvc?authuser=0&hl=fr&rclk=1,GEDIBOIS Hanotte Bois,Négociant en bois,Impasse du Pan Perdu,04 78 96 19 23,https://www.google.com/aclk?sa=L&ai=DChsSEwjMw8iHiL6UAxXRhmgJHYkXJcYYACICCAEQBBoCd2Y&co=1&ase=2&gclid=CjwKCAjwq6DQBhBVEiwA4ZD5XDM5QRdtxv1gHarDQ5w3379blx_cglw8X_-r7UX1wEhRamfjgRYwoxoCkHMQAvD_BwE&cce=2&category=acrcp_v1_32&sig=AOD64_0USfw2LdtxDx3GXPGbLCXJz1OFDA&adurl&q&ctype=99&nis=6,"4,5",-76
https://www.google.com/maps/place/RS+BAT+-+R%C3%A9novation+%26+Solutions+B%C3%A2timent+RGE/data=!4m7!3m6!1s0x47f4c35d8a923fb7:0x7bda93f8215099d7!8m2!3d45.690512!4d4.87282!16s%2Fg%2F11w82b_txw!19sChIJtz-Sil3D9EcR15lQIfiT2ns?authuser=0&hl=fr&rclk=1,RS BAT - Rénovation & Solutions Bâtiment RGE,Entrepreneur spécialisé dans l'isolation,63 Rue des Martyrs de la Résistance,06 09 10 45 82,https://www.google.com/aclk?sa=L&ai=DChsSEwjMw8iHiL6UAxXRhmgJHYkXJcYYACICCAEQARoCd2Y&co=1&ase=2&gclid=CjwKCAjwq6DQBhBVEiwA4ZD5XHtaIX52NMd2U_CwnEQ3e-PLCfeu31gOzrbo0zUUCgldLSmzrqEiyBoCxxIQAvD_BwE&cce=2&category=acrcp_v1_32&sig=AOD64_1Y3KLBuUTvd4gy5XhflugyjfkZjw&adurl&q&ctype=99&nis=6,"4,8",-10
https://www.google.com/maps/place/M+M+Bardages/data=!4m7!3m6!1s0x47f4e9a80504595f:0x50468f88a6cb1bfa!8m2!3d45.6198573!4d4.7078771!16s%2Fg%2F11bw5y76cn!19sChIJX1kEBajp9EcR-hvLpoiPRlA?authuser=0&hl=fr&rclk=1,M M Bardages,Couvreur,·,04 78 19 06 38,,"3,6",-8
https://www.google.com/maps/place/neowood/data=!4m7!3m6!1s0x47f4eb29d3974fbf:0x585e786f93490e4d!8m2!3d45.7872722!4d4.7942985!16s%2Fg%2F11byygz9j5!19sChIJv0-X0ynr9EcRTQ5Jk294Xlg?authuser=0&hl=fr&rclk=1,neowood,Fabricant,·,09 72 46 86 41,https://www.neowood.fr/,"4,6",-146
https://www.google.com/maps/place/Schatz+Habitat+:+Demoussage+et+Hydrofuge+toiture+-+Goutti%C3%A8res+et+Bandeaux+Alu+-+Habillage+PVC/data=!4m7!3m6!1s0x47f4cb7b928830fd:0xe7bf9f9dc358b67e!8m2!3d45.7530329!4d4.9120795!16s%2Fg%2F11f64bq981!19sChIJ_TCIknvL9EcRfrZYw52fv-c?authuser=0&hl=fr&rclk=1,Schatz Habitat : Demoussage et Hydrofuge toiture - Gouttières et Bandeaux Alu - Habillage PVC,Couvreur,185 Rue Jean Voillot,06 18 88 54 98,https://schatz-couverture.fr/,5,-68
https://www.google.com/maps/place/MZR+Etanch%C3%A9it%C3%A9/data=!4m7!3m6!1s0x47f4eab529b388cb:0x16a480524ef98034!8m2!3d45.7919584!4d4.8628299!16s%2Fg%2F11bwn4ctf7!19sChIJy4izKbXq9EcRNID5TlKApBY?authuser=0&hl=fr&rclk=1,MZR Etanchéité,Entrepreneur spécialisé dans l'isolation,·,06 63 59 23 95,http://www.mzr-etancheite.fr/,"4,1",-13
https://www.google.com/maps/place/DOMAINE+TOITURE+%C3%A0+Lyon+-+Un+savoir+faire+familial+depuis+1983/data=!4m7!3m6!1s0x47f4eb2b72c0c117:0xc5bafb06fb03c011!8m2!3d45.7518647!4d4.8286224!16s%2Fg%2F11twzbh2g4!19sChIJF8HAcivr9EcREcAD-wb7usU?authuser=0&hl=fr&rclk=1,DOMAINE TOITURE à Lyon - Un savoir faire familial depuis 1983,Couvreur,65 Rue Victor Hugo,04 81 91 37 37,https://www.domainetoiture.fr/,"4,9",-86
https://www.google.com/maps/place/ABM+BAHRI+:+%C3%A9tancheit%C3%A9+et+bardage/data=!4m7!3m6!1s0x41821a9d4d2d9a21:0x43eddf0af4855059!8m2!3d45.8103056!4d4.8776517!16s%2Fg%2F11x8cj7vhp!19sChIJIZotTZ0agkERWVCF9Arf7UM?authuser=0&hl=fr&rclk=1,ABM BAHRI : étancheité et bardage,Artisanat,110 Rue du Companet,07 67 33 11 79,,5,-2
https://www.google.com/maps/place/Isecoba/data=!4m7!3m6!1s0x47f4e6d590974f25:0xc5f52ad29fe04d64!8m2!3d45.5787537!4d4.7974856!16s%2Fg%2F11b6dr_cmj!19sChIJJU-XkNXm9EcRZE3gn9Iq9cU?authuser=0&hl=fr&rclk=1,Isecoba,Entrepreneur spécialisé dans l'isolation,"ZA Champ du Roy, 219 Chem. des Goules",04 78 87 08 70,,5,-1
https://www.google.com/maps/place/Couvrea/data=!4m7!3m6!1s0x47f4c32a95d06eb3:0x1fb6c3675967d140!8m2!3d45.7687964!4d4.7018011!16s%2Fg%2F11g0vzcgpk!19sChIJs27QlSrD9EcRQNFnWWfDth8?authuser=0&hl=fr&rclk=1,Couvrea,Couvreur,6 Chem. de Clapeloup,04 37 22 30 67,http://www.couvrea.fr/,"4,6",-9
https://www.google.com/maps/place/Sdo+construction/data=!4m7!3m6!1s0x2b7448ff068538ff:0x7c1810da0a2dc3c5!8m2!3d45.7381612!4d4.9317774!16s%2Fg%2F11tfdq3hhw!19sChIJ_ziFBv9IdCsRxcMtCtoQGHw?authuser=0&hl=fr&rclk=1,Sdo construction,Entreprise de construction,4 All. des Sorbiers,,https://sdo-construction.fr/,5,-2
https://www.google.com/maps/place/Soci%C3%A9t%C3%A9+Moderne+de+Charpente+Couverture+SMCC+SAS/data=!4m7!3m6!1s0x47f49560b7a94f4f:0x4b0bb31d8e20fdb5!8m2!3d45.8183241!4d4.8746357!16s%2Fg%2F1th7m79y!19sChIJT0-pt2CV9EcRtf0gjh2zC0s?authuser=0&hl=fr&rclk=1,Société Moderne de Charpente Couverture SMCC SAS,Couvreur,·,04 78 88 39 14,http://www.smcc-rillieux.fr/,,
https://www.google.com/maps/place/Rh%C3%B4ne+Alpes+toiture/data=!4m7!3m6!1s0x47f4c1a65992dabb:0x8ed818a646213825!8m2!3d45.7780794!4d4.9317311!16s%2Fg%2F11ssfhc_21!19sChIJu9qSWabB9EcRJTghRqYY2I4?authuser=0&hl=fr&rclk=1,Rhône Alpes toiture,Couvreur,·,04 82 29 85 85,https://www.rhonealpestoiture-lyon.fr/,5,-55
https://www.google.com/maps/place/Rolando+Et+Poisson/data=!4m7!3m6!1s0x47f4e9e690140a83:0x94a0c2cca6e7ad35!8m2!3d45.7103011!4d4.8560842!16s%2Fg%2F1tczzw4z!19sChIJgwoUkObp9EcRNa3npszCoJQ?authuser=0&hl=fr&rclk=1,Rolando Et Poisson,Peintre en bâtiment,3 Rue François Vincent Raspail,04 72 89 02 89,http://www.rolandopoisson.fr/,"4,2",-19
https://www.google.com/maps/place/Galien+Toitures/data=!4m7!3m6!1s0x47f4c6b0df1e8ffd:0x335e9c34cb443d95!8m2!3d45.7334709!4d4.9615173!16s%2Fg%2F11b6dglj9d!19sChIJ_Y8e37DG9EcRlT1EyzScXjM?authuser=0&hl=fr&rclk=1,Galien Toitures,Entrepreneur spécialisé dans l'isolation,·,04 78 23 89 29,https://www.toiture-lyon.fr/?utm_source=gmb,"4,8",-62
https://www.google.com/maps/place/Balmont+Bois/data=!4m7!3m6!1s0x47f4ecb447db4be5:0x9ce68093a7418f1c!8m2!3d45.8018279!4d4.7749619!16s%2Fg%2F1tkjkk3t!19sChIJ5UvbR7Ts9EcRHI9Bp5OA5pw?authuser=0&hl=fr&rclk=1,Balmont Bois,Magasin de materiaux de construction,·,04 72 52 19 60,http://www.balmontbois.fr/,"4,2",-30
https://www.google.com/maps/place/ERIC+ETANCHEITE/data=!4m7!3m6!1s0x47f4c56f0f8bc20b:0x7e8429afca348a11!8m2!3d45.7148831!4d4.9582312!16s%2Fg%2F11p0bmzb4v!19sChIJC8KLD2_F9EcREYo0yq8phH4?authuser=0&hl=fr&rclk=1,ERIC ETANCHEITE,Entrepreneur spécialisé dans l'isolation,11 Rue Joseph Marie Jacquard,04 72 79 79 25,,"4,1",-10
https://www.google.com/maps/place/ATTILA+Lyon+Sud+Est+-+Interventions+Toiture+et+%C3%89tanch%C3%A9it%C3%A9/data=!4m7!3m6!1s0x47f4c783b3fce51d:0xc8ec7bc98ce940c4!8m2!3d45.7242687!4d4.9716836!16s%2Fg%2F11fhtl7y8g!19sChIJHeX8s4PH9EcRxEDpjMl77Mg?authuser=0&hl=fr&rclk=1,ATTILA Lyon Sud Est - Interventions Toiture et Étanchéité,Couvreur,·,04 72 89 52 53,http://www.attila.fr/nos-agences/attila-lyon-sud-est?utm_source=Google&utm_medium=MyBusiness,"3,9",-11
https://www.google.com/maps/place/Samedi+Etanch%C3%A9it%C3%A9/data=!4m7!3m6!1s0x47f4953205b99489:0x491ef1f1082e390f!8m2!3d45.8054989!4d4.8483509!16s%2Fg%2F1wg5xbt9!19sChIJiZS5BTKV9EcRDzkuCPHxHkk?authuser=0&hl=fr&rclk=1,Samedi Etanchéité,Couvreur,25 Rue André Lassagne,06 43 76 45 02,http://www.samedi-etancheite.fr/,4,-4
https://www.google.com/maps/place/ALHAN+-+Isolation+par+l%27ext%C3%A9rieur+et+r%C3%A9novation+de+fa%C3%A7ade/data=!4m7!3m6!1s0x47f4eb29906e5cb3:0xc9448a669fa38e93!8m2!3d45.7874777!4d4.8127249!16s%2Fg%2F11svpc12wb!19sChIJs1xukCnr9EcRk46jn2aKRMk?authuser=0&hl=fr&rclk=1,ALHAN - Isolation par l'extérieur et rénovation de façade,Entrepreneur spécialisé dans l'isolation,3 Pl. Giovanni da Verrazzano,06 63 07 79 44,https://www.facades-alhan.fr/,5,-14
https://www.google.com/maps/place/APC+Etanch/data=!4m7!3m6!1s0x47f4c41e7010ad27:0xfe8fdcf30dc83e7!8m2!3d45.713795!4d4.95783!16s%2Fg%2F1tftqfhx!19sChIJJ60QcB7E9EcR54PcMM_96A8?authuser=0&hl=fr&rclk=1,APC Etanch,Entrepreneur spécialisé dans l'isolation,54 Chem. de Genas,04 72 79 96 15,https://www.apcetanch.com/,"3,9",-19
https://www.google.com/maps/place/Lifting+Bois/data=!4m7!3m6!1s0x47f49588caa8871f:0x9c095e5b6c8a5ee6!8m2!3d45.8485619!4d4.8813705!16s%2Fg%2F11btm09dd3!19sChIJH4eoyoiV9EcR5l6KbFteCZw?authuser=0&hl=fr&rclk=1,Lifting Bois,Fabricant,36B Chem. du Riveau,04 72 42 05 79,http://lifting-bois.fr/,5,-3
https://www.google.com/maps/place/GEDIBOIS+Hanotte+Bois/data=!4m7!3m6!1s0x47f4da14214c9eff:0xf702d12c71156cb5!8m2!3d45.58209!4d4.9956518!16s%2Fg%2F1yh805kxm!19sChIJ_55MIRTa9EcRtWwVcSzRAvc?authuser=0&hl=fr&rclk=1,GEDIBOIS Hanotte Bois,Négociant en bois,·,04 78 96 19 23,https://www.hanottebois.fr/,"4,5",-76
https://www.google.com/maps/place/BSR+-+Blasco+-Somiroc+-+Raphat/data=!4m7!3m6!1s0x47f4c094505b1e4f:0x9a9bd2d567221747!8m2!3d45.7817394!4d4.9370748!16s%2Fg%2F11btlx_7c3!19sChIJTx5bUJTA9EcRRxciZ9XSm5o?authuser=0&hl=fr&rclk=1,BSR - Blasco -Somiroc - Raphat,Entrepreneur spécialisé dans l'isolation,·,04 37 45 00 30,http://bsrv-groupe.fr/,"4,6",-8
https://www.google.com/maps/place/Vie+%26+V%C3%A9randa/data=!4m7!3m6!1s0x47f4e82659a901dd:0x27a3ff0c3ae74b97!8m2!3d45.6756156!4d4.8533011!16s%2Fg%2F1tdzw1j7!19sChIJ3QGpWSbo9EcRl0vnOgz_oyc?authuser=0&hl=fr&rclk=1,Vie & Véranda,Entreprise de construction,·,04 72 89 08 08,https://www.vie-veranda.com/,3,-58
https://www.google.com/maps/place/sasu+SEBAA/data=!4m7!3m6!1s0x47f4c1cb1232ef43:0xdf66b0aa337d0ce7!8m2!3d45.7703703!4d4.8895222!16s%2Fg%2F11qpy9qcgh!19sChIJQ-8yEsvB9EcR5wx9M6qwZt8?authuser=0&hl=fr&rclk=1,sasu SEBAA,Entrepreneur spécialisé dans l'isolation,225 Rue Francis de Pressensé,06 60 38 40 97,,,
https://www.google.com/maps/place/SIFEM+SAS/data=!4m7!3m6!1s0x47f4c7b2a328cad3:0x7eb4fba636ab4c0!8m2!3d45.7312096!4d4.9868363!16s%2Fg%2F11g24x4cvf!19sChIJ08ooo7LH9EcRwLRqY7pP6wc?authuser=0&hl=fr&rclk=1,SIFEM SAS,Atelier de métallerie,·,04 72 90 06 06,http://www.sifem.fr/,"4,8",-9
https://www.google.com/maps/place/Net+%C3%A9tanch%C3%A9it%C3%A9/data=!4m7!3m6!1s0x47f4ef2ea5e6f225:0xbe8b8fd69de3768e!8m2!3d45.7072543!4d4.7690588!16s%2Fg%2F11c5bnpqpr!19sChIJJfLmpS7v9EcRjnbjndaPi74?authuser=0&hl=fr&rclk=1,Net étanchéité,Entrepreneur spécialisé dans l'isolation,·,04 28 29 81 10,http://www.netetancheite.com/,"4,1",-9
https://www.google.com/maps/place/ATTILA+Lyon+Sud+Ouest+-+Expert+Couverture+%26+%C3%89tanch%C3%A9it%C3%A9/data=!4m7!3m6!1s0x47f4ef060834539f:0xc47cc184dbe3c559!8m2!3d45.6004329!4d4.7801221!16s%2Fg%2F11h21ny63b!19sChIJn1M0CAbv9EcRWcXj24TBfMQ?authuser=0&hl=fr&rclk=1,ATTILA Lyon Sud Ouest - Expert Couverture & Étanchéité,Couvreur,·,04 37 57 67 10,https://www.attila.fr/nos-agences/attila-lyon-sud-ouest,"3,9",-11
https://www.google.com/maps/place/Sopi/data=!4m7!3m6!1s0x47f4c08db82f0fa9:0x8383aa7bb8ff2b32!8m2!3d45.758922!4d4.926337!16s%2Fg%2F11b6drpl7x!19sChIJqQ8vuI3A9EcRMiv_uHuqg4M?authuser=0&hl=fr&rclk=1,Sopi,Entrepreneur spécialisé dans l'isolation,·,04 78 24 81 92,http://ravalement-facades-sopi.fr/,"4,8",-33
https://www.google.com/maps/place/Toiture+protech/data=!4m7!3m6!1s0x47f4c5d7d5d74323:0xa5a474bed83b9bf5!8m2!3d45.6838871!4d4.9521341!16s%2Fg%2F11ybnk3fds!19sChIJI0PX1dfF9EcR9Zs72L50pKU?authuser=0&hl=fr&rclk=1,Toiture protech,Couvreur,119 Rte d'Heyrieux,07 60 39 65 32,https://toitureprotech.fr/,"4,8",-17
https://www.google.com/maps/place/SunCouverture/data=!4m7!3m6!1s0x47f4936f7c128095:0xd49514dd45a08474!8m2!3d45.807514!4d4.763147!16s%2Fg%2F11w1cydn_r!19sChIJlYASfG-T9EcRdISgRd0UldQ?authuser=0&hl=fr&rclk=1,SunCouverture,Entreprise d'étanchéité,46 Chem. du Moulin Carron,04 78 47 36 60,https://www.suncouverture.fr/,"4,9",-34
https://www.google.com/maps/place/E.N.F/data=!4m7!3m6!1s0x47f4bfbcbe5a38db:0xa294ad8355472ab0!8m2!3d45.8328971!4d4.8581779!16s%2Fg%2F1tzghzv_!19sChIJ2zhavry_9EcRsCpHVYOtlKI?authuser=0&hl=fr&rclk=1,E.N.F,Façadier,·,04 78 53 49 24,https://www.entreprise-enf.fr/,"4,9",-15
https://www.google.com/maps/place/A.N+Toiture+Bardage/data=!4m7!3m6!1s0x47f48c131435c525:0xde5a34f9662d79f7!8m2!3d45.8559209!4d4.668595!16s%2Fg%2F11btmqm73n!19sChIJJcU1FBOM9EcR93ktZvk0Wt4?authuser=0&hl=fr&rclk=1,A.N Toiture Bardage,Couvreur,76 route de fleurieux,04 72 54 03 24,http://www.an-toiture-bardage.fr/,"3,8",-12
https://www.google.com/maps/place/BJ+BAT+DAL%27ALU+Lyon/data=!4m7!3m6!1s0x47f4ef332c5b59ab:0x94df050aa213bb64!8m2!3d45.6774819!4d4.7718276!16s%2Fg%2F1vc_pq3l!19sChIJq1lbLDPv9EcRZLsTogoF35Q?authuser=0&hl=fr&rclk=1,BJ BAT DAL'ALU Lyon,Couvreur,·,04 72 31 61 49,http://www.dalalu.info/,"4,4",-7
"https://www.google.com/maps/place/Entreprise+de+nettoyage+d%27ext%C3%A9rieur+:+terrasse,+fa%C3%A7ade,+toiture,+bardage/data=!4m7!3m6!1s0xad716003e888bbb:0xae09bed67824d898!8m2!3d45.7416039!4d4.9060022!16s%2Fg%2F11z788xwq9!19sChIJu4uIPgAW1woRmNgkeNa-Ca4?authuser=0&hl=fr&rclk=1","Entreprise de nettoyage d'extérieur : terrasse, façade, toiture, bardage",Service de nettoyage et d'entretien,·,07 82 58 75 04,https://jsnettoyage-lyon.fr/nettoyage-terrasse-facade-lyon,,
https://www.google.com/maps/place/BJBAT+DALALU+LYON/data=!4m7!3m6!1s0x47f4e690722eb2fb:0xe850873ff7bb843d!8m2!3d45.6038625!4d4.7710628!16s%2Fg%2F11gxx776km!19sChIJ-7IucpDm9EcRPYS79z-HUOg?authuser=0&hl=fr&rclk=1,BJBAT DALALU LYON,Couvreur,·,04 72 31 61 49,http://renovation-toiture-lyon.com/,"4,7",-20
https://www.google.com/maps/place/Serim%C3%A9tal/data=!4m7!3m6!1s0x47f4c4e39cbb741b:0xd4df2a5bc43eb96b!8m2!3d45.6675915!4d4.9716133!16s%2Fg%2F1tdl0xpg!19sChIJG3S7nOPE9EcRa7k-xFsq39Q?authuser=0&hl=fr&rclk=1,Serimétal,Atelier de métallerie,·,04 78 20 22 63,http://www.serimetal.fr/,"4,4",-21
https://www.google.com/maps/place/Vilquin+SAS+Auvergne+Rh%C3%B4ne-Alpes/data=!4m7!3m6!1s0x47f4c3ed1a79b1d5:0x16b8955c00d3c864!8m2!3d45.7134818!4d4.9053151!16s%2Fg%2F11t40bdvcn!19sChIJ1bF5Gu3D9EcRZMjTAFyVuBY?authuser=0&hl=fr&rclk=1,Vilquin SAS Auvergne Rhône-Alpes,Charpentier,50 Rue Jean Zay,04 72 38 30 05,https://vilquin.fayat.com/fr,,
https://www.google.com/maps/place/Ledi+Etancheite/data=!4m7!3m6!1s0x47f4c0c1d7b3c8f1:0x46985596c91b891c!8m2!3d45.7756808!4d4.9392545!16s%2Fg%2F1tfw2cmq!19sChIJ8ciz18HA9EcRHIkbyZZVmEY?authuser=0&hl=fr&rclk=1,Ledi Etancheite,Entrepreneur spécialisé dans l'isolation,18 Rue Louis Saillant,04 72 34 88 24,https://ledi-etancheite.fr/,"3,9",-7
https://www.google.com/maps/place/I.B+Fa%C3%A7ades/data=!4m7!3m6!1s0x47f4c094a4a6a5b9:0xe9704915ad64b0e5!8m2!3d45.7793352!4d4.9353575!16s%2Fg%2F1tfvyh9d!19sChIJuaWmpJTA9EcR5bBkrRVJcOk?authuser=0&hl=fr&rclk=1,I.B Façades,Entrepreneur,28 Rue Pierre Mendès France,04 72 04 24 19,http://www.ib-facades.fr/,"4,9",-9
https://www.google.com/maps/place/R%C3%A9novation+Toiture/data=!4m7!3m6!1s0x47f4eb0d8057e93b:0xd5176ca29150f1ae!8m2!3d45.496432!4d5.3335356!16s%2Fg%2F11vjhlrbry!19sChIJO-lXgA3r9EcRrvFQkaJsF9U?authuser=0&hl=fr&rclk=1,Rénovation Toiture,Entrepreneur spécialisé dans l'isolation,·,07 83 96 74 58,https://bit.ly/renovation-toiture-lyon,5,-1
https://www.google.com/maps/place/BARILLET+Billat/data=!4m7!3m6!1s0x47f4c0bde18b9dd5:0x994aa6b41db60cab!8m2!3d45.7830488!4d4.9388005!16s%2Fg%2F1thq01kp!19sChIJ1Z2L4b3A9EcRqwy2HbSmSpk?authuser=0&hl=fr&rclk=1,BARILLET Billat,Négociant en bois,·,04 72 97 07 70,https://www.barillet-distribution.fr/agence/billat-bois?utm_source=gmb,"4,6",-29
https://www.google.com/maps/place/PIEDS+%C3%94+SEC/data=!4m7!3m6!1s0x47f49568bd700397:0x9f3c9c7275f857be!8m2!3d45.8054989!4d4.8483509!16s%2Fg%2F11n0dg7k6s!19sChIJlwNwvWiV9EcRvlf4dXKcPJ8?authuser=0&hl=fr&rclk=1,PIEDS Ô SEC,Couvreur,25 D Rue André Lassagne,06 43 76 45 02,http://www.piedsosec.fr/?utm_source=gmb,"3,6",-11
https://www.google.com/maps/place/Fundermax+France/data=!4m7!3m6!1s0x47f4ea7190649301:0x87e02299fddd8c80!8m2!3d45.7605221!4d4.8636086!16s%2Fg%2F11f62h4s41!19sChIJAZNkkHHq9EcRgIzd_Zki4Ic?authuser=0&hl=fr&rclk=1,Fundermax France,Siège social,·,04 78 68 28 31,http://www.fundermax.at/fr/,,
https://www.google.com/maps/place/Face+Rhone+Alpes/data=!4m7!3m6!1s0x47f4c1c9a89e22cd:0x2ab7c4dd2c2c3266!8m2!3d45.7537917!4d4.9376344!16s%2Fg%2F11fm5zjcg3!19sChIJzSKeqMnB9EcRZjIsLN3Etyo?authuser=0&hl=fr&rclk=1,Face Rhone Alpes,Service de restauration de bâtiments,·,04 72 15 86 86,https://www.face-sa.fr/filiales/face-rhone-alpes/,5,-1
https://www.google.com/maps/place/MK+Services+Couverture+Bardage+D%C3%A9samiantage+Electricit%C3%A9+Ventilation/data=!4m7!3m6!1s0x47f4d1a669b8ddb3:0x6d171c7e80ccbcd4!8m2!3d45.6161155!4d5.034507!16s%2Fg%2F11shtq7xgz!19sChIJs924aabR9EcR1LzMgH4cF20?authuser=0&hl=fr&rclk=1,MK Services Couverture Bardage Désamiantage Electricité Ventilation,Couvreur,85bis Chem. de Pillery,07 81 88 05 75,http://www.mkserviceselec.fr/,5,-3
https://www.google.com/maps/place/Isolation+by+Tryba/data=!4m7!3m6!1s0x47f48d90d047573d:0x2ce535a532a89d67!8m2!3d45.8216253!4d4.6670771!16s%2Fg%2F11vb17kd4t!19sChIJPVdH0JCN9EcRZ52oMqU15Sw?authuser=0&hl=fr&rclk=1,Isolation by Tryba,Entrepreneur spécialisé dans l'isolation,69 Rue de la Gare,04 20 98 48 01,https://www.isolationbytryba.fr/agence/entreprise-isolation-by-tryba-lentilly-69/?utm_campaign=IBT_Lentilly&utm_medium=CTA-WEB&utm_source=GMB-IBT,5,-31
https://www.google.com/maps/place/Couvreur+Lyon/data=!4m7!3m6!1s0x47f4eb2c2ded4cd5:0x78182e1e33cba42a!8m2!3d45.7665378!4d4.8430827!16s%2Fg%2F11t7_dmmfh!19sChIJ1UztLSzr9EcRKqTLMx4uGHg?authuser=0&hl=fr&rclk=1,Couvreur Lyon,Couvreur,16 Rue Cuvier,04 82 29 91 77,,1,-4
https://www.google.com/maps/place/EMM+Etanch%C3%A9it%C3%A9/data=!4m7!3m6!1s0xe4f9692846e6345:0xcf57f922e6a3a2be!8m2!3d30.6959409!4d-49.8171262!16s%2Fg%2F11ssvfy6dk!19sChIJRWNuhJKWTw4RvqKj5iL5V88?authuser=0&hl=fr&rclk=1,EMM Etanchéité,Entreprise de construction,·,06 51 35 99 00,http://emm-etancheite.com/,5,-2
https://www.google.com/maps/place/Canecao/data=!4m7!3m6!1s0x47f4c42bfccd43f7:0xab750074e716a3!8m2!3d45.6826963!4d4.9197082!16s%2Fg%2F11btmr6xxt!19sChIJ90PN_CvE9EcRoxbndAB1qwA?authuser=0&hl=fr&rclk=1,Canecao,Distributeur de café,·,04 37 45 09 69,https://www.canecao.fr/,"3,7",-12
https://www.google.com/maps/place/Entreprise+Cellupica+Robert+A+S+C+R/data=!4m7!3m6!1s0x47f4e85cf2408b6b:0xdb8c139f7177abd9!8m2!3d45.6873457!4d4.8287431!16s%2Fg%2F1v1tmfb8!19sChIJa4tA8lzo9EcR2at3cZ8TjNs?authuser=0&hl=fr&rclk=1,Entreprise Cellupica Robert A S C R,Chaudronnerie,·,04 78 50 27 75,http://www.ascrcellupica.com/,5,-4
https://www.google.com/maps/place/RAYNARD+SARL/data=!4m7!3m6!1s0x47f4ed98bd7da5c5:0x633016b6beb5817e!8m2!3d45.763005!4d4.7203293!16s%2Fg%2F1txy1pby!19sChIJxaV9vZjt9EcRfoG1vrYWMGM?authuser=0&hl=fr&rclk=1,RAYNARD SARL,Travaux généraux,32 Rue du Vorlat,04 78 44 65 25,https://www.raynard.pro/,"4,6",-12
https://www.google.com/maps/place/Isolcouvr/data=!4m7!3m6!1s0x47f4e3cf0685b04b:0x502f53732cf97acb!8m2!3d45.5541685!4d4.7170729!16s%2Fg%2F11gc22kk3b!19sChIJS7CFBs_j9EcRy3r5LHNTL1A?authuser=0&hl=fr&rclk=1,Isolcouvr,Entrepreneur spécialisé dans l'isolation,Rue de la Voûte,09 84 28 07 25,http://www.isolcouvr.fr/,3,-2
https://www.google.com/maps/place/Alloin+Fa%C3%A7ades/data=!4m7!3m6!1s0x47f4b7e7e714258d:0xdb7c43474d48bad4!8m2!3d45.8008957!4d5.0735767!16s%2Fg%2F1ptw4mt7n!19sChIJjSUU5-e39EcR1LpITUdDfNs?authuser=0&hl=fr&rclk=1,Alloin Façades,Entrepreneur spécialisé dans l'isolation,·,04 78 90 50 80,http://ravalement-de-facade-lyon.com/,"4,7",-115
https://www.google.com/maps/place/Metal+Bat/data=!4m7!3m6!1s0x47f4c7dcbd80c40d:0x451b44c755040b6f!8m2!3d45.7726021!4d5.0234442!16s%2Fg%2F11x62pkmtw!19sChIJDcSAvdzH9EcRbwsEVcdEG0U?authuser=0&hl=fr&rclk=1,Metal Bat,Entreprise de construction de charpente métallique,5 Av. Lionel Terray,,http://metal-bat.fr/,"4,3",-9
https://www.google.com/maps/place/Les+Toitures+de+l%27Ouest/data=!4m7!3m6!1s0x47f4efde6064a229:0x9d5eb4e56209032!8m2!3d45.700484!4d4.691921!16s%2Fg%2F11w48vfsw6!19sChIJKaJkYN7v9EcRMpAgVk7r1Qk?authuser=0&hl=fr&rclk=1,Les Toitures de l'Ouest,Charpentier,31 Rue du Pont d'Arthaud,06 62 00 24 74,https://lestoituresdelouest.fr/,5,-1
https://www.google.com/maps/place/NEOLIFE/data=!4m7!3m6!1s0x47f4934e853e26d1:0x7d125196186726ed!8m2!3d45.8061772!4d4.7745675!16s%2Fg%2F11b6dr86hc!19sChIJ0SY-hU6T9EcR7SZnGJZREn0?authuser=0&hl=fr&rclk=1,NEOLIFE,Fabricant,·,04 78 25 63 08,https://neolife.fr/,4,-9
https://www.google.com/maps/place/NOVART+Services/data=!4m7!3m6!1s0x47f4ee29c7fffb47:0x75f7d25631c4dec0!8m2!3d45.7003891!4d4.6879157!16s%2Fg%2F11d_8gr6pr!19sChIJR_v_xynu9EcRwN7EMVbS93U?authuser=0&hl=fr&rclk=1,NOVART Services,Entrepreneur,·,04 13 33 36 33,http://www.novart-group.com/,4,-4
https://www.google.com/maps/place/Compagnie+Fran%C3%A7aise+du+Conteneur/data=!4m7!3m6!1s0x47f4c1473042754d:0xd9efd5de3a6aa4c9!8m2!3d45.7650599!4d4.8954338!16s%2Fg%2F11pg5lsmzf!19sChIJTXVCMEfB9EcRyaRqOt7V79k?authuser=0&hl=fr&rclk=1,Compagnie Française du Conteneur,Fournisseur de conteneurs,208 Rue du 4 Août 1789,09 72 62 71 00,https://compagnie-francaise-du-conteneur.fr/,"4,2",-159
https://www.google.com/maps/place/Charpentes+Saint-Jacques+3/data=!4m7!3m6!1s0x47f4c11c2a01fd59:0xf3ca386b50474a8e!8m2!3d45.7525263!4d4.9047507!16s%2Fg%2F11vr000f1m!19sChIJWf0BKhzB9EcRjkpHUGs4yvM?authuser=0&hl=fr&rclk=1,Charpentes Saint-Jacques 3,Charpentier,23 Rue Pierre Bressat,06 61 91 01 10,https://charpentes-saint-jacques.fr/,,
https://www.google.com/maps/place/Lariviere/data=!4m7!3m6!1s0x47f4c42ec6447bbd:0x83febdcb76670f6a!8m2!3d45.713941!4d4.985262!16s%2Fg%2F11b6d94jmr!19sChIJvXtExi7E9EcRag9ndsu9_oM?authuser=0&hl=fr&rclk=1,Lariviere,Magasin de materiaux de construction,·,04 72 79 11 00,https://www.lariviere.fr/trouver-votre-agence/lariviere-SEB/entry-417-lariviere-lyon-genas.html,"3,9",-35
https://www.google.com/maps/place/Clean+Toiture/data=!4m7!3m6!1s0x1ad66e913193021:0xa2813094457626da!8m2!3d45.7629032!4d4.8360115!16s%2Fg%2F11tjfdtf30!19sChIJITAZE-lmrQER2iZ2RZQwgaI?authuser=0&hl=fr&rclk=1,Clean Toiture,Couvreur,33 Rue de la République,06 64 31 73 78,,,
https://www.google.com/maps/place/Carr%C3%A9+de+l%E2%80%99Habitat+-+Agence+de+Lyon+%28Saint-Priest%29/data=!4m7!3m6!1s0x47f4c3ef3408d7b1:0x1df9f3629b0ed58e!8m2!3d45.7080193!4d4.9591412!16s%2Fg%2F1hdzw307c!19sChIJsdcINO_D9EcRjtUOm2Lz-R0?authuser=0&hl=fr&rclk=1,Carré de l’Habitat - Agence de Lyon (Saint-Priest),Promoteur immobilier,·,04 72 47 32 00,http://www.carre-habitat.com/nos-agences/rhone-alpes/promoteur-immobilier-lyon-rhone?utm_source=gmb,"4,2",-46
https://www.google.com/maps/place/L%27+Id%C3%A9e+Bois/data=!4m7!3m6!1s0x47f4c03aaaaaaaab:0x113afff922540a8!8m2!3d45.7859281!4d4.9030734!16s%2Fg%2F11hc_vmglg!19sChIJq6qqqjrA9EcRqEAlkv-vEwE?authuser=0&hl=fr&rclk=1,L' Idée Bois,Entrepreneur spécialisé dans les revêtements de sol,61 Rue Lucette et René Desgrand,06 29 85 14 01,http://l-idee-bois.com/,,
https://www.google.com/maps/place/PPF+Genas/data=!4m7!3m6!1s0x47f4c7d953e102a9:0xd150bf96acfa83a4!8m2!3d45.7261995!4d4.9852903!16s%2Fg%2F11wr043s_w!19sChIJqQLhU9nH9EcRpIP6rJa_UNE?authuser=0&hl=fr&rclk=1,PPF Genas,Entrepreneur spécialisé dans l'isolation,2 Rue Marcel Dassault,04 20 98 16 89,https://ppf.fr/reseau-ppf/ppf-ou-nous-trouver/agence-ppf-69-genas/?utm_source=gmb,"4,9",-19
"https://www.google.com/maps/place/MC+METAL+Couverture,+D%C3%A9samiantage,+Bardage/data=!4m7!3m6!1s0x47f4fd21a61246d5:0x713a2caae67d78eb!8m2!3d45.5381838!4d4.6199611!16s%2Fg%2F11j6r9k8_z!19sChIJ1UYSpiH99EcR63h95qosOnE?authuser=0&hl=fr&rclk=1","MC METAL Couverture, Désamiantage, Bardage",Couvreur,43 Chem. des Peschures,06 84 86 26 58,https://www.mcmetal.fr/,5,-7
https://www.google.com/maps/place/ATTILA+Lyon+Nord+Ouest/data=!4m7!3m6!1s0x47f48d74f4e7a91f:0xb58981d304ac634c!8m2!3d45.8371413!4d4.6960537!16s%2Fg%2F11h37m5m2_!19sChIJH6nn9HSN9EcRTGOsBNOBibU?authuser=0&hl=fr&rclk=1,ATTILA Lyon Nord Ouest,Couvreur,·,04 28 00 12 25,http://www.attila.fr/nos-agences/attila-lyon-nord-ouest?utm_source=Google&utm_medium=MyBusiness,"4,3",-23
https://www.google.com/maps/place/Fibois+Auvergne-Rh%C3%B4ne-Alpes/data=!4m7!3m6!1s0x47f4ea27ac089c13:0xa1e77a8a39382dca!8m2!3d45.7279495!4d4.8365133!16s%2Fg%2F11f5bktlxc!19sChIJE5wIrCfq9EcRyi04OYp656E?authuser=0&hl=fr&rclk=1,Fibois Auvergne-Rhône-Alpes,Siège social,23 Rue Jean Baldassini,04 78 37 09 66,http://fibois-aura.org/,,
https://www.google.com/maps/place/SARL+Gauthier+Brossard/data=!4m7!3m6!1s0x8c2984c31671b365:0x64153f52ad95dafc!8m2!3d45.5914296!4d5.0225775!16s%2Fg%2F11k3tvpwzv!19sChIJZbNxFsOEKYwR_NqVrVI_FWQ?authuser=0&hl=fr&rclk=1,SARL Gauthier Brossard,Charpentier,370 Imp. de la Bourgeat,07 88 37 57 34,https://www.facebook.com/17yykYAQWH/?mibextid=wwXIfr,5,-15
https://www.google.com/maps/place/METALARC+%7C+M%C3%A9tallerie-serrurerie/data=!4m7!3m6!1s0x47f4c1240afc415b:0x69ece67f02c77fd0!8m2!3d45.7298843!4d4.9873059!16s%2Fg%2F11bxg162px!19sChIJW0H8CiTB9EcR0H_HAn_m7Gk?authuser=0&hl=fr&rclk=1,METALARC | Métallerie-serrurerie,Société de fabrication d'escaliers,·,04 72 37 44 48,https://www.metalarc-metallerie.fr/,"4,5",-11
https://www.google.com/maps/place/Boule+Fils+Sarl/data=!4m7!3m6!1s0x47f4dc13b1aacde5:0xda530d0e8553af11!8m2!3d45.5845157!4d4.9192862!16s%2Fg%2F1tlw8f0l!19sChIJ5c2qsRPc9EcREa9ThQ4NU9o?authuser=0&hl=fr&rclk=1,Boule Fils Sarl,Charpentier,Chem. de Bouray Zone Artisanale,04 74 57 05 93,https://www.boule-menuiserie-couverture.com/,"4,7",-13
https://www.google.com/maps/place/Acqua+Etanch/data=!4m7!3m6!1s0x47f4c0bfd3e60269:0x781ec4b93dc9be86!8m2!3d45.7807053!4d4.9401921!16s%2Fg%2F11f6npr8hk!19sChIJaQLm07_A9EcRhr7JPbnEHng?authuser=0&hl=fr&rclk=1,Acqua Etanch,Couvreur,32 Rue Francine Fromont,09 83 42 26 39,http://acqua-etanch.com/,,
https://www.google.com/maps/place/M2T+Concept+%7C+Couverture+-+%C3%89tanch%C3%A9it%C3%A9+-+Bardage/data=!4m7!3m6!1s0x47f4b768b52e1bd3:0x5748a8be9261b19a!8m2!3d45.8237102!4d5.0584796!16s%2Fg%2F11y3tzzmz8!19sChIJ0xsutWi39EcRmrFhkr6oSFc?authuser=0&hl=fr&rclk=1,M2T Concept | Couverture - Étanchéité - Bardage,Couvreur,369 Rue de Bourbuel,06 60 12 48 87,https://m2tconcept.fr/,5,-18
https://www.google.com/maps/place/Isolation+Technologie+Services+%28ITS%29/data=!4m7!3m6!1s0x47f494bf63a49cdd:0x65009e54e4326170!8m2!3d45.8178612!4d4.8166688!16s%2Fg%2F11gdvn128k!19sChIJ3ZykY7-U9EcRcGEy5FSeAGU?authuser=0&hl=fr&rclk=1,Isolation Technologie Services (ITS),Entrepreneur spécialisé dans l'isolation,3 Rte du Mont-Cindre,09 52 36 35 31,https://www.its-acoustique.fr/,5,-2
https://www.google.com/maps/place/L%C3%A9onard+DONET/data=!4m7!3m6!1s0x84406da8ad2928e1:0xfdfcf4608d51cd9c!8m2!3d45.8437849!4d4.861505!16s%2Fg%2F11nxckyy89!19sChIJ4SgprahtQIQRnM1RjWD0_P0?authuser=0&hl=fr&rclk=1,Léonard DONET,Couvreur,280 Chem. des Plattes,06 14 87 11 30,https://leonard-donet.odoo.com/,5,-40
https://www.google.com/maps/place/BAM+%C3%89tanch%C3%A9it%C3%A9/data=!4m7!3m6!1s0x47f4eb4512348c31:0x343ccec7cc52864!8m2!3d45.4598898!4d4.6242221!16s%2Fg%2F11fsmp6_4j!19sChIJMYw0EkXr9EcRZCjFfOzMQwM?authuser=0&hl=fr&rclk=1,BAM Étanchéité,Entreprise de construction,,06 07 07 31 40,,,
https://www.google.com/maps/place/Diamond+Agencement%C2%AE/data=!4m7!3m6!1s0x47e61334ee4f335f:0xcdb865759424c462!8m2!3d49.049975!4d2.036882!16s%2Fg%2F11khsr54wx!19sChIJXzNP7jQT5kcRYsQklHVluM0?authuser=0&hl=fr&rclk=1,Diamond Agencement®,Travaux généraux,21 Avenue des Genottes,09 88 39 50 31,https://www.google.com/aclk?sa=L&ai=DChsSEwj-kfK0iL6UAxVsckECHSCrALMYACICCAEQAhoCd3M&co=1&ase=2&gclid=CjwKCAjwq6DQBhBVEiwA4ZD5XNK4wUh1j5DqzehTztlGodgcMwqErjCyuR3xYs2pSoui5LfI148P6xoC_U8QAvD_BwE&cce=2&category=acrcp_v1_32&sig=AOD64_2yP1KdMbnA7Yslymmt4NAvwl_ytQ&adurl&q&ctype=99&nis=6,"4,9",-27
https://www.google.com/maps/place/R+e+s+t+a+r+c+-+R%C3%A9novation/data=!4m7!3m6!1s0x47e677b866b505a1:0x197720fcfc9d28bf!8m2!3d48.738874!4d2.302337!16s%2Fg%2F11k5k6pmq8!19sChIJoQW1Zrh35kcRvyid_Pwgdxk?authuser=0&hl=fr&rclk=1,R e s t a r c - Rénovation,Travaux généraux,199 Avenue de la Division Leclerc,01 79 73 71 17,https://www.google.com/aclk?sa=L&ai=DChsSEwj-kfK0iL6UAxVsckECHSCrALMYACICCAEQBBoCd3M&co=1&ase=2&gclid=CjwKCAjwq6DQBhBVEiwA4ZD5XPQtJ9l1T6mh18p-zMYNxY-cHGb-jw7WC7Q27MEpvV5KqWV5hHkX0BoCVRMQAvD_BwE&cce=2&category=acrcp_v1_32&sig=AOD64_0PHEBu9VyBFjfthAWfA8ZGtblSCg&adurl&q&ctype=99&nis=6,"4,8",-41
https://www.google.com/maps/place/Pr%C3%A9vention+du+Patrimoine+Fran%C3%A7ais/data=!4m7!3m6!1s0x47e6f518cc60c61d:0xe75b9390e11e7abd!8m2!3d49.044679!4d2.0728529!16s%2Fg%2F1tfq8j_z!19sChIJHcZgzBj15kcRvXoe4ZCTW-c?authuser=0&hl=fr&rclk=1,Prévention du Patrimoine Français,Entrepreneur spécialisé dans l'isolation,·,01 34 40 01 07,http://www.groupe-ppf.com/,"4,5",-1 302
https://www.google.com/maps/place/SIGMA/data=!4m7!3m6!1s0x47e6f542b7bfb2cd:0x8e7d314daaea0610!8m2!3d49.051266!4d2.041367!16s%2Fg%2F11y34p0_8z!19sChIJzbK_t0L15kcREAbqqk0xfY4?authuser=0&hl=fr&rclk=1,SIGMA,Société de travaux publics,"ALPHA PARK, 1 Rue des Cyclades",01 30 17 23 99,https://sigmabtp.fr/,,
https://www.google.com/maps/place/ATTILA+Cergy-Pontoise/data=!4m7!3m6!1s0x47e6f5b5cd0de8cf:0x322baef7f61dea6f!8m2!3d49.049751!4d2.071222!16s%2Fg%2F11y5yyq1tj!19sChIJz-gNzbX15kcRb-od9veuKzI?authuser=0&hl=fr&rclk=1,ATTILA Cergy-Pontoise,Couvreur,·,01 80 92 93 60,https://www.attila.fr/nos-agences/attila-cergy-pontoise?utm_source=gmb,"4,9",-16
https://www.google.com/maps/place/Perf%27+R%C3%A9novation/data=!4m7!3m6!1s0x4453502f0cf98ed9:0xb03cb7aa7c696c17!8m2!3d49.0446431!4d2.0277125!16s%2Fg%2F11yb97sh3k!19sChIJ2Y75DC9QU0QRF2xpfKq3PLA?authuser=0&hl=fr&rclk=1,Perf' Rénovation,Travaux généraux,23 Pass. de l'Écritoire,01 30 36 06 31,https://perf-renovations.fr/,"4,9",-18
https://www.google.com/maps/place/Avenir+R%C3%A9novations+Lorient+%2856%29/data=!4m7!3m6!1s0x48105f8adc883099:0x6bead141b2572346!8m2!3d47.732681!4d-3.374267!16s%2Fg%2F11ykvfr9tq!19sChIJmTCI3IpfEEgRRiNXskHR6ms?authuser=0&hl=fr&rclk=1,Avenir Rénovations Lorient (56),Travaux généraux,1 Rue d'Estienne d'Orves,02 21 83 37 16,https://www.google.com/aclk?sa=L&ai=DChsSEwjTxdfIiL6UAxUhqGgJHbR4A70YACICCAEQARoCd2Y&co=1&ase=2&gclid=CjwKCAjwq6DQBhBVEiwA4ZD5XAnAqW2aVHQiRGLlW_mjxQn6qpt3fN2WoWPVrw0SOCfCdP4usZ7uFxoC2-kQAvD_BwE&cce=2&category=acrcp_v1_32&sig=AOD64_2CCbsNWfjSUmrniS-mkvvxfXqCDA&adurl&q&ctype=99&nis=6,5,-9
https://www.google.com/maps/place/MAISONS+SOCOREN+-+RG+LORIENT+:+Constructeur+de+maisons+neuves+dans+le+Morbihan/data=!4m7!3m6!1s0x48105d9e918917e9:0x22014e2bcf945256!8m2!3d47.78958!4d-3.328544!16s%2Fg%2F11m9sm_8yb!19sChIJ6ReJkZ5dEEgRVlKUzytOASI?authuser=0&hl=fr&rclk=1,MAISONS SOCOREN - RG LORIENT : Constructeur de maisons neuves dans le Morbihan,Constructeur de maisons personnalisées,108 Chemin de Locmaria Prantarff,02 97 78 55 11,https://www.google.com/aclk?sa=L&ai=DChsSEwjTxdfIiL6UAxUhqGgJHbR4A70YACICCAEQAhoCd2Y&co=1&ase=2&gclid=CjwKCAjwq6DQBhBVEiwA4ZD5XGW5tiZcj9DOQRrDn5LARka53Xw9IOST2aRnbGkqRYnETHtpWT93ZBoC7RkQAvD_BwE&cce=2&category=acrcp_v1_32&sig=AOD64_1ayza1PuKqr1P-Wm4D-Nam-9KVLA&adurl&q&ctype=99&nis=6,"4,7",-12
https://www.google.com/maps/place/PARTEDIS+Couverture+-+Lorient/data=!4m7!3m6!1s0x48105e485c527921:0x882e7b34eb3af0a!8m2!3d47.7373373!4d-3.3599566!16s%2Fg%2F11bwhbg6y_!19sChIJIXlSXEheEEgRCq-zTrPnggg?authuser=0&hl=fr&rclk=1,PARTEDIS Couverture - Lorient,Fournisseur de matériaux de construction,·,02 97 89 80 55,http://www.partedis.com/agence/lorient-couverture/,"4,6",-14
https://www.google.com/maps/place/Lesl%C3%A9+Sarl/data=!4m7!3m6!1s0x48105f05fc1de737:0x7290cdf0c33e5f22!8m2!3d47.758664!4d-3.3838507!16s%2Fg%2F1whdhrjj!19sChIJN-cd_AVfEEgRIl8-w_DNkHI?authuser=0&hl=fr&rclk=1,Leslé Sarl,Couvreur,·,02 97 83 72 39,https://www.lesle-couverture.fr/,"3,6",-19
https://www.google.com/maps/place/Kenavo+toiture/data=!4m7!3m6!1s0x48105f6fb7bc3d87:0x978705fbabc612f!8m2!3d47.7476093!4d-3.364322!16s%2Fg%2F11xnvhttph!19sChIJhz28t29fEEgRL2G8ul9weAk?authuser=0&hl=fr&rclk=1,Kenavo toiture,Couvreur,4 Pl. Jules Ferry,07 83 11 15 26,http://kenavo-toiture.fr/,5,-3
https://www.google.com/maps/place/Manso+Couverture/data=!4m7!3m6!1s0x4d2d768632a64721:0xb2a72b23d3e2cf29!8m2!3d47.7573708!4d-3.3807972!16s%2Fg%2F11z068h9wj!19sChIJIUemMoZ2LU0RKc_i0yMrp7I?authuser=0&hl=fr&rclk=1,Manso Couverture,Couvreur,5 Imp. Louis le Pitre,06 65 92 82 96,,5,-4
https://www.google.com/maps/place/Qualir%C3%A9no/data=!4m7!3m6!1s0x48105fa5b009c485:0x9b7f667447e7adaf!8m2!3d47.7707677!4d-3.4014169!16s%2Fg%2F11lrfhcdh1!19sChIJhcQJsKVfEEgRr63nR3Rmf5s?authuser=0&hl=fr&rclk=1,Qualiréno,Couvreur,·,02 57 94 00 65,http://www.qualireno.bzh/,"4,2",-87
https://www.google.com/maps/place/Astele+Diffusion+Isolation+Lorient/data=!4m7!3m6!1s0x481014eafaa416e9:0xb3c3666f128427f1!8m2!3d47.7785169!4d-3.4138154!16s%2Fg%2F1tscndfw!19sChIJ6Rak-uoUEEgR8SeEEm9mw7M?authuser=0&hl=fr&rclk=1,Astele Diffusion Isolation Lorient,Entrepreneur spécialisé dans l'isolation,·,02 97 50 65 60,https://www.astele-isolation.fr/?utm_source=gmb,"3,6",-71
https://www.google.com/maps/place/Matharel+Etanch%C3%A9it%C3%A9/data=!4m7!3m6!1s0x48105ff96ca9d589:0xe0dbfdb257b5176b!8m2!3d47.7822915!4d-3.3522031!16s%2Fg%2F1tfmh6hc!19sChIJidWpbPlfEEgRaxe1V7L92-A?authuser=0&hl=fr&rclk=1,Matharel Etanchéité,Travaux généraux,·,02 97 86 12 65,https://groupe45.bzh/,3,-2
"https://www.google.com/maps/place/Bucuri,+Terrasses+%26+Bardages+Bois/data=!4m7!3m6!1s0x74187918c19448b:0x68632f12981e2a6!8m2!3d47.7705641!4d-3.3554206!16s%2Fg%2F11shkkjn_x!19sChIJi0QZjJGHQQcRpuKBKfEyhgY?authuser=0&hl=fr&rclk=1","Bucuri, Terrasses & Bardages Bois",Constructeur de terrasses,18 Rue des Îles des Glénan,06 18 81 60 93,https://www.bucuri.com/,5,-26
https://www.google.com/maps/place/Pro+Bat+Couleurs/data=!4m7!3m6!1s0x48105f907f419e91:0xe3808084a6e240f4!8m2!3d47.7331165!4d-3.3640044!16s%2Fg%2F11lfplr49n!19sChIJkZ5Bf5BfEEgR9EDipoSAgOM?authuser=0&hl=fr&rclk=1,Pro Bat Couleurs,Couvreur,42 Av. de la Perrière,06 95 60 23 83,https://www.viteundevis.com/in/?pid=2244&c=80,"4,7",-6
https://www.google.com/maps/place/NO%26MA+CHARPENTE+EXTENSION+BOIS+Pays+de+Lorient/data=!4m7!3m6!1s0x2c1159a3a82bb551:0xc167e454c3a510a2!8m2!3d47.8355559!4d-3.429644!16s%2Fg%2F11pws41wwl!19sChIJUbUrqKNZESwRohClw1TkZ8E?authuser=0&hl=fr&rclk=1,NO&MA CHARPENTE EXTENSION BOIS Pays de Lorient,Charpentier,7 rue de Kerhuic,06 99 60 20 08,https://www.noetma.fr/,5,-23
https://www.google.com/maps/place/Langellotti+Couverture/data=!4m7!3m6!1s0x2ed02392b1adfde7:0x67d9105126526231!8m2!3d47.7567041!4d-3.3752637!16s%2Fg%2F11k9sx4z7x!19sChIJ5_2tsZIj0C4RMWJSJlEQ2Wc?authuser=0&hl=fr&rclk=1,Langellotti Couverture,Couvreur,19 Rue de Calvin,06 67 56 42 63,http://www.langellotti-couverture-lorient.fr/,4,-4
https://www.google.com/maps/place/Protechabitat+Couvreur+%C3%A0+Lorient/data=!4m7!3m6!1s0xa085f5fab7a9a513:0x7c1fb6b6d2e44fbf!8m2!3d47.7552493!4d-3.3294822!16s%2Fg%2F11y8jgrrq5!19sChIJE6Wpt_r1haARv0_k0ra2H3w?authuser=0&hl=fr&rclk=1,Protechabitat Couvreur à Lorient,Couvreur,1 All. des Acacias,07 88 45 58 26,https://protechabitat.com/,"4,8",-19
https://www.google.com/maps/place/Breizh+Etancheite/data=!4m7!3m6!1s0x48105eebdc881d05:0x6eb3ca252cf74540!8m2!3d47.7663!4d-3.35085!16s%2Fg%2F11c584g_fc!19sChIJBR2I3OteEEgRQEX3LCXKs24?authuser=0&hl=fr&rclk=1,Breizh Etancheite,Entrepreneur,·,06 15 12 69 96,https://breizh-etancheite.fr/,"4,9",-8
https://www.google.com/maps/place/45+degr%C3%A9s+Ouest/data=!4m7!3m6!1s0x48105f1d95084627:0x584fd97b3e542347!8m2!3d47.7823471!4d-3.3522623!16s%2Fg%2F11vbcb5vn4!19sChIJJ0YIlR1fEEgRRyNUPnvZT1g?authuser=0&hl=fr&rclk=1,45 degrés Ouest,Entrepreneur spécialisé dans l'isolation,·,02 97 76 70 22,https://groupe45.bzh/,5,-3
https://www.google.com/maps/place/Ad+R%C3%A9novation/data=!4m7!3m6!1s0x452583bc8d6a029b:0x2dcec0210eeb249d!8m2!3d47.8252981!4d-3.4319066!16s%2Fg%2F11vssnvytb!19sChIJmwJqjbyDJUURnSTrDiHAzi0?authuser=0&hl=fr&rclk=1,Ad Rénovation,Couvreur,·,06 16 91 00 66,https://www.adrenovation-56.fr/?utm_source=gmb,5,-12
https://www.google.com/maps/place/R%C3%A9seau+AC+2.0/data=!4m7!3m6!1s0x48105e5779f40001:0x994b9141fcc6cab8!8m2!3d47.7513839!4d-3.3610353!16s%2Fg%2F11vbsl3x9w!19sChIJAQD0eVdeEEgRuMrG_EGRS5k?authuser=0&hl=fr&rclk=1,Réseau AC 2.0,Entreprise de construction,23 Rue Victor Masse,02 56 54 37 75,https://ac-2.fr/,"4,9",-8
https://www.google.com/maps/place/LE+DEVEHAT+Bardage+Etanch%C3%A9it%C3%A9+-+Romain+Le+D%C3%A9v%C3%A9hat/data=!4m7!3m6!1s0x481059ab146ce4c1:0x28e1d023361c5bac!8m2!3d47.8557626!4d-3.3775135!16s%2Fg%2F11pvbbnclg!19sChIJweRsFKtZEEgRrFscNiPQ4Sg?authuser=0&hl=fr&rclk=1,LE DEVEHAT Bardage Etanchéité - Romain Le Dévéhat,Couvreur,Rue Anne de Bretagne,06 50 10 44 57,https://www.leray.info/page/le-devehat-bardage-etancheite-romain-le-devehat-bardage-cleguer-61e84e6b1263f82bbe0cb64f,5,-1
https://www.google.com/maps/place/CG+Couverture+-+Couvreur+-+Zinguerie+-+Toiture/data=!4m7!3m6!1s0x48dad419d81d1f01:0x4b411a0d6f18a07!8m2!3d47.7626794!4d-3.3200578!16s%2Fg%2F11t_lj_jp4!19sChIJAR8d2BnU2kgRB4rx1qARtAQ?authuser=0&hl=fr&rclk=1,CG Couverture - Couvreur - Zinguerie - Toiture,Couvreur,·,06 02 21 59 61,https://cgcouverture56.fr/,"4,7",-18
https://www.google.com/maps/place/CAUDAN+CHARPENTE/data=!4m7!3m6!1s0x48105f1788a0a071:0xcb247b1074b122dc!8m2!3d47.792912!4d-3.3519462!16s%2Fg%2F11rxhjzt9p!19sChIJcaCgiBdfEEgR3CKxdBB7JMs?authuser=0&hl=fr&rclk=1,CAUDAN CHARPENTE,Charpentier,8 Imp. de Kervoter,06 73 15 75 15,,5,-2
https://www.google.com/maps/place/Avenir+R%C3%A9novations+Lorient+%2856%29/data=!4m7!3m6!1s0x48105f8adc883099:0x6bead141b2572346!8m2!3d47.732681!4d-3.374267!16s%2Fg%2F11ykvfr9tq!19sChIJmTCI3IpfEEgRRiNXskHR6ms?authuser=0&hl=fr&rclk=1,Avenir Rénovations Lorient (56),Travaux généraux,1 Rue d'Estienne d'Orves,02 21 83 37 16,https://www.google.com/aclk?sa=L&ai=DChsSEwi9o8PPiL6UAxV9qGgJHepHAaoYACICCAEQAxoCd2Y&co=1&ase=2&gclid=CjwKCAjwq6DQBhBVEiwA4ZD5XDCY5awkMCnCUjT9OtpFf2aicF55D2X0b9Xv6fHthuMY6I7ljuTcpRoCqgwQAvD_BwE&cce=2&category=acrcp_v1_32&sig=AOD64_0EbVI_-h3_qxHiDEhiwNFfvAOp2Q&adurl&q&ctype=99&nis=6,5,-9
https://www.google.com/maps/place/Breizh+Toit+:+Vannes/data=!4m7!3m6!1s0x4810212cbc0cb913:0xbd22cafaf994baf7!8m2!3d47.755071!4d-2.773995!16s%2Fg%2F11vd9rnq77!19sChIJE7kMvCwhEEgR97qU-frKIr0?authuser=0&hl=fr&rclk=1,Breizh Toit : Vannes,Couvreur,ZA de BOTCALPIR,02 99 50 76 02,https://www.google.com/aclk?sa=L&ai=DChsSEwi9o8PPiL6UAxV9qGgJHepHAaoYACICCAEQABoCd2Y&co=1&ase=2&gclid=CjwKCAjwq6DQBhBVEiwA4ZD5XCHjkXByxUE5ZW2_i-sLOKMijF5JxW8KJcskrZRPSUsieHa9M7qDQBoCSCcQAvD_BwE&cce=2&category=acrcp_v1_32&sig=AOD64_0UHKn0XSe16gBorJ3e5YqKeXulhQ&adurl&q&ctype=99&nis=6,"4,1",-28
https://www.google.com/maps/place/SMAC/data=!4m7!3m6!1s0x48105cadabeeb6eb:0xad315f5fe89f1c41!8m2!3d47.78969!4d-3.246581!16s%2Fg%2F11b6gmc200!19sChIJ67buq61cEEgRQRyf6F9fMa0?authuser=0&hl=fr&rclk=1,SMAC,Entrepreneur spécialisé dans l'isolation,·,02 97 87 82 00,https://www.smac-sa.com/agence/smac-lorient/?utm_source=gmb&utm_medium=CTA-WEB&utm_campaign=Lorient,"3,8",-14
https://www.google.com/maps/place/Le+Scouiller+Couverture/data=!4m7!3m6!1s0x48105e1cacd37e89:0x6fc1b51abdbfb116!8m2!3d47.7320484!4d-3.319926!16s%2Fg%2F11gy0_v8mj!19sChIJiX7TrBxeEEgRFrG_vRq1wW8?authuser=0&hl=fr&rclk=1,Le Scouiller Couverture,Couvreur,13 ZA ZI de Kervern,06 26 07 39 66,https://lescouiller-couverture.fr/,"3,3",-18
https://www.google.com/maps/place/Carr%C3%A9+couverture/data=!4m7!3m6!1s0x48105eb806e6aae9:0x822e8cda4b42c0cd!8m2!3d47.7824132!4d-3.3539052!16s%2Fg%2F1v2jc9df!19sChIJ6armBrheEEgRzcBCS9qMLoI?authuser=0&hl=fr&rclk=1,Carré couverture,Couvreur,56 Rue Raymond Poincaré,06 08 75 95 11,,"4,3",-16
https://www.google.com/maps/place/Lariviere/data=!4m7!3m6!1s0x48105f59ae441a3f:0xd89fb1a2506e35df!8m2!3d47.781325!4d-3.416132!16s%2Fg%2F1tdc00xx!19sChIJPxpErllfEEgR3zVuUKKxn9g?authuser=0&hl=fr&rclk=1,Lariviere,Magasin de materiaux de construction,·,02 97 05 01 16,https://www.lariviere.fr/trouver-votre-agence/lariviere-SEB/entry-416-lariviere-lorient.html,4,-24
https://www.google.com/maps/place/Bati-Bois+56/data=!4m7!3m6!1s0x481061a5d1d18701:0x1b26fa2ebf982966!8m2!3d47.7099625!4d-3.3288962!16s%2Fg%2F11qpk5b381!19sChIJAYfR0aVhEEgRZimYvy76Jhs?authuser=0&hl=fr&rclk=1,Bati-Bois 56,Charpentier,117 Rue de Kerdurand,06 67 86 00 24,,"4,7",-12
https://www.google.com/maps/place/SOBAP/data=!4m7!3m6!1s0x48105f9b525e6317:0xe68a85c3fbfa70e!8m2!3d47.7483839!4d-3.3989277!16s%2Fg%2F1tfkvq7g!19sChIJF2NeUptfEEgRDqe_P1yoaA4?authuser=0&hl=fr&rclk=1,SOBAP,Entrepreneur spécialisé dans l'isolation,8 Rue du Divit,02 97 37 21 71,http://www.sobap.fr/,"3,4",-15
https://www.google.com/maps/place/Le+Penher/data=!4m7!3m6!1s0x48105eb7473a7373:0x5c9d5672685f5c40!8m2!3d47.7852605!4d-3.3487712!16s%2Fg%2F11vwmcccfp!19sChIJc3M6R7deEEgRQFxfaHJWnVw?authuser=0&hl=fr&rclk=1,Le Penher,1100 Rue Jean Baptiste Martenot,,,,2,-1
https://www.google.com/maps/place/Leroy+Merlin+Qu%C3%A9ven+-+Lorient/data=!4m7!3m6!1s0x48105f5f39f098d9:0x96f7abfc62ec37e7!8m2!3d47.7784554!4d-3.4224083!16s%2Fg%2F1tfzr9mx!19sChIJ2ZjwOV9fEEgR5zfsYvyr95Y?authuser=0&hl=fr&rclk=1,Leroy Merlin Quéven - Lorient,Magasin de materiaux de construction,·,02 97 80 10 50,https://www.leroymerlin.fr/magasins/queven-lorient.html,4,-4 332
https://www.google.com/maps/place/Avenir+R%C3%A9novations+60+Beauvais/data=!4m7!3m6!1s0x47e7cb222f207ddb:0x4008c69d9dda2a79!8m2!3d49.366882!4d2.508193!16s%2Fg%2F11q21cbh_x!19sChIJ230gLyLL50cReSranZ3GCEA?authuser=0&hl=fr&rclk=1,Avenir Rénovations 60 Beauvais,Travaux généraux,2 ter Rue du Bord des Eaux,03 66 88 29 13,https://www.google.com/aclk?sa=L&ai=DChsSEwjq06LiiL6UAxWanmgJHduDBcIYACICCAEQBBoCd2Y&co=1&ase=2&gclid=CjwKCAjwq6DQBhBVEiwA4ZD5XJSVzkUcKSi_WTmvXr5VW0ulgseF2J87crhuyqPU5OSmfuwVVAPIhxoCMpIQAvD_BwE&cce=2&category=acrcp_v1_32&sig=AOD64_0EC_2HSJ511DFIKCg_QMiW2vn7YA&adurl&q&ctype=99&nis=6,"4,2",-15
https://www.google.com/maps/place/BARILLET+Beauvais/data=!4m7!3m6!1s0x47e700c7957287ad:0x3d737ae3a961b315!8m2!3d49.416005!4d2.115416!16s%2Fg%2F11bzz1_nv8!19sChIJrYdylccA50cRFbNhqeN6cz0?authuser=0&hl=fr&rclk=1,BARILLET Beauvais,Négociant en bois,1 Rue de l'Industrie,03 44 15 31 60,https://www.google.com/aclk?sa=L&ai=DChsSEwjq06LiiL6UAxWanmgJHduDBcIYACICCAEQBRoCd2Y&co=1&ase=2&gclid=CjwKCAjwq6DQBhBVEiwA4ZD5XJ5qCk8qzu4mSzS70JJMl6LrzXNtn-sahuGXwpm2gdJPnb_Z1SbjrhoCYFIQAvD_BwE&cce=2&category=acrcp_v1_32&sig=AOD64_2mXxA9tuKCDymydZ_s_nNdryGoaw&adurl&q&ctype=99&nis=6,"3,6",-16
https://www.google.com/maps/place/La+Fa%C3%A7ade+du+Beauvaisis+-+Votre+fa%C3%A7adier+dans+l%27Oise/data=!4m7!3m6!1s0x47e7072c32a59b59:0x9dfea654bbc2f560!8m2!3d49.4320108!4d2.1085431!16s%2Fg%2F1vqtg38b!19sChIJWZulMiwH50cRYPXCu1Sm_p0?authuser=0&hl=fr&rclk=1,La Façade du Beauvaisis - Votre façadier dans l'Oise,Entrepreneur spécialisé dans l'isolation,164 Rue de Clermont,03 44 07 99 99,http://www.la-facade-du-beauvaisis.fr/,"4,7",-200
https://www.google.com/maps/place/Couvreur+60+BS+Artisan+Couvreur+dans+l%27Oise+Recherche+de+Fuites+R%C3%A9paration+de+Toiture/data=!4m7!3m6!1s0x47e7072bd65dcca9:0xb98dde8d729a707f!8m2!3d49.4319239!4d2.0830844!16s%2Fg%2F11gc6yng_7!19sChIJqcxd1isH50cRf3Caco3ejbk?authuser=0&hl=fr&rclk=1,Couvreur 60 BS Artisan Couvreur dans l'Oise Recherche de Fuites Réparation de Toiture,Couvreur,08 Rue Philippe de Dreux,06 25 70 82 72,https://couvreur60.fr/,"4,5",-21
https://www.google.com/maps/place/MIEUX+RENOVER+60/data=!4m7!3m6!1s0x47e7018a9948bbb7:0x53333eaf416528f!8m2!3d49.4276363!4d2.0820726!16s%2Fg%2F11nck2lppc!19sChIJt7tImYoB50cRj1IW9OozMwU?authuser=0&hl=fr&rclk=1,MIEUX RENOVER 60,Entrepreneur spécialisé dans l'isolation,·,01 60 77 22 22,https://mieuxrenover.com/,5,-226
https://www.google.com/maps/place/AJC%2B+Isolation/data=!4m7!3m6!1s0x47e706b2b192a04b:0x734086e04fa7202a!8m2!3d49.425318!4d2.094159!16s%2Fg%2F1tdc93k1!19sChIJS6CSsbIG50cRKiCnT-CGQHM?authuser=0&hl=fr&rclk=1,AJC+ Isolation,Entrepreneur spécialisé dans l'isolation,78 Rue du Pont d'Arcole,03 44 02 59 06,https://www.ajc-plus.fr/,"4,8",-98
https://www.google.com/maps/place/Technitoit+Beauvais/data=!4m7!3m6!1s0x47e706d456d85a41:0x8a0521830ed1d815!8m2!3d49.4410103!4d2.1012966!16s%2Fg%2F12lkw4n3g!19sChIJQVrYVtQG50cRFdjRDoMhBYo?authuser=0&hl=fr&rclk=1,Technitoit Beauvais,Entrepreneur spécialisé dans l'isolation,·,03 66 88 36 51,https://www.technitoit.com/agence/oise-60-beauvais?utm_source=google&utm_medium=gmb,"4,6",-323
https://www.google.com/maps/place/Asturienne+Beauvais+-+Mat%C3%A9riaux+de+couverture+pour+toitures/data=!4m7!3m6!1s0x47e7073b3cd742e9:0xbfdc6366c442c0f4!8m2!3d49.4185985!4d2.1137221!16s%2Fg%2F11btxg8l6c!19sChIJ6ULXPDsH50cR9MBCxGZj3L8?authuser=0&hl=fr&rclk=1,Asturienne Beauvais - Matériaux de couverture pour toitures,Magasin de materiaux de construction,33 Av. Blaise Pascal,03 44 52 83 83,https://www.asturienne.fr/infos-agence/beauvais-asturienne-4102,4,-41
https://www.google.com/maps/place/FPCO/data=!4m7!3m6!1s0x47e7073669e88aef:0xfab82af7d5872ed1!8m2!3d49.4412871!4d2.0994102!16s%2Fg%2F11y32l4jz8!19sChIJ74roaTYH50cR0S6H1fcquPo?authuser=0&hl=fr&rclk=1,FPCO,Couvreur,5 Rue de Maidstone,07 69 83 08 04,http://www.fpcobeauvais.com/,5,-10
https://www.google.com/maps/place/Les+Facadiers+Du+Nord/data=!4m7!3m6!1s0x47e7078c58c5d301:0xa5da53c30925fdf!8m2!3d49.4385422!4d2.106925!16s%2Fg%2F11pbzp774m!19sChIJAdPFWIwH50cR31-SMDylXQo?authuser=0&hl=fr&rclk=1,Les Facadiers Du Nord,Entrepreneur spécialisé dans l'isolation,36 Av. Salvador Allende H,03 60 36 80 35,https://www.lesfacadiersdunord.fr/,"4,9",-47
https://www.google.com/maps/place/CB2M+Services/data=!4m7!3m6!1s0x47e7072222aea69b:0x19f43a6dcded5419!8m2!3d49.4410286!4d2.1012989!16s%2Fg%2F11y597xzqz!19sChIJm6auIiIH50cRGVTtzW069Bk?authuser=0&hl=fr&rclk=1,CB2M Services,Entreprise d'étanchéité,1 Rue Konrad Adenauer,03 44 05 92 99,https://www.cb2m-services.fr/,,
https://www.google.com/maps/place/Renaud+Etanch%C3%A9it%C3%A9+Poirier+Couverture/data=!4m7!3m6!1s0x47e7070b8e47efb3:0xeabe12e1f49df82e!8m2!3d49.4637238!4d2.1168317!16s%2Fg%2F1tgvcz3v!19sChIJs-9HjgsH50cRLvid9OESvuo?authuser=0&hl=fr&rclk=1,Renaud Etanchéité Poirier Couverture,Couvreur,51 Rue du Moulin,03 44 15 61 95,http://www.poirier-couverture-etancheite.com/,"3,7",-11
https://www.google.com/maps/place/Couvreur+%C3%A0+Beauvais+%2860%29+%E2%80%93+Les+couvreurs+Picard/data=!4m7!3m6!1s0x40e60d5d0c0bf627:0x4dfa0812684c2c98!8m2!3d49.4276364!4d2.0820718!16s%2Fg%2F11xkw8b017!19sChIJJ_YLDF0N5kARmCxMaBII-k0?authuser=0&hl=fr&rclk=1,Couvreur à Beauvais (60) – Les couvreurs Picard,Entrepreneur spécialisé dans l'isolation,1 Rue du Pont de Paris,06 02 37 13 41,http://www.lescouvreurspicard.com/,5,-21
https://www.google.com/maps/place/BGR60+%28BARLESI+GINER+RAVALEMENT%29+Isolation+%26+Fa%C3%A7ade+%7C+Beauvais/data=!4m7!3m6!1s0x47e707285f38f097:0x84fef9150905af86!8m2!3d49.4296678!4d2.0832579!16s%2Fg%2F11clwdj14v!19sChIJl_A4XygH50cRhq8FCRX5_oQ?authuser=0&hl=fr&rclk=1,BGR60 (BARLESI GINER RAVALEMENT) Isolation & Façade | Beauvais,Entrepreneur spécialisé dans l'isolation,11 Rue de la Madeleine,09 75 78 44 01,,5,-2
https://www.google.com/maps/place/Groupe+Le+Carr%C3%A9+Beauvais+%28CRPH%29/data=!4m7!3m6!1s0x47e707b2b961de71:0x783f5aa9b3db0378!8m2!3d49.4133956!4d2.1184982!16s%2Fg%2F11h_z835wj!19sChIJcd5hubIH50cReAPbs6laP3g?authuser=0&hl=fr&rclk=1,Groupe Le Carré Beauvais (CRPH),Entrepreneur spécialisé dans l'isolation,·,03 44 22 60 32,https://www.groupelecarre-beauvais.fr/?utm_source=gmb,"4,6",-64
https://www.google.com/maps/place/HDF+FACADE+-+Entreprise+Isolation+thermique+ext%C3%A9rieur+RGE+-+R%C3%A9novation+de+fa%C3%A7ade+-+Ravalement+-+Fa%C3%A7adier/data=!4m7!3m6!1s0x47e70751008e4f0f:0xd257cb0275c59ed9!8m2!3d49.4409312!4d2.0989721!16s%2Fg%2F11j3n38r0j!19sChIJD0-OAFEH50cR2Z7FdQLLV9I?authuser=0&hl=fr&rclk=1,HDF FACADE - Entreprise Isolation thermique extérieur RGE - Rénovation de façade - Ravalement - Façadier,Entrepreneur spécialisé dans l'isolation,·,03 75 89 25 74,https://hdf-facade.fr/,5,-83
https://www.google.com/maps/place/FCA+Beauvais+-+isolation+thermique+et+ravalement+dans+l%27Oise+%28+60+%29/data=!4m7!3m6!1s0x47e706d3c3f2c503:0x563fc8b03feac209!8m2!3d49.431962!4d2.0876855!16s%2Fg%2F119vqwyv7!19sChIJA8Xyw9MG50cRCcLqP7DIP1Y?authuser=0&hl=fr&rclk=1,FCA Beauvais - isolation thermique et ravalement dans l'Oise ( 60 ),Entrepreneur spécialisé dans l'isolation,46 Rue Jeanne d'Arc,03 44 11 50 00,https://fca-renovation.com/,"4,7",-47
https://www.google.com/maps/place/Brzezinski+Societe/data=!4m7!3m6!1s0x47e703f0a8b78f5b:0x932905774ae5c795!8m2!3d49.43972!4d2.0576908!16s%2Fg%2F1td60105!19sChIJW4-3qPAD50cRlcflSncFKZM?authuser=0&hl=fr&rclk=1,Brzezinski Societe,Couvreur,112 bis Rue de Savignies,03 44 45 62 61,http://www.brzezinski-societe.fr/,3,-2
https://www.google.com/maps/place/BARILLET+Beauvais/data=!4m7!3m6!1s0x47e700c7957287ad:0x3d737ae3a961b315!8m2!3d49.4160048!4d2.1154162!16s%2Fg%2F11bzz1_nv8!19sChIJrYdylccA50cRFbNhqeN6cz0?authuser=0&hl=fr&rclk=1,BARILLET Beauvais,Négociant en bois,·,03 44 15 31 60,https://www.barillet-distribution.fr/agence/beauvais?utm_source=gmb,"3,6",-16
https://www.google.com/maps/place/APOK+Beauvais/data=!4m7!3m6!1s0x47e706cd1f146e79:0xb491efef573d8440!8m2!3d49.435637!4d2.1197762!16s%2Fg%2F1vgx01qv!19sChIJeW4UH80G50cRQIQ9V-_vkbQ?authuser=0&hl=fr&rclk=1,APOK Beauvais,Magasin de materiaux de construction,·,03 44 10 50 60,https://www.apok.fr/?utm_source=gmb&utm_medium=organic&utm_campaign=gmb_listing,"4,2",-26
https://www.google.com/maps/place/Picardie+Baches+Etancheite+P+B+E/data=!4m7!3m6!1s0x47e706ab8b845ac5:0x64178e7ad17ee7b7!8m2!3d49.4317483!4d2.0562284!16s%2Fg%2F1tl8k0kq!19sChIJxVqEi6sG50cRt-d-0XqOF2Q?authuser=0&hl=fr&rclk=1,Picardie Baches Etancheite P B E,Entrepreneur,6 Rue de l'Avelon,03 44 15 03 06,http://www.pbaches.com/,"3,9",-7
https://www.google.com/maps/place/%C3%80+CIEL+OUVERT/data=!4m7!3m6!1s0x47e70115f7a639c7:0xdfa84da5779cba40!8m2!3d49.4276297!4d2.0820696!16s%2Fg%2F11g9qhm788!19sChIJxzmm9xUB50cRQLqcd6VNqN8?authuser=0&hl=fr&rclk=1,À CIEL OUVERT,Couvreur,1 Rue du Pont de Paris,03 39 39 99 60,https://www.acielouvert.com/nos-installateurs-velux/installateur-expert-pose-velux-picardie/oise/installateur-expert-en-pose-velux-a-beauvais,"4,9",-83
https://www.google.com/maps/place/%C3%80+CIEL+OUVERT/data=!4m7!3m6!1s0x47e70115f7a639c7:0xdfa84da5779cba40!8m2!3d49.42763!4d2.08207!16s%2Fg%2F11g9qhm788!19sChIJxzmm9xUB50cRQLqcd6VNqN8?authuser=0&hl=fr&rclk=1,À CIEL OUVERT,Couvreur,1 Rue du Pont de Paris,06 33 65 63 34,https://www.google.com/aclk?sa=L&ai=DChsSEwi1kuXoiL6UAxVTtWgJHTBhAn0YACICCAEQBxoCd2Y&co=1&ase=2&gclid=CjwKCAjwq6DQBhBVEiwA4ZD5XG7G-U2PYGvP5cBoJ2a85FP2oAE-tVzXXCGiFL3zI4N1GRnEbUYxZxoCYxkQAvD_BwE&cce=2&category=acrcp_v1_32&sig=AOD64_1y9CJBaQan1ExOy2pY2OM9qCF6hg&adurl&q&ctype=99&nis=6,"4,9",-83
https://www.google.com/maps/place/BARILLET+Beauvais/data=!4m7!3m6!1s0x47e700c7957287ad:0x3d737ae3a961b315!8m2!3d49.416005!4d2.115416!16s%2Fg%2F11bzz1_nv8!19sChIJrYdylccA50cRFbNhqeN6cz0?authuser=0&hl=fr&rclk=1,BARILLET Beauvais,Négociant en bois,1 Rue de l'Industrie,03 44 15 31 60,https://www.google.com/aclk?sa=L&ai=DChsSEwi1kuXoiL6UAxVTtWgJHTBhAn0YACICCAEQChoCd2Y&co=1&ase=2&gclid=CjwKCAjwq6DQBhBVEiwA4ZD5XKdnlHEdfhosoTIO4NgOroSBdM7l9frrB1R-in-oE1qInSGznlKgmBoCvSkQAvD_BwE&cce=2&category=acrcp_v1_32&sig=AOD64_37Jgahi3Y38ULgd6PXUfxQ_GfFRg&adurl&q&ctype=99&nis=6,"3,6",-16
https://www.google.com/maps/place/MDS+60+-+Travaux+tous+corps+d%27%C3%A9tat/data=!4m7!3m6!1s0x47e70724d983e71b:0xb147e98bf5c3183e!8m2!3d49.4390094!4d2.1076584!16s%2Fg%2F1vzn4wn6!19sChIJG-eD2SQH50cRPhjD9YvpR7E?authuser=0&hl=fr&rclk=1,MDS 60 - Travaux tous corps d'état,Constructeur de terrasses,36 Av. Salvador Allende bât E,03 44 46 23 48,https://www.mds60.fr/,"3,6",-34
https://www.google.com/maps/place/APBE/data=!4m7!3m6!1s0x47e7aa4ab8f0d55d:0x366a400738f32950!8m2!3d49.4222576!4d2.0388585!16s%2Fg%2F1ptx2jjdb!19sChIJXdXwuEqq50cRUCnzOAdAajY?authuser=0&hl=fr&rclk=1,APBE,Entrepreneur spécialisé dans l'isolation,"1 f, Rue de Montguillain",03 44 07 54 53,http://apbe.info/,"4,1",-9
https://www.google.com/maps/place/Buquet+couverture/data=!4m7!3m6!1s0x84835840cb2425f9:0xb7a92853188b7306!8m2!3d49.442542!4d2.0876978!16s%2Fg%2F11x1gzsbyx!19sChIJ-SUky0BYg4QRBnOLGFMoqbc?authuser=0&hl=fr&rclk=1,Buquet couverture,Couvreur,·,06 44 79 98 33,https://www.buquet-couverture.fr/,5,-3
https://www.google.com/maps/place/Beauvaisis+D%C3%A9cor+SARL/data=!4m7!3m6!1s0x47e70724d983e71b:0x58656ab55a39e83a!8m2!3d49.439099!4d2.1077777!16s%2Fg%2F1th5hsfh!19sChIJG-eD2SQH50cROug5WrVqZVg?authuser=0&hl=fr&rclk=1,Beauvaisis Décor SARL,Peintre en bâtiment,36 Av. Salvador Allende,03 44 84 58 05,,"2,4",-11
https://www.google.com/maps/place/Oise+travaux/data=!4m7!3m6!1s0xc615c466a5c1fc7:0x58df25623f178215!8m2!3d49.4121941!4d2.4273078!16s%2Fg%2F11vt5mhmlz!19sChIJxx9cakZcYQwRFYIXP2Il31g?authuser=0&hl=fr&rclk=1,Oise travaux,Entreprise de terrassement,·,06 58 87 25 78,https://www.oise-travaux.fr/,5,-5
"https://www.google.com/maps/place/%F0%9F%91%89+SAN+BAT+%E2%80%93+Expert+en+bardage,+isolation+et+ravalement+de+fa%C3%A7ade+en+France/data=!4m7!3m6!1s0x47e60feff7a628f7:0x64518599c5ad926b!8m2!3d48.8489869!4d2.5555182!16s%2Fg%2F11z1lh63fc!19sChIJ9yim9-8P5kcRa5KtxZmFUWQ?authuser=0&hl=fr&rclk=1","👉 SAN BAT – Expert en bardage, isolation et ravalement de façade en France",Entrepreneur spécialisé dans l'isolation,·,07 44 74 50 36,https://sanbat.fr/,5,-5
https://www.google.com/maps/place/Entreprise+toiture+couvreur+Sarl+Legran/data=!4m7!3m6!1s0x47e60df2e5c65f35:0xe639bcb8e7486de9!8m2!3d48.8445977!4d2.5258046!16s%2Fg%2F1tdxv9t3!19sChIJNV_G5fIN5kcR6W1I57i8OeY?authuser=0&hl=fr&rclk=1,Entreprise toiture couvreur Sarl Legran,Couvreur,·,01 48 69 43 88,http://www.couvreur-toiture.fr/,5,-2
https://www.google.com/maps/place/SARL+CHAVES+SNOECK/data=!4m7!3m6!1s0x47e8097588e258cf:0x7e0531cf2972c073!8m2!3d49.745194!4d2.927133!16s%2Fg%2F11vc7swngt!19sChIJz1jiiHUJ6EcRc8ByKc8xBX4?authuser=0&hl=fr&rclk=1,SARL CHAVES SNOECK,Charpentier,5 Rue de Billancourt,06 37 76 85 21,https://sarl-chaves-snoeck.fr/,5,-2
"https://www.google.com/maps/place/SKF+%C3%89tancheit%C3%A9,+Bardage,+Entretien,+Construction+et+R%C3%A9novation/data=!4m7!3m6!1s0x47e66fb59dce057d:0x38e256f65fead1ab!8m2!3d49.5748153!4d3.0142337!16s%2Fg%2F11l4tsk4t7!19sChIJfQXOnbVv5kcRq9HqX_ZW4jg?authuser=0&hl=fr&rclk=1","SKF Étancheité, Bardage, Entretien, Construction et Rénovation",Entreprise de construction,335 Rue Paul Roger,03 64 60 00 10,http://www.skf-etancheite.fr/,5,-1
https://www.google.com/maps/place/PETRUS+COUVERTURE+BARDAGE/data=!4m7!3m6!1s0x47dd53ae9ae698b3:0x6686f07d89a001e1!8m2!3d50.0978461!4d2.8801474!16s%2Fg%2F11btlwpnyw!19sChIJs5jmmq5T3UcR4QGgiX3whmY?authuser=0&hl=fr&rclk=1,PETRUS COUVERTURE BARDAGE,Fabricant,·,03 21 24 34 36,,"4,9",-54
https://www.google.com/maps/place/M.D.D.M+%C3%89tanch%C3%A9it%C3%A9/data=!4m7!3m6!1s0x24a39defaf9f31ab:0x321b9bc616d0f334!8m2!3d48.9345495!4d2.4996229!16s%2Fg%2F11txbwy2l0!19sChIJqzGfr--doyQRNPPQFsabGzI?authuser=0&hl=fr&rclk=1,M.D.D.M Étanchéité,Couvreur,7 Pl. de l'Hôtel de ville,06 52 41 06 73,https://mddm-etancheite.fr/,"4,9",-9
https://www.google.com/maps/place/Spiquel-Charpente/data=!4m7!3m6!1s0x47e60d3c36e92b97:0x5afc4300c0fd57cf!8m2!3d48.8276793!4d2.4738718!16s%2Fg%2F1tf6wnf2!19sChIJlyvpNjwN5kcRz1f9wABD_Fo?authuser=0&hl=fr&rclk=1,Spiquel-Charpente,Charpentier,·,06 09 52 34 94,https://spiquel-charpente.fr/,"4,2",-5
https://www.google.com/maps/place/ABRITEC+COUVERTURE/data=!4m7!3m6!1s0x47e66d747550b4f1:0x81705cfe66331365!8m2!3d48.893569!4d2.439454!16s%2Fg%2F11y0ms2g__!19sChIJ8bRQdXRt5kcRZRMzZv5ccIE?authuser=0&hl=fr&rclk=1,ABRITEC COUVERTURE,Couvreur,8 Rue de la Pointe,06 59 12 36 15,https://www.abritec-couverture-charpente-etancheite-bardage.com/,5,-52
https://www.google.com/maps/place/MARMIN+Constructeur+Bois/data=!4m7!3m6!1s0x47ef5477bc9ba779:0xdecb96ed0b283490!8m2!3d48.8004922!4d2.6270277!16s%2Fg%2F11h31z70bl!19sChIJeaebvHdU70cRkDQoC-2Wy94?authuser=0&hl=fr&rclk=1,MARMIN Constructeur Bois,Constructeur de maisons en bois,2 Rue du Pré des Aulnes,06 14 05 53 96,https://www.marmin-bois.com/,4,-16
https://www.google.com/maps/place/Cl%C3%B4ture+Bardage+Pro+-+M.+Lorrain/data=!4m7!3m6!1s0x4fd86315ca8413c7:0xf8e21e26277e9b76!8m2!3d49.352436!4d2.742502!16s%2Fg%2F11yd1zlzv9!19sChIJxxOEyhVj2E8Rdpt-JyYe4vg?authuser=0&hl=fr&rclk=1,Clôture Bardage Pro - M. Lorrain,Entrepreneur spécialisé dans les clôtures,764 Rue de la Pantoufière,07 49 98 17 86,,5,-17
https://www.google.com/maps/place/Sarl+Isobec/data=!4m7!3m6!1s0x47e873cfb5f150e1:0x789f2a8a741a313!8m2!3d49.5816399!4d3.0229832!16s%2Fg%2F11btmqb_x1!19sChIJ4VDxtc9z6EcRE6NBp6jyiQc?authuser=0&hl=fr&rclk=1,Sarl Isobec,Couvreur,13 All. du Grand Vignoble,07 62 13 45 44,,"4,3",-3
https://www.google.com/maps/place/Artoiz+Couverture/data=!4m7!3m6!1s0x47e60553575e0129:0x26c15e933804e085!8m2!3d48.7948474!4d2.6679138!16s%2Fg%2F11x5w0gn90!19sChIJKQFeV1MF5kcRheAEOJNewSY?authuser=0&hl=fr&rclk=1,Artoiz Couverture,Couvreur,1 Av. Victor Hugo,06 98 40 26 15,https://artoiz-couverture.fr/,5,-23
https://www.google.com/maps/place/Basto+%C3%A9tanch%C3%A9it%C3%A9/data=!4m7!3m6!1s0x47e7d3fbc041ea97:0x3c4ce1d4e7bd5f8d!8m2!3d49.3562069!4d2.7525488!16s%2Fg%2F1tgn8ymk!19sChIJl-pBwPvT50cRjV-959ThTDw?authuser=0&hl=fr&rclk=1,Basto étanchéité,Entrepreneur spécialisé dans l'isolation,"Zone industrielle, 1 Rue de la Grande Prée",03 44 42 00 22,http://www.basto-etancheite.com/,"4,1",-13
https://www.google.com/maps/place/Couverture+Patin+SARL/data=!4m7!3m6!1s0x47e80949f164f7e1:0x496a877d349ce98b!8m2!3d49.740173!4d2.9909721!16s%2Fg%2F11y41p3sds!19sChIJ4fdk8UkJ6EcRi-mcNH2Hakk?authuser=0&hl=fr&rclk=1,Couverture Patin SARL,Couvreur,5 Rue du Cimetière,06 82 41 40 34,http://www.couverture-patin.fr/,,
https://www.google.com/maps/place/MENACH%C3%89+Couverture+%7C+Couvreur+80+P%C3%A9ronne/data=!4m7!3m6!1s0x47e800905af218d9:0xb55f624b78bb7348!8m2!3d49.9282574!4d2.941241!16s%2Fg%2F1tgvcz66!19sChIJ2RjyWpAA6EcRSHO7eEtiX7U?authuser=0&hl=fr&rclk=1,MENACHÉ Couverture | Couvreur 80 Péronne,Couvreur,33 Av. de la Gare,06 50 04 35 81,https://menache-couverture.fr/,5,-12
https://www.google.com/maps/place/S.A.A.C/data=!4m7!3m6!1s0x8c7037bb093e5e9b:0xf509cca1d6cc40a1!8m2!3d30.6959409!4d-49.8171262!16s%2Fg%2F11wx5w95zp!19sChIJm14-Cbs3cIwRoUDM1qHMCfU?authuser=0&hl=fr&rclk=1,S.A.A.C,Entreprise de construction,·,07 66 96 70 96,,"4,9",-9
https://www.google.com/maps/place/Bat+Etanche+Bardage/data=!4m7!3m6!1s0x81c1daa30eeddbab:0xf1bda2ad9180897c!8m2!3d48.8535211!4d2.7664888!16s%2Fg%2F11wnn25pp1!19sChIJq9vtDqPawYERfImAka2ivfE?authuser=0&hl=fr&rclk=1,Bat Etanche Bardage,Entreprise d'étanchéité,·,06 03 39 90 37,https://bat-etanche.fr/,5,-1
https://www.google.com/maps/place/EGD+Couverture/data=!4m7!3m6!1s0xa2a55c83685b4569:0xa4d5b5dbf76e6ab4!8m2!3d49.0416167!4d2.8058206!16s%2Fg%2F11vjqzdldp!19sChIJaUVbaINcpaIRtGpu99u11aQ?authuser=0&hl=fr&rclk=1,EGD Couverture,Couvreur,2 Rue du Gué de la Forge,06 26 57 55 30,https://www.egd-couverture.com/,5,-18
https://www.google.com/maps/place/BOIS-D%27ICI/data=!4m7!3m6!1s0x47a2d555a20738cd:0x5a0f0a9cad88067d!8m2!3d49.4434049!4d3.0002327!16s%2Fg%2F11pv0mh59j!19sChIJzTgHolXVokcRfQaIrZwKD1o?authuser=0&hl=fr&rclk=1,BOIS-D'ICI,Scierie,La Carrière,06 80 20 07 09,https://www.bois-dici.fr/,5,-4
https://www.google.com/maps/place/Monsieur+Peinture/data=!4m7!3m6!1s0x47e6700dcc895555:0x9997b5985154120d!8m2!3d48.8691667!4d2.3513586!16s%2Fg%2F11c5stvt6j!19sChIJVVWJzA1w5kcRDRJUUZi1l5k?authuser=0&hl=fr&rclk=1,Monsieur Peinture,Peintre en bâtiment,137 Rue d'Aboukir,07 57 90 29 27,https://www.monsieurpeinture.com/,"4,7",-278
https://www.google.com/maps/place/ECO-HOME+80/data=!4m7!3m6!1s0x47e7f70ee5e99035:0x61fd5946b379ef4d!8m2!3d49.9374582!4d2.7139102!16s%2Fg%2F11j90f7kf5!19sChIJNZDp5Q7350cRTe95s0ZZ_WE?authuser=0&hl=fr&rclk=1,ECO-HOME 80,Travaux généraux,6 Le Port,06 99 20 84 04,,5,-5
https://www.google.com/maps/place/Schrantz+Couverture/data=!4m7!3m6!1s0x47e7f9308d93f87b:0x7f05e2693a294f49!8m2!3d49.8767434!4d2.9302785!16s%2Fg%2F11fk8dll2q!19sChIJe_iTjTD550cRSU8pOmniBX8?authuser=0&hl=fr&rclk=1,Schrantz Couverture,Couvreur,13 Rue de l'Église,06 25 20 19 34,https://schrantz-couverture.com/,"4,3",-7
https://www.google.com/maps/place/Couvreur+Habitat+Travaux/data=!4m7!3m6!1s0x64e932997b9cc14d:0xd4196b127a00ca2d!8m2!3d49.15432!4d2.44192!16s%2Fg%2F11v6wn4bkx!19sChIJTcGce5ky6WQRLcoAehJrGdQ?authuser=0&hl=fr&rclk=1,Couvreur Habitat Travaux,Entrepreneur spécialisé dans l'isolation,15 Rue de la Tenure,03 65 96 09 24,https://habitattravaux.com/,5,-107
https://www.google.com/maps/place/TAM+Groupe/data=!4m7!3m6!1s0x47e66ac5a0a38099:0xd3dc7a5f4cc232d5!8m2!3d48.9871285!4d2.4552894!16s%2Fg%2F113dg9gjt!19sChIJmYCjoMVq5kcR1TLCTF963NM?authuser=0&hl=fr&rclk=1,TAM Groupe,Services aux entreprises,"12-14, Z.I. Nord, 12 Rue des Cressonnières",01 34 45 90 45,http://www.arteon.fr/,"3,9",-18
https://www.google.com/maps/place/Ootravaux/data=!4m7!3m6!1s0x47e67bb421de3a1f:0x23dee2226385221e!8m2!3d48.8288022!4d2.2312276!16s%2Fg%2F11j31vxgyy!19sChIJHzreIbR75kcRHiKFYyLi3iM?authuser=0&hl=fr&rclk=1,Ootravaux,Travaux généraux,204 Rond-Point du Pont De Sèvres,01 76 40 30 94,https://www.ootravaux.fr/,"4,4",-226
https://www.google.com/maps/place/Pr%C3%A9vention+du+Patrimoine+Fran%C3%A7ais/data=!4m7!3m6!1s0x47e6f518cc60c61d:0xe75b9390e11e7abd!8m2!3d49.044679!4d2.0728529!16s%2Fg%2F1tfq8j_z!19sChIJHcZgzBj15kcRvXoe4ZCTW-c?authuser=0&hl=fr&rclk=1,Prévention du Patrimoine Français,Entrepreneur spécialisé dans l'isolation,·,01 34 40 01 07,http://www.groupe-ppf.com/,"4,5",-1 302
https://www.google.com/maps/place/Marchandise+Pro/data=!4m7!3m6!1s0x47e66da19513a03d:0xcc26154d24e86be6!8m2!3d48.8727332!4d2.4530602!16s%2Fg%2F11t26vll18!19sChIJPaATlaFt5kcR5mvoJE0VJsw?authuser=0&hl=fr&rclk=1,Marchandise Pro,Magasin de materiaux de construction,·,09 51 90 60 16,http://www.marchandise-pro.com/,"4,8",-28
https://www.google.com/maps/place/Entreprise+Schultz+Couverture/data=!4m7!3m6!1s0x47e649d6c1307d79:0x2b01005dc432430b!8m2!3d49.1922662!4d2.4636331!16s%2Fg%2F11k4nvwkx3!19sChIJeX0wwdZJ5kcRC0MyxF0AASs?authuser=0&hl=fr&rclk=1,Entreprise Schultz Couverture,Entrepreneur spécialisé dans l'isolation,·,03 74 11 54 11,https://schultzcouverture.fr/,"4,9",-152
https://www.google.com/maps/place/ECB+RENOVATION/data=!4m7!3m6!1s0x47e66945a631bc2d:0x259b232e05076a2c!8m2!3d48.97854!4d2.3668997!16s%2Fg%2F11mrtm9sqz!19sChIJLbwxpkVp5kcRLGoHBS4jmyU?authuser=0&hl=fr&rclk=1,ECB RENOVATION,Société de travaux publics,52/54 Av. du 8 Mai 1945,01 39 93 39 91,https://www.ecbrenovation.com/,,
"https://www.google.com/maps/place/LES+DRONETTOYEURS+-+Nettoyage+par+drone+de+toiture,+fa%C3%A7ade+et+bardage/data=!4m7!3m6!1s0x47e61d461937506f:0xa8983277c1bed37b!8m2!3d48.8589361!4d2.7705466!16s%2Fg%2F11yt3b_cym!19sChIJb1A3GUYd5kcRe9O-wXcymKg?authuser=0&hl=fr&rclk=1","LES DRONETTOYEURS - Nettoyage par drone de toiture, façade et bardage",Service de nettoyage et d'entretien,3 Pl. Octogonale,06 67 53 05 75,https://lesdronettoyeurs.fr/,5,-8
https://www.google.com/maps/place/Canop%C3%A9e/data=!4m7!3m6!1s0x8248c9d5b97909b7:0x4825826d20c45c3e!8m2!3d48.9134503!4d2.1964449!16s%2Fg%2F11ylzmdd6c!19sChIJtwl5udXJSIIRPlzEIG2CJUg?authuser=0&hl=fr&rclk=1,Canopée,Entreprise d'étanchéité,33 Rue des Entrepreneurs,01 88 33 08 29,https://canopeesolutions.fr/,5,-11
https://www.google.com/maps/place/ACCROCHE+TOIT/data=!4m7!3m6!1s0x26abb3f65504f1af:0x3f16e7abba350fda!8m2!3d48.9681442!4d2.2708662!16s%2Fg%2F11y9sxw5m2!19sChIJr_EEVfazqyYR2g81uqvnFj8?authuser=0&hl=fr&rclk=1,ACCROCHE TOIT,Couvreur,97 Blvd Maurice Berteaux,06 12 34 24 11,https://accrochetoit.fr/,5,-1
https://www.google.com/maps/place/ETS.Lorot+Couvreur/data=!4m7!3m6!1s0x47e88312a264f691:0xe8fc9cfd47fd5c83!8m2!3d49.2366719!4d2.8871364!16s%2Fg%2F11x6l8fn5j!19sChIJkfZkohKD6EcRg1z9R_2c_Og?authuser=0&hl=fr&rclk=1,ETS.Lorot Couvreur,Entrepreneur spécialisé dans l'isolation,13 Rue Thiers,06 12 08 29 66,https://etslorot.com/,5,-22
https://www.google.com/maps/place/3+Arts/data=!4m7!3m6!1s0x47e66e605ed77aaf:0xdd4bdf64a57b9871!8m2!3d48.894208!4d2.3495492!16s%2Fg%2F1vxdxlnk!19sChIJr3rXXmBu5kcRcZh7pWTfS90?authuser=0&hl=fr&rclk=1,3 Arts,Entrepreneur,128 Rue de Clignancourt,01 42 59 02 22,http://www.3arts.fr/,5,-3
"https://www.google.com/maps/place/Artisan+Dol%C3%A9+-+Peinture-isolation+dans+l%27Oise,+%C3%AEle+de+France+et+l%27Aisne-R%C3%A9novation-ravalement+fa%C3%A7ade/data=!4m7!3m6!1s0x47e64b1a166dc003:0x712b6ed71a3bcf25!8m2!3d49.2745818!4d2.4723198!16s%2Fg%2F11nmlhzwh1!19sChIJA8BtFhpL5kcRJc87GtduK3E?authuser=0&hl=fr&rclk=1","Artisan Dolé - Peinture-isolation dans l'Oise, île de France et l'Aisne-Rénovation-ravalement façade",Entrepreneur spécialisé dans l'isolation,28 Rue Tillet,06 63 24 71 89,http://www.artisan-dole.com/?utm_source=google&utm_medium=wix_google_business_profile&utm_campaign=3162392257223110403,5,-31
https://www.google.com/maps/place/Leroy+Merlin+Bois-d%27Arcy+-+Versailles/data=!4m7!3m6!1s0x47e686a377849707:0x7fc835b27d469f54!8m2!3d48.799806!4d2.0088106!16s%2Fg%2F1tlw8d3w!19sChIJB5eEd6OG5kcRVJ9GfbI1yH8?authuser=0&hl=fr&rclk=1,Leroy Merlin Bois-d'Arcy - Versailles,Magasin de materiaux de construction,·,01 30 14 28 28,https://www.leroymerlin.fr/magasins/bois-d-arcy-versailles.html,"3,9",-6 877
https://www.google.com/maps/place/Frederic+Couverture+%7C+COUVREUR+GOUVIEUX/data=!4m7!3m6!1s0x47e6498a02989a5d:0xaf0e5bb20bc5b98b!8m2!3d49.1862574!4d2.4074515!16s%2Fg%2F11w46smrz4!19sChIJXZqYAopJ5kcRi7nFC7JbDq8?authuser=0&hl=fr&rclk=1,Frederic Couverture | COUVREUR GOUVIEUX,Entrepreneur spécialisé dans l'isolation,·,06 59 63 58 01,https://www.frederic-couverture-60.fr/,5,-27
https://www.google.com/maps/place/Artisan+Bunel/data=!4m7!3m6!1s0x47e6613c4f8c17db:0xf3b1743035d59972!8m2!3d48.972299!4d2.2720785!16s%2Fg%2F11n2wvgw1x!19sChIJ2xeMTzxh5kcRcpnVNTB0sfM?authuser=0&hl=fr&rclk=1,Artisan Bunel,Couvreur,7 All. des Lilas,06 35 20 03 99,https://bunelricky.wixsite.com/monsite,5,-2
https://www.google.com/maps/place/L%27entrepoteco/data=!4m7!3m6!1s0x47e689231e446643:0x493c91275a788a6b!8m2!3d48.7683468!4d1.95879!16s%2Fg%2F11jg5mwshc!19sChIJQ2ZEHiOJ5kcRa4p4WieRPEk?authuser=0&hl=fr&rclk=1,L'entrepoteco,Constructeur immobilier,37 Rue Edison,,https://lentrepotecomodularbuldinding.com/,"3,7",-6
https://www.google.com/maps/place/Cathelain+%E2%80%93+Entreprise+de+construction+et+g%C3%A9nie+civil/data=!4m7!3m6!1s0x47c2add1a5f044ab:0xdbe216346863a110!8m2!3d50.1096482!4d3.0331071!16s%2Fg%2F1tlgx31w!19sChIJq0TwpdGtwkcREKFjaDQW4ts?authuser=0&hl=fr&rclk=1,Cathelain – Entreprise de construction et génie civil,Entreprise de construction,·,03 21 07 40 77,https://cathelain.fr/,"4,3",-32
https://www.google.com/maps/place/REGNAULT+DIDIER+SARL/data=!4m7!3m6!1s0x47e65fb88eb3845f:0x8401a05150242f52!8m2!3d49.0430928!4d2.1432332!16s%2Fg%2F1hc542ljg!19sChIJX4Szjrhf5kcRUi8kUFGgAYQ?authuser=0&hl=fr&rclk=1,REGNAULT DIDIER SARL,Entrepreneur spécialisé dans l'isolation,"12, rue du Bois du Pont, P.A des Béthunes",06 86 46 14 86,https://www.ravalement-95.fr/,4,-12
https://www.google.com/maps/place/Hellio/data=!4m7!3m6!1s0x47e66f593678177b:0xa18091b402c49a1c!8m2!3d48.9034423!4d2.318799!16s%2Fg%2F11h0zhcwhm!19sChIJexd4Nllv5kcRHJrEArSRgKE?authuser=0&hl=fr&rclk=1,Hellio,Solutions et équipement énergétiques,·,01 44 56 00 00,https://www.hellio.com/?utm_campaign=-maps&utm_medium=gmb&utm_source=Google,"4,3",-1 085
https://www.google.com/maps/place/PICARDIE+TOITURE/data=!4m7!3m6!1s0x47e6354b163dac43:0x434235c9e9fd4bce!8m2!3d49.2688297!4d2.4937364!16s%2Fg%2F11qs_f2tzv!19sChIJQ6w9Fks15kcRzkv96ck1QkM?authuser=0&hl=fr&rclk=1,PICARDIE TOITURE,Couvreur,666 Av. du Tremblay,03 75 19 00 35,,"3,8",-4
https://www.google.com/maps/place/EDEN+-+Entreprise+g%C3%A9n%C3%A9rale+du+b%C3%A2timent/data=!4m7!3m6!1s0x47e68996779ca3a5:0xb94d8b2d5b58afdc!8m2!3d48.8778228!4d2.0935131!16s%2Fg%2F11yr7yzxxw!19sChIJpaOcd5aJ5kcR3K9YWy2LTbk?authuser=0&hl=fr&rclk=1,EDEN - Entreprise générale du bâtiment,Service de restauration de bâtiments,15 Av. Auguste Renoir,06 63 83 83 60,,5,-18
https://www.google.com/maps/place/Zephyr+%E2%80%93+Couvreur+%26+entretien+toiture+en+%C3%8Ele-de-France/data=!4m7!3m6!1s0x86fe90f2393deef9:0x657bc8bbceab77dc!8m2!3d48.8716253!4d2.3044092!16s%2Fg%2F11krx0hyyr!19sChIJ-e49OfKQ_oYR3HerzrvIe2U?authuser=0&hl=fr&rclk=1,Zephyr – Couvreur & entretien toiture en Île-de-France,Couvreur,78 Av. des Champs-Élysées,09 80 80 64 48,https://zephyrcouv.com/,"4,5",-11
https://www.google.com/maps/place/Alter+btp/data=!4m7!3m6!1s0x4d5ed7dfb80a06b1:0xff21615fbce8eb4d!8m2!3d48.9099951!4d2.3908297!16s%2Fg%2F11xctm8zdl!19sChIJsQYKuN_XXk0RTevovF9hIf8?authuser=0&hl=fr&rclk=1,Alter btp,Entreprise d'étanchéité,107B Rue Henri Barbusse,06 01 08 46 12,https://www.alter-btp.fr/,"3,7",-3
https://www.google.com/maps/place/CMIB+Services/data=!4m7!3m6!1s0x47e7d785652597c5:0x1a82899e18cb00a5!8m2!3d49.4185941!4d2.8283312!16s%2Fg%2F11r10x204x!19sChIJxZclZYXX50cRpQDLGJ6Jgho?authuser=0&hl=fr&rclk=1,CMIB Services,Entrepreneur spécialisé dans l'isolation,12 Rue des Minimes,03 44 37 08 10,https://cmib-services.fr/,,
https://www.google.com/maps/place/Flocage+Technique+Services/data=!4m7!3m6!1s0x47e66f27702cbe3d:0xcd2e03e09ef1a556!8m2!3d48.8587182!4d2.3273491!16s%2Fg%2F11jw5t6bs_!19sChIJPb4scCdv5kcRVqXxnuADLs0?authuser=0&hl=fr&rclk=1,Flocage Technique Services,Société de flocage,54 Rue de Verneuil,07 85 02 26 25,https://flocage-services.com/,5,-4
https://www.google.com/maps/place/Cl%C3%A9aux+-+Enveloppe+du+b%C3%A2timent/data=!4m7!3m6!1s0x47e637e39bb989e5:0xea1f351b0519c70e!8m2!3d49.2574184!4d2.4558175!16s%2Fg%2F11gjslb0h4!19sChIJ5Ym5m-M35kcRDscZBRs1H-o?authuser=0&hl=fr&rclk=1,Cléaux - Enveloppe du bâtiment,Façadier,100 Rue Louis Blanc,03 44 71 93 49,http://www.cleaux.fr/,5,-1
https://www.google.com/maps/place/Couvreur+Chantilly+-+Wesley+Maillard/data=!4m7!3m6!1s0x47e639347172a9e3:0x88725b49c1ec0ffb!8m2!3d49.1922662!4d2.4636331!16s%2Fg%2F11pwq911kn!19sChIJ46lycTQ55kcR-w_swUlbcog?authuser=0&hl=fr&rclk=1,Couvreur Chantilly - Wesley Maillard,Entrepreneur spécialisé dans l'isolation,20 Av. du Maréchal Joffre,06 14 40 63 23,https://www.couvreur-chantilly.com/,"4,7",-12
https://www.google.com/maps/place/Couverture+turquet/data=!4m7!3m6!1s0x47dd515749d3706b:0x2dfc6cbee733cb49!8m2!3d50.0817339!4d2.8181271!16s%2Fg%2F11pdlx6fyn!19sChIJa3DTSVdR3UcRScsz575s_C0?authuser=0&hl=fr&rclk=1,Couverture turquet,Couvreur,27 Rue de l'Abbaye,06 68 42 13 16,https://couverture-turquet.com/,5,-12
https://www.google.com/maps/place/JOUARD+JEAN/data=!4m7!3m6!1s0x47e7e729f6cf27d5:0xce6c83394ceba59f!8m2!3d49.6903099!4d2.7982549!16s%2Fg%2F11pysbg2qw!19sChIJ1SfP9inn50cRn6XrTDmDbM4?authuser=0&hl=fr&rclk=1,JOUARD JEAN,Couvreur,1 Rle des Prés du Moulin,03 22 87 20 14,https://www.jouard-couverture.fr/,"4,4",-12
https://www.google.com/maps/place/Ambre+Fa%C3%A7ade+et+Bardage/data=!4m7!3m6!1s0x490aa548590cec91:0xae2b48def00223d1!8m2!3d48.6189909!4d2.9756834!16s%2Fg%2F11vt66ts63!19sChIJkewMWUilCkkR0SMC8N5IK64?authuser=0&hl=fr&rclk=1,Ambre Façade et Bardage,Menuisier,·,07 87 87 05 34,https://www.xn--ambrefaade-u6a.fr/,5,-9
"https://www.google.com/maps/place/ECO+DECAP+-+Entreprise+de+nettoyage+ext%C3%A9rieur+:+toiture,+fa%C3%A7ade,+terrasse,+bardage+dans+l%27Oise+et+en+Ile-de-France/data=!4m7!3m6!1s0x47e639be75eea78b:0x3c4bcefa7361dfb!8m2!3d48.9065243!4d1.2329555!16s%2Fg%2F11x0q9ccs0!19sChIJi6fudb455kcR-x02p--8xAM?authuser=0&hl=fr&rclk=1","ECO DECAP - Entreprise de nettoyage extérieur : toiture, façade, terrasse, bardage dans l'Oise et en Ile-de-France",Services de nettoyage,·,06 45 62 68 00,https://www.ecodecap-net.fr/,"4,9",-32
https://www.google.com/maps/place/EM-ISO+France/data=!4m7!3m6!1s0x47e66fc84c76ce17:0xb551374781793671!8m2!3d48.9177278!4d2.3061111!16s%2Fg%2F11hdpyhhdt!19sChIJF852TMhv5kcRcTZ5gUc3UbU?authuser=0&hl=fr&rclk=1,EM-ISO France,Travaux généraux,9 Rue de la Sablière,09 80 40 06 66,https://www.emiso.fr/,"4,8",-155
https://www.google.com/maps/place/PETRUS/data=!4m7!3m6!1s0x47dd53b057d101c1:0xd87b42f163c5f238!8m2!3d50.0978531!4d2.8832026!16s%2Fg%2F1tcxcgv9!19sChIJwQHRV7BT3UcROPLFY_FCe9g?authuser=0&hl=fr&rclk=1,PETRUS,Fournisseur de matériel agricole,3 Bd de la Liberté,03 21 24 34 34,http://petrus-sa.fr/,"4,6",-30
https://www.google.com/maps/place/Bardage+Composite/data=!4m7!3m6!1s0x47e67dc323b10f31:0xfaee2339ed61dcdc!8m2!3d48.8588405!4d2.1137419!16s%2Fg%2F11r91d7bfm!19sChIJMQ-xI8N95kcR3Nxh7Tkj7vo?authuser=0&hl=fr&rclk=1,Bardage Composite,Service d'e-commerce,12 Rue Georges Blandon,01 39 50 39 69,http://www.bardagecomposite.com/,,
https://www.google.com/maps/place/Maloszyc+Guy/data=!4m7!3m6!1s0x47e7fc06b43f7209:0xb79c5a112fbb0633!8m2!3d49.8966863!4d2.8355891!16s%2Fg%2F11b6dqczzc!19sChIJCXI_tAb850cRMwa7LxFanLc?authuser=0&hl=fr&rclk=1,Maloszyc Guy,Couvreur,12 Rue de l'Église,03 22 85 27 60,,,
https://www.google.com/maps/place/PRO+BAT+COUVERTURE+%7C+COUVREUR+TAVERNY+%7C+ZINGUERIE+CHARPENTE/data=!4m7!3m6!1s0x47e667bb05522e17:0x713cce5ed82bd1c4!8m2!3d49.0182617!4d2.2223344!16s%2Fg%2F11fhz73mcn!19sChIJFy5SBbtn5kcRxNEr2F7OPHE?authuser=0&hl=fr&rclk=1,PRO BAT COUVERTURE | COUVREUR TAVERNY | ZINGUERIE CHARPENTE,Couvreur,5 Chem. des Petits Sentiers,06 13 47 17 92,http://probatcouverture.e-monsite.com/,,
https://www.google.com/maps/place/Lemaire+R%C3%A9novation/data=!4m7!3m6!1s0x87ba6b551ee3ea91:0x91679506960f1456!8m2!3d49.5483245!4d2.7019553!16s%2Fg%2F11tfj6fd9k!19sChIJkerjHlVruocRVhQPlgaVZ5E?authuser=0&hl=fr&rclk=1,Lemaire Rénovation,Travaux généraux,1 bis Rte de Flandre,06 85 77 46 01,,5,-10
https://www.google.com/maps/place/JDNET+LAVEURDECARREAUX.COM/data=!4m7!3m6!1s0x47e8a7a0234622b5:0xd60545d3f2eeb380!8m2!3d48.9056552!4d2.8817731!16s%2Fg%2F11gzrclvjk!19sChIJtSJGI6Cn6EcRgLPu8tNFBdY?authuser=0&hl=fr&rclk=1,JDNET LAVEURDECARREAUX.COM,Entreprise de nettoyage de vitres,"Rue de la, 2 Voie Gallo Romaine",01 60 43 26 04,http://www.laveurdecarreaux.com/,"4,8",-118
https://www.google.com/maps/place/Pronier+Donatien/data=!4m7!3m6!1s0x81102a5eb697b25b:0xebc678a0fce11a66!8m2!3d49.9058722!4d2.7918098!16s%2Fg%2F11smhhmhbp!19sChIJW7KXtl4qEIERZhrh_KB4xus?authuser=0&hl=fr&rclk=1,Pronier Donatien,Maçon,5 Rue du Tortillard,06 30 59 00 75,,"4,8",-5
https://www.google.com/maps/place/Deceuninck+SAS/data=!4m7!3m6!1s0x47e7e6fcd46d84ab:0xac9c71b892c4ec54!8m2!3d49.7018142!4d2.7762779!16s%2Fg%2F1tgdh9dv!19sChIJq4Rt1Pzm50cRVOzEkrhxnKw?authuser=0&hl=fr&rclk=1,Deceuninck SAS,Siège social,·,03 22 87 66 66,http://deceuninck.fr/?utm_source=gmb,"3,7",-67
"https://www.google.com/maps/place/VERTICLEAN-+Entreprise+de+nettoyage+ext%C3%A9rieur+:+fa%C3%A7ade,+toiture,+terrasse,+bardage+dans+l%27Oise+et+%C3%AEle+de+France/data=!4m7!3m6!1s0x6d8f4a42ad718527:0x2e41d583aad92eaa!8m2!3d49.3362432!4d2.3872557!16s%2Fg%2F11mkzrk3jx!19sChIJJ4VxrUJKj20Rqi7ZqoPVQS4?authuser=0&hl=fr&rclk=1","VERTICLEAN- Entreprise de nettoyage extérieur : façade, toiture, terrasse, bardage dans l'Oise et île de France",Service de nettoyage et d'entretien,·,06 63 06 28 77,https://www.verticlean60.fr/,5,-11
https://www.google.com/maps/place/SARL+P.G+LORTON/data=!4m7!3m6!1s0x47e7b917b32dbd57:0xf1602e834dbb5e81!8m2!3d49.4121941!4d2.4273078!16s%2Fg%2F11jbdc9vts!19sChIJV70tsxe550cRgV67TYMuYPE?authuser=0&hl=fr&rclk=1,SARL P.G LORTON,Entrepreneur spécialisé dans l'isolation,,06 44 27 16 94,https://www.facebook.com/SARL-PG-Lorton-280917082583359/,5,-2
https://www.google.com/maps/place/R%C3%A9volution+Drone+%2F+D%C3%A9moussage+toiture/data=!4m7!3m6!1s0x8319c461d1990d5:0xb6195f12434dd77f!8m2!3d49.1732173!4d2.738026!16s%2Fg%2F11vxqtl1hs!19sChIJ1ZAZHUacMQgRf9dNQxJfGbY?authuser=0&hl=fr&rclk=1,Révolution Drone / Démoussage toiture,Service de nettoyage et d'entretien,3 Rue de l'Abbé Robic,06 82 64 56 59,https://www.revolutiondrone.fr/,"4,9",-9
https://www.google.com/maps/place/EGIN/data=!4m7!3m6!1s0xd514115ece06371:0x3d7a55169563552a!8m2!3d46.9335202!4d0.8142738!16s%2Fg%2F11f5pyv28n!19sChIJcWPg7BVBUQ0RKlVjlRZVej0?authuser=0&hl=fr&rclk=1,EGIN,Service de nettoyage et d'entretien,·,09 75 81 80 56,https://www.egin-eco.fr/,5,-16
https://www.google.com/maps/place/AJ+R%C3%A9nov%27/data=!4m7!3m6!1s0x4b334777f0480237:0xf3916037db21f213!8m2!3d30.6959409!4d-49.8171262!16s%2Fg%2F11ykgj7mgl!19sChIJNwJI8HdHM0sRE_Ih2zdgkfM?authuser=0&hl=fr&rclk=1,AJ Rénov',Travaux généraux,·,06 21 06 77 77,https://www.instagram.com/aj.renov?igsh=MWJrdW45cXI2NHVibw==,,
https://www.google.com/maps/place/Mi+R%C3%A9novation/data=!4m7!3m6!1s0xadd53226c3cf7471:0x8c46673192c3c214!8m2!3d49.1012106!4d2.306032!16s%2Fg%2F11l25x1x6t!19sChIJcXTPwyYy1a0RFMLDkjFnRow?authuser=0&hl=fr&rclk=1,Mi Rénovation,Travaux généraux,·,06 99 72 50 30,https://www.instagram.com/mi_renovation_/,5,-28
https://www.google.com/maps/place/R%C3%A9noco+-+Isolation+thermique+et+ravalement/data=!4m7!3m6!1s0x47e60df5ea1b339f:0x7ef7a6dd87ed3aa9!8m2!3d48.803433!4d2.573181!16s%2Fg%2F11j1jn3w4n!19sChIJnzMb6vUN5kcRqTrth92m934?authuser=0&hl=fr&rclk=1,Rénoco - Isolation thermique et ravalement,Entrepreneur spécialisé dans l'isolation,38 Avenue Clément Ader,09 52 17 47 65,https://www.google.com/aclk?sa=L&ai=DChsSEwjsgIOhib6UAxVhf0ECHc8BDI4YACICCAEQChoCd3M&co=1&ase=2&gclid=CjwKCAjwq6DQBhBVEiwA4ZD5XFT4BaLbAV3hoMYS27-oUW9R-SCQP_KSLgnZr8H6g-k1HSHtX-ihtBoCq5cQAvD_BwE&cce=2&category=acrcp_v1_32&sig=AOD64_1nrzD6bD3rETUiyAdGFaSa7FrGTQ&adurl&q&ctype=99&nis=6,"4,9",-132
https://www.google.com/maps/place/SQUARE+RENOVATION/data=!4m7!3m6!1s0x47e6701618a6538f:0xbfd57255354cf5e8!8m2!3d48.851636!4d2.297217!16s%2Fg%2F11gbf9cds6!19sChIJj1OmGBZw5kcR6PVMNVVy1b8?authuser=0&hl=fr&rclk=1,SQUARE RENOVATION,Entreprise de construction,20 Rue Dupleix,01 80 27 39 70,https://www.google.com/aclk?sa=L&ai=DChsSEwjsgIOhib6UAxVhf0ECHc8BDI4YACICCAEQAxoCd3M&co=1&ase=2&gclid=CjwKCAjwq6DQBhBVEiwA4ZD5XB0WCVBnqYQTj_1GemZvAxXycJxJW55_KCG6MVz_1bg1KmytLT7b5xoCX3IQAvD_BwE&cce=2&category=acrcp_v1_32&sig=AOD64_0ltk78D_JAmDxXVcIQJPV_e_Qp1Q&adurl&q&ctype=99&nis=6,5,-43
https://www.google.com/maps/place/couvreur+Ods+toiture/data=!4m7!3m6!1s0x47e673688f8cbbf1:0x73dc5b79bf68b6fe!8m2!3d48.8060001!4d2.4410437!16s%2Fg%2F11ycln37f9!19sChIJ8buMj2hz5kcR_rZov3lb3HM?authuser=0&hl=fr&rclk=1,couvreur Ods toiture,Couvreur,211 Av. du Général Leclerc,06 05 54 80 93,https://ods-toiture-maisons-alfort.fr/,5,-46
https://www.google.com/maps/place/Nabais+Etanch%C3%A9it%C3%A9/data=!4m7!3m6!1s0x47e66b45cfd1a6e7:0x6fa617e62f3cfd82!8m2!3d48.8077825!4d2.4474226!16s%2Fg%2F11fl_pcgx7!19sChIJ56bRz0Vr5kcRgv08L-YXpm8?authuser=0&hl=fr&rclk=1,Nabais Etanchéité,Entrepreneur spécialisé dans l'isolation,171 Av. de la République,01 48 26 57 06,https://www.etancheitenabais.com/,"3,9",-7
https://www.google.com/maps/place/Couvreur+Maisons-Alfort/data=!4m7!3m6!1s0x47e67331c3dbbe53:0x54b5adf38ef02486!8m2!3d48.8027829!4d2.4447603!16s%2Fg%2F11h2f6sdvg!19sChIJU77bwzFz5kcRhiTwjvOttVQ?authuser=0&hl=fr&rclk=1,Couvreur Maisons-Alfort,Couvreur,8 Rue Louis Pergaud,,,"4,6",-21
https://www.google.com/maps/place/Rive+%C3%89co+Isolation/data=!4m7!3m6!1s0x47e673a748acf645:0xd2bb8fdc493d6a6e!8m2!3d48.8038931!4d2.4435337!16s%2Fg%2F11p67db3hn!19sChIJRfasSKdz5kcRbmo9SdyPu9I?authuser=0&hl=fr&rclk=1,Rive Éco Isolation,Entrepreneur spécialisé dans l'isolation,31 Cr des Juilliottes,01 81 51 64 70,https://rive-eco.com/,4,-25
https://www.google.com/maps/place/MG+Thermique+-+RGE/data=!4m7!3m6!1s0x47e67440febabfcf:0xdf85c8ffef6e6856!8m2!3d48.8034688!4d2.4457034!16s%2Fg%2F11j8lnw34h!19sChIJz7-6_kB05kcRVmhu7__Ihd8?authuser=0&hl=fr&rclk=1,MG Thermique - RGE,Entrepreneur spécialisé dans l'isolation,259 Av. du Général Leclerc,09 81 91 69 32,https://mgthermique.com/,"3,8",-19
https://www.google.com/maps/place/La+Charpente+et+Couverture+94+Demoussage+Toiture+R%C3%A9paration/data=!4m7!3m6!1s0x47e6734aadf811b1:0xba01515c33aed2b9!8m2!3d48.8110651!4d2.4434033!16s%2Fg%2F11s58pmswm!19sChIJsRH4rUpz5kcRudKuM1xRAbo?authuser=0&hl=fr&rclk=1,La Charpente et Couverture 94 Demoussage Toiture Réparation,Couvreur,75 Av. Georges Clemenceau,01 84 23 61 40,,5,-27
https://www.google.com/maps/place/GIE+-+Groupe+Isolation+Environnement/data=!4m7!3m6!1s0x47e6739978a720f9:0xea5cd34c1ef56217!8m2!3d48.8073747!4d2.4375178!16s%2Fg%2F11pph2lm3v!19sChIJ-SCneJlz5kcRF2L1HkzTXOo?authuser=0&hl=fr&rclk=1,GIE - Groupe Isolation Environnement,Entrepreneur spécialisé dans l'isolation,42 Av. du Général Leclerc,01 84 77 12 98,,"2,3",-9
https://www.google.com/maps/place/Couvreur+Maisons+Alfort+Demetrio/data=!4m7!3m6!1s0x47e673146bb9593b:0x6f5b2f2af69f43a4!8m2!3d48.8150459!4d2.4405495!16s%2Fg%2F11xmv4rn0h!19sChIJO1m5axRz5kcRpEOf9iovW28?authuser=0&hl=fr&rclk=1,Couvreur Maisons Alfort Demetrio,Couvreur,66 Rue Guy Môquet,06 02 22 52 85,https://demetriocuevaschristian.com/,5,-2
https://www.google.com/maps/place/Robba+couverture/data=!4m7!3m6!1s0x47e5d9b1e9ac3f6d:0x6146f10f5837b261!8m2!3d48.7955511!4d2.4256092!16s%2Fg%2F11nx5lj36b!19sChIJbT-s6bHZ5UcRYbI3WA_xRmE?authuser=0&hl=fr&rclk=1,Robba couverture,Couvreur,29 Rue Etienne Dolet,06 63 12 37 99,https://robba-couverture.com/,"4,7",-118
https://www.google.com/maps/place/Sofec/data=!4m7!3m6!1s0x47e6732a65ef41b5:0xf1fd7ab0c72da3f!8m2!3d48.8129107!4d2.449881!16s%2Fg%2F1th48q7v!19sChIJtUHvZSpz5kcRP9pyDKvXHw8?authuser=0&hl=fr&rclk=1,Sofec,Entreprise de construction,12 Rue de la Fédération,01 42 07 71 00,,5,-4
https://www.google.com/maps/place/Renov+Confort/data=!4m7!3m6!1s0x47e60cd6adcfeeab:0x8fd1e32f1abacf39!8m2!3d48.8088294!4d2.4591074!16s%2Fg%2F11hyl5n_45!19sChIJq-7PrdYM5kcROc-6Gi_j0Y8?authuser=0&hl=fr&rclk=1,Renov Confort,Entrepreneur spécialisé dans l'isolation,1 Rue de Marne,09 54 65 68 33,,,
https://www.google.com/maps/place/Groupe+APB+-+Entreprise+nationale+en+r%C3%A9novation+%C3%A9nerg%C3%A9tique/data=!4m7!3m6!1s0x47e6737375206af9:0x14605896e18fbf39!8m2!3d48.8161251!4d2.3831502!16s%2Fg%2F11j41rhd7n!19sChIJ-WogdXNz5kcROb-P4ZZYYBQ?authuser=0&hl=fr&rclk=1,Groupe APB - Entreprise nationale en rénovation énergétique,Entrepreneur spécialisé dans l'isolation,55 Av. Danielle Casanova,09 70 70 00 53,https://www.groupe-apb.fr/,"4,7",-318
https://www.google.com/maps/place/Sarl+Rassemont/data=!4m7!3m6!1s0x47e6732d3c347077:0xb0cd3f68fc90628!8m2!3d48.805397!4d2.4510591!16s%2Fg%2F1thzn6b3!19sChIJd3A0PC1z5kcRKAbJj_bTDAs?authuser=0&hl=fr&rclk=1,Sarl Rassemont,Couvreur,14 Imp. de la Briqueterie,01 48 99 83 31,https://www.rassemont.fr/,"4,3",-7
"https://www.google.com/maps/place/CDH+Entreprise+%E2%80%94+Couverture,+Toiture+Le+Peureux,+sur+Marne/data=!4m7!3m6!1s0x47e60d6942f28431:0xada71061983b4d92!8m2!3d48.8485396!4d2.5091317!16s%2Fg%2F11vf4_wy9t!19sChIJMYTyQmkN5kcRkk07mGEQp60?authuser=0&hl=fr&rclk=1","CDH Entreprise — Couverture, Toiture Le Peureux, sur Marne",Couvreur,194 Av. du Maréchal Joffre,06 89 41 55 15,https://cdhcouvertureperreux.fr/,5,-100
https://www.google.com/maps/place/Entreprise+Jonathan/data=!4m7!3m6!1s0x47e60d55b96e9ef5:0xd7b9425e17871321!8m2!3d48.8386271!4d2.4828509!16s%2Fg%2F11fmzsvsz4!19sChIJ9Z5uuVUN5kcRIROHF15Cudc?authuser=0&hl=fr&rclk=1,Entreprise Jonathan,Entrepreneur spécialisé dans l'isolation,27 Rue Paul Bert,01 48 73 72 99,http://www.entreprise-jonathan.fr/,5,-80
https://www.google.com/maps/place/Msc+Toitures+94+%7C+Couvreur+94+%7C+Fuite+Toiture+94+%7C+Couvreur+Champigny-sur-Marne+-+Couvreur+Val-de-Marne+94/data=!4m7!3m6!1s0x47e60d1b52dab437:0xed4af92e4c4b3a86!8m2!3d48.8222371!4d2.4800236!16s%2Fg%2F11lcj8p4g2!19sChIJN7TaUhsN5kcRhjpLTC75Su0?authuser=0&hl=fr&rclk=1,Msc Toitures 94 | Couvreur 94 | Fuite Toiture 94 | Couvreur Champigny-sur-Marne - Couvreur Val-de-Marne 94,Couvreur,·,06 46 30 03 91,https://www.msc-toitures.fr/?utm_source=google_profile&utm_campaign=localo&utm_medium=mainlink,5,-188
https://www.google.com/maps/place/Isolax+94+-+Entreprise+d%27Isolation+Ext%C3%A9rieure+-+RGE/data=!4m7!3m6!1s0x47e613d6af573797:0xf0f40a115100e81d!8m2!3d48.8579296!4d2.493499!16s%2Fg%2F11txjj4qhv!19sChIJlzdXr9YT5kcRHegAUREK9PA?authuser=0&hl=fr&rclk=1,Isolax 94 - Entreprise d'Isolation Extérieure - RGE,Entrepreneur spécialisé dans l'isolation,12 Rue de la Font du Vaisseau,01 84 23 06 47,https://isolation-exterieur-94.fr/?utm_source=google&utm_medium=organic&utm_campaign=gmb-listing,5,-7
https://www.google.com/maps/place/Cholet+B%C3%A2timent+:+Couverture+-+Ravalement+-+Isolation+-+gros+oeuvre+-+sur%C3%A9l%C3%A9vation/data=!4m7!3m6!1s0x47e60d92fee807eb:0x76e44437323a199b!8m2!3d48.8402006!4d2.5206388!16s%2Fg%2F1tdb_ytm!19sChIJ6wfo_pIN5kcRmxk6MjdE5HY?authuser=0&hl=fr&rclk=1,Cholet Bâtiment : Couverture - Ravalement - Isolation - gros oeuvre - surélévation,Entrepreneur spécialisé dans l'isolation,33 Rue du Sergent Hoff,01 47 06 29 39,http://www.choletbatiment.fr/,"4,7",-87
"https://www.google.com/maps/place/Frontis+-+Fa%C3%A7adier,+Isolation,+Ravalement+et+Toiture/data=!4m7!3m6!1s0x47e60d0473e6c735:0xa98eb713bf487020!8m2!3d48.8182554!4d2.4913749!16s%2Fg%2F11bx5pj1wz!19sChIJNcfmcwQN5kcRIHBIvxO3jqk?authuser=0&hl=fr&rclk=1","Frontis - Façadier, Isolation, Ravalement et Toiture",Entrepreneur spécialisé dans l'isolation,·,01 59 30 49 68,https://www.frontis-isolation.fr/,"4,9",-156
https://www.google.com/maps/place/Jason+Toiture/data=!4m7!3m6!1s0x47e60b070af621a7:0xbd1fbfaf050f887e!8m2!3d48.834818!4d2.289572!16s%2Fg%2F11b64hn9wz!19sChIJpyH2CgcL5kcRfogPBa-_H70?authuser=0&hl=fr&rclk=1,Jason Toiture,Couvreur,19 Rue Auguste Chabrières,06 80 45 28 90,https://www.google.com/aclk?sa=L&ai=DChsSEwjIzvmzib6UAxV0oGgJHZirDpIYACICCAEQCBoCd2Y&co=1&ase=2&gclid=CjwKCAjwq6DQBhBVEiwA4ZD5XNKzGOBwyxOWFG6AJyLVQfrkBT-wwjRYPGvMQ-gNVm4FMO9IcFhogxoCaekQAvD_BwE&cce=2&category=acrcp_v1_32&sig=AOD64_3D9LYgqPtdhKUyztNCDBpLazyICw&adurl&q&ctype=99&nis=6,"4,1",-26
https://www.google.com/maps/place/R%C3%A9noco+-+Isolation+thermique+et+ravalement/data=!4m7!3m6!1s0x47e60df5ea1b339f:0x7ef7a6dd87ed3aa9!8m2!3d48.803433!4d2.573181!16s%2Fg%2F11j1jn3w4n!19sChIJnzMb6vUN5kcRqTrth92m934?authuser=0&hl=fr&rclk=1,Rénoco - Isolation thermique et ravalement,Entrepreneur spécialisé dans l'isolation,38 Avenue Clément Ader,09 52 17 47 65,https://www.google.com/aclk?sa=L&ai=DChsSEwjIzvmzib6UAxV0oGgJHZirDpIYACICCAEQBRoCd2Y&co=1&ase=2&gclid=CjwKCAjwq6DQBhBVEiwA4ZD5XF9o3z7Zk7kG7cH5C04trkcBPl5gpILAhLIS_zIMP0r1NZsbTBPBKRoCfhYQAvD_BwE&cce=2&category=acrcp_v1_32&sig=AOD64_3iurpe1xtVf-MyqrdnfhgETgHb-A&adurl&q&ctype=99&nis=6,"4,9",-132
https://www.google.com/maps/place/Oliveira+%C3%89tancheit%C3%A9/data=!4m7!3m6!1s0x47e60d302b2e9313:0x245e3bd6e8f6b398!8m2!3d48.8198595!4d2.4803101!16s%2Fg%2F11j5d_3lqz!19sChIJE5MuKzAN5kcRmLP26NY7XiQ?authuser=0&hl=fr&rclk=1,Oliveira Étancheité,Couvreur,54 Av. du Général Gallieni,06 68 20 08 09,http://www.oliveira-etancheite.com/,5,-1
https://www.google.com/maps/place/Artisan+Alfred+le+perreux+sur+Marne/data=!4m7!3m6!1s0x47e60d15902fe595:0xc5805c61eb1fddcc!8m2!3d48.8343842!4d2.5108867!16s%2Fg%2F11vpk1l1ry!19sChIJleUvkBUN5kcRzN0f62FcgMU?authuser=0&hl=fr&rclk=1,Artisan Alfred le perreux sur Marne,Couvreur,188 Av. Pierre Brossolette,06 26 75 13 68,http://www.artisan-alfred.fr/,5,-56
https://www.google.com/maps/place/Couverture+Dorkel/data=!4m7!3m6!1s0x47e613f09ebfa0e9:0x7b6961099f93d2f0!8m2!3d48.8474419!4d2.4591799!16s%2Fg%2F11fd_ptd7v!19sChIJ6aC_nvAT5kcR8NKTnwlhaXs?authuser=0&hl=fr&rclk=1,Couverture Dorkel,Entrepreneur spécialisé dans l'isolation,19 Rue Jean Jacques Rousseau,01 48 94 00 93,https://dorkel-couverture94.com/fr,"4,8",-36
https://www.google.com/maps/place/Sarl+B.A.H./data=!4m7!3m6!1s0x47e67326dcec2d8d:0x3449995f1e0eb7ab!8m2!3d48.8110048!4d2.4373768!16s%2Fg%2F11hcdw338s!19sChIJjS3s3CZz5kcRq7cOHl-ZSTQ?authuser=0&hl=fr&rclk=1,Sarl B.A.H.,Entrepreneur,27 Rue Gabriel Péri,,,,
https://www.google.com/maps/place/Jigal+Couverture+Etanch%C3%A9it%C3%A9/data=!4m7!3m6!1s0x47e672f8a52a4417:0x932df1da05473f43!8m2!3d48.8289555!4d2.4957382!16s%2Fg%2F1ttdxrwn!19sChIJF0Qqpfhy5kcRQz9HBdrxLZM?authuser=0&hl=fr&rclk=1,Jigal Couverture Etanchéité,Couvreur,64 Rue Jean Savu,01 48 83 07 48,http://www.jigal.fr/,"4,4",-9
https://www.google.com/maps/place/IsoPro+-+Entreprise+d%27Isolation+Ext%C3%A9rieure/data=!4m7!3m6!1s0x47e6730002b92009:0xba6393730432162c!8m2!3d48.7929237!4d2.4261127!16s%2Fg%2F11x0nz0vh5!19sChIJCSC5AgBz5kcRLBYyBHOTY7o?authuser=0&hl=fr&rclk=1,IsoPro - Entreprise d'Isolation Extérieure,Entrepreneur spécialisé dans l'isolation,71 Rue Etienne Dolet,01 84 23 13 19,https://isolation-par-exterieur.net/?utm_source=google&utm_medium=organic&utm_campaign=gbpfiche,,
https://www.google.com/maps/place/LAGAB+COUVERTURE+:+Couvreur+Le+Perreux-sur-Marne+Nettoyage+d%C3%A9moussage+de+toiture+r%C3%A9paration+urgence+fuite+de+toiture/data=!4m7!3m6!1s0x47e60d868e50efa9:0x66a7602abd86133c!8m2!3d48.8485523!4d2.5092443!16s%2Fg%2F11bw4rk_wr!19sChIJqe9QjoYN5kcRPBOGvSpgp2Y?authuser=0&hl=fr&rclk=1,LAGAB COUVERTURE : Couvreur Le Perreux-sur-Marne Nettoyage démoussage de toiture réparation urgence fuite de toiture,Couvreur,194 Av. du Maréchal Joffre,06 98 67 41 33,https://www.couvreur-94-lagab.fr/,"4,9",-91
https://www.google.com/maps/place/R%C3%A9noco+-+Isolation+thermique+et+ravalement/data=!4m7!3m6!1s0x47e60df5ea1b339f:0x7ef7a6dd87ed3aa9!8m2!3d48.8034333!4d2.5731813!16s%2Fg%2F11j1jn3w4n!19sChIJnzMb6vUN5kcRqTrth92m934?authuser=0&hl=fr&rclk=1,Rénoco - Isolation thermique et ravalement,Entrepreneur spécialisé dans l'isolation,·,09 52 17 47 65,https://renoco.fr/,"4,9",-132
https://www.google.com/maps/place/Thebault+couverture+kewin/data=!4m7!3m6!1s0x47e612835986a637:0x4bf7c6cd001c1dfa!8m2!3d48.8577255!4d2.4918776!16s%2Fg%2F1tlc7ccp!19sChIJN6aGWYMS5kcR-h0cAM3G90s?authuser=0&hl=fr&rclk=1,Thebault couverture kewin,Couvreur,32 Rue des Marais,01 71 36 01 59,https://www.thebault-couvreur-94.fr/,5,-61
https://www.google.com/maps/place/EMCB/data=!4m7!3m6!1s0x47e67381d3ef38d5:0x2bcd4af313bfc031!8m2!3d48.7772803!4d2.4048403!16s%2Fg%2F11d_8dkdgk!19sChIJ1Tjv04Fz5kcRMcC_E_NKzSs?authuser=0&hl=fr&rclk=1,EMCB,Entreprise de construction,·,01 46 80 32 72,http://emcb.fr/,"4,8",-21
https://www.google.com/maps/place/Le+Commerce+du+Bois/data=!4m7!3m6!1s0x47e60d3e9056d8f1:0x730cbf8e9c4b876e!8m2!3d48.833721!4d2.4651783!16s%2Fg%2F11gtzh5nw6!19sChIJ8dhWkD4N5kcRbodLnI6_DHM?authuser=0&hl=fr&rclk=1,Le Commerce du Bois,Négociant en bois,45 bis Av. de la Belle Gabrielle,01 43 94 73 50,http://www.lecommercedubois.org/,"4,7",-3
https://www.google.com/maps/place/TNC/data=!4m7!3m6!1s0x47e60d3a8ca8e795:0xf3a9800969045dcc!8m2!3d48.7937781!4d2.4827493!16s%2Fg%2F11h8k3mf8v!19sChIJleeojDoN5kcRzF0EaQmAqfM?authuser=0&hl=fr&rclk=1,TNC,Entrepreneur spécialisé dans l'isolation,21 Bd de Bellechasse,01 49 89 18 82,http://tnc-idf.fr/,"4,1",-10
https://www.google.com/maps/place/R.P+Toiture+Couvreur+94/data=!4m7!3m6!1s0x47e675261124f0b3:0x14ecd96af4f25213!8m2!3d48.755365!4d2.4150596!16s%2Fg%2F11fngytvj9!19sChIJs_AkESZ15kcRE1Ly9GrZ7BQ?authuser=0&hl=fr&rclk=1,R.P Toiture Couvreur 94,Couvreur,137 Av. Anatole France,06 62 26 18 87,https://www.rp-toiture-94.fr/,"4,9",-64
https://www.google.com/maps/place/Entreprise+Langlois/data=!4m7!3m6!1s0x47e6729a410b7985:0x742b3a17f35ac0f9!8m2!3d48.8459248!4d2.4264283!16s%2Fg%2F11cs3z2kd4!19sChIJhXkLQZpy5kcR-cBa8xc6K3Q?authuser=0&hl=fr&rclk=1,Entreprise Langlois,Couvreur,112 Av. de Paris,06 58 45 28 32,https://www.langlois-couvreur-94.fr/,"4,5",-29
https://www.google.com/maps/place/Tible+Dumont+et+Fils/data=!4m7!3m6!1s0x47e67233f5cb8f5b:0x5f20c68322f20bcd!8m2!3d48.8196579!4d2.3813989!16s%2Fg%2F1tfmh3r7!19sChIJW4_L9TNy5kcRzQvyIoPGIF8?authuser=0&hl=fr&rclk=1,Tible Dumont et Fils,Négociant en bois,·,01 46 70 80 80,https://www.tibledumontetfils.com/,"4,1",-148
https://www.google.com/maps/place/Toitures+D%27Ile+De+France+SAS+Vavasseur/data=!4m7!3m6!1s0x47e60d5401c7c06d:0xc578de170b5ed11d!8m2!3d48.7982379!4d2.4849707!16s%2Fg%2F11j31q3_dm!19sChIJbcDHAVQN5kcRHdFeCxfeeMU?authuser=0&hl=fr&rclk=1,Toitures D'Ile De France SAS Vavasseur,Charpentier,87 Bd de Créteil,01 48 86 24 64,https://www.toituresiledefrance.fr/,"3,7",-16
https://www.google.com/maps/place/Etanchisol/data=!4m7!3m6!1s0x47e6737e45f66b41:0xed539ee4f571a7ee!8m2!3d48.7759015!4d2.4086578!16s%2Fg%2F11h40z_sq5!19sChIJQWv2RX5z5kcR7qdx9eSeU-0?authuser=0&hl=fr&rclk=1,Etanchisol,Maçon,21 Rue Léon Geffroy,01 47 18 15 30,http://www.etanchisol.fr/,5,-1
https://www.google.com/maps/place/Bat+Etanche/data=!4m7!3m6!1s0x47e60b8928349679:0x5b1468acf9683b68!8m2!3d48.7670091!4d2.5075371!16s%2Fg%2F1tgx19rx!19sChIJeZY0KIkL5kcRaDto-axoFFs?authuser=0&hl=fr&rclk=1,Bat Etanche,Entrepreneur spécialisé dans l'isolation,1 Chem. Vert,01 56 73 10 24,https://www.batetanche.com/,4,-4
https://www.google.com/maps/place/Toits+Franciliens/data=!4m7!3m6!1s0x47e60d08429c0001:0xdae5f193e3ebf3a4!8m2!3d48.8220113!4d2.4810731!16s%2Fg%2F11g_x0ty7v!19sChIJAQCcQggN5kcRpPPr45Px5do?authuser=0&hl=fr&rclk=1,Toits Franciliens,Couvreur,7 Rue Charles Infroit,01 45 69 49 69,https://www.toits-franciliens.fr/,5,-113
https://www.google.com/maps/place/MEPS+Fa%C3%A7ade/data=!4m7!3m6!1s0x47e66d9358819073:0x975149a179526bb9!8m2!3d48.8609417!4d2.3858642!16s%2Fg%2F11qr885d35!19sChIJc5CBWJNt5kcRuWtSeaFJUZc?authuser=0&hl=fr&rclk=1,MEPS Façade,Façadier,57 Rue de la Folie-Regnault,07 77 49 33 54,https://mepsfacade.fr/,5,-43
https://www.google.com/maps/place/SAS+ARTITOIT+couvreur+chennevi%C3%A8res-sur-Marne/data=!4m7!3m6!1s0x47e60dacc4f2c739:0x3346fd9eb1176ba4!8m2!3d48.8018171!4d2.5396622!16s%2Fg%2F11ys4q0dz9!19sChIJOcfyxKwN5kcRpGsXsZ79RjM?authuser=0&hl=fr&rclk=1,SAS ARTITOIT couvreur chennevières-sur-Marne,Couvreur,·,01 88 83 73 52,https://www.sas-artitoit94.fr/,"4,9",-142
https://www.google.com/maps/place/Etanchisol+SA/data=!4m7!3m6!1s0x47e673a87cf58535:0xb4fcf60cbdaedde3!8m2!3d48.8054343!4d2.4048138!16s%2Fg%2F1tfqf33h!19sChIJNYX1fKhz5kcR492uvQz2_LQ?authuser=0&hl=fr&rclk=1,Etanchisol SA,Entrepreneur spécialisé dans l'isolation,128 Bis Av. Jean Jaurès,01 47 18 15 30,http://www.etanchisol.fr/,,
https://www.google.com/maps/place/Couvreur+joinville+Le+Pont+%7C+ods+Couverture/data=!4m7!3m6!1s0x47e673c595226381:0x52dcb19834ae372!8m2!3d48.7970509!4d2.3825329!16s%2Fg%2F11vf27tnsm!19sChIJgWMilcVz5kcRcuNKgxnLLQU?authuser=0&hl=fr&rclk=1,Couvreur joinville Le Pont | ods Couverture,Entrepreneur spécialisé dans l'isolation,7 Quai Gabriel Péri,06 82 76 56 51,https://www.ods-couverture.fr/,5,-68
https://www.google.com/maps/place/TOIT+ET+BATIMENT/data=!4m7!3m6!1s0x6ba6c07b3ca18d7d:0x1f92f6485b583eec!8m2!3d48.8754967!4d2.497183!16s%2Fg%2F11wtx0_t9l!19sChIJfY2hPHvApmsR7D5YW0j2kh8?authuser=0&hl=fr&rclk=1,TOIT ET BATIMENT,Couvreur,59 Rue Jules Guesde,06 11 01 79 67,https://toit-et-batiment.fr/,"4,9",-61
https://www.google.com/maps/place/Les+artisans+couvreurs/data=!4m7!3m6!1s0x2d44f696beb8ffb5:0x5ed4b3b1d0acd430!8m2!3d48.7893057!4d2.4662322!16s%2Fg%2F11ms24m_cp!19sChIJtf-4vpb2RC0RMNSs0LGz1F4?authuser=0&hl=fr&rclk=1,Les artisans couvreurs,Couvreur,·,01 84 23 14 21,https://artisanscouvreurs.com/,5,-40
https://www.google.com/maps/place/R%C3%89SO+IDF+Vitry/data=!4m7!3m6!1s0x47e6736c342fa275:0x524bfd7898b0d114!8m2!3d48.7898211!4d2.419083!16s%2Fg%2F113gpl5tt!19sChIJdaIvNGxz5kcRFNGwmHj9S1I?authuser=0&hl=fr&rclk=1,RÉSO IDF Vitry,Magasin de materiaux de construction,·,01 47 18 13 00,http://www.reso.fr/,"4,5",-46
https://www.google.com/maps/place/ABC+To%C3%AEt/data=!4m7!3m6!1s0x47e60d00bc5f6215:0x9318a92955ec7260!8m2!3d48.8493556!4d2.5023445!16s%2Fg%2F11fsn3196y!19sChIJFWJfvAAN5kcRYHLsVSmpGJM?authuser=0&hl=fr&rclk=1,ABC Toît,Couvreur,"Le, 98 Rue Victor Recourat",07 81 25 14 64,,1,-1
https://www.google.com/maps/place/IDF+Couverture/data=!4m7!3m6!1s0x47e6734c71d5c381:0x4a4f52381f6ac3b2!8m2!3d48.7881816!4d2.4479665!16s%2Fg%2F11g0tl2x25!19sChIJgcPVcUxz5kcRssNqHzhST0o?authuser=0&hl=fr&rclk=1,IDF Couverture,Couvreur,10 All. Georges Braque,01 80 51 29 91,https://www.facebook.com/idf.couverture.creteil/,5,-1
https://www.google.com/maps/place/Ceinture+B%C3%A2timent/data=!4m7!3m6!1s0x80b253c4ef17d829:0x8503cddf299c6488!8m2!3d48.8591096!4d2.4489412!16s%2Fg%2F11x8rsf5bj!19sChIJKdgX78RTsoARiGScKd_NA4U?authuser=0&hl=fr&rclk=1,Ceinture Bâtiment,Entrepreneur spécialisé dans l'isolation,17 Av. Jean Moulin,07 52 72 40 04,https://ceinturebatiment.fr/,,
https://www.google.com/maps/place/Herminette+-+Charpentier%2Fconstructeur+bois/data=!4m7!3m6!1s0x47e671a292818d55:0x8bb166e58781c40d!8m2!3d48.7854424!4d2.3284151!16s%2Fg%2F11j5ydym24!19sChIJVY2BkqJx5kcRDcSBh-VmsYs?authuser=0&hl=fr&rclk=1,Herminette - Charpentier/constructeur bois,Charpentier,·,01 49 84 85 52,http://www.herminette.fr/,5,-74
https://www.google.com/maps/place/D%C3%A9titoit/data=!4m7!3m6!1s0x2604fd11a31fc1e9:0xa851da4f2f27787b!8m2!3d48.6807824!4d2.3243274!16s%2Fg%2F11xzhmpvyj!19sChIJ6cEfoxH9BCYRe3gnL0_aUag?authuser=0&hl=fr&rclk=1,Détitoit,Entreprise d'étanchéité,·,07 83 85 07 93,https://www.detitoit.com/,5,-13
https://www.google.com/maps/place/Couvreur+94+M+ROBERT/data=!4m7!3m6!1s0x47e673fd6a99dc77:0x41038f07473d5039!8m2!3d48.7841686!4d2.3623935!16s%2Fg%2F11fx9cgmgx!19sChIJd9yZav1z5kcROVA9RwePA0E?authuser=0&hl=fr&rclk=1,Couvreur 94 M ROBERT,Couvreur,1 Rue du Dr Antomarchi,06 23 41 27 46,https://robert-couvreur.fr/,"4,6",-94
https://www.google.com/maps/place/SODITRADE/data=!4m7!3m6!1s0x47e6695de5450cfd:0xc0642f61ca8005af!8m2!3d48.7712872!4d2.4967174!16s%2Fg%2F1trttmhl!19sChIJ_QxF5V1p5kcRrwWAymEvZMA?authuser=0&hl=fr&rclk=1,SODITRADE,Magasin de materiaux de construction,4 Av. des Violettes,01 49 21 01 80,https://www.soditrade.com/,"3,3",-11
https://www.google.com/maps/place/France+%C3%89tanch%C3%A9it%C3%A9/data=!4m7!3m6!1s0x47e60b9b5a8b850f:0xb13aea2759e10022!8m2!3d48.7617231!4d2.4999402!16s%2Fg%2F11gg67ws03!19sChIJD4WLWpsL5kcRIgDhWSfqOrE?authuser=0&hl=fr&rclk=1,France Étanchéité,Entreprise d'étanchéité,27 Rue du 8 Mai 1945,01 56 73 19 94,http://www.franceetancheite.fr/,"2,9",-10
https://www.google.com/maps/place/COSTALLAT+COUVERTURE/data=!4m7!3m6!1s0x47e6135b3b9cac13:0x7733016f011a9e4d!8m2!3d48.8816383!4d2.4689786!16s%2Fg%2F11r7xtgdfy!19sChIJE6ycO1sT5kcRTZ4aAW8BM3c?authuser=0&hl=fr&rclk=1,COSTALLAT COUVERTURE,Couvreur,Rue des Cerisiers,06 73 61 63 19,https://costallatcouverture.com/,"4,3",-16
https://www.google.com/maps/place/R%C3%A9nov+And+Co/data=!4m7!3m6!1s0x47e6737a68f378b3:0x635eeb840608f5f3!8m2!3d48.8498395!4d2.4320665!16s%2Fg%2F11v5j8m9bk!19sChIJs3jzaHpz5kcR8_UIBoTrXmM?authuser=0&hl=fr&rclk=1,Rénov And Co,Entreprise de construction,11 Rue de la Paix,01 48 81 47 49,http://renov-andco.com/,5,-10
https://www.google.com/maps/place/Global+Etanch%C3%A9it%C3%A9/data=!4m7!3m6!1s0x47e66f7cd5d15e21:0xc632c4cde6c20a2e!8m2!3d48.9029061!4d2.3506328!16s%2Fg%2F11pzsbq93c!19sChIJIV7R1Xxv5kcRLgrC5s3EMsY?authuser=0&hl=fr&rclk=1,Global Etanchéité,Entreprise d'étanchéité,33 Rue des Graviers,06 03 95 28 93,https://global-etancheite-resine.fr/,"4,6",-18
https://www.google.com/maps/place/Boulanger+Alain+Toiture/data=!4m7!3m6!1s0x47e613ef1738bddd:0xd53c8034de7a20d8!8m2!3d48.9090587!4d2.5173945!16s%2Fg%2F11h91cpfby!19sChIJ3b04F-8T5kcR2CB63jSAPNU?authuser=0&hl=fr&rclk=1,Boulanger Alain Toiture,Couvreur,"Les, 8 Bd Roy",06 20 33 92 90,,"4,7",-20
https://www.google.com/maps/place/ARTO+Diffusion/data=!4m7!3m6!1s0x47e67375f15586cf:0x64f81be347b813f9!8m2!3d48.7907964!4d2.4065531!16s%2Fg%2F11bcf3p2rs!19sChIJz4ZV8XVz5kcR-RO4R-Mb-GQ?authuser=0&hl=fr&rclk=1,ARTO Diffusion,Magasin,48 Av. du Groupe Manouchian,01 45 73 07 32,http://www.arto.fr/,4,-15
https://www.google.com/maps/place/CBS+Ravalement+Couverture+TCE/data=!4m7!3m6!1s0x47e66de21a9ce99f:0x9866a5746a8a073f!8m2!3d48.8702249!4d2.369!16s%2Fg%2F1wfvlz7c!19sChIJn-mcGuJt5kcRPweKanSlZpg?authuser=0&hl=fr&rclk=1,CBS Ravalement Couverture TCE,Entreprise de construction,14 Rue Bichat,01 42 08 49 10,https://c-b-s.fr/,"3,5",-8
https://www.google.com/maps/place/FRANCE+BTP/data=!4m7!3m6!1s0x47e66da5b1839be7:0x3e1ec8bd921aec2d!8m2!3d48.8694342!4d2.4309533!16s%2Fg%2F11yvdmprcx!19sChIJ55uDsaVt5kcRLewakr3IHj4?authuser=0&hl=fr&rclk=1,FRANCE BTP,Entreprise de construction,15 Rue des Lilas,06 71 37 54 62,,5,-88
https://www.google.com/maps/place/ABRITEC+COUVERTURE/data=!4m7!3m6!1s0x47e66d747550b4f1:0x81705cfe66331365!8m2!3d48.893569!4d2.439454!16s%2Fg%2F11y0ms2g__!19sChIJ8bRQdXRt5kcRZRMzZv5ccIE?authuser=0&hl=fr&rclk=1,ABRITEC COUVERTURE,Couvreur,8 Rue de la Pointe,06 59 12 36 15,https://www.abritec-couverture-charpente-etancheite-bardage.com/,5,-52
"https://www.google.com/maps/place/France+Isolation,+Entreprise+de+Flocage+Coupe+Feu+%7C+Thermique+%7C+Acoustique+%7C+Anti-Condensation/data=!4m7!3m6!1s0x47e66e12f2dc911b:0x210091289b4c85c3!8m2!3d48.874125!4d2.355711!16s%2Fg%2F11clkwn5m0!19sChIJG5Hc8hJu5kcRw4VMmyiRACE?authuser=0&hl=fr&rclk=1","France Isolation, Entreprise de Flocage Coupe Feu | Thermique | Acoustique | Anti-Condensation",Société de flocage,10 Rue Jarry,06 70 97 45 59,http://france-isolation.com/,"4,1",-20
https://www.google.com/maps/place/RMH+R%C3%A9novation+Peinture+de+bardage+m%C3%A9talliques+et+traitement+de+surface/data=!4m7!3m6!1s0x47e613496d662793:0x5ff579bb0fa534e7!8m2!3d48.8983424!4d2.5168628!16s%2Fg%2F11h5rfdmtl!19sChIJkydmbUkT5kcR5zSlD7t59V8?authuser=0&hl=fr&rclk=1,RMH Rénovation Peinture de bardage métalliques et traitement de surface,Prestataire de traitement et finition de surfaces métalliques,122 Av. de la Résistance,06 32 77 67 63,http://www.renovation-peinture-bardage-metallique.fr/,5,-4
https://www.google.com/maps/place/Compagnon+Christol+SARL/data=!4m7!3m6!1s0x47e6116dabce5d95:0x69d3626105cf2e30!8m2!3d48.8939453!4d2.5627895!16s%2Fg%2F11h5_j6pk8!19sChIJlV3Oq20R5kcRMC7PBWFi02k?authuser=0&hl=fr&rclk=1,Compagnon Christol SARL,Couvreur,·,01 79 92 72 79,http://www.compagnon-christol.com/,"4,2",-29
https://www.google.com/maps/place/ENVELIA/data=!4m7!3m6!1s0x47e66d713c59449f:0x50c6e8a8772eb02e!8m2!3d48.8949694!4d2.4637389!16s%2Fg%2F1tfgnq8h!19sChIJn0RZPHFt5kcRLrAud6joxlA?authuser=0&hl=fr&rclk=1,ENVELIA,Fournisseur de matériaux de construction,32 Rue Dombasle,01 49 93 08 12,https://www.envelia.fr/,4,-1
https://www.google.com/maps/place/Auffret+Mat%C3%A9riaux/data=!4m7!3m6!1s0x47e671696d7f2a9b:0x4264341e2e40390!8m2!3d48.7988137!4d2.3461567!16s%2Fg%2F11btmb4p_2!19sChIJmyp_bWlx5kcRkAPk4kFDJgQ?authuser=0&hl=fr&rclk=1,Auffret Matériaux,Magasin de materiaux de construction,·,01 45 46 37 70,https://auffret-materiaux.com/?utm_medium=referral&utm_source=gmb&utm_campaign=lnk-gmb,"4,6",-39
https://www.google.com/maps/place/SACOFRA+Gentilly/data=!4m7!3m6!1s0x47e671740994e28b:0x5f8683ead6ae5289!8m2!3d48.8108773!4d2.3452091!16s%2Fg%2F1tdh7rvw!19sChIJi-KUCXRx5kcRiVKu1uqDhl8?authuser=0&hl=fr&rclk=1,SACOFRA Gentilly,Magasin de peinture,·,01 47 40 87 88,http://sacofra.fr/,"4,7",-61
https://www.google.com/maps/place/A.C.P.F+ACHIN/data=!4m7!3m6!1s0x47e612e25971d075:0xb66aceef51239b9a!8m2!3d48.7515783!4d2.5008263!16s%2Fg%2F11b732ntj0!19sChIJddBxWeIS5kcRmpsjUe_OarY?authuser=0&hl=fr&rclk=1,A.C.P.F ACHIN,Entrepreneur,11-13 Av. Charles de Gaulle,09 70 35 32 33,https://www.acpf-couverture-bardage.fr/?utm_medium=referral&utm_source=gmb&utm_campaign=lnk-gmb,5,-6
"https://www.google.com/maps/place/Frontis+-+Fa%C3%A7adier,+Isolation,+Ravalement+et+Toiture/data=!4m7!3m6!1s0x47e6119087d9ed75:0x407f6728ca329d7d!8m2!3d48.8711478!4d2.5771958!16s%2Fg%2F11wfsp3pkb!19sChIJde3Zh5AR5kcRfZ0yyihnf0A?authuser=0&hl=fr&rclk=1","Frontis - Façadier, Isolation, Ravalement et Toiture",Entrepreneur spécialisé dans l'isolation,37 Av. du Maréchal Foch,01 84 23 04 04,https://www.frontis-isolation.fr/,5,-1
https://www.google.com/maps/place/Raboni+Villejuif/data=!4m7!3m6!1s0x47e6717b2a941ad9:0xaf230d2b83e71730!8m2!3d48.8011245!4d2.3591737!16s%2Fg%2F11qn6380l0!19sChIJ2RqUKntx5kcRMBfngysNI68?authuser=0&hl=fr&rclk=1,Raboni Villejuif,Fournisseur de matériaux de construction,·,01 46 78 55 00,http://raboni.fr/,"3,4",-14
https://www.google.com/maps/place/ISOL+RAVAL/data=!4m7!3m6!1s0x47e6138a4893f5ff:0x95926663385f8c5c!8m2!3d48.8742249!4d2.4842829!16s%2Fg%2F11ycjqbbcl!19sChIJ__WTSIoT5kcRXIxfOGNmkpU?authuser=0&hl=fr&rclk=1,ISOL RAVAL,Entrepreneur spécialisé dans l'isolation,7 Rue Paul Cavaré,06 66 25 26 93,https://www.isolation-93.fr/,,
https://www.google.com/maps/place/Les+Compagnons+Ortica/data=!4m7!3m6!1s0x47e60da7057cc94f:0xb81017577a81eb82!8m2!3d48.6807824!4d2.5026636!16s%2Fg%2F11j8kvhpy5!19sChIJT8l8BacN5kcRguuBelcXELg?authuser=0&hl=fr&rclk=1,Les Compagnons Ortica,Couvreur,·,01 48 81 05 01,,5,-48
https://www.google.com/maps/place/Ghezal+decor/data=!4m7!3m6!1s0x47e66d94f7cd4f6b:0xc121992ee2f8f88c!8m2!3d48.8026764!4d2.3967585!16s%2Fg%2F1tdkw_2x!19sChIJa0_N95Rt5kcRjPj44i6ZIcE?authuser=0&hl=fr&rclk=1,Ghezal decor,Peintre en bâtiment,10 Rue Jean Trémoulet,06 14 49 84 76,http://ghezaldecor.com/,5,-26
https://www.google.com/maps/place/BARDEX/data=!4m7!3m6!1s0x47e613e9c351901b:0xf196bfb304057188!8m2!3d48.8677674!4d2.5184588!16s%2Fg%2F11xs_hr5v5!19sChIJG5BRw-kT5kcRiHEFBLO_lvE?authuser=0&hl=fr&rclk=1,BARDEX,Bâtiment patrimonial,94 Rue Louis Ampère,01 80 90 43 20,https://www.bardex.fr/,,
https://www.google.com/maps/place/Lotus+Habitat/data=!4m7!3m6!1s0x47e6669e70684b91:0x3d0bd1b8f60e0fe7!8m2!3d48.8901831!4d2.4067973!16s%2Fg%2F11g0hnz4p0!19sChIJkUtocJ5m5kcR5w8O9rjRCz0?authuser=0&hl=fr&rclk=1,Lotus Habitat,Conseil,·,01 41 71 61 06,https://lotushabitat.com/,4,-231
https://www.google.com/maps/place/BIH/data=!4m7!3m6!1s0x47e673d180f17443:0xbf684d70d26eba1c!8m2!3d48.8478189!4d2.3706507!16s%2Fg%2F11mvvf31bx!19sChIJQ3TxgNFz5kcRHLpu0nBNaL8?authuser=0&hl=fr&rclk=1,BIH,Entreprise de construction,37/39 Av. Ledru Rollin,01 86 04 80 12,https://letoitbih.fr/,,
https://www.google.com/maps/place/Couvreur+Lagrin+-+R%C3%A9paration+toiture+-+R%C3%A9novation+toiture+-+Nettoyage+toiture+-+Charpentier+Aulnay+93/data=!4m7!3m6!1s0x47e61385475e3d2d:0xb7001dd391687140!8m2!3d48.9204205!4d2.4956505!16s%2Fg%2F11fhy2d0xq!19sChIJLT1eR4UT5kcRQHFokdMdALc?authuser=0&hl=fr&rclk=1,Couvreur Lagrin - Réparation toiture - Rénovation toiture - Nettoyage toiture - Charpentier Aulnay 93,Entrepreneur spécialisé dans l'isolation,·,01 48 68 67 68,http://www.couvreur-lagrin.fr/,5,-45
https://www.google.com/maps/place/Feron+et+fils/data=!4m7!3m6!1s0x47e673c05ae20371:0x75419130822e0bbd!8m2!3d48.7970509!4d2.3825329!16s%2Fg%2F11kb0_999d!19sChIJcQPiWsBz5kcRvQsugjCRQXU?authuser=0&hl=fr&rclk=1,Feron et fils,Couvreur,47 Bd de Stalingrad,06 59 79 57 78,https://www.couverture-feron.fr/contact,,
https://www.google.com/maps/place/Compagnon+ZUGETTA+-+Couverture+93/data=!4m7!3m6!1s0x47e61321c9020549:0x1121964f138509e6!8m2!3d48.9119102!4d2.5058132!16s%2Fg%2F11sr60xt_2!19sChIJSQUCySET5kcR5gmFE0-WIRE?authuser=0&hl=fr&rclk=1,Compagnon ZUGETTA - Couverture 93,Couvreur,41 All. Kruger,06 25 34 53 71,https://www.compagnon-zugetta-93.fr/,5,-15
https://www.google.com/maps/place/Louis+Couverture/data=!4m7!3m6!1s0x47e60cf2772ed297:0x2845748cad4dcdff!8m2!3d48.796169!4d2.4858692!16s%2Fg%2F11fkdsd4gz!19sChIJl9Iud_IM5kcR_81NrYx0RSg?authuser=0&hl=fr&rclk=1,Louis Couverture,Couvreur,19 Rue Baratte Cholet,01 48 77 15 42,https://www.louiscouverture.fr/,4,-4
https://www.google.com/maps/place/SBP+B%C3%A2timent/data=!4m7!3m6!1s0x47e66e60acf9bee1:0x7104d2161a826b23!8m2!3d48.8914883!4d2.3479205!16s%2Fg%2F11c805wfbp!19sChIJ4b75rGBu5kcRI2uCGhbSBHE?authuser=0&hl=fr&rclk=1,SBP Bâtiment,Immeuble en copropriété,25 Rue Eugène Sue,01 53 28 11 54,https://www.sbp-ravalement.com/?utm_medium=referral&utm_source=gmb&utm_campaign=lnk-gmb,"4,6",-18
https://www.google.com/maps/place/FRAQUELLI+S.A.S/data=!4m7!3m6!1s0x47e66d62ec468991:0x872afea54e7a8433!8m2!3d48.8557369!4d2.4237607!16s%2Fg%2F1wn_5dxg!19sChIJkYlG7GJt5kcRM4R6TqX-Koc?authuser=0&hl=fr&rclk=1,FRAQUELLI S.A.S,Façadier,163 Rue de Paris,01 48 37 70 66,https://fraquelli.fr/,,
https://www.google.com/maps/place/Lariviere/data=!4m7!3m6!1s0x47e6727703ecb781:0xa3c3f961c027a6f7!8m2!3d48.852293!4d2.398046!16s%2Fg%2F1td_xxnb!19sChIJgbfsA3dy5kcR96YnwGH5w6M?authuser=0&hl=fr&rclk=1,Lariviere,Magasin de materiaux de construction,58 Boulevard de Charonne,01 44 93 13 00,https://www.lariviere.fr/trouver-votre-agence/lariviere-SEB/entry-437-lariviere-paris-20.html,4,-15
https://www.google.com/maps/place/Nizam+Services/data=!4m7!3m6!1s0x47e60bcfd2f1485d:0xcbe29868180b80d5!8m2!3d48.7534075!4d2.5331559!16s%2Fg%2F11qsm0xrg8!19sChIJXUjx0s8L5kcR1YALGGiY4ss?authuser=0&hl=fr&rclk=1,Nizam Services,Entreprise de construction,Av. de Grosbois,07 82 71 88 40,,,
https://www.google.com/maps/place/Soci%C3%A9t%C3%A9+de+construction+CIMEKS/data=!4m7!3m6!1s0x47e671b09f82d849:0xc9ede5240b5584d2!8m2!3d48.8300425!4d2.3309053!16s%2Fg%2F11hdc4l856!19sChIJSdiCn7Bx5kcR0oRVCyTl7ck?authuser=0&hl=fr&rclk=1,Société de construction CIMEKS,Entrepreneur spécialisé dans l'isolation,39 Rue du Couëdic,01 71 73 43 25,,5,-13
https://www.google.com/maps/place/A.E+WOOD+SERVICE/data=!4m7!3m6!1s0x47e60e6281b95555:0xc6b6c6d283686fe2!8m2!3d48.8115531!4d2.5570686!16s%2Fg%2F11w48fj_w4!19sChIJVVW5gWIO5kcR4m9og9LGtsY?authuser=0&hl=fr&rclk=1,A.E WOOD SERVICE,Fournisseur de bois,112 Av. du Parc,07 82 60 98 02,http://a-e-wood.fr/,,
https://www.google.com/maps/place/Lariviere+Pantin/data=!4m7!3m6!1s0x47e66c53c81f4caf:0x227ab0a3e0b49963!8m2!3d48.8999973!4d2.4074776!16s%2Fg%2F1tx1shmh!19sChIJr0wfyFNs5kcRY5m04KOweiI?authuser=0&hl=fr&rclk=1,Lariviere Pantin,Magasin de materiaux de construction,·,01 48 44 42 00,https://www.lariviere.fr/trouver-votre-agence/lariviere-SEB/entry-436-lariviere-pantin.html,"3,9",-41
https://www.google.com/maps/place/La+Maison+du+Parquet/data=!4m7!3m6!1s0x47e672772079a169:0x98e9ee7daaa8823b!8m2!3d48.8514093!4d2.3974354!16s%2Fg%2F1tqtx5wt!19sChIJaaF5IHdy5kcRO4Koqn3u6Zg?authuser=0&hl=fr&rclk=1,La Maison du Parquet,Magasin de revêtements de sol,131 Rue de Montreuil,01 43 73 80 80,https://www.lamaisonduparquet.com/,"4,6",-120
https://www.google.com/maps/place/Al+2/data=!4m7!3m6!1s0x47e66f777bca7b85:0x7acf9149d0866d79!8m2!3d48.8764646!4d2.3483945!16s%2Fg%2F11h801zjd7!19sChIJhXvKe3dv5kcReW2G0EmRz3o?authuser=0&hl=fr&rclk=1,Al 2,Couvreur,83 Rue du Faubourg Poissonnière,01 44 83 96 13,https://www.facebook.com/profile.php?id=100069303858837&utm_source=gmb,5,-1
https://www.google.com/maps/place/Couvretoit/data=!4m7!3m6!1s0x47e67240e027abed:0x85f205e48ca50f34!8m2!3d48.8422509!4d2.3930983!16s%2Fg%2F11btm57ptf!19sChIJ7asn4EBy5kcRNA-ljOQF8oU?authuser=0&hl=fr&rclk=1,Couvretoit,Couvreur,111 Rue de Reuilly,01 40 19 04 50,http://www.couvretoit.net/,"2,3",-3
https://www.google.com/maps/place/FM+TOITURE/data=!4m7!3m6!1s0x47e611c6fe1e619b:0x8443503e5ab90a9!8m2!3d48.8671455!4d2.5561703!16s%2Fg%2F11s9kdx7h2!19sChIJm2Ee_sYR5kcRqZCr5QM1RAg?authuser=0&hl=fr&rclk=1,FM TOITURE,Couvreur,17 Av. Jean Stephan,06 24 67 48 41,,5,-2
https://www.google.com/maps/place/Couvreur+93+-+BTA+COUVERTURE/data=!4m7!3m6!1s0x47e6733f80521f87:0x80ce7bf7a4dadcae!8m2!3d48.8763105!4d2.4178341!16s%2Fg%2F11pyc3dnw_!19sChIJhx9SgD9z5kcRrtzapPd7zoA?authuser=0&hl=fr&rclk=1,Couvreur 93 - BTA COUVERTURE,Couvreur,145 Rue de Noisy-le-Sec,06 66 15 35 80,http://www.bta-couverture.fr/,5,-3
https://www.google.com/maps/place/Flocage+Technique+Services/data=!4m7!3m6!1s0x47e66f27702cbe3d:0xcd2e03e09ef1a556!8m2!3d48.8587182!4d2.3273491!16s%2Fg%2F11jw5t6bs_!19sChIJPb4scCdv5kcRVqXxnuADLs0?authuser=0&hl=fr&rclk=1,Flocage Technique Services,Société de flocage,54 Rue de Verneuil,07 85 02 26 25,https://flocage-services.com/,5,-4
https://www.google.com/maps/place/RPI/data=!4m7!3m6!1s0x47e66d433340dd75:0x3d71a581b51a5813!8m2!3d48.8643119!4d2.4393663!16s%2Fg%2F1tcxtk41!19sChIJdd1AM0Nt5kcRE1gatYGlcT0?authuser=0&hl=fr&rclk=1,RPI,Peintre en bâtiment,40 Av. Pasteur 40 bis,01 48 51 67 86,https://rpi-bardage.com/,,
https://www.google.com/maps/place/Marchandise+Pro/data=!4m7!3m6!1s0x47e66da19513a03d:0xcc26154d24e86be6!8m2!3d48.8727332!4d2.4530602!16s%2Fg%2F11t26vll18!19sChIJPaATlaFt5kcR5mvoJE0VJsw?authuser=0&hl=fr&rclk=1,Marchandise Pro,Magasin de materiaux de construction,·,09 51 90 60 16,http://www.marchandise-pro.com/,"4,8",-28
https://www.google.com/maps/place/VM+Building+Solutions/data=!4m7!3m6!1s0x47e66dc8849aad97:0x5ccee4f796ff345b!8m2!3d48.8609164!4d2.4419671!16s%2Fg%2F11gl3rkpc2!19sChIJl62ahMht5kcRWzT_lvfkzlw?authuser=0&hl=fr&rclk=1,VM Building Solutions,Fournisseur de matériaux de construction,"Tour Altaïs, 3 Place Aimé Césaire",01 49 72 42 42,http://vmbuildingsolutions.fr/,,
https://www.google.com/maps/place/Monier/data=!4m7!3m6!1s0x47e671a7d5772ba9:0x97f9b3bca1110deb!8m2!3d48.8186254!4d2.3293065!16s%2Fg%2F11ggmy5h57!19sChIJqSt31adx5kcR6w0Robyz-Zc?authuser=0&hl=fr&rclk=1,Monier,Fournisseur de matériaux de construction,25 Av. du Dr Lannelongue,01 40 84 67 00,http://www.monier.fr/,2,-4
https://www.google.com/maps/place/Bois+D%C3%A9tail/data=!4m7!3m6!1s0x47e66dfd33f5503d:0x6f20e9611a3b95b4!8m2!3d48.8660848!4d2.3689259!16s%2Fg%2F1yg6d443g!19sChIJPVD1M_1t5kcRtJU7GmHpIG8?authuser=0&hl=fr&rclk=1,Bois Détail,Fabricant de meubles,129 Bd Richard-Lenoir 127,01 48 05 07 04,https://www.bois-detail-paris.fr/,"3,9",-158
https://www.google.com/maps/place/Da+Silva+B%C3%A2timent/data=!4m7!3m6!1s0x47e60d91c00eab41:0x7ddecb926c8b1cd1!8m2!3d48.6807824!4d2.5026636!16s%2Fg%2F11mhcbws9l!19sChIJQasOwJEN5kcR0RyLbJLL3n0?authuser=0&hl=fr&rclk=1,Da Silva Bâtiment,Entrepreneur spécialisé dans l'isolation,·,06 51 64 76 00,,,
https://www.google.com/maps/place/Jason+Toiture/data=!4m7!3m6!1s0x47e60b070af621a7:0xbd1fbfaf050f887e!8m2!3d48.834818!4d2.289572!16s%2Fg%2F11b64hn9wz!19sChIJpyH2CgcL5kcRfogPBa-_H70?authuser=0&hl=fr&rclk=1,Jason Toiture,Couvreur,19 Rue Auguste Chabrières,06 80 45 28 90,https://www.google.com/aclk?sa=L&ai=DChsSEwjAl8bpib6UAxVIhv0FHSc8HHkYACICCAEQERoCd2Y&co=1&ase=2&gclid=CjwKCAjwq6DQBhBVEiwA4ZD5XIZGMrnRXlJqozj79rNtvei83HjjysZ9RSveiZnA1srKIDHT18yq9BoCSzQQAvD_BwE&cce=2&category=acrcp_v1_32&sig=AOD64_2w03CKI0Eru4Rr1k_T8wW8pb-BYw&adurl&q&ctype=99&nis=6,"4,1",-26
https://www.google.com/maps/place/SQUARE+RENOVATION/data=!4m7!3m6!1s0x47e6701618a6538f:0xbfd57255354cf5e8!8m2!3d48.851636!4d2.297217!16s%2Fg%2F11gbf9cds6!19sChIJj1OmGBZw5kcR6PVMNVVy1b8?authuser=0&hl=fr&rclk=1,SQUARE RENOVATION,Entreprise de construction,20 Rue Dupleix,01 80 27 39 70,https://www.google.com/aclk?sa=L&ai=DChsSEwjAl8bpib6UAxVIhv0FHSc8HHkYACICCAEQCBoCd2Y&co=1&ase=2&gclid=CjwKCAjwq6DQBhBVEiwA4ZD5XNaV04bVBXxRF3UeSTiAqOWkYsAiz-MFZH06cZ-aDCspXc6VXM21nRoCHHgQAvD_BwE&cce=2&category=acrcp_v1_32&sig=AOD64_1nf2u978u_B9IDFDverTzaCQhYUA&adurl&q&ctype=99&nis=6,5,-43
https://www.google.com/maps/place/SOFEC-%C3%A9tanch%C3%A9it%C3%A9/data=!4m7!3m6!1s0x47e6730ba5042803:0xaffb20ad37d4f254!8m2!3d48.847291!4d2.412676!16s%2Fg%2F11v4pv8c_r!19sChIJAygEpQtz5kcRVPLUN60g-68?authuser=0&hl=fr&rclk=1,SOFEC-étanchéité,Entreprise d'étanchéité,9 Av. de la Prte de Vincennes,06 13 67 89 27,https://www.sofec-etancheite.com/,5,-5
https://www.google.com/maps/place/M+B+E+Etancheit%C3%A9/data=!4m7!3m6!1s0x47e6691b9df5f9c3:0xe386818fb379d69b!8m2!3d48.9427755!4d2.3570411!16s%2Fg%2F11r2jdxrp6!19sChIJw_n1nRtp5kcRm9Z5s4-BhuM?authuser=0&hl=fr&rclk=1,M B E Etancheité,Entreprise d'étanchéité,138 Rue Gabriel Péri,06 05 51 21 77,https://www.travaux-etancheite-terrasse.com/,"4,7",-42
https://www.google.com/maps/place/KIOSQUE+%C3%89TANCH%C3%89IT%C3%89+ET+BARDAGE/data=!4m7!3m6!1s0x47e66fef1be7c7dd:0x894c82fa6dfdb907!8m2!3d48.8694514!4d2.2931937!16s%2Fg%2F11c2jq5xrg!19sChIJ3cfnG-9v5kcRB7n9bfqCTIk?authuser=0&hl=fr&rclk=1,KIOSQUE ÉTANCHÉITÉ ET BARDAGE,Façadier,6-14 Rue La Pérouse,01 56 62 13 20,http://kiosque-etancheite-bardage.com/,,
https://www.google.com/maps/place/Fa%C3%A7adier+Paris+8e/data=!4m7!3m6!1s0x47e66f0a17ec1e9f:0x884342f6f552e99c!8m2!3d48.8729591!4d2.2978517!16s%2Fg%2F11mt4fsg5h!19sChIJnx7sFwpv5kcRnOlS9fZCQ4g?authuser=0&hl=fr&rclk=1,Façadier Paris 8e,Façadier,Av. des Champs-Élysées,01 89 74 41 44,,5,-18
https://www.google.com/maps/place/Couverture+Victor+Paris/data=!4m7!3m6!1s0x2f48ac023a32e535:0x202a0a7109de4b36!8m2!3d48.8413504!4d2.2590057!16s%2Fg%2F11yp8x1drt!19sChIJNeUyOgKsSC8RNkveCXEKKiA?authuser=0&hl=fr&rclk=1,Couverture Victor Paris,Couvreur,83 Rue Michel Ange,06 22 98 66 80,https://www.couverturevictorparis.fr/,5,-24
https://www.google.com/maps/place/Couvreur+paris+-+Couverture+Francilienne+-+Isolation+zinguerie+et+pose+de+goutti%C3%A8res/data=!4m7!3m6!1s0x47e5d9932efa4cf7:0xd15c784a6f4077c9!8m2!3d48.8660188!4d2.329429!16s%2Fg%2F11gdknnqf7!19sChIJ90z6LpPZ5UcRyXdAb0p4XNE?authuser=0&hl=fr&rclk=1,Couvreur paris - Couverture Francilienne - Isolation zinguerie et pose de gouttières,Couvreur,229 Rue Saint-Honoré,07 49 35 92 80,https://www.couverture-toiture-heugebaert-92.fr/,"4,4",-22
https://www.google.com/maps/place/Entreprise+Iso-Renov/data=!4m7!3m6!1s0x47e66ffcfefa82cf:0x974d26a41b009b19!8m2!3d48.8792807!4d2.2993237!16s%2Fg%2F11fjz9mr3v!19sChIJz4L6_vxv5kcRGZsAG6QmTZc?authuser=0&hl=fr&rclk=1,Entreprise Iso-Renov,Entrepreneur spécialisé dans l'isolation,58 Av. de Wagram,01 45 04 11 04,http://www.isorenov.fr/,"4,6",-41
https://www.google.com/maps/place/Jason+Toiture/data=!4m7!3m6!1s0x47e60b070af621a7:0xbd1fbfaf050f887e!8m2!3d48.834818!4d2.289572!16s%2Fg%2F11b64hn9wz!19sChIJpyH2CgcL5kcRfogPBa-_H70?authuser=0&hl=fr&rclk=1,Jason Toiture,Couvreur,19 Rue Auguste Chabrières,06 80 45 28 90,https://www.google.com/aclk?sa=L&ai=DChsSEwjRks7wib6UAxVBkWgJHREwFRoYACICCAEQABoCd2Y&co=1&ase=2&gclid=CjwKCAjwq6DQBhBVEiwA4ZD5XFsNFtdoX9qfiFVlg96Tefdbxx2o35bdUw1iRZj8dtsBHpXP2D_4uhoCjsgQAvD_BwE&cce=2&category=acrcp_v1_32&sig=AOD64_0TLA7qD3-3z7RwfcCph5xb7pvdjQ&adurl&q&ctype=99&nis=6,"4,1",-26
https://www.google.com/maps/place/SQUARE+RENOVATION/data=!4m7!3m6!1s0x47e6701618a6538f:0xbfd57255354cf5e8!8m2!3d48.851636!4d2.297217!16s%2Fg%2F11gbf9cds6!19sChIJj1OmGBZw5kcR6PVMNVVy1b8?authuser=0&hl=fr&rclk=1,SQUARE RENOVATION,Entreprise de construction,20 Rue Dupleix,01 80 27 39 70,https://www.google.com/aclk?sa=L&ai=DChsSEwjRks7wib6UAxVBkWgJHREwFRoYACICCAEQAxoCd2Y&co=1&ase=2&gclid=CjwKCAjwq6DQBhBVEiwA4ZD5XPMxFISv4C3FW1uSoqRB83W2fNnxuWSjAV9LaEbntLKH-QE7gQsXhhoCRaEQAvD_BwE&cce=2&category=acrcp_v1_32&sig=AOD64_26-40WqNW2phOfCs5gCNWOB0dhXg&adurl&q&ctype=99&nis=6,5,-43
https://www.google.com/maps/place/Atmosph%C3%A8re+%26+Bois+Paris/data=!4m7!3m6!1s0x47e671d23aecdc89:0x544967b5db6f6e1f!8m2!3d48.8531386!4d2.3308541!16s%2Fg%2F11t8gyb4xd!19sChIJidzsOtJx5kcRH25v27VnSVQ?authuser=0&hl=fr&rclk=1,Atmosphère & Bois Paris,Négociant en bois,·,06 73 56 26 54,https://www.atmosphere-bois.com/europe/fr/,2,-4
https://www.google.com/maps/place/ANOI+Couverture+%E2%80%93+Couvreur+Charpentier+%E2%80%94+Intervention+Rapide+%E2%80%93+Devis+Gratuit/data=!4m7!3m6!1s0x47e6139d72c23c77:0x9b5145aa865c5fd2!8m2!3d48.9305146!4d2.4686629!16s%2Fg%2F11g18_fl5r!19sChIJdzzCcp0T5kcR0l9chqpFUZs?authuser=0&hl=fr&rclk=1,ANOI Couverture – Couvreur Charpentier — Intervention Rapide – Devis Gratuit,Couvreur,·,06 28 63 78 67,https://anoi-couverture-pro.fr/,"4,9",-102
https://www.google.com/maps/place/DSD+R%C3%A9nov/data=!4m7!3m6!1s0x47e66f7378949123:0xc7cbf2c274bd84d8!8m2!3d48.8877869!4d2.1172292!16s%2Fg%2F11fpr79pft!19sChIJI5GUeHNv5kcR2IS9dMLyy8c?authuser=0&hl=fr&rclk=1,DSD Rénov,Couvreur,·,01 87 66 65 49,https://www.dsdrenov.com/,"4,8",-71
https://www.google.com/maps/place/Delta+Sud/data=!4m7!3m6!1s0x47e67abe69fe25a3:0x181910e588b04ccb!8m2!3d48.8390182!4d2.2574367!16s%2Fg%2F11c0rqgg__!19sChIJoyX-ab565kcRy0ywiOUQGRg?authuser=0&hl=fr&rclk=1,Delta Sud,Travaux généraux,114 Bis Rue Michel Ange,01 72 74 60 16,http://www.deltasud.eu/FR/,5,-1
https://www.google.com/maps/place/E.G.BOIS+Groupe+LABABOIS/data=!4m7!3m6!1s0x47e66457e3a813c9:0xb241ee406e7a7ca5!8m2!3d48.925071!4d2.320781!16s%2Fg%2F1ttdxrjx!19sChIJyROo41dk5kcRpXx6bkDuQbI?authuser=0&hl=fr&rclk=1,E.G.BOIS Groupe LABABOIS,Négociant en bois,·,01 47 81 74 74,http://www.egbois.fr/,"4,7",-44
https://www.google.com/maps/place/FB+COUVERTURE/data=!4m7!3m6!1s0x97754fb5e1f0cb:0xf2a3a6a6c2ba965f!8m2!3d48.8835241!4d2.2719957!16s%2Fg%2F11lv3b0z0y!19sChIJy_DhtU91lwARX5a6wqamo_I?authuser=0&hl=fr&rclk=1,FB COUVERTURE,Couvreur,99 Av. Achille Peretti,07 82 57 82 20,https://www.berthauxcouverture.com/,"4,7",-159
https://www.google.com/maps/place/La+Parqueterie+Nouvelle+-+Paris/data=!4m7!3m6!1s0x47e66d847d29ec85:0xd61a0757960a5e29!8m2!3d48.8620521!4d2.405867!16s%2Fg%2F1hc20020r!19sChIJhewpfYRt5kcRKV4KllcHGtY?authuser=0&hl=fr&rclk=1,La Parqueterie Nouvelle - Paris,Magasin de revêtements de sol,·,01 40 30 55 55,https://www.laparqueterienouvelle.fr/,"4,2",-129
https://www.google.com/maps/place/SFDA+B%C3%A2timent/data=!4m7!3m6!1s0x47e66e0e566fc761:0xf9b24e3f21dbf47a!8m2!3d48.8688676!4d2.3594379!16s%2Fg%2F11h07fxl9h!19sChIJYcdvVg5u5kcRevTbIT9Osvk?authuser=0&hl=fr&rclk=1,SFDA Bâtiment,Entreprise de construction,54 Rue René Boulanger,06 25 62 46 69,,3,-2
https://www.google.com/maps/place/Bardage+Facade+Isolation/data=!4m7!3m6!1s0x47e5df0e6dba09d7:0xb1a997c98c70b995!8m2!3d48.6296883!4d2.4067742!16s%2Fg%2F11ygq948bg!19sChIJ1wm6bQ7f5UcRlblwjMmXqbE?authuser=0&hl=fr&rclk=1,Bardage Facade Isolation,Travaux généraux,9 Av. du Bois de l'Épine,06 95 86 46 75,,,
"https://www.google.com/maps/place/ERP+-+Entreprise+de+ravalement,+isolation+et+de+bardage/data=!4m7!3m6!1s0x2f1926af890644c9:0x55247e94e359fcb4!8m2!3d48.896352!4d2.1055543!16s%2Fg%2F11tcg6k3mw!19sChIJyUQGia8mGS8RtPxZ45R-JFU?authuser=0&hl=fr&rclk=1","ERP - Entreprise de ravalement, isolation et de bardage",Entrepreneur spécialisé dans l'isolation,20 Rue de Paris,01 39 69 69 44,https://erp-ravalement.fr/,"4,7",-13
https://www.google.com/maps/place/Ma%C3%A7onnerie+-+TERA+BAT/data=!4m7!3m6!1s0x47e673b48e4faf29:0x8f1943c5be45d05d!8m2!3d48.8716149!4d2.3060974!16s%2Fg%2F11q1rltdyv!19sChIJKa9PjrRz5kcRXdBFvsVDGY8?authuser=0&hl=fr&rclk=1,Maçonnerie - TERA BAT,Maçon,49-51 Rue de Ponthieu,06 75 96 87 73,https://www.terabat.fr/,5,-38
https://www.google.com/maps/place/Bleu+Ciel+Toiture+-+Couvreur+Paris+75/data=!4m7!3m6!1s0x47e66f9c79f43ca9:0xa748632f99925670!8m2!3d48.8929504!4d2.3382109!16s%2Fg%2F11lrn13gsj!19sChIJqTz0eZxv5kcRcFaSmS9jSKc?authuser=0&hl=fr&rclk=1,Bleu Ciel Toiture - Couvreur Paris 75,Couvreur,·,07 56 98 31 89,https://bleucieltoiture.com/,"4,9",-94
https://www.google.com/maps/place/Alten+Ravalement/data=!4m7!3m6!1s0x47e67be3723777e5:0x2c6e86012db294c2!8m2!3d48.830115!4d2.2302876!16s%2Fg%2F11nns2b09g!19sChIJ5Xc3cuN75kcRwpSyLQGGbiw?authuser=0&hl=fr&rclk=1,Alten Ravalement,Entrepreneur spécialisé dans l'isolation,126 Av. du Général Leclerc,06 03 39 48 35,https://alten-ravalement.fr/?utm_source=GMB&utm_medium=organic&utm_campaign=GMB-alten-ravalement,4,-1
https://www.google.com/maps/place/ALTURA+CREATION/data=!4m7!3m6!1s0x47e671840a1a60c7:0x74bc318d7f104cba!8m2!3d48.8380374!4d2.2889564!16s%2Fg%2F11ynmlvt3p!19sChIJx2AaCoRx5kcRukwQf40xvHQ?authuser=0&hl=fr&rclk=1,ALTURA CREATION,Entreprise de construction,200 Rue de la Croix Nivert,07 81 28 19 00,,,
https://www.google.com/maps/place/Cobatec+-+IDF/data=!4m7!3m6!1s0x47e66ac700ff306d:0xe73959ad99f27bc4!8m2!3d48.9921975!4d2.4534932!16s%2Fg%2F1wb8s_pl!19sChIJbTD_AMdq5kcRxHvyma1ZOec?authuser=0&hl=fr&rclk=1,Cobatec - IDF,Entrepreneur spécialisé dans l'isolation,3 Av. du Maréchal Juin,01 84 14 20 26,http://www.cobatec.fr/,"4,3",-19
https://www.google.com/maps/place/Couvreur+Champs+sur+Marne+%7C+Frederic+Couverture/data=!4m7!3m6!1s0x47e60f6b38796195:0xf6258bd46a1f1b47!8m2!3d48.8360026!4d2.5863679!16s%2Fg%2F11k9f2jg7k!19sChIJlWF5OGsP5kcRRxsfatSLJfY?authuser=0&hl=fr&rclk=1,Couvreur Champs sur Marne | Frederic Couverture,Entrepreneur spécialisé dans l'isolation,·,06 59 63 58 01,https://www.frederic-couverture.fr/,5,-54
https://www.google.com/maps/place/Rockpanel/data=!4m7!3m6!1s0x47e672270f822f4b:0xae98326834a1744a!8m2!3d48.8285243!4d2.3664442!16s%2Fg%2F1td1p5rs!19sChIJSy-CDydy5kcRSnShNGgymK4?authuser=0&hl=fr&rclk=1,Rockpanel,Fournisseur de matériaux de construction,·,01 40 77 83 35,http://www.rockpanel.fr/,"3,7",-9
https://www.google.com/maps/place/Tomasina+-+Peinture+en+b%C3%A2timent/data=!4m7!3m6!1s0x47e66d87a8331355:0xb7c241d86a3d3d23!8m2!3d48.880685!4d2.3748566!16s%2Fg%2F11g1mw3qzk!19sChIJVRMzqIdt5kcRIz09athBwrc?authuser=0&hl=fr&rclk=1,Tomasina - Peinture en bâtiment,Peintre en bâtiment,45 Av. Secrétan,01 42 08 69 59,http://tomasina-paris.com/,"4,8",-5
https://www.google.com/maps/place/JSA+Couverture/data=!4m7!3m6!1s0x47e67b001166e675:0xec0033b95c74df8d!8m2!3d48.8502638!4d2.2681521!16s%2Fg%2F11xlcbdvcw!19sChIJdeZmEQB75kcRjd90XLkzAOw?authuser=0&hl=fr&rclk=1,JSA Couverture,Couvreur,26 Rue George Sand,01 59 30 12 89,https://couvreurparisien.fr/,,
https://www.google.com/maps/place/Ootravaux/data=!4m7!3m6!1s0x47e67bb421de3a1f:0x23dee2226385221e!8m2!3d48.8288022!4d2.2312276!16s%2Fg%2F11j31vxgyy!19sChIJHzreIbR75kcRHiKFYyLi3iM?authuser=0&hl=fr&rclk=1,Ootravaux,Travaux généraux,204 Rond-Point du Pont De Sèvres,01 76 40 30 94,https://www.ootravaux.fr/,"4,4",-226
https://www.google.com/maps/place/James+Hardie+B%C3%A2timent+SAS/data=!4m7!3m6!1s0x47e66e32e77e6d9f:0xc989fd50cd0e6d46!8m2!3d48.8893456!4d2.173874!16s%2Fg%2F11b6dr9fgh!19sChIJn21-5zJu5kcRRm0OzVD9ick?authuser=0&hl=fr&rclk=1,James Hardie Bâtiment SAS,Fournisseur de matériaux de construction,·,01 70 37 36 35,http://www.jameshardie.eu/fr,1,-3
https://www.google.com/maps/place/Etanch%C3%A9it%C3%A9+Info/data=!4m7!3m6!1s0x47e66e70698ed9a7:0xde9fe3ec91799f71!8m2!3d48.8849807!4d2.3597647!16s%2Fg%2F11j48hmykq!19sChIJp9mOaXBu5kcRcZ95kezjn94?authuser=0&hl=fr&rclk=1,Etanchéité Info,Entrepreneur spécialisé dans l'isolation,16-18 Pl. de la Chapelle,01 53 26 48 00,https://etancheiteinfo.fr/nous-contacter,,
https://www.google.com/maps/place/FA%C3%87ADE+DU+ROY+-+Applicateur+Exclusif+VERTIKAL%C2%AE+%F0%9F%8F%A1/data=!4m7!3m6!1s0x47e60cf23d8e3a2b:0x3084635d4895bbb2!8m2!3d48.7968231!4d2.487168!16s%2Fg%2F11cn3nrmfx!19sChIJKzqOPfIM5kcRsruVSF1jhDA?authuser=0&hl=fr&rclk=1,FAÇADE DU ROY - Applicateur Exclusif VERTIKAL® 🏡,Façadier,81 bis Av. Carnot,01 55 97 21 70,https://facadeduroy.vertikal.fr/,"4,3",-42
https://www.google.com/maps/place/WOODCOMPAGNON/data=!4m7!3m6!1s0x47e66df2e5d540f3:0x9dae198054809627!8m2!3d48.8634249!4d2.3882229!16s%2Fg%2F11f4qdqzvm!19sChIJ80DV5fJt5kcRJ5aAVIAZrp0?authuser=0&hl=fr&rclk=1,WOODCOMPAGNON,Menuisier,11 Pl. Auguste Métivier,06 86 61 64 68,,5,-17
https://www.google.com/maps/place/France+Patrimoine+Construction+F.P.C./data=!4m7!3m6!1s0x47e671cce8a21739:0x50a245b2176c4e7c!8m2!3d48.8434039!4d2.3228976!16s%2Fg%2F11csq5f6b8!19sChIJORei6Mxx5kcRfE5sF7JFolA?authuser=0&hl=fr&rclk=1,France Patrimoine Construction F.P.C.,Entrepreneur spécialisé dans l'isolation,3 Rue de l'Arrivée,01 80 97 57 98,,,
https://www.google.com/maps/place/MEP+Paris+%28Groupe+MEP%29/data=!4m7!3m6!1s0x47e63efb7fca532f:0xbe118358c9c3969e!8m2!3d49.0446917!4d2.4876559!16s%2Fg%2F1td5k_bm!19sChIJL1PKf_s-5kcRnpbDyViDEb4?authuser=0&hl=fr&rclk=1,MEP Paris (Groupe MEP),5 AVENUE DU NOYER À LA MALICE - ZAC de la Butte Aux Bergers,·,01 34 68 50 50,https://m-e-p.fr/,"4,6",-14
https://www.google.com/maps/place/ZIA+BATIMENT/data=!4m7!3m6!1s0x47e673e7c3f2d571:0x7869bf67683b2b39!8m2!3d48.8418818!4d2.3954893!16s%2Fg%2F11r27mgz4f!19sChIJcdXyw-dz5kcROSs7aGe_aXg?authuser=0&hl=fr&rclk=1,ZIA BATIMENT,Électricien,39 Rue de la Gare de Reuilly,06 63 33 89 27,https://www.welinkbuilders.fr/electricien/platrier/peintre/75012-paris-france/zia-batiment-1131,,
https://www.google.com/maps/place/Monsieur+Peinture/data=!4m7!3m6!1s0x47e6700dcc895555:0x9997b5985154120d!8m2!3d48.8691667!4d2.3513586!16s%2Fg%2F11c5stvt6j!19sChIJVVWJzA1w5kcRDRJUUZi1l5k?authuser=0&hl=fr&rclk=1,Monsieur Peinture,Peintre en bâtiment,137 Rue d'Aboukir,07 57 90 29 27,https://www.monsieurpeinture.com/,"4,7",-278
https://www.google.com/maps/place/S.M.+bois/data=!4m7!3m6!1s0x47e61a418ed15979:0x6a48adcb5f4f07aa!8m2!3d48.9050805!4d2.6667691!16s%2Fg%2F1tdg72r3!19sChIJeVnRjkEa5kcRqgdPX8utSGo?authuser=0&hl=fr&rclk=1,S.M. bois,Négociant en bois,1 Rue des Plantes,01 60 26 03 44,https://www.smbois.com/,"4,2",-158
https://www.google.com/maps/place/Grand+Paris+R%C3%A9novation/data=!4m7!3m6!1s0x47e66ff3c6322ed9:0x4092f06f53f79e1f!8m2!3d48.8742115!4d2.3550275!16s%2Fg%2F11qyg600n_!19sChIJ2S4yxvNv5kcRH573U2_wkkA?authuser=0&hl=fr&rclk=1,Grand Paris Rénovation,Entrepreneur spécialisé dans l'isolation,93 Rue du Faubourg Saint-Denis,09 51 34 16 72,,,
https://www.google.com/maps/place/Hanna+Entreprise/data=!4m7!3m6!1s0x47e66f410ade42ef:0x3aa858a4623cf2c7!8m2!3d48.8621271!4d2.2822384!16s%2Fg%2F11qrqfgnhv!19sChIJ70LeCkFv5kcRx_I8YqRYqDo?authuser=0&hl=fr&rclk=1,Hanna Entreprise,Entreprise de bricolage,36 Rue Scheffer,06 98 74 60 61,https://hannaentreprise.com/,"4,9",-9
https://www.google.com/maps/place/Protect+Isol+Ile+de+France/data=!4m7!3m6!1s0x47e664be3bffd3a5:0x8da6364074c503e5!8m2!3d48.8781063!4d2.2075472!16s%2Fg%2F11b6d07bzz!19sChIJpdP_O75k5kcR5QPFdEA2po0?authuser=0&hl=fr&rclk=1,Protect Isol Ile de France,Siège social,10 Bis Av. des Chailliers,01 45 06 66 04,https://www.protectisol.com/,4,-5
https://www.google.com/maps/place/Sur+les+toits+de+Paris+couverture+charpente/data=!4m7!3m6!1s0x47e68d0438aa287f:0xb85e856fd5afac37!8m2!3d48.9728679!4d1.9843251!16s%2Fg%2F11hz36y5k6!19sChIJfyiqOASN5kcRN6yv1W-FXrg?authuser=0&hl=fr&rclk=1,Sur les toits de Paris couverture charpente,Couvreur,5 Rue Jean Jaurès APPT 2,06 63 26 46 63,https://sur-les-toits-de-paris.webnode.fr/,"4,6",-35
https://www.google.com/maps/place/HERKRUG+%C3%89tanch%C3%A9it%C3%A9+Couverture+Bardage/data=!4m7!3m6!1s0x47e5fd82cbbdcbe7:0xe1e7cc600d7c98da!8m2!3d48.6785877!4d2.6678482!16s%2Fg%2F1tffj1z8!19sChIJ58u9y4L95UcR2ph8DWDM5-E?authuser=0&hl=fr&rclk=1,HERKRUG Étanchéité Couverture Bardage,Couvreur,·,01 64 05 90 08,https://www.herkrug.fr/,4,-44
https://www.google.com/maps/place/IMJ+-+Entreprise+de+construction+et+r%C3%A9novation/data=!4m7!3m6!1s0x47e673c5d3fa9a0f:0x161a72196e973c59!8m2!3d48.8350129!4d2.3974803!16s%2Fg%2F11mv0jw2xn!19sChIJD5r608Vz5kcRWTyXbhlyGhY?authuser=0&hl=fr&rclk=1,IMJ - Entreprise de construction et rénovation,Entreprise de construction,10 Rue de Madagascar,,http://imj-construction.fr/,,
https://www.google.com/maps/place/No%C3%A9+Couvreur+IDF+%E2%80%93+Artisan+couvreur+en+%C3%8Ele-de-France/data=!4m7!3m6!1s0x47e6718ee2d92287:0x805dfa2ebb338bf6!8m2!3d48.7789057!4d2.3136967!16s%2Fg%2F11tcjd6832!19sChIJhyLZ4o5x5kcR9oszuy76XYA?authuser=0&hl=fr&rclk=1,Noé Couvreur IDF – Artisan couvreur en Île-de-France,Couvreur,79 Bd du Maréchal Joffre,01 69 63 00 89,https://noe-couvreur-idf.fr/,"4,6",-12
https://www.google.com/maps/place/HTD+R%C3%A9novation+-+Couverture+R%C3%A9novation+%26+Ravalement+de+Fa%C3%A7ade/data=!4m7!3m6!1s0x47e66511efa2372b:0x4ccb262c2902dd6d!8m2!3d48.9174162!4d2.2005534!16s%2Fg%2F11vt63_87_!19sChIJKzei7xFl5kcRbd0CKSwmy0w?authuser=0&hl=fr&rclk=1,HTD Rénovation - Couverture Rénovation & Ravalement de Façade,Couvreur,3 Pass. des Bleuets,06 13 47 67 81,https://www.htd-renovation.fr/,5,-1
https://www.google.com/maps/place/Afcobois+-+UICCB/data=!4m7!3m6!1s0x47e67207d9bacdad:0x411bc0c675869033!8m2!3d48.8536769!4d2.3777811!16s%2Fg%2F11dz1kbxnf!19sChIJrc262Qdy5kcRM5CGdcbAG0E?authuser=0&hl=fr&rclk=1,Afcobois - UICCB,Association ou organisation,120 Av. Ledru Rollin,01 43 45 53 43,https://www.uicb.pro/nos-metiers/construction-bois/,5,-2
https://www.google.com/maps/place/2tf+-+Ravalement+Facades+%26+Isolation+Thermique+par+l%27ext%C3%A9rieur+%28ITE%29+%26+Peinture/data=!4m7!3m6!1s0x47e605628b61b917:0x9d9531d0b79d4490!8m2!3d48.8219549!4d2.6357336!16s%2Fg%2F11j8ln7vcq!19sChIJF7lhi2IF5kcRkESdt9AxlZ0?authuser=0&hl=fr&rclk=1,2tf - Ravalement Facades & Isolation Thermique par l'extérieur (ITE) & Peinture,Façadier,4 Bd de Beaubourg,01 41 79 33 70,https://www.2tf.fr/,"3,6",-10
https://www.google.com/maps/place/Stone+Performance/data=!4m7!3m6!1s0x47e66e010d3ee7e7:0xe3c7cfb45cb3f9ea!8m2!3d48.8589036!4d2.3630227!16s%2Fg%2F11hz8s65xw!19sChIJ5-c-DQFu5kcR6vmzXLTPx-M?authuser=0&hl=fr&rclk=1,Stone Performance,Entreprise de construction,12 Rue du Parc Royal,06 08 30 01 07,https://www.stone-performance.com/,,
https://www.google.com/maps/place/TPI+Ext%C3%A9rieurs+Bois/data=!4m7!3m6!1s0xac1546f6d8b62b89:0x1917f2beb89228e8!8m2!3d48.6807824!4d2.5026636!16s%2Fg%2F11y2l3g19z!19sChIJiSu22PZGFawR6CiSuL7yFxk?authuser=0&hl=fr&rclk=1,TPI Extérieurs Bois,Charpentier,·,06 24 19 43 87,https://tpiexterieursbois.com/,5,-14
https://www.google.com/maps/place/IM-BAT/data=!4m7!3m6!1s0xe8713c79e69bdab:0xdaa60dc24c3f6dbd!8m2!3d48.9532708!4d2.2926118!16s%2Fg%2F11kqbrpq7m!19sChIJq71pnscThw4RvW0_TMINpto?authuser=0&hl=fr&rclk=1,IM-BAT,Entreprise de construction,·,07 64 26 06 11,http://im-bat.fr/,5,-1
https://www.google.com/maps/place/Grosjean+Solutions+Bois/data=!4m7!3m6!1s0x47e6764de111e289:0x460d1d5b20a45943!8m2!3d48.7244927!4d2.3179133!16s%2Fg%2F1tkv922s!19sChIJieIR4U125kcRQ1mkIFsdDUY?authuser=0&hl=fr&rclk=1,Grosjean Solutions Bois,Négociant en bois,·,01 69 75 88 88,http://www.grosjean-bois.com/,"4,2",-59
https://www.google.com/maps/place/ACIPAR/data=!4m7!3m6!1s0x47e66d050ea6d15d:0x647dcc2d893d024b!8m2!3d48.9299041!4d2.4186811!16s%2Fg%2F11h5rcfk9j!19sChIJXdGmDgVt5kcRSwI9iS3MfWQ?authuser=0&hl=fr&rclk=1,ACIPAR,Distributeur d'acier,·,01 41 83 80 40,http://www.acipar.fr/,5,-2
https://www.google.com/maps/place/Vivre+en+Bois+Paris/data=!4m7!3m6!1s0x47e5d965c91cae7f:0x127026b1c23944b1!8m2!3d48.6246453!4d2.3172729!16s%2Fg%2F1x6q11j9!19sChIJf64cyWXZ5UcRsUQ5wrEmcBI?authuser=0&hl=fr&rclk=1,Vivre en Bois Paris,Négociant en bois,·,01 69 04 10 02,https://www.vivreenbois.com/agences/Vivre-en-Bois-Paris?utm_source=GBP&utm_medium=link&utm_campaign=GBP-paris,"4,1",-112
https://www.google.com/maps/place/SARL+EC/data=!4m7!3m6!1s0x47e66fae1fdb5e01:0xfb31d96bcc99cdc7!8m2!3d48.869215!4d2.3488962!16s%2Fg%2F11kf9z06ww!19sChIJAV7bH65v5kcRx82ZzGvZMfs?authuser=0&hl=fr&rclk=1,SARL EC,Travaux généraux,·,07 76 86 37 39,https://www.batiment-ec-paris.fr/,5,-2
https://www.google.com/maps/place/Genti/data=!4m7!3m6!1s0x47e66f6c52a8dd3d:0x8289b9dba0df9b27!8m2!3d48.8837774!4d2.3165463!16s%2Fg%2F11fm8kw4_7!19sChIJPd2oUmxv5kcRJ5vfoNu5iYI?authuser=0&hl=fr&rclk=1,Genti,Maçon,15 Rue de Saussure,01 42 67 25 90,https://www.etsgenti.fr/,"2,3",-3
https://www.google.com/maps/place/Plombier+Chauffagiste+%C3%A0+Paris+:+Desa/data=!4m7!3m6!1s0x47e67aa87c6614e7:0xd27a7c4b739a6d54!8m2!3d48.8479886!4d2.2739725!16s%2Fg%2F1tls24s5!19sChIJ5xRmfKh65kcRVG2ac0t8etI?authuser=0&hl=fr&rclk=1,Plombier Chauffagiste à Paris : Desa,Plombier,·,01 42 24 84 84,https://www.chauffagisteplombier.paris/,"4,7",-470
https://www.google.com/maps/place/Etancheite+Alternatives/data=!4m7!3m6!1s0x47e668d96f8d8323:0x576d8a8535ae9209!8m2!3d48.9505479!4d2.3248878!16s%2Fg%2F11fj25d5q6!19sChIJI4ONb9lo5kcRCZKuNYWKbVc?authuser=0&hl=fr&rclk=1,Etancheite Alternatives,Entrepreneur,74 Av. de la République,06 08 54 60 49,https://www.etancheite-alternatives.com/,5,-4
"https://www.google.com/maps/place/KEMIDRONE+-+Nettoyage+Toitures,+bardages,+fa%C3%A7ades/data=!4m7!3m6!1s0x47e66f92d2a3ba3d:0xb2d9dd52e43c93a3!8m2!3d48.8774828!4d2.2921401!16s%2Fg%2F11vpy16qnv!19sChIJPbqj0pJv5kcRo5M85FLd2bI?authuser=0&hl=fr&rclk=1","KEMIDRONE - Nettoyage Toitures, bardages, façades",Service de nettoyage et d'entretien,6 Rue d'Armaillé,06 67 96 92 61,https://kemidrone.com/,5,-22
https://www.google.com/maps/place/CEBAT/data=!4m7!3m6!1s0x47e66b4c0085090d:0x9dd56a9d0e0e625d!8m2!3d48.9917725!4d2.4342923!16s%2Fg%2F11flqx50c5!19sChIJDQmFAExr5kcRXWIODp1q1Z0?authuser=0&hl=fr&rclk=1,CEBAT,Siège social,7 Av. Pierre Salvi,01 39 92 81 31,http://www.cebat-etancheite.fr/,5,-3
https://www.google.com/maps/place/D%C3%A9samiantage+AFR/data=!4m7!3m6!1s0x47e61584d9bbd815:0x33f6438f3f5cd95d!8m2!3d48.980054!4d2.5174126!16s%2Fg%2F11s04ldmn9!19sChIJFdi72YQV5kcRXdlcP49D9jM?authuser=0&hl=fr&rclk=1,Désamiantage AFR,Service de détection d'amiante,17 Rue de l'Étang,06 52 46 41 26,http://www.afrdesamiantage.fr/,"4,7",-12
https://www.google.com/maps/place/GALOPIN+-+G%C3%A9nie+%C3%A9tanch%C3%A9it%C3%A9/data=!4m7!3m6!1s0x47e603676dacfbc5:0x3fa81198bcf9f922!8m2!3d48.8405905!4d2.7979497!16s%2Fg%2F11t5qd3g50!19sChIJxfusbWcD5kcRIvn5vJgRqD8?authuser=0&hl=fr&rclk=1,GALOPIN - Génie étanchéité,Entreprise de construction,·,01 61 10 21 78,https://www.groupe-galopin.com/,5,-2
https://www.google.com/maps/place/Brico+D%C3%A9p%C3%B4t/data=!4m7!3m6!1s0x47e6648dd76ad541:0x6a0c0a222cb86cfb!8m2!3d48.891601!4d2.2062017!16s%2Fg%2F1q67p_f7c!19sChIJQdVq141k5kcR-2y4LCIKDGo?authuser=0&hl=fr&rclk=1,Brico Dépôt,Magasin de materiaux de construction,·,01 41 38 81 81,https://www.bricodepot.fr/magasins/nanterre,"3,7",-1 348
https://www.google.com/maps/place/Jouvenet+-+Plombier+Paris+15/data=!4m7!3m6!1s0x47e6652525060223:0xff37e081274480ee!8m2!3d48.8384037!4d2.2968683!16s%2Fg%2F11lgdnbt99!19sChIJIwIGJSVl5kcR7oBEJ4HgN_8?authuser=0&hl=fr&rclk=1,Jouvenet - Plombier Paris 15,Plombier,·,01 40 50 05 08,https://plombierjouvenet.fr/,"4,8",-167
https://www.google.com/maps/place/Noune+Couverture/data=!4m7!3m6!1s0x483d903b13262185:0xe0b7555923272d15!8m2!3d48.8969463!4d2.3397645!16s%2Fg%2F11y14qzpq5!19sChIJhSEmEzuQPUgRFS0nI1lVt-A?authuser=0&hl=fr&rclk=1,Noune Couverture,Charpentier,·,06 79 54 89 14,https://www.nounecouverture.com/?utm_medium=referral&utm_source=gmb&utm_campaign=lnk-gmb,5,-1
https://www.google.com/maps/place/CPTE+%7C+Couverture+Plomberie+Traditionnelle+de+l%27Est/data=!4m7!3m6!1s0x47e60897f4b2d51d:0xa176c7b8164f742a!8m2!3d48.7482657!4d2.6161276!16s%2Fg%2F11gzr3n6kq!19sChIJHdWy9JcI5kcRKnRPFrjHdqE?authuser=0&hl=fr&rclk=1,CPTE | Couverture Plomberie Traditionnelle de l'Est,Couvreur,"Centre Commercial de la Fontaine (derrière Carrefour Market, 2 Rue du Petit Parc",01 60 02 11 15,http://www.cpte.fr/,"4,6",-38
https://www.google.com/maps/place/Le+Comit%C3%A9+National+Pour+le+D%C3%A9veloppement+du+Bois/data=!4m7!3m6!1s0x47e66df5d8311159:0x4d6db8e74ea79023!8m2!3d48.8536769!4d2.3777811!16s%2Fg%2F11bcd_7qd4!19sChIJWREx2PVt5kcRI5CnTue4bU0?authuser=0&hl=fr&rclk=1,Le Comité National Pour le Développement du Bois,Association ou organisation,120 Av. Ledru Rollin,,http://www.cndb.org/,5,-2
https://www.google.com/maps/place/GROUPE+BALAS/data=!4m7!3m6!1s0x47e66edc667ed697:0xd8de2e235db5dec8!8m2!3d48.9213885!4d2.3190691!16s%2Fg%2F1tj4y058!19sChIJl9Z-Ztxu5kcRyN61XSMu3tg?authuser=0&hl=fr&rclk=1,GROUPE BALAS,Travaux généraux,·,01 49 45 45 45,https://groupe-balas.com/,4,-73
https://www.google.com/maps/place/JLM+COUVREUR/data=!4m7!3m6!1s0x47e6111f154ae2d1:0xe2ae67b3d3a4ffad!8m2!3d48.9316069!4d2.5769576!16s%2Fg%2F11mv__2llm!19sChIJ0eJKFR8R5kcRrf-k07NnruI?authuser=0&hl=fr&rclk=1,JLM COUVREUR,Couvreur,37 Rue de Montauban,06 09 17 22 81,,5,-2
https://www.google.com/maps/place/Entreprise+AJM/data=!4m7!3m6!1s0xa9bd58a2bc9bdc27:0xd2cb8625f4d30387!8m2!3d48.6807824!4d2.5026636!16s%2Fg%2F11xp7gsh7z!19sChIJJ9ybvKJYvakRhwPT9CWGy9I?authuser=0&hl=fr&rclk=1,Entreprise AJM,Entreprise de construction,·,06 67 98 06 06,https://www.entreprisebatiment.fr/,5,-63
https://www.google.com/maps/place/ROCKFON/data=!4m7!3m6!1s0x47e672270e9110fd:0x9e76c34dcc3ce1e5!8m2!3d48.8284491!4d2.3664285!16s%2Fg%2F11df3xns87!19sChIJ_RCRDidy5kcR5eE8zE3Ddp4?authuser=0&hl=fr&rclk=1,ROCKFON,Fournisseur de plafonds,111 Rue du Château des Rentiers,01 40 77 82 82,https://www.rockfon.fr/?utm_medium=organic&utm_source=google+my+business&utm_campaign=local&utm_content=link+-+homepage,"3,8",-23
https://www.google.com/maps/place/Therm+Etanche+IDF+etancheite+toiture+terrasse/data=!4m7!3m6!1s0x47e5e65463e31611:0x713258d1464c50a6!8m2!3d48.5638755!4d2.4847136!16s%2Fg%2F1tdfy05y!19sChIJERbjY1Tm5UcRplBMRtFYMnE?authuser=0&hl=fr&rclk=1,Therm Etanche IDF etancheite toiture terrasse,Entreprise de construction,·,07 81 60 94 80,https://etancheite-toiture-terrasse.paris/,"4,8",-8
https://www.google.com/maps/place/wienerberger+Terreal/data=!4m7!3m6!1s0x47e664d91549c3df:0x1f7af88399def755!8m2!3d48.8720412!4d2.2296772!16s%2Fg%2F1wcxcd4p!19sChIJ38NJFdlk5kcRVffemYP4eh8?authuser=0&hl=fr&rclk=1,wienerberger Terreal,Entreprise de construction,13-17 Rue Pagès,01 49 97 20 30,http://www.terreal.com/,"3,6",-14
https://www.google.com/maps/place/Alleaume+%26+Goulart/data=!4m7!3m6!1s0x47e66e5bc316fa17:0x935f3091e26ad21c!8m2!3d48.8824585!4d2.3291503!16s%2Fg%2F11g0hn_c73!19sChIJF_oWw1tu5kcRHNJq4pEwX5M?authuser=0&hl=fr&rclk=1,Alleaume & Goulart,Plombier,9 Rue de Vintimille,01 42 80 41 39,https://www.alleaume-goulart.fr/,"3,7",-6
https://www.google.com/maps/place/Carestia/data=!4m7!3m6!1s0x47e66263754dc981:0xe763009c2030ba50!8m2!3d48.9055914!4d2.1160322!16s%2Fg%2F1tksmnvh!19sChIJgclNdWNi5kcRULowIJwAY-c?authuser=0&hl=fr&rclk=1,Carestia,Magasin de materiaux de construction,·,01 39 52 47 47,http://www.carestia1et2.fr/,"4,6",-60
"https://www.google.com/maps/place/Orac+France+-+Showroom+professionnel,+sur+rendez-vous/data=!4m7!3m6!1s0x47e67110c48af6fd:0xe0ae25e8cb75f63e!8m2!3d48.8537838!4d2.3419382!16s%2Fg%2F11sqd4b69j!19sChIJ_faKxBBx5kcRPvZ1y-glruA?authuser=0&hl=fr&rclk=1","Orac France - Showroom professionnel, sur rendez-vous",Fabricant,13 Rue Séguier,01 88 80 36 31,https://www.oracdecor.com/fr_fr/,"4,4",-24
https://www.google.com/maps/place/Antunes/data=!4m7!3m6!1s0x47e609b4c08d56bd:0x6be753d9854a8c11!8m2!3d48.716092!4d2.5857563!16s%2Fg%2F11b6d628bz!19sChIJvVaNwLQJ5kcREYxKhdlT52s?authuser=0&hl=fr&rclk=1,Antunes,Façadier,,01 60 62 78 85,http://www.antunes-facadier.fr/,"2,8",-30
https://www.google.com/maps/place/RAVALISO/data=!4m7!3m6!1s0x47e60f8a24208fe1:0xd8c028259794628c!8m2!3d48.8329053!4d2.5873317!16s%2Fg%2F11h0cyv_92!19sChIJ4Y8gJIoP5kcRjGKUlyUowNg?authuser=0&hl=fr&rclk=1,RAVALISO,Peintre en bâtiment,7 Av. Spinoza,01 64 61 99 99,https://ravaliso.fr/,"3,8",-18
https://www.google.com/maps/place/Kingspan/data=!4m7!3m6!1s0x47f4eb4c73829609:0x3998d41b0b154b4f!8m2!3d48.9726093!4d2.5095347!16s%2Fg%2F1tdz456d!19sChIJCZaCc0zr9EcRT0sVCxvUmDk?authuser=0&hl=fr&rclk=1,Kingspan,Magasin de materiaux de construction,·,04 72 17 90 40,,5,-1
https://www.google.com/maps/place/SYNDICAT+NATIONAL+DES+POLYUR%C3%89THANES/data=!4m7!3m6!1s0x47e66e4a30bcfd8d:0x4a97ccf5273bac6d!8m2!3d48.8787814!4d2.3281314!16s%2Fg%2F11gfd285j0!19sChIJjf28MEpu5kcRbaw7J_XMl0o?authuser=0&hl=fr&rclk=1,SYNDICAT NATIONAL DES POLYURÉTHANES,Entrepreneur spécialisé dans l'isolation,11 bis Rue de Milan,01 53 32 79 79,http://snpu.fr/,,
https://www.google.com/maps/place/SOPREMA+Entreprises+et+services+SOPRASSISTANCE/data=!4m7!3m6!1s0x47e60114f3186fd7:0xd03b42a07f2a09ea!8m2!3d48.734659!4d2.729381!16s%2Fg%2F11y4q9m4gh!19sChIJ128Y8xQB5kcR6gkqf6BCO9A?authuser=0&hl=fr&rclk=1,SOPREMA Entreprises et services SOPRASSISTANCE,Entrepreneur spécialisé dans l'isolation,35 Rue Gustave Eiffel,01 55 46 10 87,https://www.soprema-entreprises.fr/entite/agence/secteur-de-gretz-armainvilliers-secteur-de-paris-acier/?utm_source=gmb,5,-8
https://www.google.com/maps/place/Cetibam/data=!4m7!3m6!1s0x47e669290cb5cdbb:0x8817a1141e8935b9!8m2!3d49.0142974!4d2.3512514!16s%2Fg%2F11p1043lvq!19sChIJu821DClp5kcRuTWJHhShF4g?authuser=0&hl=fr&rclk=1,Cetibam,Entrepôt,1 Rue de Paris,01 39 91 11 14,http://cetibam.fr/,,
https://www.google.com/maps/place/ADS+R%C3%A9novation/data=!4m7!3m6!1s0x73b7d8002d13929:0x7f5570f891bcab8a!8m2!3d43.573497!4d7.019912!16s%2Fg%2F11x2d3ttjf!19sChIJKTnRAoB9OwcRiqu8kfhwVX8?authuser=0&hl=fr&rclk=1,ADS Rénovation,Peintre en bâtiment,14 Rue des Danys,07 88 44 63 01,https://www.google.com/aclk?sa=L&ai=DChsSEwj31JDAir6UAxVDmmgJHTirFv4YACICCAEQBBoCd2Y&ae=2&aspm=1&co=1&ase=2&gclid=CjwKCAjwq6DQBhBVEiwA4ZD5XEJryo6knIiBldVUVZa5SOeJ8v3NnRsC6jL5pvrbIGNXKwxkApwLjRoCZhYQAvD_BwE&cce=2&category=acrcp_v1_35&sig=AOD64_0Xj3T0gc2vfpLYJ6pxZfrB7DPnMQ&adurl&q&ctype=99&nis=6,"4,9",-52
https://www.google.com/maps/place/Techni+Confort/data=!4m7!3m6!1s0x12cebd2cd93ccb85:0xc520b7d9ad225bed!8m2!3d43.44133!4d6.71458!16s%2Fg%2F1tl1f28f!19sChIJhcs82Sy9zhIR7Vsirdm3IMU?authuser=0&hl=fr&rclk=1,Techni Confort,Atelier de menuiserie,182 Rue Albert Einstein,04 94 52 17 48,https://www.google.com/aclk?sa=L&ai=DChsSEwj31JDAir6UAxVDmmgJHTirFv4YACICCAEQAhoCd2Y&co=1&ase=2&gclid=CjwKCAjwq6DQBhBVEiwA4ZD5XPB2fKwNfnKABYJkbOZc2xNcfJpwYo4h4wpstQxYPCoLcv8tu4yNxRoCw14QAvD_BwE&cce=2&category=acrcp_v1_32&sig=AOD64_14w-48HLseTRAKVjAnTspXbLNRrw&adurl&q&ctype=99&nis=6,"4,9",-244
https://www.google.com/maps/place/Toiture+fa%C3%A7ade+Fr%C3%A9jus+-+Sch+toiture+et+fa%C3%A7ade/data=!4m7!3m6!1s0x47949907794bf609:0x3479211dc652b3f!8m2!3d43.419282!4d6.715131!16s%2Fg%2F11n_2szyll!19sChIJCfZLeQeZlEcRPytl3BGSRwM?authuser=0&hl=fr&rclk=1,Toiture façade Fréjus - Sch toiture et façade,Couvreur,"la, Chem. de la Palissade",06 11 90 01 56,https://www.sch-toiture.fr/,"4,8",-17
"https://www.google.com/maps/place/Boiss%C3%BBr+Sud+Toiture:+Couvreur+et+expert+toiture,panneaux+solaires+%26+charpente,traitement+contre+xylophages,termites+%C3%A0+Fr%C3%A9jus./data=!4m7!3m6!1s0x12ce97ec708048c5:0x19bcecd9b2002e36!8m2!3d43.4027805!4d6.7113222!16s%2Fg%2F11j7vydzvq!19sChIJxUiAcOyXzhIRNi4AstnsvBk?authuser=0&hl=fr&rclk=1","Boissûr Sud Toiture: Couvreur et expert toiture,panneaux solaires & charpente,traitement contre xylophages,termites à Fréjus.",Couvreur,le Reydissart Route de Roquebrune Cd7,04 94 44 56 56,https://www.boissur.com/,"4,3",-15
"https://www.google.com/maps/place/Pamther+Fr%C3%A9jus+:+Toiture,+Couverture,+Charpente+et+Etanch%C3%A9it%C3%A9/data=!4m7!3m6!1s0x12ce9828503e8db7:0x7fbcb5f3db0e308a!8m2!3d43.474846!4d6.7396508!16s%2Fg%2F1tx75l5c!19sChIJt40-UCiYzhIRijAO2_O1vH8?authuser=0&hl=fr&rclk=1","Pamther Fréjus : Toiture, Couverture, Charpente et Etanchéité",Entrepreneur spécialisé dans l'isolation,"POLE CAPITOU NORD, 687 Av. des Lions",04 94 95 22 81,https://www.pamther.fr/nos-agences/frejus/?utm_source=google&utm_medium=my-business&utm_campaign=frejus,"4,7",-29
https://www.google.com/maps/place/Entreprise+mayer+-+couvreur+frejus+saint+rapha%C3%ABl+-+Ravalement+de+Fa%C3%A7ade+-+Demoussage+-+peinture+-+bardage/data=!4m7!3m6!1s0x12cebd5b7c0cd551:0x79561491d7a77a32!8m2!3d43.4308342!4d6.7222496!16s%2Fg%2F11srgt6m6d!19sChIJUdUMfFu9zhIRMnqn15EUVnk?authuser=0&hl=fr&rclk=1,Entreprise mayer - couvreur frejus saint raphaël - Ravalement de Façade - Demoussage - peinture - bardage,Couvreur,405 Chem. des Plaucudes,06 69 52 89 25,http://entreprisemayer.fr/,5,-9
https://www.google.com/maps/place/GMH+%C3%89tanch%C3%A9it%C3%A9/data=!4m7!3m6!1s0x12cebd4829ea0d39:0x74a56bc3af207cbc!8m2!3d43.4323523!4d6.728065!16s%2Fg%2F11vk2vpp4q!19sChIJOQ3qKUi9zhIRvHwgr8NrpXQ?authuser=0&hl=fr&rclk=1,GMH Étanchéité,Entrepreneur,173 Rue d'Auriasque,07 49 98 53 12,https://www.gmh-etancheite.fr/contact,,
https://www.google.com/maps/place/SEL.G+RESINE+ETANCHEITE/data=!4m7!3m6!1s0xad7aea4fe97f3f4b:0x77a019526dec8bf5!8m2!3d43.46954!4d6.72421!16s%2Fg%2F11vr5qmmz9!19sChIJSz9_6U_qeq0R9YvsbVIZoHc?authuser=0&hl=fr&rclk=1,SEL.G RESINE ETANCHEITE,Entreprise d'étanchéité,"ZA CAPITOU, Pôle BTP, 184 All. Sébastien Vauban",06 20 48 15 10,https://www.selgresine.com/,5,-5
https://www.google.com/maps/place/Travaux+Sp%C3%A9ciaux+Du+Var/data=!4m7!3m6!1s0x12cea293043503d5:0x5efface951d7b710!8m2!3d43.4645079!4d6.7297866!16s%2Fg%2F11b6v3k_92!19sChIJ1QM1BJOizhIRELfXUems_14?authuser=0&hl=fr&rclk=1,Travaux Spéciaux Du Var,Constructeur de maisons personnalisées,325 Via Nova,04 94 53 68 95,,"4,6",-7
https://www.google.com/maps/place/Azur+Bati+83/data=!4m7!3m6!1s0x12cebd1f945fca07:0xcc2c1913854d27bc!8m2!3d43.3952214!4d6.7596775!16s%2Fg%2F11lhc_zr5n!19sChIJB8pflB-9zhIRvCdNhRMZLMw?authuser=0&hl=fr&rclk=1,Azur Bati 83,Peintre en bâtiment,·,06 46 24 12 29,https://www.azurbati83.fr/?utm_source=gmb,5,-20
https://www.google.com/maps/place/ART+ET+COUVERTURE/data=!4m7!3m6!1s0x12ce97fbf62d1f8b:0xf83946124a5865a5!8m2!3d43.470597!4d6.7246766!16s%2Fg%2F11g8pfy84q!19sChIJix8t9vuXzhIRpWVYShJGOfg?authuser=0&hl=fr&rclk=1,ART ET COUVERTURE,Couvreur,Pôle BTP,,,"3,6",-16
https://www.google.com/maps/place/Tecnomat+%28Bricoman%29+Fr%C3%A9jus/data=!4m7!3m6!1s0x12cea28e33270723:0x8152b7c4980d4e0a!8m2!3d43.4721067!4d6.7397442!16s%2Fg%2F1tmmhkgc!19sChIJIwcnM46izhIRCk4NmMS3UoE?authuser=0&hl=fr&rclk=1,Tecnomat (Bricoman) Fréjus,Magasin de materiaux de construction,·,04 98 11 36 20,https://www.bricoman.fr/,4,-1 625
https://www.google.com/maps/place/%F0%9F%A5%87Couvreur+Fr%C3%A9jus+Compagnons+de+France/data=!4m7!3m6!1s0x65dd9ce78cd1fb43:0xc6b6ee3e69bd913d!8m2!3d43.414328!4d6.707896!16s%2Fg%2F11xcf0wss5!19sChIJQ_vRjOec3WURPZG9aT7utsY?authuser=0&hl=fr&rclk=1,🥇Couvreur Fréjus Compagnons de France,Couvreur,·,06 80 21 44 28,https://www.compagnondefrance-frejus.fr/,5,-8
https://www.google.com/maps/place/Toitures+du+Var+-+Couvreur+%C3%A0+Fr%C3%A9jus/data=!4m7!3m6!1s0x12cebd49c8afb3a3:0x9833548da29a8698!8m2!3d43.4144644!4d6.7080268!16s%2Fg%2F11yk7_ktx6!19sChIJo7OvyEm9zhIRmIaaoo1UM5g?authuser=0&hl=fr&rclk=1,Toitures du Var - Couvreur à Fréjus,Couvreur,393 Chem. des Étangs,07 65 27 24 45,https://www.toituresduvar.fr/,5,-2
https://www.google.com/maps/place/Ba%27Tec+France/data=!4m7!3m6!1s0x12cea338fc2ba327:0xb51d9dc45ca8d049!8m2!3d43.4550262!4d6.6947837!16s%2Fg%2F1tggqr11!19sChIJJ6Mr_DijzhIRSdCoXMSdHbU?authuser=0&hl=fr&rclk=1,Ba'Tec France,Couvreur,Le Jas Neuf Lot 3,04 94 81 42 24,http://www.batecfrance.fr/,"4,8",-17
"https://www.google.com/maps/place/EXTECO+CANNES+FREJUS+-+Nettoyage+ext%C3%A9rieur+:+toitures,+fa%C3%A7ades,+terrasses,+bardage,+terrasse+bois+Var+et+Alpes-Maritime+06+83/data=!4m7!3m6!1s0x12cc1fccebf14929:0xc4ef1f541385cb9c!8m2!3d43.6050216!4d6.7001059!16s%2Fg%2F11yx2fq5cg!19sChIJKUnx68wfzBIRnMuFE1Qf78Q?authuser=0&hl=fr&rclk=1","EXTECO CANNES FREJUS - Nettoyage extérieur : toitures, façades, terrasses, bardage, terrasse bois Var et Alpes-Maritime 06 83",Services de nettoyage,117 Rte de Cambarras,04 22 32 84 02,https://www.exteco.fr/agence-de-cannes-frejus,5,-13
https://www.google.com/maps/place/SARL+Confection+bois+So+D%C3%A9co/data=!4m7!3m6!1s0x12cebdc645699609:0xaab782f60d604349!8m2!3d43.4290212!4d6.7460825!16s%2Fg%2F11ry9csp7w!19sChIJCZZpRca9zhIRSUNgDfaCt6o?authuser=0&hl=fr&rclk=1,SARL Confection bois So Déco,Constructeur de terrasses,·,06 86 45 70 36,,5,-11
https://www.google.com/maps/place/BoisNco/data=!4m7!3m6!1s0x12cebda4cbe557ad:0x7705a5b0c21d447e!8m2!3d43.425681!4d6.7304374!16s%2Fg%2F11hwdsgq7y!19sChIJrVfly6S9zhIRfkQdwrClBXc?authuser=0&hl=fr&rclk=1,BoisNco,Constructeur de maisons en bois,634 Rue Jean Carrara,06 35 33 76 11,https://www.boisnco.fr/,5,-11
https://www.google.com/maps/place/TOP+TOITURE+83/data=!4m7!3m6!1s0x12cea54d9842b281:0x504ef7a8416ce4ec!8m2!3d43.4913815!4d6.653361!16s%2Fg%2F11yp8x3v9l!19sChIJgbJCmE2lzhIR7ORsQaj3TlA?authuser=0&hl=fr&rclk=1,TOP TOITURE 83,Couvreur,Rue de l'Industrie,04 23 46 01 16,,5,-26
https://www.google.com/maps/place/RT+Construction/data=!4m7!3m6!1s0x60ba1803be53f945:0x381580e5b37cec84!8m2!3d43.4316782!4d6.7423378!16s%2Fg%2F11y46k8ngh!19sChIJRflTvgMYumARhOx8s-WAFTg?authuser=0&hl=fr&rclk=1,RT Construction,Charpentier,214 Rue Albert Einaudi,06 68 15 85 11,https://www.rtconstructionpaca.com/,5,-7
https://www.google.com/maps/place/MG+%C3%89TANCH%C3%89IT%C3%89/data=!4m7!3m6!1s0x12ce97004ba53175:0xe2826f9f2b6858f0!8m2!3d43.4275978!4d6.7830164!16s%2Fg%2F11vjw6nxp6!19sChIJdTGlSwCXzhIR8FhoK59vguI?authuser=0&hl=fr&rclk=1,MG ÉTANCHÉITÉ,Siège social,745 Bd Jean Moulin,06 74 69 73 80,http://www.mg-etancheite.fr/,5,-3
https://www.google.com/maps/place/Innovation+Toit+et+Bois+ITB+PACA/data=!4m7!3m6!1s0x12cea16a78b95e73:0xc933e404323e8143!8m2!3d43.4699826!4d6.5789691!16s%2Fg%2F1q62kbbq7!19sChIJc165eGqhzhIRQ4E-MgTkM8k?authuser=0&hl=fr&rclk=1,Innovation Toit et Bois ITB PACA,Constructeur de maisons en bois,536 Rte de Fréjus,04 94 17 96 88,http://www.itbpaca.com/,"4,6",-41
https://www.google.com/maps/place/Techni+Confort/data=!4m7!3m6!1s0x12cebd2cd93ccb85:0xc520b7d9ad225bed!8m2!3d43.44133!4d6.71458!16s%2Fg%2F1tl1f28f!19sChIJhcs82Sy9zhIR7Vsirdm3IMU?authuser=0&hl=fr&rclk=1,Techni Confort,Atelier de menuiserie,182 Rue Albert Einstein,04 94 52 17 48,https://www.google.com/aclk?sa=L&ai=DChsSEwj4lLTHir6UAxU5i2gJHVFrL3EYACICCAEQAhoCd2Y&co=1&ase=2&gclid=CjwKCAjwq6DQBhBVEiwA4ZD5XKnPyg8twezmBXAZRhXrCT-ZoBxhPGMR9fWYZMOC6VZ8mxNGcTD9JhoC88QQAvD_BwE&cce=2&category=acrcp_v1_32&sig=AOD64_2uuudaDiMDzfdA_acVmJD811KbRg&adurl&q&ctype=99&nis=6,"4,9",-244
https://www.google.com/maps/place/ADS+R%C3%A9novation/data=!4m7!3m6!1s0x73b7d8002d13929:0x7f5570f891bcab8a!8m2!3d43.573497!4d7.019912!16s%2Fg%2F11x2d3ttjf!19sChIJKTnRAoB9OwcRiqu8kfhwVX8?authuser=0&hl=fr&rclk=1,ADS Rénovation,Peintre en bâtiment,14 Rue des Danys,07 88 44 63 01,https://www.google.com/aclk?sa=L&ai=DChsSEwj4lLTHir6UAxU5i2gJHVFrL3EYACICCAEQCRoCd2Y&ae=2&aspm=1&co=1&ase=2&gclid=CjwKCAjwq6DQBhBVEiwA4ZD5XBr9_ViK8CxF9TiyXfotXRErMuNAV_ASBEOXw0DJFdk9NbXMy8D92RoCUTwQAvD_BwE&cce=2&category=acrcp_v1_35&sig=AOD64_1ljf0XuxbCLZn9g31b6zrHAra9-g&adurl&q&ctype=99&nis=6,"4,9",-52
https://www.google.com/maps/place/ISO2C+%28Sun2C%29/data=!4m7!3m6!1s0x83f9f3963e8cf173:0xbb0b71143a8d276!8m2!3d43.4561263!4d6.6955026!16s%2Fg%2F11y1w64tdg!19sChIJc_GMPpbz-YMRdtKoQxG3sAs?authuser=0&hl=fr&rclk=1,ISO2C (Sun2C),Entrepreneur spécialisé dans l'isolation,139 Chem. des Vernèdes,04 86 04 86 97,https://iso2c.com/,5,-24
https://www.google.com/maps/place/Couvreur+Certifi%C3%A9+Toiture/data=!4m7!3m6!1s0x12cea5a123ed430f:0x13a18d0ddd2ffee1!8m2!3d43.468008!4d6.5906035!16s%2Fg%2F11yskh8xgd!19sChIJD0PtI6GlzhIR4f4v3Q2NoRM?authuser=0&hl=fr&rclk=1,Couvreur Certifié Toiture,Couvreur,Rte de Fréjus,04 23 46 01 21,,5,-17
https://www.google.com/maps/place/Badaut/data=!4m7!3m6!1s0x12cea2ead4f0bf9b:0xebf371ce11a56e55!8m2!3d43.4615972!4d6.7272582!16s%2Fg%2F11h40z6m21!19sChIJm7_w1OqizhIRVW6lEc5x8-s?authuser=0&hl=fr&rclk=1,Badaut,Entrepreneur,209 Av. Jean Lachenaud,04 94 40 87 80,,,
https://www.google.com/maps/place/Entreprise+G%C3%A9n%C3%A9rale+De+Travaux+SAS/data=!4m7!3m6!1s0x12ce976e5b7072d1:0x679915df8242d36d!8m2!3d43.4224656!4d6.8049255!16s%2Fg%2F11gy16183z!19sChIJ0XJwW26XzhIRbdNCgt8VmWc?authuser=0&hl=fr&rclk=1,Entreprise Générale De Travaux SAS,Service de restauration de bâtiments,158 Av. des Chênes,06 77 57 73 44,http://www.egtsas-renovation.fr/?utm_source=gmb,5,-1
https://www.google.com/maps/place/Couverture+Olivier/data=!4m7!3m6!1s0x12cea3a56184f59f:0x29255da8c2d622fb!8m2!3d43.4682966!4d6.5964035!16s%2Fg%2F11j49sw_d8!19sChIJn_WEYaWjzhIR-yLWwqhdJSk?authuser=0&hl=fr&rclk=1,Couverture Olivier,Couvreur,1997 Rte de Fréjus,06 19 57 28 93,https://www.couverture-olivier.com/?utm_source=gmb,5,-24
https://www.google.com/maps/place/O.C.Z/data=!4m7!3m6!1s0x47f752420edbeefd:0xf4551c40b3b371e5!8m2!3d43.4721476!4d6.5655048!16s%2Fg%2F11ddzd877y!19sChIJ_e7bDkJS90cR5XGzs0AcVfQ?authuser=0&hl=fr&rclk=1,O.C.Z,Couvreur,3 Av. Louis Cavalier,06 43 16 75 14,,"4,2",-5
https://www.google.com/maps/place/PPF+Puget+sur+Argens/data=!4m7!3m6!1s0x12cea35f907ee0ed:0xab6dce9505ed0a1b!8m2!3d43.4493201!4d6.6910532!16s%2Fg%2F11l2cpd08l!19sChIJ7eB-kF-jzhIRGwrtBZXObas?authuser=0&hl=fr&rclk=1,PPF Puget sur Argens,Entrepreneur spécialisé dans l'isolation,166 Chem. du Drap,04 20 98 18 78,https://ppf.fr/reseau-ppf/ppf-ou-nous-trouver/agence-ppf-83-puget-sur-argens/?utm_source=gmb,"4,2",-37
https://www.google.com/maps/place/Charpente+Remi+Billot/data=!4m7!3m6!1s0x12cc200ed4aaad37:0x555d18f7d986c214!8m2!3d43.5957941!4d6.7631149!16s%2Fg%2F1q6h_zk3w!19sChIJN62q1A4gzBIRFMKG2fcYXVU?authuser=0&hl=fr&rclk=1,Charpente Remi Billot,Charpentier,Chem. Dayan,06 08 17 59 31,http://www.charpente-remi-billot.fr/,"4,9",-40
https://www.google.com/maps/place/Home+Concept+Bois/data=!4m7!3m6!1s0x12ceae65d0039953:0x7d71923c2e7b57b7!8m2!3d43.4824687!4d6.5086914!16s%2Fg%2F11bv38f2bk!19sChIJU5kD0GWuzhIRt1d7LjyScX0?authuser=0&hl=fr&rclk=1,Home Concept Bois,Négociant en bois,"RD 1555 Quartier, Maufache",04 89 53 08 85,https://homeconceptbois.com/,"4,6",-15
https://www.google.com/maps/place/Entreprise+Gorgan/data=!4m7!3m6!1s0xde7de105ce4fb33:0x6601faa82c6f9172!8m2!3d43.4480884!4d6.5600394!16s%2Fg%2F11s9h5rypg!19sChIJM_vkXBDe5w0RcpFvLKj6AWY?authuser=0&hl=fr&rclk=1,Entreprise Gorgan,Couvreur,·,06 43 73 82 15,https://www.artisangorgan.fr/,5,-6
https://www.google.com/maps/place/ENTREPRISE+ROBIN/data=!4m7!3m6!1s0xa956a3a21bcf578f:0x3a2b6a9eb610bf59!8m2!3d47.239028!4d-1.605829!16s%2Fg%2F11scfn_9dx!19sChIJj1fPG6KjVqkRWb8Qtp5qKzo?authuser=0&hl=fr&rclk=1,ENTREPRISE ROBIN,Façadier,10 Rue du Congo,02 51 78 90 19,https://www.google.com/aclk?sa=L&ai=DChsSEwj397bcir6UAxUSTUECHfvrH54YACICCAEQAhoCd3M&ae=2&aspm=1&co=1&ase=2&gclid=CjwKCAjwq6DQBhBVEiwA4ZD5XEscSTtJiCQ9hstZBcXgL7zinkHjy6KvzsG_6ETHCBBqNC9hFW5K_BoCGdAQAvD_BwE&cce=2&category=acrcp_v1_35&sig=AOD64_3pGCJcR6hIpxCfFaRq--F0rj4Ljg&adurl&q&ctype=99&nis=6,5,-1
https://www.google.com/maps/place/Ed+Ouest+Couverture+-+Couvreur+Nantes/data=!4m7!3m6!1s0x4805e89134d06261:0xbbad249874bc46c0!8m2!3d47.189256!4d-1.532322!16s%2Fg%2F11c2jb6qmm!19sChIJYWLQNJHoBUgRwEa8dJgkrbs?authuser=0&hl=fr&rclk=1,Ed Ouest Couverture - Couvreur Nantes,Couvreur,60 Route de Vertou,02 40 20 20 77,https://www.google.com/aclk?sa=L&ai=DChsSEwj397bcir6UAxUSTUECHfvrH54YACICCAEQBxoCd3M&ae=2&aspm=1&co=1&ase=2&gclid=CjwKCAjwq6DQBhBVEiwA4ZD5XIMJj_KR495v4UV5sx9hNyocSVDVz1oCx5e-FSOP2feCFzJXBnZLFBoCTLoQAvD_BwE&cce=2&category=acrcp_v1_35&sig=AOD64_03vun2caOUt03do4E1oJHAJNPdsg&adurl&q&ctype=99&nis=6,"4,6",-263
https://www.google.com/maps/place/D%C3%A9p%C3%B4tbois/data=!4m7!3m6!1s0x4805ecd4a06989ff:0x8dffdab360467c89!8m2!3d47.2336269!4d-1.6458088!16s%2Fg%2F1tjgzr82!19sChIJ_4lpoNTsBUgRiXxGYLPa_40?authuser=0&hl=fr&rclk=1,Dépôtbois,Négociant en bois,·,02 40 94 89 63,http://www.depotbois.com/,"4,6",-72
https://www.google.com/maps/place/GDF+BATIMENT/data=!4m7!3m6!1s0x4805f161c041d247:0xf2e63101b704ad87!8m2!3d47.2252659!4d-1.637613!16s%2Fg%2F11v9ntt9m3!19sChIJR9JBwGHxBUgRh60EtwEx5vI?authuser=0&hl=fr&rclk=1,GDF BATIMENT,Entreprise d'étanchéité,·,02 51 12 13 45,https://www.gdfconstruction.fr/,5,-3
https://www.google.com/maps/place/ID+Bois+-+Terrasse+-+Cl%C3%B4ture+-+Bardage+-+Abris+-+Carport+-+Parquet+-+Lambris+-+Sol+stratifi%C3%A9+-+Sol+Vinyle/data=!4m7!3m6!1s0x4805eb996a7baec5:0x9bd68bcf76780342!8m2!3d47.1877623!4d-1.5935584!16s%2Fg%2F113h1gdr5!19sChIJxa57apnrBUgRQgN4ds-L1ps?authuser=0&hl=fr&rclk=1,ID Bois - Terrasse - Clôture - Bardage - Abris - Carport - Parquet - Lambris - Sol stratifié - Sol Vinyle,Négociant en bois,·,02 51 70 66 20,https://www.idbois.com/,"4,9",-126
https://www.google.com/maps/place/Guesneau+Couverture/data=!4m7!3m6!1s0x4805eb66def8f347:0x27a2f68560b02e02!8m2!3d47.1992492!4d-1.6196417!16s%2Fg%2F1tfl90mv!19sChIJR_P43mbrBUgRAi6wYIX2oic?authuser=0&hl=fr&rclk=1,Guesneau Couverture,Couvreur,·,02 40 14 50 00,,"3,5",-14
https://www.google.com/maps/place/Nant%27Artisans/data=!4m7!3m6!1s0x4805edff13c2f8c5:0x41b614972b5606ab!8m2!3d47.2163394!4d-1.5665497!16s%2Fg%2F11sh7rc9n0!19sChIJxfjCE__tBUgRqwZWK5cUtkE?authuser=0&hl=fr&rclk=1,Nant'Artisans,Menuisier,19 Bd Gabriel Guist'Hau,02 28 03 82 83,https://www.nant-artisans.com/,"4,8",-91
https://www.google.com/maps/place/Couverture+Pachet+%28Fils%29/data=!4m7!3m6!1s0x4805ec30fa8f8c0b:0x766119499cce6d4b!8m2!3d47.234635!4d-1.574884!16s%2Fg%2F1th48s6_!19sChIJC4yP-jDsBUgRS23OnEkZYXY?authuser=0&hl=fr&rclk=1,Couverture Pachet (Fils),Couvreur,66 Rue Albert Dory,02 40 75 96 23,http://www.couverturepachet.fr/,"3,7",-60
https://www.google.com/maps/place/Vivre+en+Bois+Nantes/data=!4m7!3m6!1s0x480592e4c6408921:0xf23ad80713dc2fe6!8m2!3d47.2476675!4d-1.6765162!16s%2Fg%2F1pzs3j3sy!19sChIJIYlAxuSSBUgR5i_cEwfYOvI?authuser=0&hl=fr&rclk=1,Vivre en Bois Nantes,Négociant en bois,·,02 40 86 00 22,https://www.vivreenbois.com/agences/Vivre-en-Bois-Nantes?utm_source=GBP&utm_medium=link&utm_campaign=GBP-nantes,"4,4",-81
https://www.google.com/maps/place/Connan+Fa%C3%A7ade+-+Panneau+de+fa%C3%A7ade+en+fibro-ciment/data=!4m7!3m6!1s0x48059262e7e1545d:0x8850f9344ec08680!8m2!3d47.267388!4d-1.692146!16s%2Fg%2F11btrs3bf5!19sChIJXVTh52KSBUgRgIbATjT5UIg?authuser=0&hl=fr&rclk=1,Connan Façade - Panneau de façade en fibro-ciment,Magasin de materiaux de construction,·,02 40 63 93 95,https://www.connanfacade.fr/,"3,2",-9
https://www.google.com/maps/place/Nant%27Artisans+-+Saint+Herblain/data=!4m7!3m6!1s0x4806759e5573b61f:0x4139a9d9ecc236b8!8m2!3d47.2222336!4d-1.6412701!16s%2Fg%2F11c1xfyxnh!19sChIJH7ZzVZ51BkgRuDbC7NmpOUE?authuser=0&hl=fr&rclk=1,Nant'Artisans - Saint Herblain,Menuisier,·,06 79 63 31 68,https://www.nant-artisans.com/?utm_source=gmb,"4,6",-124
https://www.google.com/maps/place/LE+LOREC+GUESNEAU+NANTES+-+TOITURE+FACADE+SERVICE/data=!4m7!3m6!1s0x480f680a71c1ae3d:0xce92d4454d1b1cd1!8m2!3d47.2499575!4d-1.5070987!16s%2Fg%2F1tj8475z!19sChIJPa7BcQpoD0gR0RwbTUXUks4?authuser=0&hl=fr&rclk=1,LE LOREC GUESNEAU NANTES - TOITURE FACADE SERVICE,Couvreur,·,02 40 14 50 00,http://www.lelorec.fr/,"4,4",-26
https://www.google.com/maps/place/Entreprise+Briant/data=!4m7!3m6!1s0x480592b5e49c5bdf:0xf3629ffa1eb3124e!8m2!3d47.2632311!4d-1.6494752!16s%2Fg%2F1tfrr8vs!19sChIJ31uc5LWSBUgRThKzHvqfYvM?authuser=0&hl=fr&rclk=1,Entreprise Briant,Couvreur,·,02 40 63 02 77,,"4,6",-49
https://www.google.com/maps/place/GROUPE+ISORE+-+AGENCE+NANTES/data=!4m7!3m6!1s0x4805ed4230487cb7:0xd1dc77ee71cc7c20!8m2!3d47.2274446!4d-1.6228522!16s%2Fg%2F11wy9bbn22!19sChIJt3xIMELtBUgRIHzMce533NE?authuser=0&hl=fr&rclk=1,GROUPE ISORE - AGENCE NANTES,Entrepreneur spécialisé dans l'isolation,·,02 43 66 96 51,https://www.groupe-isore.fr/,,
https://www.google.com/maps/place/MCO+-+Menuiserie+Charpente+Orvaltaise/data=!4m7!3m6!1s0x4805ed9792c3c22f:0x5c5977bbe4b7991e!8m2!3d47.2639647!4d-1.5944114!16s%2Fg%2F1wc47bp4!19sChIJL8LDkpftBUgRHpm35Lt3WVw?authuser=0&hl=fr&rclk=1,MCO - Menuiserie Charpente Orvaltaise,Menuisier,·,02 51 83 70 50,https://www.mco-menuiserie.com/,"4,2",-220
https://www.google.com/maps/place/Demathieu+Bard/data=!4m7!3m6!1s0x4805931e5b020c05:0x26195fe900ee2693!8m2!3d47.2356523!4d-1.6573637!16s%2Fg%2F1tdbw3lf!19sChIJBQwCWx6TBUgRkybuAOlfGSY?authuser=0&hl=fr&rclk=1,Demathieu Bard,Entreprise de construction,37 Rue Bobby Sands,02 28 25 85 25,https://www.demathieu-bard.fr/,3,-2
https://www.google.com/maps/place/Dispano+Nantes/data=!4m7!3m6!1s0x4805eb6307978cb7:0x694f70648719d8b1!8m2!3d47.1993312!4d-1.6134414!16s%2Fg%2F11f12pgj_m!19sChIJt4yXB2PrBUgRsdgZh2RwT2k?authuser=0&hl=fr&rclk=1,Dispano Nantes,Négociant en bois,·,02 40 95 28 00,https://www.dispano.fr/infos-agence/nantes-dispano-1535,"4,3",-91
https://www.google.com/maps/place/Ed+Ouest+Couverture+-+Couvreur+Nantes/data=!4m7!3m6!1s0x4805e89134d06261:0xbbad249874bc46c0!8m2!3d47.1892563!4d-1.532322!16s%2Fg%2F11c2jb6qmm!19sChIJYWLQNJHoBUgRwEa8dJgkrbs?authuser=0&hl=fr&rclk=1,Ed Ouest Couverture - Couvreur Nantes,Entrepreneur spécialisé dans l'isolation,60 Rte de Vertou,02 40 20 20 77,http://www.ed-ouest.fr/?utm_source=gmb,"4,6",-263
https://www.google.com/maps/place/Tallot+Couverture/data=!4m7!3m6!1s0x4805eb7ca758b9e1:0x3af138eb5e408126!8m2!3d47.1978257!4d-1.6086426!16s%2Fg%2F1tvt9qwk!19sChIJ4blYp3zrBUgRJoFAXus48To?authuser=0&hl=fr&rclk=1,Tallot Couverture,Couvreur,·,02 40 92 14 77,http://tallot-couverture.fr/?utm_medium=referral&utm_source=gmb&utm_campaign=lnk-gmb,"3,3",-20
https://www.google.com/maps/place/Connan+:+Parquet+%26+Carrelage+sur+Nantes+-+Mat%C3%A9riaux+de+construction/data=!4m7!3m6!1s0x4805ed3a18cc7e9b:0x8abaaa26959d94d7!8m2!3d47.2671558!4d-1.6910593!16s%2Fg%2F1tdmpf7m!19sChIJm37MGDrtBUgR15SdlSaquoo?authuser=0&hl=fr&rclk=1,Connan : Parquet & Carrelage sur Nantes - Matériaux de construction,Magasin de materiaux de construction,·,02 40 63 41 41,https://connan.fr/,"4,7",-35
https://www.google.com/maps/place/Koadu+-+Bois+br%C3%BBl%C3%A9/data=!4m7!3m6!1s0x4805ef64cdd8c615:0x11ec8e4675ec88e7!8m2!3d47.2355727!4d-1.507864!16s%2Fg%2F11pd0zsh6f!19sChIJFcbYzWTvBUgR54jsdUaO7BE?authuser=0&hl=fr&rclk=1,Koadu - Bois brûlé,Magasin d'articles pour l'aménagement paysager,6 Imp. des Boutons d'Or,07 78 38 85 64,http://www.koadu.fr/,5,-8
https://www.google.com/maps/place/SAMPERS/data=!4m7!3m6!1s0x48058f0dad50e97b:0x942d6f6a55395fa!8m2!3d47.2988389!4d-1.7579521!16s%2Fg%2F11rxj88jtj!19sChIJe-lQrQ2PBUgR-pVTpfbWQgk?authuser=0&hl=fr&rclk=1,SAMPERS,Entreprise d'étanchéité,·,06 74 67 61 66,https://www.sampers.fr/,"4,8",-4
https://www.google.com/maps/place/ENTREPRISE+ROBIN/data=!4m7!3m6!1s0xa956a3a21bcf578f:0x3a2b6a9eb610bf59!8m2!3d47.239028!4d-1.605829!16s%2Fg%2F11scfn_9dx!19sChIJj1fPG6KjVqkRWb8Qtp5qKzo?authuser=0&hl=fr&rclk=1,ENTREPRISE ROBIN,Façadier,10 Rue du Congo,02 51 78 90 19,https://www.google.com/aclk?sa=L&ai=DChsSEwjT9qnjir6UAxVSUEECHbcjM6QYACICCAEQFhoCd3M&ae=2&aspm=1&co=1&ase=2&gclid=CjwKCAjwq6DQBhBVEiwA4ZD5XCfYAweQQJ4RluKCZuNRDe_Mh1tttwyWqHUiQjvsGkw6YoWl8wBMaRoCO0IQAvD_BwE&cce=2&category=acrcp_v1_35&sig=AOD64_1NZB-zW7geX2hyVs3BeoSavV69QA&adurl&q&ctype=99&nis=6,5,-1
https://www.google.com/maps/place/Ed+Ouest+Couverture+-+Couvreur+Nantes/data=!4m7!3m6!1s0x4805e89134d06261:0xbbad249874bc46c0!8m2!3d47.189256!4d-1.532322!16s%2Fg%2F11c2jb6qmm!19sChIJYWLQNJHoBUgRwEa8dJgkrbs?authuser=0&hl=fr&rclk=1,Ed Ouest Couverture - Couvreur Nantes,Couvreur,60 Route de Vertou,02 40 20 20 77,https://www.google.com/aclk?sa=L&ai=DChsSEwjT9qnjir6UAxVSUEECHbcjM6QYACICCAEQFRoCd3M&ae=2&aspm=1&co=1&ase=2&gclid=CjwKCAjwq6DQBhBVEiwA4ZD5XFIisavYbDrKnSH9Zb5Er57k3OfjZ_Q69yvBoxf_QjE9yvA74_bsthoCKmsQAvD_BwE&cce=2&category=acrcp_v1_35&sig=AOD64_3hu0BTgCbeISqBfrEqVtyQ7kLO7Q&adurl&q&ctype=99&nis=6,"4,6",-263
https://www.google.com/maps/place/RENOOUEST/data=!4m7!3m6!1s0x4805fa1369330d57:0xec8694df8defa993!8m2!3d47.2587506!4d-1.5050342!16s%2Fg%2F11b6dq2c7c!19sChIJVw0zaRP6BUgRk6nvjd-Uhuw?authuser=0&hl=fr&rclk=1,RENOOUEST,Entrepreneur spécialisé dans l'isolation,·,02 51 13 11 59,https://renoouest.fr/,"4,9",-299
https://www.google.com/maps/place/Bardage+Nantes+Sud+Loire+-+TBP+Tendance+Bois+Profil%C3%A9s/data=!4m7!3m6!1s0x4805ae7a25f4324f:0x9e4a07578c5adffe!8m2!3d46.9992091!4d-1.740046!16s%2Fg%2F11b6djrrv5!19sChIJTzL0JXquBUgR_t9ajFcHSp4?authuser=0&hl=fr&rclk=1,Bardage Nantes Sud Loire - TBP Tendance Bois Profilés,Bois,"Le Grand Moulin, Rue du",02 55 52 00 20,https://www.sbm-tbp.com/,,
https://www.google.com/maps/place/Delorme+Couvreur+-+Nantes+44/data=!4m7!3m6!1s0x4805ed8eaffe5a0d:0xaecbd0f03eebf0a1!8m2!3d47.1992044!4d-1.6061612!16s%2Fg%2F11jdnpt97k!19sChIJDVr-r47tBUgRofDrPvDQy64?authuser=0&hl=fr&rclk=1,Delorme Couvreur - Nantes 44,Entrepreneur spécialisé dans l'isolation,·,06 42 86 57 53,https://www.delormecouvreur.fr/?utm_source=gmb,"4,5",-44
https://www.google.com/maps/place/WD+Couverture/data=!4m7!3m6!1s0x4805efa210e66d37:0xde0c58f56804768b!8m2!3d47.3480106!4d-1.7860657!16s%2Fg%2F11gr63591z!19sChIJN23mEKLvBUgRi3YEaPVYDN4?authuser=0&hl=fr&rclk=1,WD Couverture,Couvreur,·,02 40 41 73 72,https://wd-couverture.com/,"4,9",-108
https://www.google.com/maps/place/Br%C3%A9bion+Construction+Bois/data=!4m7!3m6!1s0x4805ee9f915aaaab:0x44e2c6bfc443f20!8m2!3d47.1558458!4d-1.6594168!16s%2Fg%2F11flt353rc!19sChIJq6pakZ_uBUgRID9E_GssTgQ?authuser=0&hl=fr&rclk=1,Brébion Construction Bois,Charpentier,13 Rte de Bouguenais,02 72 02 89 29,http://www.brebionconstruction.fr/,"4,9",-31
https://www.google.com/maps/place/HABITER+BOIS/data=!4m7!3m6!1s0x4805ec00ef861b6d:0x966759d6d2c40b2e!8m2!3d47.2054371!4d-1.5630084!16s%2Fg%2F11fls46btr!19sChIJbRuG7wDsBUgRLgvE0tZZZ5Y?authuser=0&hl=fr&rclk=1,HABITER BOIS,Fabricant,15 Bd Léon Bureau,02 40 73 73 30,http://habiterbois.fr/,5,-1
"https://www.google.com/maps/place/Vincent+Entreprise+-+Ravalements,+Fa%C3%A7ades,+Isolation+et+%C3%89tanch%C3%A9it%C3%A9+%C3%A0+Nantes/data=!4m7!3m6!1s0x4805e9eb53220bdd:0x5ae6672fbd4a1d67!8m2!3d47.1496842!4d-1.5426781!16s%2Fg%2F1tr7c5hq!19sChIJ3QsiU-vpBUgRZx1KvS9n5lo?authuser=0&hl=fr&rclk=1","Vincent Entreprise - Ravalements, Façades, Isolation et Étanchéité à Nantes",Entrepreneur spécialisé dans l'isolation,2 Rue des Orfèvres,02 40 13 60 00,https://www.vincententreprise.fr/,"4,5",-120
https://www.google.com/maps/place/Entreprise+DV/data=!4m7!3m6!1s0x480593518e9f7b1b:0x2449ee3607154ddb!8m2!3d47.250541!4d-1.7028505!16s%2Fg%2F11m75r1qtf!19sChIJG3ufjlGTBUgR200VBzbuSSQ?authuser=0&hl=fr&rclk=1,Entreprise DV,Couvreur,5 Rue de l'Aubinière,06 10 35 20 81,https://entreprisecouverturedv.fr/,5,-41
https://www.google.com/maps/place/R%C3%89NOVA+GROUPE/data=!4m7!3m6!1s0x48058ff7b3bb59e7:0x6e0fffc9a0b2b940!8m2!3d47.303275!4d-1.754163!16s%2Fg%2F11sjrn_h19!19sChIJ51m7s_ePBUgRQLmyoMn_D24?authuser=0&hl=fr&rclk=1,RÉNOVA GROUPE,Entrepreneur spécialisé dans l'isolation,·,02 40 47 62 70,https://renova-groupe.com/,"4,3",-35
https://www.google.com/maps/place/SEO+Etanch%C3%A9it%C3%A9+-+Couverture+-+Bardage/data=!4m7!3m6!1s0x480584b8a71b098b:0x71427131d7c65038!8m2!3d47.2966996!4d-1.854159!16s%2Fg%2F11b6dqj8wg!19sChIJiwkbp7iEBUgROFDG1zFxQnE?authuser=0&hl=fr&rclk=1,SEO Etanchéité - Couverture - Bardage,Entrepreneur spécialisé dans l'isolation,Les Petites Landes,02 40 57 74 64,,"4,8",-4
https://www.google.com/maps/place/COSTA+Entreprise+g%C3%A9n%C3%A9rale+du+b%C3%A2timent/data=!4m7!3m6!1s0x4805ec822efe1d81:0xc884d65263a09969!8m2!3d47.2049867!4d-1.6071231!16s%2Fg%2F11fjmcj5p0!19sChIJgR3-LoLsBUgRaZmgY1LWhMg?authuser=0&hl=fr&rclk=1,COSTA Entreprise générale du bâtiment,Entreprise de construction,61 Rue Firmin Colas,02 40 36 06 06,http://www.costa-expert.fr/,"4,7",-26
https://www.google.com/maps/place/IVISO/data=!4m7!3m6!1s0x4805efa8f8fd32b1:0x280f5e50246f2442!8m2!3d47.2276667!4d-1.5157062!16s%2Fg%2F11fkrxh7r6!19sChIJsTL9-KjvBUgRQiRvJFBeDyg?authuser=0&hl=fr&rclk=1,IVISO,Entrepreneur spécialisé dans l'isolation,·,02 40 30 32 94,https://www.iviso.fr/,,
https://www.google.com/maps/place/LF+Etancheite/data=!4m7!3m6!1s0x4805ef4fd2c49c87:0xfbf5ef141f34020d!8m2!3d47.2116068!4d-1.4880627!16s%2Fg%2F1tj51zlw!19sChIJh5zE0k_vBUgRDQI0HxTv9fs?authuser=0&hl=fr&rclk=1,LF Etancheite,Entreprise de construction,·,02 40 80 50 60,https://lfetancheite.fr/,"4,3",-6
https://www.google.com/maps/place/ISOL%27+Fa%C3%A7ade+44/data=!4m7!3m6!1s0x4805c219924530d3:0x23cb0a593167bb8b!8m2!3d47.0842944!4d-1.5553529!16s%2Fg%2F11b6d2b494!19sChIJ0zBFkhnCBUgRi7tnMVkKyyM?authuser=0&hl=fr&rclk=1,ISOL' Façade 44,Entrepreneur spécialisé dans l'isolation,·,06 50 19 55 63,https://www.isolfacade44.fr/,"4,7",-51
https://www.google.com/maps/place/Couvr%27isol+Atlantique/data=!4m7!3m6!1s0x4805eff66ac41ee5:0x5c9b25e438b42a18!8m2!3d47.2744619!4d-1.4965526!16s%2Fg%2F11b6d43lnb!19sChIJ5R7EavbvBUgRGCq0OOQlm1w?authuser=0&hl=fr&rclk=1,Couvr'isol Atlantique,Entrepreneur spécialisé dans l'isolation,33 Rue du Nouveau Bêle,02 28 21 77 61,http://couvrisol-atlantique.com/,"4,5",-117
https://www.google.com/maps/place/Antoine+Louvel/data=!4m7!3m6!1s0x4805edf556feaf15:0x794a508ca9cf7bda!8m2!3d47.2494375!4d-1.5985691!16s%2Fg%2F11yts7vhnf!19sChIJFa_-VvXtBUgR2nvPqYxQSnk?authuser=0&hl=fr&rclk=1,Antoine Louvel,Menuisier,2 Rue des Érables,07 69 70 75 02,https://www.instagram.com/lvl.woodworks/,5,-6
https://www.google.com/maps/place/L+M+Couverture+-+Couvreur+Zingueur+Nantes+R%C3%A9paration+Nettoyage+%C3%89tanch%C3%A9it%C3%A9+toiture+fuite+Goutti%C3%A8res+44+Loire-Atlantique/data=!4m7!3m6!1s0x4805eb1ccb22df7f:0xdf184874ed6371cd!8m2!3d47.2020065!4d-1.5849377!16s%2Fg%2F11g3hwbs7h!19sChIJf98iyxzrBUgRzXFj7XRIGN8?authuser=0&hl=fr&rclk=1,L M Couverture - Couvreur Zingueur Nantes Réparation Nettoyage Étanchéité toiture fuite Gouttières 44 Loire-Atlantique,Couvreur,19 Rue Gutenberg,07 62 68 17 32,https://lmcouvertures.fr/,"4,8",-31
https://www.google.com/maps/place/VULPO/data=!4m7!3m6!1s0x4805ee9b00780d6b:0xf368c1f814356562!8m2!3d47.2319042!4d-1.5440944!16s%2Fg%2F11c2pptlbs!19sChIJaw14AJvuBUgRYmU1FPjBaPM?authuser=0&hl=fr&rclk=1,VULPO,Entrepreneur de cloisons sèches,18 Rue du Port Guichard,07 68 34 56 99,http://vulpo.fr/,"4,9",-59
https://www.google.com/maps/place/JL+%C3%89tanch%C3%A9it%C3%A9/data=!4m7!3m6!1s0x447ac8de6cb8f83:0x444fd8305d38ce03!8m2!3d47.278293!4d-1.5922843!16s%2Fg%2F11x84vg1cb!19sChIJg4_L5o2sRwQRA844XTDYT0Q?authuser=0&hl=fr&rclk=1,JL Étanchéité,Couvreur,9 Rue de Coulomb,02 28 01 28 83,,5,-1
https://www.google.com/maps/place/Axima+-+Enveloppe+du+B%C3%A2timent+%2F+Groupe+Equans/data=!4m7!3m6!1s0x4805eb4521d3c58d:0x723e0b35d47a33c1!8m2!3d47.1696!4d-1.575464!16s%2Fg%2F11rb42t7lc!19sChIJjcXTIUXrBUgRwTN61DULPnI?authuser=0&hl=fr&rclk=1,Axima - Enveloppe du Bâtiment / Groupe Equans,Façadier,·,02 40 32 49 90,,"4,6",-5
https://www.google.com/maps/place/Isole+Et+Vous/data=!4m7!3m6!1s0x4805eeea9ebd0f1f:0xe48786fe2c5eca22!8m2!3d47.2237838!4d-1.5378004!16s%2Fg%2F1tpbbbzv!19sChIJHw-9nuruBUgRIspeLP6Gh-Q?authuser=0&hl=fr&rclk=1,Isole Et Vous,Entrepreneur spécialisé dans l'isolation,11 Rue du 3iéme Dragons,02 40 77 53 81,https://isoleetvous.com/,4,-11
https://www.google.com/maps/place/Tout+Beau+Tout+Bois/data=!4m7!3m6!1s0x684b89ebb663b289:0xf9526020ea11596e!8m2!3d47.1979381!4d-1.49697!16s%2Fg%2F11rjyrw7r6!19sChIJibJjtuuJS2gRblkR6iBgUvk?authuser=0&hl=fr&rclk=1,Tout Beau Tout Bois,Charpentier,21 Rue de la Profondine,07 65 81 03 95,https://toutbeautoutbois.fr/,5,-20
https://www.google.com/maps/place/Pro%27pose+Ossature+Bois+Et+Menuiserie/data=!4m7!3m6!1s0x4805e83d4889c9d7:0x648e3036137262cf!8m2!3d47.1311068!4d-1.5184248!16s%2Fg%2F11b6dqxlv7!19sChIJ18mJSD3oBUgRz2JyEzYwjmQ?authuser=0&hl=fr&rclk=1,Pro'pose Ossature Bois Et Menuiserie,Entreprise de construction,14 Le Taillis,06 68 72 48 29,http://propose-nantes.fr/,5,-30
https://www.google.com/maps/place/Lariviere/data=!4m7!3m6!1s0x4805ef9888a9ade3:0x68b965c79b5c1966!8m2!3d47.2509673!4d-1.4986968!16s%2Fg%2F11b6dpvs1f!19sChIJ462piJjvBUgRZhlcm8dluWg?authuser=0&hl=fr&rclk=1,Lariviere,Magasin de materiaux de construction,·,02 40 49 72 72,https://www.lariviere.fr/trouver-votre-agence/lariviere-SEB/entry-431-lariviere-nantes-cdg.html,"4,4",-16
https://www.google.com/maps/place/Zair+Mohammed/data=!4m7!3m6!1s0x4805edd95d5fe7a7:0xa063c3dd031123da!8m2!3d47.255838!4d-1.5671027!16s%2Fg%2F11btltjtl0!19sChIJp-dfXdntBUgR2iMRA93DY6A?authuser=0&hl=fr&rclk=1,Zair Mohammed,Couvreur,23 Rue Jean de la Bruyère,09 84 03 18 76,,2,-1
https://www.google.com/maps/place/PPF+Nantes/data=!4m7!3m6!1s0x4805eff499cac729:0x8dbdc813c21df783!8m2!3d47.2646432!4d-1.4838076!16s%2Fg%2F11c2lfg7cq!19sChIJKcfKmfTvBUgRg_cdwhPIvY0?authuser=0&hl=fr&rclk=1,PPF Nantes,Entrepreneur spécialisé dans l'isolation,·,02 85 52 18 38,https://ppf.fr/reseau-ppf/ppf-notre-reseau/agence-ppf-44-nantes/,"4,7",-900
https://www.google.com/maps/place/EN+TOUTE+TRANSPARENCE+-+Nettoyage+de+vitres+toitures+fa%C3%A7ades+et+terrasses+%C3%A9cologique/data=!4m7!3m6!1s0xa6150bc5505b28e7:0x864f0f3536e117f4!8m2!3d47.2163772!4d-1.5689656!16s%2Fg%2F11s5vlnb8p!19sChIJ5yhbUMULFaYR9BfhNjUPT4Y?authuser=0&hl=fr&rclk=1,EN TOUTE TRANSPARENCE - Nettoyage de vitres toitures façades et terrasses écologique,Entreprise de nettoyage de vitres,1 Rue Mondésir,02 55 99 28 28,http://www.transparence-nettoyage.fr/,5,-170
https://www.google.com/maps/place/YOU+Scop/data=!4m7!3m6!1s0x4805c36a60659a6b:0xda4052521ec6fef1!8m2!3d47.1203691!4d-1.5046603!16s%2Fg%2F1tsr2k_f!19sChIJa5plYGrDBUgR8f7GHlJSQNo?authuser=0&hl=fr&rclk=1,YOU Scop,Charpentier,13 Rue de la Communauté,02 40 26 18 52,https://you-charpentebois.fr/,"4,9",-64
https://www.google.com/maps/place/DOKARI+ENTREPRISE+%C3%89CHAFAUDAGE/data=!4m7!3m6!1s0x8afaea229f71bcb7:0x4b7d530d27bb86cb!8m2!3d47.3480106!4d-1.7860657!16s%2Fg%2F11x1r6fvxm!19sChIJt7xxnyLq-ooRy4a7Jw1TfUs?authuser=0&hl=fr&rclk=1,DOKARI ENTREPRISE ÉCHAFAUDAGE,Travaux en hauteur,·,06 63 48 67 04,,5,-49
https://www.google.com/maps/place/Jason+Toiture/data=!4m7!3m6!1s0x47e60b070af621a7:0xbd1fbfaf050f887e!8m2!3d48.834818!4d2.289572!16s%2Fg%2F11b64hn9wz!19sChIJpyH2CgcL5kcRfogPBa-_H70?authuser=0&hl=fr&rclk=1,Jason Toiture,Couvreur,19 Rue Auguste Chabrières,06 80 45 28 90,https://www.google.com/aclk?sa=L&ai=DChsSEwjFnuiai76UAxVLW0ECHXD8KNAYACICCAEQChoCd3M&co=1&ase=2&gclid=CjwKCAjwq6DQBhBVEiwA4ZD5XAG_RdlZ2fw3B5h9Ww2gbONFTKE5IvuMNWxsdEHQJpuJtbRXrWY5ZhoCcwEQAvD_BwE&cce=2&category=acrcp_v1_32&sig=AOD64_2YBNxe7YOJjiZ_fqIE6Oj7b-G8GA&adurl&q&ctype=99&nis=6,"4,1",-26
https://www.google.com/maps/place/Couvreur+Ets.+Robba/data=!4m7!3m6!1s0x47e67a73ab261bb1:0x704dcfc16732e3f7!8m2!3d48.800133!4d2.264212!16s%2Fg%2F11l2ypmx3w!19sChIJsRsmq3N65kcR9-MyZ8HPTXA?authuser=0&hl=fr&rclk=1,Couvreur Ets. Robba,Couvreur,1 bis Rue Pierre et Marie Curie,01 46 29 06 74,https://www.google.com/aclk?sa=L&ai=DChsSEwjFnuiai76UAxVLW0ECHXD8KNAYACICCAEQCxoCd3M&co=1&ase=2&gclid=CjwKCAjwq6DQBhBVEiwA4ZD5XBzsJemv3izl8-mlT8YapqLle6rUzHAnrquCQsGrh85gXSozv5FkJxoCmtIQAvD_BwE&cce=2&category=acrcp_v1_32&sig=AOD64_3JBoak1ZiCZ0qIREX_rvTbySGskg&adurl&q&ctype=99&nis=6,5,-8
https://www.google.com/maps/place/COUVREUR+92+-+IDF+Couverture+%26+Toiture/data=!4m7!3m6!1s0x47e67b7fc35e7485:0xc5650cd96c268c60!8m2!3d48.8038099!4d2.2671491!16s%2Fg%2F11n17jbby3!19sChIJhXRew3975kcRYIwmbNkMZcU?authuser=0&hl=fr&rclk=1,COUVREUR 92 - IDF Couverture & Toiture,Entrepreneur spécialisé dans l'isolation,32 Av. Victor Hugo,06 45 13 90 47,https://idf-couverture-toiture.fr/,"4,8",-215
https://www.google.com/maps/place/G.S+Nettoyage+%26+R%C3%A9novation+%E2%80%93+Couvreur+Fa%C3%A7adier+Clamart+92/data=!4m7!3m6!1s0x47e67b6b87764263:0xc90fbda10e243f6f!8m2!3d48.8001331!4d2.2642118!16s%2Fg%2F11w3ls4bb6!19sChIJY0J2h2t75kcRbz8kDqG9D8k?authuser=0&hl=fr&rclk=1,G.S Nettoyage & Rénovation – Couvreur Façadier Clamart 92,Entrepreneur spécialisé dans l'isolation,·,06 23 14 44 08,https://www.gs-nettoyage-renovation.fr/,5,-38
https://www.google.com/maps/place/Heugebaert+Mario/data=!4m7!3m6!1s0x47e67bc830fec50f:0x5f00d19e5548ac82!8m2!3d48.8001331!4d2.2642118!16s%2Fg%2F11tc8y7fv0!19sChIJD8X-MMh75kcRgqxIVZ7RAF8?authuser=0&hl=fr&rclk=1,Heugebaert Mario,Entrepreneur spécialisé dans l'isolation,1bis Rue Pierre et Marie Curie,06 24 66 02 85,https://www.couvreur-heugebaert.fr/,"4,9",-49
"https://www.google.com/maps/place/Dim,+Couverture,+les+Couvreur+de+Paris/data=!4m7!3m6!1s0x47e67d8a37f3ded5:0xe8205abab8f7e602!8m2!3d48.8001331!4d2.2642118!16s%2Fg%2F11gr0dvd_z!19sChIJ1d7zN4p95kcRAub3uLpaIOg?authuser=0&hl=fr&rclk=1","Dim, Couverture, les Couvreur de Paris",Entrepreneur spécialisé dans l'isolation,1 bis Rue Pierre et Marie Curie,01 84 80 37 96,https://lescouvreursdeparis.fr/,"4,8",-16
https://www.google.com/maps/place/Serbian+bat/data=!4m7!3m6!1s0x47e67a2b8ac23763:0xf48a8810611641e!8m2!3d48.782917!4d2.2303843!16s%2Fg%2F11hyl5s642!19sChIJYzfCiit65kcRHmQRBoGoSA8?authuser=0&hl=fr&rclk=1,Serbian bat,Entreprise de construction,2 All. Pierre Benoît,06 07 26 31 78,,"4,6",-10
https://www.google.com/maps/place/2axes/data=!4m7!3m6!1s0x47e67a685a3ea851:0x5d5a8e43931cc408!8m2!3d48.8124024!4d2.2739218!16s%2Fg%2F11b6q404zx!19sChIJUag-Wmh65kcRCMQck0OOWl0?authuser=0&hl=fr&rclk=1,2axes,Entreprise de construction,25 Rue Hébert,01 75 32 95 19,http://www.2axes.fr/,"4,5",-20
https://www.google.com/maps/place/Couvreur+%C3%A0+Clamart+:+DEMSAY+Couverture/data=!4m7!3m6!1s0x47e67b27417425c5:0x2b75a1bf48a702a3!8m2!3d48.8095224!4d2.2718374!16s%2Fg%2F11vzf9tnbt!19sChIJxSV0QSd75kcRowKnSL-hdSs?authuser=0&hl=fr&rclk=1,Couvreur à Clamart : DEMSAY Couverture,Couvreur,175 Av. Victor Hugo,06 95 17 11 04,https://couvreur-clamart-demsay.com/,"4,9",-21
https://www.google.com/maps/place/Raval+92/data=!4m7!3m6!1s0x47e67a2a471f564f:0xa5c97d186fc81093!8m2!3d48.7795946!4d2.2302705!16s%2Fg%2F11hz8qc4dj!19sChIJT1YfRyp65kcRkxDIbxh9yaU?authuser=0&hl=fr&rclk=1,Raval 92,Façadier,13 Rue Pasteur,01 46 32 52 05,,5,-3
https://www.google.com/maps/place/MJF+BATIMENT+%7C+Entreprise+g%C3%A9n%C3%A9rale+de+r%C3%A9novation+Clamart/data=!4m7!3m6!1s0x47e67a51b6055537:0x178d7f382104e08c!8m2!3d48.7796628!4d2.2254022!16s%2Fg%2F11c1ny81l0!19sChIJN1UFtlF65kcRjOAEITh_jRc?authuser=0&hl=fr&rclk=1,MJF BATIMENT | Entreprise générale de rénovation Clamart,Entreprise de construction,49 Av. du Petit Clamart,01 45 07 28 55,https://www.mjfbatiment.com/,"4,6",-37
https://www.google.com/maps/place/Delgado+Couverture/data=!4m7!3m6!1s0x47e66491768432d1:0xd522190f9afa48a1!8m2!3d48.8007126!4d2.2661565!16s%2Fg%2F11g6p8d3g0!19sChIJ0TKEdpFk5kcRoUj6mg8ZItU?authuser=0&hl=fr&rclk=1,Delgado Couverture,Couvreur,23 Rue Chef de ville,07 82 10 53 32,http://delgado-couvertures.fr/,"4,9",-34
https://www.google.com/maps/place/Cimpanu+Bardage/data=!4m7!3m6!1s0x47e67be89e09fa31:0xd6f2619042d4b41f!8m2!3d48.7811607!4d2.2146279!16s%2Fg%2F11wn5p5rv9!19sChIJMfoJnuh75kcRH7TUQpBh8tY?authuser=0&hl=fr&rclk=1,Cimpanu Bardage,Travaux généraux,8 Rue des Frères Caudron,06 05 75 82 51,https://cimpanubardage.fr/,5,-7
https://www.google.com/maps/place/Coulon+-+SA/data=!4m7!3m6!1s0x47e6716b05053237:0x4219ba14fefb48c0!8m2!3d48.8186777!4d2.29003!16s%2Fg%2F11h8dqjhkl!19sChIJNzIFBWtx5kcRwEj7_hS6GUI?authuser=0&hl=fr&rclk=1,Coulon - SA,Entrepreneur spécialisé dans l'isolation,15 Rue René Coche,01 41 90 26 90,http://www.coulon-sa.fr/,"3,9",-65
https://www.google.com/maps/place/Blondel+Couverture+-+Couvreur+Zingueur/data=!4m7!3m6!1s0x47e67befa40c5d81:0xea77747e366ea355!8m2!3d48.7811607!4d2.2146279!16s%2Fg%2F11qr692zv4!19sChIJgV0MpO975kcRVaNuNn50d-o?authuser=0&hl=fr&rclk=1,Blondel Couverture - Couvreur Zingueur,Couvreur,8 Rue des Frères Caudron,06 25 82 54 09,http://www.couverture-blondel.fr/,5,-110
https://www.google.com/maps/place/PLOMB+ART+CLAM+ART/data=!4m7!3m6!1s0x47e67a1420834e7b:0xa789120a71db57ed!8m2!3d48.7925704!4d2.2533072!16s%2Fg%2F1tjrp8z3!19sChIJe06DIBR65kcR7VfbcQoSiac?authuser=0&hl=fr&rclk=1,PLOMB ART CLAM ART,Plombier,8 Rue des Aubépines,06 60 91 85 12,http://www.plombart-clamart.fr/,"4,8",-180
https://www.google.com/maps/place/Cauvin+SARL/data=!4m7!3m6!1s0x47e6770f47037ddd:0x400ab6e22573adfe!8m2!3d48.7423498!4d2.3000623!16s%2Fg%2F11hcfng0qz!19sChIJ3X0DRw935kcR_q1zJeK2CkA?authuser=0&hl=fr&rclk=1,Cauvin SARL,Entrepreneur,44 Rue des Mûres,06 62 34 31 54,http://www.cauvin92.com/,"4,3",-17
https://www.google.com/maps/place/Jeannin/data=!4m7!3m6!1s0x47e67b085a63644d:0x5c5eef9094da516c!8m2!3d48.8236291!4d2.2686468!16s%2Fg%2F11qsqgh3dk!19sChIJTWRjWgh75kcRbFHalJDvXlw?authuser=0&hl=fr&rclk=1,Jeannin,Entreprise de construction,52 Rue Hoche,01 46 42 21 27,,"4,7",-9
https://www.google.com/maps/place/Entreprise+Brython+Maolet/data=!4m7!3m6!1s0x86e0742ed27d861b:0xa9ee61320d30f5fe!8m2!3d48.7957486!4d2.2518061!16s%2Fg%2F11yzqtdhyr!19sChIJG4Z90i504IYR_vUwDTJh7qk?authuser=0&hl=fr&rclk=1,Entreprise Brython Maolet,Couvreur,·,06 60 71 20 16,https://couvreur-clamart.fr/,,
https://www.google.com/maps/place/ARTISTORE+SARL/data=!4m7!3m6!1s0x47e67bba4b06cce3:0x3adb9ad0639211d3!8m2!3d48.7868443!4d2.245848!16s%2Fg%2F11hythx04g!19sChIJ48wGS7p75kcR0xGSY9Ca2zo?authuser=0&hl=fr&rclk=1,ARTISTORE SARL,Fournisseur de fenêtres,183 Rue de la Prte de Trivaux,01 46 30 87 64,https://www.volet-artistore.fr/,"3,8",-70
https://www.google.com/maps/place/Jason+Toiture/data=!4m7!3m6!1s0x47e60b070af621a7:0xbd1fbfaf050f887e!8m2!3d48.834818!4d2.289572!16s%2Fg%2F11b64hn9wz!19sChIJpyH2CgcL5kcRfogPBa-_H70?authuser=0&hl=fr&rclk=1,Jason Toiture,Couvreur,19 Rue Auguste Chabrières,06 80 45 28 90,https://www.google.com/aclk?sa=L&ai=DChsSEwiDh8Ohi76UAxW_kmgJHU3cBOsYACICCAEQCRoCd2Y&co=1&ase=2&gclid=CjwKCAjwq6DQBhBVEiwA4ZD5XGDXp1Fhu4D8xxS192M1ZdahrKQap2azd2xFxCKsIhhM-GNCLlpxjRoCz0EQAvD_BwE&cce=2&category=acrcp_v1_32&sig=AOD64_1H3l0QYjCshN-6Os1-KFAxPNhrgA&adurl&q&ctype=99&nis=6,"4,1",-26
https://www.google.com/maps/place/Couvreur+Ets.+Robba/data=!4m7!3m6!1s0x47e67a73ab261bb1:0x704dcfc16732e3f7!8m2!3d48.800133!4d2.264212!16s%2Fg%2F11l2ypmx3w!19sChIJsRsmq3N65kcR9-MyZ8HPTXA?authuser=0&hl=fr&rclk=1,Couvreur Ets. Robba,Couvreur,1 bis Rue Pierre et Marie Curie,01 46 29 06 74,https://www.google.com/aclk?sa=L&ai=DChsSEwiDh8Ohi76UAxW_kmgJHU3cBOsYACICCAEQCBoCd2Y&co=1&ase=2&gclid=CjwKCAjwq6DQBhBVEiwA4ZD5XGYX0_3fHSUE5A3n9W9lr4hQKob7lSCF04YCfQqJQQj3dAcXsl3j-xoCJi4QAvD_BwE&cce=2&category=acrcp_v1_32&sig=AOD64_1GgR2FFxa7-fQ7TzEC6ij2hVX0Bg&adurl&q&ctype=99&nis=6,5,-8
https://www.google.com/maps/place/Raval+D%C3%A9co/data=!4m7!3m6!1s0x47e67a74acc7c547:0xdc19bcf74ad32ea7!8m2!3d48.7884585!4d2.2647!16s%2Fg%2F1wrgjgzd!19sChIJR8XHrHR65kcRpy7TSve8Gdw?authuser=0&hl=fr&rclk=1,Raval Déco,Façadier,"Le, 77 Bd du Moulin de la Tour",06 80 17 47 89,https://ravaldeco.fr/?utm_source=gmb,"4,9",-54
https://www.google.com/maps/place/Ecoroyale+Edese+Jean/data=!4m7!3m6!1s0x6b0d759afdaab153:0xffd14a18d4691865!8m2!3d30.6959409!4d-49.8171262!16s%2Fg%2F11lds680bg!19sChIJU7Gq_Zp1DWsRZRhp1BhK0f8?authuser=0&hl=fr&rclk=1,Ecoroyale Edese Jean,Charpentier,·,06 59 80 55 40,https://www.ecoroyale.fr/,"4,9",-14
https://www.google.com/maps/place/Top+Isolation+-+Entreprise+d%27Isolation+Ext%C3%A9rieure/data=!4m7!3m6!1s0x47e677ea8a03a4bf:0x81f5ff4347e10bab!8m2!3d48.7313126!4d2.3066849!16s%2Fg%2F11wj9g8z61!19sChIJv6QDiup35kcRqwvhR0P_9YE?authuser=0&hl=fr&rclk=1,Top Isolation - Entreprise d'Isolation Extérieure,Entrepreneur spécialisé dans l'isolation,14 Av. Sommer,09 72 17 70 40,https://isolation-exterieure-facade.com/?utm_source=google&utm_medium=organic&utm_campaign=gmb-listing,"4,5",-4
https://www.google.com/maps/place/Ravalement+92+-+Entreprise+HKF/data=!4m7!3m6!1s0x47e67b32bff3ee87:0x9c1026a107265422!8m2!3d48.8574933!4d2.2196983!16s%2Fg%2F11g_qpx5yj!19sChIJh-7zvzJ75kcRIlQmB6EmEJw?authuser=0&hl=fr&rclk=1,Ravalement 92 - Entreprise HKF,Peintre en bâtiment,"Centre d’Affaires du Val d’Or, 8 Av. Duval le Camus",06 23 55 74 32,http://www.ravalement-92.fr/,"4,6",-13
https://www.google.com/maps/place/LOUVRIER/data=!4m7!3m6!1s0x47e67f849647a111:0xf13c713f91488098!8m2!3d48.7618215!4d2.1227614!16s%2Fg%2F11wqz6h_6_!19sChIJEaFHloR_5kcRmIBIkT9xPPE?authuser=0&hl=fr&rclk=1,LOUVRIER,Entrepreneur spécialisé dans l'isolation,655 Av. Roland Garros,01 84 73 02 91,https://www.louvrier.pro/,5,-28
https://www.google.com/maps/place/Avenir+R%C3%A9novations+-+Narbonne/data=!4m7!3m6!1s0x12b053ae6b0dd1dd:0x7fb92e2dcb1d23a9!8m2!3d43.135493!4d2.961567!16s%2Fg%2F11tp9vryz0!19sChIJ3dENa65TsBIRqSMdyy0uuX8?authuser=0&hl=fr&rclk=1,Avenir Rénovations - Narbonne,Travaux généraux,24 Rue de la Comète,04 81 68 97 63,https://www.google.com/aclk?sa=L&ai=DChsSEwjD7qbDi76UAxXrbEECHSxZDn4YACICCAEQARoCd3M&co=1&ase=2&gclid=CjwKCAjwq6DQBhBVEiwA4ZD5XHaZPYNsFJvXuqqvKaaEP8uoTlzvdcMC_tRl4yyf0rzZ1SP5UFgLCxoCTOcQAvD_BwE&cce=2&category=acrcp_v1_32&sig=AOD64_1eDDXDl61-gkFcYUQuTafLHRR2oA&adurl&q&ctype=99&nis=6,"4,9",-29
https://www.google.com/maps/place/illiCO+travaux+Narbonne/data=!4m7!3m6!1s0x12b10169c7ac1449:0xc3f05d84e0ae3a65!8m2!3d43.178721!4d2.995686!16s%2Fg%2F11lllwr3lb!19sChIJSRSsx2kBsRIRZTqu4IRd8MM?authuser=0&hl=fr&rclk=1,illiCO travaux Narbonne,Travaux généraux,73 Avenue Général Leclerc,07 63 75 23 93,https://www.google.com/aclk?sa=L&ai=DChsSEwjD7qbDi76UAxXrbEECHSxZDn4YACICCAEQBBoCd3M&co=1&ase=2&gclid=CjwKCAjwq6DQBhBVEiwA4ZD5XDeGL5ZsXPoHdxP_AJkwnbPhnRbdqRSniGueESJB8Wgiv9IXetgUghoCwscQAvD_BwE&cce=2&category=acrcp_v1_32&sig=AOD64_0AATa3RWKlz9cgXgeZiGw4dNHgVQ&adurl&q&ctype=99&nis=6,"4,8",-80
https://www.google.com/maps/place/One+Toiture/data=!4m7!3m6!1s0x12b1adb99478b6d3:0xdfe351e86296c1a2!8m2!3d43.196629!4d3.01033!16s%2Fg%2F11y98j5r3j!19sChIJ07Z4lLmtsRIRosGWYuhR498?authuser=0&hl=fr&rclk=1,One Toiture,Couvreur,8 All. Céphée,07 56 81 06 07,https://onetoiture.fr/,"4,9",-72
https://www.google.com/maps/place/TOITURE+RICHARD+-+Couvreur+Narbonne+%7C+R%C3%A9paration+%C3%A9tanch%C3%A9it%C3%A9+Nettoyage+Toiture+Couverture+Goutti%C3%A8res+Aude+11+Gruissan+Fleury/data=!4m7!3m6!1s0x12b1ad81830dbcc1:0xbdb3c2cb4be5b7c3!8m2!3d43.1865944!4d2.9749715!16s%2Fg%2F11r3z5zqlw!19sChIJwbwNg4GtsRIRw7flS8vCs70?authuser=0&hl=fr&rclk=1,TOITURE RICHARD - Couvreur Narbonne | Réparation étanchéité Nettoyage Toiture Couverture Gouttières Aude 11 Gruissan Fleury,Couvreur,38 Rue du Trapel,06 42 01 35 44,https://toiturerichard11100.wixsite.com/couvreur11100,"4,9",-190
https://www.google.com/maps/place/Narbonne+Bois+Malin/data=!4m7!3m6!1s0x12b1af3069e7aad7:0x3f27c0b2dbe7d6e1!8m2!3d43.2173526!4d2.9968976!16s%2Fg%2F11ybpg1hmk!19sChIJ16rnaTCvsRIR4dbn27LAJz8?authuser=0&hl=fr&rclk=1,Narbonne Bois Malin,Fournisseur de bois,Dom. de Bougna,07 45 80 25 01,http://narbonneboismalin.fr/,5,-9
https://www.google.com/maps/place/AB%26C+Cr%C3%A9alux+SARL/data=!4m7!3m6!1s0x12b1ac658946cc4f:0x957ed14b3e475336!8m2!3d43.1735157!4d2.9741378!16s%2Fg%2F1vvmm33k!19sChIJT8xGiWWssRIRNlNHPkvRfpU?authuser=0&hl=fr&rclk=1,AB&C Créalux SARL,Constructeur de maisons en bois,"Roc Nord Ouest, chemin Pech de l'Agnelle, 985 Al Peyrou Haut",04 68 40 20 19,https://abccrealux.com/,"4,7",-71
https://www.google.com/maps/place/Couvreur+Narbonne/data=!4m7!3m6!1s0x12b1ad01dfd66add:0x96d48f29477f4c0d!8m2!3d43.1972948!4d2.9724391!16s%2Fg%2F11w1lrd00q!19sChIJ3WrW3wGtsRIRDUx_RymP1JY?authuser=0&hl=fr&rclk=1,Couvreur Narbonne,Entreprise d'étanchéité,169 Av. Saint Augustin,06 70 74 04 12,https://www.fabc.fr/,5,-2
https://www.google.com/maps/place/Entreprise+Creasud+Etanch%C3%A9it%C3%A9+%26+Piscine/data=!4m7!3m6!1s0x12b053302ed1dff7:0xb4d1f7d101e195e3!8m2!3d43.1350004!4d2.9587065!16s%2Fg%2F11h1m56wnf!19sChIJ99_RLjBTsBIR45XhAdH30bQ?authuser=0&hl=fr&rclk=1,Entreprise Creasud Etanchéité & Piscine,Société de construction de piscine,2 Imp. du Chabali,07 66 49 18 79,https://creasud-etancheite-piscine.fr/?utm_source=gmb,5,-9
https://www.google.com/maps/place/ETS+BOUZAT+Aude/data=!4m7!3m6!1s0x12b1ca6aa1b6610d:0x2bf7125537d4f65!8m2!3d43.1528675!4d2.9738454!16s%2Fg%2F1tggkv04!19sChIJDWG2oWrKsRIRZU99UyVxvwI?authuser=0&hl=fr&rclk=1,ETS BOUZAT Aude,Service d'extermination des nuisibles,85 Rue Antoine Becquerel,04 68 27 57 96,http://www.couverture-isolation-herault.fr/?utm_source=gmb,"4,4",-14
https://www.google.com/maps/place/ENDUIT+FACADE+NARBONNAIS/data=!4m7!3m6!1s0x12b1a96d74c997fb:0xbe1c4748121a67f1!8m2!3d43.2289035!4d3.0464345!16s%2Fg%2F11b7k0v6l7!19sChIJ-5fJdG2psRIR8WcaEkhHHL4?authuser=0&hl=fr&rclk=1,ENDUIT FACADE NARBONNAIS,Entrepreneur spécialisé dans l'isolation,·,06 15 18 62 05,http://www.enduitfacadenarbonnais.com/,"4,9",-14
https://www.google.com/maps/place/Courcieres+Sarl/data=!4m7!3m6!1s0x12b1acf4010878bb:0xc80f911c6fc30241!8m2!3d43.1697784!4d2.9927223!16s%2Fg%2F11j2yq6lkt!19sChIJu3gIAfSssRIRQQLDbxyRD8g?authuser=0&hl=fr&rclk=1,Courcieres Sarl,Entrepreneur,42 Chem. de Saint-Crescent,,https://www.courcieres.eu/,"4,3",-12
https://www.google.com/maps/place/ATTILA+Narbonne/data=!4m7!3m6!1s0x12b1aba9fad753b5:0x9cc0d56e99009496!8m2!3d43.1942722!4d3.0711764!16s%2Fg%2F11sclcwrws!19sChIJtVPX-qmrsRIRlpQAmW7VwJw?authuser=0&hl=fr&rclk=1,ATTILA Narbonne,Couvreur,"ZA la Peyrelade, 12 rue des 3 moulins",04 68 40 66 47,https://www.attila.fr/nos-agences/attila-narbonne?utm_source=Google&utm_medium=MyBusiness,,
https://www.google.com/maps/place/Fabrice+Constancio/data=!4m7!3m6!1s0x12b1adc9e5e51853:0x3348f8ed3dcb2d55!8m2!3d43.3108271!4d2.9414886!16s%2Fg%2F1tfdhr4x!19sChIJUxjl5cmtsRIRVS3LPe34SDM?authuser=0&hl=fr&rclk=1,Fabrice Constancio,Couvreur,·,06 70 74 04 12,http://www.fabc.fr/,5,-34
https://www.google.com/maps/place/Atout+Piscine+Narbonne/data=!4m7!3m6!1s0x12b1ace09aca844b:0xccdd65a458d0ffed!8m2!3d43.1580194!4d2.9769939!16s%2Fg%2F1pxqbjjqp!19sChIJS4TKmuCssRIR7f_QWKRl3cw?authuser=0&hl=fr&rclk=1,Atout Piscine Narbonne,Société de construction de piscine,·,04 68 93 73 36,https://atout-piscine.fr/,"4,5",-120
https://www.google.com/maps/place/Soleil+habitat/data=!4m7!3m6!1s0x12b1b3ee3e3d28b7:0x5e4f8a1c45a6c16e!8m2!3d43.181838!4d2.928298!16s%2Fg%2F11s45cbtqt!19sChIJtyg9Pu6zsRIRbsGmRRyKT14?authuser=0&hl=fr&rclk=1,Soleil habitat,Travaux généraux,Av. du Col de Chevre,06 69 08 97 46,,"3,5",-14
https://www.google.com/maps/place/Soci%C3%A9t%C3%A9+Languedocienne+M%C3%A9tallique/data=!4m7!3m6!1s0x12b1060a101e1959:0x13cef22a00e21c11!8m2!3d43.2942058!4d3.2216938!16s%2Fg%2F1tg96y3f!19sChIJWRkeEAoGsRIRERziACryzhM?authuser=0&hl=fr&rclk=1,Société Languedocienne Métallique,Entreprise de construction métallique,·,04 67 37 29 42,https://www.languedocienne-de-montage.fr/,"4,2",-6
https://www.google.com/maps/place/Monsieur+Store+-+Fen%C3%AAtres+-+Volets+-+Portails+-+Narbonne+-+Courci%C3%A8res/data=!4m7!3m6!1s0x12b1acf38665f619:0x61864136b2b06007!8m2!3d43.169762!4d2.9928932!16s%2Fg%2F1v1m91np!19sChIJGfZlhvOssRIRB2CwsjZBhmE?authuser=0&hl=fr&rclk=1,Monsieur Store - Fenêtres - Volets - Portails - Narbonne - Courcières,Magasin de stores et de rideaux,·,04 68 41 75 50,https://monsieurstore.com/magasin/narbonne-11100/?utm_source=google&utm_medium=organic&utm_campaign=gmb-listing,"4,6",-68
https://www.google.com/maps/place/Couvreur+11+-+Reparation+toiture+-+Nettoyage+toiture+11+Aude/data=!4m7!3m6!1s0x4dd01e2915294d31:0x79a7ce846e3e51ab!8m2!3d43.0544777!4d2.4642966!16s%2Fg%2F11xzf1l9lb!19sChIJMU0pFSke0E0Rq1E-boTOp3k?authuser=0&hl=fr&rclk=1,Couvreur 11 - Reparation toiture - Nettoyage toiture 11 Aude,Couvreur,·,06 21 81 16 63,https://couvreur-11-aude.com/,5,-34
https://www.google.com/maps/place/Dressing+%26+Placard/data=!4m7!3m6!1s0x12b1ad3f69870af1:0x4d7ca2ae52684eba!8m2!3d43.1881811!4d2.9879277!16s%2Fg%2F11krh2v4ws!19sChIJ8QqHaT-tsRIRuk5oUq6ifE0?authuser=0&hl=fr&rclk=1,Dressing & Placard,Fabricant de meubles,·,06 77 12 08 29,https://dressingetplacard.fr/,5,-43
https://www.google.com/maps/place/La+Boutique+du+Menuisier+Maurel+Diffusion/data=!4m7!3m6!1s0x12ade89b6b296923:0x370e41339fb4fee7!8m2!3d43.928529!4d2.197157!16s%2Fg%2F1vc3kct3!19sChIJI2kpa5vorRIR5_60nzNBDjc?authuser=0&hl=fr&rclk=1,La Boutique du Menuisier Maurel Diffusion,Atelier de menuiserie,191 Route de Millau,05 63 46 00 10,https://www.google.com/aclk?sa=L&ai=DChsSEwiBusrei76UAxXSOwYAHWjAMbUYACICCAEQARoCd3M&co=1&ase=2&gclid=CjwKCAjwq6DQBhBVEiwA4ZD5XBOWYV7RbKvVy0bFYuEFuEme2h9aCEurQEThZ5qmys7ko_JTAE6gLBoCyucQAvD_BwE&cce=2&category=acrcp_v1_32&sig=AOD64_13Z486ZVwE5r7NG6OiCO3KLlQ_7Q&adurl&q&ctype=99&nis=6,"4,5",-80
"https://www.google.com/maps/place/Komilfo+R%C3%A9gnier+Fermetures+ALBI+CASTRES+-+Pergolas,+Stores,+Fen%C3%AAtres,+Menuiseries/data=!4m7!3m6!1s0x12ae0a55983789c1:0x7882676ee1f5f554!8m2!3d43.736334!4d2.185596!16s%2Fg%2F11b6dp3mvn!19sChIJwYk3mFUKrhIRVPX14W5ngng?authuser=0&hl=fr&rclk=1","Komilfo Régnier Fermetures ALBI CASTRES - Pergolas, Stores, Fenêtres, Menuiseries",Menuisier,za la marche,05 63 71 49 80,https://www.google.com/aclk?sa=L&ai=DChsSEwiBusrei76UAxXSOwYAHWjAMbUYACICCAEQAhoCd3M&co=1&ase=2&gclid=CjwKCAjwq6DQBhBVEiwA4ZD5XMp4P-q1DhZhdVATv2suroyUuJ0L-UCg0wl0AWslCYIkRbmvJ72_pBoCYOAQAvD_BwE&cce=2&category=acrcp_v1_32&sig=AOD64_3mWlrMpZFHKVJS7juD-NMcMgRjtA&adurl&q&ctype=99&nis=6,"4,6",-96
https://www.google.com/maps/place/Albi+Profils+SAS/data=!4m7!3m6!1s0x12ade87e66b0de39:0xc097ffd482b08afc!8m2!3d43.9270162!4d2.1823326!16s%2Fg%2F1tdj7h8t!19sChIJOd6wZn7orRIR_IqwgtT_l8A?authuser=0&hl=fr&rclk=1,Albi Profils SAS,Atelier de métallerie,·,05 63 47 66 60,https://www.albi-profils.fr/,"4,5",-21
https://www.google.com/maps/place/COLOMB+TOITURE/data=!4m7!3m6!1s0x12ade99cfdebdabd:0x7b7fb1706508e227!8m2!3d43.9288329!4d2.2007088!16s%2Fg%2F11h37sxhms!19sChIJvdrr_ZzprRIRJ-IIZXCxf3s?authuser=0&hl=fr&rclk=1,COLOMB TOITURE,Couvreur,22 Rue François Arago,05 81 63 09 04,http://www.colomb-toiture.fr/?utm_medium=referral&utm_source=gmb&utm_campaign=lnk-gmb,5,-22
https://www.google.com/maps/place/Horn+Cap+Couverture/data=!4m7!3m6!1s0x68787c0ad30a56d:0x1a80ca2a7fec8b4e!8m2!3d43.958084!4d2.1977503!16s%2Fg%2F11wvdjb5lk!19sChIJbaUwrcCHhwYRTovsfyrKgBo?authuser=0&hl=fr&rclk=1,Horn Cap Couverture,Couvreur,12 Chem. de Riols,06 79 10 97 18,https://couvreur-albi-horncapcouverture.com/,5,-110
https://www.google.com/maps/place/RYBICKI+CONSTRUCTIONS/data=!4m7!3m6!1s0x12ade9613efaba31:0x7c69834b223b846b!8m2!3d43.9261318!4d2.1901005!16s%2Fg%2F11fj8jvzc5!19sChIJMbr6PmHprRIRa4Q7IkuDaXw?authuser=0&hl=fr&rclk=1,RYBICKI CONSTRUCTIONS,Façadier,·,05 63 78 91 51,https://www.facebook.com/rybickiconstructions/,"4,4",-14
https://www.google.com/maps/place/Escaffre+Production+Bois/data=!4m7!3m6!1s0x12addcb0fd5af423:0x71bbdb65455e0d08!8m2!3d43.917301!4d2.080463!16s%2Fg%2F1tjbv6nv!19sChIJI_Ra_bDcrRIRCA1eRWXbu3E?authuser=0&hl=fr&rclk=1,Escaffre Production Bois,Négociant en bois,·,05 63 38 85 85,http://www.escaffrebois.fr/,"4,6",-77
"https://www.google.com/maps/place/ICZ+Couvreur-Zingueur+Carmaux+81400,+Albi+81000,+Saint+juery+81160,+Marssac-sur-Tarn+81150/data=!4m7!3m6!1s0x2357b547364dce89:0x61965616da333be!8m2!3d44.0466112!4d2.1104551!16s%2Fg%2F11sw0vdp5q!19sChIJic5NNke1VyMRvjOjbWFlGQY?authuser=0&hl=fr&rclk=1","ICZ Couvreur-Zingueur Carmaux 81400, Albi 81000, Saint juery 81160, Marssac-sur-Tarn 81150",Couvreur,·,06 31 75 02 19,https://iczcouvreurzingueur.wixsite.com/icz-artisan-couvreur,5,-31
https://www.google.com/maps/place/Blatg%C3%A9+Ets+Sarl/data=!4m7!3m6!1s0x12ade82f8d258ba9:0xcea3cd09b8265bb3!8m2!3d43.9513683!4d2.1534454!16s%2Fg%2F1ttxdzjc!19sChIJqYsljS_orRIRs1smuAnNo84?authuser=0&hl=fr&rclk=1,Blatgé Ets Sarl,Charpentier,11 Bis Rte de la Dreche,05 63 60 96 36,https://www.charpente-etablissement-blatge.fr/,4,-4
https://www.google.com/maps/place/Albi+Charpente+Couverture/data=!4m7!3m6!1s0x12adc20a87020913:0xa7d6041ec187059a!8m2!3d43.9829889!4d2.1443148!16s%2Fg%2F1wb441_w!19sChIJEwkChwrCrRIRmgWHwR4E1qc?authuser=0&hl=fr&rclk=1,Albi Charpente Couverture,Couvreur,71 Av. Jean Jaurès,05 63 53 91 82,https://www.albi-charpente-couverture.fr/,5,-2
https://www.google.com/maps/place/Art+et+Toitures/data=!4m7!3m6!1s0x12ade78a67e839d9:0xe7ed493e329646f3!8m2!3d43.9014299!4d2.1460867!16s%2Fg%2F11b6wl1fkr!19sChIJ2TnoZ4rnrRIR80aWMj5J7ec?authuser=0&hl=fr&rclk=1,Art et Toitures,Couvreur,155 Rte de Castres,09 86 20 04 28,https://www.art-et-toitures.fr/,"4,9",-44
https://www.google.com/maps/place/B%26R+Design-deco-platre/data=!4m7!3m6!1s0x12ade88b1684b267:0x735ddb1fed85d1d2!8m2!3d43.9405046!4d2.1876115!16s%2Fg%2F11b6dcsrht!19sChIJZ7KEFovorRIR0tGF7R_bXXM?authuser=0&hl=fr&rclk=1,B&R Design-deco-platre,Plâtrier.ère,14 Rue des Pasteliers,06 46 23 64 87,,5,-2
https://www.google.com/maps/place/Cardona+Yann/data=!4m7!3m6!1s0x12ade7c028480657:0x72336aeb8424573a!8m2!3d43.9497741!4d2.1291178!16s%2Fg%2F12hnqnfw9!19sChIJVwZIKMDnrRIROlckhOtqM3I?authuser=0&hl=fr&rclk=1,Cardona Yann,Plâtrier.ère,94 Rte de Cordes,06 75 95 82 72,http://www.yann-cardona.com/fr/accueil.html,"4,8",-37
https://www.google.com/maps/place/SARL+Soci%C3%A9t%C3%A9+Charpentes+Menuiserie+Bibanow+Lautier/data=!4m7!3m6!1s0x12addba8e19a77ad:0xb5fb6269a34be184!8m2!3d43.8841075!4d2.034463!16s%2Fg%2F1tv6s_jp!19sChIJrXea4ajbrRIRhOFLo2li-7U?authuser=0&hl=fr&rclk=1,SARL Société Charpentes Menuiserie Bibanow Lautier,Charpentier,42 Chem. de l'Espital,06 77 94 16 97,http://bibanow-lautier.fr/,5,-14
https://www.google.com/maps/place/ASP81/data=!4m7!3m6!1s0x12ade968c151bfbf:0xe47d2d87910cadb4!8m2!3d43.9511389!4d2.2088422!16s%2Fg%2F11s64d4qv6!19sChIJv79RwWjprRIRtK0MkYctfeQ?authuser=0&hl=fr&rclk=1,ASP81,Charpentier,9109 Rue du Saut du Sabo,,https://cms.jimdo.com/cms/,,
https://www.google.com/maps/place/BARDE+Profils/data=!4m7!3m6!1s0x12addf9ac5177a7b:0x70ec6ad116ca8780!8m2!3d43.763565!4d2.025002!16s%2Fg%2F11c6c9xmrc!19sChIJe3oXxZrfrRIRgIfKFtFq7HA?authuser=0&hl=fr&rclk=1,BARDE Profils,Fabricant,·,05 63 42 03 43,https://bardeprofils.fr/,"2,9",-32
https://www.google.com/maps/place/Les+Toits+De+Cocagne/data=!4m7!3m6!1s0x12ae81fe960f9e9f:0x6c80f79925e606cd!8m2!3d43.8568634!4d1.8853094!16s%2Fg%2F11hzwcqh8z!19sChIJn54Plv6BrhIRzQbmJZn3gGw?authuser=0&hl=fr&rclk=1,Les Toits De Cocagne,Charpentier,2 Chem. de Bellevue,05 63 60 75 11,http://lestoitsdecocagne.fr/?utm_source=gmb,"4,9",-46
https://www.google.com/maps/place/Nadalin+Batitarn+EURL/data=!4m7!3m6!1s0x12ade80209027dd5:0x9a5e2ce254b76c1e!8m2!3d43.9470269!4d2.1626973!16s%2Fg%2F1pyd2mqcn!19sChIJ1X0CCQLorRIRHmy3VOIsXpo?authuser=0&hl=fr&rclk=1,Nadalin Batitarn EURL,Maçon,·,05 63 45 12 70,,"3,7",-12
https://www.google.com/maps/place/BLICK+FRERES+81/data=!4m7!3m6!1s0x12add2598ece4d69:0x27a2d94da9cccd81!8m2!3d43.9011548!4d1.870799!16s%2Fg%2F11b6dpfp2v!19sChIJaU3OjlnSrRIRgc3MqU3Zoic?authuser=0&hl=fr&rclk=1,BLICK FRERES 81,Entrepreneur spécialisé dans l'isolation,44 Av. de l'Europe,09 70 75 65 00,https://blick-freres.com/,4,-25
https://www.google.com/maps/place/SARL+MARIN+FRANCOIS+TOITURES/data=!4m7!3m6!1s0x12add11eb56132d5:0xf88f2a7b9925498e!8m2!3d43.8521934!4d1.9519928!16s%2Fg%2F11fm341dtn!19sChIJ1TJhtR7RrRIRjkklmXsqj_g?authuser=0&hl=fr&rclk=1,SARL MARIN FRANCOIS TOITURES,Artisanat,26 CHEMIN DE LIZES DE,06 88 08 96 88,http://www.toituremarin.fr/,5,-16
https://www.google.com/maps/place/Quarin+Fernand%C3%A8s-Jos%C3%A9/data=!4m7!3m6!1s0x12ade96c81f85b55:0x4406a939d337098!8m2!3d43.9383211!4d2.204542!16s%2Fg%2F11fmqb3fcb!19sChIJVVv4gWzprRIRmHAznZNqQAQ?authuser=0&hl=fr&rclk=1,Quarin Fernandès-José,Maçon,19 Rue de Quarin,05 63 45 47 20,http://www.sarl-quarin-maconnerie.fr/,,
https://www.google.com/maps/place/Ateliers+De+Sablage/data=!4m7!3m6!1s0x12ade951e10a12db:0x4e4a6a376731c76e!8m2!3d43.9342441!4d2.205586!16s%2Fg%2F11fjvwbnmw!19sChIJ2xIK4VHprRIRbscxZzdqSk4?authuser=0&hl=fr&rclk=1,Ateliers De Sablage,Entrepreneur,·,06 27 27 77 89,https://www.hydropro81.fr/,"4,8",-6
"https://www.google.com/maps/place/Komilfo+R%C3%A9gnier+Fermetures+ALBI+CASTRES+-+Pergolas,+Stores,+Fen%C3%AAtres,+Menuiseries/data=!4m7!3m6!1s0x12ae0a55983789c1:0x7882676ee1f5f554!8m2!3d43.736334!4d2.185596!16s%2Fg%2F11b6dp3mvn!19sChIJwYk3mFUKrhIRVPX14W5ngng?authuser=0&hl=fr&rclk=1","Komilfo Régnier Fermetures ALBI CASTRES - Pergolas, Stores, Fenêtres, Menuiseries",Menuisier,za la marche,05 63 71 49 80,https://www.google.com/aclk?sa=L&ai=DChsSEwiu8Yrli76UAxUvbEECHUIuNZsYACICCAEQABoCd3M&co=1&ase=2&gclid=CjwKCAjwq6DQBhBVEiwA4ZD5XBLvRbvT_5iYobFwxbWRMc9DOLcMbKUz1cTORPfZPEA7RiGhsTiIURoCeXoQAvD_BwE&cce=2&category=acrcp_v1_32&sig=AOD64_1jwOb9PmKNwW9g7no9U5M9_mFEKQ&adurl&q&ctype=99&nis=6,"4,6",-96
https://www.google.com/maps/place/BMC+81+GALY/data=!4m7!3m6!1s0x12ae762e9d89e67d:0x76bda2bf0a3a0636!8m2!3d43.6743533!4d2.2272119!16s%2Fg%2F11bccd5jt7!19sChIJfeaJnS52rhIRNgY6Cr-ivXY?authuser=0&hl=fr&rclk=1,BMC 81 GALY,Entreprise de construction métallique,·,05 63 79 22 20,https://www.bm81-construction.com/,"4,7",-12
https://www.google.com/maps/place/Bois+Occitans/data=!4m7!3m6!1s0x12add3c8f94d4dbd:0x29307aad0b7926e7!8m2!3d43.9145912!4d1.9070616!16s%2Fg%2F11lzk00rc7!19sChIJvU1N-cjTrRIR5yZ5C616MCk?authuser=0&hl=fr&rclk=1,Bois Occitans,Fournisseur de bois,12 Rue Jean Rostand,07 45 80 25 23,https://www.bois-occitans.fr/,3,-2
https://www.google.com/maps/place/T.A+Charpente+Et+Fils/data=!4m7!3m6!1s0x12add71cbc053291:0x74754a6e85320399!8m2!3d43.8228019!4d1.9541618!16s%2Fg%2F1tsgyw_z!19sChIJkTIFvBzXrRIRmQMyhW5KdXQ?authuser=0&hl=fr&rclk=1,T.A Charpente Et Fils,Charpentier,"619 RD 964, Les Barthes",05 63 81 50 44,http://www.ta-charpente.fr/,5,-4
https://www.google.com/maps/place/Four%C3%A8s+Et+Fils+SARL/data=!4m7!3m6!1s0x12add4a401279bed:0xe0b0588e91eb295b!8m2!3d43.8431197!4d1.8453344!16s%2Fg%2F1tf130yz!19sChIJ7ZsnAaTUrRIRWynrkY5YsOA?authuser=0&hl=fr&rclk=1,Fourès Et Fils SARL,Couvreur,183 rue du castellet Za garrigue longue,05 63 40 41 48,https://www.fouresetfils.fr/,"4,8",-8
https://www.google.com/maps/place/M.H+Toitures/data=!4m7!3m6!1s0x12ade513c439675f:0xb944fd785b9d8af2!8m2!3d43.7809445!4d2.1817772!16s%2Fg%2F11fk1nbmlp!19sChIJX2c5xBPlrRIR8oqdW3j9RLk?authuser=0&hl=fr&rclk=1,M.H Toitures,Couvreur,40 Av. Flandres Dunkerque,07 86 22 17 54,https://www.mh-constructions-metalliques.fr/,5,-3
https://www.google.com/maps/place/La+D%C3%A9p%C3%AAche+du+Midi/data=!4m7!3m6!1s0x12ade801a19b03d1:0xef519634bf98fc73!8m2!3d43.9271967!4d2.1471825!16s%2Fg%2F1vfhkb0l!19sChIJ0QOboQHorRIRc_yYvzSWUe8?authuser=0&hl=fr&rclk=1,La Dépêche du Midi,Éditeur de presse,·,05 63 49 45 65,https://www.ladepeche.fr/,"3,5",-8
https://www.google.com/maps/place/Scierie+Galonnier/data=!4m7!3m6!1s0x12b20f6506969025:0xf7544d4e8331c89c!8m2!3d43.8837018!4d2.4840318!16s%2Fg%2F1td0jwmx!19sChIJJZCWBmUPshIRnMgxg05NVPc?authuser=0&hl=fr&rclk=1,Scierie Galonnier,Scierie,·,05 63 77 56 44,http://galonnier.fr/,"4,7",-30
https://www.google.com/maps/place/bois-concept81/data=!4m7!3m6!1s0x12ae81caadd9707f:0xa22189495fc80852!8m2!3d43.6898017!4d2.2591964!16s%2Fg%2F11c42s5ppk!19sChIJf3DZrcqBrhIRUgjIX0mJIaI?authuser=0&hl=fr&rclk=1,bois-concept81,Charpentier,·,06 32 36 72 63,http://bois-concept81.fr/,5,-1
https://www.google.com/maps/place/L%27atelier/data=!4m7!3m6!1s0x12ade91bc97c10fb:0x7bda0f07296a311b!8m2!3d43.9346765!4d2.1460406!16s%2Fg%2F11trjy6w57!19sChIJ-xB8yRvprRIRGzFqKQcP2ns?authuser=0&hl=fr&rclk=1,L'atelier,Atelier de couture,21 Bd Strasbourg,07 88 75 59 68,https://www.instagram.com/latelieralbi_couture/,"4,8",-8
https://www.google.com/maps/place/Espace+Bati+Concept/data=!4m7!3m6!1s0x4c94186831ba2d27:0xdf3747a486c57036!8m2!3d43.929105!4d2.1325135!16s%2Fg%2F11v1b8k2d9!19sChIJJy26MWgYlEwRNnDFhqRHN98?authuser=0&hl=fr&rclk=1,Espace Bati Concept,Travaux généraux,·,07 82 74 26 15,,,
https://www.google.com/maps/place/MS+couverture+-+artisan+couvreur+qualifi%C3%A9e+D%C3%A9pannage+R%C3%A9paration+Fuites+D%C3%A9moussage+Toiture+H%C3%A9rault+Cournonterral+Montpellier./data=!4m7!3m6!1s0x12b14de8c6911445:0x8efe902aaf41be9a!8m2!3d43.56343!4d3.722662!16s%2Fg%2F11kprlx900!19sChIJRRSRxuhNsRIRmr5BryqQ_o4?authuser=0&hl=fr&rclk=1,MS couverture - artisan couvreur qualifiée Dépannage Réparation Fuites Démoussage Toiture Hérault Cournonterral Montpellier.,Couvreur,41 Rue des Devezes,07 68 56 70 79,https://www.google.com/aclk?sa=L&ai=DChsSEwiF6riPjL6UAxUbckECHZKYAbEYACICCAEQAhoCd3M&co=1&ase=2&gclid=CjwKCAjwq6DQBhBVEiwA4ZD5XAj4d1V8FOHPyk3sZP7Vr60aONGOZhyALfqIXQ76SPYJXbE4e2jYeBoCYgcQAvD_BwE&cce=2&category=acrcp_v1_32&sig=AOD64_0gxiWiRUAgy-IFfOGi5oIASC9SOg&adurl&q&ctype=99&nis=6,5,-76
https://www.google.com/maps/place/Avenir+R%C3%A9novations+Montpellier+Ouest+%2834%29/data=!4m7!3m6!1s0x12b1434ea0b9976d:0xf438d301457201cc!8m2!3d43.568715!4d3.46158!16s%2Fg%2F11xtpqdhtl!19sChIJbZe5oE5DsRIRzAFyRQHTOPQ?authuser=0&hl=fr&rclk=1,Avenir Rénovations Montpellier Ouest (34),Travaux généraux,37 Rue de la Clairette,04 81 68 48 68,https://www.google.com/aclk?sa=L&ai=DChsSEwiF6riPjL6UAxUbckECHZKYAbEYACICCAEQChoCd3M&co=1&ase=2&gclid=CjwKCAjwq6DQBhBVEiwA4ZD5XPOJ4M2koYFJlNDjciCtUBK0JbG95djqejzNRT5dPwIJt2pJQ-2LhhoCXcMQAvD_BwE&cce=2&category=acrcp_v1_32&sig=AOD64_1nQuFFlGz5UnolF0TEokCn-IRQiA&adurl&q&ctype=99&nis=6,5,-7
https://www.google.com/maps/place/Languedoc+Etanch%C3%A9it%C3%A9/data=!4m7!3m6!1s0x12b1356ff45f51a1:0x612ccc64667cad7e!8m2!3d43.4138266!4d3.7140514!16s%2Fg%2F1td2r1mn!19sChIJoVFf9G81sRIRfq18ZmTMLGE?authuser=0&hl=fr&rclk=1,Languedoc Etanchéité,Entrepreneur spécialisé dans l'isolation,·,04 67 18 46 30,https://www.facebook.com/languedocetancheite34,"4,6",-19
https://www.google.com/maps/place/ADS+Toitures/data=!4m7!3m6!1s0x12b14b776fe439c3:0xfae7f5608d12a934!8m2!3d43.4205603!4d3.7082174!16s%2Fg%2F11cn0qcxm6!19sChIJwznkb3dLsRIRNKkSjWD15_o?authuser=0&hl=fr&rclk=1,ADS Toitures,Entrepreneur spécialisé dans l'isolation,6 Rue de Dublin,04 67 46 16 15,http://www.adstoitures.fr/?utm_source=gmb,"4,5",-40
https://www.google.com/maps/place/Horus+Couverture+-+Zinguerie/data=!4m7!3m6!1s0x416d065213ecbfbd:0xd4142a504d62675c!8m2!3d43.4126456!4d3.6821919!16s%2Fg%2F11n3wrnkxm!19sChIJvb_sE1IGbUERXGdiTVAqFNQ?authuser=0&hl=fr&rclk=1,Horus Couverture - Zinguerie,Couvreur,3 Imp. Paul Spinosa,07 59 67 29 07,https://www.horus-couverture.com/,5,-10
https://www.google.com/maps/place/ATTILA+S%C3%A8te/data=!4m7!3m6!1s0x12b1352d2095518f:0x97525e943d977c8f!8m2!3d43.4109551!4d3.7077961!16s%2Fg%2F11x8lwp587!19sChIJj1GVIC01sRIRj3yXPZReUpc?authuser=0&hl=fr&rclk=1,ATTILA Sète,Couvreur,547 Quai des Moulins,04 11 95 10 82,https://www.attila.fr/nos-agences/attila-sete,5,-1
https://www.google.com/maps/place/Garcia+et+Fils/data=!4m7!3m6!1s0x12b136797a2ba975:0x343a2876844a539e!8m2!3d43.4103571!4d3.6775505!16s%2Fg%2F11gbxh1w1r!19sChIJdakrenk2sRIRnlNKhHYoOjQ?authuser=0&hl=fr&rclk=1,Garcia et Fils,Maçon,1 Bd Camille Blanc,04 99 02 88 64,http://www.maconnerie-sete.com/?utm_source=gmb,"4,7",-48
https://www.google.com/maps/place/SARL+CARMASSI+AGUSSOL/data=!4m7!3m6!1s0x12b135c78c3223d7:0x384d3ea35e9de143!8m2!3d43.4200335!4d3.7171652!16s%2Fg%2F11frqr61f6!19sChIJ1yMyjMc1sRIRQ-GdXqM-TTg?authuser=0&hl=fr&rclk=1,SARL CARMASSI AGUSSOL,Maçon,"zi, 1032 Av. des Eaux Blanches",04 83 53 02 33,,"4,8",-5
https://www.google.com/maps/place/Raval%27Construction/data=!4m7!3m6!1s0x12b13500c7552709:0x96b45db6a096363f!8m2!3d43.4214591!4d3.7072718!16s%2Fg%2F11tgggkcjn!19sChIJCSdVxwA1sRIRPzaWoLZdtJY?authuser=0&hl=fr&rclk=1,Raval'Construction,Entreprise de construction,11 Rue de Berlin,06 98 78 25 05,http://www.ravalconstruction34.fr/,5,-3
https://www.google.com/maps/place/MURPROTEC+BELFORT/data=!4m7!3m6!1s0x47923d42fa19a82f:0x6087d16eb2d455c5!8m2!3d47.632627!4d6.855108!16s%2Fg%2F11fp3kn46s!19sChIJL6gZ-kI9kkcRxVXUsm7Rh2A?authuser=0&hl=fr&rclk=1,MURPROTEC BELFORT,Centre de diagnostic,17 Rue Aristide Briand,03 84 23 87 42,https://www.google.com/aclk?sa=L&ai=DChsSEwjvj7mjjL6UAxWaakECHQkEKfUYACICCAEQABoCd3M&co=1&ase=2&gclid=CjwKCAjwq6DQBhBVEiwA4ZD5XKS7XKyPuXVOXWmfZMS6KYok5zAsV4v1Tf78LSK7kCh5VBvXq0owwRoCcVMQAvD_BwE&cce=2&category=acrcp_v1_32&sig=AOD64_3UCrZ8CIUu3ZtXFZD-lxkvdQinzQ&adurl&q&ctype=99&nis=6,"4,4",-58
https://www.google.com/maps/place/Avenir+R%C3%A9novations+Saint-Louis+%2868%29/data=!4m7!3m6!1s0x47918fcfc01486c7:0xbd32dac634903d5a!8m2!3d47.670691!4d7.26429!16s%2Fg%2F11x_3j1x9m!19sChIJx4YUwM-PkUcRWj2QNMbaMr0?authuser=0&hl=fr&rclk=1,Avenir Rénovations Saint-Louis (68),Travaux généraux,1 Passage des Écoles,03 53 64 16 04,https://www.google.com/aclk?sa=L&ai=DChsSEwjvj7mjjL6UAxWaakECHQkEKfUYACICCAEQAhoCd3M&co=1&ase=2&gclid=CjwKCAjwq6DQBhBVEiwA4ZD5XORnfAGaNQmI9Tb2QKxULZh0OqjZVl1KO70ngx_DEuGRodvALY4hahoCnUgQAvD_BwE&cce=2&category=acrcp_v1_32&sig=AOD64_3RIdCflZA8LF-2d4fX3TphIGKEwA&adurl&q&ctype=99&nis=6,"4,9",-7
https://www.google.com/maps/place/BAT%C4%B0MENT+INNOVATION/data=!4m7!3m6!1s0x47923ce56d59dde3:0x6fd807936578e542!8m2!3d47.6080323!4d6.8432497!16s%2Fg%2F11hbmrx7vy!19sChIJ491ZbeU8kkcRQuV4ZZMH2G8?authuser=0&hl=fr&rclk=1,BATİMENT INNOVATION,Entrepreneur spécialisé dans l'isolation,·,06 58 91 96 24,https://www.batimentinnovation.com/,"4,9",-119
https://www.google.com/maps/place/Bfc+bardage+%C3%A9tanch%C3%A9it%C3%A9/data=!4m7!3m6!1s0x47923b2458169885:0xe1be65597f3b2f3c!8m2!3d47.6586868!4d6.8693638!16s%2Fg%2F11h7_q1ss6!19sChIJhZgWWCQ7kkcRPC87f1llvuE?authuser=0&hl=fr&rclk=1,Bfc bardage étanchéité,Constructeur immobilier,42 Rue Charles de Gaulle,06 95 35 27 02,,2,-1
https://www.google.com/maps/place/BATI-CA+FRANCE/data=!4m7!3m6!1s0x47923d5daf511603:0x785c85f4ad76d715!8m2!3d47.6337984!4d6.84365!16s%2Fg%2F11rk2h9zz6!19sChIJAxZRr109kkcRFdd2rfSFXHg?authuser=0&hl=fr&rclk=1,BATI-CA FRANCE,Façadier,5 Rue de Bruxelles,06 48 16 26 03,https://crea.local.fr/d49a5457-27a0-4dd3-a7cf-c99124f73bf4/,"4,8",-22
https://www.google.com/maps/place/Soci%C3%A9t%C3%A9+Nicolas+PRUDENT/data=!4m7!3m6!1s0x47923b6655657fb9:0x4f8888d725de143e!8m2!3d47.6452715!4d6.8585781!16s%2Fg%2F11b6dphw8l!19sChIJuX9lVWY7kkcRPhTeJdeIiE8?authuser=0&hl=fr&rclk=1,Société Nicolas PRUDENT,Entrepreneur spécialisé dans l'isolation,61 Rue du Magasin,06 81 87 82 65,https://www.nicolasprudent.com/,5,-54
https://www.google.com/maps/place/Arc+en+Ciel+90/data=!4m7!3m6!1s0x47923c8ab65bffff:0xd49ebf7aa6dd72c8!8m2!3d47.62004!4d6.8331522!16s%2Fg%2F11fn8_b3d_!19sChIJ__9btoo8kkcRyHLdpnq_ntQ?authuser=0&hl=fr&rclk=1,Arc en Ciel 90,Façadier,43 Gd Rue François Mitterrand,03 84 59 06 52,https://www.facades-arcenciel90.fr/,"4,3",-12
https://www.google.com/maps/place/Techni+Toit+SARL/data=!4m7!3m6!1s0x47923b715fee1271:0xc4ff37325e3c9ba!8m2!3d47.6087978!4d6.8290592!16s%2Fg%2F1tc_vj7h!19sChIJcRLuX3E7kkcRusnjJXPzTww?authuser=0&hl=fr&rclk=1,Techni Toit SARL,Entrepreneur spécialisé dans l'isolation,"ZI, 8 Rue des Alisiers",03 84 26 40 58,https://www.techni-toit90.fr/?utm_source=gmb,"4,1",-28
https://www.google.com/maps/place/Bg+Project/data=!4m7!3m6!1s0x47923cc0e32d9037:0x7ccdbbb577ad9494!8m2!3d47.6158839!4d6.8584929!16s%2Fg%2F11ggb4b1nr!19sChIJN5At48A8kkcRlJStd7W7zXw?authuser=0&hl=fr&rclk=1,Bg Project,Entrepreneur spécialisé dans l'isolation,1 Rue du 21 Novembre,06 72 23 52 55,https://www.facebook.com/BG-Project-474445866277336/?utm_source=gmb,"4,6",-24
https://www.google.com/maps/place/AKCAY+FILS/data=!4m7!3m6!1s0x47923d2caee35739:0x2fe4a554293e4a6a!8m2!3d47.6087975!4d6.8290515!16s%2Fg%2F11pkcrl5fz!19sChIJOVfjriw9kkcRako-KVSl5C8?authuser=0&hl=fr&rclk=1,AKCAY FILS,Façadier,8 Rue des Alisiers,03 84 22 69 24,https://www.akcay-fils.fr/,5,-10
https://www.google.com/maps/place/Beaume+Toiture+Terrasse+SARL/data=!4m7!3m6!1s0x47923b3386ef4663:0x74871915924b28e5!8m2!3d47.6672758!4d6.8843413!16s%2Fg%2F1tdnd58j!19sChIJY0bvhjM7kkcR5ShLkhUZh3Q?authuser=0&hl=fr&rclk=1,Beaume Toiture Terrasse SARL,Couvreur,7 ter Rue du Fort,03 84 26 26 38,https://www.facebook.com/SARL-Beaume-Toiture-Terrasse-221267791547938/?ref=page_internal,"4,8",-4
https://www.google.com/maps/place/Batpro+SARL/data=!4m7!3m6!1s0x47923ce567f1c8e3:0xcf26936e5b85c4cf!8m2!3d47.6085929!4d6.8426587!16s%2Fg%2F11gy1ct7sq!19sChIJ48jxZ-U8kkcRz8SFW26TJs8?authuser=0&hl=fr&rclk=1,Batpro SARL,Maçon,3 Ham. de l'Assise,06 61 72 59 03,http://www.batpro-belfort.fr/,5,-4
https://www.google.com/maps/place/OF+Propret%C3%A9+-+entreprise+de+nettoyage/data=!4m7!3m6!1s0x4792232672473633:0x408e68898ee8ecc!8m2!3d47.6282471!4d6.8516157!16s%2Fg%2F11pz7dbpyp!19sChIJMzZHciYjkkcRzI7umIjmCAQ?authuser=0&hl=fr&rclk=1,OF Propreté - entreprise de nettoyage,Services de nettoyage,17 Rue de Bavilliers,06 51 11 27 43,http://www.ofproprete.fr/,"4,9",-18
https://www.google.com/maps/place/GM+Charpente/data=!4m7!3m6!1s0x47923d83e08760a3:0x5ff224f255536448!8m2!3d47.6164212!4d6.8511668!16s%2Fg%2F11wqp8l766!19sChIJo2CH4IM9kkcRSGRTVfIk8l8?authuser=0&hl=fr&rclk=1,GM Charpente,Charpentier,3 Rue des Nos,06 72 75 16 41,https://www.gm-charpente-70.com/,5,-3
https://www.google.com/maps/place/FACADES+90/data=!4m7!3m6!1s0xae2fc3799615dac5:0x2e199b6ed55e75c6!8m2!3d47.6134783!4d6.4944328!16s%2Fg%2F11z0l1c5x9!19sChIJxdoVlnnDL64RxnVe1W6bGS4?authuser=0&hl=fr&rclk=1,FACADES 90,Façadier,·,07 83 99 34 41,https://www.facades90.fr/,,
https://www.google.com/maps/place/AKCAY+ECHAF/data=!4m7!3m6!1s0x2dd33ef74475726b:0xa5618a1e3509cf23!8m2!3d47.6369959!4d7.0553584!16s%2Fg%2F11wn5vwt8p!19sChIJa3J1RPc-0y0RI88JNR6KYaU?authuser=0&hl=fr&rclk=1,AKCAY ECHAF,Service de location d'échafaudages,·,07 60 04 24 06,,,
https://www.google.com/maps/place/SARL+DELOBEL/data=!4m7!3m6!1s0x47dc2ceec207ac61:0xda12aba514b1fe03!8m2!3d50.665793!4d1.742236!16s%2Fg%2F11f29xx5b2!19sChIJYawHwu4s3EcRA_6xFKWrEto?authuser=0&hl=fr&rclk=1,SARL DELOBEL,Fournisseur d'armatures pour béton,151 Chemin du Droret,03 21 31 96 43,https://www.google.com/aclk?sa=L&ai=DChsSEwjPl5u5jL6UAxUJGQYAHeYBLvcYACICCAEQABoCd3M&co=1&ase=2&gclid=CjwKCAjwq6DQBhBVEiwA4ZD5XLC0RNBWlD5eQ-CazbCcqkkHx74zoMahY9iOWCCm5cbwiGUaqeDyvBoCVlQQAvD_BwE&cce=2&category=acrcp_v1_32&sig=AOD64_3Bp8vjVsReYGJzGv_WWGPsDl-sBg&adurl&q&ctype=99&nis=6,5,-23
https://www.google.com/maps/place/Les+Proc%C3%A9d%C3%A9s+Harnois+%7C+Home+Espace/data=!4m7!3m6!1s0x47dc2d4c601fce53:0x14233a4d6617894d!8m2!3d50.733096!4d1.601923!16s%2Fg%2F11h_6hzk8h!19sChIJU84fYEwt3EcRTYkXZk06IxQ?authuser=0&hl=fr&rclk=1,Les Procédés Harnois | Home Espace,Artisanat,43 Rue du Chemin Vert,03 21 23 58 14,https://www.google.com/aclk?sa=L&ai=DChsSEwjPl5u5jL6UAxUJGQYAHeYBLvcYACICCAEQARoCd3M&co=1&ase=2&gclid=CjwKCAjwq6DQBhBVEiwA4ZD5XH_g9IpCXE14ucpt45Q9kx_UT49GnZn0zi0qOsVUF-MVnYjpbQEKqBoCy8wQAvD_BwE&cce=2&category=acrcp_v1_32&sig=AOD64_3sWlJ1KO3BjXGkPZ2TtZtecYAq8A&adurl&q&ctype=99&nis=6,"4,8",-42
https://www.google.com/maps/place/Ansel+Habitat+Boulogne%2FMer/data=!4m7!3m6!1s0x47dc2c454326e103:0xf13f35b9d479092!8m2!3d50.713211!4d1.613791!16s%2Fg%2F11cs3yk6fy!19sChIJA-EmQ0Us3EcRkpBHnVvzEw8?authuser=0&hl=fr&rclk=1,Ansel Habitat Boulogne/Mer,Façadier,·,03 21 91 43 03,https://www.anselhabitat.fr/,"4,4",-55
https://www.google.com/maps/place/Opale+Fa%C3%A7ade+%28RGE%29/data=!4m7!3m6!1s0x47dc316cba0b5a47:0xf7923e4d22c8622e!8m2!3d50.7155386!4d1.5939587!16s%2Fg%2F11s19rh50q!19sChIJR1oLumwx3EcRLmLIIk0-kvc?authuser=0&hl=fr&rclk=1,Opale Façade (RGE),Entrepreneur spécialisé dans l'isolation,64 Rue Antoine de Saint-Exupéry,03 21 33 23 09,https://www.opale-facade.com/,"4,8",-22
https://www.google.com/maps/place/Fa%C3%A7ades+et+Toitures/data=!4m7!3m6!1s0x47dc2c56f47c9bd7:0xc1edfc5f35b78489!8m2!3d50.7275101!4d1.6788118!16s%2Fg%2F1vknnnc3!19sChIJ15t89FYs3EcRiYS3NV_87cE?authuser=0&hl=fr&rclk=1,Façades et Toitures,Couvreur,"ZI de l'Inquetrie, 1 Rue de l'Hippodrome",03 21 10 63 79,http://www.facades-et-toitures.com/,"4,3",-45
https://www.google.com/maps/place/Efitek/data=!4m7!3m6!1s0x47dc2d30db12b62f:0xc2f8dd814610a39!8m2!3d50.7710359!4d1.646728!16s%2Fg%2F11b5pjt748!19sChIJL7YS2zAt3EcROQphFNiNLww?authuser=0&hl=fr&rclk=1,Efitek,Entrepreneur spécialisé dans l'isolation,·,03 21 87 16 93,http://www.efitek.fr/,5,-4
https://www.google.com/maps/place/Ankabat/data=!4m7!3m6!1s0x47dc2d54e3313091:0xf4076e515be406da!8m2!3d50.7237459!4d1.6079188!16s%2Fg%2F11szn7lktn!19sChIJkTAx41Qt3EcR2gbkW1FuB_Q?authuser=0&hl=fr&rclk=1,Ankabat,Entreprise de construction,24 Grande Rue,06 76 34 56 08,http://ankabat.com/,5,-1
https://www.google.com/maps/place/cbpmartin/data=!4m7!3m6!1s0x47dc2d4f159684a7:0x1556f40447562802!8m2!3d50.7296976!4d1.6062116!16s%2Fg%2F11rbt8jf2x!19sChIJp4SWFU8t3EcRAihWRwT0VhU?authuser=0&hl=fr&rclk=1,cbpmartin,Couvreur,·,06 59 64 68 03,,"4,9",-22
https://www.google.com/maps/place/G.L.+Etancheite/data=!4m7!3m6!1s0x47dc320e960b0e63:0x8de559dc06da5edf!8m2!3d50.7280855!4d1.6783126!16s%2Fg%2F1tvdj1lg!19sChIJYw4Llg4y3EcR317aBtxZ5Y0?authuser=0&hl=fr&rclk=1,G.L. Etancheite,Travaux généraux,·,03 21 80 29 39,http://www.gl-etancheite.fr/,"4,2",-20
https://www.google.com/maps/place/AFS+Fa%C3%A7ades+et+Electricit%C3%A9/data=!4m7!3m6!1s0x47dc2de8e5e5308f:0xd06865aefb5dfac1!8m2!3d50.6778084!4d1.6451433!16s%2Fg%2F11f7g_7kwh!19sChIJjzDl5egt3EcRwfpd-65laNA?authuser=0&hl=fr&rclk=1,AFS Façades et Electricité,Façadier,165 Rte nationale,07 69 98 84 89,https://www.afs-facades-electricite.com/,4,-7
https://www.google.com/maps/place/CGN+B%C3%A2timent/data=!4m7!3m6!1s0x47dc2d57d399d891:0xd6c76895779a6d7d!8m2!3d50.7303666!4d1.6125953!16s%2Fg%2F11py8yrfxr!19sChIJkdiZ01ct3EcRfW2ad5Vox9Y?authuser=0&hl=fr&rclk=1,CGN Bâtiment,Maçon,82 Rue Aspirant Leuregans,07 82 99 35 58,https://www.facebook.com/cgnbatiment/,"4,7",-6
https://www.google.com/maps/place/Renov%E2%80%99to%C3%AEt/data=!4m7!3m6!1s0x47dc2d909e0fabcf:0x31409d5cfad0cb30!8m2!3d50.5152801!4d2.3717948!16s%2Fg%2F11yv2k1bgh!19sChIJz6sPnpAt3EcRMMvQ-lydQDE?authuser=0&hl=fr&rclk=1,Renov’toît,Couvreur,·,07 84 63 14 22,http://www.renovtoit62.fr/,5,-6
https://www.google.com/maps/place/Kb+renov/data=!4m7!3m6!1s0x2c16aaaa921a366d:0x670bcee749bb5081!8m2!3d50.734218!4d1.6010648!16s%2Fg%2F11tms07n8z!19sChIJbTYakqqqFiwRgVC7SefOC2c?authuser=0&hl=fr&rclk=1,Kb renov,Peintre en bâtiment,7 Rue d'Audresselles,06 81 81 95 31,https://kb-renov.fr/,"4,9",-30
https://www.google.com/maps/place/ARB+ISOLATION/data=!4m7!3m6!1s0x4ef4557cdbdea953:0x63d49d4af67a03ef!8m2!3d50.7293342!4d1.6738349!16s%2Fg%2F11m6b_7tdb!19sChIJU6ne23xV9E4R7wN69kqd1GM?authuser=0&hl=fr&rclk=1,ARB ISOLATION,Entrepreneur spécialisé dans l'isolation,20 Rue Pierre Martin,03 21 31 54 20,https://www.facebook.com/people/ARB-Isolation/61565336440052/,5,-5
https://www.google.com/maps/place/Thermie+France+-+Isolation+Marquise/data=!4m7!3m6!1s0x47dc2c42575472a3:0x6e044567bfe38bab!8m2!3d50.825041!4d1.714196!16s%2Fg%2F11fx8jqkm8!19sChIJo3JUV0Is3EcRq4vjv2dFBG4?authuser=0&hl=fr&rclk=1,Thermie France - Isolation Marquise,Entrepreneur spécialisé dans l'isolation,370 allée des Carriers,03 21 96 62 93,https://www.thermiefrance.com/,"4,9",-101
https://www.google.com/maps/place/Kenjy+Lagersie/data=!4m7!3m6!1s0x47dc2d2fd2777e21:0x4188ae98be6d8fb1!8m2!3d50.7423419!4d1.6501806!16s%2Fg%2F11tg2syv1r!19sChIJIX530i8t3EcRsY9tvpiuiEE?authuser=0&hl=fr&rclk=1,Kenjy Lagersie,Entrepreneur,2 Rte du Petit Rupembert,06 15 83 24 48,https://www.k-lagersie.fr/,5,-35
https://www.google.com/maps/place/Paul+Noel+Artisan/data=!4m7!3m6!1s0x47dc2c575ec3274f:0xb7b011c4f2faa7e2!8m2!3d50.7140991!4d1.6118044!16s%2Fg%2F1th7xmj4!19sChIJTyfDXlcs3EcR4qf68sQRsLc?authuser=0&hl=fr&rclk=1,Paul Noel Artisan,Couvreur,11 Rue de la Madeleine,03 21 83 03 19,https://www.paulnoel.fr/,"4,5",-60
https://www.google.com/maps/place/Harl%C3%A9+Th%C3%A9o/data=!4m7!3m6!1s0x8ae4930f5f6f3963:0xa0df0f904b9d4c2c!8m2!3d50.6326624!4d1.581742!16s%2Fg%2F11tnfvs9p6!19sChIJYzlvXw-T5IoRLEydS5AP36A?authuser=0&hl=fr&rclk=1,Harlé Théo,Couvreur,472 Av. François 1er,06 48 07 97 56,https://www.harle-couverture.fr/?fbclid=IwAR2-JE3kUOQl5bj6dlNtx8uOYyVcx49CH8jOr7fJd5XQoKSUvAyZyk0UZvc,"4,2",-30
https://www.google.com/maps/place/MENUISERIE+FERTON/data=!4m7!3m6!1s0x47dc2c31a32f3abd:0x9898d9269e11e68!8m2!3d50.7389888!4d1.617333!16s%2Fg%2F1tdzf850!19sChIJvTovozEs3EcRaB7haZKNiQk?authuser=0&hl=fr&rclk=1,MENUISERIE FERTON,Entrepreneur spécialisé dans l'isolation,·,03 21 33 33 52,https://www.menuiserie-ferton.fr/,"4,6",-64
https://www.google.com/maps/place/Construction+%26+R%C3%A9novation+du+B%C3%A2timent/data=!4m7!3m6!1s0xaa8eb61d7a655b09:0x6d52fb7d6d381167!8m2!3d50.6886761!4d1.6205569!16s%2Fg%2F11vbm0w6nx!19sChIJCVtleh22jqoRZxE4bX37Um0?authuser=0&hl=fr&rclk=1,Construction & Rénovation du Bâtiment,Maçon,32 Bd de la Liane,07 72 06 28 52,https://www.facebook.com/profile.php?id=100089020836669&locale=fr_FR,"4,9",-31
https://www.google.com/maps/place/Lariviere/data=!4m7!3m6!1s0x47dc3272a7c5b413:0xcfbfa500f84b06b9!8m2!3d50.7303271!4d1.6841112!16s%2Fg%2F11cjhmvn4n!19sChIJE7TFp3Iy3EcRuQZL-AClv88?authuser=0&hl=fr&rclk=1,Lariviere,Magasin de materiaux de construction,·,03 21 33 96 10,https://www.lariviere.fr/trouver-votre-agence/lariviere-SEB/entry-375-lariviere-boulogne.html,"4,2",-17
https://www.google.com/maps/place/B%C3%A2ti+R%C3%A9nov+des+2+caps/data=!4m7!3m6!1s0x47dc3129f53b6b85:0x4de75f2207fcbb82!8m2!3d50.7736261!4d1.7679899!16s%2Fg%2F11t57nl037!19sChIJhWs79Skx3EcRgrv8ByJf500?authuser=0&hl=fr&rclk=1,Bâti Rénov des 2 caps,Carreleur,Rue de la Ronville,06 16 24 30 64,https://batirenovdes2caps.fr/,5,-3
https://www.google.com/maps/place/Les+Proc%C3%A9d%C3%A9s+Harnois+%7C+Home+Espace/data=!4m7!3m6!1s0x47dc2d4c601fce53:0x14233a4d6617894d!8m2!3d50.733096!4d1.601923!16s%2Fg%2F11h_6hzk8h!19sChIJU84fYEwt3EcRTYkXZk06IxQ?authuser=0&hl=fr&rclk=1,Les Procédés Harnois | Home Espace,Artisanat,43 Rue du Chemin Vert,03 21 23 58 14,https://www.google.com/aclk?sa=L&ai=DChsSEwiY3OTAjL6UAxW2tWgJHYx2NYwYACICCAEQARoCd2Y&co=1&ase=2&gclid=CjwKCAjwq6DQBhBVEiwA4ZD5XARcO-2_DzpsPiC2bMnnkkZMrzJMVNIFI0b9E7k6AhmP_C0g38vcmBoCghUQAvD_BwE&cce=2&category=acrcp_v1_32&sig=AOD64_2LOn2Cxl5hjs17vJHegQYDBY0GGQ&adurl&q&ctype=99&nis=6,"4,8",-42
https://www.google.com/maps/place/CBI+Saint-L%C3%A9onard/data=!4m7!3m6!1s0x47dc2cf6f51e15d3:0x65788e1552bb91b5!8m2!3d50.688714!4d1.617744!16s%2Fg%2F1tgdmv9s!19sChIJ0xUe9fYs3EcRtZG7UhWOeGU?authuser=0&hl=fr&rclk=1,CBI Saint-Léonard,Négociant en bois,45 Boulevard de la Liane,03 21 99 03 03,https://www.google.com/aclk?sa=L&ai=DChsSEwiY3OTAjL6UAxW2tWgJHYx2NYwYACICCAEQAxoCd2Y&co=1&ase=2&gclid=CjwKCAjwq6DQBhBVEiwA4ZD5XMe4ia8nosXL4I0xBg-4fFasJKyvVt6OufonlJt5GArPdXQ_BpnSLBoCAuMQAvD_BwE&cce=2&category=acrcp_v1_32&sig=AOD64_0iR7riiqQ63Yq4E2wN-iq6Mi2S6A&adurl&q&ctype=99&nis=6,"3,9",-95
https://www.google.com/maps/place/XAVIER+HENNUYER+ET+FILS/data=!4m7!3m6!1s0x47dc2f3712977f41:0x73fcd4de5be41931!8m2!3d50.7710213!4d1.6459294!16s%2Fg%2F11p15mcwk1!19sChIJQX-XEjcv3EcRMRnkW97U_HM?authuser=0&hl=fr&rclk=1,XAVIER HENNUYER ET FILS,Entrepreneur spécialisé dans l'isolation,"Parc D'Activités De La Trésorerie, 36 Rue de la Trésorerie",03 21 83 54 77,https://www.hennuyer62.fr/?utm_medium=referral&utm_source=gmb&utm_campaign=lnk-gmb,"4,7",-27
https://www.google.com/maps/place/couverture+CMZ+Johnson/data=!4m7!3m6!1s0x869884161bc69aa5:0x7507b81503e9daf6!8m2!3d50.6995898!4d1.6564194!16s%2Fg%2F11n9vkk61k!19sChIJpZrGGxaEmIYR9trpAxW4B3U?authuser=0&hl=fr&rclk=1,couverture CMZ Johnson,Couvreur,·,06 59 98 35 03,,5,-3
https://www.google.com/maps/place/Artisan+couvreur+ZL+B%C3%A2timent+%C3%A0+Calais+-+%C3%A9tanch%C3%A9it%C3%A9+de+toiture+%E2%80%93+r%C3%A9novation+et+ravalement+de+fa%C3%A7ade/data=!4m7!3m6!1s0x47dc3fb68a895fff:0x80b39ad291f7d5ab!8m2!3d50.9214628!4d1.8283928!16s%2Fg%2F11j3t29r47!19sChIJ_1-JirY_3EcRq9X3kdKas4A?authuser=0&hl=fr&rclk=1,Artisan couvreur ZL Bâtiment à Calais - étanchéité de toiture – rénovation et ravalement de façade,Couvreur,70 Rue Verte,06 67 77 66 76,https://www.zlbatiment-couvreur-calais.fr/,"4,9",-117
https://www.google.com/maps/place/Entreprise+Delohen+Alexis/data=!4m7!3m6!1s0x2297292b23a8e70f:0x687ea0c297fbc64e!8m2!3d30.6959409!4d-49.8171262!16s%2Fg%2F11swx7fx8x!19sChIJD-eoIysplyIRTsb7l8Kgfmg?authuser=0&hl=fr&rclk=1,Entreprise Delohen Alexis,Couvreur,·,07 67 23 72 89,,,
https://www.google.com/maps/place/SAS+KOS/data=!4m7!3m6!1s0x47dc3f77ba90e1bf:0x47a34efdf7703c58!8m2!3d50.8147848!4d1.7017453!16s%2Fg%2F11jlyhbqkw!19sChIJv-GQunc_3EcRWDxw9_1Oo0c?authuser=0&hl=fr&rclk=1,SAS KOS,Entrepreneur spécialisé dans l'isolation,24 Rue nationale,03 21 85 49 43,https://www.kos-group.fr/,"4,7",-62
https://www.google.com/maps/place/C%C3%B4te+D%27Opale+Toitures+et+R%C3%A9novations/data=!4m7!3m6!1s0x47dc3f7d43b646a1:0x2cc7ab3e81d8a49e!8m2!3d50.9462786!4d1.8742405!16s%2Fg%2F1tk1y9t_!19sChIJoUa2Q30_3EcRnqTYgT6rxyw?authuser=0&hl=fr&rclk=1,Côte D'Opale Toitures et Rénovations,Entrepreneur spécialisé dans l'isolation,·,03 21 19 39 91,http://www.cotedopaletoitures.fr/,4,-46
https://www.google.com/maps/place/COCE+-+C%C3%B4te+d%27Opale+Couverture+Etanch%C3%A9it%C3%A9/data=!4m7!3m6!1s0x47dc413f704e007f:0xa7346c2dd85f0d5e!8m2!3d50.9524334!4d1.914652!16s%2Fg%2F11hplsvmzp!19sChIJfwBOcD9B3EcRXg1f2C1sNKc?authuser=0&hl=fr&rclk=1,COCE - Côte d'Opale Couverture Etanchéité,Couvreur,·,09 54 86 67 14,https://www.coce-calais.fr/,"3,7",-9
https://www.google.com/maps/place/Ets+Guy/data=!4m7!3m6!1s0x476c2f1e2ceb3a23:0x15101af895cf1eb5!8m2!3d50.7314352!4d1.7176804!16s%2Fg%2F11w3rd6lc1!19sChIJIzrrLB4vbEcRtR7PlfgaEBU?authuser=0&hl=fr&rclk=1,Ets Guy,Couvreur,·,06 12 87 03 77,,5,-5
https://www.google.com/maps/place/La+Maison+Des+Travaux+Chalon+Sur+Saone/data=!4m7!3m6!1s0x47f2fdc52de135b5:0x941a721550daa252!8m2!3d46.785328!4d4.8521!16s%2Fg%2F11hfqy51jb!19sChIJtTXhLcX98kcRUqLaUBVyGpQ?authuser=0&hl=fr&rclk=1,La Maison Des Travaux Chalon Sur Saone,Travaux généraux,9 Rue de la Citadelle,06 10 93 12 99,https://www.google.com/aclk?sa=L&ai=DChsSEwjexYDjjL6UAxVFhv0FHU0ZDSEYACICCAEQARoCd2Y&co=1&ase=2&gclid=CjwKCAjwq6DQBhBVEiwA4ZD5XBK4lE_igoWYUCGSIjTaJfTaqDYoN2gdR8q53h1wQvNV7fw08q50aBoCoC8QAvD_BwE&cce=2&category=acrcp_v1_32&sig=AOD64_28--RBedHwWbvh3Sq4eCIA5xXQ-g&adurl&q&ctype=99&nis=6,"4,4",-37
"https://www.google.com/maps/place/Id%C3%A9ales+Fermetures+M.D.S+%C3%A0+Ouroux-sur-Sa%C3%B4ne+-+Pergolas,+Stores,+Fen%C3%AAtres,+Menuiseries/data=!4m7!3m6!1s0x47f2e200536de56b:0x4f13d047e527bea8!8m2!3d46.720468!4d4.94708!16s%2Fg%2F1hc3l1bfc!19sChIJa-VtUwDi8kcRqL4n5UfQE08?authuser=0&hl=fr&rclk=1","Idéales Fermetures M.D.S à Ouroux-sur-Saône - Pergolas, Stores, Fenêtres, Menuiseries",Atelier de menuiserie,2 Impasse des Charpentiers,03 85 94 96 00,https://www.google.com/aclk?sa=L&ai=DChsSEwjexYDjjL6UAxVFhv0FHU0ZDSEYACICCAEQAhoCd2Y&co=1&ase=2&gclid=CjwKCAjwq6DQBhBVEiwA4ZD5XIb5nYjzoOcAMSp0W60E7FsjQ5NLBDWSTik5Hq45cGRfScXF0khCYxoCZIcQAvD_BwE&cce=2&category=acrcp_v1_32&sig=AOD64_0whSFrQh18nP3iU8gbkkRgOphAcA&adurl&q&ctype=99&nis=6,"3,6",-78
https://www.google.com/maps/place/Cisabac+Chalon-sur-Sa%C3%B4ne/data=!4m7!3m6!1s0x47f2fb426a85cacd:0xf2f31888df78d46f!8m2!3d46.8138923!4d4.8560681!16s%2Fg%2F1td9_0bm!19sChIJzcqFakL78kcRb9R434gY8_I?authuser=0&hl=fr&rclk=1,Cisabac Chalon-sur-Saône,Entreprise de transformation des métaux,·,03 85 97 14 00,http://www.cisabac.com/,"4,2",-5
https://www.google.com/maps/place/Janselme+Garry+couvreur+71+Chalon+sur+saone/data=!4m7!3m6!1s0x47f2fd01effa4bfd:0xeb0bb493ecf3d192!8m2!3d46.77836!4d4.8586699!16s%2Fg%2F11ssk2q_js!19sChIJ_Uv67wH98kcRktHz7JO0C-s?authuser=0&hl=fr&rclk=1,Janselme Garry couvreur 71 Chalon sur saone,Couvreur,Quai Jules Chambion,03 59 28 82 96,https://www.janselme-garry-couvreur.fr/,"4,6",-45
https://www.google.com/maps/place/BARLETTA+SAS/data=!4m7!3m6!1s0x47f2fc8e38050a0b:0xcb5591067805411f!8m2!3d46.787973!4d4.83796!16s%2Fg%2F1tgxhd9v!19sChIJCwoFOI788kcRH0EFeAaRVcs?authuser=0&hl=fr&rclk=1,BARLETTA SAS,Maçon,·,03 85 93 64 03,http://www.barletta.fr/,"3,9",-26
https://www.google.com/maps/place/Normes+et+r%C3%A9novation/data=!4m7!3m6!1s0x47f2fb9bbb0224c5:0x68dfdb187accecf2!8m2!3d46.8099254!4d4.8527711!16s%2Fg%2F11rsh30wps!19sChIJxSQCu5v78kcR8uzMehjb32g?authuser=0&hl=fr&rclk=1,Normes et rénovation,Entrepreneur spécialisé dans l'isolation,6 Rue Pierre de Coubertin,03 85 41 98 86,https://www.normesrenovation.fr/,"4,9",-154
https://www.google.com/maps/place/Bricoman+Chalon+Sur+Saone/data=!4m7!3m6!1s0x47f2fc813959e257:0x174c6ba69231abbb!8m2!3d46.7981531!4d4.8337639!16s%2Fg%2F1thd13yy!19sChIJV-JZOYH88kcRu6sxkqZrTBc?authuser=0&hl=fr&rclk=1,Bricoman Chalon Sur Saone,Magasin de materiaux de construction,·,03 85 45 00 48,https://www.bricoman.fr/,"4,1",-1 933
https://www.google.com/maps/place/Acti%27sol+%26+Sereault+Sarl/data=!4m7!3m6!1s0x47f2fcbe079ac489:0x1d4abbda57e90aa3!8m2!3d46.7801433!4d4.8683775!16s%2Fg%2F1td4jgbj!19sChIJicSaB7788kcRowrpV9q7Sh0?authuser=0&hl=fr&rclk=1,Acti'sol & Sereault Sarl,Entrepreneur spécialisé dans l'isolation,"Les, 21 bis rue Julien Leneveu, Rue des Chavannes",03 85 90 04 68,http://www.actisol-sereault.fr/?utm_source=gmb,"4,2",-11
https://www.google.com/maps/place/BONGLET+Chalon-sur-Saone/data=!4m7!3m6!1s0x47f2fc5aed40e02b:0x20c689451cc18fc2!8m2!3d46.7742775!4d4.8171245!16s%2Fg%2F1tdh7sqd!19sChIJK-BA7Vr88kcRwo_BHEWJxiA?authuser=0&hl=fr&rclk=1,BONGLET Chalon-sur-Saone,Peintre en bâtiment,84 Rte de Givry,03 85 48 27 43,https://particulier.bonglet.fr/?utm_source=gbp&utm_medium=organic&utm_campaign=agence-chalon-sur-saone,"3,7",-12
https://www.google.com/maps/place/ATTILA+Chalon-sur-Sa%C3%B4ne/data=!4m7!3m6!1s0x47f31b0407ac66bf:0xff73daab89872fbb!8m2!3d46.6292776!4d4.8781871!16s%2Fg%2F11lcdhmbzf!19sChIJv2asBwQb80cRuy-Hiavac_8?authuser=0&hl=fr&rclk=1,ATTILA Chalon-sur-Saône,Couvreur,·,03 85 42 46 36,https://www.attila.fr/nos-agences/attila-chalon-sur-saone,"4,9",-32
https://www.google.com/maps/place/Les+Charpentiers+Chalonnais/data=!4m7!3m6!1s0x47f2feb62121209f:0x1f7101273d5896c!8m2!3d46.7975974!4d4.7896905!16s%2Fg%2F1tk4qh7z!19sChIJnyAhIbb-8kcRbInVcxIQ9wE?authuser=0&hl=fr&rclk=1,Les Charpentiers Chalonnais,Charpentier,"Zone Artisanale La Tuilerie, 32 rue des charmilles",03 85 87 71 50,https://les-charpentiers-chalonnais.fr/,5,-2
https://www.google.com/maps/place/Rossignol+Constructions+M%C3%A9talliques+SARL/data=!4m7!3m6!1s0x47f2fc50002185e3:0x3275c1978c390ddf!8m2!3d46.772599!4d4.814629!16s%2Fg%2F1txy1p1b!19sChIJ44UhAFD88kcR3w05jJfBdTI?authuser=0&hl=fr&rclk=1,Rossignol Constructions Métalliques SARL,Installateur de charpentes métalliques,·,03 85 48 29 69,http://www.construction-metallerie-71-bourgogne.fr/,"4,3",-3
https://www.google.com/maps/place/Arti+R%C3%A9novation+Conseil+71/data=!4m7!3m6!1s0x47f2fb4e9803b771:0xd97a757f398ce072!8m2!3d46.7955716!4d4.8298731!16s%2Fg%2F11hbt754c6!19sChIJcbcDmE778kcRcuCMOX91etk?authuser=0&hl=fr&rclk=1,Arti Rénovation Conseil 71,Entrepreneur spécialisé dans l'isolation,·,03 85 42 35 88,https://arti-renovation-conseil.fr/?utm_source=gmb,"4,8",-124
https://www.google.com/maps/place/B.B%C3%A2timent/data=!4m7!3m6!1s0x47f2fc9ea56f4a5b:0x128d0718bcbef571!8m2!3d46.7962215!4d4.8468926!16s%2Fg%2F11vk2rmf02!19sChIJW0pvpZ788kcRcfW-vBgHjRI?authuser=0&hl=fr&rclk=1,B.Bâtiment,Entrepreneur,9 Rue Théodore de Foudras,06 52 84 05 50,https://www.b-batiment.fr/contact-demande-de-devis,,
https://www.google.com/maps/place/Micha%C3%ABl+Guenard/data=!4m7!3m6!1s0x47f2fdaf6a32e567:0xdbd73422a0be7890!8m2!3d46.7542354!4d4.8151876!16s%2Fg%2F1tflrbp2!19sChIJZ-Uyaq_98kcRkHi-oCI019s?authuser=0&hl=fr&rclk=1,Michaël Guenard,Peintre en bâtiment,Chem. de la Réserve,03 85 42 98 46,,5,-5
https://www.google.com/maps/place/Castorama/data=!4m7!3m6!1s0x47f2fcceacea6e2d:0xa478ce5f62e0f1cf!8m2!3d46.7742161!4d4.863267!16s%2Fg%2F1tmpd84w!19sChIJLW7qrM788kcRz_HgYl_OeKQ?authuser=0&hl=fr&rclk=1,Castorama,Magasin de materiaux de construction,·,03 85 93 86 00,https://www.castorama.fr/store/1470?utm_content=chalon-sur-saone&utm_medium=MyBusiness&utm_source=Google,"4,2",-5 656
https://www.google.com/maps/place/METZ+CHRISTOPHE/data=!4m7!3m6!1s0x47f2fbfd8c5300af:0xc9a9c58b048d894f!8m2!3d46.8195495!4d4.8364026!16s%2Fg%2F11rfp_jywn!19sChIJrwBTjP378kcRT4mNBIvFqck?authuser=0&hl=fr&rclk=1,METZ CHRISTOPHE,Service de restauration de bâtiments,7 Rue Charles Lemaux,06 67 73 64 13,https://www.renovation-facade-toiture.fr/,,
https://www.google.com/maps/place/Rageot+Construction+R%C3%A9novation/data=!4m7!3m6!1s0x47f2feb62121209f:0xf802e204f2a286c8!8m2!3d46.7979888!4d4.7907571!16s%2Fg%2F1w8w9bzm!19sChIJnyAhIbb-8kcRyIai8gTiAvg?authuser=0&hl=fr&rclk=1,Rageot Construction Rénovation,Entreprise de construction,La Tuilerie,03 85 93 36 47,http://www.rageot-construction-renovation.fr/,3,-4
https://www.google.com/maps/place/J.A+Artisan/data=!4m7!3m6!1s0x47f2fb3a51a8c17d:0xe2d54ae19ec28a9f!8m2!3d46.8040564!4d4.8351309!16s%2Fg%2F11yb8mdpy2!19sChIJfcGoUTr78kcRn4rCnuFK1eI?authuser=0&hl=fr&rclk=1,J.A Artisan,Service d'élagage,Chem. des Pellerets,06 29 58 20 11,https://www.ja-artisan.fr/,"4,3",-7
https://www.google.com/maps/place/CBC+-+Charpente+Bardage+Couverture/data=!4m7!3m6!1s0x47f2c715da0beb41:0xed65558f4dba0726!8m2!3d46.9942602!4d5.2015736!16s%2Fg%2F11vwj93lw0!19sChIJQesL2hXH8kcRJge6TY9VZe0?authuser=0&hl=fr&rclk=1,CBC - Charpente Bardage Couverture,Entreprise de construction métallique,8 Chem. du Meix Sabotier,06 31 93 03 03,http://cbc-vernotte-cedric.com/,1,-1
https://www.google.com/maps/place/AGK+Toiture/data=!4m7!3m6!1s0x47f2fc5deedaf2b5:0x9c7ffe4a2c07a7a3!8m2!3d47.2780591!4d4.9941289!16s%2Fg%2F11b6d2q0m7!19sChIJtfLa7l388kcRo6cHLEr-f5w?authuser=0&hl=fr&rclk=1,AGK Toiture,Couvreur,·,06 11 93 53 79,,"3,8",-6
https://www.google.com/maps/place/La+Maison+Des+Travaux+Chalon+Sur+Saone/data=!4m7!3m6!1s0x47f2fdc52de135b5:0x941a721550daa252!8m2!3d46.785328!4d4.8521!16s%2Fg%2F11hfqy51jb!19sChIJtTXhLcX98kcRUqLaUBVyGpQ?authuser=0&hl=fr&rclk=1,La Maison Des Travaux Chalon Sur Saone,Travaux généraux,9 Rue de la Citadelle,06 10 93 12 99,https://www.google.com/aclk?sa=L&ai=DChsSEwj579KJjb6UAxVwW0ECHTAjFbwYACICCAEQAhoCd3M&co=1&ase=2&gclid=CjwKCAjwq6DQBhBVEiwA4ZD5XDbmuwwBQzNztnI3RfT-7-c0XOF6ANRp-_GtNBIpSc86CbBvLgMKjBoCjHEQAvD_BwE&cce=2&category=acrcp_v1_32&sig=AOD64_1k-Es0IuSHWF-riOFVeZaXEi9cOg&adurl&q&ctype=99&nis=6,"4,4",-37
"https://www.google.com/maps/place/Id%C3%A9ales+Fermetures+M.D.S+%C3%A0+Ouroux-sur-Sa%C3%B4ne+-+Pergolas,+Stores,+Fen%C3%AAtres,+Menuiseries/data=!4m7!3m6!1s0x47f2e200536de56b:0x4f13d047e527bea8!8m2!3d46.720468!4d4.94708!16s%2Fg%2F1hc3l1bfc!19sChIJa-VtUwDi8kcRqL4n5UfQE08?authuser=0&hl=fr&rclk=1","Idéales Fermetures M.D.S à Ouroux-sur-Saône - Pergolas, Stores, Fenêtres, Menuiseries",Atelier de menuiserie,2 Impasse des Charpentiers,03 85 94 96 00,https://www.google.com/aclk?sa=L&ai=DChsSEwj579KJjb6UAxVwW0ECHTAjFbwYACICCAEQABoCd3M&co=1&ase=2&gclid=CjwKCAjwq6DQBhBVEiwA4ZD5XEpn63GlC20l-yCOtoR816Q527sBzW96UcCWTU3b2wsmRObwjoy5JxoCafAQAvD_BwE&cce=2&category=acrcp_v1_32&sig=AOD64_01l4REMGImRF1KV53k0D1JcpjLyw&adurl&q&ctype=99&nis=6,"3,6",-78
https://www.google.com/maps/place/Aurel%27Aluminium/data=!4m7!3m6!1s0x47f2fde4a327f109:0xa224a90bbb8976ef!8m2!3d46.7817721!4d4.7957829!16s%2Fg%2F11k4qrv4c1!19sChIJCfEno-T98kcR73aJuwupJKI?authuser=0&hl=fr&rclk=1,Aurel'Aluminium,Menuisier,Rue des Sablières,06 45 49 37 56,,5,-7
https://www.google.com/maps/place/B.Batiment/data=!4m7!3m6!1s0x270b93fc4d980f03:0xdad4674488ec7f24!8m2!3d46.9095802!4d4.8421293!16s%2Fg%2F11st8jfbdm!19sChIJAw-YTfyTCycRJH_siERn1No?authuser=0&hl=fr&rclk=1,B.Batiment,Peintre en bâtiment,·,06 52 84 05 50,https://www.b-batiment.fr/,5,-5
https://www.google.com/maps/place/Baux+-+Couverture+Bardage+Etanch%C3%A9it%C3%A9/data=!4m7!3m6!1s0x47f36fc01f223133:0x101654a3b19b1ecb!8m2!3d46.2829736!4d4.7952795!16s%2Fg%2F1tkl2npw!19sChIJMzEiH8Bv80cRyx6bsaNUFhA?authuser=0&hl=fr&rclk=1,Baux - Couverture Bardage Etanchéité,Façadier,·,03 85 39 01 87,https://www.baux-bardage.com/,4,-10
https://www.google.com/maps/place/Rebillard+Pierre/data=!4m7!3m6!1s0x47f2e1feb853ffa5:0xf62fb5dcb4d9dc26!8m2!3d46.7232815!4d4.9420754!16s%2Fg%2F1wbfzrg7!19sChIJpf9TuP7h8kcRJtzZtNy1L_Y?authuser=0&hl=fr&rclk=1,Rebillard Pierre,Couvreur,4 Rue de la Charme,03 85 96 07 63,http://www.rebillard-couverture.fr/,4,-2
https://www.google.com/maps/place/AC+Couverture+71/data=!4m7!3m6!1s0x47f2f741962a1895:0xfa3df86b6204656a!8m2!3d46.891785!4d4.7658725!16s%2Fg%2F11q4cfyzxs!19sChIJlRgqlkH38kcRamUEYmv4Pfo?authuser=0&hl=fr&rclk=1,AC Couverture 71,Couvreur,16 Chem. des Champagnes,06 24 75 54 59,https://www.ac-couverture-71.fr/,5,-2
https://www.google.com/maps/place/AUBRY+ANTOINE/data=!4m7!3m6!1s0x47f2fd34f7e7d321:0x42592f438a06641a!8m2!3d47.9069274!4d3.1443184!16s%2Fg%2F11q_fyjcxk!19sChIJIdPn9zT98kcRGmQGikMvWUI?authuser=0&hl=fr&rclk=1,AUBRY ANTOINE,Couvreur,·,06 23 60 52 43,https://www.facebook.com/AUBRY-1848882405127417,5,-1
https://www.google.com/maps/place/Alp%27Habitat/data=!4m7!3m6!1s0x12cb5d72b7cebdeb:0x9b6d68e81ff5c4ef!8m2!3d44.547569!4d6.268501!16s%2Fg%2F11b6dpy32k!19sChIJ673Ot3JdyxIR78T1H-hobZs?authuser=0&hl=fr&rclk=1,Alp'Habitat,Menuisier,285 N94,04 92 50 26 43,https://www.google.com/aclk?sa=L&ai=DChsSEwiroZnWjb6UAxW1OwYAHVP7LpcYACICCAEQABoCd3M&co=1&ase=2&gclid=CjwKCAjwq6DQBhBVEiwA4ZD5XFAbpOM-MBoQ_x966obs87dTnhECaOO13fcaDaHEI02Gvaklt_Z9SBoCK_EQAvD_BwE&cce=2&category=acrcp_v1_32&sig=AOD64_1hq2tlrLBqWJkWIcIH5iyJ-rwsZw&adurl&q&ctype=99&nis=6,"4,6",-38
https://www.google.com/maps/place/ACR+Alpes+Construction+Renovation+sarl/data=!4m7!3m6!1s0x12cca17f3d5ead67:0xd7785d026edc1f7!8m2!3d44.549714!4d6.492847!16s%2Fg%2F11vl7kms8n!19sChIJZ61ePX-hzBIR98HtJtCFdw0?authuser=0&hl=fr&rclk=1,ACR Alpes Construction Renovation sarl,Maçon,14 Rue du Torrent,06 70 06 37 17,https://www.google.com/aclk?sa=L&ai=DChsSEwiroZnWjb6UAxW1OwYAHVP7LpcYACICCAEQARoCd3M&co=1&ase=2&gclid=CjwKCAjwq6DQBhBVEiwA4ZD5XAcwJDeA97N8uUmbjVGf2mjFoERDj7127a9YdVIgBLePPKyuWZ5YRRoCFLsQAvD_BwE&cce=2&category=acrcp_v1_32&sig=AOD64_0rr6BRf4HVDlrV0NcHtS6ZUyH9xw&adurl&q&ctype=99&nis=6,5,-21
https://www.google.com/maps/place/Cordalpes/data=!4m7!3m6!1s0x12cb3f0071205049:0xfabcd64047fe4afc!8m2!3d44.5438155!4d6.0600969!16s%2Fg%2F11yw7_5r3q!19sChIJSVAgcQA_yxIR_Er-R0DWvPo?authuser=0&hl=fr&rclk=1,Cordalpes,Couvreur,1 Rue des Tulipes,06 87 87 70 48,https://www.charpentier-gap.fr/,5,-29
https://www.google.com/maps/place/Isolbat+2+Eco/data=!4m7!3m6!1s0x12cb3fe16a40058f:0xa7ee3df204e62ca5!8m2!3d44.5486889!4d6.0560644!16s%2Fg%2F11jg8g_nmv!19sChIJjwVAauE_yxIRpSzmBPI97qc?authuser=0&hl=fr&rclk=1,Isolbat 2 Eco,Entrepreneur spécialisé dans l'isolation,·,04 92 51 66 71,https://isolbat2eco.fr/,"4,2",-5
https://www.google.com/maps/place/Etablissements+Chaix/data=!4m7!3m6!1s0x12cb405acde959bb:0xe6797c88ccf7083f!8m2!3d44.5664576!4d6.0979388!16s%2Fg%2F11c1v1ccsh!19sChIJu1npzVpAyxIRPwj3zIh8eeY?authuser=0&hl=fr&rclk=1,Etablissements Chaix,Entreprise d'étanchéité,3 All. du Torrent,04 92 51 32 78,https://ets-chaix.fr/,"4,6",-5
https://www.google.com/maps/place/FDS+Projet+Bois/data=!4m7!3m6!1s0x12cb3f858dc596e1:0xaba2e750c787ccb6!8m2!3d44.5656625!4d6.1059149!16s%2Fg%2F11c6dljhfw!19sChIJ4ZbFjYU_yxIRtsyHx1Dnoqs?authuser=0&hl=fr&rclk=1,FDS Projet Bois,Charpentier,26C Rte de la Justice,04 92 23 15 98,https://fdsprojetbois.fr/?id=1,"4,8",-14
https://www.google.com/maps/place/SB+Construction+Isolation/data=!4m7!3m6!1s0x12cb4196c4df228b:0x7a16ef2425703d2f!8m2!3d44.5648768!4d6.0912003!16s%2Fg%2F11nmm0ktst!19sChIJiyLfxJZByxIRLz1wJSTvFno?authuser=0&hl=fr&rclk=1,SB Construction Isolation,Entrepreneur spécialisé dans l'isolation,18 Av. Emile Didier,07 63 62 04 85,http://www.sb-construction05.fr/,5,-32
https://www.google.com/maps/place/Les+Charpentiers+SARL/data=!4m7!3m6!1s0x12cb40443e3ba2e7:0x1881e74e626a8222!8m2!3d44.5624384!4d6.0960775!16s%2Fg%2F1wjwxqcb!19sChIJ56I7PkRAyxIRIoJqYk7ngRg?authuser=0&hl=fr&rclk=1,Les Charpentiers SARL,Charpentier,8 Rue des Métiers ZA,04 92 53 53 28,http://www.les-charpentiers-gap.fr/,5,-10
https://www.google.com/maps/place/Dautremer+Charpente+Couverture/data=!4m7!3m6!1s0x12cb4073033263ed:0x2c2d39ab13b1e7c3!8m2!3d44.5638917!4d6.1099313!16s%2Fg%2F1tcynr43!19sChIJ7WMyA3NAyxIRw-exE6s5LSw?authuser=0&hl=fr&rclk=1,Dautremer Charpente Couverture,Charpentier,"15, rue des compagnons ZA les Fauvins 2",04 92 53 41 03,http://www.dautremer.fr/,"4,2",-6
https://www.google.com/maps/place/Marrou+Construction+M%C3%A9tallique+MCM/data=!4m7!3m6!1s0x12cb41b2fe802c97:0xff0c9fa9d45b7f30!8m2!3d44.563341!4d6.1125333!16s%2Fg%2F1wgfm6kr!19sChIJlyyA_rJByxIRMH9b1KmfDP8?authuser=0&hl=fr&rclk=1,Marrou Construction Métallique MCM,Installateur de charpentes métalliques,"Za Les Fauvins 2, 2 Rue des Compagnons",04 92 53 50 64,http://www.mcm05.fr/,5,-7
https://www.google.com/maps/place/RT2C/data=!4m7!3m6!1s0x12cb5d46f0fe648d:0x7eaba3eb1bad1eb4!8m2!3d44.520516!4d6.019608!16s%2Fg%2F11j4czj069!19sChIJjWT-8EZdyxIRtB6tG-ujq34?authuser=0&hl=fr&rclk=1,RT2C,Charpentier,488 Rue ZA Marcel Finette,04 92 43 33 73,https://www.rt2c.fr/,5,-58
https://www.google.com/maps/place/Hidalgo+Corp/data=!4m7!3m6!1s0x12cb3fffcd63fcdf:0x2451291c053490e1!8m2!3d45.7944452!4d3.9111528!16s%2Fg%2F1tn8nr8l!19sChIJ3_xjzf8_yxIR4ZA0BRwpUSQ?authuser=0&hl=fr&rclk=1,Hidalgo Corp,Constructeur de maisons personnalisées,·,06 30 71 31 33,,5,-17
https://www.google.com/maps/place/FUITE+TOITURE+05/data=!4m7!3m6!1s0xa2620cb60e72d53:0xc85fdff4637119d6!8m2!3d44.5796693!4d6.0615793!16s%2Fg%2F11syr2ylkh!19sChIJUy3nYMsgJgoR1hlxY_TfX8g?authuser=0&hl=fr&rclk=1,FUITE TOITURE 05,Couvreur,·,06 26 53 77 92,,5,-30
https://www.google.com/maps/place/Surfaclean/data=!4m7!3m6!1s0x2c204e29b466f19d:0x8ef5a606abb32392!8m2!3d44.5337689!4d6.0529809!16s%2Fg%2F11jztk4rlx!19sChIJnfFmtClOICwRkiOzqwam9Y4?authuser=0&hl=fr&rclk=1,Surfaclean,Service de nettoyage et d'entretien,"Bâtiment Ferme Belle Aureille, Micropolis, Quartier N° F107",06 81 25 29 86,https://surfaclean.net/,5,-25
https://www.google.com/maps/place/Totem/data=!4m7!3m6!1s0x12cb406fec97e259:0x5d944fa7d5394c92!8m2!3d44.5663244!4d6.0797797!16s%2Fg%2F11b6d3j3ks!19sChIJWeKX7G9AyxIRkkw51adPlF0?authuser=0&hl=fr&rclk=1,Totem,Travaux en hauteur,28 Rue Charles Aurouze,06 70 07 29 33,http://www.totem-travaux.fr/,5,-3
https://www.google.com/maps/place/Ferrari+r%C3%A9novation/data=!4m7!3m6!1s0x12cb6b135c2dd673:0xad5755ef319e2abe!8m2!3d44.5280432!4d6.0680907!16s%2Fg%2F11xcdl_pqt!19sChIJc9YtXBNryxIRviqeMe9VV60?authuser=0&hl=fr&rclk=1,Ferrari rénovation,Peintre en bâtiment,Rte des Prés,04 82 29 73 35,https://www.ferrari-renovation.fr/,5,-5
https://www.google.com/maps/place/ABS+ALPES+BOIS+STRUCTURE/data=!4m7!3m6!1s0xab7a2d018f2d5349:0xf08f36835526a109!8m2!3d44.0688731!4d4.0758487!16s%2Fg%2F11v_17lj2b!19sChIJSVMtjwEteqsRCaEmVYM2j_A?authuser=0&hl=fr&rclk=1,ABS ALPES BOIS STRUCTURE,Charpentier,·,06 74 59 59 75,https://www.abs05.fr/,5,-6
https://www.google.com/maps/place/Couvreur+Des+Alpes+-+Depuis+20+ans/data=!4m7!3m6!1s0x820826183913b995:0x41e67e8a222f190d!8m2!3d44.5393487!4d6.0551692!16s%2Fg%2F11ty14b64n!19sChIJlbkTORgmCIIRDRkvIop-5kE?authuser=0&hl=fr&rclk=1,Couvreur Des Alpes - Depuis 20 ans,Couvreur,60 Av. de Provence,07 67 40 10 15,https://couvreur-des-alpes.fr/,"3,2",-9
https://www.google.com/maps/place/Technitoit+Gap/data=!4m7!3m6!1s0x12cb13294a253c09:0xb0e19bc20eb609a9!8m2!3d44.4518581!4d6.0314488!16s%2Fg%2F11rbfkxzq3!19sChIJCTwlSikTyxIRqQm2DsKb4bA?authuser=0&hl=fr&rclk=1,Technitoit Gap,Entrepreneur spécialisé dans l'isolation,·,04 81 68 26 48,https://www.technitoit.com/agence/hautes-alpes-05-gap-renovation?utm_source=gmb&utm_medium=gmb,"4,7",-112
https://www.google.com/maps/place/Gecalpes/data=!4m7!3m6!1s0x12cb5df686cf498f:0xeeb6b4be51b0526b!8m2!3d44.5557507!4d6.2577592!16s%2Fg%2F11cmhzhwmr!19sChIJj0nPhvZdyxIRa1KwUb60tu4?authuser=0&hl=fr&rclk=1,Gecalpes,Entreprise d'étanchéité,·,04 92 20 45 46,http://www.gecalpes.fr/,4,-4
https://www.google.com/maps/place/Construction+Bois+Orsi/data=!4m7!3m6!1s0x12cb41e3c3a6315b:0xe5a0378a63ceced6!8m2!3d44.6335922!4d6.3443342!16s%2Fg%2F11fsfk7rbq!19sChIJWzGmw-NByxIR1s7OY4o3oOU?authuser=0&hl=fr&rclk=1,Construction Bois Orsi,Charpentier,·,06 13 35 08 66,https://www.construction-bois-orsi.fr/,5,-7
https://www.google.com/maps/place/Garcin+Peinture/data=!4m7!3m6!1s0x12cb1542f683b39f:0x361b317371d25801!8m2!3d44.3975854!4d6.247759!16s%2Fg%2F1tv57x6w!19sChIJn7OD9kIVyxIRAVjScXMxGzY?authuser=0&hl=fr&rclk=1,Garcin Peinture,Entrepreneur spécialisé dans l'isolation,·,04 92 53 97 85,http://unbrinnature-gap.site-solocal.com/,4,-5
https://www.google.com/maps/place/Alp%27Habitat/data=!4m7!3m6!1s0x12cb5d72b7cebdeb:0x9b6d68e81ff5c4ef!8m2!3d44.547569!4d6.268501!16s%2Fg%2F11b6dpy32k!19sChIJ673Ot3JdyxIR78T1H-hobZs?authuser=0&hl=fr&rclk=1,Alp'Habitat,Menuisier,285 N94,04 92 50 26 43,https://www.google.com/aclk?sa=L&ai=DChsSEwihtefbjb6UAxUip2gJHf49NZUYACICCAEQAxoCd2Y&co=1&ase=2&gclid=CjwKCAjwq6DQBhBVEiwA4ZD5XLfyr87VkyrqKJ_jn3nEEfZrBeH6T0CdvzaXp3lrGEh7xZ2-6hq2-BoCKjEQAvD_BwE&cce=2&category=acrcp_v1_32&sig=AOD64_2S-Lp1HMtcs94AacUALUcqh6ha3Q&adurl&q&ctype=99&nis=6,"4,6",-38
"https://www.google.com/maps/place/Komilfo+Miroiterie+des+Alpes+%C3%A0+Gap+-+Pergolas,+Stores,+Fen%C3%AAtres,+Menuiseries/data=!4m7!3m6!1s0x12cb404f9053a36b:0x34250d5355ddbf2c!8m2!3d44.564843!4d6.100846!16s%2Fg%2F1ttthxz4!19sChIJa6NTkE9AyxIRLL_dVVMNJTQ?authuser=0&hl=fr&rclk=1","Komilfo Miroiterie des Alpes à Gap - Pergolas, Stores, Fenêtres, Menuiseries",Menuisier,2 Boulevard d'Orient,04 92 51 02 13,https://www.google.com/aclk?sa=L&ai=DChsSEwihtefbjb6UAxUip2gJHf49NZUYACICCAEQARoCd2Y&co=1&ase=2&gclid=CjwKCAjwq6DQBhBVEiwA4ZD5XI--Fy7niWRKMLdGuX539TqdlJxYR9jpDxp0p8xJm-FRHBEf-3DZDxoCUZ4QAvD_BwE&cce=2&category=acrcp_v1_32&sig=AOD64_1uSxKYDKoEVLLpeDrGFA473PPpwQ&adurl&q&ctype=99&nis=6,"4,8",-130
https://www.google.com/maps/place/Nicolas+Charpentes+-+Pro+Bois/data=!4m7!3m6!1s0x12cb2283082bcee9:0x6bd511e4fda6aefd!8m2!3d44.5510056!4d5.8625581!16s%2Fg%2F1tg09xtq!19sChIJ6c4rCIMiyxIR_a6m_eQR1Ws?authuser=0&hl=fr&rclk=1,Nicolas Charpentes - Pro Bois,Charpentier,Le Boutariq,04 92 58 11 11,https://nicolascharpentes.fr/,"4,6",-22
https://www.google.com/maps/place/Alpes+R%C3%A9novations+Artisan+Adel/data=!4m7!3m6!1s0x12cb074864dbf449:0x9adadd7fa71f685e!8m2!3d44.3085721!4d5.8314939!16s%2Fg%2F11z5brg5zf!19sChIJSfTbZEgHyxIRXmgfp3_d2po?authuser=0&hl=fr&rclk=1,Alpes Rénovations Artisan Adel,Peintre en bâtiment,56B Av. de Provence,07 50 82 00 43,https://www.alpes-renovations-adel.fr/,5,-10
https://www.google.com/maps/place/alp%27structure+bois/data=!4m7!3m6!1s0x8362fbbf95ab27f7:0x14794495c3ac8d8c!8m2!3d44.5796693!4d6.0615793!16s%2Fg%2F11x_ffqdq4!19sChIJ9yerlb_7YoMRjI2sw5VEeRQ?authuser=0&hl=fr&rclk=1,alp'structure bois,Charpentier,·,06 59 46 07 27,https://www.alpes-renovation.fr/,,
https://www.google.com/maps/place/Les+couvreurs+du+tarn/data=!4m7!3m6!1s0xa594f7d2a4ce7603:0xfb4412544f035a6d!8m2!3d43.696939!4d1.829719!16s%2Fg%2F11w8xhcd88!19sChIJA3bOpNL3lKURbVoDT1QSRPs?authuser=0&hl=fr&rclk=1,Les couvreurs du tarn,Couvreur,160 Imp. Louisa Paulin,06 68 17 36 79,https://www.google.com/aclk?sa=L&ai=DChsSEwjlr6j2jb6UAxU4omgJHfGwESMYACICCAEQARoCd2Y&co=1&ase=2&gclid=CjwKCAjwq6DQBhBVEiwA4ZD5XE3O6jqsOc9i-nF0gyEF6c2zdCIhTlcxUgB3eD98slnri2Q_6EU48xoCg5gQAvD_BwE&cce=2&category=acrcp_v1_32&sig=AOD64_1Ch-CYiUKvMBAS9mUO1qMCOHPV6g&adurl&q&ctype=99&nis=6,5,-43
https://www.google.com/maps/place/La+Boutique+du+Menuisier+-+Castres+-/data=!4m7!3m6!1s0x12ae12e48a030b51:0x7d3eec67534805f2!8m2!3d43.584513!4d2.171747!16s%2Fg%2F11btltd323!19sChIJUQsDiuQSrhIR8gVIU2fsPn0?authuser=0&hl=fr&rclk=1,La Boutique du Menuisier - Castres -,Menuisier,4 Avenue du Commerce et l'Artisanat,05 63 74 88 43,https://www.google.com/aclk?sa=L&ai=DChsSEwjlr6j2jb6UAxU4omgJHfGwESMYACICCAEQAhoCd2Y&co=1&ase=2&gclid=CjwKCAjwq6DQBhBVEiwA4ZD5XBl7KYKYEq3lyoIDtml4XHNj-ujopuyWV76PEAmEfTUpRFIGsqDcHBoCi9oQAvD_BwE&cce=2&category=acrcp_v1_32&sig=AOD64_0dRJC105xkApFiTQSfn8cH-o1-yA&adurl&q&ctype=99&nis=6,"4,7",-84
https://www.google.com/maps/place/Canadas+Habitat/data=!4m7!3m6!1s0x12ae135d4ec3e925:0x1a0ff0a17c4bc728!8m2!3d43.590592!4d2.214656!16s%2Fg%2F11lrp6hn2b!19sChIJJenDTl0TrhIRKMdLfKHwDxo?authuser=0&hl=fr&rclk=1,Canadas Habitat,Entrepreneur spécialisé dans l'isolation,·,05 63 71 03 28,https://www.canadas-habitat.com/,"4,8",-264
https://www.google.com/maps/place/Facade%27Alu+81/data=!4m7!3m6!1s0x12ae12253fbf174f:0x9191a5ad2bc6322d!8m2!3d43.590798!4d2.207495!16s%2Fg%2F1tkjn7cw!19sChIJTxe_PyUSrhIRLTLGK62lkZE?authuser=0&hl=fr&rclk=1,Facade'Alu 81,Entrepreneur spécialisé dans l'isolation,·,05 63 51 06 27,http://www.facadealu.com/,"4,8",-10
https://www.google.com/maps/place/Concept+Habitat+Services+EIRL/data=!4m7!3m6!1s0x12ae0fd9c6388c65:0x247231ee65709dbc!8m2!3d43.6180955!4d2.2751396!16s%2Fg%2F11g5_f0j1s!19sChIJZYw4xtkPrhIRvJ1wZe4xciQ?authuser=0&hl=fr&rclk=1,Concept Habitat Services EIRL,Atelier de menuiserie,·,07 81 52 33 32,http://www.barrau-chs.com/,5,-13
https://www.google.com/maps/place/CB+Couverture/data=!4m7!3m6!1s0x12ae11aa6f2ec633:0x1d31ababaf9364b3!8m2!3d43.6072029!4d2.2629431!16s%2Fg%2F11y4mxzdkb!19sChIJM8Yub6oRrhIRs2STr6urMR0?authuser=0&hl=fr&rclk=1,CB Couverture,Couvreur,41 Chem. de Bel air,06 13 50 06 63,https://couvreur-charly-81.fr/,"4,7",-14
https://www.google.com/maps/place/BATIRENO+Votre+solution+Energie/data=!4m7!3m6!1s0x8e2d619a82e3a1c1:0x96bcabb5fc298158!8m2!3d43.7918754!4d2.2363386!16s%2Fg%2F11vstywyn9!19sChIJwaHjgpphLY4RWIEp_LWrvJY?authuser=0&hl=fr&rclk=1,BATIRENO Votre solution Energie,Entrepreneur spécialisé dans l'isolation,·,06 58 47 70 30,https://batireno-81.fr/,5,-2
https://www.google.com/maps/place/Co+Perex/data=!4m7!3m6!1s0x12ae123f5500ef6f:0xbd58277026f60aa5!8m2!3d43.592638!4d2.2014641!16s%2Fg%2F1tdf_sdp!19sChIJb-8AVT8SrhIRpQr2JnAnWL0?authuser=0&hl=fr&rclk=1,Co Perex,Peintre en bâtiment,56 Rue Ludovic Julien,05 63 59 06 82,http://www.coperex.fr/?utm_source=gmb,"4,9",-14
https://www.google.com/maps/place/Bati+Reno/data=!4m7!3m6!1s0x12ae11e65dd63b95:0xf3b1d5165b8e83ef!8m2!3d43.672839!4d2.22766!16s%2Fg%2F11h1zwvjyd!19sChIJlTvWXeYRrhIR74OOWxbVsfM?authuser=0&hl=fr&rclk=1,Bati Reno,Couvreur,·,06 58 47 70 30,https://www.facebook.com/batireno81?utm_source=gmb,5,-81
https://www.google.com/maps/place/Codina+et+Fils/data=!4m7!3m6!1s0x12ae6b6bc9d01787:0xb41e4f83bf58f8c0!8m2!3d43.5641478!4d2.1290312!16s%2Fg%2F1vb67l1n!19sChIJhxfQyWtrrhIRwPhYv4NPHrQ?authuser=0&hl=fr&rclk=1,Codina et Fils,Fournisseur de métal,·,05 63 75 53 00,https://www.codinaproduitsmetallurgiques.fr/?utm_source=gmb,"4,5",-137
https://www.google.com/maps/place/Toiture+Elite/data=!4m7!3m6!1s0x12ae11bbcdf52b71:0x89d15857227e16d6!8m2!3d43.5989655!4d2.2555568!16s%2Fg%2F11vr58fw9g!19sChIJcSv1zbsRrhIR1hZ-IldY0Yk?authuser=0&hl=fr&rclk=1,Toiture Elite,Couvreur,116 Rue Maroulet,,https://toitureelite.xyz/,5,-7
https://www.google.com/maps/place/M%C3%A9tallerie+Bardy/data=!4m7!3m6!1s0x12ae11e35c12a7d7:0x7b573edbfda3b147!8m2!3d43.5965429!4d2.2340815!16s%2Fg%2F11lgvpdcxp!19sChIJ16cSXOMRrhIRR7Gj_ds-V3s?authuser=0&hl=fr&rclk=1,Métallerie Bardy,Atelier de métallerie,·,06 41 00 81 74,,"4,2",-5
https://www.google.com/maps/place/Clomen/data=!4m7!3m6!1s0x12ae11c692f9e0d9:0x5f2bb4189facd449!8m2!3d43.5914344!4d2.2159857!16s%2Fg%2F11fz9_75x_!19sChIJ2eD5ksYRrhIRSdSsnxi0K18?authuser=0&hl=fr&rclk=1,Clomen,Atelier de menuiserie,·,05 63 51 35 59,https://clomen.fr/?utm_source=gmb,"4,4",-60
https://www.google.com/maps/place/Alti81/data=!4m7!3m6!1s0x12ae1034fc63a0d1:0x224b61b3456ce1bc!8m2!3d30.6959409!4d-49.8171262!16s%2Fg%2F11f3jdt0_x!19sChIJ0aBj_DQQrhIRvOFsRbNhSyI?authuser=0&hl=fr&rclk=1,Alti81,Couvreur,·,05 63 35 47 08,https://www.alti81.fr/,"4,8",-8
https://www.google.com/maps/place/CD+TOITURE/data=!4m7!3m6!1s0x12ae6db098de1c0f:0xb2bc81c520f9e637!8m2!3d43.5617533!4d2.1218883!16s%2Fg%2F11rsh2nlc0!19sChIJDxzemLBtrhIRN-b5IMWBvLI?authuser=0&hl=fr&rclk=1,CD TOITURE,Couvreur,756 Av. de Castres,06 50 60 70 02,,5,-30
https://www.google.com/maps/place/GPPS/data=!4m7!3m6!1s0x12ae0c4d226df391:0x183a439a9033288!8m2!3d43.7918754!4d2.2363386!16s%2Fg%2F11c6w0ct9d!19sChIJkfNtIk0MrhIRiDIDqTmkgwE?authuser=0&hl=fr&rclk=1,GPPS,Entrepreneur spécialisé dans l'isolation,·,05 63 62 78 96,http://www.plaquiste-castres.com/,5,-4
https://www.google.com/maps/place/Sarl+CJ+Brenac/data=!4m7!3m6!1s0x12ae16c2aa9b06a7:0x1b37a7c533fea1ce!8m2!3d43.518582!4d2.253943!16s%2Fg%2F11b6d5v_gw!19sChIJpwabqsIWrhIRzqH-M8WnNxs?authuser=0&hl=fr&rclk=1,Sarl CJ Brenac,Maçon,130 Imp. les Hauts des Margaridous,05 63 37 10 60,https://www.cj-brenac.com/?utm_source=gmb,5,-14
https://www.google.com/maps/place/Monsieur+Store+Castres-+ETS+TECHNIC+BAIE-+Fen%C3%AAtres-+Volets-+Moustiquaires-+Portes-+Pergolas-+Portails./data=!4m7!3m6!1s0x12ae12396c404077:0xc5bef0925c5204a0!8m2!3d43.5906028!4d2.2060248!16s%2Fg%2F1v3z_vmp!19sChIJd0BAbDkSrhIRoARSXJLwvsU?authuser=0&hl=fr&rclk=1,Monsieur Store Castres- ETS TECHNIC BAIE- Fenêtres- Volets- Moustiquaires- Portes- Pergolas- Portails.,Magasin de stores et de rideaux,·,05 63 72 14 14,https://monsieurstore.com/magasin/castres-81100/?utm_source=google&utm_medium=organic&utm_campaign=gmb-listing,"4,9",-68
https://www.google.com/maps/place/Tressens/data=!4m7!3m6!1s0x12ae11deaec51053:0x9691b454277237c5!8m2!3d43.6110925!4d2.2477559!16s%2Fg%2F11b6d1rg6x!19sChIJUxDFrt4RrhIRxTdyJ1S0kZY?authuser=0&hl=fr&rclk=1,Tressens,Peintre en bâtiment,76 Rue Théron Perie,05 63 97 98 16,,"4,8",-5
https://www.google.com/maps/place/Avenir+R%C3%A9novations+30+N%C3%AEmes/data=!4m7!3m6!1s0x12b42f3503ea2011:0xaf6ffb016c429279!8m2!3d43.813838!4d4.312825!16s%2Fg%2F11s4jspqqs!19sChIJESDqAzUvtBIReZJCbAH7b68?authuser=0&hl=fr&rclk=1,Avenir Rénovations 30 Nîmes,Travaux généraux,162 Rue Louis Lumière,04 81 68 48 62,https://www.google.com/aclk?sa=L&ai=DChsSEwjhy6-Jjr6UAxXTPAYAHQMAKZgYACICCAEQARoCd3M&co=1&ase=2&gclid=CjwKCAjwq6DQBhBVEiwA4ZD5XIsogMIb0d03JFcDGblPGrp27CADvuxuWYKP3nY0KWucxmF0EELQDRoCyucQAvD_BwE&cce=2&category=acrcp_v1_32&sig=AOD64_3MFFImChBJhUuG5hjk2z1wU72fyA&adurl&q&ctype=99&nis=6,"4,4",-19
https://www.google.com/maps/place/IB+BAT+R%C3%A9novation/data=!4m7!3m6!1s0x12b42de2f2b86621:0xc075bd541a089cb6!8m2!3d43.817087!4d4.337057!16s%2Fg%2F11yxm82zgn!19sChIJIWa48uIttBIRtpwIGlS9dcA?authuser=0&hl=fr&rclk=1,IB BAT Rénovation,Travaux généraux,132 Chemin de l'Homme Mort,07 55 54 64 94,https://www.google.com/aclk?sa=L&ai=DChsSEwjhy6-Jjr6UAxXTPAYAHQMAKZgYACICCAEQAxoCd3M&co=1&ase=2&gclid=CjwKCAjwq6DQBhBVEiwA4ZD5XOmEmY_Nwhs9JiG9nAsaN1oJnVQyvGi0ml7IYAfltI8XsNGo4M4kQhoCSHUQAvD_BwE&cce=2&category=acrcp_v1_32&sig=AOD64_3XLt_pzniQU68cdFnGa7BPg3rNAA&adurl&q&ctype=99&nis=6,5,-16
https://www.google.com/maps/place/Soci%C3%A9t%C3%A9+Rossi+Fr%C3%A8res/data=!4m7!3m6!1s0x12b5d8aaffe33ccb:0x9fe74413d780231e!8m2!3d43.6995725!4d4.6429567!16s%2Fg%2F1vd3xw5j!19sChIJyzzj_6rYtRIRHiOA1xNE558?authuser=0&hl=fr&rclk=1,Société Rossi Frères,Charpentier,6 Av. de la Libération,04 90 96 10 39,http://www.rossicharpente.fr/,"4,3",-7
https://www.google.com/maps/place/Batif+Arles/data=!4m7!3m6!1s0x12b677411fca90df:0x7d77bc03eb2a4068!8m2!3d43.6693253!4d4.6018817!16s%2Fg%2F11v9xy28lx!19sChIJ35DKH0F3thIRaEAq6wO8d30?authuser=0&hl=fr&rclk=1,Batif Arles,Couvreur,Av. de l'Abbé Pierre,06 19 75 68 23,https://www.batif.fr/,"4,9",-77
https://www.google.com/maps/place/Delporte+Artisan+Couvreur+zingueur/data=!4m7!3m6!1s0x12b42dab4ed42737:0xfeea7c9838a85965!8m2!3d43.6774452!4d4.6809558!16s%2Fg%2F11j8vw7lmr!19sChIJNyfUTqsttBIRZVmoOJh86v4?authuser=0&hl=fr&rclk=1,Delporte Artisan Couvreur zingueur,Couvreur,381 Draille de Barracan,06 19 24 17 50,https://www.artdelporte-toiture-13.fr/,"4,8",-28
https://www.google.com/maps/place/ENTREPRISE+CEL/data=!4m7!3m6!1s0x12b677b161d8f0eb:0x6bce376f7c6f2231!8m2!3d43.6615186!4d4.6219249!16s%2Fg%2F11fd4t0p2z!19sChIJ6_DYYbF3thIRMSJvfG83zms?authuser=0&hl=fr&rclk=1,ENTREPRISE CEL,Maçon,30 Rue Gaspard Monge,07 71 76 66 51,https://www.maconnerie-cel.com/,5,-73
https://www.google.com/maps/place/Ciffr%C3%A9o+Bona+Travaux+Publics/data=!4m7!3m6!1s0x12b5d8ac7183965f:0x3eb3a78036a58264!8m2!3d43.7029473!4d4.6413861!16s%2Fg%2F1tgv95wd!19sChIJX5aDcazYtRIRZIKlNoCnsz4?authuser=0&hl=fr&rclk=1,Ciffréo Bona Travaux Publics,Magasin de materiaux de construction,·,04 90 18 31 70,http://www.ciffreobona.fr/,4,-38
https://www.google.com/maps/place/UNION-MATERIAUX+ARLES/data=!4m7!3m6!1s0x12b6765c52b313e9:0x6541d7adf3f17918!8m2!3d43.665664!4d4.62314!16s%2Fg%2F1v7x_vmq!19sChIJ6ROzUlx2thIRGHnx863XQWU?authuser=0&hl=fr&rclk=1,UNION-MATERIAUX ARLES,Magasin de materiaux de construction,·,04 90 96 00 02,https://www.union-materiaux.fr/agence/union-materiaux-arles,"4,4",-38
https://www.google.com/maps/place/SIMIAN+MACONNERIE+SARL/data=!4m7!3m6!1s0x12b674cd48d514b7:0xf719924aa6994839!8m2!3d43.5440594!4d4.7074999!16s%2Fg%2F1q6619w6x!19sChIJtxTVSM10thIROUiZpkqSGfc?authuser=0&hl=fr&rclk=1,SIMIAN MACONNERIE SARL,Maçon,·,06 88 48 60 23,http://www.simian-maconnerie.fr/,"4,7",-12
https://www.google.com/maps/place/%F0%9F%8F%A1+FA%C3%87ADES+BASQUES+Applicateur+Exclusif+VERTIKAL%C2%AE/data=!4m7!3m6!1s0xd516bf58eaea0d9:0xa0bf30aa8f316851!8m2!3d43.496262!4d-1.538549!16s%2Fg%2F11fm5y3c66!19sChIJ2aCujvVrUQ0RUWgxj6owv6A?authuser=0&hl=fr&rclk=1,🏡 FAÇADES BASQUES Applicateur Exclusif VERTIKAL®,Façadier,1 Place de la Chapelle,05 59 29 13 57,https://www.google.com/aclk?sa=L&ai=DChsSEwjIyqeZjr6UAxW1rWgJHR8DLEEYACICCAEQARoCd2Y&co=1&ase=2&gclid=CjwKCAjwq6DQBhBVEiwA4ZD5XNir2fip_9SnknIV8OYSMqGdP-r3zLsNmtWExjJX2weh0T2RVkSrXxoCFgIQAvD_BwE&cce=2&category=acrcp_v1_32&sig=AOD64_0LOi5pAIwgCOlz22Woo9kMt-NkSA&adurl&q&ctype=99&nis=6,"4,2",-20
https://www.google.com/maps/place/MURPROTEC+BIARRITZ/data=!4m7!3m6!1s0xd5114d21013502b:0x69d4f4a8e1ed6c6c!8m2!3d43.469359!4d-1.569134!16s%2Fg%2F113jz09zq!19sChIJK1ATENIUUQ0RbGzt4aj01Gk?authuser=0&hl=fr&rclk=1,MURPROTEC BIARRITZ,Centre de diagnostic,30 Avenue de la Milady,05 59 23 10 45,https://www.google.com/aclk?sa=L&ai=DChsSEwjIyqeZjr6UAxW1rWgJHR8DLEEYACICCAEQAxoCd2Y&co=1&ase=2&gclid=CjwKCAjwq6DQBhBVEiwA4ZD5XAQGEEhNvyWWMOb4U4dST3CzQbV4i3xTKFQOo8UJbc_9KjsYPu92ghoCX6YQAvD_BwE&cce=2&category=acrcp_v1_32&sig=AOD64_0BuJf609qm8WjaeL2QNccJTwaFRA&adurl&q&ctype=99&nis=6,"4,9",-127
https://www.google.com/maps/place/PB+Les+Ateliers+du+Toit/data=!4m7!3m6!1s0xd51145937e666f7:0x6a769f3d32e4600f!8m2!3d43.467851!4d-1.4967389!16s%2Fg%2F11bw2g9mqf!19sChIJ92bmN1kUUQ0RD2DkMj2fdmo?authuser=0&hl=fr&rclk=1,PB Les Ateliers du Toit,Entrepreneur spécialisé dans l'isolation,Local 3 - 6 rue Lestandau,05 59 85 42 17,https://www.les-ateliers-du-toit.com/,5,-23
https://www.google.com/maps/place/Groupe+Le+Carr%C3%A9+Bayonne+%28CAH%29/data=!4m7!3m6!1s0xd5147282728402d:0x68dd27e54bd1dd74!8m2!3d43.4663211!4d-1.4975008!16s%2Fg%2F11f3s8vwzf!19sChIJLUAoJyhHUQ0RdN3RS-Un3Wg?authuser=0&hl=fr&rclk=1,Groupe Le Carré Bayonne (CAH),Entrepreneur spécialisé dans l'isolation,·,05 59 42 22 19,https://www.groupelecarre-bayonne.fr/?utm_source=gmb,"4,7",-26
https://www.google.com/maps/place/CBA+Mat%C3%A9riaux+-+Anglet/data=!4m7!3m6!1s0xd516aa718d72d79:0x63e240c65ba44ed3!8m2!3d43.488367!4d-1.5264913!16s%2Fg%2F1vtzjjcj!19sChIJeS3XGKdqUQ0R006kW8ZA4mM?authuser=0&hl=fr&rclk=1,CBA Matériaux - Anglet,Magasin de matériaux d'isolation,·,05 59 03 85 60,https://www.cba-materiaux.fr/infos-agence/anglet-cba-1289,"4,4",-60
https://www.google.com/maps/place/E+G+B+A+T+-+MA%C3%87ONNERIE+Lagourgue/data=!4m7!3m6!1s0xd5141b7a9126a81:0xc8ab05c61e65784!8m2!3d43.5201142!4d-1.4993094!16s%2Fg%2F1tfv6fvx!19sChIJgWoSqbdBUQ0RhFfmYVywigw?authuser=0&hl=fr&rclk=1,E G B A T - MAÇONNERIE Lagourgue,Entreprise de construction,·,05 59 31 19 20,http://www.egbat-anglet.fr/,"3,7",-6
https://www.google.com/maps/place/PPF+Bayonne/data=!4m7!3m6!1s0xd513f74556f2089:0x968f9b7aba87eeb6!8m2!3d43.4642863!4d-1.5043366!16s%2Fg%2F11w3g76_3d!19sChIJiSBvVXQ_UQ0Rtu6Hunqbj5Y?authuser=0&hl=fr&rclk=1,PPF Bayonne,Entrepreneur spécialisé dans l'isolation,·,05 18 23 16 33,https://ppf.fr/reseau-ppf/ppf-notre-reseau/agence-ppf-64-bayonne/,5,-90
https://www.google.com/maps/place/Couvreur+Anglet+Biarritz+Bayonne+reinhard+Steven/data=!4m7!3m6!1s0xd513f3f9ef8e69d:0x83bd8fe3d1037c20!8m2!3d43.4710708!4d-1.5067859!16s%2Fg%2F11p55_3h3k!19sChIJneb4nj8_UQ0RIHwD0eOPvYM?authuser=0&hl=fr&rclk=1,Couvreur Anglet Biarritz Bayonne reinhard Steven,Couvreur,1 Rue de Juzan,06 24 83 31 54,https://rs-toiture.fr/,"4,9",-37
https://www.google.com/maps/place/Entreprise+Riviera/data=!4m7!3m6!1s0xd5141a4a209b18b:0x6006436a3099c88a!8m2!3d43.5069023!4d-1.4580158!16s%2Fg%2F11k_ffd8p_!19sChIJi7EJoqRBUQ0RisiZMGpDBmA?authuser=0&hl=fr&rclk=1,Entreprise Riviera,Couvreur,·,06 15 68 54 63,https://www.couvreur64.fr/,"4,8",-66
https://www.google.com/maps/place/Eiffage+Construction+Sud-Aquitaine/data=!4m7!3m6!1s0xd51407ac4910d49:0xa2d840aec1d91ad6!8m2!3d43.49649!4d-1.50873!16s%2Fg%2F1vnrry7p!19sChIJSQ2RxHpAUQ0R1hrZwa5A2KI?authuser=0&hl=fr&rclk=1,Eiffage Construction Sud-Aquitaine,Entreprise de construction,·,05 59 42 57 57,https://www.eiffageconstruction.com/,"2,9",-11
https://www.google.com/maps/place/Adour+Travaux+Rev%C3%AAtements+ATR+SARL/data=!4m7!3m6!1s0xd514078025ba701:0x186feca44f5a109!8m2!3d43.4747189!4d-1.49113!16s%2Fg%2F1tpf8fy5!19sChIJAadbAnhAUQ0RCaH1RMr-hgE?authuser=0&hl=fr&rclk=1,Adour Travaux Revêtements ATR SARL,Peintre en bâtiment,46 Bis Rte d'Aritxague,05 59 55 52 93,https://www.sarl-atr.com/,"4,9",-31
https://www.google.com/maps/place/Renoba/data=!4m7!3m6!1s0xd51419c76eb0a51:0x5b70f5f7247a1beb!8m2!3d43.4609995!4d-1.5387419!16s%2Fg%2F1tf7z0yj!19sChIJUQrrdpxBUQ0R6xt6JPf1cFs?authuser=0&hl=fr&rclk=1,Renoba,Entreprise de construction,5 Rue des Mésanges ZA IRATY,05 59 43 77 14,http://www.renoba.fr/?utm_source=gmb,"4,7",-114
https://www.google.com/maps/place/C+2+B/data=!4m7!3m6!1s0xd514196ac391a79:0x42ee97a22b5d472d!8m2!3d43.5363179!4d-1.4967762!16s%2Fg%2F11h2dnbv34!19sChIJeRo5rJZBUQ0RLUddK6KX7kI?authuser=0&hl=fr&rclk=1,C 2 B,Entreprise de construction métallique,·,,http://c2btarnos.com/,"3,7",-3
https://www.google.com/maps/place/Camille+Genelot/data=!4m7!3m6!1s0xd516b605923bd0b:0x104f4e4a12f46d21!8m2!3d43.4839258!4d-1.5462761!16s%2Fg%2F11jh8q_509!19sChIJC70jWWBrUQ0RIW30EkpOTxA?authuser=0&hl=fr&rclk=1,Camille Genelot,Couvreur,7 Av. de la Reine Nathalie,06 31 47 10 89,https://www.facebook.com/Camille-Genelot-102316971483855/,5,-8
https://www.google.com/maps/place/Aramendia+Bois+%26+Zinc/data=!4m7!3m6!1s0xd51414f0edfb795:0xe1e9e2b6de4be02e!8m2!3d43.4889751!4d-1.4755209!16s%2Fg%2F11j6dh01v0!19sChIJlbffDk9BUQ0RLuBL3rbi6eE?authuser=0&hl=fr&rclk=1,Aramendia Bois & Zinc,Charpentier,Rue des Basques,06 33 97 78 49,http://www.aramendiaboiszinc.fr/,5,-6
https://www.google.com/maps/place/Detec-Bois/data=!4m7!3m6!1s0xd51406f9ba38cab:0x398905940dcb4581!8m2!3d43.4664426!4d-1.5020115!16s%2Fg%2F1tdzsg4q!19sChIJq4yjm29AUQ0RgUXLDZQFiTk?authuser=0&hl=fr&rclk=1,Detec-Bois,Service d'extermination des nuisibles,·,05 59 63 37 53,https://www.facebook.com/profile.php?id=100057528854836,"4,8",-108
https://www.google.com/maps/place/Aquitaine+toiture/data=!4m7!3m6!1s0xd513f123b831afd:0xe171472c27082bf7!8m2!3d43.4663698!4d-1.4934423!16s%2Fg%2F11w2cqrkx9!19sChIJ_RqDOxI_UQ0R9ysIJyxHceE?authuser=0&hl=fr&rclk=1,Aquitaine toiture,Entrepreneur spécialisé dans l'isolation,Av. du 8 Mai 1945,05 33 06 41 50,https://ravalement-facade-bayonne.fr/,5,-4
https://www.google.com/maps/place/C2B+ADOUR/data=!4m7!3m6!1s0xd5141a02bc91a1d:0x6d1a80a28e30956d!8m2!3d43.5362982!4d-1.4986655!16s%2Fg%2F11sj1pfp2r!19sChIJHRrJK6BBUQ0RbZUwjqKAGm0?authuser=0&hl=fr&rclk=1,C2B ADOUR,Entreprise de construction,87 Av. du 1er Mai,,https://c2btarnos.com/,,
https://www.google.com/maps/place/Puchaud+Julien+charpentier+couvreur+zingueur/data=!4m7!3m6!1s0x25f47af794b03e9b:0x4b9124a4c2805de9!8m2!3d43.5329936!4d-1.4708275!16s%2Fg%2F11y31mmn1x!19sChIJmz6wlPd69CUR6V2AwqQkkUs?authuser=0&hl=fr&rclk=1,Puchaud Julien charpentier couvreur zingueur,Couvreur,2 Rue de Matignon,06 61 29 79 61,https://www.puchaudjulien.fr/,5,-21
https://www.google.com/maps/place/Roofmart+Bayonne+-+Bayonne/data=!4m7!3m6!1s0xd5140ba467d5e1b:0xd85a3db2d5a12227!8m2!3d43.4875786!4d-1.455987!16s%2Fg%2F11by_gzzbw!19sChIJG159RrpAUQ0RJyKh1bI9Wtg?authuser=0&hl=fr&rclk=1,Roofmart Bayonne - Bayonne,Magasin de materiaux de construction,·,05 59 01 67 11,http://www.roofmart.fr/,"4,2",-6
https://www.google.com/maps/place/ELP+Ouverture/data=!4m7!3m6!1s0x47e5e1840754d4ff:0xca0995fc458c5e56!8m2!3d48.614418!4d2.522592!16s%2Fg%2F11fk13v3yd!19sChIJ_9RUB4Th5UcRVl6MRfyVCco?authuser=0&hl=fr&rclk=1,ELP Ouverture,Serrurier,1 Rue Clément ADER,01 83 90 44 23,https://www.google.com/aclk?sa=L&ai=DChsSEwivvbC0jr6UAxWRjWgJHbRqIT8YACICCAEQCRoCd2Y&co=1&ase=2&gclid=CjwKCAjwq6DQBhBVEiwA4ZD5XGEb83V55BxwswzJtGGWH1S6rCQ3LtblKuHFGR3Ad7M5Zff_zmDA3hoC5s4QAvD_BwE&cce=2&category=acrcp_v1_32&sig=AOD64_1aQOnsww4IK6309X9hAPrtzIEpDg&adurl&q&ctype=99&nis=6,"4,7",-103
https://www.google.com/maps/place/Action+Environnement+Habitat/data=!4m7!3m6!1s0x47e5e16a4cffffff:0xb1bfaa7cdc29d698!8m2!3d48.633578!4d2.510011!16s%2Fg%2F11f4qpf5dh!19sChIJ____TGrh5UcRmNYp3Hyqv7E?authuser=0&hl=fr&rclk=1,Action Environnement Habitat,Entrepreneur spécialisé dans l'isolation,2 Rue du Parc des Vergers,01 69 90 96 90,https://www.google.com/aclk?sa=L&ai=DChsSEwivvbC0jr6UAxWRjWgJHbRqIT8YACICCAEQBRoCd2Y&co=1&ase=2&gclid=CjwKCAjwq6DQBhBVEiwA4ZD5XBzRG47BRo3oi4Fgohf6w7r9F5zi7nXG8jcTcAGq9RO6DaUabvT9ehoC0P8QAvD_BwE&cce=2&category=acrcp_v1_32&sig=AOD64_1_sxrWNU8lgTamv4eR8OLnliSzhw&adurl&q&ctype=99&nis=6,"4,8",-171
https://www.google.com/maps/place/Blondel+Couverture+-+Couvreur+zingueur+Melun/data=!4m7!3m6!1s0x47e5fa651f17bd5b:0x2d9246b5f7fb002c!8m2!3d48.5394362!4d2.6617731!16s%2Fg%2F11ddxqgn8v!19sChIJW70XH2X65UcRLAD797VGki0?authuser=0&hl=fr&rclk=1,Blondel Couverture - Couvreur zingueur Melun,Couvreur,·,06 25 82 54 09,http://www.couvreurblondel.fr/,"4,7",-114
https://www.google.com/maps/place/Les+compagnons+de+melun+show-room/data=!4m7!3m6!1s0x47e5fb14add18a65:0x4c325e9677af95dc!8m2!3d48.5365393!4d2.6587151!16s%2Fg%2F11w8yfv991!19sChIJZYrRrRT75UcR3JWvd5ZeMkw?authuser=0&hl=fr&rclk=1,Les compagnons de melun show-room,Couvreur,3 Rue du Franc Mûrier,07 83 40 44 41,http://www.lescompagnonsdemelun.fr/,5,-57
https://www.google.com/maps/place/La+Maison+Des+Travaux+Melun+77+%E2%80%93+R%C3%A9novation+%26+Extension+de+Maison/data=!4m7!3m6!1s0x47e5f7548b29523b:0x699619d0efe1c334!8m2!3d48.5318165!4d2.6561628!16s%2Fg%2F1tx1shcm!19sChIJO1Ipi1T35UcRNMPh79AZlmk?authuser=0&hl=fr&rclk=1,La Maison Des Travaux Melun 77 – Rénovation & Extension de Maison,Entrepreneur spécialisé dans l'isolation,13 Av. Thiers,01 64 41 61 78,https://melun.lamaisondestravaux.com/,"4,9",-207
https://www.google.com/maps/place/SADE+Travaux+Sp%C3%A9ciaux/data=!4m7!3m6!1s0x47e5fa0e297127af:0x2619e0555aefe3cb!8m2!3d48.5373941!4d2.6833217!16s%2Fg%2F11c5t3yzsl!19sChIJrydxKQ765UcRy-PvWlXgGSY?authuser=0&hl=fr&rclk=1,SADE Travaux Spéciaux,Société de travaux publics,·,01 64 14 34 00,http://sade-travaux-speciaux.fr/,"4,5",-21
https://www.google.com/maps/place/Renove+Concept+Melun/data=!4m7!3m6!1s0x47e5fa7f0936b23b:0x8760398e2c6935d8!8m2!3d48.5337782!4d2.6786277!16s%2Fg%2F11clwkfw02!19sChIJO7I2CX_65UcR2DVpLI45YIc?authuser=0&hl=fr&rclk=1,Renove Concept Melun,Entreprise de construction,32 Rue de la Justice,01 64 87 90 42,http://www.renove-concept.com/,5,-4
https://www.google.com/maps/place/ATTILA+Melun/data=!4m7!3m6!1s0x47e5fb881ef6ae69:0xc828b1f915d3f35e!8m2!3d48.5342403!4d2.693345!16s%2Fg%2F11mslvp5x_!19sChIJaa72Hoj75UcRXvPTFfmxKMg?authuser=0&hl=fr&rclk=1,ATTILA Melun,Couvreur,231 Rue Hippolyte Marinoni,01 60 59 29 82,https://www.attila.fr/nos-agences/attila-melun?utm_source=Google&utm_medium=MyBusiness,5,-2
https://www.google.com/maps/place/Caron+Construction/data=!4m7!3m6!1s0x47e5fb0a269a2219:0x5d81397f80dfb3bd!8m2!3d48.5424338!4d2.6548692!16s%2Fg%2F11gyz5sjsz!19sChIJGSKaJgr75UcRvbPfgH85gV0?authuser=0&hl=fr&rclk=1,Caron Construction,Entrepreneur spécialisé dans l'isolation,23 bis Rue Saint-Barthélémy,01 64 37 68 00,http://www.caron-construction.fr/,"4,6",-44
https://www.google.com/maps/place/Penia+P/data=!4m7!3m6!1s0x801704b947d1269f:0x1115f3301e91dd8b!8m2!3d48.5334617!4d2.6493572!16s%2Fg%2F11xn9c7hvm!19sChIJnybRR7kEF4ARi92RHjDzFRE?authuser=0&hl=fr&rclk=1,Penia P,Couvreur,11 bis Rue Félix Poyez,01 60 65 15 46,https://penia-couverture-melun.fr/,"4,9",-7
https://www.google.com/maps/place/KARAGUL+BATIMENT/data=!4m7!3m6!1s0x47e5fb4269c58689:0x6a0e849a4f7a7082!8m2!3d48.5498101!4d2.6688943!16s%2Fg%2F11q1d9xr5b!19sChIJiYbFaUL75UcRgnB6T5qEDmo?authuser=0&hl=fr&rclk=1,KARAGUL BATIMENT,Entreprise de construction,5 Av. des Carmes,07 66 55 24 30,,5,-1
https://www.google.com/maps/place/QUICK+HABITAT+Concept/data=!4m7!3m6!1s0x47e5e3c6a48694f3:0xc000d5b9ccb6c414!8m2!3d48.5471651!4d2.6499331!16s%2Fg%2F11c5bq1wdd!19sChIJ85SGpMbj5UcRFMS2zLnVAMA?authuser=0&hl=fr&rclk=1,QUICK HABITAT Concept,Constructeur de maisons personnalisées,32 Av. du Général Patton,09 73 15 82 97,http://www.quickhabitat.com/,"4,9",-37
https://www.google.com/maps/place/Lariviere/data=!4m7!3m6!1s0x47e5fa0609e45c73:0xe516ef4cede52e9d!8m2!3d48.5323513!4d2.6875386!16s%2Fg%2F1tj2h5jz!19sChIJc1zkCQb65UcRnS7l7UzvFuU?authuser=0&hl=fr&rclk=1,Lariviere,Magasin de materiaux de construction,·,01 64 79 71 10,https://www.lariviere.fr/trouver-votre-agence/lariviere-SEB/entry-422-lariviere-melun.html,"4,1",-42
https://www.google.com/maps/place/Ecobat+77/data=!4m7!3m6!1s0x47ef586e44a73edf:0x50b26b05258a9097!8m2!3d48.4977437!4d2.7954032!16s%2Fg%2F1t_wnpbb!19sChIJ3z6nRG5Y70cRl5CKJQVrslA?authuser=0&hl=fr&rclk=1,Ecobat 77,Couvreur,·,01 64 39 32 60,https://www.ecobat77.fr/#utm_source=gmb&utm_medium=organic&utm_campaign=listing,5,-1
https://www.google.com/maps/place/ABOISIF+d%C3%A9pot+Dammarie-Les-lys/data=!4m7!3m6!1s0x47e5fa8342e6a44d:0xe3c396b3c36e853e!8m2!3d48.5326139!4d2.6429045!16s%2Fg%2F1td7bg1n!19sChIJTaTmQoP65UcRPoVuw7OWw-M?authuser=0&hl=fr&rclk=1,ABOISIF dépot Dammarie-Les-lys,Négociant en bois,·,01 64 37 10 92,http://www.aboisif.fr/,"3,6",-45
https://www.google.com/maps/place/SNC+Couverture+M.Caplot/data=!4m7!3m6!1s0x47e5ef4351934421:0xcef216410f3b82ff!8m2!3d48.5003883!4d2.5660361!16s%2Fg%2F11hz055s69!19sChIJIUSTUUPv5UcR_4I7D0EW8s4?authuser=0&hl=fr&rclk=1,SNC Couverture M.Caplot,Couvreur,25 Chem. de Faronville,09 78 37 07 01,https://lpcp7.fr/2025_e006740_265389657e_snc_couverture/,"4,8",-61
https://www.google.com/maps/place/F.G./data=!4m7!3m6!1s0x47e5e382cc1e1b41:0x65833aa5ec54fec4!8m2!3d48.6200301!4d2.5692197!16s%2Fg%2F11gg67x2xg!19sChIJQRsezILj5UcRxP5U7KU6g2U?authuser=0&hl=fr&rclk=1,F.G.,Entrepreneur spécialisé dans l'isolation,·,01 74 59 41 89,,5,-3
https://www.google.com/maps/place/TONI+CAZEAUD/data=!4m7!3m6!1s0x47e5e5d563cbb68b:0xf946e20663cc30a3!8m2!3d48.5555229!4d2.5838958!16s%2Fg%2F11lqnjnzct!19sChIJi7bLY9Xl5UcRozDMYwbiRvk?authuser=0&hl=fr&rclk=1,TONI CAZEAUD,Couvreur,11 Rue du Château,07 56 88 38 37,https://couvreur-seineetmarne77.fr/,5,-57
https://www.google.com/maps/place/Les+partenaires+r%C3%A9novation/data=!4m7!3m6!1s0x47e5e345603b8a6f:0x6baed666ba4d47db!8m2!3d48.6186631!4d2.5642237!16s%2Fg%2F11qycy8vg8!19sChIJb4o7YEXj5UcR20dNumbWrms?authuser=0&hl=fr&rclk=1,Les partenaires rénovation,Entrepreneur spécialisé dans l'isolation,611 Av. Marguerite Perey,01 88 60 76 07,https://www.lespartenairesrenovation.fr/contact,5,-102
https://www.google.com/maps/place/AP+Couverture+77/data=!4m7!3m6!1s0x47e5ef75966cc9c1:0xc7a595bd354eff3f!8m2!3d48.5251838!4d2.5563549!16s%2Fg%2F11s40t68cr!19sChIJwclslnXv5UcRP_9ONb2Vpcc?authuser=0&hl=fr&rclk=1,AP Couverture 77,Entrepreneur spécialisé dans l'isolation,71 Av. de Fontainebleau,01 60 99 58 28,https://apcouverture77.fr/?utm_source=google_profile&utm_campaign=localo&utm_medium=mainlink,5,-25
https://www.google.com/maps/place/Action+Environnement+Habitat/data=!4m7!3m6!1s0x47e5e16a4cffffff:0xb1bfaa7cdc29d698!8m2!3d48.633578!4d2.510011!16s%2Fg%2F11f4qpf5dh!19sChIJ____TGrh5UcRmNYp3Hyqv7E?authuser=0&hl=fr&rclk=1,Action Environnement Habitat,Entrepreneur spécialisé dans l'isolation,2 Rue du Parc des Vergers,01 69 90 96 90,https://www.google.com/aclk?sa=L&ai=DChsSEwizgvq6jr6UAxU7p2gJHaI4DQQYACICCAEQARoCd2Y&co=1&ase=2&gclid=CjwKCAjwq6DQBhBVEiwA4ZD5XES_x1CVD7HuzvjuXEVoj3gMF27zHr6_rLjaj4IqnQys4s7x_5VbeBoC2EAQAvD_BwE&cce=2&category=acrcp_v1_32&sig=AOD64_32LF4TIHzbIUkaPNvnsSiQe6YXPQ&adurl&q&ctype=99&nis=6,"4,8",-171
https://www.google.com/maps/place/ELP+Ouverture/data=!4m7!3m6!1s0x47e5e1840754d4ff:0xca0995fc458c5e56!8m2!3d48.614418!4d2.522592!16s%2Fg%2F11fk13v3yd!19sChIJ_9RUB4Th5UcRVl6MRfyVCco?authuser=0&hl=fr&rclk=1,ELP Ouverture,Serrurier,1 Rue Clément ADER,01 83 90 44 23,https://www.google.com/aclk?sa=L&ai=DChsSEwizgvq6jr6UAxU7p2gJHaI4DQQYACICCAEQBxoCd2Y&co=1&ase=2&gclid=CjwKCAjwq6DQBhBVEiwA4ZD5XMGgGOITOuV_mCxCelbLYJ-StxyCQGlyQOIOmc9G6MUWnQfMm6EZUhoCS38QAvD_BwE&cce=2&category=acrcp_v1_32&sig=AOD64_2dj8IXd8kTtXnrDvWBwCFJD6MYyA&adurl&q&ctype=99&nis=6,"4,7",-103
https://www.google.com/maps/place/Am%C3%A9nagement+D%C3%A9coration+Int%C3%A9rieur+Ext%C3%A9rieur/data=!4m7!3m6!1s0x47e5f044470df819:0x98b527f9e36b4e3f!8m2!3d48.5020058!4d2.6344118!16s%2Fg%2F11h152k4tk!19sChIJGfgNR0Tw5UcRP05r4_kntZg?authuser=0&hl=fr&rclk=1,Aménagement Décoration Intérieur Extérieur,Couvreur,201 Av. de la Forêt,06 88 70 77 41,http://adie-dammarieleslys.fr/,5,-3
https://www.google.com/maps/place/Couvreur+Zingueur+FREDERIC+-+Charpentier+-+Ma%C3%A7onnerie+-+Ravalement+fa%C3%A7ade+77/data=!4m7!3m6!1s0x47ef5949f536fc35:0x3a8970bc5073e751!8m2!3d48.4964352!4d2.7974247!16s%2Fg%2F11rkptqqty!19sChIJNfw29UlZ70cRUedzULxwiTo?authuser=0&hl=fr&rclk=1,Couvreur Zingueur FREDERIC - Charpentier - Maçonnerie - Ravalement façade 77,Entrepreneur spécialisé dans l'isolation,·,06 59 63 58 01,https://www.frederic-couverture.fr/,"4,6",-161
https://www.google.com/maps/place/LAROCHE+BATIMENT/data=!4m7!3m6!1s0x47e5e38dc197b47d:0xc28b392972cd1e92!8m2!3d48.63311!4d2.5939781!16s%2Fg%2F11w8l20vpz!19sChIJfbSXwY3j5UcRkh7Ncik5i8I?authuser=0&hl=fr&rclk=1,LAROCHE BATIMENT,Façadier,43 All. du Citoyen,06 33 66 87 00,,,
https://www.google.com/maps/place/AIRR/data=!4m7!3m6!1s0x47e5e1660a136519:0x39df4cb09119b4e7!8m2!3d48.6268676!4d2.5168644!16s%2Fg%2F1tsr2hk8!19sChIJGWUTCmbh5UcR57QZkbBM3zk?authuser=0&hl=fr&rclk=1,AIRR,Entrepreneur spécialisé dans l'isolation,1 Rue Léon Appert,01 69 43 60 03,http://airr.fr/,"4,8",-56
https://www.google.com/maps/place/CREABOIS/data=!4m7!3m6!1s0x47e5ef41e1aa72bd:0xf01ca2735d8e5116!8m2!3d48.5146684!4d2.5392048!16s%2Fg%2F11c2pqgyvh!19sChIJvXKq4UHv5UcRFlGOXXOiHPA?authuser=0&hl=fr&rclk=1,CREABOIS,Charpentier,4 Rte de Brinville,01 64 10 45 18,http://creabois-77.fr/,"3,8",-5
https://www.google.com/maps/place/HEXABAT/data=!4m7!3m6!1s0x47e60897912c2d93:0xb1ee48e5e4d1e53f!8m2!3d48.7484768!4d2.6158468!16s%2Fg%2F11h2lnf98d!19sChIJky0skZcI5kcRP-XR5OVI7rE?authuser=0&hl=fr&rclk=1,HEXABAT,Travaux généraux,"Centre commercial La Fontaine, Rue du Petit Parc",01 60 02 18 63,http://hexabat.fr/,"3,7",-3
https://www.google.com/maps/place/Fa%C3%A7ades+Franciliennes/data=!4m7!3m6!1s0x47ef556defeb12dd:0x72a0c83cd31ceb04!8m2!3d48.6553659!4d2.8166425!16s%2Fg%2F11c1s3cjsh!19sChIJ3RLr721V70cRBOsc0zzIoHI?authuser=0&hl=fr&rclk=1,Façades Franciliennes,Façadier,38 Rue du Chêne,01 64 07 03 85,http://www.isolation-facade-idf.fr/?utm_source=gmb,5,-22
https://www.google.com/maps/place/Entreprise+Isolation+Thermique+Par+l%E2%80%99Ext%C3%A9rieur+%E2%80%93+Certifi%C3%A9e+RGE/data=!4m7!3m6!1s0x47e605dc3121b3b3:0xaeb0cd63773fccd8!8m2!3d48.8250638!4d2.6398347!16s%2Fg%2F11sn_5xnhv!19sChIJs7MhMdwF5kcR2Mw_d2PNsK4?authuser=0&hl=fr&rclk=1,Entreprise Isolation Thermique Par l’Extérieur – Certifiée RGE,Entrepreneur spécialisé dans l'isolation,10 All. Léon Jouhaux,01 84 21 48 41,https://isolation-thermique-exterieure.fr/?utm_source=google&utm_medium=organic&utm_campaign=gmb-listing,"4,9",-108
https://www.google.com/maps/place/FMB+POSE+SERVICES/data=!4m7!3m6!1s0x47e60f59c14abc69:0xb2753c5295a49a00!8m2!3d48.8233861!4d2.6178879!16s%2Fg%2F11sszd6g0x!19sChIJabxKwVkP5kcRAJqklVI8dbI?authuser=0&hl=fr&rclk=1,FMB POSE SERVICES,Entreprise de construction,2 All. des Voyageurs,01 80 81 40 33,http://www.fmb-pose-services.fr/,5,-2
https://www.google.com/maps/place/Atelier+Consulting/data=!4m7!3m6!1s0x634052790dbfd1a5:0xcaa1fd272b7fb1a9!8m2!3d48.5363859!4d2.6915567!16s%2Fg%2F11qbp_03f6!19sChIJpdG_DXlSQGMRqbF_Kyf9oco?authuser=0&hl=fr&rclk=1,Atelier Consulting,Consultant en ingénierie,1000 Rue du Maréchal Juin,01 87 17 03 81,https://www.atelierconsulting.fr/,5,-3
https://www.google.com/maps/place/STEGO+Ing%C3%A9nierie/data=!4m7!3m6!1s0x47e5e30d34c13dc7:0x6c7ee85762e39260!8m2!3d48.5954962!4d2.5862408!16s%2Fg%2F11r_tkwqmm!19sChIJxz3BNA3j5UcRYJLjYlfofmw?authuser=0&hl=fr&rclk=1,STEGO Ingénierie,Consultant en ingénierie,4 Rue de l'Aluminium,01 87 20 43 34,http://www.stego-ingenierie.fr/,"4,6",-11
https://www.google.com/maps/place/Atelier+Lemaire/data=!4m7!3m6!1s0x47e5e5bd37b4f4dd:0xa01398933b946881!8m2!3d48.5529095!4d2.6036912!16s%2Fg%2F11mdchzrxz!19sChIJ3fS0N73l5UcRgWiUO5OYE6A?authuser=0&hl=fr&rclk=1,Atelier Lemaire,Charpentier,100 Rue Newton,09 51 15 23 74,https://www.atelier-lemaire.fr/,,
https://www.google.com/maps/place/Artisan+David+couvreur+77+d%C3%A9moussage+toiture+77+ravalement+77/data=!4m7!3m6!1s0x47e8a1aa9108e75b:0xff4b7c650a69d6e6!8m2!3d48.8240544!4d2.6328447!16s%2Fg%2F11gk_10x6t!19sChIJW-cIkaqh6EcR5tZpCmV8S_8?authuser=0&hl=fr&rclk=1,Artisan David couvreur 77 démoussage toiture 77 ravalement 77,Entrepreneur spécialisé dans l'isolation,56 boulevard coucerin Bâtiment 5,06 28 70 15 12,https://artisan-david-couvreur77.fr/,5,-27
https://www.google.com/maps/place/AZ+RENOVATION/data=!4m7!3m6!1s0x47e5ef12beaf8625:0xcfc4453f19a614fc!8m2!3d48.5145036!4d2.5889457!16s%2Fg%2F11n986qr5d!19sChIJJYavvhLv5UcR_BSmGT9FxM8?authuser=0&hl=fr&rclk=1,AZ RENOVATION,Entrepreneur spécialisé dans l'isolation,264 Chem. de l'Abreuvoir,07 61 64 64 84,,,
https://www.google.com/maps/place/SPRAS/data=!4m7!3m6!1s0x47e5f0d73e5d6805:0xb1b3f8ffc2115d2c!8m2!3d48.4919249!4d2.6838428!16s%2Fg%2F1tfnxwym!19sChIJBWhdPtfw5UcRLF0Rwv_4s7E?authuser=0&hl=fr&rclk=1,SPRAS,Peintre en bâtiment,85 Rue des Charmes,01 60 66 22 21,http://www.spras.fr/,"4,3",-18
https://www.google.com/maps/place/Une+Belle+Terrasse/data=!4m7!3m6!1s0x41dbd4659c3c5b1d:0xc896e69a8f5ab3d9!8m2!3d48.6807824!4d2.5026636!16s%2Fg%2F11xvd98tmy!19sChIJHVs8nGXU20ER2bNaj5rmlsg?authuser=0&hl=fr&rclk=1,Une Belle Terrasse,Constructeur de terrasses,·,07 77 17 40 88,https://unebelleterrasse.fr/,5,-12
https://www.google.com/maps/place/Aras+couverture/data=!4m7!3m6!1s0x47e66bf09b41422f:0xe36aef035b6b665b!8m2!3d48.8328959!4d2.6333844!16s%2Fg%2F11f61fwcl2!19sChIJL0JBm_Br5kcRW2ZrWwPvauM?authuser=0&hl=fr&rclk=1,Aras couverture,Couvreur,20 Rue des Campanules,07 63 95 70 00,,4,-2
https://www.google.com/maps/place/Bois+de+Seine+et+Marne/data=!4m7!3m6!1s0x47e5ef007acbf939:0x8aebeaf1d8636807!8m2!3d48.527578!4d2.5479984!16s%2Fg%2F11w3vqthyr!19sChIJOfnLegDv5UcRB2hj2PHq64o?authuser=0&hl=fr&rclk=1,Bois de Seine et Marne,Négociant en bois,11 Rue du Lieutenant Boulay,07 44 31 66 12,https://bois-de-seine-et-marne.fr/,"4,8",-4
https://www.google.com/maps/place/SDS+Etanche/data=!4m7!3m6!1s0xa826b03dd8ce5407:0xcee9bf7f92564c39!8m2!3d48.8042904!4d2.6080924!16s%2Fg%2F11x1lh1_3g!19sChIJB1TO2D2wJqgROUxWkn-_6c4?authuser=0&hl=fr&rclk=1,SDS Etanche,Entrepreneur,"siège social, 69 Rue de Malnoue",06 60 25 22 61,,5,-6
https://www.google.com/maps/place/Doceba/data=!4m7!3m6!1s0x47e5dee445a8b807:0x5b8da965f56b95d8!8m2!3d48.5563521!4d2.5668946!16s%2Fg%2F11dyp5w91z!19sChIJB7ioReTe5UcR2JVr9WWpjVs?authuser=0&hl=fr&rclk=1,Doceba,Siège social,83 Rue de Melun,06 60 80 31 06,http://www.doceba-etancheite.fr/?utm_source=gmb,"4,7",-3
https://www.google.com/maps/place/Veranda+Design/data=!4m7!3m6!1s0x47ef549be1ea595b:0xf75fe2ba78de3385!8m2!3d48.6362705!4d2.7813164!16s%2Fg%2F1tfkvn4d!19sChIJW1nq4ZtU70cRhTPeeLriX_c?authuser=0&hl=fr&rclk=1,Veranda Design,Atelier de menuiserie,·,01 64 25 65 90,https://www.veranda-design77.fr/,"4,5",-41
https://www.google.com/maps/place/MARMIN+Constructeur+Bois/data=!4m7!3m6!1s0x47ef5477bc9ba779:0xdecb96ed0b283490!8m2!3d48.8004922!4d2.6270277!16s%2Fg%2F11h31z70bl!19sChIJeaebvHdU70cRkDQoC-2Wy94?authuser=0&hl=fr&rclk=1,MARMIN Constructeur Bois,Constructeur de maisons en bois,2 Rue du Pré des Aulnes,06 14 05 53 96,https://www.marmin-bois.com/,4,-16
https://www.google.com/maps/place/Int%C3%A9rieur+Ext%C3%A9rieur+Bois/data=!4m7!3m6!1s0x47e60f48663a6979:0x7a4ea63f8c912d74!8m2!3d48.7790312!4d2.6100644!16s%2Fg%2F11cs3_lklw!19sChIJeWk6ZkgP5kcRdC2RjD-mTno?authuser=0&hl=fr&rclk=1,Intérieur Extérieur Bois,Charpentier,4 Rue Saint-Claude,06 21 08 06 22,https://www.interieurexterieurbois.fr/,5,-1
https://www.google.com/maps/place/Les+Ravaleurs+Franciliens/data=!4m7!3m6!1s0x47e5e49e90422f6b:0xe677f4ef220d9b29!8m2!3d48.6071602!4d2.5879926!16s%2Fg%2F11b6dqtsq1!19sChIJay9CkJ7k5UcRKZsNIu_0d-Y?authuser=0&hl=fr&rclk=1,Les Ravaleurs Franciliens,Service de restauration de bâtiments,·,01 60 63 09 08,,"4,2",-6
https://www.google.com/maps/place/Artoiz+Couverture/data=!4m7!3m6!1s0x47e60553575e0129:0x26c15e933804e085!8m2!3d48.7948474!4d2.6679138!16s%2Fg%2F11x5w0gn90!19sChIJKQFeV1MF5kcRheAEOJNewSY?authuser=0&hl=fr&rclk=1,Artoiz Couverture,Couvreur,1 Av. Victor Hugo,06 98 40 26 15,https://artoiz-couverture.fr/,5,-23
https://www.google.com/maps/place/Renove+Toiture/data=!4m7!3m6!1s0x8f7c6c81947805f1:0xf9e34cf087f7246d!8m2!3d48.6189909!4d2.9756834!16s%2Fg%2F11r_dn_2b_!19sChIJ8QV4lIFsfI8RbST3h_BM4_k?authuser=0&hl=fr&rclk=1,Renove Toiture,Couvreur,·,06 50 87 54 83,https://renove-toitures.fr/?utm_source=gmb,"4,8",-17
https://www.google.com/maps/place/delporte+toiture/data=!4m7!3m6!1s0x88733f42d630c2e7:0xbfddcf31440fa3a1!8m2!3d48.542137!4d2.6552455!16s%2Fg%2F11rq3zf40q!19sChIJ58Iw1kI_c4gRoaMPRDHP3b8?authuser=0&hl=fr&rclk=1,delporte toiture,Couvreur,·,06 74 57 27 46,https://www.couverture-delportetoiture.fr/,,
https://www.google.com/maps/place/SQUARE+RENOVATION/data=!4m7!3m6!1s0x47e6701618a6538f:0xbfd57255354cf5e8!8m2!3d48.851636!4d2.297217!16s%2Fg%2F11gbf9cds6!19sChIJj1OmGBZw5kcR6PVMNVVy1b8?authuser=0&hl=fr&rclk=1,SQUARE RENOVATION,Entreprise de construction,20 Rue Dupleix,01 80 27 39 70,https://www.google.com/aclk?sa=L&ai=DChsSEwjg8afgjr6UAxUAiWgJHVEiB50YACICCAEQCxoCd2Y&co=1&ase=2&gclid=CjwKCAjwq6DQBhBVEiwA4ZD5XEYvWe1IlSqNRZFtCNco8ZoJhC4f1Y17n3dDME9QU9eNdNm_nNplzxoCTz4QAvD_BwE&cce=2&category=acrcp_v1_32&sig=AOD64_10d7kW7CGlHkLuSk0TMSoCcOM0AA&adurl&q&ctype=99&nis=6,5,-43
https://www.google.com/maps/place/Jason+Toiture/data=!4m7!3m6!1s0x47e60b070af621a7:0xbd1fbfaf050f887e!8m2!3d48.834818!4d2.289572!16s%2Fg%2F11b64hn9wz!19sChIJpyH2CgcL5kcRfogPBa-_H70?authuser=0&hl=fr&rclk=1,Jason Toiture,Couvreur,19 Rue Auguste Chabrières,06 80 45 28 90,https://www.google.com/aclk?sa=L&ai=DChsSEwjg8afgjr6UAxUAiWgJHVEiB50YACICCAEQBxoCd2Y&co=1&ase=2&gclid=CjwKCAjwq6DQBhBVEiwA4ZD5XFFPATBFkib_tOpQcg0cPyoQyYahknauTgjp5Y5IVBaAqu-IjF09UxoCRT4QAvD_BwE&cce=2&category=acrcp_v1_32&sig=AOD64_2w2qFbxYMShOpj72DDVWXbLPY9Fg&adurl&q&ctype=99&nis=6,"4,1",-26
https://www.google.com/maps/place/ST+COUVERTURE/data=!4m7!3m6!1s0x47e6651cabcd90b3:0x8123bec3e8a7b435!8m2!3d48.931571!4d2.2238509!16s%2Fg%2F11yldg83h3!19sChIJs5DNqxxl5kcRNbSn6MO-I4E?authuser=0&hl=fr&rclk=1,ST COUVERTURE,Couvreur,5 Pl. des Impressionnistes,06 01 16 73 44,https://st-couverture-95.fr/,"4,9",-40
https://www.google.com/maps/place/Couvreur+Bezons+%7C+Robert+Couverture+%7C+Ravalement+Fa%C3%A7ade+%26+Toitures/data=!4m7!3m6!1s0x47e665b62980eae1:0x54a4199c5449b8d8!8m2!3d48.9360027!4d2.210309!16s%2Fg%2F11f612x6m5!19sChIJ4eqAKbZl5kcR2LhJVJwZpFQ?authuser=0&hl=fr&rclk=1,Couvreur Bezons | Robert Couverture | Ravalement Façade & Toitures,Couvreur,·,06 15 85 51 99,https://robertcouverture.fr/,"4,7",-63
https://www.google.com/maps/place/Jp+Vissuzanne+-+Couvreur+Bezons+%2895%29/data=!4m7!3m6!1s0x47e665b8acd2ab51:0xf3065450f599ba10!8m2!3d48.9345981!4d2.2169275!16s%2Fg%2F11fjxsfpx9!19sChIJUavSrLhl5kcRELqZ9VBUBvM?authuser=0&hl=fr&rclk=1,Jp Vissuzanne - Couvreur Bezons (95),Couvreur,32 Rue Rouget de Lisle,06 71 58 61 24,https://www.couvreur-rv-95.fr/,5,-226
https://www.google.com/maps/place/Couvreur+95+-+FD+RENOV+Habitat/data=!4m7!3m6!1s0x47e66597bc2f8f01:0xd4b225e98905fa59!8m2!3d48.9311276!4d2.2213836!16s%2Fg%2F11l5h8q9zn!19sChIJAY8vvJdl5kcRWfoFieklstQ?authuser=0&hl=fr&rclk=1,Couvreur 95 - FD RENOV Habitat,Entrepreneur spécialisé dans l'isolation,54 Rue des Barentins,07 49 18 51 22,https://fd-renov-habitat.fr/,"4,9",-203
https://www.google.com/maps/place/Entreprise+Wagner/data=!4m7!3m6!1s0x47e6641541effedb:0x6f0aa0d0f8f891d5!8m2!3d48.9205096!4d2.2136363!16s%2Fg%2F1td69558!19sChIJ2_7vQRVk5kcR1ZH4-NCgCm8?authuser=0&hl=fr&rclk=1,Entreprise Wagner,Charpentier,14 Rue Louis Rameau,09 81 15 43 66,https://www.wagner-charpente-isolation.fr/?utm_medium=referral&utm_source=gmb&utm_campaign=lnk-gmb,"4,8",-23
https://www.google.com/maps/place/LB+Concept/data=!4m7!3m6!1s0x47e6637d7416a43d:0x569d964ca1f1f0c7!8m2!3d48.9182622!4d2.2110551!16s%2Fg%2F11flt309j0!19sChIJPaQWdH1j5kcRx_DxoUyWnVY?authuser=0&hl=fr&rclk=1,LB Concept,Entreprise de construction,·,01 34 10 84 40,https://www.lbconcept.net/?utm_source=gmb,"4,6",-17
https://www.google.com/maps/place/Intrasec/data=!4m7!3m6!1s0x47e6643ffe53ebf9:0x90cb34694e5dfc76!8m2!3d48.9192693!4d2.2146527!16s%2Fg%2F11btmq9qb6!19sChIJ-etT_j9k5kcRdvxdTmk0y5A?authuser=0&hl=fr&rclk=1,Intrasec,Entrepreneur,1 Rue Jean Carasso,01 30 76 03 99,http://www.intrasec-etancheite.com/,"4,4",-5
https://www.google.com/maps/place/ETS+Grateau+Couverture/data=!4m7!3m6!1s0x47e665d7aacab43d:0x561a68e6db0f3b46!8m2!3d48.9291328!4d2.2143526!16s%2Fg%2F11kc3s3why!19sChIJPbTKqtdl5kcRRjsP2-ZoGlY?authuser=0&hl=fr&rclk=1,ETS Grateau Couverture,Couvreur,1 Rue Parmentier,06 38 48 90 09,https://contact.ets-grateau.site/,"4,9",-30
https://www.google.com/maps/place/Construction+et+Renovation+du+Batiment/data=!4m7!3m6!1s0x47e66402c1a8bb67:0x1712e49c62b98985!8m2!3d48.9381389!4d2.2036051!16s%2Fg%2F11fhz6fwp7!19sChIJZ7uowQJk5kcRhYm5YpzkEhc?authuser=0&hl=fr&rclk=1,Construction et Renovation du Batiment,Entreprise de construction,9 Rue Victor Supervielle,01 73 65 00 51,http://crbat.fr/,"4,2",-5
https://www.google.com/maps/place/COUVREUR+KLIN+%C3%A0+Bezons+95+dans+le+Val-d%27Oise/data=!4m7!3m6!1s0x47e6643cb077d56d:0x36d885aface1460b!8m2!3d48.92773!4d2.2159687!16s%2Fg%2F11f6dlrzzz!19sChIJbdV3sDxk5kcRC0bhrK-F2DY?authuser=0&hl=fr&rclk=1,COUVREUR KLIN à Bezons 95 dans le Val-d'Oise,Couvreur,64 Rue Francis de Pressensé,06 58 48 44 62,https://www.klin-couvreur-95.fr/,"4,8",-37
https://www.google.com/maps/place/Rc+Batiment/data=!4m7!3m6!1s0x47e6643b5d69012f:0xb26c81274ee8e231!8m2!3d48.9280314!4d2.2215323!16s%2Fg%2F11ghpp3s0j!19sChIJLwFpXTtk5kcRMeLoTieBbLI?authuser=0&hl=fr&rclk=1,Rc Batiment,Entrepreneur,20 Rue Edouard Vaillant,06 24 27 58 35,http://rcbatiment.fr/,"4,2",-5
https://www.google.com/maps/place/AGB/data=!4m7!3m6!1s0x47e6646b9f30a90b:0xbda5c4d6251982d0!8m2!3d48.9163475!4d2.2105336!16s%2Fg%2F11h4672j06!19sChIJC6kwn2tk5kcR0IIZJdbEpb0?authuser=0&hl=fr&rclk=1,AGB,Entreprise de construction,57 Rue Salvador Allende,01 39 98 59 00,https://agb-gle.com/,"3,9",-16
https://www.google.com/maps/place/Norman+PRIN+-+Couvreur+%C3%A0+Bezons/data=!4m7!3m6!1s0x47e665bcdc0dc80d:0x989730edc5b80e88!8m2!3d48.9360027!4d2.210309!16s%2Fg%2F11rfq17rql!19sChIJDcgN3Lxl5kcRiA64xe0wl5g?authuser=0&hl=fr&rclk=1,Norman PRIN - Couvreur à Bezons,Couvreur,58 Rue Fernand Durbec,01 85 53 73 54,,5,-5
https://www.google.com/maps/place/LVPE+Les+Vrais+pros+de+l%E2%80%99%C3%89tanch%C3%A9it%C3%A9/data=!4m7!3m6!1s0x47e6673faf4cd4d9:0xf10997da8aa206bd!8m2!3d48.9443426!4d2.213857!16s%2Fg%2F11fjyw2hrp!19sChIJ2dRMrz9n5kcRvQaiitqXCfE?authuser=0&hl=fr&rclk=1,LVPE Les Vrais pros de l’Étanchéité,Couvreur,16 Rue des Violettes,06 41 52 22 66,https://lvpe.fr/,"4,9",-32
https://www.google.com/maps/place/JG+BAT/data=!4m7!3m6!1s0x47e665e26bcb8e45:0x3a1519a6d6890a49!8m2!3d48.9308573!4d2.2022662!16s%2Fg%2F11v0wwh1cn!19sChIJRY7La-Jl5kcRSQqJ1qYZFTo?authuser=0&hl=fr&rclk=1,JG BAT,Travaux généraux,4 Rue Henri Dunant,06 66 97 58 74,https://www.facebook.com/profile.php?id=61561925575145,5,-1
https://www.google.com/maps/place/Sto+Agence+de+Bezons/data=!4m7!3m6!1s0x47e665d6ef16a51f:0xf941bbdb650be0a4!8m2!3d48.9271589!4d2.2270836!16s%2Fg%2F11kb_j46x6!19sChIJH6UW79Zl5kcRpOALZdu7Qfk?authuser=0&hl=fr&rclk=1,Sto Agence de Bezons,Fabricant,224 Rue Michel Carré,01 34 34 56 70,https://www.sto.fr/s/,5,-1
https://www.google.com/maps/place/Artisans+Lagrene/data=!4m7!3m6!1s0x47e6652edf075a51:0x53bdedf394eba6c4!8m2!3d48.9363369!4d2.216971!16s%2Fg%2F11fw89db35!19sChIJUVoH3y5l5kcRxKbrlPPtvVM?authuser=0&hl=fr&rclk=1,Artisans Lagrene,Peintre en bâtiment,24 Rue de la Justice,07 71 67 90 77,http://www.artisanpeintre-lagrene.fr/,"4,6",-10
https://www.google.com/maps/place/couvreur+pierre.+L.+colombes.+Entreprise+de+couverture+-+couvreur.+ravalement+de+fa%C3%A7ade.+92.+dans+les+hauts+de+seine/data=!4m7!3m6!1s0x47e665894444b229:0xecab0fbbac19ab9a!8m2!3d48.9147332!4d2.2428882!16s%2Fg%2F11q3b8yd53!19sChIJKbJERIll5kcRmqsZrLsPq-w?authuser=0&hl=fr&rclk=1,couvreur pierre. L. colombes. Entreprise de couverture - couvreur. ravalement de façade. 92. dans les hauts de seine,Entrepreneur spécialisé dans l'isolation,·,01 85 53 38 07,https://www.couvreur-pierre.fr/,"4,9",-77
https://www.google.com/maps/place/Jason+Toiture/data=!4m7!3m6!1s0x47e60b070af621a7:0xbd1fbfaf050f887e!8m2!3d48.834818!4d2.289572!16s%2Fg%2F11b64hn9wz!19sChIJpyH2CgcL5kcRfogPBa-_H70?authuser=0&hl=fr&rclk=1,Jason Toiture,Couvreur,19 Rue Auguste Chabrières,06 80 45 28 90,https://www.google.com/aclk?sa=L&ai=DChsSEwjAkdbmjr6UAxXlaEECHSSyA7YYACICCAEQAhoCd3M&co=1&ase=2&gclid=CjwKCAjwq6DQBhBVEiwA4ZD5XL9FMMbVVgM2seBgeUWngebGQ3QV3vKkjhUOFqg_fxclJ3Pk8bG-3hoCHzMQAvD_BwE&cce=2&category=acrcp_v1_32&sig=AOD64_2CifgnIrU2v_-R-BxABYOon0_LuA&adurl&q&ctype=99&nis=6,"4,1",-26
https://www.google.com/maps/place/R%C3%A9noco+-+Isolation+thermique+et+ravalement/data=!4m7!3m6!1s0x47e60df5ea1b339f:0x7ef7a6dd87ed3aa9!8m2!3d48.803433!4d2.573181!16s%2Fg%2F11j1jn3w4n!19sChIJnzMb6vUN5kcRqTrth92m934?authuser=0&hl=fr&rclk=1,Rénoco - Isolation thermique et ravalement,Entrepreneur spécialisé dans l'isolation,38 Avenue Clément Ader,09 52 17 47 65,https://www.google.com/aclk?sa=L&ai=DChsSEwjAkdbmjr6UAxXlaEECHSSyA7YYACICCAEQCRoCd3M&co=1&ase=2&gclid=CjwKCAjwq6DQBhBVEiwA4ZD5XDrIZmjpHilatUD-e2TTGqstCRP5-82bJnTBGnhbT-hm7QyUQdjsMRoCmzkQAvD_BwE&cce=2&category=acrcp_v1_32&sig=AOD64_0lBmeGPAV3mWyGYbirNysDS9mRqg&adurl&q&ctype=99&nis=6,"4,9",-132
https://www.google.com/maps/place/FF+COUVERTURE+-+couvreur+-+colombes/data=!4m7!3m6!1s0x45906868d46a0755:0x7d97383fec5aceb5!8m2!3d48.917328!4d2.2336129!16s%2Fg%2F11snz2fmqr!19sChIJVQdq1GhokEURtc5a7D84l30?authuser=0&hl=fr&rclk=1,FF COUVERTURE - couvreur - colombes,Couvreur,137 Rue Henri Dunant,07 89 38 79 49,http://www.ff-couverture.com/,"4,9",-74
https://www.google.com/maps/place/Les+Compagnons+du+B%C3%A2timent/data=!4m7!3m6!1s0x47e665effb13e847:0x730fdc43db5204d4!8m2!3d48.910249!4d2.240311!16s%2Fg%2F11rmx2z5r4!19sChIJR-gT--9l5kcR1ARS20PcD3M?authuser=0&hl=fr&rclk=1,Les Compagnons du Bâtiment,Couvreur,·,06 20 66 32 58,https://compagnonsbatiment92.fr/?utm_source=gmb,5,-179
https://www.google.com/maps/place/COSTA+PRO/data=!4m7!3m6!1s0x47e66698e372415b:0xd751ab6967a308ff!8m2!3d48.9461245!4d2.2194284!16s%2Fg%2F11cm183rmt!19sChIJW0Fy45hm5kcR_wijZ2mrUdc?authuser=0&hl=fr&rclk=1,COSTA PRO,Couvreur,32 Rue des Chevrefeuilles,01 34 10 77 37,https://www.toiture-95.fr/,"4,4",-28
https://www.google.com/maps/place/Brodemestre+Couverture/data=!4m7!3m6!1s0x47e6650ab3cef80f:0x71663ec732659c79!8m2!3d48.9127564!4d2.2408938!16s%2Fg%2F11yfcndlps!19sChIJD_jOswpl5kcReZxlMsc-ZnE?authuser=0&hl=fr&rclk=1,Brodemestre Couverture,Couvreur,11 Rue du Commerce,01 84 80 95 28,https://brodemestrecouverture.fr/couvreur-hauts-de-seine/,5,-23
https://www.google.com/maps/place/ABT+MARINHO/data=!4m7!3m6!1s0x47e6638a6e034551:0x84305413dc9a030a!8m2!3d48.937775!4d2.181036!16s%2Fg%2F11xw87zvfw!19sChIJUUUDbopj5kcRCgOa3BNUMIQ?authuser=0&hl=fr&rclk=1,ABT MARINHO,Couvreur,123 bis Rue Gabriel Péri,06 70 59 16 76,https://www.abtmarinho.fr/,"4,7",-15
https://www.google.com/maps/place/Peintre+92/data=!4m7!3m6!1s0x47e665cd824a3bb1:0x2f6c5df66e597525!8m2!3d48.9174162!4d2.2005534!16s%2Fg%2F11q_hstrj2!19sChIJsTtKgs1l5kcRJXVZbvZdbC8?authuser=0&hl=fr&rclk=1,Peintre 92,Peintre en bâtiment,3 Pass. des Bleuets,06 42 51 12 92,,5,-4
https://www.google.com/maps/place/Avenir+R%C3%A9novations+Le+Controis-en-Sologne/data=!4m7!3m6!1s0x47fb5341efd63be9:0xd94372212d9eec2c!8m2!3d47.414471!4d1.427798!16s%2Fg%2F11kd1cc_yr!19sChIJ6TvW70FT-0cRLOyeLSFyQ9k?authuser=0&hl=fr&rclk=1,Avenir Rénovations Le Controis-en-Sologne,Travaux généraux,1 Rue du Carreau,02 85 52 65 17,https://www.google.com/aclk?sa=L&ai=DChsSEwiHx5D8jr6UAxULmmgJHeQ8Ck4YACICCAEQBBoCd2Y&co=1&ase=2&gclid=CjwKCAjwq6DQBhBVEiwA4ZD5XJaXa2Pdg3VvFbjrhL8Z8rOD5hfgcrzmTGBsw326M_rd4hRMWobEbhoC7J4QAvD_BwE&cce=2&category=acrcp_v1_32&sig=AOD64_3ZoNbc0EXgY7PyaLlU9Zom5Scm0w&adurl&q&ctype=99&nis=6,"4,7",-54
https://www.google.com/maps/place/Tradimen/data=!4m7!3m6!1s0x47e358074c288aa3:0x398b3184d792e996!8m2!3d47.603681!4d1.327709!16s%2Fg%2F11cm0hqj_b!19sChIJo4ooTAdY40cRlumS14Qxizk?authuser=0&hl=fr&rclk=1,Tradimen,Menuisier,86 Avenue de Châteaudun,02 54 20 54 55,https://www.google.com/aclk?sa=L&ai=DChsSEwiHx5D8jr6UAxULmmgJHeQ8Ck4YACICCAEQBRoCd2Y&co=1&ase=2&gclid=CjwKCAjwq6DQBhBVEiwA4ZD5XK1CLg5e_VQf4lm9iPwvI-1F6TLSEPgCPclK6NvMfJsvAMsPeNTmxhoC-rEQAvD_BwE&cce=2&category=acrcp_v1_32&sig=AOD64_3OfAsOPPo3lfM_rWIexUQJ6L_26Q&adurl&q&ctype=99&nis=6,"4,9",-62
https://www.google.com/maps/place/Alliance+R%C3%A9novation+41+Couvreur+Blois/data=!4m7!3m6!1s0x47e357ad5bb78055:0x748c9e558bdf6a0e!8m2!3d47.5836663!4d1.3049515!16s%2Fg%2F11s7qsk68h!19sChIJVYC3W61X40cRDmrfi1WejHQ?authuser=0&hl=fr&rclk=1,Alliance Rénovation 41 Couvreur Blois,Couvreur,37 All. des Pins,07 78 40 60 03,https://www.alliance-renovation-41-artisan.fr/?utm_source=gmb,"4,9",-44
https://www.google.com/maps/place/Michelet+Matt+Couverture/data=!4m7!3m6!1s0x47e3577599f26b39:0x96959d4e0475b4c1!8m2!3d47.5834661!4d1.3052418!16s%2Fg%2F11fj6vrkwk!19sChIJOWvymXVX40cRwbR1BE6dlZY?authuser=0&hl=fr&rclk=1,Michelet Matt Couverture,Couvreur,·,06 26 70 84 11,http://www.michelet-matt-couverture.fr/,"4,8",-54
https://www.google.com/maps/place/Ararat/data=!4m7!3m6!1s0x47e357f3fa0cced3:0x91996f4c8458ae8!8m2!3d47.6076338!4d1.324034!16s%2Fg%2F1tq6jcd9!19sChIJ084M-vNX40cR6IpFyPSWGQk?authuser=0&hl=fr&rclk=1,Ararat,Entrepreneur spécialisé dans l'isolation,·,02 54 44 26 75,http://www.ararat41-construction-renovation-blois.fr/,"4,6",-11
https://www.google.com/maps/place/Calligaro+SAS/data=!4m7!3m6!1s0x47e4a658d522006d:0x2625c6bf6b54225a!8m2!3d47.6309161!4d1.3861348!16s%2Fg%2F11c0phryv9!19sChIJbQAi1Vim5EcRWiJUa7_GJSY?authuser=0&hl=fr&rclk=1,Calligaro SAS,Entreprise de construction métallique,·,02 54 70 77 41,http://www.constructioncalligaro.fr/?utm_source=gmb,"4,4",-5
https://www.google.com/maps/place/CHC/data=!4m7!3m6!1s0x47e35536cd3324db:0x4617fffb9e5ab688!8m2!3d47.6598154!4d1.4141932!16s%2Fg%2F11lh6jfxb6!19sChIJ2yQzzTZV40cRiLZanvv_F0Y?authuser=0&hl=fr&rclk=1,CHC,Couvreur,·,07 61 40 70 13,,5,-54
https://www.google.com/maps/place/Fa%C3%A7ade+41/data=!4m7!3m6!1s0x47e4a64dce683f03:0x49408e59bcf5a7cb!8m2!3d47.6039813!4d1.2875886!16s%2Fg%2F11btmq4yf2!19sChIJAz9ozk2m5EcRy6f1vFmOQEk?authuser=0&hl=fr&rclk=1,Façade 41,Entrepreneur spécialisé dans l'isolation,·,02 54 58 92 12,https://www.facade41.fr/,"4,7",-59
https://www.google.com/maps/place/SMAC/data=!4m7!3m6!1s0x47e358194b5f45d9:0x37744bae1ab70b6d!8m2!3d47.6038331!4d1.3111479!16s%2Fg%2F11b6d0mcy_!19sChIJ2UVfSxlY40cRbQu3Gq5LdDc?authuser=0&hl=fr&rclk=1,SMAC,Entrepreneur spécialisé dans l'isolation,·,02 54 51 55 00,https://www.smac-sa.com/agence/smac-blois/?utm_source=gmb&utm_medium=CTA-WEB&utm_campaign=Blois,4,-4
https://www.google.com/maps/place/Advance+CST/data=!4m7!3m6!1s0x47e359c29abf06eb:0xd4656833b13edbb7!8m2!3d47.6136668!4d1.327173!16s%2Fg%2F11k2qjs1f8!19sChIJ6wa_msJZ40cRt9s-sTNoZdQ?authuser=0&hl=fr&rclk=1,Advance CST,Entrepreneur spécialisé dans l'isolation,3 Rue du Bout des Haies,02 47 31 98 26,,5,-1
https://www.google.com/maps/place/Hornberger+couverture+%26+peinture/data=!4m7!3m6!1s0x47e35765b3a335f9:0x58b14ddafc6f889d!8m2!3d47.6598154!4d1.4141932!16s%2Fg%2F11mvwfkwhv!19sChIJ-TWjs2VX40cRnYhv_NpNsVg?authuser=0&hl=fr&rclk=1,Hornberger couverture & peinture,Couvreur,·,06 74 60 01 64,https://www.hornberger-couverture41.fr/,5,-43
https://www.google.com/maps/place/TECHNI-MURS+41/data=!4m7!3m6!1s0x47e4a7f85b40af03:0x27e2089f9681eda9!8m2!3d47.5685005!4d1.3666076!16s%2Fg%2F1tdfbdjb!19sChIJA69AW_in5EcRqe2Blp8I4ic?authuser=0&hl=fr&rclk=1,TECHNI-MURS 41,Entrepreneur spécialisé dans l'isolation,·,02 54 74 52 52,https://www.techni-murs.com/notre-reseau/techni-murs-41/,5,-67
https://www.google.com/maps/place/Les+Trois+Toits/data=!4m7!3m6!1s0x47e4a8162e15b31d:0xce180acfcd421046!8m2!3d47.5792391!4d1.3403685!16s%2Fg%2F11f62h132j!19sChIJHbMVLhao5EcRRhBCzc8KGM4?authuser=0&hl=fr&rclk=1,Les Trois Toits,Couvreur,109 Rue Croix Boissée,06 13 51 98 80,,5,-1
https://www.google.com/maps/place/Bullou+Sarl/data=!4m7!3m6!1s0x47e357ddbedb6b5f:0x79fd31d343095341!8m2!3d47.5775336!4d1.3198326!16s%2Fg%2F1vd7566s!19sChIJX2vbvt1X40cRQVMJQ9Mx_Xk?authuser=0&hl=fr&rclk=1,Bullou Sarl,Couvreur,29 Quai Ulysse Besnard,02 54 74 60 83,https://www.bullou-blois.fr/,"3,7",-3
https://www.google.com/maps/place/Lariviere/data=!4m7!3m6!1s0x47e35811396eadbd:0x4409a91080896f44!8m2!3d47.611117!4d1.31354!16s%2Fg%2F1tf5jybg!19sChIJva1uORFY40cRRG-JgBCpCUQ?authuser=0&hl=fr&rclk=1,Lariviere,Magasin de materiaux de construction,·,02 54 78 10 41,https://www.lariviere.fr/trouver-votre-agence/lariviere-SEB/entry-374-lariviere-blois.html,"4,3",-13
https://www.google.com/maps/place/SARL+HERVAULT/data=!4m7!3m6!1s0x47e4a84debe10c9b:0x8a69b438f74e72ed!8m2!3d47.562798!4d1.3565697!16s%2Fg%2F11c5rqxg8m!19sChIJmwzh602o5EcR7XJO9zi0aYo?authuser=0&hl=fr&rclk=1,SARL HERVAULT,Couvreur,47 Rue Sully,02 54 42 84 21,https://sarlhervault.fr/,"4,4",-9
https://www.google.com/maps/place/BRAUN+%C3%89tanch%C3%A9it%C3%A9/data=!4m7!3m6!1s0x47e359d66ef5c86b:0x15d691a5fb245c3c!8m2!3d47.6297474!4d1.3052572!16s%2Fg%2F11qnky758z!19sChIJa8j1btZZ40cRPFwk-6WR1hU?authuser=0&hl=fr&rclk=1,BRAUN Étanchéité,Entrepreneur spécialisé dans l'isolation,46 Rue de la Gare,02 54 20 63 25,https://www.groupe-braun.fr/,,
https://www.google.com/maps/place/Vriet+N%C3%A9goce+Bois/data=!4m7!3m6!1s0x47e4af035e4d6c4f:0xc7f6b814f32907fa!8m2!3d47.5552299!4d1.4434981!16s%2Fg%2F11btmqb14v!19sChIJT2xNXgOv5EcR-gcp8xS49sc?authuser=0&hl=fr&rclk=1,Vriet Négoce Bois,Magasin de materiaux de construction,·,02 54 70 71 06,http://www.vriet-negoce-bois.fr/,"4,5",-106
https://www.google.com/maps/place/Entreprise+DP+COUVERTURE+41/data=!4m7!3m6!1s0x6c688204a928f02f:0x7f1346582a2e2678!8m2!3d47.7656736!4d1.8545854!16s%2Fg%2F11z5rd0h_l!19sChIJL_AoqQSCaGwReCYuKlhGE38?authuser=0&hl=fr&rclk=1,Entreprise DP COUVERTURE 41,Couvreur,·,06 13 67 63 68,https://dp-couverture41.fr/,5,-1
https://www.google.com/maps/place/Charpente+M%C3%A9tallique+Bl%C3%A9sois/data=!4m7!3m6!1s0x47e4a91b6aa59345:0xa93a04ed62b40455!8m2!3d47.5655586!4d1.3694702!16s%2Fg%2F11vrc0qpyr!19sChIJRZOlahup5EcRVQS0Yu0EOqk?authuser=0&hl=fr&rclk=1,Charpente Métallique Blésois,Charpentier,35 Rue de la Fédération,02 19 00 25 05,https://charpentemetalliqueblesoise.fr/,,
https://www.google.com/maps/place/CMSM+CONSTRUCTION+METALLIQUE+SERRURERIE+METALLERIE/data=!4m7!3m6!1s0x2b817bf9b18c5555:0x6a5be2f491f65ab2!8m2!3d47.6412399!4d1.300735!16s%2Fg%2F11tx6hl70j!19sChIJVVWMsfl7gSsRslr2kfTiW2o?authuser=0&hl=fr&rclk=1,CMSM CONSTRUCTION METALLIQUE SERRURERIE METALLERIE,Serrurier,·,06 89 91 82 54,https://www.cmsm-41.fr/,"4,5",-10
https://www.google.com/maps/place/Entreprise+Barbeau/data=!4m7!3m6!1s0x47e350ea8b5f5cff:0x723fa34b4c007033!8m2!3d47.5777671!4d1.2196335!16s%2Fg%2F1td_4gl5!19sChIJ_1xfi-pQ40cRM3AATEujP3I?authuser=0&hl=fr&rclk=1,Entreprise Barbeau,Charpentier,9 Chem. de la Vallée,09 70 35 22 67,https://www.barbeausarl.fr/?utm_medium=referral&utm_source=gmb&utm_campaign=lnk-gmb,5,-4
https://www.google.com/maps/place/Avenir+R%C3%A9novations+Le+Controis-en-Sologne/data=!4m7!3m6!1s0x47fb5341efd63be9:0xd94372212d9eec2c!8m2!3d47.414471!4d1.427798!16s%2Fg%2F11kd1cc_yr!19sChIJ6TvW70FT-0cRLOyeLSFyQ9k?authuser=0&hl=fr&rclk=1,Avenir Rénovations Le Controis-en-Sologne,Travaux généraux,1 Rue du Carreau,02 85 52 65 17,https://www.google.com/aclk?sa=L&ai=DChsSEwim-cGCj76UAxWLQkECHW8eOrcYACICCAEQBhoCd3M&co=1&ase=2&gclid=CjwKCAjwq6DQBhBVEiwA4ZD5XK0AEcHofKKiRLVbnEgJZf6-XGLlHIH1ijRwEd1Vb6LaISlV31iQ0xoCxIgQAvD_BwE&cce=2&category=acrcp_v1_32&sig=AOD64_2b9kB9eto0PN_AGLPxkN_3qf4J7A&adurl&q&ctype=99&nis=6,"4,7",-54
https://www.google.com/maps/place/MURPROTEC+BLOIS/data=!4m7!3m6!1s0x47e4bd2a1a8ee825:0x75849c10044865cc!8m2!3d47.715642!4d1.504853!16s%2Fg%2F1tdc4j78!19sChIJJeiOGiq95EcRzGVIBBCchHU?authuser=0&hl=fr&rclk=1,MURPROTEC BLOIS,Centre de diagnostic,Impasse de Buray,02 54 81 40 60,https://www.google.com/aclk?sa=L&ai=DChsSEwim-cGCj76UAxWLQkECHW8eOrcYACICCAEQABoCd3M&co=1&ase=2&gclid=CjwKCAjwq6DQBhBVEiwA4ZD5XIT8bLDSQMejvdODlEupkrmg8SsT7-RLArN1eeoscy_ksTmzSUx7NBoCva0QAvD_BwE&cce=2&category=acrcp_v1_32&sig=AOD64_0gPIoyJ2muo9NGeBg-iM1XbKEA1A&adurl&q&ctype=99&nis=6,"3,8",-41
https://www.google.com/maps/place/GD+Batiment/data=!4m7!3m6!1s0x47e4ad6d29da63dd:0x1cbf1b45ed13fa74!8m2!3d47.4376036!4d1.4142125!16s%2Fg%2F11y30_5j42!19sChIJ3WPaKW2t5EcRdPoT7UUbvxw?authuser=0&hl=fr&rclk=1,GD Batiment,Maçon,22 Rue du Clos de Fresnes,06 80 92 78 49,,5,-26
https://www.google.com/maps/place/Bigot+et+Fils/data=!4m7!3m6!1s0x47e4bccf6b298961:0xefa39f47ecd39796!8m2!3d47.7139093!4d1.5130358!16s%2Fg%2F1tfcbgmg!19sChIJYYkpa8-85EcRlpfT7Eefo-8?authuser=0&hl=fr&rclk=1,Bigot et Fils,Couvreur,9 Rue Maryse Bastié,02 54 81 02 45,http://www.bigot-toiture.com/,5,-5
https://www.google.com/maps/place/Peinture+du+Centre/data=!4m7!3m6!1s0x47e4a83de14197c3:0xfb53e9efaf230b3c!8m2!3d47.5842086!4d1.3434431!16s%2Fg%2F1tfwcsxq!19sChIJw5dB4T2o5EcRPAsjr-_pU_s?authuser=0&hl=fr&rclk=1,Peinture du Centre,Peintre en bâtiment,27 Rue des Ponts Chartrains,02 54 90 00 01,https://www.peintureducentre41.fr/,5,-18
https://www.google.com/maps/place/Jason+Toiture/data=!4m7!3m6!1s0x47e60b070af621a7:0xbd1fbfaf050f887e!8m2!3d48.834818!4d2.289572!16s%2Fg%2F11b64hn9wz!19sChIJpyH2CgcL5kcRfogPBa-_H70?authuser=0&hl=fr&rclk=1,Jason Toiture,Couvreur,19 Rue Auguste Chabrières,06 80 45 28 90,https://www.google.com/aclk?sa=L&ai=DChsSEwjj8MmVj76UAxXrZkECHavEL6kYACICCAEQPBoCd3M&co=1&ase=2&gclid=CjwKCAjwq6DQBhBVEiwA4ZD5XLpQi3Ba5cd1VDfSwG4yawcCV8nwqkFCMCQSqOo_xpTQgejGi2xQVRoCPjQQAvD_BwE&cce=2&category=acrcp_v1_32&sig=AOD64_3zdv3SHf_CiVgKLVhvkKZtCRx0sw&adurl&q&ctype=99&nis=6,"4,1",-26
https://www.google.com/maps/place/Couvreur+Ets.+Robba/data=!4m7!3m6!1s0x47e67a73ab261bb1:0x704dcfc16732e3f7!8m2!3d48.800133!4d2.264212!16s%2Fg%2F11l2ypmx3w!19sChIJsRsmq3N65kcR9-MyZ8HPTXA?authuser=0&hl=fr&rclk=1,Couvreur Ets. Robba,Couvreur,1 bis Rue Pierre et Marie Curie,01 46 29 06 74,https://www.google.com/aclk?sa=L&ai=DChsSEwjj8MmVj76UAxXrZkECHavEL6kYACICCAEQBxoCd3M&co=1&ase=2&gclid=CjwKCAjwq6DQBhBVEiwA4ZD5XGavk7Dz6vpTLMhxjoxYhaLNEDMq1IOfOmsuJVTZO6XcxxFhZee2fxoCpmIQAvD_BwE&cce=2&category=acrcp_v1_32&sig=AOD64_0nn7VqCsYiwKus0GiMgGRFBZRwlg&adurl&q&ctype=99&nis=6,5,-8
https://www.google.com/maps/place/jbmlg+installation+vmc+-+reparation+vmc+-maintenance+vmc+meudon/data=!4m7!3m6!1s0x47e67b7bfc7defff:0xbf765454a4807fc!8m2!3d48.8122686!4d2.2385083!16s%2Fg%2F11y7thv7ln!19sChIJ_-99_Ht75kcR_AdISkVl9ws?authuser=0&hl=fr&rclk=1,jbmlg installation vmc - reparation vmc -maintenance vmc meudon,Entrepreneur spécialisé dans l'isolation,37 Av. le Corbeiller,01 89 70 56 31,https://jbmlg-isolation-exerieur-meudon.com/,5,-19
https://www.google.com/maps/place/EFR+Entreprise+%C3%A9tanch%C3%A9it%C3%A9/data=!4m7!3m6!1s0x3ddde6e312215e5:0x33edf2081e28ee32!8m2!3d48.7839784!4d2.2302685!16s%2Fg%2F11t6s8h16t!19sChIJ5RUiMW7e3QMRMu4oHgjy7TM?authuser=0&hl=fr&rclk=1,EFR Entreprise étanchéité,Entrepreneur spécialisé dans l'isolation,2 All. du Verger,07 49 65 17 61,http://www.efr-entreprise.fr/,5,-26
https://www.google.com/maps/place/Delage+Bois/data=!4m7!3m6!1s0x47e67b8448eaad55:0x99af130d65c7f7f4!8m2!3d48.802102!4d2.240779!16s%2Fg%2F11frnrmls9!19sChIJVa3qSIR75kcR9PfHZQ0Tr5k?authuser=0&hl=fr&rclk=1,Delage Bois,Charpentier,64 Av. du Bois,,,"4,4",-7
https://www.google.com/maps/place/CANTIN+S.A.S+-+couverture+zinguerie/data=!4m7!3m6!1s0x47e67be0975c0dcf:0x5df92da714306c37!8m2!3d48.8154863!4d2.249001!16s%2Fg%2F11l2by6ff_!19sChIJzw1cl-B75kcRN2wwFKct-V0?authuser=0&hl=fr&rclk=1,CANTIN S.A.S - couverture zinguerie,Entrepreneur spécialisé dans l'isolation,7 Rue du Dr Arnaudet,06 60 43 13 09,https://societe-cantin.fr/,5,-17
https://www.google.com/maps/place/couvreurs+de+Meudon+m.godiche/data=!4m7!3m6!1s0x47e67b70c8528b49:0xb11f6b1ca152204a!8m2!3d48.7902315!4d2.212474!16s%2Fg%2F11fr3jj5c1!19sChIJSYtSyHB75kcRSiBSoRxrH7E?authuser=0&hl=fr&rclk=1,couvreurs de Meudon m.godiche,Couvreur,17 Rue Jeanne Braconnier,06 62 41 12 02,https://www.couvreur-92-godiche.fr/,"4,5",-10
https://www.google.com/maps/place/D%C3%A9gremont+r%C3%A9novation+Meudon/data=!4m7!3m6!1s0x47e67af7ef3ebb77:0xedae6115d123ab9e!8m2!3d48.8140694!4d2.2481906!16s%2Fg%2F11g_qpx1p9!19sChIJd7s-7_d65kcRnqsj0RVhru0?authuser=0&hl=fr&rclk=1,Dégremont rénovation Meudon,Entrepreneur spécialisé dans l'isolation,22 Rue du Dr Arnaudet,06 61 41 66 93,https://www.renovation-meudon.fr/contact-devis-gratuit-peinture-parquet-meudon-92190-92360,"4,9",-32
https://www.google.com/maps/place/Entreprise+G%C3%A9n%C3%A9rale+de+B%C3%A2timent+Dupuis/data=!4m7!3m6!1s0x47e67ba7e318a3cb:0x30e30fcd83ce6659!8m2!3d48.8177321!4d2.2177351!16s%2Fg%2F11g0tkzbgx!19sChIJy6MY46d75kcRWWbOg80P4zA?authuser=0&hl=fr&rclk=1,Entreprise Générale de Bâtiment Dupuis,Maçon,9 Rue des Coutures,01 46 26 14 48,https://batiment-dupuis.fr/,4,-12
https://www.google.com/maps/place/Les+Compagnons+du+B%C3%A2timent/data=!4m7!3m6!1s0x47e67bf423952e57:0x1120bdfbad05d4fe!8m2!3d48.8517061!4d2.2074357!16s%2Fg%2F11ypyfnbvg!19sChIJVy6VI_R75kcR_tQFrfu9IBE?authuser=0&hl=fr&rclk=1,Les Compagnons du Bâtiment,Couvreur,54 Rue Jacoulet,06 52 91 33 43,https://lescompagnonsdubatiment92.fr/,5,-33
https://www.google.com/maps/place/MJF+BATIMENT+%7C+Entreprise+g%C3%A9n%C3%A9rale+de+r%C3%A9novation+Clamart/data=!4m7!3m6!1s0x47e67a51b6055537:0x178d7f382104e08c!8m2!3d48.7796628!4d2.2254022!16s%2Fg%2F11c1ny81l0!19sChIJN1UFtlF65kcRjOAEITh_jRc?authuser=0&hl=fr&rclk=1,MJF BATIMENT | Entreprise générale de rénovation Clamart,Entreprise de construction,49 Av. du Petit Clamart,01 45 07 28 55,https://www.mjfbatiment.com/,"4,6",-37
https://www.google.com/maps/place/SQUARE+RENOVATION/data=!4m7!3m6!1s0x47e6701618a6538f:0xbfd57255354cf5e8!8m2!3d48.851636!4d2.297217!16s%2Fg%2F11gbf9cds6!19sChIJj1OmGBZw5kcR6PVMNVVy1b8?authuser=0&hl=fr&rclk=1,SQUARE RENOVATION,Entreprise de construction,20 Rue Dupleix,01 80 27 39 70,https://www.google.com/aclk?sa=L&ai=DChsSEwjil7m-j76UAxVGlmgJHeNeEmwYACICCAEQCRoCd2Y&co=1&ase=2&gclid=CjwKCAjwq6DQBhBVEiwA4ZD5XMN0JsdwhJSF-l6N9WkdrZt1teMcujMxN9hR535QRLZgtgCVinb5jRoChhcQAvD_BwE&cce=2&category=acrcp_v1_32&sig=AOD64_1NHmPju56r8Aj9f8gWdY5tWxL0FQ&adurl&q&ctype=99&nis=6,5,-43
https://www.google.com/maps/place/R%C3%A9noco+-+Isolation+thermique+et+ravalement/data=!4m7!3m6!1s0x47e60df5ea1b339f:0x7ef7a6dd87ed3aa9!8m2!3d48.803433!4d2.573181!16s%2Fg%2F11j1jn3w4n!19sChIJnzMb6vUN5kcRqTrth92m934?authuser=0&hl=fr&rclk=1,Rénoco - Isolation thermique et ravalement,Entrepreneur spécialisé dans l'isolation,38 Avenue Clément Ader,09 52 17 47 65,https://www.google.com/aclk?sa=L&ai=DChsSEwjil7m-j76UAxVGlmgJHeNeEmwYACICCAEQBRoCd2Y&co=1&ase=2&gclid=CjwKCAjwq6DQBhBVEiwA4ZD5XISxeao9fc583uTL2PQYWnTPoCga1l7JTZWm0AKuYReyIgPQoeEQ0hoCzfUQAvD_BwE&cce=2&category=acrcp_v1_32&sig=AOD64_3adeSZmjwx1sRSs11p68JaLO_W7g&adurl&q&ctype=99&nis=6,"4,9",-132
https://www.google.com/maps/place/lefebvre-couverture/data=!4m7!3m6!1s0x47e66d59671e7dff:0xf9354e8eeca55ab6!8m2!3d48.8675845!4d2.4151637!16s%2Fg%2F11mvmg1k1x!19sChIJ_30eZ1lt5kcRtlql7I5ONfk?authuser=0&hl=fr&rclk=1,lefebvre-couverture,Couvreur,40 Rue Jean Jaurès,07 61 18 12 23,http://www.lefebvre-couverture.fr/,5,-11
https://www.google.com/maps/place/BATEXE/data=!4m7!3m6!1s0x47e61297e95fcd97:0x6966dbfe14c598c5!8m2!3d48.8691115!4d2.4302361!16s%2Fg%2F11h4mw2mcm!19sChIJl81f6ZcS5kcRxZjFFP7bZmk?authuser=0&hl=fr&rclk=1,BATEXE,Entrepreneur spécialisé dans l'isolation,17 Rue des Lilas,06 58 14 38 09,,"4,6",-72
https://www.google.com/maps/place/Jean+Lefebvre+IDF+Bagnolet+%2F+Eurovia/data=!4m7!3m6!1s0x47e66d7b7e604129:0x65797c5d4def654d!8m2!3d48.8598081!4d2.4209609!16s%2Fg%2F11g8_69k09!19sChIJKUFgfntt5kcRTWXvTV18eWU?authuser=0&hl=fr&rclk=1,Jean Lefebvre IDF Bagnolet / Eurovia,Société de travaux publics,·,01 41 63 11 76,,"4,8",-6
https://www.google.com/maps/place/Florquin+Couverture/data=!4m7!3m6!1s0x47e612ca1009fbe5:0xaab67bf31281bfbc!8m2!3d48.8745987!4d2.4634129!16s%2Fg%2F1tdg2j7p!19sChIJ5fsJEMoS5kcRvL-BEvN7tqo?authuser=0&hl=fr&rclk=1,Florquin Couverture,Entrepreneur spécialisé dans l'isolation,·,06 82 98 64 67,http://www.florquincouverture.fr/,"4,5",-17
https://www.google.com/maps/place/BONI+BAT/data=!4m7!3m6!1s0x47e66d7b13116aad:0x7a9b968512c83193!8m2!3d48.8610227!4d2.4217595!16s%2Fg%2F11y46r8838!19sChIJrWoRE3tt5kcRkzHIEoWWm3o?authuser=0&hl=fr&rclk=1,BONI BAT,19 Rue de la Fraternité,,06 72 73 20 66,https://www.bonibat.fr/?utm_medium=referral&utm_source=gmb&utm_campaign=lnk-gmb,5,-2
"https://www.google.com/maps/place/%F0%9F%91%89+SAN+BAT+%E2%80%93+Expert+en+bardage,+isolation+et+ravalement+de+fa%C3%A7ade+en+France/data=!4m7!3m6!1s0x47e60feff7a628f7:0x64518599c5ad926b!8m2!3d48.8489869!4d2.5555182!16s%2Fg%2F11z1lh63fc!19sChIJ9yim9-8P5kcRa5KtxZmFUWQ?authuser=0&hl=fr&rclk=1","👉 SAN BAT – Expert en bardage, isolation et ravalement de façade en France",Entrepreneur spécialisé dans l'isolation,·,07 44 74 50 36,https://sanbat.fr/,5,-5
https://www.google.com/maps/place/Foudabat/data=!4m7!3m6!1s0x47e66d1574991545:0xae62939cdb799328!8m2!3d48.8768124!4d2.4352492!16s%2Fg%2F11flt3mttd!19sChIJRRWZdBVt5kcRKJN525yTYq4?authuser=0&hl=fr&rclk=1,Foudabat,Société immobilière,111 Rue Anatole France,06 23 15 83 23,http://foudabat.fr/,5,-5
https://www.google.com/maps/place/Sopex/data=!4m7!3m6!1s0x47e66d1455e0ee4b:0x4754c96fa3c0462f!8m2!3d48.877155!4d2.4331558!16s%2Fg%2F1tfv4flr!19sChIJS-7gVRRt5kcRL0bAo2_JVEc?authuser=0&hl=fr&rclk=1,Sopex,Magasin de materiaux de construction,69 Rue Anatole France,09 81 99 46 02,,,
https://www.google.com/maps/place/JDF+Couverture/data=!4m7!3m6!1s0x47e66d48f98528b9:0x52f4d8eb314252df!8m2!3d48.8586008!4d2.4002587!16s%2Fg%2F11vwglr52j!19sChIJuSiF-Uht5kcR31JCMevY9FI?authuser=0&hl=fr&rclk=1,JDF Couverture,Couvreur,5 Rue de Lesseps,06 22 98 66 80,https://jdfcouverture.fr/,5,-48
https://www.google.com/maps/place/Les+Compagnons+d%27%C3%AEle+de+france/data=!4m7!3m6!1s0x27238cd9375dacc3:0x368b999d3ffd6e91!8m2!3d48.8662115!4d2.4611007!16s%2Fg%2F11y4xpcbl3!19sChIJw6xdN9mMIycRkW79P52ZizY?authuser=0&hl=fr&rclk=1,Les Compagnons d'île de france,Couvreur,57 Rue de Saint-Antoine,07 79 23 98 60,https://les-compagnons-d-ile-de-france.fr/,"4,9",-38
https://www.google.com/maps/place/R%C3%A9noco+-+Isolation+thermique+et+ravalement/data=!4m7!3m6!1s0x47e60df5ea1b339f:0x7ef7a6dd87ed3aa9!8m2!3d48.803433!4d2.573181!16s%2Fg%2F11j1jn3w4n!19sChIJnzMb6vUN5kcRqTrth92m934?authuser=0&hl=fr&rclk=1,Rénoco - Isolation thermique et ravalement,Entrepreneur spécialisé dans l'isolation,38 Avenue Clément Ader,09 52 17 47 65,https://www.google.com/aclk?sa=L&ai=DChsSEwiY2vnEj76UAxXLtmgJHVN5BXkYACICCAEQARoCd2Y&co=1&ase=2&gclid=CjwKCAjwq6DQBhBVEiwA4ZD5XCKFpY9TTOSZvjpNGuMSTwyOSi0zOI-USuxiQ2llXfr36Zm-gI6O7RoCsYYQAvD_BwE&cce=2&category=acrcp_v1_32&sig=AOD64_31WjzDu7Ck2u-swU0-WQ5MbTkXrg&adurl&q&ctype=99&nis=6,"4,9",-132
https://www.google.com/maps/place/SQUARE+RENOVATION/data=!4m7!3m6!1s0x47e6701618a6538f:0xbfd57255354cf5e8!8m2!3d48.851636!4d2.297217!16s%2Fg%2F11gbf9cds6!19sChIJj1OmGBZw5kcR6PVMNVVy1b8?authuser=0&hl=fr&rclk=1,SQUARE RENOVATION,Entreprise de construction,20 Rue Dupleix,01 80 27 39 70,https://www.google.com/aclk?sa=L&ai=DChsSEwiY2vnEj76UAxXLtmgJHVN5BXkYACICCAEQABoCd2Y&co=1&ase=2&gclid=CjwKCAjwq6DQBhBVEiwA4ZD5XIo4VfY4uLr2kLMC2H-TwUEo-JR9ok0BB7b4N4KHBHN_w1lJj-2y7hoCla0QAvD_BwE&cce=2&category=acrcp_v1_32&sig=AOD64_04XpWJFigdqjZgmM8rA6pOVIwBlA&adurl&q&ctype=99&nis=6,5,-43
https://www.google.com/maps/place/Couvreur+93+M+Simonard+Entretien+r%C3%A9paration+et+r%C3%A9novation+de+Toiture+Couvreur+%C3%A0+Montreuil/data=!4m7!3m6!1s0x47e66dfced76ef73:0x3a1ba83e2a41301f!8m2!3d48.8741299!4d2.4527483!16s%2Fg%2F11rvb5fqpy!19sChIJc-927fxt5kcRHzBBKj6oGzo?authuser=0&hl=fr&rclk=1,Couvreur 93 M Simonard Entretien réparation et rénovation de Toiture Couvreur à Montreuil,Couvreur,109 Rue Saint-Denis,06 65 50 53 07,https://simonard.fr/,5,-2
https://www.google.com/maps/place/Entreprise+d%27Isolation+Thermique+Par+Ext%C3%A9rieur+Certifi%C3%A9e/data=!4m7!3m6!1s0x47e66ddbbe9f37b5:0xd547412bd8efd29f!8m2!3d48.9267268!4d2.4191022!16s%2Fg%2F11pyzgp5j7!19sChIJtTefvttt5kcRn9Lv2CtBR9U?authuser=0&hl=fr&rclk=1,Entreprise d'Isolation Thermique Par Extérieur Certifiée,Entrepreneur spécialisé dans l'isolation,168 Av. Paul Vaillant Couturier,09 72 50 31 96,https://isolation-exterieure-thermique.fr/?utm_source=google&utm_medium=organic&utm_campaign=gmb-listing,"4,9",-117
https://www.google.com/maps/place/Abmp/data=!4m7!3m6!1s0x47e66d7167e3adf1:0x6ada7a06083a7afe!8m2!3d48.8691527!4d2.4201467!16s%2Fg%2F11fj1_dtls!19sChIJ8a3jZ3Ft5kcR_no6CAZ62mo?authuser=0&hl=fr&rclk=1,Abmp,51 Rue Malmaison,,01 55 86 90 10,,,
https://www.google.com/maps/place/M.D.D.M+%C3%89tanch%C3%A9it%C3%A9/data=!4m7!3m6!1s0x24a39defaf9f31ab:0x321b9bc616d0f334!8m2!3d48.9345495!4d2.4996229!16s%2Fg%2F11txbwy2l0!19sChIJqzGfr--doyQRNPPQFsabGzI?authuser=0&hl=fr&rclk=1,M.D.D.M Étanchéité,Couvreur,7 Pl. de l'Hôtel de ville,06 52 41 06 73,https://mddm-etancheite.fr/,"4,9",-9
https://www.google.com/maps/place/FSC+Charpente+Couverture+Zinguerie+Sevran/data=!4m7!3m6!1s0x82787ff0d95148c5:0xbb4c39e0fb020aa8!8m2!3d48.9275806!4d2.5286741!16s%2Fg%2F11y3_4kgzp!19sChIJxUhR2fB_eIIRqAoC--A5TLs?authuser=0&hl=fr&rclk=1,FSC Charpente Couverture Zinguerie Sevran,Couvreur,18 All. du Caire,06 11 96 78 26,,5,-16
https://www.google.com/maps/place/Dnch/data=!4m7!3m6!1s0x47e66d7ebfd4090d:0x805d62ebe49c2ab7!8m2!3d48.8585364!4d2.4165266!16s%2Fg%2F11g0hnzxzj!19sChIJDQnUv35t5kcRtyqc5OtiXYA?authuser=0&hl=fr&rclk=1,Dnch,51 Rue du Lieutenant Thomas,,,,5,-2
https://www.google.com/maps/place/JDF+COUVERTURE/data=!4m7!3m6!1s0x47e60d8b795b009f:0x5a801c60e865833f!8m2!3d48.8074432!4d2.4750829!16s%2Fg%2F11swt8mb6_!19sChIJnwBbeYsN5kcRP4Nl6GAcgFo?authuser=0&hl=fr&rclk=1,JDF COUVERTURE,Couvreur,30 Rue de la Varenne,01 70 40 19 54,https://jdf-couverture.fr/,5,-4
https://www.google.com/maps/place/VMZINC/data=!4m7!3m6!1s0x47e66d4375854543:0xb8b4dd929588b687!8m2!3d48.860647!4d2.441979!16s%2Fg%2F11f5vg2_n0!19sChIJQ0WFdUNt5kcRh7aIlZLdtLg?authuser=0&hl=fr&rclk=1,VMZINC,Fournisseur de produits métalliques laminés,"Tour Altaïs, 3 Pl. Aimé Césaire",01 49 72 42 42,https://vmzinc.fr/,1,-1
https://www.google.com/maps/place/SAS+Alpiprobat/data=!4m7!3m6!1s0x47e66c4ee8e40c01:0xce1d27c1cd37b94c!8m2!3d48.90223!4d2.400651!16s%2Fg%2F113f4ws3v!19sChIJAQzk6E5s5kcRTLk3zcEnHc4?authuser=0&hl=fr&rclk=1,SAS Alpiprobat,Travaux en hauteur,55 Rue Cartier Bresson,01 70 24 54 78,http://www.alpiprobat.fr/,"4,8",-5
https://www.google.com/maps/place/LAGRENE+2+Toiture+Couvreur+93+Drancy/data=!4m7!3m6!1s0x47e613da9ac41b67:0xa44d8e827d56071e!8m2!3d48.917754!4d2.4747728!16s%2Fg%2F11n06j8t8_!19sChIJZxvEmtoT5kcRHgdWfYKOTaQ?authuser=0&hl=fr&rclk=1,LAGRENE 2 Toiture Couvreur 93 Drancy,Couvreur,19 Rue Paul Garnier,06 11 94 16 43,https://www.lagrene-2-toiture.fr/,5,-61
https://www.google.com/maps/place/Saritex/data=!4m7!3m6!1s0x47e66d731d618291:0x35cb1ada66bde886!8m2!3d48.8729499!4d2.4224315!16s%2Fg%2F1tdl5fjb!19sChIJkYJhHXNt5kcRhui9ZtoayzU?authuser=0&hl=fr&rclk=1,Saritex,Grossiste,138 Rue Sadi Carnot,01 49 72 01 08,,,