maps,nom,note,avis,metier, adresse,tel,site
,,,,,,,
,,,,,,,
https://www.google.com/maps/place/PPF+Rennes+Nord/data=!4m7!3m6!1s0x480edf2c7b9dcff1:0x171ff0cf4d1be2df!8m2!3d48.104598!4d-1.625723!16s%2Fg%2F11trlvmch5!19sChIJ8c-deyzfDkgR3-IbTc_wHxc?authuser=0&hl=fr&rclk=1,PPF Rennes Nord,5,-8,Entrepreneur spécialisé dans l'isolation,21 Rue de l'Oseraie,02 21 83 28 57,https://www.google.com/aclk?sa=L&ai=DChsSEwjs5LT2u72UAxUxf0ECHZneMgsYACICCAEQAhoCd3M&co=1&ase=2&gclid=CjwKCAjwq6DQBhBVEiwA4ZD5XFrTEXHbVMdhnFzmNHk0PP-bwxPRJeBgdYHopr_FlEcekpId8scLPxoCiHoQAvD_BwE&cce=2&category=acrcp_v1_32&sig=AOD64_0CR5OWtAROLc9F2pyuzeApNC7U-g&adurl&q&ctype=99&nis=6
https://www.google.com/maps/place/Lesn%C3%A9+Service/data=!4m7!3m6!1s0x480ee7a5143e93c5:0x91770d06165f4c76!8m2!3d48.194662!4d-1.73367!16s%2Fg%2F1tmpvckw!19sChIJxZM-FKXnDkgRdkxfFgYNd5E?authuser=0&hl=fr&rclk=1,Lesné Service,"4,5",-103,Plombier,La Bourdonnais,02 99 68 82 82,https://www.google.com/aclk?sa=L&ai=DChsSEwjs5LT2u72UAxUxf0ECHZneMgsYACICCAEQBBoCd3M&co=1&ase=2&gclid=CjwKCAjwq6DQBhBVEiwA4ZD5XLPlJXbDi4-gXnA0md5e-PeGU0wCQWoA2v1upVG4g72g-ff55qyhnRoCSikQAvD_BwE&cce=2&category=acrcp_v1_32&sig=AOD64_1_oqWmP0leHiEyGIvt4-uJxICnsQ&adurl&q&ctype=99&nis=6
https://www.google.com/maps/place/A2G-+Plombier+a+Rennes/data=!4m7!3m6!1s0x12b5ec46e3a93d13:0x32c7afedc92fa78b!8m2!3d48.1205077!4d-1.6657872!16s%2Fg%2F1tg2gwcf!19sChIJEz2p40bstRIRi6cvye2vxzI?authuser=0&hl=fr&rclk=1,A2G- Plombier a Rennes,"4,6",-38,Plombier,Rue de Fougères bis 90,06 79 62 17 25,http://www.a2gplomberie.fr/
https://www.google.com/maps/place/SDG+Services+Chauffage+Plomberie/data=!4m7!3m6!1s0x480edfb66a9bf2bb:0x8d384d0215c387ea!8m2!3d48.1250851!4d-1.6367723!16s%2Fg%2F11px8jdnc9!19sChIJu_KbarbfDkgR6ofDFQJNOI0?authuser=0&hl=fr&rclk=1,SDG Services Chauffage Plomberie,"4,8",-76,Chauffagiste,"Square de l, 5 Sq. Amiral André Roux",06 95 42 32 61,https://sdg-chauffage.fr/
https://www.google.com/maps/place/Fabiani-Pirio/data=!4m7!3m6!1s0x480ee0561cf5e8b1:0x8b120ac252700762!8m2!3d48.1072703!4d-1.7325113!16s%2Fg%2F11cs015cdf!19sChIJsej1HFbgDkgRYgdwUsIKEos?authuser=0&hl=fr&rclk=1,Fabiani-Pirio,"4,9",-93,Chauffagiste,4 Rue du Lieutenant Colonel Dubois,02 99 63 06 41,https://www.fabianipirio-plomberie-chauffage.com/
https://www.google.com/maps/place/Artisan+D%C3%A9pannage+des+Usagers/data=!4m7!3m6!1s0x480ede24b3a797e7:0xda2fd5eb86f085f3!8m2!3d48.0884167!4d-1.6391781!16s%2Fg%2F1tg39hg_!19sChIJ55ensyTeDkgR84XwhuvVL9o?authuser=0&hl=fr&rclk=1,Artisan Dépannage des Usagers,"4,9",-156,Chauffagiste,5 Rue Jean Monnet,06 98 75 35 35,http://www.depannage-electricite-plomberie-rennes.fr/
https://www.google.com/maps/place/A.D.M+Chauffage+et+Plomberie/data=!4m7!3m6!1s0x480ee22b7dd3ffff:0xb343ed06bc40d1f9!8m2!3d48.0869902!4d-1.7394412!16s%2Fg%2F11pzklfmw5!19sChIJ___TfSviDkgR-dFAvAbtQ7M?authuser=0&hl=fr&rclk=1,A.D.M Chauffage et Plomberie,"4,9",-117,Chauffagiste,·,07 83 12 73 94,https://www.adm-chauffageetplomberie.fr/contact
https://www.google.com/maps/place/Allo+Mario/data=!4m7!3m6!1s0x480ede2b3edd6663:0x11b95ca28f775e92!8m2!3d48.1084803!4d-1.6923843!16s%2Fg%2F1tx14s1k!19sChIJY2bdPiveDkgRkl53j6JcuRE?authuser=0&hl=fr&rclk=1,Allo Mario,"4,5",-137,Plombier,81 Mail François Mitterrand,06 66 89 40 73,http://www.allomario.fr/
https://www.google.com/maps/place/plombier+35/data=!4m7!3m6!1s0x480edfbc9bf65755:0x12aaaf55495b234!8m2!3d48.0926776!4d-1.6646482!16s%2Fg%2F11ghpp58kg!19sChIJVVf2m7zfDkgRNLKVVPWqKgE?authuser=0&hl=fr&rclk=1,plombier 35,"4,9",-99,Chauffagiste,6 Rue des Écotais,,
https://www.google.com/maps/place/Entretien+et+d%C3%A9pannage+chaudi%C3%A8re+gaz+et+fioul+-+RITTER+SAV+35/data=!4m7!3m6!1s0x480ede2a5edf8001:0xf9554f3cc4173089!8m2!3d48.1044712!4d-1.6757993!16s%2Fg%2F11c3zn936d!19sChIJAYDfXireDkgRiTAXxDxPVfk?authuser=0&hl=fr&rclk=1,Entretien et dépannage chaudière gaz et fioul - RITTER SAV 35,"4,9",-98,Chauffagiste,"ESPLANADE DU, 16 Esp. du Champ de Mars",06 59 58 76 98,http://rittersav.fr/
https://www.google.com/maps/place/PPF+Rennes+Nord/data=!4m7!3m6!1s0x480edf2c7b9dcff1:0x171ff0cf4d1be2df!8m2!3d48.104598!4d-1.625723!16s%2Fg%2F11trlvmch5!19sChIJ8c-deyzfDkgR3-IbTc_wHxc?authuser=0&hl=fr&rclk=1,PPF Rennes Nord,5,-8,Entrepreneur spécialisé dans l'isolation,21 Rue de l'Oseraie,02 21 83 28 57,https://www.google.com/aclk?sa=L&ai=DChsSEwiV4-mZvL2UAxUojWgJHQetCOcYACICCAEQABoCd2Y&co=1&ase=2&gclid=CjwKCAjwq6DQBhBVEiwA4ZD5XGG53OeBIltHoIMylo4KOHnuoNOvOo7x95hXR-SENEcukz4S4lJ4jRoCEF0QAvD_BwE&cce=2&category=acrcp_v1_32&sig=AOD64_2gwqMLPXB4AmxFdPfgKCc4JgsWTQ&adurl&q&ctype=99&nis=6
"https://www.google.com/maps/place/RG+%C3%89nergies+35+%E2%80%93+Plomberie,+Chauffage,+%C3%89lectricit%C3%A9+%E2%80%93+Cintr%C3%A9+%2F+Rennes./data=!4m7!3m6!1s0x411895cb48a663a3:0x81d2af3c3dbfa448!8m2!3d48.103808!4d-1.886057!16s%2Fg%2F11vf0zdf5g!19sChIJo2OmSMuVGEERSKS_PTyv0oE?authuser=0&hl=fr&rclk=1","RG Énergies 35 – Plomberie, Chauffage, Électricité – Cintré / Rennes.",5,-12,Plombier,20 La Barbais,06 02 52 15 79,https://www.google.com/aclk?sa=L&ai=DChsSEwiV4-mZvL2UAxUojWgJHQetCOcYACICCAEQAhoCd2Y&co=1&ase=2&gclid=CjwKCAjwq6DQBhBVEiwA4ZD5XM465eYn_-Io2X0jXn45-R4sg3asVcT2J2FNWtuWfvgakc4tAgyY2hoCVhwQAvD_BwE&cce=2&category=acrcp_v1_32&sig=AOD64_0eJK8WX90Q3WZ_YGhfapB7QLVs6A&adurl&q&ctype=99&nis=6
https://www.google.com/maps/place/SDG+Services+Chauffage+Plomberie/data=!4m7!3m6!1s0x480edfb66a9bf2bb:0x8d384d0215c387ea!8m2!3d48.1250851!4d-1.6367723!16s%2Fg%2F11px8jdnc9!19sChIJu_KbarbfDkgR6ofDFQJNOI0?authuser=0&hl=fr&rclk=1,SDG Services Chauffage Plomberie,"4,8",-76,Chauffagiste,"Square de l, 5 Sq. Amiral André Roux",06 95 42 32 61,https://sdg-chauffage.fr/
https://www.google.com/maps/place/Fabiani-Pirio/data=!4m7!3m6!1s0x480ee0561cf5e8b1:0x8b120ac252700762!8m2!3d48.1072703!4d-1.7325113!16s%2Fg%2F11cs015cdf!19sChIJsej1HFbgDkgRYgdwUsIKEos?authuser=0&hl=fr&rclk=1,Fabiani-Pirio,"4,9",-93,Chauffagiste,4 Rue du Lieutenant Colonel Dubois,02 99 63 06 41,https://www.fabianipirio-plomberie-chauffage.com/
https://www.google.com/maps/place/Entretien+et+d%C3%A9pannage+chaudi%C3%A8re+gaz+et+fioul+-+RITTER+SAV+35/data=!4m7!3m6!1s0x480ede2a5edf8001:0xf9554f3cc4173089!8m2!3d48.1044712!4d-1.6757993!16s%2Fg%2F11c3zn936d!19sChIJAYDfXireDkgRiTAXxDxPVfk?authuser=0&hl=fr&rclk=1,Entretien et dépannage chaudière gaz et fioul - RITTER SAV 35,"4,9",-98,Chauffagiste,"ESPLANADE DU, 16 Esp. du Champ de Mars",06 59 58 76 98,http://rittersav.fr/
https://www.google.com/maps/place/LESPRIT+REIGNER/data=!4m7!3m6!1s0x480edf3d33da24d9:0x4efeba6c6d0d044!8m2!3d48.0969251!4d-1.6523305!16s%2Fg%2F11j4lp0sjd!19sChIJ2STaMz3fDkgRRNDQxqbr7wQ?authuser=0&hl=fr&rclk=1,LESPRIT REIGNER,5,-52,Plombier,"4 Rue le Dantec, 16 Rue du pré du bois",06 14 30 01 20,https://lesprit-reigner.fr/
https://www.google.com/maps/place/Chauffage+Ecoplus/data=!4m7!3m6!1s0x480edf70935daf2d:0xeba7bce4772fb45a!8m2!3d48.134541!4d-1.6641108!16s%2Fg%2F11rw_p4tnf!19sChIJLa9dk3DfDkgRWrQvd-S8p-s?authuser=0&hl=fr&rclk=1,Chauffage Ecoplus,5,-15,Chauffagiste,24 Rue Pierre Varin de la Bruneliere,06 65 34 39 69,https://www.chauffage-ecoplus-rennes.fr/
https://www.google.com/maps/place/MAC%C3%89+-+FROG%C3%89/data=!4m7!3m6!1s0x480edf245894b817:0x4bb8f26722aeb4c9!8m2!3d48.1006282!4d-1.6292216!16s%2Fg%2F1tl9lzsv!19sChIJF7iUWCTfDkgRybSuImfyuEs?authuser=0&hl=fr&rclk=1,MACÉ - FROGÉ,"4,2",-136,Chauffagiste,·,02 99 33 78 01,https://www.axenergie.eu/agences/108-mace-froge
https://www.google.com/maps/place/Compagnie+de+Chauffage+et+Climatisation/data=!4m7!3m6!1s0x480ede33f5beacb1:0xd7ae7aff0ecebe6c!8m2!3d48.1102738!4d-1.6344654!16s%2Fg%2F1tnl0t12!19sChIJsay-9TPeDkgRbL7ODv96rtc?authuser=0&hl=fr&rclk=1,Compagnie de Chauffage et Climatisation,"4,6",-20,Fournisseur de systèmes de climatisation,166 Av. Chardonnet,02 99 36 95 07,https://www.compagnie-chauffage-climatisation-rennes.fr/
"https://www.google.com/maps/place/Grange+et+Fils,+Philippe+%26+Valentin/data=!4m7!3m6!1s0x480edfcfa36b7635:0xc3571525232daa3c!8m2!3d48.0993416!4d-1.6825334!16s%2Fg%2F11btlsklhc!19sChIJNXZro8_fDkgRPKotIyUVV8M?authuser=0&hl=fr&rclk=1","Grange et Fils, Philippe & Valentin","4,9",-92,Chauffagiste,32 Rue André Desilles,06 72 37 64 28,
https://www.google.com/maps/place/DLF+35/data=!4m7!3m6!1s0x480ee023aac67d79:0x1c5d36c3e75306bd!8m2!3d48.0743848!4d-1.7185909!16s%2Fg%2F11hbfhwbb7!19sChIJeX3GqiPgDkgRvQZT58M2XRw?authuser=0&hl=fr&rclk=1,DLF 35,"4,3",-38,Plombier,"Airparc 3, 3 Rue Jacqueline Auriol ZAC Airland",02 99 32 36 09,https://www.dlf35.com/
https://www.google.com/maps/place/Artisan+Breton+Assistance+D%C3%A9pannage/data=!4m7!3m6!1s0x480f20b76a513ec9:0x9297f66976c3b206!8m2!3d48.0909611!4d-1.6369346!16s%2Fg%2F113j6jpnf!19sChIJyT5RarcgD0gRBrLDdmn2l5I?authuser=0&hl=fr&rclk=1,Artisan Breton Assistance Dépannage,"4,5",-10,Plombier,33 Rue Baudri de Bourgueil,02 23 27 82 30,http://www.artisan-breton-assistance-depannage.fr/
https://www.google.com/maps/place/Allo+Mario/data=!4m7!3m6!1s0x480ede2b3edd6663:0x11b95ca28f775e92!8m2!3d48.1084803!4d-1.6923843!16s%2Fg%2F1tx14s1k!19sChIJY2bdPiveDkgRkl53j6JcuRE?authuser=0&hl=fr&rclk=1,Allo Mario,"4,5",-137,Plombier,81 Mail François Mitterrand,06 66 89 40 73,http://www.allomario.fr/
https://www.google.com/maps/place/Pannetier+HVE+-+Chaudi%C3%A8re+Rennes/data=!4m7!3m6!1s0x480edf174f6b80bb:0xe9d945f9419c48bc!8m2!3d48.0954913!4d-1.6347087!16s%2Fg%2F1v4k5xpq!19sChIJu4BrTxffDkgRvEicQflF2ek?authuser=0&hl=fr&rclk=1,Pannetier HVE - Chaudière Rennes,"3,6",-12,Fournisseur d'équipements de chauffage,5 All. de la Bourgonnette,02 99 32 16 28,
https://www.google.com/maps/place/Bedier+Gildas/data=!4m7!3m6!1s0x480edfb8d5966df3:0x4e5b84f169139d98!8m2!3d48.0964268!4d-1.6675251!16s%2Fg%2F1w4vj9xx!19sChIJ822W1bjfDkgRmJ0TafGEW04?authuser=0&hl=fr&rclk=1,Bedier Gildas,"4,8",-23,Chauffagiste,40 Rue Bigot de Préameneu,02 99 32 22 32,https://www.facebook.com/Plomberie-Bedier-563108277054655/?utm_source=gmb
https://www.google.com/maps/place/AYALIS+POMPE+%C3%80+CHALEUR+ET+CLIMATISATION/data=!4m7!3m6!1s0x480edff5b31f3daf:0xe6ac70710663ae38!8m2!3d48.1014895!4d-1.6312603!16s%2Fg%2F11j07vx963!19sChIJrz0fs_XfDkgROK5jBnFwrOY?authuser=0&hl=fr&rclk=1,AYALIS POMPE À CHALEUR ET CLIMATISATION,"4,9",-136,Chauffagiste,·,02 23 45 95 39,https://ayalis.fr/
https://www.google.com/maps/place/EURL+BOISRAME+COURSELAUD/data=!4m7!3m6!1s0x480edfaadc1353a9:0xc13891599ec743af!8m2!3d48.0959115!4d-1.6698499!16s%2Fg%2F11gsbgpkn4!19sChIJqVMT3KrfDkgRr0PHnlmROME?authuser=0&hl=fr&rclk=1,EURL BOISRAME COURSELAUD,"4,7",-14,Chauffagiste,19 Rue Glais Bizoin,02 99 50 41 63,http://www.boisrame-courselaud.fr/
https://www.google.com/maps/place/Chauffagiste+IZI+confort+Rennes/data=!4m7!3m6!1s0x480edfbefe1709e1:0x8f113b752fe41ce2!8m2!3d48.1045148!4d-1.6316188!16s%2Fg%2F11sy1mctqd!19sChIJ4QkX_r7fDkgR4hzkL3U7EY8?authuser=0&hl=fr&rclk=1,Chauffagiste IZI confort Rennes,"3,7",-728,Chauffagiste,3 Rue de Bray,02 99 22 76 76,https://www.izi-by-edf-entretien.fr/?at_medium=Gmb&at_campaign=rennes
https://www.google.com/maps/place/Atouts+Plus+Plomberie/data=!4m7!3m6!1s0x480ede35dc81e9fb:0xfd43948286d86ac4!8m2!3d48.1123028!4d-1.67651!16s%2Fg%2F1tkl2qch!19sChIJ--mB3DXeDkgRxGrYhoKUQ_0?authuser=0&hl=fr&rclk=1,Atouts Plus Plomberie,"4,2",-12,Plombier,6 Rue Victor Hugo,06 11 07 04 45,http://www.atoutsplus.fr/
https://www.google.com/maps/place/BEN+ASSISTANCE+35/data=!4m7!3m6!1s0x3dea2129a276f35:0x70fd94cea5c36d92!8m2!3d48.1152151!4d-1.6787976!16s%2Fg%2F11ybd4qj9_!19sChIJNW8nmhKi3gMRkm3Dpc6U_XA?authuser=0&hl=fr&rclk=1,BEN ASSISTANCE 35,"4,8",-25,Chauffagiste,3 Pass. des Carmélites,06 37 68 17 55,http://www.benassistance92.fr/
https://www.google.com/maps/place/PPF+Rennes+Nord/data=!4m7!3m6!1s0x480edf2c7b9dcff1:0x171ff0cf4d1be2df!8m2!3d48.104598!4d-1.625723!16s%2Fg%2F11trlvmch5!19sChIJ8c-deyzfDkgR3-IbTc_wHxc?authuser=0&hl=fr&rclk=1,PPF Rennes Nord,5,-8,Entrepreneur spécialisé dans l'isolation,21 Rue de l'Oseraie,02 21 83 28 57,https://www.google.com/aclk?sa=L&ai=DChsSEwip98XyvL2UAxXK8XkEHeQ4GN4YACICCAEQAhoCd2Y&co=1&ase=2&gclid=CjwKCAjwq6DQBhBVEiwA4ZD5XC2EKmLJ4DsO6cb3x7Nd4BaTHCq5_G3tYaRy1-eEwDRgT7TaFXiuJBoCx2gQAvD_BwE&cce=2&category=acrcp_v1_32&sig=AOD64_3-cUJMAhm_PTnlnAn5Qrunk6nxPA&adurl&q&ctype=99&nis=6
https://www.google.com/maps/place/LR+ENERGY+-+Rennes+Ouest/data=!4m7!3m6!1s0x480ee73c2839c2fb:0x449812f201dca785!8m2!3d48.21526!4d-1.776014!16s%2Fg%2F11yg8gk667!19sChIJ-8I5KDznDkgRhafcAfISmEQ?authuser=0&hl=fr&rclk=1,LR ENERGY - Rennes Ouest,"4,6",-9,Chauffagiste,3 Rue des Entrepreneurs,02 30 96 25 71,https://www.google.com/aclk?sa=L&ai=DChsSEwip98XyvL2UAxXK8XkEHeQ4GN4YACICCAEQARoCd2Y&co=1&ase=2&gclid=CjwKCAjwq6DQBhBVEiwA4ZD5XMMVQ_F4xuz5welBXQ837s5rWSC5IupQbCdhCS5u0nmcqouSWAdLnhoCnQgQAvD_BwE&cce=2&category=acrcp_v1_32&sig=AOD64_1p7GHIEXaKnedU-k6AP7C_PZWimg&adurl&q&ctype=99&nis=6
https://www.google.com/maps/place/Le+Grand+Plombier+Chauffagiste+-+Salle+de+bain+Rennes/data=!4m7!3m6!1s0x480ee087697e03d1:0x317bf50220ece384!8m2!3d48.1066566!4d-1.7426039!16s%2Fg%2F12mm8401q!19sChIJ0QN-aYfgDkgRhOPsIAL1ezE?authuser=0&hl=fr&rclk=1,Le Grand Plombier Chauffagiste - Salle de bain Rennes,"4,5",-69,Chauffagiste,5 Imp. de la Jonchée,06 47 88 63 22,http://salledebainlegrandrennes.fr/
https://www.google.com/maps/place/Genie+Plomberie/data=!4m7!3m6!1s0x25ff5bccc8cdf285:0xa2f055b893b1a3c6!8m2!3d48.0993594!4d-1.6555685!16s%2Fg%2F11y98t195c!19sChIJhfLNyMxb_yURxqOxk7hV8KI?authuser=0&hl=fr&rclk=1,Genie Plomberie,5,-62,Chauffagiste,22 Sq. Léon Bourgeois,06 47 83 34 51,https://www.genieplomberie.fr/?utm_source=gmb
https://www.google.com/maps/place/Lesn%C3%A9+Service/data=!4m7!3m6!1s0x480ee7a5143e93c5:0x91770d06165f4c76!8m2!3d48.1946623!4d-1.7336701!16s%2Fg%2F1tmpvckw!19sChIJxZM-FKXnDkgRdkxfFgYNd5E?authuser=0&hl=fr&rclk=1,Lesné Service,"4,5",-103,Chauffagiste,"ZA, La Bourdonnais",02 99 68 82 82,http://www.lesneservice.com/
https://www.google.com/maps/place/Bains+%26+Solutions/data=!4m7!3m6!1s0x480ee14cc2809e79:0xff5ed0a506c384cc!8m2!3d48.1070549!4d-1.7290564!16s%2Fg%2F11bbwyt_hw!19sChIJeZ6AwkzhDkgRzITDBqXQXv8?authuser=0&hl=fr&rclk=1,Bains & Solutions,"4,9",-78,Chauffagiste,·,02 99 69 17 48,http://www.bainsetsolutions.fr/
https://www.google.com/maps/place/MPC+Morgan+Plomberie+Chauffage/data=!4m7!3m6!1s0x480f27bde860c057:0x62ef5fc7f81369fe!8m2!3d48.0768638!4d-1.6283192!16s%2Fg%2F11j4czcz30!19sChIJV8Bg6L0nD0gR_mkT-Mdf72I?authuser=0&hl=fr&rclk=1,MPC Morgan Plomberie Chauffage,5,-90,Chauffagiste,6 Rue du Bois de Soeuvres,07 63 90 35 35,http://www.mpc-plomberie-chauffage.fr/?utm_source=gmb
https://www.google.com/maps/place/Globale+Energie/data=!4m7!3m6!1s0x480edf8c9135b9a5:0xfe7365176df1f4bd!8m2!3d48.0735526!4d-1.626009!16s%2Fg%2F11ff53x2n3!19sChIJpbk1kYzfDkgRvfTxbRdlc_4?authuser=0&hl=fr&rclk=1,Globale Energie,"4,9",-39,Chauffagiste,·,07 60 89 73 33,https://scop-globale-energie.fr/
https://www.google.com/maps/place/Garnier+Revault/data=!4m7!3m6!1s0x480edfec79aac31f:0xf4406e90ea4d9988!8m2!3d48.0981339!4d-1.6357624!16s%2Fg%2F11n764k73k!19sChIJH8OqeezfDkgRiJlN6pBuQPQ?authuser=0&hl=fr&rclk=1,Garnier Revault,"4,8",-5,Chauffagiste,7 Rue du Noyer,02 99 53 97 53,https://www.garnier-revault.fr/
https://www.google.com/maps/place/ASSTEC/data=!4m7!3m6!1s0x480ee11d1477d5c1:0xe671cc8f901edf51!8m2!3d48.1172209!4d-1.7356133!16s%2Fg%2F11c5qnw6zy!19sChIJwdV3FB3hDkgRUd8ekI_MceY?authuser=0&hl=fr&rclk=1,ASSTEC,"3,9",-26,Plombier,La Mettrie,02 99 63 12 94,http://www.asstec35.com/
https://www.google.com/maps/place/Groupe+C2V+Energies/data=!4m7!3m6!1s0x405d661da8c0c329:0xf3b124eee99bc637!8m2!3d48.0954923!4d-1.6347046!16s%2Fg%2F11tg7y5t1x!19sChIJKcPAqB1mXUARN8ab6e4ksfM?authuser=0&hl=fr&rclk=1,Groupe C2V Energies,"3,5",-2,Chauffagiste,5 All. de la Bourgonnette,02 99 32 16 28,https://www.hve-design-platre.fr/
https://www.google.com/maps/place/MEN+IN+PAC/data=!4m7!3m6!1s0x480edfc767ef457f:0x180894b88901c35!8m2!3d48.1015018!4d-1.6312825!16s%2Fg%2F11y86vsrcd!19sChIJf0XvZ8ffDkgRNRyQiEuJgAE?authuser=0&hl=fr&rclk=1,MEN IN PAC,5,-33,Chauffagiste,·,02 21 81 21 18,https://meninpac.fr/
"https://www.google.com/maps/place/ELITHERME+:+Plombier,+Chauffagiste,+%C3%89lectricien,+Carreleur,+Salle+de+bain+-+Rennes/data=!4m7!3m6!1s0x480edfd2165da26d:0xea6d4a06c6b399a6!8m2!3d48.137999!4d-1.6722948!16s%2Fg%2F11k2k3vlfl!19sChIJbaJdFtLfDkgRppmzxgZKbeo?authuser=0&hl=fr&rclk=1","ELITHERME : Plombier, Chauffagiste, Électricien, Carreleur, Salle de bain - Rennes","4,8",-40,Plombier,4 All. de l'équinoxe,07 88 07 69 96,http://elitherme.fr/
https://www.google.com/maps/place/Allo+Atous+Services/data=!4m7!3m6!1s0x480edfce21100017:0x32338f2bbecca073!8m2!3d48.1012499!4d-1.6846817!16s%2Fg%2F1tgfw0bd!19sChIJFwAQIc7fDkgRc6DMviuPMzI?authuser=0&hl=fr&rclk=1,Allo Atous Services,"3,7",-43,Chauffagiste,119 Rue de Nantes,02 99 35 00 00,https://www.atous-services.fr/
https://www.google.com/maps/place/DMJ+Plomberie/data=!4m7!3m6!1s0xa1b878efa8c47a69:0x114b82c00df41a02!8m2!3d48.1472353!4d-1.6555834!16s%2Fg%2F11trk7mhls!19sChIJaXrEqO94uKERAhr0DcCCSxE?authuser=0&hl=fr&rclk=1,DMJ Plomberie,"4,9",-30,Chauffagiste,10 All. Tourville,07 61 88 08 20,https://www.facebook.com/110255832011047
https://www.google.com/maps/place/CARREE+Plomberie+Sanitaire+Chauffage+Ventilation+Climatisation+Electricit%C3%A9/data=!4m7!3m6!1s0x480ee188887f28f3:0x1f58fbc970cd663b!8m2!3d48.0960225!4d-1.7808005!16s%2Fg%2F11btmr160p!19sChIJ8yh_iIjhDkgRO2bNcMn7WB8?authuser=0&hl=fr&rclk=1,CARREE Plomberie Sanitaire Chauffage Ventilation Climatisation Electricité,"3,8",-47,Chauffagiste,"Le, 5 Bis Rue de la Barberais",02 99 64 79 72,https://www.davidcarree.fr/
https://www.google.com/maps/place/GROUPE+M.A./data=!4m7!3m6!1s0x480efa9b33a79c21:0xdf794d3081cb2951!8m2!3d48.1039758!4d-1.7278602!16s%2Fg%2F11btlntdmm!19sChIJIZynM5v6DkgRUSnLgTBNed8?authuser=0&hl=fr&rclk=1,GROUPE M.A.,"4,8",-40,Chauffagiste,·,02 23 42 17 73,http://groupe-ma35.fr/
"https://www.google.com/maps/place/ASD+plombier,+%C3%A9lectricien+%C3%A0+Chantepie+pr%C3%A8s+de+Rennes/data=!4m7!3m6!1s0x480edf4a4483ffff:0xd3bf45cb9141ac41!8m2!3d48.0873565!4d-1.6121259!16s%2Fg%2F11h_zmn90p!19sChIJ__-DRErfDkgRQaxBkctFv9M?authuser=0&hl=fr&rclk=1","ASD plombier, électricien à Chantepie près de Rennes",4,-16,Plombier,2 Rue du Nivernais,02 99 50 62 29,https://www.asd-electricite-plomberie.fr/
https://www.google.com/maps/place/ADT+G%C3%A9nie+Climatique/data=!4m7!3m6!1s0x87e2b1dda9d0b7e1:0x5d4723c70b34ecb6!8m2!3d48.0984843!4d-1.645203!16s%2Fg%2F11tndzjnl1!19sChIJ4bfQqd2x4ocRtuw0C8cjR10?authuser=0&hl=fr&rclk=1,ADT Génie Climatique,5,-5,Chauffagiste,5 All. de la Grande Treille,06 42 98 44 86,https://www.chauffagiste-adt-genie-climatique.fr/
https://www.google.com/maps/place/SOBREC/data=!4m7!3m6!1s0x480ee1ca8caba247:0x16b12d8c81156360!8m2!3d48.1160197!4d-1.710355!16s%2Fg%2F11kj440px6!19sChIJR6KrjMrhDkgRYGMVgYwtsRY?authuser=0&hl=fr&rclk=1,SOBREC,,,Chauffagiste,8 All. Adolphe Bobierre,02 99 30 18 00,
https://www.google.com/maps/place/CPCS+Cesson+Plomberie+Chauffage+Sanitaire/data=!4m7!3m6!1s0x480ed92f2ed190bd:0xa143a4b8c7dbc99c!8m2!3d48.1163183!4d-1.6054179!16s%2Fg%2F11h4fhrf_z!19sChIJvZDRLi_ZDkgRnMnbx7ikQ6E?authuser=0&hl=fr&rclk=1,CPCS Cesson Plomberie Chauffage Sanitaire,"4,5",-24,Plombier,12 Cr de la Vilaine,02 99 86 08 87,http://www.cpcs-plomberie-chauffage.fr/
https://www.google.com/maps/place/Sodico+Rennes/data=!4m7!3m6!1s0x480ee058b879e633:0xe0b9b980803c9f58!8m2!3d48.0554538!4d-1.6987455!16s%2Fg%2F11bz_2w6n_!19sChIJM-Z5uFjgDkgRWJ88gIC5ueA?authuser=0&hl=fr&rclk=1,Sodico Rennes,"4,4",-46,Grossiste,·,02 99 54 96 10,http://www.sodico.eu/
https://www.google.com/maps/place/Avenir+Ouest+Energie/data=!4m7!3m6!1s0x480ee7f7d48332bd:0x882a4f877d62077e!8m2!3d48.1873229!4d-1.6300005!16s%2Fg%2F1ttdmd06!19sChIJvTKD1PfnDkgRfgdifYdPKog?authuser=0&hl=fr&rclk=1,Avenir Ouest Energie,4,-69,Chauffagiste,5 Rue des Tisserands,02 99 66 19 06,https://aoe35.com/
https://www.google.com/maps/place/SOGEX+RENNES/data=!4m7!3m6!1s0x480edf23150bdfbd:0xe2198a8c225e02c2!8m2!3d48.1001142!4d-1.623696!16s%2Fg%2F11df3xg9dv!19sChIJvd8LFSPfDkgRwgJeIoyKGeI?authuser=0&hl=fr&rclk=1,SOGEX RENNES,"4,8",-5,Chauffagiste,·,02 99 23 74 43,http://www.sogex-nw.fr/
https://www.google.com/maps/place/Haute+Bretagne+Energies/data=!4m7!3m6!1s0x480edf095917302d:0xfefb10d7084418d1!8m2!3d48.099205!4d-1.628823!16s%2Fg%2F11ppcdn3np!19sChIJLTAXWQnfDkgR0RhECNcQ-_4?authuser=0&hl=fr&rclk=1,Haute Bretagne Energies,"3,3",-9,Plombier,1 Rue de la Tremblaie,02 30 21 18 43,
https://www.google.com/maps/place/City+Gaz+Service/data=!4m7!3m6!1s0x480ede2a66b11ff3:0x78ebfae14d79769b!8m2!3d48.1461193!4d-1.7680152!16s%2Fg%2F11fj1_jtlr!19sChIJ8x-xZireDkgRm3Z5TeH663g?authuser=0&hl=fr&rclk=1,City Gaz Service,"4,4",-13,Chauffagiste,·,02 99 14 82 21,
https://www.google.com/maps/place/ENGIE+Home+Services/data=!4m7!3m6!1s0x480ede170cb65741:0xdcb2ae7a20a5b13f!8m2!3d48.1352627!4d-1.688775!16s%2Fg%2F1tcxz6m7!19sChIJQVe2DBfeDkgRP7GlIHqustw?authuser=0&hl=fr&rclk=1,ENGIE Home Services,"4,4",-815,Chauffagiste,·,02 99 84 59 59,https://agence.engie-homeservices.fr/103-engie-home-services-rennes?utm_source=gmb
https://www.google.com/maps/place/SDG+SERVICES+CHAUFFAGE/data=!4m7!3m6!1s0x480ed1d6d56cd5f3:0x66638c76bc572737!8m2!3d48.205519!4d-1.5236279!16s%2Fg%2F11zk6vj7km!19sChIJ89Vs1dbRDkgRNydXvHaMY2Y?authuser=0&hl=fr&rclk=1,SDG SERVICES CHAUFFAGE,5,-1,Chauffagiste,69 Rue Bernard Hinault,06 95 42 32 61,http://www.sdg-chauffage.fr/
https://www.google.com/maps/place/SNPC+Ventilation+-+Diagnostic+VMC/data=!4m7!3m6!1s0x480edf3cb28576b9:0x9abf3438362ca279!8m2!3d48.2662284!4d-2.3407504!16s%2Fg%2F11s8k89_s0!19sChIJuXaFsjzfDkgReaIsNjg0v5o?authuser=0&hl=fr&rclk=1,SNPC Ventilation - Diagnostic VMC,5,-20,Chauffagiste,·,06 60 42 00 05,https://snpc2235.bzh/?utm_source=gmb
https://www.google.com/maps/place/BARP/data=!4m7!3m6!1s0x480ed89560cd2ca7:0xb0d8d6266314eb29!8m2!3d48.1014525!4d-1.6287461!16s%2Fg%2F1tj4gfsp!19sChIJpyzNYJXYDkgRKesUYybW2LA?authuser=0&hl=fr&rclk=1,BARP,"4,5",-26,Plombier,·,02 23 62 66 28,http://www.barp.fr/
https://www.google.com/maps/place/Clim%2B+Rennes+:+Climatisation+-+Ventilation+-+Chauffage/data=!4m7!3m6!1s0x480edf2fac07a845:0x557740e28846a07!8m2!3d48.1050604!4d-1.6291648!16s%2Fg%2F11fz9xtlfp!19sChIJRagHrC_fDkgRB2qEKA50VwU?authuser=0&hl=fr&rclk=1,Clim+ Rennes : Climatisation - Ventilation - Chauffage,"4,7",-26,Fournisseur de systèmes de climatisation,14 Rue de Bray,02 99 22 71 51,https://www.climplus.com/infos-agence/rennes-clim-5275
https://www.google.com/maps/place/SRIO+by+Ax%27eau+Rennes/data=!4m7!3m6!1s0x480edf4e89a1f15d:0xa1be3ef26b0338f3!8m2!3d48.0668469!4d-1.7026216!16s%2Fg%2F11f62fzjgb!19sChIJXfGhiU7fDkgR8zgDa_I-vqE?authuser=0&hl=fr&rclk=1,SRIO by Ax'eau Rennes,"4,4",-14,Entrepreneur spécialisé dans la restauration après dégât des eaux,·,02 30 13 00 88,http://www.groupe-rezolia.fr/
https://www.google.com/maps/place/Enersud/data=!4m7!3m6!1s0x480edf9868ce297d:0xc4ff40b199129f50!8m2!3d48.0819702!4d-1.6626808!16s%2Fg%2F11btlsr9gc!19sChIJfSnOaJjfDkgRUJ8SmbFA_8Q?authuser=0&hl=fr&rclk=1,Enersud,"1,4",-11,Fournisseur d'électricité,·,02 99 50 59 59,https://www.rezomee.fr/enersud/
https://www.google.com/maps/place/Urgence+Plomberie+Rennes/data=!4m7!3m6!1s0x480f1f723b68ed43:0xcf056920f0c73dcf!8m2!3d48.0196889!4d-1.7078447!16s%2Fg%2F11g0tlf230!19sChIJQ-1oO3IfD0gRzz3H8CBpBc8?authuser=0&hl=fr&rclk=1,Urgence Plomberie Rennes,5,-3,Plombier,2 Av. Colette Besson,06 63 73 90 66,http://www.plomberie-rennes.fr/
https://www.google.com/maps/place/Missenard+Climatique/data=!4m7!3m6!1s0x480ee1137b2b3f6b:0x4721d1a8479a3abb!8m2!3d48.0798345!4d-1.7390035!16s%2Fg%2F11h06xhhnz!19sChIJaz8rexPhDkgRuzqaR6jRIUc?authuser=0&hl=fr&rclk=1,Missenard Climatique,"4,8",-6,Entrepreneur spécialisé dans les systèmes de CVC,66 Bd de la Haie des Cognets,02 99 31 26 33,http://www.missenard-climatique.fr/
https://www.google.com/maps/place/Almatys/data=!4m7!3m6!1s0x480edfcb24b0c253:0xb4fc261fe95a2da4!8m2!3d48.1055029!4d-1.6780048!16s%2Fg%2F11gy1dc7mg!19sChIJU8KwJMvfDkgRpC1a6R8m_LQ?authuser=0&hl=fr&rclk=1,Almatys,2,-27,Fournisseur de systèmes de climatisation,20 Rue d'Isly B 3,,https://toutsavoir-pompe-a-chaleur.fr/ville/rennes/
https://www.google.com/maps/place/Proxiserve/data=!4m7!3m6!1s0x480edf2271ffe551:0x1be45230656bd89d!8m2!3d48.1021822!4d-1.6265121!16s%2Fg%2F1td9py7s!19sChIJUeX_cSLfDkgRndhrZTBS5Bs?authuser=0&hl=fr&rclk=1,Proxiserve,"3,9",-499,Chauffagiste,·,02 22 93 20 70,https://www.proxiserve.fr/agence/l/cesson-sevigne/19-rue-des-landelles/4072215
https://www.google.com/maps/place/SARGECLIM/data=!4m7!3m6!1s0x480edfe2fc8b7a19:0xf0095e41d3c11dc!8m2!3d48.0992352!4d-1.6222499!16s%2Fg%2F11hy9kn_10!19sChIJGXqL_OLfDkgR3BE8HeSVAA8?authuser=0&hl=fr&rclk=1,SARGECLIM,"3,7",-3,Entrepreneur spécialisé dans les systèmes de CVC,29 Rue du Bignon,02 99 31 16 81,
https://www.google.com/maps/place/ENGIE+Home+Services/data=!4m7!3m6!1s0x480ed9855e7f1901:0xaa1193e83a164a40!8m2!3d48.1400308!4d-1.5613371!16s%2Fg%2F1tvm24hk!19sChIJARl_XoXZDkgRQEoWOuiTEao?authuser=0&hl=fr&rclk=1,ENGIE Home Services,"4,5",-217,Chauffagiste,·,02 99 22 82 82,https://agence.engie-homeservices.fr/98-engie-home-services-rennes-acigne?utm_source=gmb
https://www.google.com/maps/place/BST/data=!4m7!3m6!1s0x480ee6b51e4661bf:0xe5d6295ded0d93c9!8m2!3d48.1577896!4d-2.5174699!16s%2Fg%2F113k62xlc!19sChIJv2FGHrXmDkgRyZMN7V0p1uU?authuser=0&hl=fr&rclk=1,BST,"3,6",-40,Chauffagiste,·,02 99 60 15 60,http://www.bst-sa.fr/
https://www.google.com/maps/place/2+BG+Fougeres/data=!4m7!3m6!1s0x480edf042471e0e3:0xf72e5f476f312f31!8m2!3d48.0886283!4d-1.6738669!16s%2Fg%2F11tmk54p5d!19sChIJ4-BxJATfDkgRMS8xb0dfLvc?authuser=0&hl=fr&rclk=1,2 BG Fougeres,1,-1,Magasin de bois de chauffage,93 Av. Henri Fréville,07 80 93 33 36,
,,,,,,,
https://www.google.com/maps/place/Les+Compagnons+D%C3%A9panneurs+Reims/data=!4m7!3m6!1s0x47e975ceb7ec0001:0xdf061cf25dc356f4!8m2!3d49.259986!4d4.055235!16s%2Fg%2F11c6131c30!19sChIJAQDst8516UcR9FbDXfIcBt8?authuser=0&hl=fr&rclk=1,Les Compagnons Dépanneurs Reims,"4,2",-758,Plombier,49 Rue des Gobelins,03 26 49 41 42,https://www.google.com/aclk?sa=L&ai=DChsSEwjYusWRvb2UAxVRf0ECHQjGF8kYACICCAEQAxoCd3M&ae=2&aspm=1&co=1&ase=2&gclid=CjwKCAjwq6DQBhBVEiwA4ZD5XHCVTRDbIE6P_R5tlatJXAO_1t1Y1BXie70Y-up94qGpvcEyloNfIxoCGLIQAvD_BwE&cce=2&category=acrcp_v1_35&sig=AOD64_0G3urMXsMrRA_y5UQJ2Yr7yYneiQ&adurl&q&ctype=99&nis=6
https://www.google.com/maps/place/LAK+plomberie+Reims/data=!4m7!3m6!1s0x87288551cd6c26ed:0xdb3feed3be19023f!8m2!3d49.267999!4d4.02641!16s%2Fg%2F11tr_2wdgq!19sChIJ7SZszVGFKIcRPwIZvtPuP9s?authuser=0&hl=fr&rclk=1,LAK plomberie Reims,5,-99,Plombier,77 Rue Émile Zola,06 34 45 19 16,https://www.google.com/aclk?sa=L&ai=DChsSEwjYusWRvb2UAxVRf0ECHQjGF8kYACICCAEQARoCd3M&co=1&ase=2&gclid=CjwKCAjwq6DQBhBVEiwA4ZD5XAz8xdrCTlcakR5wSRoJ7W0X2lAyD3H-nBwnGpX0AQSWxDYvUsNBHxoC6-wQAvD_BwE&cce=2&category=acrcp_v1_32&sig=AOD64_2rHbIf38S40qVqZQVTM4DiaS6Ocg&adurl&q&ctype=99&nis=6
https://www.google.com/maps/place/SAS+PERESSE+Chauffagiste+Reims+51/data=!4m7!3m6!1s0x47e9750e488f77d7:0x8d48a1f04cd2ee7d!8m2!3d49.2893965!4d4.0086371!16s%2Fg%2F11ghpp4c9b!19sChIJ13ePSA516UcRfe7STPChSI0?authuser=0&hl=fr&rclk=1,SAS PERESSE Chauffagiste Reims 51,"4,2",-62,Chauffagiste,8 Rue Marie Louise Burgert Neuv,03 26 47 54 80,https://www.peresse-chauffage.com/
https://www.google.com/maps/place/EM+ENERGIE+-+Chauffagiste+Reims/data=!4m7!3m6!1s0x24fb276134876e7f:0x95363c16aa8be3b5!8m2!3d49.250871!4d4.0497316!16s%2Fg%2F11t9kwym75!19sChIJf26HNGEn-yQRteOLqhY8NpU?authuser=0&hl=fr&rclk=1,EM ENERGIE - Chauffagiste Reims,"4,9",-346,Chauffagiste,82 Av. Georges Clemenceau,03 26 05 15 10,http://em-energie.fr/
https://www.google.com/maps/place/Patinet+Climatisation+Chauffage/data=!4m7!3m6!1s0x47e97381f59af9a7:0xacc00902687797a5!8m2!3d49.2092779!4d4.0183956!16s%2Fg%2F1vzqrl73!19sChIJp_ma9YFz6UcRpZd3aAIJwKw?authuser=0&hl=fr&rclk=1,Patinet Climatisation Chauffage,"4,9",-194,Fournisseur d'équipements de chauffage,·,03 26 36 36 56,https://www.patinet.fr/
https://www.google.com/maps/place/ENGIE+Home+Services/data=!4m7!3m6!1s0x47e974d368fab16b:0x9d8e42c7b1c90a83!8m2!3d49.2755655!4d4.0059167!16s%2Fg%2F1tjdqnpt!19sChIJa7H6aNN06UcRgwrJscdCjp0?authuser=0&hl=fr&rclk=1,ENGIE Home Services,"4,5",-711,Chauffagiste,·,03 26 50 53 53,https://agence.engie-homeservices.fr/119-engie-home-services-reims?utm_source=gmb
https://www.google.com/maps/place/Sf+Service+Plombier+Chauffagiste/data=!4m7!3m6!1s0x47e9752a020eca4d:0xa87815b3c1a121a3!8m2!3d49.2148798!4d4.0300704!16s%2Fg%2F11fszr63yr!19sChIJTcoOAip16UcRoyGhwbMVeKg?authuser=0&hl=fr&rclk=1,Sf Service Plombier Chauffagiste,"4,8",-143,Chauffagiste,9 Esp. Gustave Courbet,06 66 10 77 36,http://sfservices.fr/?utm_source=gmb
https://www.google.com/maps/place/Gagnaire+Laurent/data=!4m7!3m6!1s0x47e97592482c7eb9:0x98eee8f77d610f3b!8m2!3d49.291381!4d4.020354!16s%2Fg%2F11j5009ptw!19sChIJuX4sSJJ16UcROw9hfffo7pg?authuser=0&hl=fr&rclk=1,Gagnaire Laurent,"3,9",-93,Plombier,5 Rue Henri Lelarge,03 26 87 47 57,http://www.laurentgagnaire.fr/
https://www.google.com/maps/place/Ac+d%C3%A9pannage+chauffage/data=!4m7!3m6!1s0x47e975d97544f421:0x615261cb85566d5f!8m2!3d49.231797!4d4.0300252!16s%2Fg%2F11smqxtfj1!19sChIJIfREddl16UcRX21WhcthUmE?authuser=0&hl=fr&rclk=1,Ac dépannage chauffage,5,-33,Chauffagiste,31 Rue du Chanoine Lallement,06 32 90 13 70,
https://www.google.com/maps/place/Sarl+Plomberie+Champenoise/data=!4m7!3m6!1s0x47e974ee405934b5:0xcdfc945affbb543b!8m2!3d49.2756967!4d3.9906878!16s%2Fg%2F1tk9q2lb!19sChIJtTRZQO506UcRO1S7_1qU_M0?authuser=0&hl=fr&rclk=1,Sarl Plomberie Champenoise,"3,9",-63,Plombier,33 Av. de la Malle,03 26 55 55 56,http://www.plomberiechampenoise.fr/
"https://www.google.com/maps/place/Chauffagiste+Izi+confort,+filiale+EDF/data=!4m7!3m6!1s0x47e975b74feb40e5:0x69934f4a28708f52!8m2!3d49.2709887!4d4.0687344!16s%2Fg%2F1tf3ypzs!19sChIJ5UDrT7d16UcRUo9wKEpPk2k?authuser=0&hl=fr&rclk=1","Chauffagiste Izi confort, filiale EDF","4,1",-849,Chauffagiste,·,03 26 02 02 02,https://www.izi-by-edf-entretien.fr/chauffagiste/chauffagiste-reims/?at_medium=Gmb&at_campaign=Reims
https://www.google.com/maps/place/Artema+Chauffage+Plomberie/data=!4m7!3m6!1s0x47e975b281eb6dc5:0x73b2e54f8d56a189!8m2!3d49.2393714!4d4.0337146!16s%2Fg%2F11trrhj855!19sChIJxW3rgbJ16UcRiaFWjU_lsnM?authuser=0&hl=fr&rclk=1,Artema Chauffage Plomberie,5,-34,Chauffagiste,38 Rue Ledru Rollin,06 43 76 08 03,https://artemahome.fr/
https://www.google.com/maps/place/Heating/data=!4m7!3m6!1s0x47e975b7ffd1b139:0xcf39d7a87e9bd3b6!8m2!3d49.2894898!4d4.0075264!16s%2Fg%2F11m2v8n_gw!19sChIJObHR_7d16UcRttObfqjXOc8?authuser=0&hl=fr&rclk=1,Heating,"4,5",-31,Chauffagiste,43 Rue Louis Pasteur la Neuvillette,03 26 86 04 23,https://www.heatingreims.fr/
https://www.google.com/maps/place/La+Maison+Du+Chauffage+Reims/data=!4m7!3m6!1s0x47e9772ba8d2f88d:0x3fc3e5009df0f7ae!8m2!3d49.2380771!4d4.0887715!16s%2Fg%2F11h01wyly2!19sChIJjfjSqCt36UcRrvfwnQDlwz8?authuser=0&hl=fr&rclk=1,La Maison Du Chauffage Reims,"4,6",-79,Chauffagiste,·,09 83 07 86 87,https://www.lamaisonduchauffage51.fr/?utm_source=gmb
https://www.google.com/maps/place/Castet+Plomberie/data=!4m7!3m6!1s0x47e97465cca7d1a7:0x6751e35561a0fdef!8m2!3d49.2282743!4d4.0294743!16s%2Fg%2F11gfp7f0vz!19sChIJp9GnzGV06UcR7_2gYVXjUWc?authuser=0&hl=fr&rclk=1,Castet Plomberie,5,-208,Plombier,44 Rue Jules Bruneau,06 22 46 30 34,
https://www.google.com/maps/place/Plomberie+Moronval/data=!4m7!3m6!1s0x47e975c4b6c26f73:0x595e1fd7edaaf5ba!8m2!3d49.2592661!4d4.0350302!16s%2Fg%2F11hzh811sy!19sChIJc2_CtsR16UcRuvWq7dcfXlk?authuser=0&hl=fr&rclk=1,Plomberie Moronval,"4,8",-26,Plombier,19 Rue Linguet,06 14 96 26 25,https://www.plomberie-moronval.fr/
https://www.google.com/maps/place/Le+Parfait+Chauffagiste/data=!4m7!3m6!1s0x47e97552b187c377:0x8d82aaa27aa818dc!8m2!3d49.2708816!4d4.0647787!16s%2Fg%2F11w8yvtwj1!19sChIJd8OHsVJ16UcR3BioeqKqgo0?authuser=0&hl=fr&rclk=1,Le Parfait Chauffagiste,"4,9",-19,Chauffagiste,8 All. Paul Halary,06 85 11 27 08,
https://www.google.com/maps/place/REIMS+PLOMBERIE+Eurl+Dumont+Laurent/data=!4m7!3m6!1s0x47e97512831686af:0x9e40a6f23eacc221!8m2!3d49.2642366!4d4.0177106!16s%2Fg%2F1tfrwtr8!19sChIJr4YWgxJ16UcRIcKsPvKmQJ4?authuser=0&hl=fr&rclk=1,REIMS PLOMBERIE Eurl Dumont Laurent,"4,9",-115,Plombier,·,06 28 94 73 42,http://www.reimsplomberie.net/
https://www.google.com/maps/place/SAS+CLAIR%27EQUEAUX/data=!4m7!3m6!1s0x47e97715f96b0e4f:0xe18f4b8464685037!8m2!3d49.2308709!4d4.081126!16s%2Fg%2F11sbxv801r!19sChIJTw5r-RV36UcRN1BoZIRLj-E?authuser=0&hl=fr&rclk=1,SAS CLAIR'EQUEAUX,"4,7",-14,Chauffagiste,4 Rue André François J Rieg,03 26 78 06 03,https://www.chauffage-clairequeaux.com/
https://www.google.com/maps/place/Plomberie+Chauffage+ML/data=!4m7!3m6!1s0x47e975129b3b7b11:0x7f99d19a76d85aec!8m2!3d49.2535406!4d4.0551079!16s%2Fg%2F11h7fv14kr!19sChIJEXs7mxJ16UcR7FrYdprRmX8?authuser=0&hl=fr&rclk=1,Plomberie Chauffage ML,"4,7",-42,Chauffagiste,·,06 11 64 64 02,
https://www.google.com/maps/place/CS%2B+%28+Confort+S%C3%A9curit%C3%A9+Plus+%29/data=!4m7!3m6!1s0x47e975caa27212bb:0x38fe4e0b30eb0d7!8m2!3d49.2386507!4d4.0905954!16s%2Fg%2F1tks5n6t!19sChIJuxJyosp16UcR17AOs-DkjwM?authuser=0&hl=fr&rclk=1,CS+ ( Confort Sécurité Plus ),"4,2",-205,Chauffagiste,11 Rue du Loup,03 26 97 87 35,https://particulier.edf.fr/fr/accueil/aides-financement/professionnels/partenaire.html?idPartenaire=50017#/
https://www.google.com/maps/place/CEDEO+Reims+:+Sanitaire+-+Chauffage+-+Plomberie/data=!4m7!3m6!1s0x47e975c13d021ea9:0xb73389ea9ed4f2d!8m2!3d49.2703219!4d4.0539804!16s%2Fg%2F1tx1sj7d!19sChIJqR4CPcF16UcRLU_tqZ44cws?authuser=0&hl=fr&rclk=1,CEDEO Reims : Sanitaire - Chauffage - Plomberie,"4,3",-62,Magasin d'articles de salle de bains,·,03 26 87 70 70,https://www.cedeo.fr/infos-agence/reims-est-cedeo-1270
https://www.google.com/maps/place/Les+Compagnons+D%C3%A9panneurs+Reims/data=!4m7!3m6!1s0x47e975ceb7ec0001:0xdf061cf25dc356f4!8m2!3d49.259986!4d4.055235!16s%2Fg%2F11c6131c30!19sChIJAQDst8516UcR9FbDXfIcBt8?authuser=0&hl=fr&rclk=1,Les Compagnons Dépanneurs Reims,"4,2",-758,Plombier,49 Rue des Gobelins,03 26 49 41 42,https://www.google.com/aclk?sa=L&ai=DChsSEwil-buXvb2UAxXqomgJHTXAMtcYACICCAEQAhoCd2Y&ae=2&aspm=1&co=1&ase=2&gclid=CjwKCAjwq6DQBhBVEiwA4ZD5XI0lo9y_nwUqpKy9flyw3hkkCCAeVDNZ0Vg-eTmUX66dg14uyjph8RoCrvAQAvD_BwE&cce=2&category=acrcp_v1_35&sig=AOD64_1KNL8x8BFk06CaiR1ophL6H43NhA&adurl&q&ctype=99&nis=6
https://www.google.com/maps/place/Forgel/data=!4m7!3m6!1s0x47e974a1207e9eb3:0xab01db0b8d273c2a!8m2!3d49.216943!4d3.990853!16s%2Fg%2F1wfcngvj!19sChIJs55-IKF06UcRKjwnjQvbAas?authuser=0&hl=fr&rclk=1,Forgel,"4,1",-27,Fournisseur de systèmes de climatisation,16 Rue Pierre Salmon,03 26 48 41 41,https://www.google.com/aclk?sa=L&ai=DChsSEwil-buXvb2UAxXqomgJHTXAMtcYACICCAEQABoCd2Y&co=1&ase=2&gclid=CjwKCAjwq6DQBhBVEiwA4ZD5XCACaKCzU4PXjKS3q1hGtchyhZkvOmqwIKV690o_4aLLFa268IiMlRoCIIAQAvD_BwE&cce=2&category=acrcp_v1_32&sig=AOD64_3JpxYnFJ-XSOFkw1XxmS-UQy67Tw&adurl&q&ctype=99&nis=6
https://www.google.com/maps/place/Champenoise+d%C3%A9pannage+r%C3%A9novation/data=!4m7!3m6!1s0x47e9755afc78ecd9:0xdb2a4556fbbbd745!8m2!3d49.2632138!4d4.0167947!16s%2Fg%2F11hgdm2mw5!19sChIJ2ex4_Fp16UcRRde7-1ZFKts?authuser=0&hl=fr&rclk=1,Champenoise dépannage rénovation,"4,8",-36,Plombier,62 bis Rue Géruzez,,
https://www.google.com/maps/place/MATHIEU+ENTREPRISE/data=!4m7!3m6!1s0x47e974551d57d00d:0xe7003bf8ed926b03!8m2!3d49.2688375!4d4.0387769!16s%2Fg%2F1tk6zttl!19sChIJDdBXHVV06UcRA2uS7fg7AOc?authuser=0&hl=fr&rclk=1,MATHIEU ENTREPRISE,3,-21,Chauffagiste,·,03 26 47 17 40,http://www.mathieu-entreprise.com/
https://www.google.com/maps/place/A.B+PLOMBERIE+CHAUFFAGE+REIMS/data=!4m7!3m6!1s0x8ee11abff7f00ce7:0xcc036d25e83cc56f!8m2!3d49.2330941!4d4.0302335!16s%2Fg%2F11m78skjld!19sChIJ5wzw978a4Y4Rb8U86CVtA8w?authuser=0&hl=fr&rclk=1,A.B PLOMBERIE CHAUFFAGE REIMS,5,-36,Chauffagiste,45 Rue Narcisse Brunette,06 25 87 33 15,http://abentreprise.com/
https://www.google.com/maps/place/O%27chauf/data=!4m7!3m6!1s0x47e9745dea088529:0x7fe3a69e02dccbd6!8m2!3d49.2373811!4d4.0297272!16s%2Fg%2F11btmb531t!19sChIJKYUI6l106UcR1svcAp6m438?authuser=0&hl=fr&rclk=1,O'chauf,5,-5,Chauffagiste,30 Rue d'Estienne d'Orves,06 03 00 46 17,
https://www.google.com/maps/place/Coprecs/data=!4m7!3m6!1s0x47e9742bc713ccaf:0x4e05c7dd38f23301!8m2!3d49.2479684!4d4.0676007!16s%2Fg%2F11h40z67gb!19sChIJr8wTxyt06UcRATPyON3HBU4?authuser=0&hl=fr&rclk=1,Coprecs,4,-15,Entrepreneur spécialisé dans les systèmes de CVC,11 Rue de l'Escaut,03 26 85 76 50,
https://www.google.com/maps/place/Plombier+Reims+-+AJ+Plomberie/data=!4m7!3m6!1s0x47e975be50e20439:0x9179348836b023cb!8m2!3d49.2328019!4d4.0143921!16s%2Fg%2F11nnvrl1mb!19sChIJOQTiUL516UcRyyOwNog0eZE?authuser=0&hl=fr&rclk=1,Plombier Reims - AJ Plomberie,"4,9",-19,Plombier,30 All. de l'Aude,06 31 88 11 58,https://plombierreims51.fr/
https://www.google.com/maps/place/SAS+PIOT/data=!4m7!3m6!1s0x47e975edab0613b1:0x3248798206bef02e!8m2!3d49.2350903!4d4.0850652!16s%2Fg%2F11b6dpm0z1!19sChIJsRMGq-116UcRLvC-BoJ5SDI?authuser=0&hl=fr&rclk=1,SAS PIOT,"4,7",-66,Fournisseur de systèmes de climatisation,8 Rue du Capitaine Georges Madon,03 26 50 08 88,https://eurlpiot.fr/
https://www.google.com/maps/place/sacr%C3%A9+plombier/data=!4m7!3m6!1s0x47e975e9dad73ae7:0x35cd8ce03765d438!8m2!3d49.2519743!4d4.0317031!16s%2Fg%2F11v6fx8gr2!19sChIJ5zrX2ul16UcRONRlN-CMzTU?authuser=0&hl=fr&rclk=1,sacré plombier,"4,7",-39,Plombier,9 Rue Hincmar,06 03 07 33 07,https://www.sacreplombier.fr/
https://www.google.com/maps/place/Ambiance+%C3%89nergies/data=!4m7!3m6!1s0x47e97565a09ad887:0xa2d7cca15ddacd4d!8m2!3d49.2880613!4d4.0166927!16s%2Fg%2F1tgkgmb7!19sChIJh9iaoGV16UcRTc3aXaHM16I?authuser=0&hl=fr&rclk=1,Ambiance Énergies,"4,3",-124,Fournisseur d'équipements de chauffage,·,03 26 86 70 54,https://www.ambianceenergies.fr/
https://www.google.com/maps/place/Miler+Reims/data=!4m7!3m6!1s0x47e975debfa4f35f:0xf0fd41423f82a726!8m2!3d49.2690444!4d4.0692304!16s%2Fg%2F11b6dvlbss!19sChIJX_Okv9516UcRJqeCP0JB_fA?authuser=0&hl=fr&rclk=1,Miler Reims,"4,4",-37,Fournisseur d'équipements de chauffage,·,03 26 07 43 14,https://www.miler.fr/
https://www.google.com/maps/place/Piskorski+Bois+%26+%C3%A9nergie+Reims/data=!4m7!3m6!1s0x47e97522ecb56391:0xafa8772b73f78b81!8m2!3d49.2567157!4d3.9833792!16s%2Fg%2F11sn3vhdvy!19sChIJkWO17CJ16UcRgYv3cyt3qK8?authuser=0&hl=fr&rclk=1,Piskorski Bois & énergie Reims,"4,9",-699,Magasin de bois de chauffage,·,06 45 83 06 17,https://www.piskorski-bois-energie.fr/
https://www.google.com/maps/place/S.f+Sagaz/data=!4m7!3m6!1s0x47e9744eb069a5d9:0x7747c850ccb82678!8m2!3d49.2483784!4d4.040381!16s%2Fg%2F11ghpp5ptd!19sChIJ2aVpsE506UcReCa4zFDIR3c?authuser=0&hl=fr&rclk=1,S.f Sagaz,"4,7",-10,Chauffagiste,82 Rue du Barbâtre,03 26 85 50 33,
https://www.google.com/maps/place/SK+Chauffe/data=!4m7!3m6!1s0x47e97527b2c1854f:0x143e3eb28eb40db7!8m2!3d49.2626179!4d4.0644887!16s%2Fg%2F11vx4f67np!19sChIJT4XBsid16UcRtw20jrI-PhQ?authuser=0&hl=fr&rclk=1,SK Chauffe,5,-68,Ramoneur,10 All. Elsa Triolet,07 69 69 77 73,https://www.sk-chauffe.fr/
https://www.google.com/maps/place/Kbane/data=!4m7!3m6!1s0x47e97785b9c566f5:0x72a8408ced22d803!8m2!3d49.223885!4d4.109326!16s%2Fg%2F11hwf84cw7!19sChIJ9WbFuYV36UcRA9gi7YxAqHI?authuser=0&hl=fr&rclk=1,Kbane,"4,7",-189,Chauffagiste,·,03 74 47 19 47,https://www.kbane.com/nos-agences/agence-039?utm_campaign=agences&utm_medium=fiche-gmb&utm_source=google-my-business
https://www.google.com/maps/place/Equinoxe+Reims/data=!4m7!3m6!1s0x47e975384be640b9:0x4084d50993bbbbf6!8m2!3d49.272312!4d3.993919!16s%2Fg%2F1tf15615!19sChIJuUDmSzh16UcR9ru7kwnVhEA?authuser=0&hl=fr&rclk=1,Equinoxe Reims,"4,5",-27,Fournisseur d'équipements de chauffage,·,03 26 50 64 64,https://www.bleurouge.fr/agence-equinoxe-saint-brice-courcelles
https://www.google.com/maps/place/Les+Compagnons+D%C3%A9panneurs+Reims/data=!4m7!3m6!1s0x47e975ceb7ec0001:0xdf061cf25dc356f4!8m2!3d49.2599855!4d4.0552354!16s%2Fg%2F11c6131c30!19sChIJAQDst8516UcR9FbDXfIcBt8?authuser=0&hl=fr&rclk=1,Les Compagnons Dépanneurs Reims,"4,2",-758,Chauffagiste,49 Rue des Gobelins,03 26 49 41 42,http://reims.depanne-vite.fr/
https://www.google.com/maps/place/VIVRECO+CHAMPAGNE/data=!4m7!3m6!1s0x47e974215eb10841:0xd29e4689bd20f72f!8m2!3d49.2342136!4d4.0717543!16s%2Fg%2F11btmqycnk!19sChIJQQixXiF06UcRL_cgvYlGntI?authuser=0&hl=fr&rclk=1,VIVRECO CHAMPAGNE,5,-5,Chauffagiste,6 Rue Clément Ader,07 50 59 09 74,https://vivreco.fr/regions/fabricant-et-installateur-de-pompes-a-chaleur-en-champagne-ardenne-reims-chalons-en-champagne-troyes-epernay-charleville-mezieres-grandville/
https://www.google.com/maps/place/JCT+ELECT/data=!4m7!3m6!1s0x47e974f9e5c3334f:0x9db20c677e23819d!8m2!3d49.2455312!4d4.0182299!16s%2Fg%2F1tnpdrpb!19sChIJTzPD5fl06UcRnYEjfmcMsp0?authuser=0&hl=fr&rclk=1,JCT ELECT,"4,7",-56,Électricien,81 Rue de Courlancy,06 63 01 49 48,https://www.jct-elect.fr/
https://www.google.com/maps/place/Plomberie+Martin+Jean+Claude/data=!4m7!3m6!1s0xc2f88af8fed47c1:0x411ad03377dea5c!8m2!3d49.1728996!4d4.0167752!16s%2Fg%2F11nx2wg716!19sChIJwUftj6-ILwwRXOp9NwOtEQQ?authuser=0&hl=fr&rclk=1,Plomberie Martin Jean Claude,5,-60,Chauffagiste,·,07 76 78 73 38,https://www.plomberiemartinjean-claude.com/
https://www.google.com/maps/place/Rolesco+Reims/data=!4m7!3m6!1s0x47e976a96332b45d:0xf8c161725ebe1b1d!8m2!3d49.2178683!4d4.0699216!16s%2Fg%2F11f37ld158!19sChIJXbQyY6l26UcRHRu-XnJhwfg?authuser=0&hl=fr&rclk=1,Rolesco Reims,"4,8",-11,Entrepreneur spécialisé dans les systèmes de CVC,10 bis Rue du Commerce,03 26 61 29 10,https://www.rolesco.fr/
https://www.google.com/maps/place/Plomberie+Martin+Jean+Claude/data=!4m7!3m6!1s0xc2f88af8fed47c1:0x411ad03377dea5c!8m2!3d49.1728996!4d4.0167752!16s%2Fg%2F11nx2wg716!19sChIJwUftj6-ILwwRXOp9NwOtEQQ?authuser=0&hl=fr&rclk=1,Plomberie Martin Jean Claude,5,-60,Chauffagiste,·,07 76 78 73 38,https://www.plomberiemartinjean-claude.com/
https://www.google.com/maps/place/Rolesco+Reims/data=!4m7!3m6!1s0x47e976a96332b45d:0xf8c161725ebe1b1d!8m2!3d49.2178683!4d4.0699216!16s%2Fg%2F11f37ld158!19sChIJXbQyY6l26UcRHRu-XnJhwfg?authuser=0&hl=fr&rclk=1,Rolesco Reims,"4,8",-11,Entrepreneur spécialisé dans les systèmes de CVC,10 bis Rue du Commerce,03 26 61 29 10,https://www.rolesco.fr/
https://www.google.com/maps/place/Forgel/data=!4m7!3m6!1s0x47e974a1207e9eb3:0xab01db0b8d273c2a!8m2!3d49.216943!4d3.990853!16s%2Fg%2F1wfcngvj!19sChIJs55-IKF06UcRKjwnjQvbAas?authuser=0&hl=fr&rclk=1,Forgel,"4,1",-27,Fournisseur de systèmes de climatisation,16 Rue Pierre Salmon,03 26 48 41 41,https://www.google.com/aclk?sa=L&ai=DChsSEwil-buXvb2UAxXqomgJHTXAMtcYACICCAEQABoCd2Y&co=1&ase=2&gclid=CjwKCAjwq6DQBhBVEiwA4ZD5XCACaKCzU4PXjKS3q1hGtchyhZkvOmqwIKV690o_4aLLFa268IiMlRoCIIAQAvD_BwE&cce=2&category=acrcp_v1_32&sig=AOD64_3JpxYnFJ-XSOFkw1XxmS-UQy67Tw&adurl&q&ctype=99&nis=6
https://www.google.com/maps/place/ROUVRAY+Entreprise/data=!4m7!3m6!1s0x3e2f7e43759ff3d:0xd3024e1137eaae7d!8m2!3d49.2083438!4d4.0784163!16s%2Fg%2F11pcl0qg6c!19sChIJPf9ZN-T34gMRfa7qNxFOAtM?authuser=0&hl=fr&rclk=1,ROUVRAY Entreprise,"4,9",-83,Plombier,·,06 24 06 27 06,https://www.depannage-rouvray.fr/
"https://www.google.com/maps/place/ARISTON+Reims,+Centre+de+Formation/data=!4m7!3m6!1s0x47e977e611ed8da7:0xd50d44f287cbadfa!8m2!3d49.2327654!4d4.0694466!16s%2Fg%2F11ryf3bp3v!19sChIJp43tEeZ36UcR-q3Lh_JEDdU?authuser=0&hl=fr&rclk=1","ARISTON Reims, Centre de Formation","4,3",-17,Fournisseur d'équipements de chauffage,·,09 62 57 82 39,https://www.ariston.com/fr-fr/
https://www.google.com/maps/place/Paupette+Plomberie/data=!4m7!3m6!1s0x6065981e927c1695:0xd7b1e09ac44d8b3a!8m2!3d49.2366196!4d4.0784149!16s%2Fg%2F11xcv4yx25!19sChIJlRZ8kh6YZWAROotNxJrgsdc?authuser=0&hl=fr&rclk=1,Paupette Plomberie,5,-92,Chauffagiste,·,06 51 28 88 14,
https://www.google.com/maps/place/MSM+ENERGIE/data=!4m7!3m6!1s0x47e975dcfbf55305:0xa9c02a5dee3c70ac!8m2!3d49.2709156!4d4.0644832!16s%2Fg%2F11fj1_946k!19sChIJBVP1-9x16UcRrHA87l0qwKk?authuser=0&hl=fr&rclk=1,MSM ENERGIE,"3,4",-5,Chauffagiste,8 All. Paul Halary,03 26 47 90 48,
https://www.google.com/maps/place/Espace+Aubade+Nicodeme+Aubade+Reims/data=!4m7!3m6!1s0x47e975dbe486dd2f:0xd4aa12a4160bf458!8m2!3d49.2687296!4d4.0664454!16s%2Fg%2F1tlzzhqb!19sChIJL92G5Nt16UcRWPQLFqQSqtQ?authuser=0&hl=fr&rclk=1,Espace Aubade Nicodeme Aubade Reims,"3,9",-187,Spécialiste de la salle de bains,·,03 26 02 05 06,https://www.espace-aubade.fr/magasins/reims-42.html
https://www.google.com/maps/place/sarl+CHAMEROY/data=!4m7!3m6!1s0x47e9762a60076df5:0x382925948d4dab94!8m2!3d49.2988966!4d4.1276032!16s%2Fg%2F1tfmbkhn!19sChIJ9W0HYCp26UcRlKtNjZQlKTg?authuser=0&hl=fr&rclk=1,sarl CHAMEROY,"4,8",-65,Plombier,13 bis Rue du Moulin Florent,03 26 97 21 84,https://chameroy.com/
https://www.google.com/maps/place/DTS/data=!4m7!3m6!1s0x47e974f604bb1cdf:0x9ea9066a953fcb26!8m2!3d49.2645444!4d4.0552668!16s%2Fg%2F11c59xkdcz!19sChIJ3xy7BPZ06UcRJss_lWoGqZ4?authuser=0&hl=fr&rclk=1,DTS,"4,5",-29,Plombier,5 Rue de Sfax,06 29 50 16 86,https://www.dtsrenovation.fr/
https://www.google.com/maps/place/COG%C3%89bim/data=!4m7!3m6!1s0x47e975e0b69d060d:0xd4a0db2fcfe0d22!8m2!3d49.2577133!4d4.0397647!16s%2Fg%2F11q_33gn9n!19sChIJDQadtuB16UcRIg3-_LINSg0?authuser=0&hl=fr&rclk=1,COGÉbim,,,Chauffagiste,3 Av. Jean Jaurès,03 51 24 74 24,
https://www.google.com/maps/place/Legouge+Vincent/data=!4m7!3m6!1s0x47e974673e80ed41:0x57b6189780a51aba!8m2!3d49.2327251!4d4.0283342!16s%2Fg%2F11b6dhq832!19sChIJQe2APmd06UcRuhqlgJcYtlc?authuser=0&hl=fr&rclk=1,Legouge Vincent,"4,7",-11,Chauffagiste,5 Rue du Chanoine Lallement,06 11 11 18 05,
https://www.google.com/maps/place/AUGUSTE+Climatisation/data=!4m7!3m6!1s0x47e975bc48e8e405:0x407aa2a314922b20!8m2!3d49.269778!4d4.0485469!16s%2Fg%2F1tgqhrd2!19sChIJBeToSLx16UcRICuSFKOiekA?authuser=0&hl=fr&rclk=1,AUGUSTE Climatisation,"3,6",-16,Entrepreneur,17 ter Rte de Betheny,03 26 47 21 97,https://www.entrepriseauguste.fr/
https://www.google.com/maps/place/SOCIETE+NOUVELLE+HENRI+CONRAUX/data=!4m7!3m6!1s0x47e977d850688111:0xa26d04ff7eef24a1!8m2!3d49.2304038!4d4.0804037!16s%2Fg%2F11n5nxtfyg!19sChIJEYFoUNh36UcRoSTvfv8EbaI?authuser=0&hl=fr&rclk=1,SOCIETE NOUVELLE HENRI CONRAUX,1,-2,Siège social,·,03 26 05 04 08,
https://www.google.com/maps/place/FB+SERVICE/data=!4m7!3m6!1s0x47e9756c954fc869:0x19185f105d155aa5!8m2!3d49.270528!4d4.0651349!16s%2Fg%2F1tfnxxsz!19sChIJachPlWx16UcRpVoVXRBfGBk?authuser=0&hl=fr&rclk=1,FB SERVICE,3,-45,Entreprise de construction,6 All. Paul Halary,03 26 87 56 87,https://omizi.com/professionnels/macons/marne/reims
https://www.google.com/maps/place/2IP/data=!4m7!3m6!1s0x47e97462cfbc9e55:0xa88fbe5a019da0db!8m2!3d49.2138744!4d4.0277427!16s%2Fg%2F11c5_41chm!19sChIJVZ68z2J06UcR26CdAVq-j6g?authuser=0&hl=fr&rclk=1,2IP,5,-33,Plombier,7 bis Pl. Georges Méliès,06 20 59 64 77,http://www.depannage-electrique-reims.fr/
https://www.google.com/maps/place/Assist+Home+D%C3%A9pannage/data=!4m7!3m6!1s0x47e97752be376ac5:0x2478812eaa46eb1d!8m2!3d49.2608475!4d4.0409183!16s%2Fg%2F11tf64cyg_!19sChIJxWo3vlJ36UcRHetGqi6BeCQ?authuser=0&hl=fr&rclk=1,Assist Home Dépannage,"4,6",-214,Serrurier,63 Rue Camille Lenoir,03 26 84 11 87,https://www.assisthome-depannage.fr/?utm_source=gmb
https://www.google.com/maps/place/Vincent+Brochet/data=!4m7!3m6!1s0x47e976256760f771:0xa7ca7a52943e5ea3!8m2!3d49.2834867!4d4.1106547!16s%2Fg%2F11fswmxryx!19sChIJcfdgZyV26UcRo14-lFJ6yqc?authuser=0&hl=fr&rclk=1,Vincent Brochet,"3,4",-25,Chauffagiste,Rue du Poisson Vert,03 26 97 24 77,https://www.chauffagebrochet.fr/
https://www.google.com/maps/place/Technitoit+Reims/data=!4m7!3m6!1s0x47e90b54c9d13c47:0x443c1a305fa625f9!8m2!3d49.2348051!4d4.0859492!16s%2Fg%2F11h0spzftn!19sChIJRzzRyVQL6UcR-SWmXzAaPEQ?authuser=0&hl=fr&rclk=1,Technitoit Reims,"4,7",-267,Chauffagiste,"Zac Croix Blandin, 8 Rue du Capitaine Georges Madon",03 66 88 36 77,https://www.technitoit.com/agence/marne-51-reims-renovation?utm_source=gmb&utm_medium=gmb
https://www.google.com/maps/place/IsoPro+Nord+Est/data=!4m7!3m6!1s0x47e974ed8bd56a97:0xc38bf6b5f700739!8m2!3d49.238522!4d4.010105!16s%2Fg%2F11flt3pxgh!19sChIJl2rVi-106UcROQdwX2u_OAw?authuser=0&hl=fr&rclk=1,IsoPro Nord Est,"4,8",-79,Chauffagiste,·,09 70 35 24 01,https://www.iso-pro.net/?utm_medium=referral&utm_source=gmb&utm_campaign=lnk-gmb
https://www.google.com/maps/place/Star+Management/data=!4m7!3m6!1s0x47e975002818af69:0x2e599150f9fd21f4!8m2!3d49.2260647!4d4.0381434!16s%2Fg%2F11ydh66fp8!19sChIJaa8YKAB16UcR9CH9-VCRWS4?authuser=0&hl=fr&rclk=1,Star Management,5,-27,Plombier,·,07 49 11 45 86,https://starmanagementplomberie.sitew.org/
https://www.google.com/maps/place/Entreprise+de+r%C3%A9novation+%C3%A0+Reims+-Equilibre+Travaux+-+Extension+de+maison/data=!4m7!3m6!1s0x47e975ab72439363:0xe0efb853a301a0cd!8m2!3d49.2553708!4d4.0240428!16s%2Fg%2F12hqvv42g!19sChIJY5NDcqt16UcRzaABo1O47-A?authuser=0&hl=fr&rclk=1,Entreprise de rénovation à Reims -Equilibre Travaux - Extension de maison,"4,4",-118,Travaux généraux,34 Rue de Chativesle,03 26 02 71 71,
https://www.google.com/maps/place/Idex/data=!4m7!3m6!1s0x47e976aa94b2a353:0xc8aef6dcba4fd364!8m2!3d49.2144056!4d4.0670528!16s%2Fg%2F11b6dpykky!19sChIJU6OylKp26UcRZNNPutz2rsg?authuser=0&hl=fr&rclk=1,Idex,"1,7",-94,Fournisseur d'énergie,·,03 26 36 45 45,https://www.idex.fr/
https://www.google.com/maps/place/Les+Compagnons+D%C3%A9panneurs+Reims/data=!4m7!3m6!1s0x47e975ceb7ec0001:0xdf061cf25dc356f4!8m2!3d49.2599855!4d4.0552354!16s%2Fg%2F11c6131c30!19sChIJAQDst8516UcR9FbDXfIcBt8?authuser=0&hl=fr&rclk=1,Les Compagnons Dépanneurs Reims,"4,2",-758,Chauffagiste,49 Rue des Gobelins,03 26 49 41 42,http://reims.depanne-vite.fr/
https://www.google.com/maps/place/Les+Compagnons+D%C3%A9panneurs+Reims/data=!4m7!3m6!1s0x47e975ceb7ec0001:0xdf061cf25dc356f4!8m2!3d49.259986!4d4.055235!16s%2Fg%2F11c6131c30!19sChIJAQDst8516UcR9FbDXfIcBt8?authuser=0&hl=fr&rclk=1,Les Compagnons Dépanneurs Reims,"4,2",-758,Plombier,49 Rue des Gobelins,03 26 49 41 42,https://www.google.com/aclk?sa=L&ai=DChsSEwjYusWRvb2UAxVRf0ECHQjGF8kYACICCAEQAxoCd3M&ae=2&aspm=1&co=1&ase=2&gclid=CjwKCAjwq6DQBhBVEiwA4ZD5XHCVTRDbIE6P_R5tlatJXAO_1t1Y1BXie70Y-up94qGpvcEyloNfIxoCGLIQAvD_BwE&cce=2&category=acrcp_v1_35&sig=AOD64_0G3urMXsMrRA_y5UQJ2Yr7yYneiQ&adurl&q&ctype=99&nis=6
https://www.google.com/maps/place/Espace+Aubade+Nicodeme+Aubade+Reims/data=!4m7!3m6!1s0x47e975dbe486dd2f:0xd4aa12a4160bf458!8m2!3d49.2687296!4d4.0664454!16s%2Fg%2F1tlzzhqb!19sChIJL92G5Nt16UcRWPQLFqQSqtQ?authuser=0&hl=fr&rclk=1,Espace Aubade Nicodeme Aubade Reims,"3,9",-187,Spécialiste de la salle de bains,·,03 26 02 05 06,https://www.espace-aubade.fr/magasins/reims-42.html
https://www.google.com/maps/place/sarl+CHAMEROY/data=!4m7!3m6!1s0x47e9762a60076df5:0x382925948d4dab94!8m2!3d49.2988966!4d4.1276032!16s%2Fg%2F1tfmbkhn!19sChIJ9W0HYCp26UcRlKtNjZQlKTg?authuser=0&hl=fr&rclk=1,sarl CHAMEROY,"4,8",-65,Plombier,13 bis Rue du Moulin Florent,03 26 97 21 84,https://chameroy.com/
https://www.google.com/maps/place/DTS/data=!4m7!3m6!1s0x47e974f604bb1cdf:0x9ea9066a953fcb26!8m2!3d49.2645444!4d4.0552668!16s%2Fg%2F11c59xkdcz!19sChIJ3xy7BPZ06UcRJss_lWoGqZ4?authuser=0&hl=fr&rclk=1,DTS,"4,5",-29,Plombier,5 Rue de Sfax,06 29 50 16 86,https://www.dtsrenovation.fr/
https://www.google.com/maps/place/COG%C3%89bim/data=!4m7!3m6!1s0x47e975e0b69d060d:0xd4a0db2fcfe0d22!8m2!3d49.2577133!4d4.0397647!16s%2Fg%2F11q_33gn9n!19sChIJDQadtuB16UcRIg3-_LINSg0?authuser=0&hl=fr&rclk=1,COGÉbim,,,Chauffagiste,3 Av. Jean Jaurès,03 51 24 74 24,
https://www.google.com/maps/place/Legouge+Vincent/data=!4m7!3m6!1s0x47e974673e80ed41:0x57b6189780a51aba!8m2!3d49.2327251!4d4.0283342!16s%2Fg%2F11b6dhq832!19sChIJQe2APmd06UcRuhqlgJcYtlc?authuser=0&hl=fr&rclk=1,Legouge Vincent,"4,7",-11,Chauffagiste,5 Rue du Chanoine Lallement,06 11 11 18 05,
https://www.google.com/maps/place/AUGUSTE+Climatisation/data=!4m7!3m6!1s0x47e975bc48e8e405:0x407aa2a314922b20!8m2!3d49.269778!4d4.0485469!16s%2Fg%2F1tgqhrd2!19sChIJBeToSLx16UcRICuSFKOiekA?authuser=0&hl=fr&rclk=1,AUGUSTE Climatisation,"3,6",-16,Entrepreneur,17 ter Rte de Betheny,03 26 47 21 97,https://www.entrepriseauguste.fr/
https://www.google.com/maps/place/SOCIETE+NOUVELLE+HENRI+CONRAUX/data=!4m7!3m6!1s0x47e977d850688111:0xa26d04ff7eef24a1!8m2!3d49.2304038!4d4.0804037!16s%2Fg%2F11n5nxtfyg!19sChIJEYFoUNh36UcRoSTvfv8EbaI?authuser=0&hl=fr&rclk=1,SOCIETE NOUVELLE HENRI CONRAUX,1,-2,Siège social,·,03 26 05 04 08,
https://www.google.com/maps/place/FB+SERVICE/data=!4m7!3m6!1s0x47e9756c954fc869:0x19185f105d155aa5!8m2!3d49.270528!4d4.0651349!16s%2Fg%2F1tfnxxsz!19sChIJachPlWx16UcRpVoVXRBfGBk?authuser=0&hl=fr&rclk=1,FB SERVICE,3,-45,Entreprise de construction,6 All. Paul Halary,03 26 87 56 87,https://omizi.com/professionnels/macons/marne/reims
https://www.google.com/maps/place/2IP/data=!4m7!3m6!1s0x47e97462cfbc9e55:0xa88fbe5a019da0db!8m2!3d49.2138744!4d4.0277427!16s%2Fg%2F11c5_41chm!19sChIJVZ68z2J06UcR26CdAVq-j6g?authuser=0&hl=fr&rclk=1,2IP,5,-33,Plombier,7 bis Pl. Georges Méliès,06 20 59 64 77,http://www.depannage-electrique-reims.fr/
https://www.google.com/maps/place/Assist+Home+D%C3%A9pannage/data=!4m7!3m6!1s0x47e97752be376ac5:0x2478812eaa46eb1d!8m2!3d49.2608475!4d4.0409183!16s%2Fg%2F11tf64cyg_!19sChIJxWo3vlJ36UcRHetGqi6BeCQ?authuser=0&hl=fr&rclk=1,Assist Home Dépannage,"4,6",-214,Serrurier,63 Rue Camille Lenoir,03 26 84 11 87,https://www.assisthome-depannage.fr/?utm_source=gmb
https://www.google.com/maps/place/Vincent+Brochet/data=!4m7!3m6!1s0x47e976256760f771:0xa7ca7a52943e5ea3!8m2!3d49.2834867!4d4.1106547!16s%2Fg%2F11fswmxryx!19sChIJcfdgZyV26UcRo14-lFJ6yqc?authuser=0&hl=fr&rclk=1,Vincent Brochet,"3,4",-25,Chauffagiste,Rue du Poisson Vert,03 26 97 24 77,https://www.chauffagebrochet.fr/
https://www.google.com/maps/place/Technitoit+Reims/data=!4m7!3m6!1s0x47e90b54c9d13c47:0x443c1a305fa625f9!8m2!3d49.2348051!4d4.0859492!16s%2Fg%2F11h0spzftn!19sChIJRzzRyVQL6UcR-SWmXzAaPEQ?authuser=0&hl=fr&rclk=1,Technitoit Reims,"4,7",-267,Chauffagiste,"Zac Croix Blandin, 8 Rue du Capitaine Georges Madon",03 66 88 36 77,https://www.technitoit.com/agence/marne-51-reims-renovation?utm_source=gmb&utm_medium=gmb
https://www.google.com/maps/place/IsoPro+Nord+Est/data=!4m7!3m6!1s0x47e974ed8bd56a97:0xc38bf6b5f700739!8m2!3d49.238522!4d4.010105!16s%2Fg%2F11flt3pxgh!19sChIJl2rVi-106UcROQdwX2u_OAw?authuser=0&hl=fr&rclk=1,IsoPro Nord Est,"4,8",-79,Chauffagiste,·,09 70 35 24 01,https://www.iso-pro.net/?utm_medium=referral&utm_source=gmb&utm_campaign=lnk-gmb
https://www.google.com/maps/place/Star+Management/data=!4m7!3m6!1s0x47e975002818af69:0x2e599150f9fd21f4!8m2!3d49.2260647!4d4.0381434!16s%2Fg%2F11ydh66fp8!19sChIJaa8YKAB16UcR9CH9-VCRWS4?authuser=0&hl=fr&rclk=1,Star Management,5,-27,Plombier,·,07 49 11 45 86,https://starmanagementplomberie.sitew.org/
https://www.google.com/maps/place/Entreprise+de+r%C3%A9novation+%C3%A0+Reims+-Equilibre+Travaux+-+Extension+de+maison/data=!4m7!3m6!1s0x47e975ab72439363:0xe0efb853a301a0cd!8m2!3d49.2553708!4d4.0240428!16s%2Fg%2F12hqvv42g!19sChIJY5NDcqt16UcRzaABo1O47-A?authuser=0&hl=fr&rclk=1,Entreprise de rénovation à Reims -Equilibre Travaux - Extension de maison,"4,4",-118,Travaux généraux,34 Rue de Chativesle,03 26 02 71 71,
https://www.google.com/maps/place/Idex/data=!4m7!3m6!1s0x47e976aa94b2a353:0xc8aef6dcba4fd364!8m2!3d49.2144056!4d4.0670528!16s%2Fg%2F11b6dpykky!19sChIJU6OylKp26UcRZNNPutz2rsg?authuser=0&hl=fr&rclk=1,Idex,"1,7",-94,Fournisseur d'énergie,·,03 26 36 45 45,https://www.idex.fr/
https://www.google.com/maps/place/Forgel/data=!4m7!3m6!1s0x47e974a1207e9eb3:0xab01db0b8d273c2a!8m2!3d49.216943!4d3.990853!16s%2Fg%2F1wfcngvj!19sChIJs55-IKF06UcRKjwnjQvbAas?authuser=0&hl=fr&rclk=1,Forgel,"4,1",-27,Fournisseur de systèmes de climatisation,16 Rue Pierre Salmon,03 26 48 41 41,https://www.google.com/aclk?sa=L&ai=DChsSEwil-buXvb2UAxXqomgJHTXAMtcYACICCAEQABoCd2Y&co=1&ase=2&gclid=CjwKCAjwq6DQBhBVEiwA4ZD5XCACaKCzU4PXjKS3q1hGtchyhZkvOmqwIKV690o_4aLLFa268IiMlRoCIIAQAvD_BwE&cce=2&category=acrcp_v1_32&sig=AOD64_3JpxYnFJ-XSOFkw1XxmS-UQy67Tw&adurl&q&ctype=99&nis=6
https://www.google.com/maps/place/Domos+%C3%89nergie/data=!4m7!3m6!1s0x47e975c03967d157:0xbc1cd603dedb2bbd!8m2!3d49.2697638!4d4.0395077!16s%2Fg%2F11st85x5pd!19sChIJV9FnOcB16UcRvSvb3gPWHLw?authuser=0&hl=fr&rclk=1,Domos Énergie,5,-6,Chauffagiste,6 Rue du Commerce,07 63 74 36 07,http://www.domos-energie.fr/
https://www.google.com/maps/place/Jotul+Reims/data=!4m7!3m6!1s0x47e975c48825474d:0x50d3d8ffa2b4b721!8m2!3d49.2170852!4d4.0208804!16s%2Fg%2F11y1ry_4mc!19sChIJTUcliMR16UcRIbe0ov_Y01A?authuser=0&hl=fr&rclk=1,Jotul Reims,"4,7",-36,Magasin de poêles à bois,·,03 26 81 19 89,https://magasin.jotul.fr/reims/
https://www.google.com/maps/place/Groupe+Mallet+%28Si%C3%A8ge+Reims%29/data=!4m7!3m6!1s0x47e976add4cfffff:0x2700eb0ddc140984!8m2!3d49.2408279!4d4.0941735!16s%2Fg%2F11h31z8xt7!19sChIJ___P1K126UcRhAkU3A3rACc?authuser=0&hl=fr&rclk=1,Groupe Mallet (Siège Reims),"4,4",-36,Plombier,3 Rue des Terres,03 26 49 77 77,http://www.groupe-mallet.fr/
https://www.google.com/maps/place/Crabs+SARL/data=!4m7!3m6!1s0x47e9750dc3aec777:0xebd18e24b0793a72!8m2!3d49.2174619!4d4.0629559!16s%2Fg%2F11rn0tnz6d!19sChIJd8euww116UcRcjp5sCSO0es?authuser=0&hl=fr&rclk=1,Crabs SARL,5,-2,Plombier,25 Rue des Compagnons,03 26 84 92 83,https://www.crabs.fr/
https://www.google.com/maps/place/Alk%C3%A9os+R%C3%A9novation/data=!4m7!3m6!1s0x47e975b2fad50b8d:0x61c4c979acebf819!8m2!3d49.2645241!4d4.0551831!16s%2Fg%2F1tf57683!19sChIJjQvV-rJ16UcRGfjrrHnJxGE?authuser=0&hl=fr&rclk=1,Alkéos Rénovation,"4,3",-12,Plombier,·,03 26 50 07 00,https://www.alkeos-renovation.fr/
https://www.google.com/maps/place/Premys+-+Agence+Ferrari+-+secteur+de+Reims/data=!4m7!3m6!1s0x47e975c2bef33bef:0x1c6e62b2c92af8e9!8m2!3d49.2728909!4d4.0610659!16s%2Fg%2F11c575dhz2!19sChIJ7zvzvsJ16UcR6fgqybJibhw?authuser=0&hl=fr&rclk=1,Premys - Agence Ferrari - secteur de Reims,"3,7",-25,Entrepreneur spécialisé dans la démolition,·,03 89 55 07 07,http://www.premys-deconstruction.fr/
https://www.google.com/maps/place/Entreprise+de+r%C3%A9novation+Reims+-+EURL+ROZAFA/data=!4m7!3m6!1s0x47e975990d6f38e5:0xefe10bfae10415c9!8m2!3d49.2620978!4d4.0210523!16s%2Fg%2F11k5bq0xqb!19sChIJ5ThvDZl16UcRyRUE4foL4e8?authuser=0&hl=fr&rclk=1,Entreprise de rénovation Reims - EURL ROZAFA,"4,9",-33,Plombier,59 Rue du Mont d'Arène,07 68 02 94 51,https://rozafa.fr/
https://www.google.com/maps/place/Eiffage+Route+-+Agence+Champagne+Ardenne+R%C3%A9seaux/data=!4m7!3m6!1s0x47e97539a2fe32fb:0xebb7fbd33e9b5592!8m2!3d49.289128!4d4.0176648!16s%2Fg%2F1v44pr7_!19sChIJ-zL-ojl16UcRklWbPtP7t-s?authuser=0&hl=fr&rclk=1,Eiffage Route - Agence Champagne Ardenne Réseaux,"4,1",-24,Société de travaux publics,·,03 26 09 30 55,https://www.eiffageroute.com/
https://www.google.com/maps/place/Sapian+-+Agence+de+Reims/data=!4m7!3m6!1s0x47e97523ced70163:0xa197ebd8bcc6adf5!8m2!3d49.2302246!4d4.0871858!16s%2Fg%2F11jvkbtsjw!19sChIJYwHXziN16UcR9a3GvNjrl6E?authuser=0&hl=fr&rclk=1,Sapian - Agence de Reims,"3,3",-26,Service d'assainissement,·,03 26 05 78 76,https://www.sapian.fr/agences/agence-reims
"https://www.google.com/maps/place/Soci%C3%A9t%C3%A9+R%C3%A9moise+de+R%C3%A9novation+%C3%A0+reims,+plomberie,+%C3%A9lectricit%C3%A9,+serrurier,+Fa%C3%A7adier/data=!4m7!3m6!1s0x47e9746f9c6951f9:0x71314f2f0d73c224!8m2!3d49.2263171!4d4.0330468!16s%2Fg%2F11jk5n0w8l!19sChIJ-VFpnG906UcRJMJzDS9PMXE?authuser=0&hl=fr&rclk=1","Société Rémoise de Rénovation à reims, plomberie, électricité, serrurier, Façadier",,,Plombier,4 Rue Albert Camus,07 60 36 69 90,
https://www.google.com/maps/place/SH+ELEC+RENOV+r%C3%A9gion+REIMS+et+PARIS/data=!4m7!3m6!1s0x47e975a7968e426d:0xb457fd69695b3567!8m2!3d49.2676971!4d3.9961617!16s%2Fg%2F11s0x7tm2x!19sChIJbUKOlqd16UcRZzVbaWn9V7Q?authuser=0&hl=fr&rclk=1,SH ELEC RENOV région REIMS et PARIS,"4,9",-10,Électricien,13 -15 Chem. du Maire,07 65 88 10 66,https://entrepriseelectricitereims.fr/
https://www.google.com/maps/place/Albex+Construction/data=!4m7!3m6!1s0x47e975eb1feed2ed:0xe1082f1b187a0710!8m2!3d49.2703149!4d4.023932!16s%2Fg%2F11v650hsm4!19sChIJ7dLuH-t16UcREAd6GBsvCOE?authuser=0&hl=fr&rclk=1,Albex Construction,5,-14,Travaux généraux,15 Rue Rivart Prophétie,07 81 17 85 99,https://www.albexconstruction.fr/
https://www.google.com/maps/place/M%C3%A9ca+Industries+%28REIMS%29/data=!4m7!3m6!1s0x47e9756ff6c49cc5:0xc0ef33b99e7fed3e!8m2!3d49.2723922!4d4.0702122!16s%2Fg%2F1tdvjhj_!19sChIJxZzE9m916UcRPu1_nrkz78A?authuser=0&hl=fr&rclk=1,Méca Industries (REIMS),4,-13,Entretien de machines,·,03 26 87 37 71,https://www.meca-industries.com/fr/a-propos/nos-agences/maintenance-travaux-Reims-51
https://www.google.com/maps/place/Groupe+Mettons+du+C%C5%93ur+Services/data=!4m7!3m6!1s0x47e975ef91fd2b3b:0x8867d1c0ea056987!8m2!3d49.25398!4d4.06063!16s%2Fg%2F11fpqcsn64!19sChIJOyv9ke916UcRh2kF6sDRZ4g?authuser=0&hl=fr&rclk=1,Groupe Mettons du Cœur Services,"4,8",-31,Service de nettoyage et d'entretien,6 All. du Tyrol,06 17 56 92 30,https://www.groupemettonsducoeur.fr/
"https://www.google.com/maps/place/SCEE,+Soci%C3%A9t%C3%A9+Champardennaise+D%27entreprises+Electriques/data=!4m7!3m6!1s0x47e976bd0b8dfc85:0x1aaca808c864e903!8m2!3d49.23088!4d4.0825074!16s%2Fg%2F1td9d2cl!19sChIJhfyNC7126UcRA-lkyAiorBo?authuser=0&hl=fr&rclk=1","SCEE, Société Champardennaise D'entreprises Electriques","3,8",-15,Entreprise de construction,·,03 26 79 30 30,
https://www.google.com/maps/place/Groupe+le+Carr%C3%A9+Reims+%28CCAH%29/data=!4m7!3m6!1s0x47e9755ee9a884ed:0xeeebc0c0855156ae!8m2!3d49.2382538!4d4.0736666!16s%2Fg%2F1wd3vcrk!19sChIJ7YSo6V516UcRrlZRhcDA6-4?authuser=0&hl=fr&rclk=1,Groupe le Carré Reims (CCAH),"4,2",-61,Entrepreneur spécialisé dans l'isolation,·,03 26 86 32 02,https://www.groupelecarre-reims.fr/?utm_source=gmb
https://www.google.com/maps/place/Sopreca+Soci%C3%A9t%C3%A9+Pr%C3%A9fabrication+Champagne+Ardenne/data=!4m7!3m6!1s0x47e977fac7a5faf7:0xab8577455925968!8m2!3d49.2263889!4d4.084954!16s%2Fg%2F11g0g4z1nn!19sChIJ9_qlx_p36UcRaFmSVXRXuAo?authuser=0&hl=fr&rclk=1,Sopreca Société Préfabrication Champagne Ardenne,"4,8",-9,Fournisseur de béton prêt-à-l'emploi,·,03 26 85 45 80,http://www.prefabrication-beton-reims.fr/
https://www.google.com/maps/place/BS+Entreprise+Reims+%2F+Travaux+de+R%C3%A9novation/data=!4m7!3m6!1s0x47e976a96d409573:0xd680782bb27fd807!8m2!3d49.2145339!4d4.0672862!16s%2Fg%2F11c54nbtks!19sChIJc5VAbal26UcRB9h_sit4gNY?authuser=0&hl=fr&rclk=1,BS Entreprise Reims / Travaux de Rénovation,"4,5",-82,Travaux généraux,·,03 26 87 62 24,https://bs-entreprise-renovation-51.com/
https://www.google.com/maps/place/Entreprise+Parant/data=!4m7!3m6!1s0x47e9755e24a7b38b:0xf3e8da222601232c!8m2!3d49.2926398!4d4.0053375!16s%2Fg%2F1td695v3!19sChIJi7OnJF516UcRLCMBJiLa6PM?authuser=0&hl=fr&rclk=1,Entreprise Parant,"3,5",-25,Entreprise de terrassement,20 Pass. Marx Dormoy Neuv,03 26 48 09 83,
https://www.google.com/maps/place/A2C.BAT+-+Soci%C3%A9t%C3%A9+de+r%C3%A9novation+%C3%A0+Reims/data=!4m7!3m6!1s0x47e975424f4db4b3:0xc1c0f1c9e0c46812!8m2!3d49.2834686!4d4.0255882!16s%2Fg%2F11pd_jppjy!19sChIJs7RNT0J16UcREmjE4MnxwME?authuser=0&hl=fr&rclk=1,A2C.BAT - Société de rénovation à Reims,"3,7",-3,Maçon,33 Rue Yves Beaumont,03 59 28 44 27,https://www.a2c-bat.com/
https://www.google.com/maps/place/Effibat/data=!4m7!3m6!1s0x47e974537524eae5:0xf96deeafb6a02f45!8m2!3d49.2577078!4d4.0280121!16s%2Fg%2F11dzw7xfvf!19sChIJ5eokdVN06UcRRS-gtq_ubfk?authuser=0&hl=fr&rclk=1,Effibat,"4,3",-19,Plombier,57 Rue de Talleyrand,07 88 11 62 92,https://www.effibat-sas.com/
https://www.google.com/maps/place/Etablissement+Schuler+%7C+Couvreur+%C3%A0+Reims+D%C3%A9pannage+fuite/data=!4m7!3m6!1s0x47e975eafe73a27f:0xa87b9ff22249791f!8m2!3d49.2594128!4d4.0445243!16s%2Fg%2F11m_m38kbl!19sChIJf6Jz_up16UcRH3lJIvKfe6g?authuser=0&hl=fr&rclk=1,Etablissement Schuler | Couvreur à Reims Dépannage fuite,"4,7",-114,Couvreur,69 bis Av. Jean Jaurès,06 78 81 57 67,http://reims-couvreur.fr/
https://www.google.com/maps/place/Groupe+Lustral+-+Propret%C3%A9+et+Services/data=!4m7!3m6!1s0x47e9769fd5f6a103:0xae94e759f3831c15!8m2!3d49.2352903!4d4.0690448!16s%2Fg%2F11df8070vp!19sChIJA6H21Z926UcRFRyD81nnlK4?authuser=0&hl=fr&rclk=1,Groupe Lustral - Propreté et Services,4,-26,Services de nettoyage,"Zone d'Activité Farman, 2 All. René Fonck",03 26 46 99 99,http://www.lustral.fr/
https://www.google.com/maps/place/ADX+Groupe+Reims/data=!4m7!3m6!1s0x47e9752cd4c1ba91:0x2028bc57af2668e7!8m2!3d49.2673401!4d4.0378297!16s%2Fg%2F11vqs_f8qm!19sChIJkbrB1Cx16UcR52gmr1e8KCA?authuser=0&hl=fr&rclk=1,ADX Groupe Reims,3,-2,Inspecteur en bâtiment,2 Rue du Commerce Bâtiment C,09 70 69 01 64,http://www.adx-groupe.com/
https://www.google.com/maps/place/Soci%C3%A9t%C3%A9+M%C3%A9tallurgique+Houlon/data=!4m7!3m6!1s0x47e975a4d057b2c9:0xf16990430f8bd58!8m2!3d49.2683296!4d4.0363531!16s%2Fg%2F1td4p0bk!19sChIJybJX0KR16UcRWL34MASZFg8?authuser=0&hl=fr&rclk=1,Société Métallurgique Houlon,"4,8",-6,Distributeur d'acier,·,03 26 02 60 55,http://www.dhalluin.com/contactsmh.htm
https://www.google.com/maps/place/Entreprise+Wagner/data=!4m7!3m6!1s0x47e976da0506b1cf:0x82e3cdebaf802092!8m2!3d49.2215703!4d4.1080026!16s%2Fg%2F1tdzf9tr!19sChIJz7EGBdp26UcRkiCAr-vN44I?authuser=0&hl=fr&rclk=1,Entreprise Wagner,5,-1,Couvreur,·,03 26 04 53 13,https://gayet.fr/groupe/wagner
https://www.google.com/maps/place/SADE+CGTH+-+Agence+de+Reims/data=!4m7!3m6!1s0x47e9742bcde171c3:0xeec9f90687f5d5cb!8m2!3d49.2488753!4d4.0675176!16s%2Fg%2F11h26jzjf4!19sChIJw3HhzSt06UcRy9X1hwb5ye4?authuser=0&hl=fr&rclk=1,SADE CGTH - Agence de Reims,4,-9,Société de travaux publics,3 Rue de l'Escaut,03 26 87 72 00,http://www.sade-cgth.fr/
https://www.google.com/maps/place/Coutiez/data=!4m7!3m6!1s0x47e976aa131f9cc1:0xa70f473a7a181d8f!8m2!3d49.2164577!4d4.0667261!16s%2Fg%2F1vv2rkwh!19sChIJwZwfE6p26UcRjx0YejpHD6c?authuser=0&hl=fr&rclk=1,Coutiez,"4,7",-50,Ramonage et entretien de chaudière et de cheminée,·,03 26 82 05 64,https://www.coutiezsas.fr/
https://www.google.com/maps/place/SARL+DUQUESNE/data=!4m7!3m6!1s0x47e02fb943bd513b:0xf5869a7a58f1c06e!8m2!3d49.527595!4d0.1040951!16s%2Fg%2F11g6k2cfv3!19sChIJO1G9Q7kv4EcRbsDxWHqahvU?authuser=0&hl=fr&rclk=1,SARL DUQUESNE,"3,8",-85,Chauffagiste,·,02 35 44 81 40,https://www.axenergie.eu/agences/69-duquesne-chauffage
https://www.google.com/maps/place/Action+Chauffage/data=!4m7!3m6!1s0x47e02f5f0c05061d:0x32e5f4a13edf56f0!8m2!3d49.5101975!4d0.1307942!16s%2Fg%2F11lgnxp8rr!19sChIJHQYFDF8v4EcR8FbfPqH05TI?authuser=0&hl=fr&rclk=1,Action Chauffage,"4,8",-65,Chauffagiste,40 Rue Dr Postel,07 49 03 74 78,https://actionchauffage.fr/
https://www.google.com/maps/place/Entreprise+LEBAILLIF/data=!4m7!3m6!1s0x47e02fa4ceb05555:0x16d4e811d8775cb5!8m2!3d49.4865221!4d0.1429139!16s%2Fg%2F11g0tl22r6!19sChIJVVWwzqQv4EcRtVx32BHo1BY?authuser=0&hl=fr&rclk=1,Entreprise LEBAILLIF,"3,6",-40,Chauffagiste,8 Rue Jean Lainé,02 35 24 00 53,https://www.plombier-chauffagiste-lebaillif.com/
https://www.google.com/maps/place/TECHNI%E2%80%99GAZ76/data=!4m7!3m6!1s0x47e02e52acc1f9d1:0x93a8854806651a17!8m2!3d49.5268134!4d0.0871332!16s%2Fg%2F11f_dwjf_0!19sChIJ0fnBrFIu4EcRFxplBkiFqJM?authuser=0&hl=fr&rclk=1,TECHNI’GAZ76,"4,9",-201,Chauffagiste,·,06 69 36 93 16,https://www.technigaz76.fr/
"https://www.google.com/maps/place/DUFOUR+SAS+-+Couverture,+Bardage,+Plomberie/data=!4m7!3m6!1s0x47e02faa2efaaaab:0xfa356e461e4db2a2!8m2!3d49.4919311!4d0.132997!16s%2Fg%2F11g0tl0wmk!19sChIJq6r6Lqov4EcRorJNHkZuNfo?authuser=0&hl=fr&rclk=1","DUFOUR SAS - Couverture, Bardage, Plomberie","4,3",-165,Chauffagiste,·,02 35 24 34 36,https://dufour.fr/
https://www.google.com/maps/place/BTS+Chauffage/data=!4m7!3m6!1s0x47e02f1b13cce3ef:0x7d6e91ca373fc995!8m2!3d49.4880165!4d0.1588714!16s%2Fg%2F11dz1k7n5_!19sChIJ7-PMExsv4EcRlck_N8qRbn0?authuser=0&hl=fr&rclk=1,BTS Chauffage,"4,4",-16,Chauffagiste,"La Fonderie, 68 Blvd. Jules Durand BP 995",02 35 42 13 52,http://www.btschauffage.fr/
https://www.google.com/maps/place/GVR+-+Guignery+Villamaux+Rose/data=!4m7!3m6!1s0x47e02fc76b4eaaab:0xc98e791fab42e568!8m2!3d49.5009167!4d0.1544769!16s%2Fg%2F11gh_fxngf!19sChIJq6pOa8cv4EcRaOVCqx95jsk?authuser=0&hl=fr&rclk=1,GVR - Guignery Villamaux Rose,"4,5",-59,Chauffagiste,14 Rue des Prés Colombel,,
https://www.google.com/maps/place/2EIS/data=!4m7!3m6!1s0x47e02f84a3103bed:0xea6dcbff2d437681!8m2!3d49.4852046!4d0.128814!16s%2Fg%2F11j8c337r1!19sChIJ7TsQo4Qv4EcRgXZDLf_Lbeo?authuser=0&hl=fr&rclk=1,2EIS,"4,6",-13,Entreprise de construction,20 Rue Pierre Guinard,02 35 53 08 05,https://www.hli14.com/
https://www.google.com/maps/place/Sisecec+%28Le+Terrien%29/data=!4m7!3m6!1s0x47e02fa428f54da5:0x337c35abe810e08c!8m2!3d49.5004893!4d0.1368847!16s%2Fg%2F11f62h2433!19sChIJpU31KKQv4EcRjOAQ6Ks1fDM?authuser=0&hl=fr&rclk=1,Sisecec (Le Terrien),"3,7",-16,Entrepreneur,287 Rue Aristide Briand,02 35 24 05 82,
https://www.google.com/maps/place/EPC+Plomberie/data=!4m7!3m6!1s0x47e02ff24a3c923f:0xd7d2c91c1042afaa!8m2!3d49.4864721!4d0.1065051!16s%2Fg%2F11sqd61f96!19sChIJP5I8SvIv4EcRqq9CEBzJ0tc?authuser=0&hl=fr&rclk=1,EPC Plomberie,4,-4,Plombier,11 Rue d'Estimauville,06 21 59 66 61,
https://www.google.com/maps/place/Sarl+Durand+Pierre/data=!4m7!3m6!1s0x47e03bffe944bf19:0x75932a6f8755ed33!8m2!3d49.5268273!4d0.087137!16s%2Fg%2F11g4cxj17s!19sChIJGb9E6f874EcRM-1Vh28qk3U?authuser=0&hl=fr&rclk=1,Sarl Durand Pierre,5,-22,Chauffagiste,137 Rue de la Pique en Mare,07 77 30 16 69,https://www.sarldurandpierre.fr/
https://www.google.com/maps/place/Cram/data=!4m7!3m6!1s0x47e02fba68e340bf:0x709d8d1b3ad9ab7!8m2!3d49.498437!4d0.1457499!16s%2Fg%2F11h3mvyg80!19sChIJv0DjaLov4EcRt5qts9HYCQc?authuser=0&hl=fr&rclk=1,Cram,"3,5",-130,Solutions et équipement énergétiques,·,02 35 24 25 26,http://www.cram.fr/
https://www.google.com/maps/place/ENTREPRISE+LECOMTE/data=!4m7!3m6!1s0x47e02f3839c6b15b:0xf2dd2f83c7ce7226!8m2!3d49.5059024!4d0.0997118!16s%2Fg%2F11f66rh8w6!19sChIJW7HGOTgv4EcRJnLOx4Mv3fI?authuser=0&hl=fr&rclk=1,ENTREPRISE LECOMTE,"3,8",-42,Chauffagiste,15 Pl. Henri Chandelier,02 35 46 12 00,http://ent-lecomte.fr/
"https://www.google.com/maps/place/E+LECERF+-+Plomberie,+Chauffage,+Sanitaire/data=!4m7!3m6!1s0x47e02f2ec498845b:0xeefa3008f19b7fb0!8m2!3d49.4952146!4d0.1186651!16s%2Fg%2F11qbf0tbg3!19sChIJW4SYxC4v4EcRsH-b8Qgw-u4?authuser=0&hl=fr&rclk=1","E LECERF - Plomberie, Chauffage, Sanitaire",4,-5,Plombier,32 Rue d'Après Mannevillette,02 35 47 16 86,https://www.eurllecerf.fr/
"https://www.google.com/maps/place/Chauffagiste+Izi+confort,+filiale+EDF/data=!4m7!3m6!1s0x47e02f15814ccfbb:0xaa53a016baa1c296!8m2!3d49.5047268!4d0.1096245!16s%2Fg%2F11f62h34cg!19sChIJu89MgRUv4EcRlsKhuhagU6o?authuser=0&hl=fr&rclk=1","Chauffagiste Izi confort, filiale EDF","4,4",-48,Chauffagiste,14 Rue Sadi Carnot,02 35 44 79 74,https://www.izi-by-edf-entretien.fr/?at_medium=Gmb&at_campaign=le-havre
https://www.google.com/maps/place/Technicmazout/data=!4m7!3m6!1s0x47e02f20f4357b5f:0xd6ec2bbf828fd188!8m2!3d49.4887487!4d0.1063629!16s%2Fg%2F11g0hnzmzy!19sChIJX3s19CAv4EcRiNGPgr8r7NY?authuser=0&hl=fr&rclk=1,Technicmazout,"3,2",-10,Chauffagiste,61 Rue Emile Zola,02 35 42 51 65,
https://www.google.com/maps/place/Kaleo+Sarl/data=!4m7!3m6!1s0x47e02fa40f3f756f:0x458c5aeea4d3b726!8m2!3d49.4978373!4d0.1220781!16s%2Fg%2F11ghpp43vf!19sChIJb3U_D6Qv4EcRJrfTpO5ajEU?authuser=0&hl=fr&rclk=1,Kaleo Sarl,5,-3,Entrepreneur,73 Rue Lesueur,06 70 50 09 79,
https://www.google.com/maps/place/T%C3%A9r%C3%A9va+Le+Havre/data=!4m7!3m6!1s0x47e02faa3a5f6025:0x771d7dca3d38d45!8m2!3d49.4912864!4d0.1333107!16s%2Fg%2F1tf01rsj!19sChIJJWBfOqov4EcRRY3To9zXcQc?authuser=0&hl=fr&rclk=1,Téréva Le Havre,"4,2",-57,Fournisseur d'équipements de chauffage,·,02 35 25 76 76,https://www.tereva.fr/document/A-540349-tereva-agence-tereva-mabille-le-havre
https://www.google.com/maps/place/Paganetti+Thermique/data=!4m7!3m6!1s0x47e02fabe1c030d5:0x669de9a0378b7110!8m2!3d49.4921968!4d0.1355492!16s%2Fg%2F1tj95q4v!19sChIJ1TDA4asv4EcREHGLN6DpnWY?authuser=0&hl=fr&rclk=1,Paganetti Thermique,"4,2",-12,Fournisseur de systèmes de climatisation,23 Rue des Magasins Généraux,02 35 24 00 65,https://www.paganetti.net/
https://www.google.com/maps/place/IZI+by+EDF/data=!4m7!3m6!1s0x47e02e544c1d5be9:0x34eb3129d4147935!8m2!3d49.4904299!4d0.1173448!16s%2Fg%2F11dx9fhtkl!19sChIJ6VsdTFQu4EcRNXkU1Ckx6zQ?authuser=0&hl=fr&rclk=1,IZI by EDF,"4,5",-263,Entrepreneur spécialisé dans les systèmes de CVC,182 Quai George V,01 80 84 60 60,https://www.izi-by-edf-renov.fr/
https://www.google.com/maps/place/SAS+A.I.S.E.M./data=!4m7!3m6!1s0x47e02f197ec2644f:0x73b8189b1b5c7cd1!8m2!3d49.5103284!4d0.1446826!16s%2Fg%2F11kpj1kgdk!19sChIJT2TCfhkv4EcR0XxcG5sYuHM?authuser=0&hl=fr&rclk=1,SAS A.I.S.E.M.,5,-28,Chauffagiste,36 Rue du Lac,02 79 65 29 20,https://www.aisem.fr/?utm_source=google&utm_medium=wix_google_business_profile&utm_campaign=13935002898945364292
https://www.google.com/maps/place/ENT+PH+DECHAMPS+SARL/data=!4m7!3m6!1s0x47e02fadebf18d63:0xaaba9722875b8729!8m2!3d49.4912901!4d0.1410465!16s%2Fg%2F11df1v9_rj!19sChIJY43x660v4EcRKYdbhyKXuqo?authuser=0&hl=fr&rclk=1,ENT PH DECHAMPS SARL,"3,9",-19,Chauffagiste,88 Rue Gustave Brindeau,02 35 25 07 45,https://www.ph-dechamps.fr/
https://www.google.com/maps/place/Sarl+Bihannic/data=!4m7!3m6!1s0x47e02fb893602cc5:0x60b0d3cfa021e8cd!8m2!3d49.5008592!4d0.1518585!16s%2Fg%2F11h40zjpc9!19sChIJxSxgk7gv4EcRzeghoM_TsGA?authuser=0&hl=fr&rclk=1,Sarl Bihannic,"2,8",-12,Plombier,15 Rue Marcel Ducarteron,,
https://www.google.com/maps/place/SARL+LEMIEUX+SERVICES+RENOVATION/data=!4m7!3m6!1s0x47e02f3025c8d439:0xf095a80baa51c2c!8m2!3d49.4927297!4d0.1191036!16s%2Fg%2F1tk226db!19sChIJOdTIJTAv4EcRLByluoBaCQ8?authuser=0&hl=fr&rclk=1,SARL LEMIEUX SERVICES RENOVATION,"4,8",-47,Entreprise de construction,163 Bd de Strasbourg,02 35 22 95 26,http://lemieuxservices.fr/
https://www.google.com/maps/place/Havre+Elec+Services/data=!4m7!3m6!1s0x47e02f05c93270f3:0x1cccc8fbec837edb!8m2!3d49.4950413!4d0.1245705!16s%2Fg%2F11dfj6ttjv!19sChIJ83AyyQUv4EcR236D7PvIzBw?authuser=0&hl=fr&rclk=1,Havre Elec Services,"4,6",-45,Électricien,14 Rue Turenne,02 35 46 59 80,https://havre-elec-services.com/
https://www.google.com/maps/place/BTS/data=!4m7!3m6!1s0x47e02f23d98db89b:0xf7ea8eac9fde01f9!8m2!3d49.4959559!4d0.1115995!16s%2Fg%2F11fq9n_9df!19sChIJm7iN2SMv4EcR-QHen6yO6vc?authuser=0&hl=fr&rclk=1,BTS,,,Service de réparation de radiateurs,22 Rue Casimir Périer,02 35 42 13 52,
https://www.google.com/maps/place/IDEX/data=!4m7!3m6!1s0x47e02fb335476c57:0x2b549e24f6a3027f!8m2!3d49.4870341!4d0.146723!16s%2Fg%2F11j8lnmh74!19sChIJV2xHNbMv4EcRfwKj9iSeVCs?authuser=0&hl=fr&rclk=1,IDEX,"1,3",-12,Chauffagiste,120 Bd Amiral Mouchez,02 32 81 97 32,https://www.idex.fr/le-groupe/presentation
https://www.google.com/maps/place/Pesquet+Chauffage+et+Plomberie/data=!4m7!3m6!1s0x47e025d7e0e42a35:0xd9194898a3cb0fbc!8m2!3d49.5449828!4d0.1219486!16s%2Fg%2F11sn_7hzps!19sChIJNSrk4Ncl4EcRvA_Lo5hIGdk?authuser=0&hl=fr&rclk=1,Pesquet Chauffage et Plomberie,5,-28,Chauffagiste,9 All. des Moineaux,06 88 92 72 80,https://www.pesquet-chauffage.com/
https://www.google.com/maps/place/Elric+Menard/data=!4m7!3m6!1s0x47e02f384818ab95:0xd9d1396894e1061e!8m2!3d49.495325!4d0.1231778!16s%2Fg%2F11h008kb9p!19sChIJlasYSDgv4EcRHgbhlGg50dk?authuser=0&hl=fr&rclk=1,Elric Menard,4,-4,Plombier,72 Rue Casimir Delavigne,06 65 59 72 88,
https://www.google.com/maps/place/Synergaz76/data=!4m7!3m6!1s0x47e02fc58910af31:0x6a46de7c9d73b4e4!8m2!3d49.5833676!4d0.3398306!16s%2Fg%2F11mxslz_bs!19sChIJMa8QicUv4EcR5LRznXzeRmo?authuser=0&hl=fr&rclk=1,Synergaz76,"4,8",-23,Chauffagiste,·,07 49 54 62 24,
https://www.google.com/maps/place/PPF+Angers/data=!4m7!3m6!1s0x480879214aa5e117:0x52ed84c9b630c4d3!8m2!3d47.482304!4d-0.505718!16s%2Fg%2F11kl37f6j0!19sChIJF-GlSiF5CEgR08QwtsmE7VI?authuser=0&hl=fr&rclk=1,PPF Angers,5,-1,Solutions et équipement énergétiques,5 Rue de la Gibaudiére,02 85 52 25 11,https://www.google.com/aclk?sa=L&ai=DChsSEwiipvLHvb2UAxVpomgJHQuKApgYACICCAEQARoCd2Y&co=1&ase=2&gclid=CjwKCAjwq6DQBhBVEiwA4ZD5XNPdM60Zv9wEVCY4EiGPbolpd_6rlyeb_Bqm0L59tlD37OgfTlZglBoCQgcQAvD_BwE&cce=2&category=acrcp_v1_32&sig=AOD64_1IxKvDpZjQQQJ2AYN_0M-_91bgKQ&adurl&q&ctype=99&nis=6
https://www.google.com/maps/place/Chenais+Energie+Angers+-+Granul%C3%A9s+%2F+Bois+%2F+Solaire/data=!4m7!3m6!1s0x48087ff806dd7bfb:0xb008fe8628a3da17!8m2!3d47.468756!4d-0.625109!16s%2Fg%2F11vryz6b91!19sChIJ-3vdBvh_CEgRF9qjKIb-CLA?authuser=0&hl=fr&rclk=1,Chenais Energie Angers - Granulés / Bois / Solaire,5,-13,Magasin de poêles à bois,2 Avenue du Pin,02 53 55 10 73,https://www.google.com/aclk?sa=L&ai=DChsSEwiipvLHvb2UAxVpomgJHQuKApgYACICCAEQBBoCd2Y&co=1&ase=2&gclid=CjwKCAjwq6DQBhBVEiwA4ZD5XKF8Dtgzr4iN_5F-VLWPL8xB5tTfyqmKRFFa07--thL0nXXDf66TchoC_PoQAvD_BwE&cce=2&category=acrcp_v1_32&sig=AOD64_0FQibuNPLbCy5yheVq473Q5wusKA&adurl&q&ctype=99&nis=6
https://www.google.com/maps/place/A.D.G.+Angers+D%C3%A9pannage+Gaz/data=!4m7!3m6!1s0x48087840a221eaa9:0xfd989de8c50ef2e5!8m2!3d47.4924777!4d-0.4917626!16s%2Fg%2F1tj1rg96!19sChIJqeohokB4CEgR5fIOxeidmP0?authuser=0&hl=fr&rclk=1,A.D.G. Angers Dépannage Gaz,"4,8",-1 387,Chauffagiste,·,02 41 34 80 00,https://www.axenergie.eu/agences/5-angers-depannage-gaz-
https://www.google.com/maps/place/APC+-+ANGERS+PLOMBERIE+CHAUFFAGE/data=!4m7!3m6!1s0x48087920f2a6385d:0x98aaf19e5144db57!8m2!3d47.3894391!4d-0.559822!16s%2Fg%2F11fhl3yqqd!19sChIJXTim8iB5CEgRV9tEUZ7xqpg?authuser=0&hl=fr&rclk=1,APC - ANGERS PLOMBERIE CHAUFFAGE,"4,6",-50,Chauffagiste,,06 47 28 69 51,
https://www.google.com/maps/place/Anjou+Maine+Chauffage+-+Pompes+%C3%A0+chaleur+-+Panneaux+photovolta%C3%AFques+-+Chaudi%C3%A8res/data=!4m7!3m6!1s0x4808791d9867b3c3:0xcc1217d8f3eea000!8m2!3d47.4878666!4d-0.545022!16s%2Fg%2F1tfkq44k!19sChIJw7NnmB15CEgRAKDu89gXEsw?authuser=0&hl=fr&rclk=1,Anjou Maine Chauffage - Pompes à chaleur - Panneaux photovoltaïques - Chaudières,"4,6",-81,Chauffagiste,·,02 41 60 21 21,https://www.amchauffage.com/
"https://www.google.com/maps/place/JCM+Confort+-+Chauffagiste+Sp%C3%A9cialiste+Pompe+%C3%A0+chaleur,+Climatisation,+Chaudi%C3%A8re/data=!4m7!3m6!1s0x48087f09483b2d3b:0x18a1050fc3247258!8m2!3d47.4726506!4d-0.610438!16s%2Fg%2F1twyyy9g!19sChIJOy07SAl_CEgRWHIkww8FoRg?authuser=0&hl=fr&rclk=1","JCM Confort - Chauffagiste Spécialiste Pompe à chaleur, Climatisation, Chaudière","4,9",-547,Chauffagiste,·,02 41 72 67 38,https://www.jcmconfort.fr/?utm_source=gmb&utm_medium=organic
https://www.google.com/maps/place/Oger+%26+Fils/data=!4m7!3m6!1s0x480879952e45392f:0xa2bbc4673d3c4641!8m2!3d47.4725511!4d-0.5538837!16s%2Fg%2F11fktrs940!19sChIJLzlFLpV5CEgRQUY8PWfEu6I?authuser=0&hl=fr&rclk=1,Oger & Fils,"4,8",-22,Chauffagiste,27 Rue Bodinier,02 41 87 69 29,https://www.plombier-chauffagiste-oger.com/
https://www.google.com/maps/place/Entreprise+Le+Mener+-+Plombier+Chauffagiste+-+Angers/data=!4m7!3m6!1s0x480879d7317a77bd:0x320e9761a733b907!8m2!3d47.5071666!4d-0.5081458!16s%2Fg%2F11q43nwtg2!19sChIJvXd6Mdd5CEgRB7kzp2GXDjI?authuser=0&hl=fr&rclk=1,Entreprise Le Mener - Plombier Chauffagiste - Angers,"4,7",-39,Chauffagiste,·,02 41 25 74 00,http://www.lemener.fr/
https://www.google.com/maps/place/Artisan+plombier+D%C3%A9pannage+49/data=!4m7!3m6!1s0x48087997f9a0cd81:0x33b182236c9732c1!8m2!3d47.474864!4d-0.5293898!16s%2Fg%2F11y8bb_q2v!19sChIJgc2g-Zd5CEgRwTKXbCOCsTM?authuser=0&hl=fr&rclk=1,Artisan plombier Dépannage 49,"4,8",-32,Chauffagiste,21 Rue Edouard et Renée Coeffard,06 49 95 94 26,https://artisanplombierdepannage49.fr/
https://www.google.com/maps/place/BEAUGENDRE/data=!4m7!3m6!1s0x480878488e8d3323:0xff7edbf855cc7d03!8m2!3d47.478606!4d-0.5141022!16s%2Fg%2F11cphhv6n7!19sChIJIzONjkh4CEgRA33MVfjbfv8?authuser=0&hl=fr&rclk=1,BEAUGENDRE,"4,1",-19,Chauffagiste,·,02 41 66 45 48,
"https://www.google.com/maps/place/Chauffagiste+Izi+confort,+groupe+EDF/data=!4m7!3m6!1s0x480878e21bd706f7:0xf2e9606bbe4a1bbf!8m2!3d47.4873242!4d-0.5462193!16s%2Fg%2F1tfk_l9g!19sChIJ9wbXG-J4CEgRvxtKvmtg6fI?authuser=0&hl=fr&rclk=1","Chauffagiste Izi confort, groupe EDF",4,-36,Chauffagiste,·,02 41 60 15 15,https://www.izi-by-edf-entretien.fr/?at_medium=Gmb&at_campaign=angers
https://www.google.com/maps/place/ECS+Angers/data=!4m7!3m6!1s0x4808784eff39554f:0xb064353f7a505712!8m2!3d47.4799176!4d-0.5192224!16s%2Fg%2F1tdjwd60!19sChIJT1U5_054CEgREldQej81ZLA?authuser=0&hl=fr&rclk=1,ECS Angers,"4,7",-40,Chauffagiste,·,02 41 32 02 18,https://ecs-chauffage.fr/
https://www.google.com/maps/place/Societe+Nicolas+HUCHET/data=!4m7!3m6!1s0x48087a2e619c565f:0x1bf8adfce645e1a2!8m2!3d47.5080218!4d-0.5158786!16s%2Fg%2F11btlsq77p!19sChIJX1acYS56CEgRouFF5vyt-Bs?authuser=0&hl=fr&rclk=1,Societe Nicolas HUCHET,"4,9",-129,Chauffagiste,25 bis Rte d'Angers,02 41 93 74 39,https://www.nicolas-huchet.fr/
"https://www.google.com/maps/place/SAV-TECH+Chauffage+%7C+Plombier+Chauffagiste+Angers+%7C+Chaudi%C3%A8re,+Chauffe-eau,+Pompe+%C3%A0+Chaleur,+Climatisation/data=!4m7!3m6!1s0x4807d7d44b89e02f:0x8a0a5e59b23abf15!8m2!3d47.4267702!4d-0.547492!16s%2Fg%2F11t2rcm2qq!19sChIJL-CJS9TXB0gRFb86slleCoo?authuser=0&hl=fr&rclk=1","SAV-TECH Chauffage | Plombier Chauffagiste Angers | Chaudière, Chauffe-eau, Pompe à Chaleur, Climatisation","4,8",-40,Chauffagiste,35 Rue Joseph Cugnot,02 41 66 21 52,https://www.sav-techchauffage.fr/
https://www.google.com/maps/place/Chauff%27eco+SAS/data=!4m7!3m6!1s0x4808770a2883cc6f:0x46c5cb0294a7fd40!8m2!3d47.5015921!4d-0.50625!16s%2Fg%2F11fl76g6vc!19sChIJb8yDKAp3CEgRQP2nlALLxUY?authuser=0&hl=fr&rclk=1,Chauff'eco SAS,"3,7",-16,Fournisseur d'équipements de chauffage,·,02 41 96 17 50,https://entreprise.reseau-fja.fr/14-chauff-eco-angers
https://www.google.com/maps/place/ETABLISSEMENT+DIONNEAU/data=!4m7!3m6!1s0x480879080daf4153:0x21c436a68a5f12f7!8m2!3d47.5047621!4d-0.5090941!16s%2Fg%2F11sm8xk6y_!19sChIJU0GvDQh5CEgR9xJfiqY2xCE?authuser=0&hl=fr&rclk=1,ETABLISSEMENT DIONNEAU,"4,3",-9,Entreprise de construction,·,02 41 43 62 24,http://www.dionneau.com/
https://www.google.com/maps/place/France+%C3%A9nergie+solution+pompe+%C3%A0+chaleur+et+climatisation/data=!4m7!3m6!1s0x4808795efe9bfbd7:0x8c5c1c88ef59c546!8m2!3d47.4671168!4d-0.5553692!16s%2Fg%2F11nxct5qpb!19sChIJ1_ub_l55CEgRRsVZ74gcXIw?authuser=0&hl=fr&rclk=1,France énergie solution pompe à chaleur et climatisation,"4,4",-13,Chauffagiste,46 Bd du Roi René,06 51 68 45 49,https://france-es.fr/
https://www.google.com/maps/place/AB+Thermic+49+Pompe+a+chaleur-Climatisation/data=!4m7!3m6!1s0x480879420c8dae6d:0x273b954ed723d993!8m2!3d47.510886!4d-0.615417!16s%2Fg%2F11fvd3_4d_!19sChIJba6NDEJ5CEgRk9kj106VOyc?authuser=0&hl=fr&rclk=1,AB Thermic 49 Pompe a chaleur-Climatisation,"4,9",-49,Chauffagiste,7 Rue Antoine Henri Becquerel BÂTIMENT 3,07 50 64 14 15,https://abthermic.fr/
https://www.google.com/maps/place/A.P.C.C+49+-+Artisan+-+Plomberie+-+Chauffage+-+Climatisation/data=!4m7!3m6!1s0x4fde3c9c88a1ec35:0xf0a5dd6c44420c5e!8m2!3d47.432268!4d-0.5298328!16s%2Fg%2F11smzw9qd5!19sChIJNeyhiJw83k8RXgxCRGzdpfA?authuser=0&hl=fr&rclk=1,A.P.C.C 49 - Artisan - Plomberie - Chauffage - Climatisation,5,-22,Chauffagiste,6 Chem. du Petit Pouillé,07 83 04 06 54,
https://www.google.com/maps/place/Mon+Depann%27Heure/data=!4m7!3m6!1s0x480878e857860833:0xa2cd46c979b66062!8m2!3d47.4744678!4d-0.5537599!16s%2Fg%2F11g0hp17t2!19sChIJMwiGV-h4CEgRYmC2eclGzaI?authuser=0&hl=fr&rclk=1,Mon Depann'Heure,"4,7",-181,Plombier,45 Rue Maillé,02 41 48 98 56,https://www.mondepannheure.fr/?utm_source=gmb
https://www.google.com/maps/place/ENGIE+Home+Services/data=!4m7!3m6!1s0x480879cabbb87a3f:0xcd31b33565416abc!8m2!3d47.4852459!4d-0.5466641!16s%2Fg%2F1vcjlmrv!19sChIJP3q4u8p5CEgRvGpBZTWzMc0?authuser=0&hl=fr&rclk=1,ENGIE Home Services,"4,1",-424,Chauffagiste,·,02 41 66 33 75,https://agence.engie-homeservices.fr/241-engie-home-services-angers-chaufferies?utm_source=gmb
https://www.google.com/maps/place/PARTEDIS+Chauffage+Sanitaire+-+Angers/data=!4m7!3m6!1s0x480878e24c964e05:0xa45d1957b1048180!8m2!3d47.4847973!4d-0.5456074!16s%2Fg%2F1tfch49n!19sChIJBU6WTOJ4CEgRgIEEsVcZXaQ?authuser=0&hl=fr&rclk=1,PARTEDIS Chauffage Sanitaire - Angers,"4,2",-17,Chauffagiste,·,02 41 43 87 54,http://www.partedis.com/agence/angers-chauffage-sanitaire/
https://www.google.com/maps/place/PPF+Angers/data=!4m7!3m6!1s0x480879214aa5e117:0x52ed84c9b630c4d3!8m2!3d47.482304!4d-0.505718!16s%2Fg%2F11kl37f6j0!19sChIJF-GlSiF5CEgR08QwtsmE7VI?authuser=0&hl=fr&rclk=1,PPF Angers,5,-1,Solutions et équipement énergétiques,5 Rue de la Gibaudiére,02 85 52 25 11,https://www.google.com/aclk?sa=L&ai=DChsSEwj-5u7Qvb2UAxWDPAYAHYhKKZgYACICCAEQABoCd3M&co=1&ase=2&gclid=CjwKCAjwq6DQBhBVEiwA4ZD5XCcY3x5vgTDmw6divBbTgKYKdyEhROs7A74xfarpIZGwdcA38jE3hBoC90AQAvD_BwE&cce=2&category=acrcp_v1_32&sig=AOD64_3xCWAm3TnHcF8oLO3AD29rvR9XCg&adurl&q&ctype=99&nis=6
https://www.google.com/maps/place/Chenais+Energie+Angers+-+Granul%C3%A9s+%2F+Bois+%2F+Solaire/data=!4m7!3m6!1s0x48087ff806dd7bfb:0xb008fe8628a3da17!8m2!3d47.468756!4d-0.625109!16s%2Fg%2F11vryz6b91!19sChIJ-3vdBvh_CEgRF9qjKIb-CLA?authuser=0&hl=fr&rclk=1,Chenais Energie Angers - Granulés / Bois / Solaire,5,-13,Magasin de poêles à bois,2 Avenue du Pin,02 53 55 10 73,https://www.google.com/aclk?sa=L&ai=DChsSEwj-5u7Qvb2UAxWDPAYAHYhKKZgYACICCAEQBRoCd3M&co=1&ase=2&gclid=CjwKCAjwq6DQBhBVEiwA4ZD5XBILKAkXqem28YinCGu1u-UzAWKdfrio_LDY1Vj0lIM5Yw-mSgXHCRoCLpsQAvD_BwE&cce=2&category=acrcp_v1_32&sig=AOD64_24by3mbqXneO_sDmGJqd2YOfFABQ&adurl&q&ctype=99&nis=6
https://www.google.com/maps/place/La+Belle+Plomberie+Angevine/data=!4m7!3m6!1s0x8404260c89159751:0xa8377a46989c7820!8m2!3d47.4794893!4d-0.5613892!16s%2Fg%2F11svbskkpv!19sChIJUZcViQwmBIQRIHicmEZ6N6g?authuser=0&hl=fr&rclk=1,La Belle Plomberie Angevine,"4,9",-35,Plombier,28 Bd Daviers,07 63 90 68 80,https://lbpa.fr/
https://www.google.com/maps/place/Sarl+G%C3%A9rign%C3%A9/data=!4m7!3m6!1s0x480878cdae2260eb:0xdf633f5c2ed13351!8m2!3d47.4749692!4d-0.570691!16s%2Fg%2F1wd3vfmy!19sChIJ62Airs14CEgRUTPRLlw_Y98?authuser=0&hl=fr&rclk=1,Sarl Gérigné,"4,3",-41,Chauffagiste,21 Rue Chef de ville,02 41 48 20 84,
https://www.google.com/maps/place/Entreprise+Moresve/data=!4m7!3m6!1s0x4807d6378af71b9d:0x10f1f03f078b5da6!8m2!3d47.4282322!4d-0.541834!16s%2Fg%2F1tx1sl2s!19sChIJnRv3ijfWB0gRpl2LBz_w8RA?authuser=0&hl=fr&rclk=1,Entreprise Moresve,"4,2",-46,Plombier,11 Rue Joseph Cugnot,02 41 66 75 58,https://www.qualit-enr.org/entreprises/entreprise-moresve
https://www.google.com/maps/place/ACE+Anjou+Climatisation+Energie/data=!4m7!3m6!1s0x480879e7ac672fa7:0xddc29e0ed12dee10!8m2!3d47.4802369!4d-0.5206561!16s%2Fg%2F1tghcj8s!19sChIJpy9nrOd5CEgREO4t0Q6ewt0?authuser=0&hl=fr&rclk=1,ACE Anjou Climatisation Energie,"4,9",-43,Service de réparation de systèmes de climatisation,·,02 41 27 03 18,https://www.anjou-climatisation-energie.fr/
https://www.google.com/maps/place/Societe+D+Installations+De+Plomberie+Electricite+Chauffage+Tuyauteries/data=!4m7!3m6!1s0x4807d6204c32986b:0xa3a96d459ff7feff!8m2!3d47.4455607!4d-0.5502306!16s%2Fg%2F11fj21t5pn!19sChIJa5gyTCDWB0gR__73n0VtqaM?authuser=0&hl=fr&rclk=1,Societe D Installations De Plomberie Electricite Chauffage Tuyauteries,3,-3,Plombier,229 Rue du Dr Guichard,,
https://www.google.com/maps/place/France+Plomberie/data=!4m7!3m6!1s0x4807d7eef71591b7:0x6721ea4eb16dba85!8m2!3d47.4818907!4d-0.4998088!16s%2Fg%2F11btmqfffh!19sChIJt5EV9-7XB0gRhbptsU7qIWc?authuser=0&hl=fr&rclk=1,France Plomberie,"4,3",-32,Plombier,Bd de la Romanerie,02 41 69 54 49,
https://www.google.com/maps/place/Loire+Chauffage+Solaire/data=!4m7!3m6!1s0x480879193e108d13:0xd55cfc104f440cd2!8m2!3d47.4769658!4d-0.5101125!16s%2Fg%2F11r112lrzk!19sChIJE40QPhl5CEgR0gxETxD8XNU?authuser=0&hl=fr&rclk=1,Loire Chauffage Solaire,"4,9",-39,Chauffagiste,·,02 41 17 75 22,https://loirechauffagesolaire.fr/
https://www.google.com/maps/place/ATC/data=!4m7!3m6!1s0x4808790e1fd3b0c1:0xfebd351ddba9880c!8m2!3d47.4349566!4d-0.5030482!16s%2Fg%2F11nnf5s5ht!19sChIJwbDTHw55CEgRDIip2x01vf4?authuser=0&hl=fr&rclk=1,ATC,5,-28,Chauffagiste,·,02 41 42 21 23,http://www.atc-sarl.fr/?utm_source=gmb
https://www.google.com/maps/place/La+Belle+Plomberie+Angevine/data=!4m7!3m6!1s0x8404260c89159751:0xa8377a46989c7820!8m2!3d47.4794893!4d-0.5613892!16s%2Fg%2F11svbskkpv!19sChIJUZcViQwmBIQRIHicmEZ6N6g?authuser=0&hl=fr&rclk=1,La Belle Plomberie Angevine,"4,9",-35,Plombier,28 Bd Daviers,07 63 90 68 80,https://lbpa.fr/
https://www.google.com/maps/place/Sarl+G%C3%A9rign%C3%A9/data=!4m7!3m6!1s0x480878cdae2260eb:0xdf633f5c2ed13351!8m2!3d47.4749692!4d-0.570691!16s%2Fg%2F1wd3vfmy!19sChIJ62Airs14CEgRUTPRLlw_Y98?authuser=0&hl=fr&rclk=1,Sarl Gérigné,"4,3",-41,Chauffagiste,21 Rue Chef de ville,02 41 48 20 84,
https://www.google.com/maps/place/Entreprise+Moresve/data=!4m7!3m6!1s0x4807d6378af71b9d:0x10f1f03f078b5da6!8m2!3d47.4282322!4d-0.541834!16s%2Fg%2F1tx1sl2s!19sChIJnRv3ijfWB0gRpl2LBz_w8RA?authuser=0&hl=fr&rclk=1,Entreprise Moresve,"4,2",-46,Plombier,11 Rue Joseph Cugnot,02 41 66 75 58,https://www.qualit-enr.org/entreprises/entreprise-moresve
https://www.google.com/maps/place/ACE+Anjou+Climatisation+Energie/data=!4m7!3m6!1s0x480879e7ac672fa7:0xddc29e0ed12dee10!8m2!3d47.4802369!4d-0.5206561!16s%2Fg%2F1tghcj8s!19sChIJpy9nrOd5CEgREO4t0Q6ewt0?authuser=0&hl=fr&rclk=1,ACE Anjou Climatisation Energie,"4,9",-43,Service de réparation de systèmes de climatisation,·,02 41 27 03 18,https://www.anjou-climatisation-energie.fr/
https://www.google.com/maps/place/Societe+D+Installations+De+Plomberie+Electricite+Chauffage+Tuyauteries/data=!4m7!3m6!1s0x4807d6204c32986b:0xa3a96d459ff7feff!8m2!3d47.4455607!4d-0.5502306!16s%2Fg%2F11fj21t5pn!19sChIJa5gyTCDWB0gR__73n0VtqaM?authuser=0&hl=fr&rclk=1,Societe D Installations De Plomberie Electricite Chauffage Tuyauteries,3,-3,Plombier,229 Rue du Dr Guichard,,
https://www.google.com/maps/place/France+Plomberie/data=!4m7!3m6!1s0x4807d7eef71591b7:0x6721ea4eb16dba85!8m2!3d47.4818907!4d-0.4998088!16s%2Fg%2F11btmqfffh!19sChIJt5EV9-7XB0gRhbptsU7qIWc?authuser=0&hl=fr&rclk=1,France Plomberie,"4,3",-32,Plombier,Bd de la Romanerie,02 41 69 54 49,
https://www.google.com/maps/place/Loire+Chauffage+Solaire/data=!4m7!3m6!1s0x480879193e108d13:0xd55cfc104f440cd2!8m2!3d47.4769658!4d-0.5101125!16s%2Fg%2F11r112lrzk!19sChIJE40QPhl5CEgR0gxETxD8XNU?authuser=0&hl=fr&rclk=1,Loire Chauffage Solaire,"4,9",-39,Chauffagiste,·,02 41 17 75 22,https://loirechauffagesolaire.fr/
https://www.google.com/maps/place/ATC/data=!4m7!3m6!1s0x4808790e1fd3b0c1:0xfebd351ddba9880c!8m2!3d47.4349566!4d-0.5030482!16s%2Fg%2F11nnf5s5ht!19sChIJwbDTHw55CEgRDIip2x01vf4?authuser=0&hl=fr&rclk=1,ATC,5,-28,Chauffagiste,·,02 41 42 21 23,http://www.atc-sarl.fr/?utm_source=gmb
https://www.google.com/maps/place/Bicycl%27eau+Angers+-+Votre+plombier+%C3%A0+v%C3%A9lo+%28d%C3%A9pannage+et+installation%29/data=!4m7!3m6!1s0x25030197c7fa8b5:0x36123c1b3675e193!8m2!3d47.4713371!4d-0.5235602!16s%2Fg%2F11lcq2mnrx!19sChIJtah_fBkwUAIRk-F1Nhs8EjY?authuser=0&hl=fr&rclk=1,Bicycl'eau Angers - Votre plombier à vélo (dépannage et installation),5,-94,Plombier,"Ateliers partagés Pepina, 6 Rue Guillaume Lekeu",06 51 78 29 23,http://www.angers.bicycleau.fr/
https://www.google.com/maps/place/Hurricane+D%C3%A9veloppement+Durable/data=!4m7!3m6!1s0x48087e863b9988f5:0x2489676a83f8404a!8m2!3d47.5168936!4d-0.6119767!16s%2Fg%2F11rcl9xzcs!19sChIJ9YiZO4Z-CEgRSkD4g2pniSQ?authuser=0&hl=fr&rclk=1,Hurricane Développement Durable,"3,1",-61,Chauffagiste,·,02 41 23 67 15,https://www.hurricane-developpementdurable.fr/
https://www.google.com/maps/place/PACT%27ISO+-+Pompe+%C3%A0+chaleur+49/data=!4m7!3m6!1s0x480879c522830651:0x5ee5459a75552253!8m2!3d47.4927002!4d-0.494578!16s%2Fg%2F11jl37l_t_!19sChIJUQaDIsV5CEgRUyJVdZpF5V4?authuser=0&hl=fr&rclk=1,PACT'ISO - Pompe à chaleur 49,"4,5",-54,Chauffagiste,·,02 41 09 39 99,
https://www.google.com/maps/place/Proxiserve/data=!4m7!3m6!1s0x480878e8c5ebad6b:0xee7ff0c188bafebb!8m2!3d47.4787956!4d-0.521575!16s%2Fg%2F11b6d2pw17!19sChIJa63rxeh4CEgRu_66iMHwf-4?authuser=0&hl=fr&rclk=1,Proxiserve,"1,9",-289,Chauffagiste,·,02 72 79 40 70,https://www.proxiserve.fr/agence/l/angers/18-boulevard-gaston-birge/4072252
https://www.google.com/maps/place/PETITEAU/data=!4m7!3m6!1s0x48087838abd1850d:0x1754038fbce444d5!8m2!3d47.4753661!4d-0.5056607!16s%2Fg%2F1tdc95jm!19sChIJDYXRqzh4CEgR1UTkvI8DVBc?authuser=0&hl=fr&rclk=1,PETITEAU,"4,6",-53,Chauffagiste,5 Rue du Patis,02 41 31 22 40,https://www.petiteau-angers.fr/
https://www.google.com/maps/place/Atrium+Energy/data=!4m7!3m6!1s0x4044436d0cbbe01:0xc01efb158a04082f!8m2!3d47.4777673!4d-0.5138977!16s%2Fg%2F11vhfwv2d7!19sChIJAb7L0DZEBAQRLwgEihX7HsA?authuser=0&hl=fr&rclk=1,Atrium Energy,"4,9",-38,Chauffagiste,·,06 95 88 69 63,
https://www.google.com/maps/place/Electricit%C3%A9+Plomberie+Chauffage+-+GS+Climatech/data=!4m7!3m6!1s0x29f14f5ea7072a21:0x9bfedf211c8e5be7!8m2!3d47.5065163!4d-0.5175805!16s%2Fg%2F11v_0cwjnp!19sChIJISoHp15P8SkR51uOHCHf_ps?authuser=0&hl=fr&rclk=1,Electricité Plomberie Chauffage - GS Climatech,5,-209,Chauffagiste,·,06 30 01 38 51,
https://www.google.com/maps/place/Cesbron+et+Fils/data=!4m7!3m6!1s0x4808792d534e58f7:0x204825b4dcf40ce1!8m2!3d47.4480645!4d-0.5864126!16s%2Fg%2F11k0kgxx68!19sChIJ91hOUy15CEgR4Qz03LQlSCA?authuser=0&hl=fr&rclk=1,Cesbron et Fils,"4,4",-14,Plombier,·,02 41 43 60 73,
https://www.google.com/maps/place/Acti+Chauffage/data=!4m7!3m6!1s0x4807d7e8cf0988c9:0xa74e47fecac3082e!8m2!3d47.4361244!4d-0.505045!16s%2Fg%2F1vn17xq4!19sChIJyYgJz-jXB0gRLgjDyv5HTqc?authuser=0&hl=fr&rclk=1,Acti Chauffage,"2,3",-12,Chauffagiste,3 Rue Paul Pousset,02 41 33 80 00,http://www.actichauffage.fr/
https://www.google.com/maps/place/ABC+Plomberie/data=!4m7!3m6!1s0x4807d673a2b58e27:0x99691243e9b2d0ee!8m2!3d47.425003!4d-0.5656228!16s%2Fg%2F11f62h0zr0!19sChIJJ461onPWB0gR7tCy6UMSaZk?authuser=0&hl=fr&rclk=1,ABC Plomberie,"3,7",-26,Plombier,16 Rue des Métiers,02 41 44 40 81,https://abcplomberie.com/
https://www.google.com/maps/place/Goupil+Sarl/data=!4m7!3m6!1s0x48087e88a1cc5523:0xc9e5cedbe7dcf7!8m2!3d47.5160586!4d-0.611371!16s%2Fg%2F11ghpp5nq9!19sChIJI1XMoYh-CEgR99zn287lyQA?authuser=0&hl=fr&rclk=1,Goupil Sarl,"4,4",-37,Chauffagiste,·,02 41 69 22 63,http://www.goupil-chauffage.fr/
https://www.google.com/maps/place/Les+Gars+des+Eaux/data=!4m7!3m6!1s0x4808793d83ef7c17:0x735dfdd15fcc310c!8m2!3d47.4631993!4d-0.5394221!16s%2Fg%2F11rbyjm45q!19sChIJF3zvgz15CEgRDDHMX9H9XXM?authuser=0&hl=fr&rclk=1,Les Gars des Eaux,"4,5",-46,Plombier,21 Rue Bourgonnier,09 70 72 39 73,https://www.lesgarsdeseaux.com/agence/solution-degats-des-eaux-maine-et-loire-49
https://www.google.com/maps/place/Cesbron+et+Fils/data=!4m7!3m6!1s0x4808792d534e58f7:0x204825b4dcf40ce1!8m2!3d47.4480645!4d-0.5864126!16s%2Fg%2F11k0kgxx68!19sChIJ91hOUy15CEgR4Qz03LQlSCA?authuser=0&hl=fr&rclk=1,Cesbron et Fils,"4,4",-14,Plombier,·,02 41 43 60 73,
https://www.google.com/maps/place/Acti+Chauffage/data=!4m7!3m6!1s0x4807d7e8cf0988c9:0xa74e47fecac3082e!8m2!3d47.4361244!4d-0.505045!16s%2Fg%2F1vn17xq4!19sChIJyYgJz-jXB0gRLgjDyv5HTqc?authuser=0&hl=fr&rclk=1,Acti Chauffage,"2,3",-12,Chauffagiste,3 Rue Paul Pousset,02 41 33 80 00,http://www.actichauffage.fr/
https://www.google.com/maps/place/ABC+Plomberie/data=!4m7!3m6!1s0x4807d673a2b58e27:0x99691243e9b2d0ee!8m2!3d47.425003!4d-0.5656228!16s%2Fg%2F11f62h0zr0!19sChIJJ461onPWB0gR7tCy6UMSaZk?authuser=0&hl=fr&rclk=1,ABC Plomberie,"3,7",-26,Plombier,16 Rue des Métiers,02 41 44 40 81,https://abcplomberie.com/
https://www.google.com/maps/place/Goupil+Sarl/data=!4m7!3m6!1s0x48087e88a1cc5523:0xc9e5cedbe7dcf7!8m2!3d47.5160586!4d-0.611371!16s%2Fg%2F11ghpp5nq9!19sChIJI1XMoYh-CEgR99zn287lyQA?authuser=0&hl=fr&rclk=1,Goupil Sarl,"4,4",-37,Chauffagiste,·,02 41 69 22 63,http://www.goupil-chauffage.fr/
https://www.google.com/maps/place/Les+Gars+des+Eaux/data=!4m7!3m6!1s0x4808793d83ef7c17:0x735dfdd15fcc310c!8m2!3d47.4631993!4d-0.5394221!16s%2Fg%2F11rbyjm45q!19sChIJF3zvgz15CEgRDDHMX9H9XXM?authuser=0&hl=fr&rclk=1,Les Gars des Eaux,"4,5",-46,Plombier,21 Rue Bourgonnier,09 70 72 39 73,https://www.lesgarsdeseaux.com/agence/solution-degats-des-eaux-maine-et-loire-49
https://www.google.com/maps/place/Atout+Service/data=!4m7!3m6!1s0x480878cec174dc69:0x62f88199d53b71a6!8m2!3d47.473105!4d-0.566785!16s%2Fg%2F1tfkvpr8!19sChIJadx0wc54CEgRpnE71ZmB-GI?authuser=0&hl=fr&rclk=1,Atout Service,"3,8",-29,Plombier,27 Bd Gaston Dumesnil,02 41 86 17 77,https://www.atoutservice-angers.com/
https://www.google.com/maps/place/ROBINET+STEPHANE+-+Electricien+-+Plombier+-+Chauffagiste/data=!4m7!3m6!1s0x48087875a1218389:0x30d8f04458c8fc78!8m2!3d47.4379444!4d-0.5355859!16s%2Fg%2F11c586gtpw!19sChIJiYMhoXV4CEgRePzIWETw2DA?authuser=0&hl=fr&rclk=1,ROBINET STEPHANE - Electricien - Plombier - Chauffagiste,"4,4",-53,Chauffagiste,16 Chem. des Grandes Maisons,02 41 44 96 26,https://www.facebook.com/p/Robinet-Stephane-100066797825892/?utm_medium=referral&utm_source=gmb&utm_campaign=lnk-gmb
https://www.google.com/maps/place/EFFICIENCE/data=!4m7!3m6!1s0x48087954b9a4edb1:0x9b624294de50b323!8m2!3d47.510015!4d-0.499232!16s%2Fg%2F11n1l4p75w!19sChIJse2kuVR5CEgRI7NQ3pRCYps?authuser=0&hl=fr&rclk=1,EFFICIENCE,5,-7,Chauffagiste,1 route de la planche,02 52 60 02 37,http://www.efficience-chauffage.com/
https://www.google.com/maps/place/ANJOU+TFP+PLOMBERIE/data=!4m7!3m6!1s0x4807d5a107e4bcbf:0x3d34288c1a2c7176!8m2!3d47.4253072!4d-0.610347!16s%2Fg%2F11b6c9ntyj!19sChIJv7zkB6HVB0gRdnEsGowoND0?authuser=0&hl=fr&rclk=1,ANJOU TFP PLOMBERIE,"4,8",-77,Chauffagiste,2 Imp. de la Bayotière,06 23 46 76 22,https://www.anjou-tfp-plomberie.fr/
https://www.google.com/maps/place/Moreno+Et+Fils+SARL/data=!4m7!3m6!1s0x480870b226405a4b:0x9b6cb7ce984ba39c!8m2!3d47.5292963!4d-0.4799279!16s%2Fg%2F1tfr9krz!19sChIJS1pAJrJwCEgRnKNLmM63bJs?authuser=0&hl=fr&rclk=1,Moreno Et Fils SARL,"3,5",-11,Chauffagiste,·,02 41 76 84 65,http://www.chauffagiste-angers.com/climatisation-angers
https://www.google.com/maps/place/Lin%27ergie+%28+Sp%C3%A9cialise+Pompes+%C3%A0+chaleur+air%2Feau+-+air%2Fair+%29/data=!4m7!3m6!1s0x480879c5739dced9:0x5ed13bb3a6cceff7!8m2!3d47.4173067!4d-0.8544096!16s%2Fg%2F11pvctgb92!19sChIJ2c6dc8V5CEgR9-_MprM70V4?authuser=0&hl=fr&rclk=1,Lin'ergie ( Spécialise Pompes à chaleur air/eau - air/air ),"4,5",-16,Chauffagiste,·,06 13 72 30 47,https://lin-ergie.fr/?utm_source=gmb
https://www.google.com/maps/place/Ambiances+Flammes+Magasin+de+Po%C3%AAles-Chemin%C3%A9es+%C3%A0+Angers/data=!4m7!3m6!1s0x4807d7e5c0318b0f:0xb47204e0abb7eb!8m2!3d47.4292037!4d-0.5419617!16s%2Fg%2F1tctl52h!19sChIJD4sxwOXXB0gR67er4ARytAA?authuser=0&hl=fr&rclk=1,Ambiances Flammes Magasin de Poêles-Cheminées à Angers,"4,8",-661,Fournisseur d'équipements de chauffage,·,02 72 73 11 77,https://www.ambiances-flammes.fr/?utm_source=Gmb&utm_medium=google&utm_campaign=gmb-angers
https://www.google.com/maps/place/Terra+Nova/data=!4m7!3m6!1s0x480879c179ce8ac3:0xb9751bb319f3748f!8m2!3d47.5041612!4d-0.5074612!16s%2Fg%2F11gzpw52y0!19sChIJw4rOecF5CEgRj3TzGbMbdbk?authuser=0&hl=fr&rclk=1,Terra Nova,"4,3",-138,Chauffagiste,Rte de la Confluence,0 800 71 78 97,https://terranova-france.fr/
https://www.google.com/maps/place/Bellanger+Christophe/data=!4m7!3m6!1s0x480878f533f16309:0xf4f9856a9cc363a!8m2!3d47.4676554!4d-0.5336444!16s%2Fg%2F1w96g3k2!19sChIJCWPxM_V4CEgROjbMqVaYTw8?authuser=0&hl=fr&rclk=1,Bellanger Christophe,"3,9",-15,Poste électrique,10 Rue Diderot,02 41 88 39 25,http://www.sa-bellanger.com/?utm_source=gmb
"https://www.google.com/maps/place/ABELARD+Angers,+Sp%C3%A9cialiste+po%C3%AAles+%C3%A0+bois,+pellets+%26+inserts+scandinaves/data=!4m7!3m6!1s0x480878e8608fbdf9:0x18c2b895b94cdced!8m2!3d47.4877609!4d-0.5459486!16s%2Fg%2F1tf5d3nm!19sChIJ-b2PYOh4CEgR7dxMuZW4whg?authuser=0&hl=fr&rclk=1","ABELARD Angers, Spécialiste poêles à bois, pellets & inserts scandinaves","4,7",-153,Magasin de poêles à bois,·,02 41 48 10 96,https://www.abelard-angers.fr/
https://www.google.com/maps/place/Les+plombiers+d%C3%A9boucheurs/data=!4m7!3m6!1s0x843fa9f147dac07f:0xb681f605aa9c9427!8m2!3d47.4398534!4d-0.5270731!16s%2Fg%2F11l36qvtm8!19sChIJf8DaR_GpP4QRJ5ScqgX2gbY?authuser=0&hl=fr&rclk=1,Les plombiers déboucheurs,"4,9",-248,Plombier,60 Rue du 11 Novembre,07 44 78 44 28,https://lesplombiersdeboucheurs.com/
https://www.google.com/maps/place/IK+ENERGIE/data=!4m7!3m6!1s0x48087fe5cca7d579:0xc5e4708f3bc583bd!8m2!3d47.437402!4d-0.5065233!16s%2Fg%2F11px2c22kj!19sChIJedWnzOV_CEgRvYPFO49w5MU?authuser=0&hl=fr&rclk=1,IK ENERGIE,5,-9,Chauffagiste,·,06 18 70 65 04,http://www.ik-energie.fr/
https://www.google.com/maps/place/Solutions+%C3%89nergies/data=!4m7!3m6!1s0x4808792ac0d960c9:0xf642bf4e19871c30!8m2!3d47.5068633!4d-0.5113341!16s%2Fg%2F11p_1skx0l!19sChIJyWDZwCp5CEgRMByHGU6_QvY?authuser=0&hl=fr&rclk=1,Solutions Énergies,5,-80,Entrepreneur spécialisé dans l'isolation,·,02 41 35 95 59,https://soenergies-france.fr/
https://www.google.com/maps/place/Ipec/data=!4m7!3m6!1s0x48087800af2a74d3:0x5af451fd17ada2c6!8m2!3d47.4396781!4d-0.5094698!16s%2Fg%2F11gy1bbt24!19sChIJ03QqrwB4CEgRxqKtF_1R9Fo?authuser=0&hl=fr&rclk=1,Ipec,"4,7",-53,Chauffagiste,14 Chem. de la Petite Perrière,02 41 24 78 70,https://www.ipec-energies.fr/
https://www.google.com/maps/place/Chevreul+Electricit%C3%A9+et+Plomberie/data=!4m7!3m6!1s0x4808795d10a0dc5d:0x7e233f54f5dd0016!8m2!3d47.4577649!4d-0.5517703!16s%2Fg%2F11y137p814!19sChIJXdygEF15CEgRFgDd9VQ_I34?authuser=0&hl=fr&rclk=1,Chevreul Electricité et Plomberie,5,-1,Plombier,72 Rue Dupetit Thouars,02 41 44 49 70,https://chevreul-electricien-angers.fr/
https://www.google.com/maps/place/Entreprise+Mah%C3%A9+SARL/data=!4m7!3m6!1s0x480878c59472ced5:0xcb7f4f38f3792b62!8m2!3d47.4921097!4d-0.5718466!16s%2Fg%2F11d_pv5fr3!19sChIJ1c5ylMV4CEgRYit58zhPf8s?authuser=0&hl=fr&rclk=1,Entreprise Mahé SARL,"4,7",-43,Chauffagiste,140 Rue Renée,02 41 87 60 52,http://www.entreprise-mahe.com/?utm_source=gmb
https://www.google.com/maps/place/ANJOU+GLOBAL+installateur+Pompe+%C3%A0+chaleur/data=!4m7!3m6!1s0xa27176c315568abb:0xfb569cb610dbcfcf!8m2!3d47.4670454!4d-0.5553259!16s%2Fg%2F11l354p7dg!19sChIJu4pWFcN2caIRz8_bELacVvs?authuser=0&hl=fr&rclk=1,ANJOU GLOBAL installateur Pompe à chaleur,5,-3,Chauffagiste,46 Bd du Roi René,02 59 66 01 02,https://anjouglobal.fr/pompe-a-chaleur/
https://www.google.com/maps/place/D%C3%A9sembouage+49/data=!4m7!3m6!1s0xb3d55b5c80ca3b1:0x3ffa934a170f0ef3!8m2!3d47.4988834!4d-0.5802396!16s%2Fg%2F11lz3fvbn2!19sChIJsaMMyLVVPQsR8w4PF0qT-j8?authuser=0&hl=fr&rclk=1,Désembouage 49,5,-8,Chauffagiste,Av. Maurice Mailfert,07 44 41 57 57,https://desembouage49.fr/
https://www.google.com/maps/place/SA+BT+plomberie+chauffage+%C3%A9lectricit%C3%A9/data=!4m7!3m6!1s0x4805ecab68013c71:0x65724dc2067b68d7!8m2!3d47.4173067!4d-0.8544096!16s%2Fg%2F11hb2qf441!19sChIJcTwBaKvsBUgR12h7BsJNcmU?authuser=0&hl=fr&rclk=1,SA BT plomberie chauffage électricité,"4,9",-63,Chauffagiste,·,07 83 88 25 25,http://www.bt-plomberie.fr/
https://www.google.com/maps/place/Repartim/data=!4m7!3m6!1s0x48087feee58d3c7f:0xb99d342a1ec96b96!8m2!3d47.4630023!4d-0.6224399!16s%2Fg%2F1v44dc03!19sChIJfzyN5e5_CEgRlmvJHio0nbk?authuser=0&hl=fr&rclk=1,Repartim,"3,6",-71,Plombier,·,09 70 82 48 23,https://www.repartim.fr/agences/angers/?utm_campaign=gmb_angers&utm_medium=organic+search&utm_source=local
https://www.google.com/maps/place/Anjou+Maitrise+Plomberie/data=!4m7!3m6!1s0x4e6339837c2bc477:0xc312b6a22aca9836!8m2!3d47.3894391!4d-0.559822!16s%2Fg%2F11z3z91b9l!19sChIJd8QrfIM5Y04RNpjKKqK2EsM?authuser=0&hl=fr&rclk=1,Anjou Maitrise Plomberie,5,-28,Plombier,·,06 07 17 36 84,https://anjou-mp.fr/
https://www.google.com/maps/place/Homelio/data=!4m7!3m6!1s0x4808745b1c0d052f:0xdf4f7bd5c80298d1!8m2!3d47.4712581!4d-0.5117826!16s%2Fg%2F11h40z22n4!19sChIJLwUNHFt0CEgR0ZgCyNV7T98?authuser=0&hl=fr&rclk=1,Homelio,"4,8",-24,Chauffagiste,18 Rue du Chêne Vert,02 41 45 50 76,http://www.homelio.fr/
https://www.google.com/maps/place/Mbci/data=!4m7!3m6!1s0x480864ba672087cf:0xb404eb60ea0d6659!8m2!3d47.4360255!4d-0.5065341!16s%2Fg%2F11btmr8dg7!19sChIJz4cgZ7pkCEgRWWYN6mDrBLQ?authuser=0&hl=fr&rclk=1,Mbci,5,-2,Chauffagiste,13 Rue Paul Pousset,02 41 25 13 38,http://www.mbci.fr/
https://www.google.com/maps/place/Homestia/data=!4m7!3m6!1s0x48087f70610fbe89:0x64472bb29d7b7bf7!8m2!3d47.472514!4d-0.6104408!16s%2Fg%2F11h4xr5y3f!19sChIJib4PYXB_CEgR93t7nbIrR2Q?authuser=0&hl=fr&rclk=1,Homestia,5,-13,Service de réparation de systèmes de climatisation,·,02 41 72 67 38,https://www.jcmconfort.fr/qui-sommes-nous/homestia?utm_source=gmb&utm_medium=organic
"https://www.google.com/maps/place/Po%C3%AAle,+insert,+chaudi%C3%A8re+-+MJ+Po%C3%AAle+Angers/data=!4m7!3m6!1s0x480879aed0ec793b:0x545e612451c0c339!8m2!3d47.4755669!4d-0.5203582!16s%2Fg%2F11fpgh0v8q!19sChIJO3ns0K55CEgROcPAUSRhXlQ?authuser=0&hl=fr&rclk=1","Poêle, insert, chaudière - MJ Poêle Angers","4,6",-286,Magasin de poêles à bois,·,02 43 96 86 55,https://mj-poele.fr/
https://www.google.com/maps/place/IVIGO+TRAVAUX/data=!4m7!3m6!1s0x480879853274acd7:0x64f9f587ee16415e!8m2!3d47.4916325!4d-0.5032283!16s%2Fg%2F11vspjw54v!19sChIJ16x0MoV5CEgRXkEW7of1-WQ?authuser=0&hl=fr&rclk=1,IVIGO TRAVAUX,"4,7",-12,Travaux généraux,1 Rue Rose Red Naomi,06 41 35 90 81,
https://www.google.com/maps/place/ENGIE+Home+Services/data=!4m7!3m6!1s0x48087f91195462a1:0x86a52d561edc481a!8m2!3d47.461954!4d-0.6243568!16s%2Fg%2F1tff2dx2!19sChIJoWJUGZF_CEgRGkjcHlYtpYY?authuser=0&hl=fr&rclk=1,ENGIE Home Services,"3,6",-196,Chauffagiste,·,02 41 22 99 77,https://agence.engie-homeservices.fr/108-engie-home-services-beaucouze?utm_source=gmb
https://www.google.com/maps/place/MDB+Fast/data=!4m7!3m6!1s0x48087e91592563b3:0xa045d1e57247cca7!8m2!3d47.510886!4d-0.615417!16s%2Fg%2F1tg34ls3!19sChIJs2MlWZF-CEgRp8xHcuXRRaA?authuser=0&hl=fr&rclk=1,MDB Fast,"4,1",-9,Plombier,7 Rue Antoine Henri Becquerel,02 41 32 70 70,
https://www.google.com/maps/place/Adeq%27Watt+-+Plomberie+-+Chauffage+-+Salle+de+Bain/data=!4m7!3m6!1s0x4807d7d319f47f1b:0xba910a206d04cfad!8m2!3d47.4410127!4d-0.5299704!16s%2Fg%2F11cs3ymc7p!19sChIJG3_0GdPXB0gRrc8EbSAKkbo?authuser=0&hl=fr&rclk=1,Adeq'Watt - Plomberie - Chauffage - Salle de Bain,5,-1,Service de restauration de bâtiments,6 Rue Paul Valéry,02 41 78 48 07,https://www.adeqwatt.fr/
https://www.google.com/maps/place/S.A.K+PLOMBERIE/data=!4m7!3m6!1s0x8ee1c8a5b946a8df:0x7cbbe538f621a64d!8m2!3d47.9348535!4d-2.1123032!16s%2Fg%2F11l2h11634!19sChIJ36hGuaXI4Y4RTaYh9jjlu3w?authuser=0&hl=fr&rclk=1,S.A.K PLOMBERIE,5,-16,Plombier,·,06 46 06 00 40,https://www.sakplomberie.fr/
https://www.google.com/maps/place/Cap+Industrie/data=!4m7!3m6!1s0x4808788bd96eb15d:0x54c8036ad8c3ce61!8m2!3d47.4628278!4d-0.5357569!16s%2Fg%2F11btltdjqm!19sChIJXbFu2Yt4CEgRYc7D2GoDyFQ?authuser=0&hl=fr&rclk=1,Cap Industrie,,,Entrepreneur spécialisé dans les systèmes de CVC,128 Rue Saint-Léonard,09 72 61 96 24,http://capindustrie.com/
https://www.google.com/maps/place/Bruce+Barelly+plomberie+et+chauffage/data=!4m7!3m6!1s0x4807d770113b5d97:0x360f6d3b3e4d80e4!8m2!3d47.481896!4d-0.5629347!16s%2Fg%2F11h2p60717!19sChIJl107EXDXB0gR5IBNPjttDzY?authuser=0&hl=fr&rclk=1,Bruce Barelly plomberie et chauffage,5,-93,Chauffagiste,·,06 37 17 37 74,
https://www.google.com/maps/place/A+L%27EAU+BATI+PLOMBERIE/data=!4m7!3m6!1s0x480879eedbfeecd1:0x1dcc2a42cee73ba6!8m2!3d47.448927!4d-0.5600903!16s%2Fg%2F11r10d9405!19sChIJ0ez-2-55CEgRpjvnzkIqzB0?authuser=0&hl=fr&rclk=1,A L'EAU BATI PLOMBERIE,"4,4",-21,Plombier,"23 avenue Winston Churchill, 23 Sq. Winston Churchill",06 42 73 45 60,
https://www.google.com/maps/place/Avenir+R%C3%A9novations+Le+Mans+-+Mulsanne+%2872%29/data=!4m7!3m6!1s0x47e28f34978f81a5:0x5083d608392a8ae!8m2!3d48.00281!4d0.194871!16s%2Fg%2F11rz7gvmmk!19sChIJpYGPlzSP4kcRrqiSg2A9CAU?authuser=0&hl=fr&rclk=1,Avenir Rénovations Le Mans - Mulsanne (72),"4,7",-29,Travaux généraux,5 Rue de Constantine,02 49 88 12 19,https://www.google.com/aclk?sa=L&ai=DChsSEwiior79vb2UAxWaZUECHZ0UIoIYACICCAEQABoCd3M&co=1&ase=2&gclid=CjwKCAjwq6DQBhBVEiwA4ZD5XOBGh846kP7eSWY5K_YjWVzU7jLbNEBRukGNJm0FeawdjRDXRSiGlBoCcGQQAvD_BwE&cce=2&category=acrcp_v1_32&sig=AOD64_1JynuSdZwTI3D1x2dOCVJknkx3rw&adurl&q&ctype=99&nis=6
https://www.google.com/maps/place/ECL+Lambert+-+Traitement+de+l%27eau/data=!4m7!3m6!1s0x47e28f7404a175a1:0x848687fc664cd51e!8m2!3d47.950896!4d0.232054!16s%2Fg%2F11jp705c_2!19sChIJoXWhBHSP4kcRHtVMZvyHhoQ?authuser=0&hl=fr&rclk=1,ECL Lambert - Traitement de l'eau,5,-303,Fournisseur d'équipements pour l'adoucissement de l'eau,Route du Petit Bel Oeuvre,06 30 24 84 37,https://www.google.com/aclk?sa=L&ai=DChsSEwiior79vb2UAxWaZUECHZ0UIoIYACICCAEQARoCd3M&co=1&ase=2&gclid=CjwKCAjwq6DQBhBVEiwA4ZD5XO8aZE9kcmeveumYhcNmdZFiMzgei5_6-uFd0hgD9s-TgGi_ZtlKqxoC9EUQAvD_BwE&cce=2&category=acrcp_v1_32&sig=AOD64_3D2F8ueruoX0VVbsrUoC1YfDMPaA&adurl&q&ctype=99&nis=6
https://www.google.com/maps/place/Garanka+Plombier+Chauffagiste+Le+Mans/data=!4m7!3m6!1s0x47e28f497289cedd:0x51985b698bb1ce4a!8m2!3d47.9947091!4d0.1835365!16s%2Fg%2F1tg4_qg0!19sChIJ3c6JckmP4kcRSs6xi2lbmFE?authuser=0&hl=fr&rclk=1,Garanka Plombier Chauffagiste Le Mans,3,-397,Chauffagiste,·,02 43 28 28 31,https://www.garanka.fr/agences/garanka-le-mans/?utm_source=Yext&utm_medium=GMB&y_source=1_MTU2OTk3MTYtNzE1LWxvY2F0aW9uLndlYnNpdGU%3D
https://www.google.com/maps/place/Chauffagiste+Le+Mans+%7C+Confort+%C3%A9nergie+concept/data=!4m7!3m6!1s0x47e289afb927c679:0xb8651761440b19cc!8m2!3d48.0318892!4d0.1723712!16s%2Fg%2F11l80zk5h2!19sChIJecYnua-J4kcRzBkLRGEXZbg?authuser=0&hl=fr&rclk=1,Chauffagiste Le Mans | Confort énergie concept,"4,1",-20,Chauffagiste,·,02 43 24 59 79,https://www.confortenergieconcept.fr/
https://www.google.com/maps/place/Radj+Entreprise/data=!4m7!3m6!1s0x47e28708229c3d8f:0xf962ce8f1e7d88f7!8m2!3d48.0364028!4d1.0320278!16s%2Fg%2F11ldw2n_s6!19sChIJjz2cIgiH4kcR94h9Ho_OYvk?authuser=0&hl=fr&rclk=1,Radj Entreprise,5,-191,Plombier,·,07 68 93 19 78,https://www.radjdepanneur.fr/
https://www.google.com/maps/place/LH+DEPANNAGE/data=!4m7!3m6!1s0x47e28f3196bd3ee7:0x6cf4e41ae72a041c!8m2!3d48.0129442!4d0.1544759!16s%2Fg%2F11g9f3y70v!19sChIJ5z69ljGP4kcRHAQq5xrk9Gw?authuser=0&hl=fr&rclk=1,LH DEPANNAGE,"3,6",-63,Chauffagiste,13 Rue Hector Berlioz,02 43 14 22 22,https://www.lhdepannage.fr/
https://www.google.com/maps/place/Atelier+Jourdain+Gauer+Plomberie+Chauffage+Sanitaire+D%C3%A9pannage+R%C3%A9novation/data=!4m7!3m6!1s0x47e288d38580e1e5:0xff445db89a45f952!8m2!3d48.003902!4d0.2019959!16s%2Fg%2F11c17mgf4b!19sChIJ5eGAhdOI4kcRUvlFmrhdRP8?authuser=0&hl=fr&rclk=1,Atelier Jourdain Gauer Plomberie Chauffage Sanitaire Dépannage Rénovation,"4,9",-72,Chauffagiste,·,06 35 56 23 65,http://gauer-renovation.fr/
https://www.google.com/maps/place/A%C3%A9ro+Solutions/data=!4m7!3m6!1s0x47e2861f40357fb1:0xadaf8dee2aa76761!8m2!3d48.0250164!4d0.1782778!16s%2Fg%2F11c584yg8j!19sChIJsX81QB-G4kcRYWenKu6Nr60?authuser=0&hl=fr&rclk=1,Aéro Solutions,"4,8",-200,Chauffagiste,·,02 43 25 68 47,https://www.aero-solutions72.com/
https://www.google.com/maps/place/Plumas+SAS/data=!4m7!3m6!1s0x47e2861070655555:0x23e5fcb5b9844b07!8m2!3d48.012623!4d0.155189!16s%2Fg%2F11hbbq2mlm!19sChIJVVVlcBCG4kcRB0uEubX85SM?authuser=0&hl=fr&rclk=1,Plumas SAS,"4,6",-39,Chauffagiste,21 Rue Hector Berlioz,02 43 28 43 55,http://www.plumas.fr/
https://www.google.com/maps/place/L%27Artizan/data=!4m7!3m6!1s0x47e2890cdb395037:0x8934f9cdcbd3f35!8m2!3d48.0113!4d0.1917547!16s%2Fg%2F11qg59sq0t!19sChIJN1A52wyJ4kcRNT-93JxPkwg?authuser=0&hl=fr&rclk=1,L'Artizan,5,-59,Plombier,53 Rue Voltaire,06 26 79 02 47,http://www.lartizan.fr/
https://www.google.com/maps/place/EDI+-+Chauffage+%26+Climatisation+-+D%C3%A9pannage+-+Installation/data=!4m7!3m6!1s0x47f46ebea00bf1e5:0xc4fc657a913d56b8!8m2!3d48.0203798!4d0.1671703!16s%2Fg%2F11tjmrcwv1!19sChIJ5fELoL5u9EcRuFY9kXpl_MQ?authuser=0&hl=fr&rclk=1,EDI - Chauffage & Climatisation - Dépannage - Installation,"4,8",-41,Chauffagiste,28 Rue Xavier Bichat,07 67 34 31 89,https://edi-service.fr/
https://www.google.com/maps/place/Delaboudini%C3%A8re/data=!4m7!3m6!1s0x47e28f7a3c3c57a1:0x5af9d1afe2984c84!8m2!3d47.9671686!4d0.1751077!16s%2Fg%2F11c1xny4zv!19sChIJoVc8PHqP4kcRhEyY4q_R-Vo?authuser=0&hl=fr&rclk=1,Delaboudinière,"3,5",-20,Chauffagiste,·,02 43 84 50 50,http://delaboudiniere.fr/
https://www.google.com/maps/place/SARL+PATIS+RENOV%27/data=!4m7!3m6!1s0x47e28f4b5f7bdb9d:0x4ff70768b2d8c1fb!8m2!3d47.9998327!4d0.181641!16s%2Fg%2F11clzqmyn1!19sChIJndt7X0uP4kcR-8HYsmgH908?authuser=0&hl=fr&rclk=1,SARL PATIS RENOV',"4,5",-25,Chauffagiste,·,02 43 20 31 20,
https://www.google.com/maps/place/Boulman+Plomberie%E2%80%93+D%C3%A9pannage+rapide/data=!4m7!3m6!1s0x47e28f32f90e6441:0x115e826c6cc2f0ed!8m2!3d47.9984038!4d0.194867!16s%2Fg%2F11g873zmzd!19sChIJQWQO-TKP4kcR7fDCbGyCXhE?authuser=0&hl=fr&rclk=1,Boulman Plomberie– Dépannage rapide,"4,3",-73,Chauffagiste,56 Av. du Général Leclerc,06 37 62 35 95,https://www.24hplombierlemans.com/
https://www.google.com/maps/place/Atelier+J+G+Plomberie+Chauffage/data=!4m7!3m6!1s0x47e28f2fffffffff:0xaf2d18c1b5459dfb!8m2!3d48.0194084!4d0.2263214!16s%2Fg%2F12mj_s0w9!19sChIJ_____y-P4kcR-51FtcEYLa8?authuser=0&hl=fr&rclk=1,Atelier J G Plomberie Chauffage,"4,5",-41,Chauffagiste,38 Rue de Dublin,06 35 56 23 65,
https://www.google.com/maps/place/Sogetherm+Sarl/data=!4m7!3m6!1s0x47e28eb4443a033d:0x4f22120938c1b385!8m2!3d47.9975367!4d0.2317836!16s%2Fg%2F113hqhqbq!19sChIJPQM6RLSO4kcRhbPBOAkSIk8?authuser=0&hl=fr&rclk=1,Sogetherm Sarl,"3,9",-30,Plombier,66 Rue Molière,02 43 50 10 66,https://www.sogetherm.fr/
https://www.google.com/maps/place/Lhermenier+SARL/data=!4m7!3m6!1s0x47e28f28f6587a11:0xe866e35b31db94a3!8m2!3d48.0288862!4d0.1727215!16s%2Fg%2F11gf5p3nd3!19sChIJEXpY9iiP4kcRo5TbMVvjZug?authuser=0&hl=fr&rclk=1,Lhermenier SARL,"3,8",-34,Plombier,"Le, 1 Rue André Citroën",02 43 85 68 15,http://www.lhermenier.fr/
https://www.google.com/maps/place/Aubry+Chauffage/data=!4m7!3m6!1s0x47e28ed9a63859e3:0xe7206e022769afbd!8m2!3d47.9888336!4d0.2108005!16s%2Fg%2F11g0tl3w_x!19sChIJ41k4ptmO4kcRva9pJwJuIOc?authuser=0&hl=fr&rclk=1,Aubry Chauffage,"4,1",-17,Plombier,34 Rue Traversière Beaufils,02 43 84 12 55,https://www.aubry-chauffage.com/
https://www.google.com/maps/place/Qu%C3%A9ru+Distribution+SAS/data=!4m7!3m6!1s0x47e28f6312aa08c1:0x175158c620de9df5!8m2!3d47.9730385!4d0.1697842!16s%2Fg%2F11dx8hmnhp!19sChIJwQiqEmOP4kcR9Z3eIMZYURc?authuser=0&hl=fr&rclk=1,Quéru Distribution SAS,"4,2",-29,Chauffagiste,·,02 43 72 15 51,http://www.querudistribution.fr/
"https://www.google.com/maps/place/Plomberie+Mat,+Plombier+Le+Mans,+Sarthe,+Alen%C3%A7on+D%C3%A9panage+et+Installation+de+Plomberie,+Chauffe-eau,+Chaudi%C3%A8re,+Ballon+D%E2%80%99eau+Chaude/data=!4m7!3m6!1s0x47e288b9f6baf2c1:0x5d44c78273f29f7e!8m2!3d48.0116247!4d0.1819728!16s%2Fg%2F11g0hp144q!19sChIJwfK69rmI4kcRfp_yc4LHRF0?authuser=0&hl=fr&rclk=1","Plomberie Mat, Plombier Le Mans, Sarthe, Alençon Dépanage et Installation de Plomberie, Chauffe-eau, Chaudière, Ballon D’eau Chaude","3,8",-22,Plombier,11 Bd Paul Chantrel,06 78 27 40 80,
https://www.google.com/maps/place/ART%E2%80%99P.E.C72/data=!4m7!3m6!1s0x47e28f037552f5c5:0xb6665fcf7268b808!8m2!3d47.9686305!4d0.2036955!16s%2Fg%2F11hbw25hsh!19sChIJxfVSdQOP4kcRCLhocs9fZrY?authuser=0&hl=fr&rclk=1,ART’P.E.C72,"4,1",-54,Plombier,"Le, 386 Av. Félix Geneslay",02 43 61 95 87,https://artpec72.com/
https://www.google.com/maps/place/Degreo/data=!4m7!3m6!1s0x47e28597a1aba1cd:0xb96ad2c0364bc914!8m2!3d47.9841303!4d0.1580774!16s%2Fg%2F11tmg59kt7!19sChIJzaGroZeF4kcRFMlLNsDSark?authuser=0&hl=fr&rclk=1,Degreo,"4,8",-57,Chauffagiste,·,06 25 89 74 27,http://www.degreo.fr/?utm_source=google&utm_medium=wix_google_business_profile&utm_campaign=14007172124593504030
https://www.google.com/maps/place/ENERGETYS/data=!4m7!3m6!1s0x47e28f1a4c1f9e05:0x9590be350eca0931!8m2!3d47.9629401!4d0.2134619!16s%2Fg%2F11j0hhxcx9!19sChIJBZ4fTBqP4kcRMQnKDjW-kJU?authuser=0&hl=fr&rclk=1,ENERGETYS,5,-27,Chauffagiste,146 Rue Etienne Falconet,02 43 84 80 15,https://energetys.fr/
https://www.google.com/maps/place/Hanotaux+Plomberie+EIRL/data=!4m7!3m6!1s0x47e288bec8e88f35:0x3b50c69d26bc17db!8m2!3d48.0219671!4d0.1787977!16s%2Fg%2F12lrtjw8v!19sChIJNY_oyL6I4kcR2xe8Jp3GUDs?authuser=0&hl=fr&rclk=1,Hanotaux Plomberie EIRL,"4,8",-62,Chauffagiste,200 Rue de Saint-Aubin,06 40 38 51 86,https://www.hanotaux-plomberie.fr/
https://www.google.com/maps/place/REFOUR/data=!4m7!3m6!1s0x47e28f3ba332cc4b:0x52a279b8fd5dea9!8m2!3d47.987353!4d0.1937895!16s%2Fg%2F11d_9k0hhh!19sChIJS8wyozuP4kcRqd7Vj5snKgU?authuser=0&hl=fr&rclk=1,REFOUR,5,-8,Plombier,76 Rue Henri Barbusse,02 43 75 35 38,https://www.sarlrefour.com/
https://www.google.com/maps/place/Arzac+Plomberie+Chauffage/data=!4m7!3m6!1s0x47e2893f29580ee1:0x309cc613422a1b0d!8m2!3d48.0198285!4d0.2272499!16s%2Fg%2F11g0hnycly!19sChIJ4Q5YKT-J4kcRDRsqQhPGnDA?authuser=0&hl=fr&rclk=1,Arzac Plomberie Chauffage,"4,9",-9,Chauffagiste,"Le Villaret, 21 Rue de Glasgow",06 24 27 47 40,http://www.facebook.com/arzac.plomberie.50552
https://www.google.com/maps/place/La+Scetec/data=!4m7!3m6!1s0x47e28f619160d07b:0x164e569310154c53!8m2!3d47.9769847!4d0.167543!16s%2Fg%2F11hyt9z2h9!19sChIJe9BgkWGP4kcRU0wVEJNWThY?authuser=0&hl=fr&rclk=1,La Scetec,"3,7",-17,Chauffagiste,·,02 43 86 23 00,https://scetec.fr/
https://www.google.com/maps/place/KANTEM/data=!4m7!3m6!1s0x47e286c1062afa39:0x4d41f764f56a3768!8m2!3d48.0001938!4d0.1830532!16s%2Fg%2F1thl0401!19sChIJOfoqBsGG4kcRaDdq9WT3QU0?authuser=0&hl=fr&rclk=1,KANTEM,"4,2",-44,Chauffagiste,263 Av. de la Libération,02 43 85 11 11,https://www.kantem.fr/
https://www.google.com/maps/place/H48+Plomberie+Le+Mans/data=!4m7!3m6!1s0x47e291cede93c8bf:0xa85b1815fdd1f741!8m2!3d48.0267156!4d0.2342972!16s%2Fg%2F11hzwh6q81!19sChIJv8iT3s6R4kcRQffR_RUYW6g?authuser=0&hl=fr&rclk=1,H48 Plomberie Le Mans,5,-115,Plombier,·,06 42 78 24 81,https://www.h48.fr/
https://www.google.com/maps/place/Brulon/data=!4m7!3m6!1s0x47e2896dc82b23bb:0x46be429d2a09071b!8m2!3d48.0028464!4d0.1858401!16s%2Fg%2F11fpgh8wyd!19sChIJuyMryG2J4kcRGwcJKp1CvkY?authuser=0&hl=fr&rclk=1,Brulon,"4,6",-10,Plombier,165 Av. de la Libération,02 43 28 61 04,https://www.brulon-chauffage-lemans.com/
https://www.google.com/maps/place/Ory-Epc/data=!4m7!3m6!1s0x47e28f3a73f71799:0x44cd7e19ac10d980!8m2!3d47.9906471!4d0.1934985!16s%2Fg%2F11f4ldylwc!19sChIJmRf3czqP4kcRgNkQrBl-zUQ?authuser=0&hl=fr&rclk=1,Ory-Epc,"3,5",-15,Électricien,38 Rue Jean Macé,02 43 84 24 31,
https://www.google.com/maps/place/AG2L/data=!4m7!3m6!1s0x47e28f755500aed1:0xca1ae72f63f3b850!8m2!3d47.982075!4d0.2249909!16s%2Fg%2F11fj2f5qg6!19sChIJ0a4AVXWP4kcRULjzYy_nGso?authuser=0&hl=fr&rclk=1,AG2L,5,-14,Plombier,94 bis Rue Henri Champion,06 24 20 03 78,https://sarl-ag2l-lemans.fr/
https://www.google.com/maps/place/Ets+Jouvet/data=!4m7!3m6!1s0x47e28597a7fa0b83:0xedfc38c9c0c9cdc9!8m2!3d47.9737697!4d0.1479515!16s%2Fg%2F1hbpwqwtk!19sChIJgwv6p5eF4kcRyc3JwMk4_O0?authuser=0&hl=fr&rclk=1,Ets Jouvet,"3,9",-34,Chauffagiste,13 Rue Charles Darwin,02 43 80 57 19,http://www.jouvet-sas.fr/
https://www.google.com/maps/place/Tilyo+-+Isolation+et+chauffage/data=!4m7!3m6!1s0x47e291f2580d54bb:0xa195b0fcd162eb77!8m2!3d47.9414449!4d0.228306!16s%2Fg%2F11c72l5wdy!19sChIJu1QNWPKR4kcRd-ti0fywlaE?authuser=0&hl=fr&rclk=1,Tilyo - Isolation et chauffage,"4,7",-385,Chauffagiste,·,02 43 42 77 12,https://tilyo.fr/
https://www.google.com/maps/place/MK+Plomberie/data=!4m7!3m6!1s0x47e288cd0ec8666b:0x590f50ad56dc3ddb!8m2!3d48.0030745!4d0.1958267!16s%2Fg%2F11bz0nch9k!19sChIJa2bIDs2I4kcR2z3cVq1QD1k?authuser=0&hl=fr&rclk=1,MK Plomberie,"4,7",-33,Chauffagiste,10 Rue du Dr Leroy,06 77 37 33 55,http://www.mk-plomberie-72.fr/
https://www.google.com/maps/place/HELP+Confort/data=!4m7!3m6!1s0x47e28fc272811c69:0xdb5a54b285dac305!8m2!3d47.9933724!4d0.2152919!16s%2Fg%2F11h91lmn9w!19sChIJaRyBcsKP4kcRBcPahbJUWts?authuser=0&hl=fr&rclk=1,HELP Confort,"4,8",-65,Plombier,2 Imp. René Lebrun,02 43 85 74 89,https://www.helpconfort.com/agency/82-help-confort-le-mans
https://www.google.com/maps/place/Chaud+Froid+Maintenance+Service+SARL/data=!4m7!3m6!1s0x47e28f6372a9fdfd:0x2d20884b49011a0f!8m2!3d47.9730385!4d0.1697842!16s%2Fg%2F11f62h10j9!19sChIJ_f2pcmOP4kcRDxoBSUuIIC0?authuser=0&hl=fr&rclk=1,Chaud Froid Maintenance Service SARL,"3,1",-16,Fournisseur de systèmes de climatisation,32 Rue Pierre Martin,02 43 72 88 67,http://chaudfroidmaintenanceservicesarl.site-solocal.com/
https://www.google.com/maps/place/Dupont+Services/data=!4m7!3m6!1s0x47e28f63a7f2e873:0x1a189846bd8cd7a8!8m2!3d47.9736946!4d0.1692048!16s%2Fg%2F11c607n6_s!19sChIJc-jyp2OP4kcRqNeMvUaYGBo?authuser=0&hl=fr&rclk=1,Dupont Services,"2,5",-21,Plombier,22 Rue Pierre Martin,02 43 76 43 43,https://www.dupontservices.fr/
https://www.google.com/maps/place/SARL+ROMAIN+GUERIN_+SOFATH/data=!4m7!3m6!1s0x47e29d0ace3170ef:0xb67564730af8b724!8m2!3d48.0271216!4d0.1844576!16s%2Fg%2F113fql4_p!19sChIJ73Axzgqd4kcRJLf4CnNkdbY?authuser=0&hl=fr&rclk=1,SARL ROMAIN GUERIN_ SOFATH,"4,4",-8,Chauffagiste,46 Rue Henri Dunant,02 43 42 26 47,https://www.romain-guerin72.fr/
https://www.google.com/maps/place/Froid+Express+-+Frigoriste+-+Pompe+%C3%A0+Chaleur+Le+Mans+72/data=!4m7!3m6!1s0x47e2889b6965fa25:0x78eab19b55fd4924!8m2!3d47.9495122!4d0.180693!16s%2Fg%2F1tvdj24d!19sChIJJfplaZuI4kcRJEn9VZux6ng?authuser=0&hl=fr&rclk=1,Froid Express - Frigoriste - Pompe à Chaleur Le Mans 72,"4,8",-213,Chauffagiste,·,02 43 24 80 17,http://www.froid-express.fr/
https://www.google.com/maps/place/Bureau+Concept+Habitat/data=!4m7!3m6!1s0x47e28ed055555555:0x9bb047e88bb62d8f!8m2!3d47.9704578!4d0.1754306!16s%2Fg%2F11h3g3q0zr!19sChIJVVVVVdCO4kcRjy22i-hHsJs?authuser=0&hl=fr&rclk=1,Bureau Concept Habitat,"4,3",-191,Chauffagiste,·,02 72 91 57 42,https://www.bureau-concept-habitat.fr/?utm_source=gmb
https://www.google.com/maps/place/SARL+Liglet/data=!4m7!3m6!1s0x47e288bff0909555:0x78c5ef365dbde744!8m2!3d48.0200391!4d0.1865467!16s%2Fg%2F11f6dlnm9y!19sChIJVZWQ8L-I4kcRROe9XTbvxXg?authuser=0&hl=fr&rclk=1,SARL Liglet,5,-3,Chauffagiste,2 Rue du Léard,02 43 88 80 51,http://www.liglet-plombier-chauffagiste.fr/contact.html
https://www.google.com/maps/place/A2F+Plomberie+Chauffage+Electricit%C3%A9/data=!4m7!3m6!1s0x47e289291e5d6fad:0xb37801f3a4bbfd4f!8m2!3d48.0105658!4d0.2516489!16s%2Fg%2F11f3wlh126!19sChIJrW9dHimJ4kcRT_27pPMBeLM?authuser=0&hl=fr&rclk=1,A2F Plomberie Chauffage Electricité,"4,4",-39,Chauffagiste,861 Rue de la Vallée,02 43 81 97 74,https://www.a2f-lemans.fr/
https://www.google.com/maps/place/SARL+DUMAINE/data=!4m7!3m6!1s0x47e28f18dc360adf:0x9bb21be719d6940a!8m2!3d47.9806084!4d0.2183407!16s%2Fg%2F11j2wlwrjh!19sChIJ3wo23BiP4kcRCpTWGecbsps?authuser=0&hl=fr&rclk=1,SARL DUMAINE,"4,2",-19,Chauffagiste,19 Rue Raymond Persigan,02 43 85 84 00,https://www.hdumaine.fr/?utm_medium=referral&utm_source=gmb&utm_campaign=lnk-gmb
https://www.google.com/maps/place/Ramonage+et+Compagnie/data=!4m7!3m6!1s0x47e28f321f46aefb:0xf4dd3dcf3f20c8a8!8m2!3d48.0195344!4d0.1618825!16s%2Fg%2F11bzz43m1t!19sChIJ-65GHzKP4kcRqMggP8893fQ?authuser=0&hl=fr&rclk=1,Ramonage et Compagnie,"4,9",-417,Ramoneur,3 Av. René Laennec,02 43 24 22 71,https://www.ramonage.net/
https://www.google.com/maps/place/Heracles+%C3%89nergies/data=!4m7!3m6!1s0x47e28fe3f8723baf:0xcb43cb75354f9ce7!8m2!3d47.9001703!4d0.159224!16s%2Fg%2F11khh_8crj!19sChIJrzty-OOP4kcR55xPNXXLQ8s?authuser=0&hl=fr&rclk=1,Heracles Énergies,"4,9",-109,Chauffagiste,·,02 43 29 93 89,https://www.heraclesenergies.fr/
https://www.google.com/maps/place/Cpm/data=!4m7!3m6!1s0x47e28f4931d68cfd:0x8506f81c4b9d1b88!8m2!3d47.9953041!4d0.1848437!16s%2Fg%2F11f03lfl03!19sChIJ_YzWMUmP4kcRiBudSxz4BoU?authuser=0&hl=fr&rclk=1,Cpm,"4,4",-32,Plombier,16 Rue de Portland,02 43 23 13 73,
https://www.google.com/maps/place/IDF/data=!4m7!3m6!1s0x47e28f52ddb89cdf:0x1c31c74b436cb901!8m2!3d47.9975367!4d0.2317836!16s%2Fg%2F11fj9cm8ry!19sChIJ35y43VKP4kcRAblsQ0vHMRw?authuser=0&hl=fr&rclk=1,IDF,"4,7",-12,Plombier,"Le, 66 Rue Molière",02 43 85 59 98,http://www.idf-service.fr/
https://www.google.com/maps/place/ASM+Chauffage/data=!4m7!3m6!1s0x47e28966b2f3d257:0x26fcf7da5089f90d!8m2!3d48.0380657!4d0.2364564!16s%2Fg%2F11p5q3ybrd!19sChIJV9LzsmaJ4kcRDfmJUNr3_CY?authuser=0&hl=fr&rclk=1,ASM Chauffage,5,-5,Chauffagiste,23 Rue des Sorbiers,06 60 56 87 71,
https://www.google.com/maps/place/Compagnie+des+D%C3%A9boucheurs+Le+Mans/data=!4m7!3m6!1s0x47e28957c38531fd:0xabc04dfbc843fe40!8m2!3d48.0073648!4d0.1878018!16s%2Fg%2F11ry3jk6cb!19sChIJ_TGFw1eJ4kcRQP5DyPtNwKs?authuser=0&hl=fr&rclk=1,Compagnie des Déboucheurs Le Mans,5,-534,Plombier,1 Rue de la Perrine,07 57 40 54 87,https://www.compagnie-deboucheurs.com/sarthe/le-mans/
https://www.google.com/maps/place/PERFORM%27+ENERGIES/data=!4m7!3m6!1s0x47e28f32a1c4355b:0x508f8812897abfe!8m2!3d47.9996849!4d0.1970124!16s%2Fg%2F11h40_2l6n!19sChIJWzXEoTKP4kcR_quXKIH4CAU?authuser=0&hl=fr&rclk=1,PERFORM' ENERGIES,5,-5,Fournisseur d'équipements d'énergie solaire,26 Rue des Champs,06 59 51 83 66,
https://www.google.com/maps/place/Elimax+Energies+Concepts/data=!4m7!3m6!1s0x4808280f0a9d965d:0x91712aaa0fe142ba!8m2!3d48.0315174!4d0.1721195!16s%2Fg%2F11g6_4l7_g!19sChIJXZadCg8oCEgRukLhD6oqcZE?authuser=0&hl=fr&rclk=1,Elimax Energies Concepts,"4,2",-5,Fournisseur d'équipements de chauffage,·,02 43 24 59 45,http://www.elimaxfrance.fr/
https://www.google.com/maps/place/A2F+Plomberie+Chauffage+Electricit%C3%A9/data=!4m7!3m6!1s0x47e289291e5d6fad:0xb37801f3a4bbfd4f!8m2!3d48.0105658!4d0.2516489!16s%2Fg%2F11f3wlh126!19sChIJrW9dHimJ4kcRT_27pPMBeLM?authuser=0&hl=fr&rclk=1,A2F Plomberie Chauffage Electricité,"4,4",-39,Chauffagiste,861 Rue de la Vallée,02 43 81 97 74,https://www.a2f-lemans.fr/
https://www.google.com/maps/place/SARL+DUMAINE/data=!4m7!3m6!1s0x47e28f18dc360adf:0x9bb21be719d6940a!8m2!3d47.9806084!4d0.2183407!16s%2Fg%2F11j2wlwrjh!19sChIJ3wo23BiP4kcRCpTWGecbsps?authuser=0&hl=fr&rclk=1,SARL DUMAINE,"4,2",-19,Chauffagiste,19 Rue Raymond Persigan,02 43 85 84 00,https://www.hdumaine.fr/?utm_medium=referral&utm_source=gmb&utm_campaign=lnk-gmb
https://www.google.com/maps/place/Ramonage+et+Compagnie/data=!4m7!3m6!1s0x47e28f321f46aefb:0xf4dd3dcf3f20c8a8!8m2!3d48.0195344!4d0.1618825!16s%2Fg%2F11bzz43m1t!19sChIJ-65GHzKP4kcRqMggP8893fQ?authuser=0&hl=fr&rclk=1,Ramonage et Compagnie,"4,9",-417,Ramoneur,3 Av. René Laennec,02 43 24 22 71,https://www.ramonage.net/
https://www.google.com/maps/place/Heracles+%C3%89nergies/data=!4m7!3m6!1s0x47e28fe3f8723baf:0xcb43cb75354f9ce7!8m2!3d47.9001703!4d0.159224!16s%2Fg%2F11khh_8crj!19sChIJrzty-OOP4kcR55xPNXXLQ8s?authuser=0&hl=fr&rclk=1,Heracles Énergies,"4,9",-109,Chauffagiste,·,02 43 29 93 89,https://www.heraclesenergies.fr/
https://www.google.com/maps/place/Cpm/data=!4m7!3m6!1s0x47e28f4931d68cfd:0x8506f81c4b9d1b88!8m2!3d47.9953041!4d0.1848437!16s%2Fg%2F11f03lfl03!19sChIJ_YzWMUmP4kcRiBudSxz4BoU?authuser=0&hl=fr&rclk=1,Cpm,"4,4",-32,Plombier,16 Rue de Portland,02 43 23 13 73,
https://www.google.com/maps/place/IDF/data=!4m7!3m6!1s0x47e28f52ddb89cdf:0x1c31c74b436cb901!8m2!3d47.9975367!4d0.2317836!16s%2Fg%2F11fj9cm8ry!19sChIJ35y43VKP4kcRAblsQ0vHMRw?authuser=0&hl=fr&rclk=1,IDF,"4,7",-12,Plombier,"Le, 66 Rue Molière",02 43 85 59 98,http://www.idf-service.fr/
https://www.google.com/maps/place/ASM+Chauffage/data=!4m7!3m6!1s0x47e28966b2f3d257:0x26fcf7da5089f90d!8m2!3d48.0380657!4d0.2364564!16s%2Fg%2F11p5q3ybrd!19sChIJV9LzsmaJ4kcRDfmJUNr3_CY?authuser=0&hl=fr&rclk=1,ASM Chauffage,5,-5,Chauffagiste,23 Rue des Sorbiers,06 60 56 87 71,
https://www.google.com/maps/place/Compagnie+des+D%C3%A9boucheurs+Le+Mans/data=!4m7!3m6!1s0x47e28957c38531fd:0xabc04dfbc843fe40!8m2!3d48.0073648!4d0.1878018!16s%2Fg%2F11ry3jk6cb!19sChIJ_TGFw1eJ4kcRQP5DyPtNwKs?authuser=0&hl=fr&rclk=1,Compagnie des Déboucheurs Le Mans,5,-534,Plombier,1 Rue de la Perrine,07 57 40 54 87,https://www.compagnie-deboucheurs.com/sarthe/le-mans/
https://www.google.com/maps/place/PERFORM%27+ENERGIES/data=!4m7!3m6!1s0x47e28f32a1c4355b:0x508f8812897abfe!8m2!3d47.9996849!4d0.1970124!16s%2Fg%2F11h40_2l6n!19sChIJWzXEoTKP4kcR_quXKIH4CAU?authuser=0&hl=fr&rclk=1,PERFORM' ENERGIES,5,-5,Fournisseur d'équipements d'énergie solaire,26 Rue des Champs,06 59 51 83 66,
https://www.google.com/maps/place/Elimax+Energies+Concepts/data=!4m7!3m6!1s0x4808280f0a9d965d:0x91712aaa0fe142ba!8m2!3d48.0315174!4d0.1721195!16s%2Fg%2F11g6_4l7_g!19sChIJXZadCg8oCEgRukLhD6oqcZE?authuser=0&hl=fr&rclk=1,Elimax Energies Concepts,"4,2",-5,Fournisseur d'équipements de chauffage,·,02 43 24 59 45,http://www.elimaxfrance.fr/
https://www.google.com/maps/place/Pannier+SAS/data=!4m7!3m6!1s0x4eaa167384d79035:0x288ea0aa0a4be18a!8m2!3d47.9971905!4d0.1843752!16s%2Fg%2F11xfhcy4qp!19sChIJNZDXhHMWqk4RiuFLCqqgjig?authuser=0&hl=fr&rclk=1,Pannier SAS,"4,4",-7,Chauffagiste,47 Rue des Acacias,02 43 84 27 15,https://www.sas-pannier.com/?utm_source=gmb
https://www.google.com/maps/place/Les+Gars+des+Eaux/data=!4m7!3m6!1s0x47e28f7b11ccab87:0xb3ee437b637ef17b!8m2!3d47.9957962!4d0.192125!16s%2Fg%2F11q1d80hg2!19sChIJh6vMEXuP4kcRe_F-Y3tD7rM?authuser=0&hl=fr&rclk=1,Les Gars des Eaux,"4,2",-22,Chauffagiste,Pl. du 8 Mai 1945,09 70 72 39 73,https://www.lesgarsdeseaux.com/agence/solution-degats-des-eaux-sarthe-72
https://www.google.com/maps/place/Allo+D%C3%A9d%C3%A9+Le+Plombier/data=!4m7!3m6!1s0x47e28f307b0b3989:0xe45c3ae2d6c6044e!8m2!3d47.9914874!4d0.1950566!16s%2Fg%2F11gy13q87k!19sChIJiTkLezCP4kcRTgTG1uI6XOQ?authuser=0&hl=fr&rclk=1,Allo Dédé Le Plombier,"4,2",-17,Plombier,19 Rue des Maraîchers,,
https://www.google.com/maps/place/Missenard+Climatique/data=!4m7!3m6!1s0x47e288855d9520b1:0xa18d356ad6a5a746!8m2!3d48.0319071!4d0.1761726!16s%2Fg%2F11b6d77zsx!19sChIJsSCVXYWI4kcRRqel1mo1jaE?authuser=0&hl=fr&rclk=1,Missenard Climatique,"3,2",-12,Entrepreneur spécialisé dans les systèmes de CVC,Rue René Panhard,02 43 24 19 10,http://missenard-climatique.fr/
https://www.google.com/maps/place/T%C3%A9r%C3%A9va+Le+Mans/data=!4m7!3m6!1s0x47e28f636eee28b3:0xc8e1e514f907a777!8m2!3d47.972736!4d0.170153!16s%2Fg%2F1tdmjs4q!19sChIJsyjubmOP4kcRd6cH-RTl4cg?authuser=0&hl=fr&rclk=1,Téréva Le Mans,"4,6",-16,Fournisseur d'équipements de chauffage,·,02 43 50 26 00,https://www.tereva.fr/document/A-540098-tereva-agence-tereva-le-mans
https://www.google.com/maps/place/LTM+Gaudemer/data=!4m7!3m6!1s0x47e291b10f5342e5:0xa08526a37c15c244!8m2!3d47.9125267!4d0.2405009!16s%2Fg%2F11qmrw2m6c!19sChIJ5UJTD7GR4kcRRMIVfKMmhaA?authuser=0&hl=fr&rclk=1,LTM Gaudemer,"4,3",-85,Chauffagiste,·,02 43 42 86 61,http://www.ltmgaudemer.fr/
https://www.google.com/maps/place/Le+Mans+D%C3%A9pannage/data=!4m7!3m6!1s0x47e28f7a43aaaaab:0xfd74a175f4a4b7f1!8m2!3d47.9679297!4d0.1747753!16s%2Fg%2F11fjmdsgfz!19sChIJq6qqQ3qP4kcR8bek9HWhdP0?authuser=0&hl=fr&rclk=1,Le Mans Dépannage,1,-1,Plombier,26 Bd Pierre Lefaucheux,02 43 80 92 91,
https://www.google.com/maps/place/Syphon+et+robinet/data=!4m7!3m6!1s0x47e289d7f7a8983f:0x7d4366ad9afdaaa1!8m2!3d48.0009349!4d0.2119606!16s%2Fg%2F11s7yrsxcr!19sChIJP5io99eJ4kcRoar9mq1mQ30?authuser=0&hl=fr&rclk=1,Syphon et robinet,5,-2,Plombier,123 Av. Bollée,06 83 12 38 48,
https://www.google.com/maps/place/SUNNY+HOME+RENOV/data=!4m7!3m6!1s0x47e28f8ba100caa7:0x5097dbdea79dede9!8m2!3d47.9637616!4d0.1760294!16s%2Fg%2F11hs3ggncg!19sChIJp8oAoYuP4kcR6e2dp97bl1A?authuser=0&hl=fr&rclk=1,SUNNY HOME RENOV,"4,9",-11,Chauffagiste,40 Bd Pierre Lefaucheux,06 75 52 25 56,https://www.batimansenergie.com/
https://www.google.com/maps/place/Renov+Immo+Batiment+-+Plombier+Plaquiste+LE+MANS/data=!4m7!3m6!1s0x47e28f59cfaee9c1:0x1303ef7492999745!8m2!3d47.9868864!4d0.1871358!16s%2Fg%2F11wwn3hhzf!19sChIJwemuz1mP4kcRRZeZknTvAxM?authuser=0&hl=fr&rclk=1,Renov Immo Batiment - Plombier Plaquiste LE MANS,5,-1,Plombier,144 Rue d'Arnage,06 80 90 99 88,https://renovimmobatiment.taplink.ws/
https://www.google.com/maps/place/PPF+Tours/data=!4m7!3m6!1s0x47fd29eb24b0f503:0x72a6d6c62be4e6d7!8m2!3d47.340254!4d0.629886!16s%2Fg%2F11gjx04w9s!19sChIJA_WwJOsp_UcR1-bkK8bWpnI?authuser=0&hl=fr&rclk=1,PPF Tours,"4,7",-510,Solutions et équipement énergétiques,9 Rue Nicolas Appert,02 85 52 19 79,https://www.google.com/aclk?sa=L&ai=DChsSEwigpdqSvr2UAxVKu2gJHS1YHnkYACICCAEQARoCd2Y&co=1&ase=2&gclid=CjwKCAjwq6DQBhBVEiwA4ZD5XPx5vPIWaBCAQI9YdXkard1ynp1mhVfhzWAfxPsluQPOfyvdmR5I5BoCedUQAvD_BwE&cce=2&category=acrcp_v1_32&sig=AOD64_0-Bg1QJfBS93omYfjtL4UNRfRtdQ&adurl&q&ctype=99&nis=6
https://www.google.com/maps/place/Daikin+Airconditioning+France+-+Agence+de+Tours/data=!4m7!3m6!1s0x47fcd4db1ecc94d3:0x3060c4e8726c5ff5!8m2!3d47.433546!4d0.705119!16s%2Fg%2F1pp2ty8kj!19sChIJ05TMHtvU_EcR9V9scujEYDA?authuser=0&hl=fr&rclk=1,Daikin Airconditioning France - Agence de Tours,"1,7",-9,Fournisseur d'équipements de chauffage,29 Rue de la Milletière,02 47 35 81 88,https://www.google.com/aclk?sa=L&ai=DChsSEwigpdqSvr2UAxVKu2gJHS1YHnkYACICCAEQABoCd2Y&co=1&ase=2&gclid=CjwKCAjwq6DQBhBVEiwA4ZD5XEmMGAdnH-A7nOJQA1kbBnNBikaPDQzTmKWmRDm4A5XqeA5ftWR7WxoCni4QAvD_BwE&cce=2&category=acrcp_v1_32&sig=AOD64_1CY9M9CLcSQWFVZii_n9p7nE_3Tg&adurl&q&ctype=99&nis=6
https://www.google.com/maps/place/RVT+SaniThermie/data=!4m7!3m6!1s0x47fcd517331b1707:0x6ad6045b212fe79b!8m2!3d47.417983!4d0.6815069!16s%2Fg%2F11pwbsfmtq!19sChIJBxcbMxfV_EcRm-cvIVsE1mo?authuser=0&hl=fr&rclk=1,RVT SaniThermie,"4,7",-116,Chauffagiste,2 Rue Delaroche,06 05 82 48 40,http://plombier37.fr/?utm_medium=referral&utm_source=gmb&utm_campaign=lnk-gmb
https://www.google.com/maps/place/S+EAU+S+Plomberie+D%C3%A9pannage/data=!4m7!3m6!1s0x47fcd59295aa5ded:0x85fe539d70bbe8eb!8m2!3d47.3847133!4d0.6914118!16s%2Fg%2F11df04rf8x!19sChIJ7V2qlZLV_EcR6-i7cJ1T_oU?authuser=0&hl=fr&rclk=1,S EAU S Plomberie Dépannage,"4,4",-149,Chauffagiste,64 Av. de Grammont,06 87 00 28 02,https://www.s-eau-s-plomberie.fr/
https://www.google.com/maps/place/Sani+Confort+Entreprise/data=!4m7!3m6!1s0x47fcd437a5edb977:0xd56ee86b915777d8!8m2!3d47.3860186!4d0.7034072!16s%2Fg%2F1xb2cycs!19sChIJd7ntpTfU_EcR2HdXkWvobtU?authuser=0&hl=fr&rclk=1,Sani Confort Entreprise,4,-103,Chauffagiste,121 Rue de la Fuye,02 47 44 16 15,https://www.axenergie.eu/agences/13-saniconfort
https://www.google.com/maps/place/Entreprise+Potier/data=!4m7!3m6!1s0x47fcd5b4ebd1a777:0x55725aa4ceaf1293!8m2!3d47.3915983!4d0.6937906!16s%2Fg%2F1tj8461z!19sChIJd6fR67TV_EcRkxKvzqRaclU?authuser=0&hl=fr&rclk=1,Entreprise Potier,"4,8",-35,Chauffagiste,70 Rue Bernard Palissy,02 47 05 46 45,https://www.potier37.fr/
https://www.google.com/maps/place/IDR+37/data=!4m7!3m6!1s0x47fcd5c9fd9b5251:0xdd883eb6ef540188!8m2!3d47.3881345!4d0.6894532!16s%2Fg%2F11j4t72l2k!19sChIJUVKb_cnV_EcRiAFU77Y-iN0?authuser=0&hl=fr&rclk=1,IDR 37,"4,8",-220,Chauffagiste,7 Av. de Grammont,02 47 71 00 07,https://idr37.fr/
https://www.google.com/maps/place/Chaud+d%27hier+%26+d%27eau+jour+d%27hui/data=!4m7!3m6!1s0x47fcd568a93aa881:0x1e1d3a8ed316a84d!8m2!3d47.4167534!4d0.6904834!16s%2Fg%2F11qqrpcd1s!19sChIJgag6qWjV_EcRTagW0446HR4?authuser=0&hl=fr&rclk=1,Chaud d'hier & d'eau jour d'hui,"4,4",-45,Chauffagiste,101 BIS Av. André Maginot,02 47 42 66 91,https://www.chaud-dhier.fr/
https://www.google.com/maps/place/Garanka+Plombier+Chauffagiste+Tours/data=!4m7!3m6!1s0x47fcd6fedd80ff07:0xb1b90689c9f6a647!8m2!3d47.3330561!4d0.6969629!16s%2Fg%2F1tgz9qfj!19sChIJB_-A3f7W_EcRR6b2yYkGubE?authuser=0&hl=fr&rclk=1,Garanka Plombier Chauffagiste Tours,"2,9",-368,Chauffagiste,·,02 47 44 36 54,https://www.garanka.fr/agences/garanka-chambray/?utm_source=Yext&utm_medium=GMB&y_source=1_MTU2OTk3MDUtNzE1LWxvY2F0aW9uLndlYnNpdGU%3D
https://www.google.com/maps/place/TN+Plomberie+Tours/data=!4m7!3m6!1s0x61ab2e59ca0a5bd1:0x64a1cf24f5b1b26c!8m2!3d47.3831964!4d0.6826601!16s%2Fg%2F11rgx1c5nz!19sChIJ0VsKylkuq2ERbLKx9STPoWQ?authuser=0&hl=fr&rclk=1,TN Plomberie Tours,"4,8",-95,Plombier,14 Rue du Général Faidherbe,09 88 01 89 65,
https://www.google.com/maps/place/RPAC+37/data=!4m7!3m6!1s0x47fcd07d1dc60d9d:0x3a90217398952dd2!8m2!3d47.4317366!4d0.6853048!16s%2Fg%2F11g0tl1sxd!19sChIJnQ3GHX3Q_EcR0i2VmHMhkDo?authuser=0&hl=fr&rclk=1,RPAC 37,5,-31,Fournisseur d'équipements de chauffage,56 Rue de Suède local 4,02 47 34 02 93,
https://www.google.com/maps/place/D%C3%A9pannage+plombier+37/data=!4m7!3m6!1s0x47fcd565e2fffd0f:0x4178b0f7920fd35d!8m2!3d47.4264415!4d0.683512!16s%2Fg%2F11v42fclll!19sChIJD_3_4mXV_EcRXdMPkveweEE?authuser=0&hl=fr&rclk=1,Dépannage plombier 37,5,-168,Plombier,2 Rue de Liège,06 72 44 34 14,https://depannage-plombier-37.fr/
https://www.google.com/maps/place/TECHNITHERM+37/data=!4m7!3m6!1s0x47fcd785123e4e6d:0xa9c50b51d1635dc5!8m2!3d47.5408338!4d1.5907082!16s%2Fg%2F11ycfqm50h!19sChIJbU4-EoXX_EcRxV1j0VELxak?authuser=0&hl=fr&rclk=1,TECHNITHERM 37,5,-109,Chauffagiste,·,07 44 94 02 86,https://www.technitherm37.fr/
https://www.google.com/maps/place/Les+Pros+du+Chauffe-Eau/data=!4m7!3m6!1s0x47fcd5a12faf43a3:0xebaad350a1527dd3!8m2!3d47.3847133!4d0.6914118!16s%2Fg%2F11gjm6ldhh!19sChIJo0OvL6HV_EcR031SoVDTqus?authuser=0&hl=fr&rclk=1,Les Pros du Chauffe-Eau,5,-8,Plombier,64 Av. de Grammont,02 47 60 11 67,http://www.lesprosduchauffe-eau.com/
https://www.google.com/maps/place/Novaservices/data=!4m7!3m6!1s0x47fcd5c82f44cce7:0x82ad4eada230c8bb!8m2!3d47.4369928!4d0.6979615!16s%2Fg%2F11b6djkbss!19sChIJ58xEL8jV_EcRu8gwoq1OrYI?authuser=0&hl=fr&rclk=1,Novaservices,"4,8",-68,Chauffagiste,56 Av. Gustave Eiffel,02 47 72 18 94,http://www.novaservices.fr/
https://www.google.com/maps/place/MUNCH-POLGE/data=!4m7!3m6!1s0x47fcd509d946ce65:0x9dbf9e8a24504a2!8m2!3d47.408021!4d0.681876!16s%2Fg%2F1tf1n5r6!19sChIJZc5G2QnV_EcRogRFouj52wk?authuser=0&hl=fr&rclk=1,MUNCH-POLGE,"3,8",-28,Électricien,131 Av. de la Tranchée,02 47 54 26 32,http://www.munch-polge.fr/?utm_source=gmb
https://www.google.com/maps/place/Climatisation+pompe+%C3%A0+chaleur+Emmanuel+Labadens./data=!4m7!3m6!1s0xa3b04e63bd6505e1:0x4436b3c2aa215129!8m2!3d47.4091575!4d0.7171646!16s%2Fg%2F11rvf_d2sl!19sChIJ4QVlvWNOsKMRKVEhqsKzNkQ?authuser=0&hl=fr&rclk=1,Climatisation pompe à chaleur Emmanuel Labadens.,5,-36,Fournisseur de systèmes de climatisation,14 bis Rue de Parçay,07 63 55 19 49,
https://www.google.com/maps/place/D%26D+Plomberie+Chauffage/data=!4m7!3m6!1s0xca8937bf53bbf0b:0xddf9e8082552935d!8m2!3d47.4663298!4d0.7061482!16s%2Fg%2F11v9_s996t!19sChIJC7879XuTqAwRXZNSJQjo-d0?authuser=0&hl=fr&rclk=1,D&D Plomberie Chauffage,"4,9",-36,Plombier,·,06 72 46 51 12,https://www.plombier-indre-et-loire.fr/?utm_medium=referral&utm_source=gmb&utm_campaign=lnk-gmb
"https://www.google.com/maps/place/Teploenergies+Tours+-+Chauffagiste,+Pompe+%C3%A0+Chaleur,+Climatisation/data=!4m7!3m6!1s0x47fcd59b9086bc73:0x529489bac237597e!8m2!3d47.3959592!4d0.6831581!16s%2Fg%2F11wxw64yrv!19sChIJc7yGkJvV_EcRflk3wrqJlFI?authuser=0&hl=fr&rclk=1","Teploenergies Tours - Chauffagiste, Pompe à Chaleur, Climatisation","4,9",-29,Chauffagiste,4 Bis Rue Paul-Louis Courier,02 47 67 39 22,https://teploenergies.com/
https://www.google.com/maps/place/Gaz+Service+Chaudi%C3%A8re/data=!4m7!3m6!1s0x47fcd5bf87d89f53:0x6874b4bb279ab27f!8m2!3d47.3882744!4d0.676648!16s%2Fg%2F1hc6xq3f8!19sChIJU5_Yh7_V_EcRf7KaJ7u0dGg?authuser=0&hl=fr&rclk=1,Gaz Service Chaudière,"3,3",-26,Chauffagiste,128 Bd Béranger,02 47 27 33 08,
https://www.google.com/maps/place/Logista+Hometech+Tours/data=!4m7!3m6!1s0x47fcd50fca86f33d:0x1a58ded5d573cba6!8m2!3d47.416373!4d0.682659!16s%2Fg%2F11t0q3hqrx!19sChIJPfOGyg_V_EcRpstz1dXeWBo?authuser=0&hl=fr&rclk=1,Logista Hometech Tours,"3,5",-67,Chauffagiste,47 Rue de la Chevalerie,09 70 21 00 02,https://logistahometech.fr/
https://www.google.com/maps/place/ENGIE+Home+Services/data=!4m7!3m6!1s0x47fcd38f7933bdd1:0xf9017112a5acae1f!8m2!3d47.4261076!4d0.7062799!16s%2Fg%2F1tggsx4x!19sChIJ0b0zeY_T_EcRH66spRJxAfk?authuser=0&hl=fr&rclk=1,ENGIE Home Services,"3,9",-572,Chauffagiste,·,02 47 46 58 00,https://agence.engie-homeservices.fr/54-engie-home-services-tours?utm_source=gmb
https://www.google.com/maps/place/Daikin+Airconditioning+France+-+Agence+de+Tours/data=!4m7!3m6!1s0x47fcd4db1ecc94d3:0x3060c4e8726c5ff5!8m2!3d47.433546!4d0.705119!16s%2Fg%2F1pp2ty8kj!19sChIJ05TMHtvU_EcR9V9scujEYDA?authuser=0&hl=fr&rclk=1,Daikin Airconditioning France - Agence de Tours,"1,7",-9,Fournisseur d'équipements de chauffage,29 Rue de la Milletière,02 47 35 81 88,https://www.google.com/aclk?sa=L&ai=DChsSEwiRiOCcvr2UAxUiPgYAHcwVMJcYACICCAEQBRoCd3M&co=1&ase=2&gclid=CjwKCAjwq6DQBhBVEiwA4ZD5XDLPu5Du9PFinPBz2R7qDaY9tvLufQpH4T0JaC-8qY4-GRAtB2inYhoC52QQAvD_BwE&cce=2&category=acrcp_v1_32&sig=AOD64_2WI5Er5PwK27_csdfbiIXzOmrnwQ&adurl&q&ctype=99&nis=6
https://www.google.com/maps/place/PPF+Tours/data=!4m7!3m6!1s0x47fd29eb24b0f503:0x72a6d6c62be4e6d7!8m2!3d47.340254!4d0.629886!16s%2Fg%2F11gjx04w9s!19sChIJA_WwJOsp_UcR1-bkK8bWpnI?authuser=0&hl=fr&rclk=1,PPF Tours,"4,7",-510,Solutions et équipement énergétiques,9 Rue Nicolas Appert,02 85 52 19 79,https://www.google.com/aclk?sa=L&ai=DChsSEwiRiOCcvr2UAxUiPgYAHcwVMJcYACICCAEQARoCd3M&co=1&ase=2&gclid=CjwKCAjwq6DQBhBVEiwA4ZD5XPLk5POlZgc6xtY7ws1vdo-qQtMKjCcj7pN-nxYTLJsXIriK-MBruhoCwUIQAvD_BwE&cce=2&category=acrcp_v1_32&sig=AOD64_07YEmsJxgwctjV9iTLnSVn8fmtgQ&adurl&q&ctype=99&nis=6
https://www.google.com/maps/place/LM+Chauffage+-+Entretien+et+d%C3%A9pannage+chaudi%C3%A8res+gaz/data=!4m7!3m6!1s0x47fcd399a39c3ce5:0x35f69d9eadb393f5!8m2!3d47.2232916!4d0.7093931!16s%2Fg%2F11h_7wbzmr!19sChIJ5Tyco5nT_EcR9ZOzrZ6d9jU?authuser=0&hl=fr&rclk=1,LM Chauffage - Entretien et dépannage chaudières gaz,"4,5",-68,Chauffagiste,·,06 36 10 51 42,https://www.lm-chauffage.com/
https://www.google.com/maps/place/Turones+Plomberie+Chauffagiste/data=!4m7!3m6!1s0x47fcd7506c4f0055:0xca44595221e7ecf8!8m2!3d47.33938!4d0.6630262!16s%2Fg%2F11qr6r4fw1!19sChIJVQBPbFDX_EcR-OznIVJZRMo?authuser=0&hl=fr&rclk=1,Turones Plomberie Chauffagiste,"4,9",-7,Chauffagiste,12 Rue Donnet,06 58 19 59 93,
https://www.google.com/maps/place/Entreprise+Verneau/data=!4m7!3m6!1s0x47fcd4c5fd926a21:0x93a80f99f2eb1d69!8m2!3d47.4453215!4d0.6781097!16s%2Fg%2F1tmqqqn0!19sChIJIWqS_cXU_EcRaR3r8pkPqJM?authuser=0&hl=fr&rclk=1,Entreprise Verneau,"4,5",-25,Chauffagiste,·,02 47 54 20 87,http://www.plomberie-verneau.fr/
https://www.google.com/maps/place/Bonsens+SARL/data=!4m7!3m6!1s0x47fd28e34eeabe73:0xb4224171086581ef!8m2!3d47.3258782!4d0.6006743!16s%2Fg%2F11b6dg55wp!19sChIJc77qTuMo_UcR74FlCHFBIrQ?authuser=0&hl=fr&rclk=1,Bonsens SARL,"4,4",-174,Chauffagiste,·,02 47 67 40 23,https://bonsens-sa.fr/
https://www.google.com/maps/place/Laurent+Lam%C3%A9/data=!4m7!3m6!1s0x47fcd50002963369:0xbe3627462a77c02b!8m2!3d47.4167534!4d0.6904834!16s%2Fg%2F1tfsb5z_!19sChIJaTOWAgDV_EcRK8B3KkYnNr4?authuser=0&hl=fr&rclk=1,Laurent Lamé,"4,8",-17,Chauffagiste,101 Av. André Maginot,02 47 51 65 15,
https://www.google.com/maps/place/Marinier+SAS/data=!4m7!3m6!1s0x47fcd785eb35c3ad:0x46d7a8d7c507b2c1!8m2!3d47.3281283!4d0.6987741!16s%2Fg%2F1tf23fsd!19sChIJrcM164XX_EcRwbIHxdeo10Y?authuser=0&hl=fr&rclk=1,Marinier SAS,"4,7",-94,Chauffagiste,38 Rue Etienne Cosson,02 47 26 27 89,https://www.plombier-chauffagiste-veigne-37.fr/
https://www.google.com/maps/place/Compagnie+des+D%C3%A9boucheurs+Indre-et-Loire/data=!4m7!3m6!1s0x47fcd52683c82483:0xffa59a840ee4d706!8m2!3d47.4083342!4d0.6812656!16s%2Fg%2F11mvwr3g3c!19sChIJgyTIgybV_EcRBtfkDoSapf8?authuser=0&hl=fr&rclk=1,Compagnie des Déboucheurs Indre-et-Loire,"4,9",-964,Plombier,152 Av. de la Tranchée,02 47 39 91 26,https://www.compagnie-deboucheurs.com/indre-et-loire/
https://www.google.com/maps/place/etm+depannage+plomberie+-+chauffage/data=!4m7!3m6!1s0x47fcd5b43790d7df:0x4323746e66a65a89!8m2!3d47.3911687!4d0.6911649!16s%2Fg%2F11g9tbg_qh!19sChIJ39eQN7TV_EcRiVqmZm50I0M?authuser=0&hl=fr&rclk=1,etm depannage plomberie - chauffage,"1,5",-2,Chauffagiste,8 Rue de Balzac,06 76 76 29 17,
https://www.google.com/maps/place/LM+Chauffage+-+Entretien+et+d%C3%A9pannage+chaudi%C3%A8res+gaz/data=!4m7!3m6!1s0x47fcd399a39c3ce5:0x35f69d9eadb393f5!8m2!3d47.2232916!4d0.7093931!16s%2Fg%2F11h_7wbzmr!19sChIJ5Tyco5nT_EcR9ZOzrZ6d9jU?authuser=0&hl=fr&rclk=1,LM Chauffage - Entretien et dépannage chaudières gaz,"4,5",-68,Chauffagiste,·,06 36 10 51 42,https://www.lm-chauffage.com/
https://www.google.com/maps/place/Turones+Plomberie+Chauffagiste/data=!4m7!3m6!1s0x47fcd7506c4f0055:0xca44595221e7ecf8!8m2!3d47.33938!4d0.6630262!16s%2Fg%2F11qr6r4fw1!19sChIJVQBPbFDX_EcR-OznIVJZRMo?authuser=0&hl=fr&rclk=1,Turones Plomberie Chauffagiste,"4,9",-7,Chauffagiste,12 Rue Donnet,06 58 19 59 93,
https://www.google.com/maps/place/Entreprise+Verneau/data=!4m7!3m6!1s0x47fcd4c5fd926a21:0x93a80f99f2eb1d69!8m2!3d47.4453215!4d0.6781097!16s%2Fg%2F1tmqqqn0!19sChIJIWqS_cXU_EcRaR3r8pkPqJM?authuser=0&hl=fr&rclk=1,Entreprise Verneau,"4,5",-25,Chauffagiste,·,02 47 54 20 87,http://www.plomberie-verneau.fr/
https://www.google.com/maps/place/Bonsens+SARL/data=!4m7!3m6!1s0x47fd28e34eeabe73:0xb4224171086581ef!8m2!3d47.3258782!4d0.6006743!16s%2Fg%2F11b6dg55wp!19sChIJc77qTuMo_UcR74FlCHFBIrQ?authuser=0&hl=fr&rclk=1,Bonsens SARL,"4,4",-174,Chauffagiste,·,02 47 67 40 23,https://bonsens-sa.fr/
https://www.google.com/maps/place/Laurent+Lam%C3%A9/data=!4m7!3m6!1s0x47fcd50002963369:0xbe3627462a77c02b!8m2!3d47.4167534!4d0.6904834!16s%2Fg%2F1tfsb5z_!19sChIJaTOWAgDV_EcRK8B3KkYnNr4?authuser=0&hl=fr&rclk=1,Laurent Lamé,"4,8",-17,Chauffagiste,101 Av. André Maginot,02 47 51 65 15,
https://www.google.com/maps/place/Marinier+SAS/data=!4m7!3m6!1s0x47fcd785eb35c3ad:0x46d7a8d7c507b2c1!8m2!3d47.3281283!4d0.6987741!16s%2Fg%2F1tf23fsd!19sChIJrcM164XX_EcRwbIHxdeo10Y?authuser=0&hl=fr&rclk=1,Marinier SAS,"4,7",-94,Chauffagiste,38 Rue Etienne Cosson,02 47 26 27 89,https://www.plombier-chauffagiste-veigne-37.fr/
https://www.google.com/maps/place/Compagnie+des+D%C3%A9boucheurs+Indre-et-Loire/data=!4m7!3m6!1s0x47fcd52683c82483:0xffa59a840ee4d706!8m2!3d47.4083342!4d0.6812656!16s%2Fg%2F11mvwr3g3c!19sChIJgyTIgybV_EcRBtfkDoSapf8?authuser=0&hl=fr&rclk=1,Compagnie des Déboucheurs Indre-et-Loire,"4,9",-964,Plombier,152 Av. de la Tranchée,02 47 39 91 26,https://www.compagnie-deboucheurs.com/indre-et-loire/
https://www.google.com/maps/place/etm+depannage+plomberie+-+chauffage/data=!4m7!3m6!1s0x47fcd5b43790d7df:0x4323746e66a65a89!8m2!3d47.3911687!4d0.6911649!16s%2Fg%2F11g9tbg_qh!19sChIJ39eQN7TV_EcRiVqmZm50I0M?authuser=0&hl=fr&rclk=1,etm depannage plomberie - chauffage,"1,5",-2,Chauffagiste,8 Rue de Balzac,06 76 76 29 17,
https://www.google.com/maps/place/SCBC+Dalkia+groupe+EDF/data=!4m7!3m6!1s0x47fcd425eba42f41:0x15a710e0686d1d95!8m2!3d47.3744541!4d0.7060981!16s%2Fg%2F11dxk_hqzy!19sChIJQS-k6yXU_EcRlR1taOAQpxU?authuser=0&hl=fr&rclk=1,SCBC Dalkia groupe EDF,"3,4",-5,Chauffagiste,,,http://www.dalkia.fr/espace-presse/communique-de-presse/dalkia-tours-biomasse
"https://www.google.com/maps/place/Chauffagiste+Izi+confort,+filiale+EDF/data=!4m7!3m6!1s0x47fcd4d7ef055421:0x8582fa13b9463931!8m2!3d47.4378451!4d0.6979319!16s%2Fg%2F1pv0_rzcf!19sChIJIVQF79fU_EcRMTlGuRP6goU?authuser=0&hl=fr&rclk=1","Chauffagiste Izi confort, filiale EDF","4,3",-281,Chauffagiste,·,02 47 44 17 15,https://www.izi-by-edf-entretien.fr/?at_medium=Gmb&at_campaign=tours
https://www.google.com/maps/place/SBP/data=!4m7!3m6!1s0x47fcce1975617e6d:0xee4ca0e51eed2ba4!8m2!3d47.3420391!4d0.7359428!16s%2Fg%2F1tptpznm!19sChIJbX5hdRnO_EcRpCvtHuWgTO4?authuser=0&hl=fr&rclk=1,SBP,"4,6",-13,Entrepreneur spécialisé dans les systèmes de CVC,6 Rue du Général Mocquery,02 47 86 28 58,
https://www.google.com/maps/place/Millet+Nicolas/data=!4m7!3m6!1s0x47fd2a7ce71da74f:0x8338991ef0b4ea51!8m2!3d47.411105!4d0.6758596!16s%2Fg%2F1v1sklcm!19sChIJT6cd53wq_UcRUeq08B6ZOIM?authuser=0&hl=fr&rclk=1,Millet Nicolas,4,-44,Chauffagiste,·,06 68 61 08 88,https://millet-plomberie-chauffage.com/?utm_source=gmb
https://www.google.com/maps/place/AES+37+%2F+Gaz+Service+Chaudi%C3%A8re+-+Axenergie+Tours+Nord/data=!4m7!3m6!1s0x47e3293046f732d7:0x3f8cb6870c14bd1c!8m2!3d47.544303!4d0.736254!16s%2Fg%2F11qntwm_28!19sChIJ1zL3RjAp40cRHL0UDIe2jD8?authuser=0&hl=fr&rclk=1,AES 37 / Gaz Service Chaudière - Axenergie Tours Nord,5,-3,Chauffagiste,La Grande Chauverie,02 47 40 89 31,https://www.axenergie.eu/agences/2-aes-37
https://www.google.com/maps/place/Thermo+Conseils/data=!4m7!3m6!1s0x47fcd49dec3f8a6d:0x3e18bc37cd35fb86!8m2!3d47.4214674!4d0.7331781!16s%2Fg%2F11b76tx2p4!19sChIJbYo_7J3U_EcRhvs1zTe8GD4?authuser=0&hl=fr&rclk=1,Thermo Conseils,"4,2",-148,Chauffagiste,·,02 47 53 07 38,https://www.thermo-conseils.com/?utm_source=gmb
https://www.google.com/maps/place/IDR+37+-+Atelier+et+si%C3%A8ge+social/data=!4m7!3m6!1s0x47fcd3c643a12423:0x269c078c029819d8!8m2!3d47.3844022!4d0.764379!16s%2Fg%2F1tmxdy1p!19sChIJIyShQ8bT_EcR2BmYAowHnCY?authuser=0&hl=fr&rclk=1,IDR 37 - Atelier et siège social,"4,7",-251,Chauffagiste,·,02 47 71 00 07,http://idr37.fr/?utm_source=gmb
https://www.google.com/maps/place/BABARIT+ECO-ENERGIES/data=!4m7!3m6!1s0x47fcd3c3f35c244f:0x13087f2a909db05a!8m2!3d47.4431647!4d0.7025167!16s%2Fg%2F11b8_p9qrm!19sChIJTyRc88PT_EcRWrCdkCp_CBM?authuser=0&hl=fr&rclk=1,BABARIT ECO-ENERGIES,"4,5",-44,Chauffagiste,12 Rue Alexandre Calder,02 47 44 60 32,http://www.babarit-ecoenergies.fr/
https://www.google.com/maps/place/SARL+Bobinet-Maretheu/data=!4m7!3m6!1s0x47fd2903670ca367:0x3a59b9b76d9ae87f!8m2!3d47.3278528!4d0.7008117!16s%2Fg%2F11n0p8kg4c!19sChIJZ6MMZwMp_UcRf-iabbe5WTo?authuser=0&hl=fr&rclk=1,SARL Bobinet-Maretheu,5,-64,Fournisseur de systèmes de climatisation,·,02 47 53 80 84,http://www.bobinet-maretheu.fr/
https://www.google.com/maps/place/RP+France+Tours/data=!4m7!3m6!1s0x47fcd1ef201c1cab:0x9f1f8a0ba1e90eb6!8m2!3d47.341905!4d0.644288!16s%2Fg%2F11qp42n0ym!19sChIJqxwcIO_R_EcRtg7poQuKH58?authuser=0&hl=fr&rclk=1,RP France Tours,"4,3",-138,Travaux généraux,·,0 805 38 60 70,https://rpfrance.fr/agences/agence-de-tours?utm_source=gmb
https://www.google.com/maps/place/DMS+System/data=!4m7!3m6!1s0x47fcd6c8cdccd747:0xcbdf4859a96a39be!8m2!3d47.3443104!4d0.7259799!16s%2Fg%2F11b6dkfhgw!19sChIJR9fMzcjW_EcRvjlqqVlI38s?authuser=0&hl=fr&rclk=1,DMS System,"4,6",-20,Entrepreneur spécialisé dans les systèmes de CVC,11 bis Rue Jean Perrin,02 47 48 05 18,http://www.dms-system.com/
https://www.google.com/maps/place/Carrat+Sarl/data=!4m7!3m6!1s0x47fcd46d050983cf:0x38da98726d3366e4!8m2!3d47.389998!4d0.7241529!16s%2Fg%2F1vvyxfqs!19sChIJz4MJBW3U_EcR5GYzbXKY2jg?authuser=0&hl=fr&rclk=1,Carrat Sarl,"4,3",-38,Chauffagiste,86 Av. de la République,02 47 44 43 72,http://www.carrat-plomberie37.com/
https://www.google.com/maps/place/Pronet+Energies/data=!4m7!3m6!1s0x47fcd713339f1f5f:0xd2eac2aaea86e17b!8m2!3d47.3338692!4d0.6965196!16s%2Fg%2F11m0t_1_68!19sChIJXx-fMxPX_EcRe-GG6qrC6tI?authuser=0&hl=fr&rclk=1,Pronet Energies,"4,7",-29,Magasin de systèmes de climatisation,·,02 34 36 66 78,https://www.pronetenergies.fr/
"https://www.google.com/maps/place/Gaz+Service+37+%2F+Plombier+Chauffagiste,+Pompe+%C3%A0+chaleur+et+chaudi%C3%A8re+gaz,+Tours/data=!4m7!3m6!1s0x47e32db39f40d77f:0xd11b5e504ba631a3!8m2!3d47.5012605!4d0.7887846!16s%2Fg%2F1vmr0p31!19sChIJf9dAn7Mt40cRozGmS1BeG9E?authuser=0&hl=fr&rclk=1","Gaz Service 37 / Plombier Chauffagiste, Pompe à chaleur et chaudière gaz, Tours","4,9",-31,Chauffagiste,·,02 47 56 15 69,http://www.gazservice37.fr/
https://www.google.com/maps/place/Richard+Le+Droff+%C3%89co+%C3%89nergies+Touraine/data=!4m7!3m6!1s0x47fcd6cf732ac8cd:0x7146b195f336716!8m2!3d47.3424116!4d0.7255415!16s%2Fg%2F11bv3r5hmy!19sChIJzcgqc8_W_EcRFmczXxlrFAc?authuser=0&hl=fr&rclk=1,Richard Le Droff Éco Énergies Touraine,"4,9",-462,Fournisseur d'équipements de chauffage,·,02 47 27 70 23,http://www.richardledrofftours37.fr/?utm_source=gmb
https://www.google.com/maps/place/Energie+Pajon+Confort+-+Climatisation+%C3%A0+Tours+nord/data=!4m7!3m6!1s0x47e32b3565dcd6b5:0x9d057f11f55649a8!8m2!3d47.4586465!4d0.7113534!16s%2Fg%2F11fn7lc70x!19sChIJtdbcZTUr40cRqElW9RF_BZ0?authuser=0&hl=fr&rclk=1,Energie Pajon Confort - Climatisation à Tours nord,"4,7",-44,Chauffagiste,16 Rue de l'Égalité,02 46 67 88 32,http://www.e-p-c-37.com/
https://www.google.com/maps/place/ALLTHERMIC+-+Tours/data=!4m7!3m6!1s0x47fcd6a8efcd6969:0x670f7962aa3a7228!8m2!3d47.3652069!4d0.7270519!16s%2Fg%2F11b6dgjrkt!19sChIJaWnN76jW_EcRKHI6qmJ5D2c?authuser=0&hl=fr&rclk=1,ALLTHERMIC - Tours,5,-9,Chauffagiste,·,02 47 52 00 41,
https://www.google.com/maps/place/Sarl+Leloup+Depannage/data=!4m7!3m6!1s0x47fcd351808804e5:0xaefc19e384ce4766!8m2!3d47.4485973!4d0.747705!16s%2Fg%2F1ts3d_2x!19sChIJ5QSIgFHT_EcRZkfOhOMZ_K4?authuser=0&hl=fr&rclk=1,Sarl Leloup Depannage,"4,2",-35,Chauffagiste,ZA Fosse Neuve,02 47 32 04 40,http://www.leloupdepannage.fr/
https://www.google.com/maps/place/Pronet+Ramonage/data=!4m7!3m6!1s0x47fcd755f3805d53:0xd76f63dd5740f39c!8m2!3d47.3338692!4d0.6965196!16s%2Fg%2F11fsyp6gzr!19sChIJU12A81XX_EcRnPNAV91jb9c?authuser=0&hl=fr&rclk=1,Pronet Ramonage,"4,9",-238,Ramoneur,34 bis Rue Michael Faraday,02 34 36 66 78,https://www.pronetenergies.fr/
https://www.google.com/maps/place/Eco-Logis+37/data=!4m7!3m6!1s0x47fcd5dbb1dea209:0x4f41d354a841dca3!8m2!3d47.3158583!4d0.6000408!16s%2Fg%2F1tf7g0hp!19sChIJCaLesdvV_EcRo9xBqFTTQU8?authuser=0&hl=fr&rclk=1,Eco-Logis 37,"4,8",-112,Fournisseur de systèmes de climatisation,1 Rue Georges Charpak BOX 17,02 47 41 30 93,https://www.eco-logis37.fr/?utm_source=gmb
https://www.google.com/maps/place/Repartim/data=!4m7!3m6!1s0x47fcd327c1c7c947:0x8c7e3d0df6b5deba!8m2!3d47.3850989!4d0.7540091!16s%2Fg%2F1tg4_st6!19sChIJR8nHwSfT_EcRut619g09fow?authuser=0&hl=fr&rclk=1,Repartim,"4,4",-164,Plombier,·,09 70 82 48 23,https://www.repartim.fr/agences/tours/?utm_campaign=gmb_tours&utm_medium=organic+search&utm_source=local
https://www.google.com/maps/place/Geotherme+Confort/data=!4m7!3m6!1s0x47fcd715f0b1af2f:0xdefd5237df81cacf!8m2!3d47.2983265!4d0.639221!16s%2Fg%2F1th09t18!19sChIJL6-x8BXX_EcRz8qB3zdS_d4?authuser=0&hl=fr&rclk=1,Geotherme Confort,"4,5",-63,Chauffagiste,·,02 47 25 80 40,http://www.geotherme.fr/
https://www.google.com/maps/place/Expert+Confort/data=!4m7!3m6!1s0x47fcd5cd43d8e15f:0xdb21fc53973f47e4!8m2!3d47.2232916!4d0.7093931!16s%2Fg%2F11hddcwx0m!19sChIJX-HYQ83V_EcR5Ec_l1P8Ids?authuser=0&hl=fr&rclk=1,Expert Confort,5,-2,Chauffagiste,·,06 46 73 32 10,
https://www.google.com/maps/place/TCPE/data=!4m7!3m6!1s0x47fcd6c570bc7ec9:0xc90aee9b041e3a0f!8m2!3d47.3414839!4d0.7237582!16s%2Fg%2F11ck6wbdgq!19sChIJyX68cMXW_EcRDzoeBJvuCsk?authuser=0&hl=fr&rclk=1,TCPE,"4,8",-13,Entrepreneur spécialisé dans les systèmes de CVC,1 bis Rue Jean Perrin,02 47 28 50 00,http://www.tcpe.fr/
https://www.google.com/maps/place/Rolesco+Tours/data=!4m7!3m6!1s0x47fcd7f9d223a21f:0x5fec9eafa1c66c2f!8m2!3d47.3341571!4d0.6977749!16s%2Fg%2F11k18735c_!19sChIJH6Ij0vnX_EcRL2zGoa-e7F8?authuser=0&hl=fr&rclk=1,Rolesco Tours,5,-9,Fournisseur de systèmes de climatisation,24 Rue Michael Faraday,02 47 21 07 34,https://www.rolesco.fr/
https://www.google.com/maps/place/ARISTON+TOURS+Centre+de+Formation/data=!4m7!3m6!1s0x47fcd4b4eda07b83:0x4b2dedfabf715878!8m2!3d47.4450212!4d0.720942!16s%2Fg%2F1tff2d6l!19sChIJg3ug7bTU_EcReFhxv_rtLUs?authuser=0&hl=fr&rclk=1,ARISTON TOURS Centre de Formation,"2,7",-6,Fournisseur d'équipements de chauffage,·,02 47 27 30 26,http://www.ariston.fr/
https://www.google.com/maps/place/Celsius+Vadala:+Climatisation+-+Pompe+%C3%A0+chaleur+-+Plomberie+-+Chauffage+-+37+-+Tours+-+Chinon+-+Installation/data=!4m7!3m6!1s0x47fd28fd29e9fa65:0x48e3e16e0967fc6!8m2!3d47.269211!4d0.47224!16s%2Fg%2F1tqnkz_5!19sChIJZfrpKf0o_UcRxn-W4BY-jgQ?authuser=0&hl=fr&rclk=1,Celsius Vadala: Climatisation - Pompe à chaleur - Plomberie - Chauffage - 37 - Tours - Chinon - Installation,"4,9",-109,Entrepreneur spécialisé dans les systèmes de CVC,"III, ZA LA LOGE, 2 All. Chalmin",02 47 53 16 21,http://www.froid-pompeachaleur.fr/
https://www.google.com/maps/place/Meunier+%28Ets%29/data=!4m7!3m6!1s0x47fcd4491186b1d3:0x3957dfe2b30dc377!8m2!3d47.3440429!4d0.7313049!16s%2Fg%2F1tf6lkqy!19sChIJ07GGEUnU_EcRd8MNs-LfVzk?authuser=0&hl=fr&rclk=1,Meunier (Ets),"3,8",-22,Chauffagiste,·,02 47 46 15 15,https://www.ets-meunier.fr/
https://www.google.com/maps/place/Les+Compagnons/data=!4m7!3m6!1s0x47fcd6e214a934b1:0x750fdded068e6d8b!8m2!3d47.3302655!4d0.7077438!16s%2Fg%2F11bbwz84m9!19sChIJsTSpFOLW_EcRi22OBu3dD3U?authuser=0&hl=fr&rclk=1,Les Compagnons,"4,6",-337,Chauffagiste,·,02 47 66 24 85,https://www.lescompagnonsfrance.fr/?utm_source=google&utm_medium=local&utm_campaign=fiche_gmb_les_compagnons_chambray
https://www.google.com/maps/place/OBP+Services/data=!4m7!3m6!1s0x249355ff727622f3:0x600ba883fc1e9353!8m2!3d47.4349757!4d1.150316!16s%2Fg%2F11mss36xcn!19sChIJ8yJ2cv9VkyQRU5Me_IOoC2A?authuser=0&hl=fr&rclk=1,OBP Services,5,-26,Plombier,·,06 27 32 46 20,https://www.obpservices.fr/
https://www.google.com/maps/place/Climagine/data=!4m7!3m6!1s0x47fcd5c2bf262b4b:0xe3e5499f5c5db1b!8m2!3d47.3795036!4d0.6752546!16s%2Fg%2F1hc2llkg9!19sChIJSysmv8LV_EcRG9vF9ZlUPg4?authuser=0&hl=fr&rclk=1,Climagine,"4,1",-9,Fournisseur de systèmes de climatisation,21 Rue du Sergent Leclerc,02 47 76 19 30,http://www.climagine.fr/
https://www.google.com/maps/place/Alliance+Services/data=!4m7!3m6!1s0x47fcd7daeb7e350b:0x1f9c71267f7e8868!8m2!3d47.3182063!4d0.657641!16s%2Fg%2F1tds61pt!19sChIJCzV-69rX_EcRaIh-fyZxnB8?authuser=0&hl=fr&rclk=1,Alliance Services,"4,6",-143,Plombier,·,02 47 80 00 01,https://www.allianceservices-depannage.fr/
https://www.google.com/maps/place/ALLTHERMIC+-+Tours/data=!4m7!3m6!1s0x47fcd6a8efcd6969:0x670f7962aa3a7228!8m2!3d47.3652069!4d0.7270519!16s%2Fg%2F11b6dgjrkt!19sChIJaWnN76jW_EcRKHI6qmJ5D2c?authuser=0&hl=fr&rclk=1,ALLTHERMIC - Tours,5,-9,Chauffagiste,·,02 47 52 00 41,
https://www.google.com/maps/place/Sarl+Leloup+Depannage/data=!4m7!3m6!1s0x47fcd351808804e5:0xaefc19e384ce4766!8m2!3d47.4485973!4d0.747705!16s%2Fg%2F1ts3d_2x!19sChIJ5QSIgFHT_EcRZkfOhOMZ_K4?authuser=0&hl=fr&rclk=1,Sarl Leloup Depannage,"4,2",-35,Chauffagiste,ZA Fosse Neuve,02 47 32 04 40,http://www.leloupdepannage.fr/
https://www.google.com/maps/place/Pronet+Ramonage/data=!4m7!3m6!1s0x47fcd755f3805d53:0xd76f63dd5740f39c!8m2!3d47.3338692!4d0.6965196!16s%2Fg%2F11fsyp6gzr!19sChIJU12A81XX_EcRnPNAV91jb9c?authuser=0&hl=fr&rclk=1,Pronet Ramonage,"4,9",-238,Ramoneur,34 bis Rue Michael Faraday,02 34 36 66 78,https://www.pronetenergies.fr/
https://www.google.com/maps/place/Eco-Logis+37/data=!4m7!3m6!1s0x47fcd5dbb1dea209:0x4f41d354a841dca3!8m2!3d47.3158583!4d0.6000408!16s%2Fg%2F1tf7g0hp!19sChIJCaLesdvV_EcRo9xBqFTTQU8?authuser=0&hl=fr&rclk=1,Eco-Logis 37,"4,8",-112,Fournisseur de systèmes de climatisation,1 Rue Georges Charpak BOX 17,02 47 41 30 93,https://www.eco-logis37.fr/?utm_source=gmb
https://www.google.com/maps/place/Repartim/data=!4m7!3m6!1s0x47fcd327c1c7c947:0x8c7e3d0df6b5deba!8m2!3d47.3850989!4d0.7540091!16s%2Fg%2F1tg4_st6!19sChIJR8nHwSfT_EcRut619g09fow?authuser=0&hl=fr&rclk=1,Repartim,"4,4",-164,Plombier,·,09 70 82 48 23,https://www.repartim.fr/agences/tours/?utm_campaign=gmb_tours&utm_medium=organic+search&utm_source=local
https://www.google.com/maps/place/Geotherme+Confort/data=!4m7!3m6!1s0x47fcd715f0b1af2f:0xdefd5237df81cacf!8m2!3d47.2983265!4d0.639221!16s%2Fg%2F1th09t18!19sChIJL6-x8BXX_EcRz8qB3zdS_d4?authuser=0&hl=fr&rclk=1,Geotherme Confort,"4,5",-63,Chauffagiste,·,02 47 25 80 40,http://www.geotherme.fr/
https://www.google.com/maps/place/Expert+Confort/data=!4m7!3m6!1s0x47fcd5cd43d8e15f:0xdb21fc53973f47e4!8m2!3d47.2232916!4d0.7093931!16s%2Fg%2F11hddcwx0m!19sChIJX-HYQ83V_EcR5Ec_l1P8Ids?authuser=0&hl=fr&rclk=1,Expert Confort,5,-2,Chauffagiste,·,06 46 73 32 10,
https://www.google.com/maps/place/TCPE/data=!4m7!3m6!1s0x47fcd6c570bc7ec9:0xc90aee9b041e3a0f!8m2!3d47.3414839!4d0.7237582!16s%2Fg%2F11ck6wbdgq!19sChIJyX68cMXW_EcRDzoeBJvuCsk?authuser=0&hl=fr&rclk=1,TCPE,"4,8",-13,Entrepreneur spécialisé dans les systèmes de CVC,1 bis Rue Jean Perrin,02 47 28 50 00,http://www.tcpe.fr/
https://www.google.com/maps/place/Rolesco+Tours/data=!4m7!3m6!1s0x47fcd7f9d223a21f:0x5fec9eafa1c66c2f!8m2!3d47.3341571!4d0.6977749!16s%2Fg%2F11k18735c_!19sChIJH6Ij0vnX_EcRL2zGoa-e7F8?authuser=0&hl=fr&rclk=1,Rolesco Tours,5,-9,Fournisseur de systèmes de climatisation,24 Rue Michael Faraday,02 47 21 07 34,https://www.rolesco.fr/
https://www.google.com/maps/place/ARISTON+TOURS+Centre+de+Formation/data=!4m7!3m6!1s0x47fcd4b4eda07b83:0x4b2dedfabf715878!8m2!3d47.4450212!4d0.720942!16s%2Fg%2F1tff2d6l!19sChIJg3ug7bTU_EcReFhxv_rtLUs?authuser=0&hl=fr&rclk=1,ARISTON TOURS Centre de Formation,"2,7",-6,Fournisseur d'équipements de chauffage,·,02 47 27 30 26,http://www.ariston.fr/
https://www.google.com/maps/place/Celsius+Vadala:+Climatisation+-+Pompe+%C3%A0+chaleur+-+Plomberie+-+Chauffage+-+37+-+Tours+-+Chinon+-+Installation/data=!4m7!3m6!1s0x47fd28fd29e9fa65:0x48e3e16e0967fc6!8m2!3d47.269211!4d0.47224!16s%2Fg%2F1tqnkz_5!19sChIJZfrpKf0o_UcRxn-W4BY-jgQ?authuser=0&hl=fr&rclk=1,Celsius Vadala: Climatisation - Pompe à chaleur - Plomberie - Chauffage - 37 - Tours - Chinon - Installation,"4,9",-109,Entrepreneur spécialisé dans les systèmes de CVC,"III, ZA LA LOGE, 2 All. Chalmin",02 47 53 16 21,http://www.froid-pompeachaleur.fr/
https://www.google.com/maps/place/Meunier+%28Ets%29/data=!4m7!3m6!1s0x47fcd4491186b1d3:0x3957dfe2b30dc377!8m2!3d47.3440429!4d0.7313049!16s%2Fg%2F1tf6lkqy!19sChIJ07GGEUnU_EcRd8MNs-LfVzk?authuser=0&hl=fr&rclk=1,Meunier (Ets),"3,8",-22,Chauffagiste,·,02 47 46 15 15,https://www.ets-meunier.fr/
https://www.google.com/maps/place/Les+Compagnons/data=!4m7!3m6!1s0x47fcd6e214a934b1:0x750fdded068e6d8b!8m2!3d47.3302655!4d0.7077438!16s%2Fg%2F11bbwz84m9!19sChIJsTSpFOLW_EcRi22OBu3dD3U?authuser=0&hl=fr&rclk=1,Les Compagnons,"4,6",-337,Chauffagiste,·,02 47 66 24 85,https://www.lescompagnonsfrance.fr/?utm_source=google&utm_medium=local&utm_campaign=fiche_gmb_les_compagnons_chambray
https://www.google.com/maps/place/OBP+Services/data=!4m7!3m6!1s0x249355ff727622f3:0x600ba883fc1e9353!8m2!3d47.4349757!4d1.150316!16s%2Fg%2F11mss36xcn!19sChIJ8yJ2cv9VkyQRU5Me_IOoC2A?authuser=0&hl=fr&rclk=1,OBP Services,5,-26,Plombier,·,06 27 32 46 20,https://www.obpservices.fr/
https://www.google.com/maps/place/Climagine/data=!4m7!3m6!1s0x47fcd5c2bf262b4b:0xe3e5499f5c5db1b!8m2!3d47.3795036!4d0.6752546!16s%2Fg%2F1hc2llkg9!19sChIJSysmv8LV_EcRG9vF9ZlUPg4?authuser=0&hl=fr&rclk=1,Climagine,"4,1",-9,Fournisseur de systèmes de climatisation,21 Rue du Sergent Leclerc,02 47 76 19 30,http://www.climagine.fr/
https://www.google.com/maps/place/Alliance+Services/data=!4m7!3m6!1s0x47fcd7daeb7e350b:0x1f9c71267f7e8868!8m2!3d47.3182063!4d0.657641!16s%2Fg%2F1tds61pt!19sChIJCzV-69rX_EcRaIh-fyZxnB8?authuser=0&hl=fr&rclk=1,Alliance Services,"4,6",-143,Plombier,·,02 47 80 00 01,https://www.allianceservices-depannage.fr/
https://www.google.com/maps/place/ista+Tours/data=!4m7!3m6!1s0x47fd29db18c63ca5:0x9f61451be0aa8add!8m2!3d47.3280869!4d0.698764!16s%2Fg%2F11hdc4t1ff!19sChIJpTzGGNsp_UcR3Yqq4BtFYZ8?authuser=0&hl=fr&rclk=1,ista Tours,"4,2",-94,Fournisseur d'équipements de chauffage,·,02 47 36 48 00,https://www.ista.com/fr?utm_source=gmb
https://www.google.com/maps/place/Proxiserve/data=!4m7!3m6!1s0x47fcd3758a564ff1:0x661ab0fc9412e64e!8m2!3d47.3821527!4d0.761428!16s%2Fg%2F11fp1r6tw4!19sChIJ8U9WinXT_EcRTuYSlPywGmY?authuser=0&hl=fr&rclk=1,Proxiserve,"1,7",-204,Chauffagiste,·,02 34 74 90 14,https://www.proxiserve.fr/agence/l/saint-pierre-des-corps/rue-louise-de-la-valliere/4072248
https://www.google.com/maps/place/Energie+Plus/data=!4m7!3m6!1s0x47fcd25aa7fee8a1:0xccf433322dc63bb8!8m2!3d47.388703!4d0.7466828!16s%2Fg%2F11g6b0tdty!19sChIJoej-p1rS_EcRuDvGLTIz9Mw?authuser=0&hl=fr&rclk=1,Energie Plus,"4,6",-7,Plombier,·,02 47 27 00 11,http://www.energie-plus-37.fr/
https://www.google.com/maps/place/LES37/data=!4m7!3m6!1s0x47fcd6613e27920b:0x58246a5b90c203c4!8m2!3d47.352537!4d0.6903734!16s%2Fg%2F11r4m03rl9!19sChIJC5InPmHW_EcRxAPCkFtqJFg?authuser=0&hl=fr&rclk=1,LES37,"2,6",-5,Entrepreneur,80 Bd de Chinon,09 81 87 48 68,https://les37.com/contact/
https://www.google.com/maps/place/Artinove/data=!4m7!3m6!1s0x47fd28e49f8329e9:0x8ec0d8f3e0f64cba!8m2!3d47.3248566!4d0.5995071!16s%2Fg%2F11hyl53wjh!19sChIJ6SmDn-Qo_UcRukz24PPYwI4?authuser=0&hl=fr&rclk=1,Artinove,"4,6",-591,Chauffagiste,·,02 21 08 07 44,https://www.arti-nove.fr/
https://www.google.com/maps/place/Avenir+%26+Co/data=!4m7!3m6!1s0x47fcd3d08f2cc4db:0xcd9e5755efb0159c!8m2!3d47.31863!4d0.658334!16s%2Fg%2F11vpnq2q0c!19sChIJ28Qsj9DT_EcRnBWw71VXns0?authuser=0&hl=fr&rclk=1,Avenir & Co,"4,9",-42,Travaux généraux,7 Rue de la Flottière,02 47 56 66 61,http://www.avenirandco.com/
https://www.google.com/maps/place/CPC+Services/data=!4m7!3m6!1s0x47fd27b0adde75d9:0x6f0cd9e3383a0c3d!8m2!3d47.300803!4d0.6444815!16s%2Fg%2F11mhy6bpqw!19sChIJ2XXerbAn_UcRPQw6OOPZDG8?authuser=0&hl=fr&rclk=1,CPC Services,"4,9",-77,Chauffagiste,145 Rue Lavoisier,06 87 55 38 38,http://www.cpc-services-37.com/
https://www.google.com/maps/place/Baudat+SAS/data=!4m7!3m6!1s0x47fcd309a2380263:0xfd22b25cedc088e5!8m2!3d47.4096617!4d0.7644122!16s%2Fg%2F1tk4qhz_!19sChIJYwI4ognT_EcR5YjA7VyyIv0?authuser=0&hl=fr&rclk=1,Baudat SAS,"4,5",-14,Chauffagiste,67 bis Quai de la Loire,02 47 51 92 15,
https://www.google.com/maps/place/A%C3%A4sgard+Tours+-+Po%C3%AAle+%C3%A0+bois+-+Po%C3%AAle+%C3%A0+granul%C3%A9s+-+Po%C3%AAle+de+masse+-+Insert+chemin%C3%A9e/data=!4m7!3m6!1s0x47fcd6e30cdb6a23:0x3e05ce4799fc45a3!8m2!3d47.332413!4d0.7069129!16s%2Fg%2F11c2jpyw2r!19sChIJI2rbDOPW_EcRo0X8mUfOBT4?authuser=0&hl=fr&rclk=1,Aäsgard Tours - Poêle à bois - Poêle à granulés - Poêle de masse - Insert cheminée,"4,9",-498,Chauffagiste,·,02 47 27 30 00,https://www.aasgard.fr/magasins/aasgard-tours
https://www.google.com/maps/place/Teploenergies/data=!4m7!3m6!1s0x8e28e40ca9b8238d:0x325561fc6774f6c0!8m2!3d47.4572966!4d0.6733125!16s%2Fg%2F11vll16xr2!19sChIJjSO4qQzkKI4RwPZ0Z_xhVTI?authuser=0&hl=fr&rclk=1,Teploenergies,"4,9",-161,Chauffagiste,5 Rue du Plateau,02 47 67 39 22,https://teploenergies.com/
https://www.google.com/maps/place/Maury-Merceur+%7C+Chauffage+%26+Plomberie/data=!4m7!3m6!1s0x47fd2c5ea1a4d91b:0xe64a8c2a1bfcb4c!8m2!3d47.4031464!4d0.5437144!16s%2Fg%2F1tvgtq1s!19sChIJG9mkoV4s_UcRTMu_ocKoZA4?authuser=0&hl=fr&rclk=1,Maury-Merceur | Chauffage & Plomberie,"4,6",-75,Chauffagiste,·,02 47 55 56 27,https://www.maurymerceur.fr/
https://www.google.com/maps/place/C2TE/data=!4m7!3m6!1s0x47fcd38231e57509:0x23d8b8bd3752d45!8m2!3d47.4346476!4d0.7407619!16s%2Fg%2F11sywyf5p_!19sChIJCXXlMYLT_EcRRS1104uLPQI?authuser=0&hl=fr&rclk=1,C2TE,"3,7",-3,Chauffagiste,13 Rue des Ruers,06 50 96 83 29,https://www.c2te-energies.fr/
https://www.google.com/maps/place/Polygon+France+Tours/data=!4m7!3m6!1s0x47fcd51237acb73d:0xba0018267e5d81ae!8m2!3d47.4082417!4d0.6855818!16s%2Fg%2F11sj9sr5fn!19sChIJPbesNxLV_EcRroFdfiYYALo?authuser=0&hl=fr&rclk=1,Polygon France Tours,3,-2,Entrepreneur spécialisé dans les systèmes de CVC,31 Rue Girard de Vasson,,
https://www.google.com/maps/place/Delalande+Plomberie/data=!4m7!3m6!1s0x47fd2fd3e49c211d:0x6728e25963725fc5!8m2!3d47.3384247!4d0.5570366!16s%2Fg%2F11rjq7t0hp!19sChIJHSGc5NMv_UcRxV9yY1niKGc?authuser=0&hl=fr&rclk=1,Delalande Plomberie,"4,7",-12,Chauffagiste,17 Rte de la Guillonnière,02 47 50 40 84,https://delalande-plomberie.fr/
https://www.google.com/maps/place/TBS+France/data=!4m7!3m6!1s0x47fd298f64053533:0xb01152442b6c6d79!8m2!3d47.2709939!4d0.7095278!16s%2Fg%2F1tc__vhl!19sChIJMzUFZI8p_UcReW1sK0RSEbA?authuser=0&hl=fr&rclk=1,TBS France,"4,3",-33,Chauffagiste,·,02 47 54 22 22,
https://www.google.com/maps/place/FRIGITOURS/data=!4m7!3m6!1s0xaeb0f197857d3b9:0x1305ba15acd8cd60!8m2!3d47.3849497!4d0.4217438!16s%2Fg%2F11q96m_kkb!19sChIJudNXeBkP6woRYM3YrBW6BRM?authuser=0&hl=fr&rclk=1,FRIGITOURS,5,-51,Fournisseur de systèmes de climatisation,1 Bis Rue Paul Louis Courier,07 81 96 10 10,https://www.frigitours.fr/
https://www.google.com/maps/place/Thermo+M%C3%A9thode/data=!4m7!3m6!1s0x47fcd73f7dc78f27:0xf86d9e9d5000353d!8m2!3d47.3625145!4d0.6963538!16s%2Fg%2F11q4jvz169!19sChIJJ4_HfT_X_EcRPTUAUJ2ebfg?authuser=0&hl=fr&rclk=1,Thermo Méthode,,,Chauffagiste,6 Av. de l'Alouette,06 52 03 89 82,
https://www.google.com/maps/place/MH2EAU/data=!4m7!3m6!1s0xa9fcce1c0ca5c055:0xc3d5a8487d94e57d!8m2!3d47.2232916!4d0.7093931!16s%2Fg%2F11yf264ncy!19sChIJVcClDBzO_KkRfeWUfUio1cM?authuser=0&hl=fr&rclk=1,MH2EAU,5,-27,Plombier,·,06 68 45 43 58,https://sites.google.com/view/mh2eau/accueil
https://www.google.com/maps/place/PPF+Tours/data=!4m7!3m6!1s0x47fd29eb24b0f503:0x72a6d6c62be4e6d7!8m2!3d47.340254!4d0.629886!16s%2Fg%2F11gjx04w9s!19sChIJA_WwJOsp_UcR1-bkK8bWpnI?authuser=0&hl=fr&rclk=1,PPF Tours,"4,7",-510,Chauffagiste,9 Rue Nicolas Appert,02 85 52 19 79,https://ppf.fr/reseau-ppf/ppf-notre-reseau/agence-ppf-37-tours/
https://www.google.com/maps/place/Jourdain+Et+Fils/data=!4m7!3m6!1s0x47fcd5daffffffff:0x9a569887a68042a0!8m2!3d47.3770294!4d0.6753113!16s%2Fg%2F11gj4rrzm1!19sChIJ_____9rV_EcRoEKApoeYVpo?authuser=0&hl=fr&rclk=1,Jourdain Et Fils,"3,3",-7,Chaudronnerie,·,02 47 61 45 72,https://www.jourdainetfils-cintrage-tours.fr/
https://www.google.com/maps/place/Anvolia+Pro+37/data=!4m7!3m6!1s0x47fcd62483d44525:0x3b08f0bcb36deb93!8m2!3d47.3206849!4d0.6597901!16s%2Fg%2F1tf5_ng7!19sChIJJUXUgyTW_EcRk-tts7zwCDs?authuser=0&hl=fr&rclk=1,Anvolia Pro 37,"2,4",-5,Entrepreneur spécialisé dans les systèmes de CVC,19ter Rue de la Flottière,02 47 41 52 02,http://www.anvolia.com/
https://www.google.com/maps/place/UBBAK+Tours/data=!4m7!3m6!1s0x47e2c17249fe10d7:0xd0323623085ea7d2!8m2!3d47.4423234!4d0.6970554!16s%2Fg%2F1tdkfyj4!19sChIJ1xD-SXLB4kcR0qdeCCM2MtA?authuser=0&hl=fr&rclk=1,UBBAK Tours,"3,8",-8,Entrepreneur spécialisé dans les systèmes de CVC,8 rue olof palme,02 43 38 10 10,https://www.ubbak.com/
https://www.google.com/maps/place/Delaine+Christophe/data=!4m7!3m6!1s0x47fcd70022b017a3:0xb76040149b5df9a!8m2!3d47.3245513!4d0.6724843!16s%2Fg%2F11w3gssfl4!19sChIJoxewIgDX_EcRmt-1SQEEdgs?authuser=0&hl=fr&rclk=1,Delaine Christophe,5,-2,Plombier,3 Rte des Rosiers,02 47 53 92 52,
https://www.google.com/maps/place/Avitec37/data=!4m7!3m6!1s0x47fcd44909486123:0x9bf4d364acd8bd8f!8m2!3d47.3493285!4d0.7717873!16s%2Fg%2F11h4mw2mf9!19sChIJI2FICUnU_EcRj73YrGTT9Js?authuser=0&hl=fr&rclk=1,Avitec37,5,-24,Entrepreneur spécialisé dans la restauration après dégât des eaux,7 Rue de la Gratiole,06 10 36 06 41,https://avitec37270.com/fr/page/accueil
https://www.google.com/maps/place/HELP+CONFORT+TOURS/data=!4m7!3m6!1s0x47fd294d3539aa4f:0x33c59526ff59eea0!8m2!3d47.300802!4d0.644225!16s%2Fg%2F11t3cvl3py!19sChIJT6o5NU0p_UcRoO5Z_yaVxTM?authuser=0&hl=fr&rclk=1,HELP CONFORT TOURS,"4,4",-28,Plombier,145 Rue Lavoisier,02 47 36 04 58,https://www.helpconfort.com/agency/115-help-confort-tours
https://www.google.com/maps/place/Snee/data=!4m7!3m6!1s0x47fcd49ded94b015:0x56bdc5ed57fe5043!8m2!3d47.340977!4d0.6334125!16s%2Fg%2F1w6r7mwn!19sChIJFbCU7Z3U_EcRQ1D-V-3FvVY?authuser=0&hl=fr&rclk=1,Snee,"3,3",-8,Plombier,23 Rue Nicolas Appert,02 47 55 36 72,https://snee.soflux.fr/?utm_source=gmb
https://www.google.com/maps/place/Entreprise+BESS%C3%89/data=!4m7!3m6!1s0x47fcc93146973fed:0xed19aae54e7b95d6!8m2!3d47.3301253!4d0.9189567!16s%2Fg%2F1vgqcg0t!19sChIJ7T-XRjHJ_EcR1pV7TuWqGe0?authuser=0&hl=fr&rclk=1,Entreprise BESSÉ,4,-65,Plombier,"ZA La, Ferrière",02 47 50 68 35,http://www.entreprisebesse.fr/
https://www.google.com/maps/place/Actemium+Tours/data=!4m7!3m6!1s0x47fcd53f0c6a308b:0xa02b4bfeda3392cf!8m2!3d47.4501652!4d0.7265822!16s%2Fg%2F11cnb36wsy!19sChIJizBqDD_V_EcRz5Iz2v5LK6A?authuser=0&hl=fr&rclk=1,Actemium Tours,5,-1,Plombier,La Coudrière,02 47 88 12 28,http://www.actemium.com/
https://www.google.com/maps/place/TOURAINE+ENERGIE+INSTALLATION/data=!4m7!3m6!1s0x47fd2d5a57ba6d8b:0x4469e40cfd4001db!8m2!3d47.4037727!4d0.5457846!16s%2Fg%2F11dyx4n3b2!19sChIJi226V1ot_UcR2wFA_QzkaUQ?authuser=0&hl=fr&rclk=1,TOURAINE ENERGIE INSTALLATION,5,-5,Plombier,"Z.I. Nord les Pins, 40 D6",06 22 26 58 38,http://www.touraine-energie-installation.fr/
https://www.google.com/maps/place/MH+Plomberie+Tours/data=!4m7!3m6!1s0x47fcd5d3ca6724bd:0x6b6223e8be1aff92!8m2!3d47.6608209!4d1.3044368!16s%2Fg%2F11hf7kxdgc!19sChIJvSRnytPV_EcRkv8avugjYms?authuser=0&hl=fr&rclk=1,MH Plomberie Tours,"4,8",-85,Plombier,·,06 68 42 23 17,
https://www.google.com/maps/place/SAS+GERARD+VAN+MEER/data=!4m7!3m6!1s0x47fd25d680d81f5f:0x1bce4d1f7ff45c11!8m2!3d47.25671!4d0.568591!16s%2Fg%2F11gfdbmztg!19sChIJXx_YgNYl_UcREVz0fx9Nzhs?authuser=0&hl=fr&rclk=1,SAS GERARD VAN MEER,"4,7",-49,Chauffagiste,3 Rue des Artisans,02 47 26 84 02,https://www.chauffage-vanmeer.com/?utm_medium=referral&utm_source=gmb&utm_campaign=lnk-gmb
https://www.google.com/maps/place/CM2D+Plomberie/data=!4m7!3m6!1s0x47e32dcf4580680d:0x1a53c5a4fe0bd8ec!8m2!3d47.5104102!4d0.7905501!16s%2Fg%2F11cn7fdqjd!19sChIJDWiARc8t40cR7NgL_qTFUxo?authuser=0&hl=fr&rclk=1,CM2D Plomberie,"4,9",-34,Chauffagiste,22 Rue de la Pierre À Bidault,02 47 22 66 77,
https://www.google.com/maps/place/Montage+Services+37/data=!4m7!3m6!1s0x47fcd51d4a3eb997:0x1b096d93b326db38!8m2!3d47.389438!4d0.6763015!16s%2Fg%2F11yb6knwbb!19sChIJl7k-Sh3V_EcRONsms5NtCRs?authuser=0&hl=fr&rclk=1,Montage Services 37,5,-7,Plombier,36 Rue Champoiseau,06 52 22 23 21,
https://www.google.com/maps/place/Tours+Hydro/data=!4m7!3m6!1s0x47fcd4da7a7e0093:0x4cb3f315c3b6f5e4!8m2!3d47.436798!4d0.703477!16s%2Fg%2F11gy1fh3vb!19sChIJkwB-etrU_EcR5PW2wxXzs0w?authuser=0&hl=fr&rclk=1,Tours Hydro,5,-7,Fournisseur de flexibles,27 Rue Christian Huygens,02 47 37 97 45,http://tourshydro.fr/
https://www.google.com/maps/place/ERCC+MAINTENANCE/data=!4m7!3m6!1s0x47fcd95f6269f611:0x22a2e8722fb68f6a!8m2!3d47.4348058!4d0.7064882!16s%2Fg%2F11j3j84j3x!19sChIJEfZpYl_Z_EcRao-2L3LooiI?authuser=0&hl=fr&rclk=1,ERCC MAINTENANCE,,,Entrepreneur spécialisé dans les systèmes de CVC,7 All. Colette Duval,02 38 22 35 10,http://ercc.fr/
https://www.google.com/maps/place/Ribeiro+Sarl/data=!4m7!3m6!1s0x47fcd4e7bf9c7e47:0x5e65f7d6f639550f!8m2!3d47.4255474!4d0.7048318!16s%2Fg%2F11ddxsjxm_!19sChIJR36cv-fU_EcRD1U59tb3ZV4?authuser=0&hl=fr&rclk=1,Ribeiro Sarl,"3,2",-16,Fabricant de cheminées,40 Rue Védrines,02 47 35 50 00,
https://www.google.com/maps/place/Avenir+R%C3%A9novations+Abbeville/data=!4m7!3m6!1s0x47e77b6799df0e83:0x94817bbc4594cd01!8m2!3d49.885561!4d2.02052!16s%2Fg%2F11kqss9hmn!19sChIJgw7fmWd750cRAc2URbx7gZQ?authuser=0&hl=fr&rclk=1,Avenir Rénovations Abbeville,5,-53,Travaux généraux,36 Rue des Dragonesses,03 53 64 05 38,https://www.google.com/aclk?sa=L&ai=DChsSEwjr_6Trvr2UAxVUUUECHXodOu0YACICCAEQARoCd3M&co=1&ase=2&gclid=CjwKCAjwq6DQBhBVEiwA4ZD5XF5fr2fDWNvPGA6iiJkHLw0sT1XHDn7fXI7JkNMjKAcjKQYKIdHgohoC3k8QAvD_BwE&cce=2&category=acrcp_v1_32&sig=AOD64_2moHbi__12U1dRVc_k7EPDTfxFXQ&adurl&q&ctype=99&nis=6
https://www.google.com/maps/place/ENGIE+Home+Services/data=!4m7!3m6!1s0x47e7830e8ec698d3:0xeda1397ad8ba815f!8m2!3d49.867464!4d2.39653!16s%2Fg%2F1th09rrw!19sChIJ05jGjg6D50cRX4G62Ho5oe0?authuser=0&hl=fr&rclk=1,ENGIE Home Services,"3,9",-437,Chauffagiste,8 Allée de Maître Zacharius,03 22 46 48 00,https://www.google.com/aclk?sa=L&ai=DChsSEwjr_6Trvr2UAxVUUUECHXodOu0YACICCAEQAhoCd3M&co=1&ase=2&gclid=CjwKCAjwq6DQBhBVEiwA4ZD5XF9LW1k0zSHJBjMXwgxwkakP8tQ_TGCdPVU7wXYXpWZzUpmGLxzNWxoCmKwQAvD_BwE&cce=2&category=acrcp_v1_32&sig=AOD64_11h9JImj_JCDIzlOt1-E2LxEza4A&adurl&q&ctype=99&nis=6
https://www.google.com/maps/place/Thermique+et+Sanitaire+Picard/data=!4m7!3m6!1s0x47e78444d9215555:0xb59f4da4cc8c6658!8m2!3d49.8840889!4d2.3000168!16s%2Fg%2F11f_kp4vj6!19sChIJVVUh2USE50cRWGaMzKRNn7U?authuser=0&hl=fr&rclk=1,Thermique et Sanitaire Picard,"4,3",-56,Chauffagiste,16 Rue Dhavernas,03 22 95 03 80,https://www.thermique-sanitaire-picard.fr/tsp/
https://www.google.com/maps/place/REM+Plomberie+%26+Chauffage+-+Amiens/data=!4m7!3m6!1s0x47e78756864a7825:0xb0f51bf2bdcac99f!8m2!3d49.9145757!4d2.3015068!16s%2Fg%2F11t516p2p8!19sChIJJXhKhlaH50cRn8nKvfIb9bA?authuser=0&hl=fr&rclk=1,REM Plomberie & Chauffage - Amiens,"4,9",-43,Chauffagiste,2 All. de la Belle Saison,06 25 99 98 83,http://www.rem-plomberie-amiens.fr/
https://www.google.com/maps/place/H2eau+plomberie+-+chauffage+-+d%C3%A9pannage+-+recherche+de+fuite+enterr%C3%A9e+-+climatisation/data=!4m7!3m6!1s0xd5932cf56dfeab7:0xb10359cdaf65603b!8m2!3d49.8829518!4d2.3299262!16s%2Fg%2F11kk07rjtl!19sChIJt-rfVs8yWQ0RO2Blr81ZA7E?authuser=0&hl=fr&rclk=1,H2eau plomberie - chauffage - dépannage - recherche de fuite enterrée - climatisation,5,-105,Chauffagiste,"H2eau.amiens@gmail.com, 71 Rue de l'Étoile",07 45 18 52 82,
https://www.google.com/maps/place/Cailleux+Jacques/data=!4m7!3m6!1s0x47e7843aa68aa8f7:0x4834a81d32c75e1a!8m2!3d49.902821!4d2.3044072!16s%2Fg%2F11dzdh79xw!19sChIJ96iKpjqE50cRGl7HMh2oNEg?authuser=0&hl=fr&rclk=1,Cailleux Jacques,"4,1",-91,Chauffagiste,·,03 22 43 72 70,http://www.jacquescailleux.fr/
https://www.google.com/maps/place/CSC+Confort/data=!4m7!3m6!1s0x47e783e0e2fd3d7d:0xbe86ba34405437c5!8m2!3d49.9117353!4d2.2521266!16s%2Fg%2F1wb8t053!19sChIJfT394uCD50cRxTdUQDS6hr4?authuser=0&hl=fr&rclk=1,CSC Confort,"4,4",-77,Chauffagiste,564 Rue d'Abbeville,03 22 44 91 64,https://www.csc-confort.com/
https://www.google.com/maps/place/SARL+RENARD/data=!4m7!3m6!1s0x47e7844dda7c038b:0x485e44759bf9bc62!8m2!3d49.8855856!4d2.3313167!16s%2Fg%2F11ckqr9tk_!19sChIJiwN82k2E50cRYrz5m3VEXkg?authuser=0&hl=fr&rclk=1,SARL RENARD,"4,7",-59,Chauffagiste,3 Rue Renée Cossin,09 54 24 34 34,
https://www.google.com/maps/place/LE+PLOMBIER+-+MOKHBERIAN+ALAIN/data=!4m7!3m6!1s0x47e7853f482310c9:0x3c44c9d6fa4984cb!8m2!3d49.8783653!4d2.279936!16s%2Fg%2F11m9sb444z!19sChIJyRAjSD-F50cRy4RJ-tbJRDw?authuser=0&hl=fr&rclk=1,LE PLOMBIER - MOKHBERIAN ALAIN,5,-305,Plombier,38 Av. du Soulier de Satin,06 70 49 82 57,https://leplombier-amiens.fr/
https://www.google.com/maps/place/ACB+Energies/data=!4m7!3m6!1s0x47e785ac7150cbf5:0xe4b10352b6758c91!8m2!3d49.8814584!4d2.3314812!16s%2Fg%2F11jj3scz9s!19sChIJ9ctQcayF50cRkYx1tlIDseQ?authuser=0&hl=fr&rclk=1,ACB Energies,5,-7,Chauffagiste,18 Rue Danton,03 22 22 08 94,
https://www.google.com/maps/place/NSPC+plombier/data=!4m7!3m6!1s0x47e7879b305afa47:0x980286f54799ea4e!8m2!3d49.9138304!4d2.3255416!16s%2Fg%2F11rq2jcn02!19sChIJR_paMJuH50cRTuqZR_WGApg?authuser=0&hl=fr&rclk=1,NSPC plombier,"4,1",-42,Plombier,15 Rue de la Rochefoucauld,06 24 94 91 64,
https://www.google.com/maps/place/Saniconfort/data=!4m7!3m6!1s0x47e785bafbb0a59f:0xa05fac0d77777935!8m2!3d49.8971616!4d2.2910832!16s%2Fg%2F11nxbv3yjy!19sChIJn6Ww-7qF50cRNXl3dw2sX6A?authuser=0&hl=fr&rclk=1,Saniconfort,"4,7",-33,Plombier,1 Rue du Grand Vidame,06 06 79 80 86,https://www.saniconfort-amiens.fr/
https://www.google.com/maps/place/Leroux+Claude+Et+Fils/data=!4m7!3m6!1s0x47e7842e5c2c71d1:0xd45cf7ea0022c273!8m2!3d49.905675!4d2.3088716!16s%2Fg%2F11ghpp6k6q!19sChIJ0XEsXC6E50cRc8IiAOr3XNQ?authuser=0&hl=fr&rclk=1,Leroux Claude Et Fils,"3,6",-25,Plombier,49 Rue Louis Ruffel,03 22 43 33 28,http://www.lerouxclaudeetfils.com/
https://www.google.com/maps/place/Daussy+%26+Martin+SARL/data=!4m7!3m6!1s0x47e7891245c27013:0xcbddd169ca8b6ef9!8m2!3d49.9005273!4d2.3558906!16s%2Fg%2F11f004pdjk!19sChIJE3DCRRKJ50cR-W6LymnR3cs?authuser=0&hl=fr&rclk=1,Daussy & Martin SARL,"4,7",-120,Chauffagiste,386 Rue Stéphane Hessel,03 60 24 77 73,http://www.daussy-martin.fr/
https://www.google.com/maps/place/FES+CLIMATIQUE/data=!4m7!3m6!1s0x47e7831f9d16e973:0x199c2bc58242b1af!8m2!3d49.906318!4d2.2643999!16s%2Fg%2F11rk2953w7!19sChIJc-kWnR-D50cRr7FCgsUrnBk?authuser=0&hl=fr&rclk=1,FES CLIMATIQUE,5,-20,Service de réparation de systèmes de climatisation,77 Rue de Dreuil,06 60 94 72 30,https://www.facebook.com/FESClimatique/
https://www.google.com/maps/place/Global+Energie/data=!4m7!3m6!1s0x47e785f6d2836e0f:0x85a786b8969bc35c!8m2!3d49.9127239!4d2.3018522!16s%2Fg%2F11fsmv_zzm!19sChIJD26D0vaF50cRXMOblriGp4U?authuser=0&hl=fr&rclk=1,Global Energie,"4,6",-9,Chauffagiste,·,03 75 00 59 69,https://global-energie.eu/
https://www.google.com/maps/place/SARL+V%C3%A9chart/data=!4m7!3m6!1s0x47e785b070340001:0xe5fb79f9d2695697!8m2!3d49.884457!4d2.325757!16s%2Fg%2F11hz8s7bxk!19sChIJAQA0cLCF50cRl1Zp0vl5--U?authuser=0&hl=fr&rclk=1,SARL Véchart,"3,7",-64,Chauffagiste,44 Rue Diderot,03 22 46 32 96,https://vechart.net/
"https://www.google.com/maps/place/Chauffagiste+Izi+confort,+groupe+EDF/data=!4m7!3m6!1s0x47e785ae1113d497:0x6823cffc520efeff!8m2!3d49.8991554!4d2.3408451!16s%2Fg%2F1tffnnv7!19sChIJl9QTEa6F50cR__4OUvzPI2g?authuser=0&hl=fr&rclk=1","Chauffagiste Izi confort, groupe EDF","4,5",-383,Chauffagiste,·,03 22 47 40 41,https://www.izi-by-edf-entretien.fr/?at_medium=Gmb&at_campaign=amiens
https://www.google.com/maps/place/Parin+Claidiere/data=!4m7!3m6!1s0x47e7843a0bf4ddcb:0xf8ee5ec09bb6fb25!8m2!3d49.8643819!4d2.3857712!16s%2Fg%2F11hd1r4nn7!19sChIJy930CzqE50cRJfu2m8Be7vg?authuser=0&hl=fr&rclk=1,Parin Claidiere,"3,2",-63,Entreprise de construction,·,03 22 71 69 00,http://www.parin-claidiere-amiens.fr/
https://www.google.com/maps/place/Gaetan+Lefebvre+Sasu/data=!4m7!3m6!1s0x47e7853bc5135597:0x13918e40f88a330b!8m2!3d49.8760662!4d2.3321847!16s%2Fg%2F11f62lzhpf!19sChIJl1UTxTuF50cRCzOK-ECOkRM?authuser=0&hl=fr&rclk=1,Gaetan Lefebvre Sasu,"4,7",-13,Plombier,36 Rue René Boileau,03 22 46 63 12,
https://www.google.com/maps/place/Habitat+Eco+Energies/data=!4m7!3m6!1s0x47e7830e8a56459f:0xe9150d288f882ee!8m2!3d49.873609!4d2.280761!16s%2Fg%2F11bbrhcq4k!19sChIJn0VWig6D50cR7oL4iNJQkQ4?authuser=0&hl=fr&rclk=1,Habitat Eco Energies,"4,9",-273,Magasin de poêles à bois,·,03 60 62 00 26,https://www.habitat-eco-energies.fr/
https://www.google.com/maps/place/SAS+Df/data=!4m7!3m6!1s0x47e783dc89be12bf:0x124a0e45db4050c2!8m2!3d49.9133758!4d2.2314512!16s%2Fg%2F11vzyc3rf6!19sChIJvxK-idyD50cRwlBA20UOShI?authuser=0&hl=fr&rclk=1,SAS Df,5,-3,Chauffagiste,10 Av. Jules Ferry,09 62 51 89 85,http://www.sasdf.fr/
https://www.google.com/maps/place/Leblanc/data=!4m7!3m6!1s0x47e7840f916b254d:0xe4997b590f1b23c5!8m2!3d49.9038768!4d2.2780162!16s%2Fg%2F1th233fj!19sChIJTSVrkQ-E50cRxSMbD1l7meQ?authuser=0&hl=fr&rclk=1,Leblanc,"4,5",-76,Magasin de bricolage,·,03 22 44 77 00,http://www.leblanc-sa.com/
https://www.google.com/maps/place/Dambreville+SAS/data=!4m7!3m6!1s0x47e78fa69bf99763:0x324f9b45b06ca361!8m2!3d49.9697584!4d2.2914934!16s%2Fg%2F11c2mwtfpx!19sChIJY5f5m6aP50cRYaNssEWbTzI?authuser=0&hl=fr&rclk=1,Dambreville SAS,"3,9",-19,Chauffagiste,·,03 22 71 01 01,http://www.dambreville-chauffage-couverture.fr/
https://www.google.com/maps/place/ENGIE+Home+Services/data=!4m7!3m6!1s0x47e7830e8ec698d3:0xeda1397ad8ba815f!8m2!3d49.8674644!4d2.3965303!16s%2Fg%2F1th09rrw!19sChIJ05jGjg6D50cRX4G62Ho5oe0?authuser=0&hl=fr&rclk=1,ENGIE Home Services,"3,9",-437,Chauffagiste,8 All. de Maître Zacharius,03 22 46 48 00,https://agence.engie-homeservices.fr/6-engie-home-services-amiens?utm_source=gmb
https://www.google.com/maps/place/La+Compagnie+des+d%C3%A9boucheurs+secteur+Somme+80+Amiens/data=!4m7!3m6!1s0x47e78501b21241e3:0xaaa18cd1f438162a!8m2!3d49.8952832!4d2.2967956!16s%2Fg%2F11ldgw3wrt!19sChIJ40ESsgGF50cRKhY49NGMoao?authuser=0&hl=fr&rclk=1,La Compagnie des déboucheurs secteur Somme 80 Amiens,5,-407,Service d'assainissement,6 Rue des Chaudronniers,03 75 00 16 16,https://www.compagnie-deboucheurs.com/somme/?utm_source=google&utm_medium=organic&utm_campaign=gmb&utm_content=bouton
https://www.google.com/maps/place/Demollien/data=!4m7!3m6!1s0x47e7850360b181f9:0x96394b55c32f8bb4!8m2!3d49.9069664!4d2.3218044!16s%2Fg%2F11gjnpphzh!19sChIJ-YGxYAOF50cRtIsvw1VLOZY?authuser=0&hl=fr&rclk=1,Demollien,"3,8",-58,Chauffagiste,10 Av. de la Défense Passive,03 22 91 03 50,
https://www.google.com/maps/place/Cdls/data=!4m7!3m6!1s0x47e785c9f3046043:0xaba3321c53fd7026!8m2!3d49.8954163!4d2.2923161!16s%2Fg%2F11h3g9j21v!19sChIJQ2AE88mF50cRJnD9Uxwyo6s?authuser=0&hl=fr&rclk=1,Cdls,2,-10,Chauffagiste,14 Rue Jean Calvin,03 22 42 91 99,http://www.cdls-serrurerie.fr/
https://www.google.com/maps/place/Bigot+entreprise/data=!4m7!3m6!1s0x47e783ad8e20c1cb:0x16f29eb17c4ff178!8m2!3d49.9697584!4d2.2914934!16s%2Fg%2F11df3zbkqm!19sChIJy8Egjq2D50cRePFPfLGe8hY?authuser=0&hl=fr&rclk=1,Bigot entreprise,5,-6,Chauffagiste,·,06 58 64 39 52,
https://www.google.com/maps/place/Amiens+Energies/data=!4m7!3m6!1s0x47e7844a37aaaaab:0xdf91487fab37e1c4!8m2!3d49.891136!4d2.3108986!16s%2Fg%2F11h31z87y6!19sChIJq6qqN0qE50cRxOE3q39Ikd8?authuser=0&hl=fr&rclk=1,Amiens Energies,2,-4,Plombier,80 Rue de la Vallée,03 22 34 16 30,
https://www.google.com/maps/place/Sidem+Electricite/data=!4m7!3m6!1s0x47e786ba5a8b3065:0x4269367f4c0dca0f!8m2!3d49.9275866!4d2.2851892!16s%2Fg%2F11j8ln6zlw!19sChIJZTCLWrqG50cRD8oNTH82aUI?authuser=0&hl=fr&rclk=1,Sidem Electricite,"4,8",-23,Électricien,16 Rue André Durouchez,03 22 71 61 20,
https://www.google.com/maps/place/Eiffage+Construction+Picardie+-+Amiens/data=!4m7!3m6!1s0x47e78489e6cf1c7b:0x984b0626434d866e!8m2!3d49.8729972!4d2.2838745!16s%2Fg%2F11fj1_5p13!19sChIJexzP5omE50cRboZNQyYGS5g?authuser=0&hl=fr&rclk=1,Eiffage Construction Picardie - Amiens,"3,8",-11,Entreprise de construction,·,03 22 33 80 00,https://www.eiffageconstruction.com/
https://www.google.com/maps/place/Eiffage+Route+-+%C3%89tablissement+Picardie+-+Amiens/data=!4m7!3m6!1s0x47e784066e2a138b:0x53578f8fe2f5f85b!8m2!3d49.9103338!4d2.2655127!16s%2Fg%2F1td0xsyc!19sChIJixMqbgaE50cRW_j14o-PV1M?authuser=0&hl=fr&rclk=1,Eiffage Route - Établissement Picardie - Amiens,"3,8",-9,Société de travaux publics,116 Rue de Sully,03 22 43 22 82,https://www.eiffageroute.com/
https://www.google.com/maps/place/Somme+R%C3%A9nove/data=!4m7!3m6!1s0x47e7ed29a168ec49:0x85a95aa0b3da62c6!8m2!3d49.8964148!4d2.2922089!16s%2Fg%2F11j8k4xcr2!19sChIJSexooSnt50cRxmLas6BaqYU?authuser=0&hl=fr&rclk=1,Somme Rénove,5,-25,Constructeur immobilier,7 Rue de la Hotoie,06 85 43 03 41,https://somme-renove.fr/
https://www.google.com/maps/place/AMALIA/data=!4m7!3m6!1s0x47e77f096ad9d6b5:0x67096f550a761739!8m2!3d49.8924765!4d2.2736231!16s%2Fg%2F1tqydttm!19sChIJtdbZagl_50cRORd2ClVvCWc?authuser=0&hl=fr&rclk=1,AMALIA,5,-2,Plombier,12 Rue Colbert,03 22 44 18 39,https://www.ent-amalia.fr/
https://www.google.com/maps/place/PPF+Limoges/data=!4m7!3m6!1s0x47f9353ac1772fa1:0x5a4207d612911449!8m2!3d45.88568!4d1.28794!16s%2Fg%2F11h3zfz9k_!19sChIJoS93wTo1-UcRSRSREtYHQlo?authuser=0&hl=fr&rclk=1,PPF Limoges,"4,2",-55,Solutions et équipement énergétiques,21 Rue Claude Henri Gorceix,05 35 54 06 42,https://www.google.com/aclk?sa=L&ai=DChsSEwj6zJv7vr2UAxVHPAYAHXB7E7QYACICCAEQBBoCd3M&co=1&ase=2&gclid=CjwKCAjwq6DQBhBVEiwA4ZD5XCn3MB9zSS6FgubyYBoZB8-1Ed0f3Rdpbi5-q_n6fIxnytMtcXmhXBoCgwgQAvD_BwE&cce=2&category=acrcp_v1_32&sig=AOD64_0nl4D8MbcsHkhR39MCL_E4T5d5Tw&adurl&q&ctype=99&nis=6
https://www.google.com/maps/place/Entreprise+Gr%C3%A9goire+R%C3%A9nov%27/data=!4m7!3m6!1s0x47f934137b423569:0x95ee830663ec671!8m2!3d45.833707!4d1.313354!16s%2Fg%2F1v41ztp2!19sChIJaTVCexM0-UcRccY-ZjDoXgk?authuser=0&hl=fr&rclk=1,Entreprise Grégoire Rénov',4,-34,Spécialiste de la salle de bains,17 Rue d'Arsonval,05 55 31 38 43,https://www.google.com/aclk?sa=L&ai=DChsSEwj6zJv7vr2UAxVHPAYAHXB7E7QYACICCAEQBhoCd3M&co=1&ase=2&gclid=CjwKCAjwq6DQBhBVEiwA4ZD5XGwYCJb6w7r3_SIEYFmfshTtbB-KQLT-EeqMPGNGk9AuqCfTKXL6xhoCQk0QAvD_BwE&cce=2&category=acrcp_v1_32&sig=AOD64_0TBxFy9JefyIeXbVhdUT6TWDncjQ&adurl&q&ctype=99&nis=6
https://www.google.com/maps/place/Maciejowski+Services/data=!4m7!3m6!1s0x47f93573259361e3:0xb08a59ac9bb9e3ff!8m2!3d45.8780452!4d1.2824373!16s%2Fg%2F1td7sk1y!19sChIJ42GTJXM1-UcR_-O5m6xZirA?authuser=0&hl=fr&rclk=1,Maciejowski Services,"4,3",-286,Chauffagiste,·,05 55 36 00 00,https://maciejowski.fr/
https://www.google.com/maps/place/SAV+Darthou+et+Fils/data=!4m7!3m6!1s0x47f93367073207eb:0xd667d19189b1f13f!8m2!3d45.8138656!4d1.2691987!16s%2Fg%2F1v76y_xr!19sChIJ6wcyB2cz-UcRP_GxiZHRZ9Y?authuser=0&hl=fr&rclk=1,SAV Darthou et Fils,"3,8",-102,Chauffagiste,·,05 55 30 18 50,http://www.chauffage-darthou.fr/?utm_source=gmb
https://www.google.com/maps/place/BOUGNOTEAU+SAS/data=!4m7!3m6!1s0x47f934ef0b991b0b:0x29f9192b7ac4b95b!8m2!3d45.8478465!4d1.2759074!16s%2Fg%2F1xcbn_04!19sChIJCxuZC-80-UcRW7nEeisZ-Sk?authuser=0&hl=fr&rclk=1,BOUGNOTEAU SAS,"3,9",-102,Chauffagiste,·,05 55 38 10 30,http://www.bougnoteau.com/
https://www.google.com/maps/place/LIMOUSIN+DEPANNAGE/data=!4m7!3m6!1s0x47f93570045e2a45:0x90af6b2e7268647!8m2!3d45.8272667!4d1.2582661!16s%2Fg%2F11q1s4kswd!19sChIJRSpeBHA1-UcRR4Ym57L2Cgk?authuser=0&hl=fr&rclk=1,LIMOUSIN DEPANNAGE,"4,7",-25,Chauffagiste,3 Rue Guillaume Dupuytren,05 55 34 54 58,http://www.limousindepannage.wordpress.com/
https://www.google.com/maps/place/CONFORT%27TECH+-+Axenergie+Limoges/data=!4m7!3m6!1s0x47f93302238d653f:0x27fa3d0bca0523e3!8m2!3d45.8176016!4d1.2364674!16s%2Fg%2F11dy1kcqxb!19sChIJP2WNIwIz-UcR4yMFygs9-ic?authuser=0&hl=fr&rclk=1,CONFORT'TECH - Axenergie Limoges,"4,2",-42,Chauffagiste,·,05 55 30 72 61,http://www.confort-tech.fr/
https://www.google.com/maps/place/Accen/data=!4m7!3m6!1s0x47f934dc3327fe27:0x6951af41161ca943!8m2!3d45.8510093!4d1.260694!16s%2Fg%2F113hdfl70!19sChIJJ_4nM9w0-UcRQ6kcFkGvUWk?authuser=0&hl=fr&rclk=1,Accen,5,-40,Chauffagiste,·,05 55 56 32 79,
https://www.google.com/maps/place/Lim-Pac/data=!4m7!3m6!1s0x47f9347efe28ca6f:0x8ba060c858b9090d!8m2!3d45.8852815!4d1.2767178!16s%2Fg%2F11g6b3ztf9!19sChIJb8oo_n40-UcRDQm5WMhgoIs?authuser=0&hl=fr&rclk=1,Lim-Pac,"4,5",-163,Chauffagiste,37 Rue Barthélémy Thimonnier,05 55 08 69 67,https://www.lim-pac.fr/
https://www.google.com/maps/place/Vevaud+Delta+Services/data=!4m7!3m6!1s0x47feca238f34a7f9:0xfdc3d7d861edca48!8m2!3d45.8744617!4d1.1782137!16s%2Fg%2F1vlk0ygb!19sChIJ-ac0jyPK_kcRSMrtYdjXw_0?authuser=0&hl=fr&rclk=1,Vevaud Delta Services,"4,8",-72,Plombier,60 Av. Du Général René Chambe,05 55 48 05 41,http://www.vevaud-plomberie-electricite-limoges.fr/?utm_source=gmb
https://www.google.com/maps/place/A2E/data=!4m7!3m6!1s0x47f935a0eb9da795:0x95ec867bc1a792d8!8m2!3d45.8139967!4d1.2497277!16s%2Fg%2F11fsfpkvy9!19sChIJlaed66A1-UcR2JKnwXuG7JU?authuser=0&hl=fr&rclk=1,A2E,"4,7",-28,Chauffagiste,"Le Moulin De La Garde, 38 Rte de Condat",05 55 89 90 92,https://www.a2e-limoges.fr/?utm_source=gmb
https://www.google.com/maps/place/SARL+Fontaine+Serge/data=!4m7!3m6!1s0x47f93555accc39f3:0x8a649af7694709c8!8m2!3d45.884219!4d1.3016211!16s%2Fg%2F11fm54l4kt!19sChIJ8znMrFU1-UcRyAlHafeaZIo?authuser=0&hl=fr&rclk=1,SARL Fontaine Serge,"4,3",-61,Chauffagiste,·,05 55 37 57 48,https://sarlsergefontaine.fr/
https://www.google.com/maps/place/Jo%C3%ABl+MORTIER+et+fils/data=!4m7!3m6!1s0x47fecca714b2e0ff:0x96601e26967fabdc!8m2!3d45.8213733!4d1.2340333!16s%2Fg%2F1w0h6wn2!19sChIJ_-CyFKfM_kcR3Kt_liYeYJY?authuser=0&hl=fr&rclk=1,Joël MORTIER et fils,"4,3",-58,Chauffagiste,21 Rue des Places,05 55 50 65 49,http://www.joelmortier.com/
https://www.google.com/maps/place/SL+Thermique/data=!4m7!3m6!1s0x47feca9d1a0a43c5:0x950129ecaa90e0af!8m2!3d45.8884162!4d1.2934892!16s%2Fg%2F11gh_fwmpq!19sChIJxUMKGp3K_kcRr-CQquwpAZU?authuser=0&hl=fr&rclk=1,SL Thermique,"4,7",-12,Chauffagiste,33 Rue Guy Môquet,05 55 00 20 75,https://www.sl-thermique.fr/
https://www.google.com/maps/place/DOUIEB+PLOMBERIE+SERVICES/data=!4m7!3m6!1s0x47f9355c5af717c7:0x9df8d8e237fd65fb!8m2!3d45.8818908!4d1.28546!16s%2Fg%2F11s192yh4j!19sChIJxxf3Wlw1-UcR-2X9N-LY-J0?authuser=0&hl=fr&rclk=1,DOUIEB PLOMBERIE SERVICES,"4,4",-38,Plombier,8 Rue Léon Serpollet,06 51 74 55 39,https://douiebservices.com/
https://www.google.com/maps/place/Energie+Eco+Confort/data=!4m7!3m6!1s0x47f935a27c502fb9:0x7a26195ca1958003!8m2!3d45.8748031!4d1.2661139!16s%2Fg%2F11l38hvdy0!19sChIJuS9QfKI1-UcRA4CVoVwZJno?authuser=0&hl=fr&rclk=1,Energie Eco Confort,"3,8",-11,Chauffagiste,31 Rue Henri Giffard,05 55 90 13 64,http://www.energie-eco-confort.com/
https://www.google.com/maps/place/Avy%27therm.+Jce+Service/data=!4m7!3m6!1s0x47f934a39447c581:0x8460e3171e694bf2!8m2!3d45.8271484!4d1.2638373!16s%2Fg%2F11hcslmjmp!19sChIJgcVHlKM0-UcR8ktpHhfjYIQ?authuser=0&hl=fr&rclk=1,Avy'therm. Jce Service,"4,1",-7,Chauffagiste,2-4 Rue Orpheroux,05 55 50 82 82,https://www.avytherm.fr/
https://www.google.com/maps/place/NaajEnergie/data=!4m7!3m6!1s0x47f9358aff239601:0xe922dc1beb8853e1!8m2!3d45.8323091!4d1.2509789!16s%2Fg%2F11q483s2v7!19sChIJAZYj_4o1-UcR4VOI6xvcIuk?authuser=0&hl=fr&rclk=1,NaajEnergie,4,-12,Chauffagiste,18 Pl. Winston Churchill,05 19 87 94 03,http://www.naajenergie.com/
https://www.google.com/maps/place/Soluchauff+-+Sanitaire/data=!4m7!3m6!1s0x47f9355aa4d85275:0xf856ed8286a6e69a!8m2!3d45.8667053!4d1.3087404!16s%2Fg%2F11fd4w9gjl!19sChIJdVLYpFo1-UcRmuamhoLtVvg?authuser=0&hl=fr&rclk=1,Soluchauff - Sanitaire,"4,9",-67,Chauffagiste,6 Rue Jean Lurçat,06 35 51 75 33,https://www.soluchauff-sanitaire.fr/
https://www.google.com/maps/place/ENGIE+Home+Services/data=!4m7!3m6!1s0x47f934b6208d5be1:0x64507249e387a07d!8m2!3d45.8402418!4d1.255063!16s%2Fg%2F11bzz4gfny!19sChIJ4VuNILY0-UcRfaCH40lyUGQ?authuser=0&hl=fr&rclk=1,ENGIE Home Services,"3,5",-212,Chauffagiste,·,05 55 77 59 16,https://agence.engie-homeservices.fr/157-engie-home-services-limoges?utm_source=gmb
https://www.google.com/maps/place/Debeaupte+%26+fils/data=!4m7!3m6!1s0x47fecbf86bb7e513:0x43fa8e9bccacd53a!8m2!3d45.8363034!4d1.2199661!16s%2Fg%2F11fphhskwz!19sChIJE-W3a_jL_kcROtWszJuO-kM?authuser=0&hl=fr&rclk=1,Debeaupte & fils,"3,8",-17,Chauffagiste,14 Av. de Landouge,06 15 96 27 08,
https://www.google.com/maps/place/DEVAINE+SERVICES+%2B+LIMOUSIN+ENERGIES/data=!4m7!3m6!1s0x47fecb4be3e95555:0x4041c47b8437b9d9!8m2!3d45.8363047!4d1.2436343!16s%2Fg%2F11f40y1vp1!19sChIJVVXp40vL_kcR2bk3hHvEQUA?authuser=0&hl=fr&rclk=1,DEVAINE SERVICES + LIMOUSIN ENERGIES,"3,7",-12,Chauffagiste,·,05 55 77 69 58,http://www.limousin-energies.fr/
https://www.google.com/maps/place/PPF+Limoges/data=!4m7!3m6!1s0x47f9353ac1772fa1:0x5a4207d612911449!8m2!3d45.88568!4d1.28794!16s%2Fg%2F11h3zfz9k_!19sChIJoS93wTo1-UcRSRSREtYHQlo?authuser=0&hl=fr&rclk=1,PPF Limoges,"4,2",-55,Solutions et équipement énergétiques,21 Rue Claude Henri Gorceix,05 35 54 06 42,https://www.google.com/aclk?sa=L&ai=DChsSEwj20YqAv72UAxXVGQYAHQg8M_cYACICCAEQBRoCd3M&co=1&ase=2&gclid=CjwKCAjwq6DQBhBVEiwA4ZD5XHzdjrqdQIRlUfb4SUg2BkrKX--dd5-8XK9T9CnYaCScA32bnAOX_xoCMrgQAvD_BwE&cce=2&category=acrcp_v1_32&sig=AOD64_2Y8ClGLPGO-mF4Ch27nqdR0r7ivw&adurl&q&ctype=99&nis=6
https://www.google.com/maps/place/Entreprise+Gr%C3%A9goire+R%C3%A9nov%27/data=!4m7!3m6!1s0x47f934137b423569:0x95ee830663ec671!8m2!3d45.833707!4d1.313354!16s%2Fg%2F1v41ztp2!19sChIJaTVCexM0-UcRccY-ZjDoXgk?authuser=0&hl=fr&rclk=1,Entreprise Grégoire Rénov',4,-34,Spécialiste de la salle de bains,17 Rue d'Arsonval,05 55 31 38 43,https://www.google.com/aclk?sa=L&ai=DChsSEwj20YqAv72UAxXVGQYAHQg8M_cYACICCAEQBBoCd3M&co=1&ase=2&gclid=CjwKCAjwq6DQBhBVEiwA4ZD5XFOusqaJDkCzEl5KyzKJFSNKUXchmox6Vtx6X4-_gkhgdDGQ6t3jTxoC2lgQAvD_BwE&cce=2&category=acrcp_v1_32&sig=AOD64_2vi8Q0bExLumUcQ7Z2yUI5T5F_Jw&adurl&q&ctype=99&nis=6
https://www.google.com/maps/place/Gendre+Fr%C3%A8res/data=!4m7!3m6!1s0x47f9334296103aaf:0x7506108e8172423e!8m2!3d45.8103867!4d1.2655255!16s%2Fg%2F1tgprzty!19sChIJrzoQlkIz-UcRPkJygY4QBnU?authuser=0&hl=fr&rclk=1,Gendre Frères,"4,9",-8,Plombier,14 Rue de Tourcoing,05 55 36 97 53,https://www.gendre.fr/
https://www.google.com/maps/place/Ami+Bat+Renov/data=!4m7!3m6!1s0x47f9357f7fa2f075:0xd2cda945bbfa5d52!8m2!3d45.8808508!4d1.2645713!16s%2Fg%2F11gzs1gwnw!19sChIJdfCif381-UcRUl36u0WpzdI?authuser=0&hl=fr&rclk=1,Ami Bat Renov,"4,6",-77,Chauffagiste,·,05 55 77 40 58,https://www.amibat-renov.com/?utm_source=gmb
https://www.google.com/maps/place/PM+PLOMBERIE+87/data=!4m7!3m6!1s0x47fecbe345196b43:0x5d74f070abc7623d!8m2!3d45.8231374!4d1.2040542!16s%2Fg%2F11sbcxpyw0!19sChIJQ2sZRePL_kcRPWLHq3DwdF0?authuser=0&hl=fr&rclk=1,PM PLOMBERIE 87,"4,6",-56,Plombier,21 Rue Claude Levi-Strauss,06 20 25 69 30,https://pmplomberie87.business.site/?m=true
https://www.google.com/maps/place/LEBERCHE/data=!4m7!3m6!1s0x47f9353edda835c9:0x74e163240a94adf7!8m2!3d45.8750866!4d1.2655857!16s%2Fg%2F1w0h6wby!19sChIJyTWo3T41-UcR962UCiRj4XQ?authuser=0&hl=fr&rclk=1,LEBERCHE,4,-10,Plombier,33 Rue Henri Giffard,05 55 34 19 33,
https://www.google.com/maps/place/ACBP+87/data=!4m7!3m6!1s0x47f9350001b931f7:0xb2fee2335b0dbb0e!8m2!3d45.8569395!4d1.2520132!16s%2Fg%2F11y8hqk6bn!19sChIJ9zG5AQA1-UcRDrsNWzPi_rI?authuser=0&hl=fr&rclk=1,ACBP 87,5,-13,Chauffagiste,8 All. du Quercy,07 65 69 94 25,http://www.acbp-87.fr/?utm_source=gmb
https://www.google.com/maps/place/SOPCZ/data=!4m7!3m6!1s0x47f934b9392a278d:0x8184d3f637593bf8!8m2!3d45.8060762!4d1.2713089!16s%2Fg%2F1vs5w1x0!19sChIJjScqObk0-UcR-DtZN_bThIE?authuser=0&hl=fr&rclk=1,SOPCZ,"4,2",-28,Chauffagiste,48 Rue Paul Claudel,05 55 10 31 31,http://www.sopcz.com/
https://www.google.com/maps/place/ENTREPRISE-MOREAU+SAS/data=!4m7!3m6!1s0x47f934bfc9728819:0x734e0de56d0cbd5a!8m2!3d45.843046!4d1.2579997!16s%2Fg%2F1hc46hmwg!19sChIJGYhyyb80-UcRWr0MbeUNTnM?authuser=0&hl=fr&rclk=1,ENTREPRISE-MOREAU SAS,"2,8",-30,Chauffagiste,23 Rue Anatole France BP N° 1004,05 55 10 07 90,http://moreauetcie-87.fr/
https://www.google.com/maps/place/DPS/data=!4m7!3m6!1s0x47f930c1f01c8ed3:0x8962a1a9fe901673!8m2!3d45.8083419!4d1.2692245!16s%2Fg%2F11gf9nmp5k!19sChIJ044c8MEw-UcRcxaQ_qmhYok?authuser=0&hl=fr&rclk=1,DPS,"3,5",-15,Chauffagiste,30 Rue Paul Claudel,06 10 79 46 84,https://dps-87.fr/
https://www.google.com/maps/place/Gendre+Fr%C3%A8res/data=!4m7!3m6!1s0x47f9334296103aaf:0x7506108e8172423e!8m2!3d45.8103867!4d1.2655255!16s%2Fg%2F1tgprzty!19sChIJrzoQlkIz-UcRPkJygY4QBnU?authuser=0&hl=fr&rclk=1,Gendre Frères,"4,9",-8,Plombier,14 Rue de Tourcoing,05 55 36 97 53,https://www.gendre.fr/
https://www.google.com/maps/place/Ami+Bat+Renov/data=!4m7!3m6!1s0x47f9357f7fa2f075:0xd2cda945bbfa5d52!8m2!3d45.8808508!4d1.2645713!16s%2Fg%2F11gzs1gwnw!19sChIJdfCif381-UcRUl36u0WpzdI?authuser=0&hl=fr&rclk=1,Ami Bat Renov,"4,6",-77,Chauffagiste,·,05 55 77 40 58,https://www.amibat-renov.com/?utm_source=gmb
https://www.google.com/maps/place/PM+PLOMBERIE+87/data=!4m7!3m6!1s0x47fecbe345196b43:0x5d74f070abc7623d!8m2!3d45.8231374!4d1.2040542!16s%2Fg%2F11sbcxpyw0!19sChIJQ2sZRePL_kcRPWLHq3DwdF0?authuser=0&hl=fr&rclk=1,PM PLOMBERIE 87,"4,6",-56,Plombier,21 Rue Claude Levi-Strauss,06 20 25 69 30,https://pmplomberie87.business.site/?m=true
https://www.google.com/maps/place/LEBERCHE/data=!4m7!3m6!1s0x47f9353edda835c9:0x74e163240a94adf7!8m2!3d45.8750866!4d1.2655857!16s%2Fg%2F1w0h6wby!19sChIJyTWo3T41-UcR962UCiRj4XQ?authuser=0&hl=fr&rclk=1,LEBERCHE,4,-10,Plombier,33 Rue Henri Giffard,05 55 34 19 33,
https://www.google.com/maps/place/ACBP+87/data=!4m7!3m6!1s0x47f9350001b931f7:0xb2fee2335b0dbb0e!8m2!3d45.8569395!4d1.2520132!16s%2Fg%2F11y8hqk6bn!19sChIJ9zG5AQA1-UcRDrsNWzPi_rI?authuser=0&hl=fr&rclk=1,ACBP 87,5,-13,Chauffagiste,8 All. du Quercy,07 65 69 94 25,http://www.acbp-87.fr/?utm_source=gmb
https://www.google.com/maps/place/SOPCZ/data=!4m7!3m6!1s0x47f934b9392a278d:0x8184d3f637593bf8!8m2!3d45.8060762!4d1.2713089!16s%2Fg%2F1vs5w1x0!19sChIJjScqObk0-UcR-DtZN_bThIE?authuser=0&hl=fr&rclk=1,SOPCZ,"4,2",-28,Chauffagiste,48 Rue Paul Claudel,05 55 10 31 31,http://www.sopcz.com/
https://www.google.com/maps/place/ENTREPRISE-MOREAU+SAS/data=!4m7!3m6!1s0x47f934bfc9728819:0x734e0de56d0cbd5a!8m2!3d45.843046!4d1.2579997!16s%2Fg%2F1hc46hmwg!19sChIJGYhyyb80-UcRWr0MbeUNTnM?authuser=0&hl=fr&rclk=1,ENTREPRISE-MOREAU SAS,"2,8",-30,Chauffagiste,23 Rue Anatole France BP N° 1004,05 55 10 07 90,http://moreauetcie-87.fr/
https://www.google.com/maps/place/DPS/data=!4m7!3m6!1s0x47f930c1f01c8ed3:0x8962a1a9fe901673!8m2!3d45.8083419!4d1.2692245!16s%2Fg%2F11gf9nmp5k!19sChIJ044c8MEw-UcRcxaQ_qmhYok?authuser=0&hl=fr&rclk=1,DPS,"3,5",-15,Chauffagiste,30 Rue Paul Claudel,06 10 79 46 84,https://dps-87.fr/
https://www.google.com/maps/place/ACL+SOLUTIONS/data=!4m7!3m6!1s0x47f9337b7d8e1a09:0xc90a3ee1cb1cbee9!8m2!3d45.8100795!4d1.2708323!16s%2Fg%2F1tgf7468!19sChIJCRqOfXsz-UcR6b4cy-E-Csk?authuser=0&hl=fr&rclk=1,ACL SOLUTIONS,"3,9",-35,Chauffagiste,17 Rue Bernard Lathière,05 55 06 17 62,http://www.aclsolutions.fr/
https://www.google.com/maps/place/Solidec+Maintenance/data=!4m7!3m6!1s0x47f934c68ef71ca7:0xb89f642ae11e072d!8m2!3d45.8438663!4d1.2615063!16s%2Fg%2F11h40zr1b6!19sChIJpxz3jsY0-UcRLQce4Spkn7g?authuser=0&hl=fr&rclk=1,Solidec Maintenance,"3,2",-11,Chauffagiste,35 Rue Frédéric Mistral,05 55 31 37 52,
https://www.google.com/maps/place/CAL+CHAUFFAGE+AUTOMATIQUE+DU+LIMOUSIN/data=!4m7!3m6!1s0x47fecac53ec26c95:0xba212dfad97a225d!8m2!3d45.8695364!4d1.2394382!16s%2Fg%2F1tmxqcjz!19sChIJlWzCPsXK_kcRXSJ62fotIbo?authuser=0&hl=fr&rclk=1,CAL CHAUFFAGE AUTOMATIQUE DU LIMOUSIN,"4,3",-24,Grossiste,·,05 55 36 43 78,http://chauffageautomatiquedulimousin.site-solocal.com/?utm_source=gmb
https://www.google.com/maps/place/Tempo+%2B/data=!4m7!3m6!1s0x40211a2b62130b61:0x549a6b9ba3deb208!8m2!3d45.8948692!4d1.1346853!16s%2Fg%2F11m5grw10t!19sChIJYQsTYisaIUARCLLeo5trmlQ?authuser=0&hl=fr&rclk=1,Tempo +,5,-17,Chauffagiste,·,05 55 39 40 31,https://www.tempoplus-plomberie.fr/contact
https://www.google.com/maps/place/PARTEDIS+Pi%C3%A8ces+D%C3%A9tach%C3%A9es+-+Limoges/data=!4m7!3m6!1s0x47f935734ba93ced:0xac47d6586b19b84e!8m2!3d45.8771041!4d1.2836924!16s%2Fg%2F11g8vpn99_!19sChIJ7TypS3M1-UcRTrgZa1jWR6w?authuser=0&hl=fr&rclk=1,PARTEDIS Pièces Détachées - Limoges,"4,6",-12,Fournisseur d'équipements de chauffage,·,05 55 02 41 75,http://www.partedis.com/agence/limoges-pieces-detachees/
https://www.google.com/maps/place/Ben+Interieur/data=!4m7!3m6!1s0x47f935bac22b7ff9:0x2ce0b3e97b82d4bc!8m2!3d45.8367762!4d1.2498656!16s%2Fg%2F11hsxdsgks!19sChIJ-X8rwro1-UcRvNSCe-mz4Cw?authuser=0&hl=fr&rclk=1,Ben Interieur,"4,8",-50,Plombier,6 Av. Montjovis,06 27 54 22 49,https://www.beninterieur.fr/
https://www.google.com/maps/place/Electrum/data=!4m7!3m6!1s0x47f934b6dfc9fa7d:0x1d80d18fad03ee39!8m2!3d45.8363582!4d1.25547!16s%2Fg%2F1vq746bs!19sChIJffrJ37Y0-UcROe4DrY_RgB0?authuser=0&hl=fr&rclk=1,Electrum,"4,5",-33,Chauffagiste,7 Rue des Coopérateurs,05 55 03 53 29,https://electrum87.fr/
https://www.google.com/maps/place/Greenpac/data=!4m7!3m6!1s0x47f935e88644f9a7:0xa4e1ab5916e4566f!8m2!3d45.8866138!4d1.2913163!16s%2Fg%2F11wwx44dhr!19sChIJp_lEhug1-UcRb1bkFlmr4aQ?authuser=0&hl=fr&rclk=1,Greenpac,5,-13,Chauffagiste,32 Rue Frédéric Bastiat,05 55 49 46 36,https://greenpac.fr/
https://www.google.com/maps/place/RenoSafe/data=!4m7!3m6!1s0x27033f54e3d7b79f:0xd1a78251d0d1bec3!8m2!3d45.8416991!4d1.255171!16s%2Fg%2F11wqw2_d1c!19sChIJn7fX41Q_AycRw77R0FGCp9E?authuser=0&hl=fr&rclk=1,RenoSafe,5,-72,Chauffagiste,20 Rue Fizot Lavergne,05 54 54 54 19,https://www.renosafe.fr/
https://www.google.com/maps/place/Synergis/data=!4m7!3m6!1s0x47f934a1e5f06717:0x95987675f7b7ab69!8m2!3d45.8248857!4d1.2671201!16s%2Fg%2F11bzz3lph8!19sChIJF2fw5aE0-UcRaau393V2mJU?authuser=0&hl=fr&rclk=1,Synergis,"3,9",-7,Plombier,24/26 Quai Saint-Martial,05 55 79 98 75,http://www.synergis.pro/
https://www.google.com/maps/place/A+Po%C3%AAle+Limoges/data=!4m7!3m6!1s0x47f935df4f0a8cab:0xfc5f3b25a6cc5081!8m2!3d45.8851076!4d1.2907953!16s%2Fg%2F11nsv9nvgr!19sChIJq4wKT981-UcRgVDMpiU7X_w?authuser=0&hl=fr&rclk=1,A Poêle Limoges,"4,8",-268,Chauffagiste,·,05 44 20 19 47,https://www.apoele-limoges.fr/
https://www.google.com/maps/place/SNEE+Limoges/data=!4m7!3m6!1s0x47f9334c8aca3383:0x1aa9c7ecebe12a0d!8m2!3d45.8087266!4d1.2720975!16s%2Fg%2F11hyl5038d!19sChIJgzPKikwz-UcRDSrh6-zHqRo?authuser=0&hl=fr&rclk=1,SNEE Limoges,5,-1,Électricien,"ZA De Romanet, 34 Rue Hubert Curien",05 55 35 70 45,http://snee.soflux.fr/?utm_source=gmb
https://www.google.com/maps/place/Tunzini+Limoges/data=!4m7!3m6!1s0x47f93571954d4433:0x8381a6b11aa02078!8m2!3d45.8895947!4d1.2956844!16s%2Fg%2F1tfq3_x_!19sChIJM0RNlXE1-UcReCCgGrGmgYM?authuser=0&hl=fr&rclk=1,Tunzini Limoges,4,-6,Plombier,7 All. Gisèle Halimi,05 55 37 78 25,https://www.tunzini-grand-ouest.fr/presentation/tunzini-limoges/
https://www.google.com/maps/place/ENGIE+Cofely/data=!4m7!3m6!1s0x47f934c19fcf6bab:0xea708cd7e95f968e!8m2!3d45.8572507!4d1.2881793!16s%2Fg%2F124yj_5b5!19sChIJq2vPn8E0-UcRjpZf6deMcOo?authuser=0&hl=fr&rclk=1,ENGIE Cofely,"1,8",-16,Fournisseur d'équipements de chauffage,·,05 55 35 00 25,
https://www.google.com/maps/place/VES/data=!4m7!3m6!1s0x47fec98dfe793075:0xacd61f73f72ce0f8!8m2!3d45.7966266!4d0.7239569!16s%2Fg%2F11s35pscx0!19sChIJdTB5_o3J_kcR-OAs93Mf1qw?authuser=0&hl=fr&rclk=1,VES,5,-28,Chauffagiste,·,07 65 77 98 58,http://www.ves-87.fr/
https://www.google.com/maps/place/PUYBARET+LIMOGES/data=!4m7!3m6!1s0x47f9356238665065:0xf59aaaf1e2931a8c!8m2!3d45.8944739!4d1.2772307!16s%2Fg%2F1vgqcfwy!19sChIJZVBmOGI1-UcRjBqT4vGqmvU?authuser=0&hl=fr&rclk=1,PUYBARET LIMOGES,"4,3",-38,Spécialiste de la salle de bains,·,05 55 35 70 50,http://www.puybaret.com/
https://www.google.com/maps/place/Alex+Plomberie+%E2%80%93+Plombier+%C3%A0+Panazol/data=!4m7!3m6!1s0x67a70cc9bff04af5:0x28c9a75f36a60c7c!8m2!3d45.8395403!4d1.334942!16s%2Fg%2F11pz7dfnvq!19sChIJ9Urwv8kMp2cRfAymNl-nySg?authuser=0&hl=fr&rclk=1,Alex Plomberie – Plombier à Panazol,5,-49,Chauffagiste,44 Rte de la Petite Prade,06 76 12 30 49,https://alex-plomberie.com/
https://www.google.com/maps/place/Nouvelle+Fourgeau/data=!4m7!3m6!1s0x47fecb4a97c460fd:0x8f2b97b639ee747e!8m2!3d45.8218271!4d1.2326621!16s%2Fg%2F11frsy8lrv!19sChIJ_WDEl0rL_kcRfnTuObaXK48?authuser=0&hl=fr&rclk=1,Nouvelle Fourgeau,5,-1,Fournisseur de systèmes de climatisation,38 Rue des Places,05 55 43 25 10,http://www.nouvellefourgeau.fr/?utm_source=gmb
https://www.google.com/maps/place/A%C3%A4sgard+Limoges/data=!4m7!3m6!1s0x47f935e5a24d7d43:0x5d50ca2c1c317183!8m2!3d45.8835488!4d1.2847834!16s%2Fg%2F11sgz4bc4z!19sChIJQ31NouU1-UcRg3ExHCzKUF0?authuser=0&hl=fr&rclk=1,Aäsgard Limoges,"4,9",-248,Chauffagiste,·,05 86 88 01 03,https://www.aasgard.fr/magasins/aasgard-limoges
https://www.google.com/maps/place/Faye+Services/data=!4m7!3m6!1s0x8ac0335193c2b86f:0x9e67d0c4a0d3b332!8m2!3d45.8839408!4d1.2547106!16s%2Fg%2F11wwfprnh3!19sChIJb7jCk1EzwIoRMrPToMTQZ54?authuser=0&hl=fr&rclk=1,Faye Services,"4,7",-40,Chauffagiste,·,07 44 88 99 67,
https://www.google.com/maps/place/ANCONETTI+SLARC/data=!4m7!3m6!1s0x47f934ca5c79f99b:0x60a0485299cfd8ad!8m2!3d45.8419413!4d1.2521936!16s%2Fg%2F119vm6yns!19sChIJm_l5XMo0-UcRrdjPmVJIoGA?authuser=0&hl=fr&rclk=1,ANCONETTI SLARC,"4,7",-29,Spécialiste de la salle de bains,·,05 55 77 63 44,http://www.anconetti.pro/
https://www.google.com/maps/place/EURL+Clavaud+D%C3%A9pannage/data=!4m7!3m6!1s0x8a789ea14bd3c465:0x5706287186b24079!8m2!3d45.835062!4d1.3832975!16s%2Fg%2F11vb5htw5h!19sChIJZcTTS6GeeIoReUCyhnEoBlc?authuser=0&hl=fr&rclk=1,EURL Clavaud Dépannage,5,-21,Chauffagiste,Rte de Rouveix,06 03 96 66 32,http://www.clavaud-depannage.com/
https://www.google.com/maps/place/Rolesco+Limoges/data=!4m7!3m6!1s0x47f9356d5b6d99a9:0xae09379c565e249d!8m2!3d45.8787597!4d1.2786568!16s%2Fg%2F11bbyh3d0g!19sChIJqZltW201-UcRnSReVpw3Ca4?authuser=0&hl=fr&rclk=1,Rolesco Limoges,"4,5",-16,Entrepreneur spécialisé dans les systèmes de CVC,54 Rue Nicolas Appert,05 55 49 00 77,https://www.rolesco.fr/
https://www.google.com/maps/place/Societe+Thermique+Innovation+%28STI%29/data=!4m7!3m6!1s0x47fec9657ec292f3:0xe3ceeea140ffb881!8m2!3d45.8484709!4d1.1598511!16s%2Fg%2F11h40zrb6z!19sChIJ85LCfmXJ_kcRgbj_QKHuzuM?authuser=0&hl=fr&rclk=1,Societe Thermique Innovation (STI),"4,1",-9,Chauffagiste,1 Trav. du Breuil,05 55 48 67 30,http://sti-87.fr/
https://www.google.com/maps/place/Habitat+Conseil+EnR/data=!4m7!3m6!1s0x47f93509390cfea1:0xc9444aa307ec2df2!8m2!3d45.8818908!4d1.28546!16s%2Fg%2F11pd3218d7!19sChIJof4MOQk1-UcR8i3sB6NKRMk?authuser=0&hl=fr&rclk=1,Habitat Conseil EnR,"4,3",-31,Chauffagiste,8 Rue Léon Serpollet,05 55 01 15 15,http://www.habitatconseilenr.fr/
https://www.google.com/maps/place/Tout+Froid+Tout+Flamme/data=!4m7!3m6!1s0x12b06fcc131b8269:0x9415f52fa3ce4f22!8m2!3d42.687183!4d2.920126!16s%2Fg%2F11x6s87gcs!19sChIJaYIbE8xvsBIRIk_Ooy_1FZQ?authuser=0&hl=fr&rclk=1,Tout Froid Tout Flamme,5,-43,Cheministe,1 Avenue André Ampère,04 48 22 12 31,https://www.google.com/aclk?sa=L&ai=DChsSEwiHmryvv72UAxXdimgJHZkNNFwYACICCAEQARoCd2Y&co=1&ase=2&gclid=CjwKCAjwq6DQBhBVEiwA4ZD5XFBjJB8AgT7fR35GPbMMO61oBopHuzBaOpAKYFvP5ZqpiMSJRu9UIxoCesQQAvD_BwE&cce=2&category=acrcp_v1_32&sig=AOD64_14zxGEj0icOBkpt5tDE4-jcd8k1A&adurl&q&ctype=99&nis=6
https://www.google.com/maps/place/ENGIE+Home+Services/data=!4m7!3m6!1s0x12b06feade3b5bdf:0x49eaf6e7d8552b5e!8m2!3d42.688429!4d2.919507!16s%2Fg%2F1tdnt1pr!19sChIJ31s73upvsBIRXitV2Of26kk?authuser=0&hl=fr&rclk=1,ENGIE Home Services,"4,1",-181,Chauffagiste,14 Avenue André Ampère,04 68 55 50 02,https://www.google.com/aclk?sa=L&ai=DChsSEwiHmryvv72UAxXdimgJHZkNNFwYACICCAEQAxoCd2Y&co=1&ase=2&gclid=CjwKCAjwq6DQBhBVEiwA4ZD5XIcHjEHuDaAMdr_4KqP4NrxvqQ9ru2MmNyqyoZ-nm-fLk5UgcK98WBoCmggQAvD_BwE&cce=2&category=acrcp_v1_32&sig=AOD64_1e208A_g5LCr5C3PLVjbKRkagVRw&adurl&q&ctype=99&nis=6
https://www.google.com/maps/place/ADC+Plomberie+Catalane/data=!4m7!3m6!1s0x12b06fc991c45425:0x4a174a084c9b45c7!8m2!3d42.688867!4d2.903338!16s%2Fg%2F11bc8djhhk!19sChIJJVTEkclvsBIRx0WbTAhKF0o?authuser=0&hl=fr&rclk=1,ADC Plomberie Catalane,"4,8",-229,Chauffagiste,18 Bd John Fitzgérald Kennedy,06 20 09 58 72,http://www.adcplomberiecatalane.com/
https://www.google.com/maps/place/Thermie+gaz/data=!4m7!3m6!1s0x12b06fd73e0ef889:0xff5685d7afa49658!8m2!3d42.6754382!4d2.9078705!16s%2Fg%2F1td5tb58!19sChIJifgOPtdvsBIRWJakr9eFVv8?authuser=0&hl=fr&rclk=1,Thermie gaz,"4,8",-96,Chauffagiste,·,04 68 50 04 04,https://www.axenergie.eu/agences/25-thermie-gaz
https://www.google.com/maps/place/Chauffage+66/data=!4m7!3m6!1s0x12b06e140184e787:0x9d1be1eba6918f7c!8m2!3d42.686557!4d2.873062!16s%2Fg%2F11b6d58z_d!19sChIJh-eEARRusBIRfI-RpuvhG50?authuser=0&hl=fr&rclk=1,Chauffage 66,"4,4",-63,Chauffagiste,175 Bd Paul Langevin,04 68 28 24 41,http://www.depannage-chauffage-perpignan.fr/
https://www.google.com/maps/place/Chauffage+Sanitaire+Catalan/data=!4m7!3m6!1s0x12b06fea6fb1b93f:0x2cf8681ff21ab8be!8m2!3d42.697098!4d2.9134263!16s%2Fg%2F11j3jjmbrw!19sChIJP7mxb-pvsBIRvrga8h9o-Cw?authuser=0&hl=fr&rclk=1,Chauffage Sanitaire Catalan,"4,9",-25,Plombier,25 Rue du Rivage,04 68 54 72 22,https://chauffage-sanitaire-catalan.fr/
https://www.google.com/maps/place/Etablissements+ANDREU+-+Plomberie+Chauffage+Climatisation/data=!4m7!3m6!1s0x12b06f3db475ea5b:0xfe36d56d57644260!8m2!3d42.6957623!4d2.9097275!16s%2Fg%2F11jgwr90cs!19sChIJW-p1tD1vsBIRYEJkV23VNv4?authuser=0&hl=fr&rclk=1,Etablissements ANDREU - Plomberie Chauffage Climatisation,"4,4",-62,Chauffagiste,67 Av. Jean Mermoz,04 68 66 00 12,https://www.andreu-plomberie.com/
https://www.google.com/maps/place/SASU+COMES/data=!4m7!3m6!1s0x12b06fee6a030493:0xf5e9e1a716d4d9e6!8m2!3d42.6988586!4d2.8873306!16s%2Fg%2F11fnwdcfp1!19sChIJkwQDau5vsBIR5tnUFqfh6fU?authuser=0&hl=fr&rclk=1,SASU COMES,"4,7",-54,Chauffagiste,3 Pl. de Catalogne,06 26 72 61 58,https://plomberie-comes.fr/
https://www.google.com/maps/place/Bailloeuil+SAS/data=!4m7!3m6!1s0x12b06e3c72077871:0xafcff2ea3d92512a!8m2!3d42.684348!4d2.881844!16s%2Fg%2F1tl1f19w!19sChIJcXgHcjxusBIRKlGSPeryz68?authuser=0&hl=fr&rclk=1,Bailloeuil SAS,"4,3",-133,Chauffagiste,·,04 68 54 49 36,http://www.bailloeuil.com/
https://www.google.com/maps/place/BAUDRY-ARVIEU/data=!4m7!3m6!1s0x12b06f87cf6010c9:0x6cef87b010501996!8m2!3d42.700172!4d2.9359189!16s%2Fg%2F1tg_0kbq!19sChIJyRBgz4dvsBIRlhlQELCH72w?authuser=0&hl=fr&rclk=1,BAUDRY-ARVIEU,"4,8",-35,Chauffagiste,·,04 68 66 83 02,
https://www.google.com/maps/place/Thermie+66/data=!4m7!3m6!1s0x12b06e6c189828bb:0xa6b192e759c0cc1f!8m2!3d42.6979858!4d2.9160319!16s%2Fg%2F11g0tkz3pv!19sChIJuyiYGGxusBIRH8zAWeeSsaY?authuser=0&hl=fr&rclk=1,Thermie 66,"4,8",-8,Chauffagiste,1 Imp. de la Houle,04 68 62 28 79,http://thermie66.free.fr/
https://www.google.com/maps/place/Ibanez+SAS+Plomberie+-+Chauffage+-+Climatisation+Perpignan/data=!4m7!3m6!1s0x12b06c31b1eda937:0xe33f142ab0f9d0b9!8m2!3d42.7184197!4d2.8458618!16s%2Fg%2F11f4vfxk_t!19sChIJN6ntsTFssBIRudD5sCoUP-M?authuser=0&hl=fr&rclk=1,Ibanez SAS Plomberie - Chauffage - Climatisation Perpignan,"4,4",-40,Chauffagiste,"Zone Industrielle La Mirande, 2 Rue du Ribéral",04 68 92 37 37,http://www.ibanez.fr/
https://www.google.com/maps/place/Fluides+Concept+66/data=!4m7!3m6!1s0x12b06f27561b91b5:0x3a9783ce5964223f!8m2!3d42.7349929!4d2.8976965!16s%2Fg%2F11gg67vm_3!19sChIJtZEbVidvsBIRPyJkWc6Dlzo?authuser=0&hl=fr&rclk=1,Fluides Concept 66,"3,8",-13,Plombier,483 Rue Jean Baptiste Biot,04 68 34 18 29,https://fluidesconcept66.fr/
https://www.google.com/maps/place/IPC-Travaux/data=!4m7!3m6!1s0x4801a84cdc0d80d1:0xf7902921004d912e!8m2!3d42.6832616!4d2.8717453!16s%2Fg%2F11xbkwv71!19sChIJ0YAN3EyoAUgRLpFNACEpkPc?authuser=0&hl=fr&rclk=1,IPC-Travaux,"4,5",-46,Chauffagiste,17 Rue Joseph Cugnot,06 16 68 03 36,http://www.ipc-travaux.fr/
"https://www.google.com/maps/place/Teddy+Pinson+-+Plomberie,+chauffage,+climatisation/data=!4m7!3m6!1s0x12b06f0a2d1f8f59:0x81a3cc2273c69ab9!8m2!3d42.7336986!4d2.8946228!16s%2Fg%2F11whgd0jcn!19sChIJWY8fLQpvsBIRuZrGcyLMo4E?authuser=0&hl=fr&rclk=1","Teddy Pinson - Plomberie, chauffage, climatisation",5,-17,Plombier,360 Rue Alphonse Beau de Rochas,06 51 66 70 64,
https://www.google.com/maps/place/J2F/data=!4m7!3m6!1s0x12b06c829f013d19:0xbb0877e4ea67d062!8m2!3d42.7042547!4d2.8913475!16s%2Fg%2F11b6dg4b2b!19sChIJGT0Bn4JssBIRYtBn6uR3CLs?authuser=0&hl=fr&rclk=1,J2F,"4,9",-75,Chauffagiste,18 Av. Louis Torcatis,04 68 34 81 50,http://www.entreprise-j2f.com/
https://www.google.com/maps/place/GAIA+L%27ENERGIE+DE+DEMAIN/data=!4m7!3m6!1s0x2a1e78493a750405:0x5e2363d8b3cca6ef!8m2!3d42.6536258!4d2.9427073!16s%2Fg%2F11sh47ln_v!19sChIJBQR1Okl4HioR76bMs9hjI14?authuser=0&hl=fr&rclk=1,GAIA L'ENERGIE DE DEMAIN,"4,9",-111,Chauffagiste,3 Rue Denis Papin,04 30 19 07 46,https://www.gaialenergiededemain.fr/
https://www.google.com/maps/place/FLASH+ENERGY+FRIGORISTE+CLIMATISATION+%C3%89LECTRICIT%C3%89/data=!4m7!3m6!1s0x12b06bac306f6181:0x6fc514398129631!8m2!3d42.7409915!4d2.8910578!16s%2Fg%2F11j296f3gt!19sChIJgWFvMKxrsBIRMZYSmENR_AY?authuser=0&hl=fr&rclk=1,FLASH ENERGY FRIGORISTE CLIMATISATION ÉLECTRICITÉ,"4,1",-23,Fournisseur de systèmes de climatisation,315 Rue Louis Delage,04 68 09 56 29,https://flashenergy.fr/
https://www.google.com/maps/place/Bleu+rouge+-+CLIMATHERM+SAINT+CHARLES/data=!4m7!3m6!1s0x12b06de7bd668c91:0xe8e8f5c3bcd0c526!8m2!3d42.6908196!4d2.848633!16s%2Fg%2F1tz26x8q!19sChIJkYxmvedtsBIRJsXQvMP16Og?authuser=0&hl=fr&rclk=1,Bleu rouge - CLIMATHERM SAINT CHARLES,"4,7",-87,Fournisseur d'équipements de chauffage,·,04 68 54 32 37,
https://www.google.com/maps/place/G%C3%89NIE+CLIMATIQUE+SERVICES/data=!4m7!3m6!1s0x47e641d9773907c3:0x8c6d804d201e399!8m2!3d42.6852456!4d2.9025378!16s%2Fg%2F11fvczd22x!19sChIJwwc5d9lB5kcRmeMB0gTYxgg?authuser=0&hl=fr&rclk=1,GÉNIE CLIMATIQUE SERVICES,5,-338,Fournisseur de systèmes de climatisation,24 Rue Labouret,06 62 44 25 67,https://genieclim.com/
https://www.google.com/maps/place/Nrj+Plomberie+Chauffage/data=!4m7!3m6!1s0x12b06fb0507c1fbd:0xb8fabd74dbd29dd1!8m2!3d42.731586!4d2.9092525!16s%2Fg%2F1wjspjt0!19sChIJvR98ULBvsBIR0Z3S23S9-rg?authuser=0&hl=fr&rclk=1,Nrj Plomberie Chauffage,"4,9",-54,Chauffagiste,22 Rue du Bouleau,04 68 67 37 00,http://www.nrj-plomberie.com/
https://www.google.com/maps/place/CLIMAX+-+Climatisation+%C3%A0+Perpignan/data=!4m7!3m6!1s0x12b06f22e9b78c55:0x65a423e8b19a8ee8!8m2!3d42.7315999!4d2.9064697!16s%2Fg%2F11c1v0m8p9!19sChIJVYy36SJvsBIR6I6asegjpGU?authuser=0&hl=fr&rclk=1,CLIMAX - Climatisation à Perpignan,"4,9",-98,Entrepreneur spécialisé dans les systèmes de CVC,248 Rue Ettore Bugatti,04 68 52 52 80,https://climax-perpignan.fr/
https://www.google.com/maps/place/ADC+Plomberie+Catalane/data=!4m7!3m6!1s0x12b06fc991c45425:0x4a174a084c9b45c7!8m2!3d42.688867!4d2.903338!16s%2Fg%2F11bc8djhhk!19sChIJJVTEkclvsBIRx0WbTAhKF0o?authuser=0&hl=fr&rclk=1,ADC Plomberie Catalane,"4,8",-229,Chauffagiste,18 Bd John Fitzgérald Kennedy,06 20 09 58 72,http://www.adcplomberiecatalane.com/
https://www.google.com/maps/place/Thermie+gaz/data=!4m7!3m6!1s0x12b06fd73e0ef889:0xff5685d7afa49658!8m2!3d42.6754382!4d2.9078705!16s%2Fg%2F1td5tb58!19sChIJifgOPtdvsBIRWJakr9eFVv8?authuser=0&hl=fr&rclk=1,Thermie gaz,"4,8",-96,Chauffagiste,·,04 68 50 04 04,https://www.axenergie.eu/agences/25-thermie-gaz
https://www.google.com/maps/place/Chauffage+66/data=!4m7!3m6!1s0x12b06e140184e787:0x9d1be1eba6918f7c!8m2!3d42.686557!4d2.873062!16s%2Fg%2F11b6d58z_d!19sChIJh-eEARRusBIRfI-RpuvhG50?authuser=0&hl=fr&rclk=1,Chauffage 66,"4,4",-63,Chauffagiste,175 Bd Paul Langevin,04 68 28 24 41,http://www.depannage-chauffage-perpignan.fr/
https://www.google.com/maps/place/Chauffage+Sanitaire+Catalan/data=!4m7!3m6!1s0x12b06fea6fb1b93f:0x2cf8681ff21ab8be!8m2!3d42.697098!4d2.9134263!16s%2Fg%2F11j3jjmbrw!19sChIJP7mxb-pvsBIRvrga8h9o-Cw?authuser=0&hl=fr&rclk=1,Chauffage Sanitaire Catalan,"4,9",-25,Plombier,25 Rue du Rivage,04 68 54 72 22,https://chauffage-sanitaire-catalan.fr/
https://www.google.com/maps/place/Etablissements+ANDREU+-+Plomberie+Chauffage+Climatisation/data=!4m7!3m6!1s0x12b06f3db475ea5b:0xfe36d56d57644260!8m2!3d42.6957623!4d2.9097275!16s%2Fg%2F11jgwr90cs!19sChIJW-p1tD1vsBIRYEJkV23VNv4?authuser=0&hl=fr&rclk=1,Etablissements ANDREU - Plomberie Chauffage Climatisation,"4,4",-62,Chauffagiste,67 Av. Jean Mermoz,04 68 66 00 12,https://www.andreu-plomberie.com/
https://www.google.com/maps/place/SASU+COMES/data=!4m7!3m6!1s0x12b06fee6a030493:0xf5e9e1a716d4d9e6!8m2!3d42.6988586!4d2.8873306!16s%2Fg%2F11fnwdcfp1!19sChIJkwQDau5vsBIR5tnUFqfh6fU?authuser=0&hl=fr&rclk=1,SASU COMES,"4,7",-54,Chauffagiste,3 Pl. de Catalogne,06 26 72 61 58,https://plomberie-comes.fr/
https://www.google.com/maps/place/Bailloeuil+SAS/data=!4m7!3m6!1s0x12b06e3c72077871:0xafcff2ea3d92512a!8m2!3d42.684348!4d2.881844!16s%2Fg%2F1tl1f19w!19sChIJcXgHcjxusBIRKlGSPeryz68?authuser=0&hl=fr&rclk=1,Bailloeuil SAS,"4,3",-133,Chauffagiste,·,04 68 54 49 36,http://www.bailloeuil.com/
https://www.google.com/maps/place/BAUDRY-ARVIEU/data=!4m7!3m6!1s0x12b06f87cf6010c9:0x6cef87b010501996!8m2!3d42.700172!4d2.9359189!16s%2Fg%2F1tg_0kbq!19sChIJyRBgz4dvsBIRlhlQELCH72w?authuser=0&hl=fr&rclk=1,BAUDRY-ARVIEU,"4,8",-35,Chauffagiste,·,04 68 66 83 02,
https://www.google.com/maps/place/Thermie+66/data=!4m7!3m6!1s0x12b06e6c189828bb:0xa6b192e759c0cc1f!8m2!3d42.6979858!4d2.9160319!16s%2Fg%2F11g0tkz3pv!19sChIJuyiYGGxusBIRH8zAWeeSsaY?authuser=0&hl=fr&rclk=1,Thermie 66,"4,8",-8,Chauffagiste,1 Imp. de la Houle,04 68 62 28 79,http://thermie66.free.fr/
https://www.google.com/maps/place/Ibanez+SAS+Plomberie+-+Chauffage+-+Climatisation+Perpignan/data=!4m7!3m6!1s0x12b06c31b1eda937:0xe33f142ab0f9d0b9!8m2!3d42.7184197!4d2.8458618!16s%2Fg%2F11f4vfxk_t!19sChIJN6ntsTFssBIRudD5sCoUP-M?authuser=0&hl=fr&rclk=1,Ibanez SAS Plomberie - Chauffage - Climatisation Perpignan,"4,4",-40,Chauffagiste,"Zone Industrielle La Mirande, 2 Rue du Ribéral",04 68 92 37 37,http://www.ibanez.fr/
https://www.google.com/maps/place/Fluides+Concept+66/data=!4m7!3m6!1s0x12b06f27561b91b5:0x3a9783ce5964223f!8m2!3d42.7349929!4d2.8976965!16s%2Fg%2F11gg67vm_3!19sChIJtZEbVidvsBIRPyJkWc6Dlzo?authuser=0&hl=fr&rclk=1,Fluides Concept 66,"3,8",-13,Plombier,483 Rue Jean Baptiste Biot,04 68 34 18 29,https://fluidesconcept66.fr/
https://www.google.com/maps/place/IPC-Travaux/data=!4m7!3m6!1s0x4801a84cdc0d80d1:0xf7902921004d912e!8m2!3d42.6832616!4d2.8717453!16s%2Fg%2F11xbkwv71!19sChIJ0YAN3EyoAUgRLpFNACEpkPc?authuser=0&hl=fr&rclk=1,IPC-Travaux,"4,5",-46,Chauffagiste,17 Rue Joseph Cugnot,06 16 68 03 36,http://www.ipc-travaux.fr/
"https://www.google.com/maps/place/Teddy+Pinson+-+Plomberie,+chauffage,+climatisation/data=!4m7!3m6!1s0x12b06f0a2d1f8f59:0x81a3cc2273c69ab9!8m2!3d42.7336986!4d2.8946228!16s%2Fg%2F11whgd0jcn!19sChIJWY8fLQpvsBIRuZrGcyLMo4E?authuser=0&hl=fr&rclk=1","Teddy Pinson - Plomberie, chauffage, climatisation",5,-17,Plombier,360 Rue Alphonse Beau de Rochas,06 51 66 70 64,
https://www.google.com/maps/place/J2F/data=!4m7!3m6!1s0x12b06c829f013d19:0xbb0877e4ea67d062!8m2!3d42.7042547!4d2.8913475!16s%2Fg%2F11b6dg4b2b!19sChIJGT0Bn4JssBIRYtBn6uR3CLs?authuser=0&hl=fr&rclk=1,J2F,"4,9",-75,Chauffagiste,18 Av. Louis Torcatis,04 68 34 81 50,http://www.entreprise-j2f.com/
https://www.google.com/maps/place/GAIA+L%27ENERGIE+DE+DEMAIN/data=!4m7!3m6!1s0x2a1e78493a750405:0x5e2363d8b3cca6ef!8m2!3d42.6536258!4d2.9427073!16s%2Fg%2F11sh47ln_v!19sChIJBQR1Okl4HioR76bMs9hjI14?authuser=0&hl=fr&rclk=1,GAIA L'ENERGIE DE DEMAIN,"4,9",-111,Chauffagiste,3 Rue Denis Papin,04 30 19 07 46,https://www.gaialenergiededemain.fr/
https://www.google.com/maps/place/FLASH+ENERGY+FRIGORISTE+CLIMATISATION+%C3%89LECTRICIT%C3%89/data=!4m7!3m6!1s0x12b06bac306f6181:0x6fc514398129631!8m2!3d42.7409915!4d2.8910578!16s%2Fg%2F11j296f3gt!19sChIJgWFvMKxrsBIRMZYSmENR_AY?authuser=0&hl=fr&rclk=1,FLASH ENERGY FRIGORISTE CLIMATISATION ÉLECTRICITÉ,"4,1",-23,Fournisseur de systèmes de climatisation,315 Rue Louis Delage,04 68 09 56 29,https://flashenergy.fr/
https://www.google.com/maps/place/Bleu+rouge+-+CLIMATHERM+SAINT+CHARLES/data=!4m7!3m6!1s0x12b06de7bd668c91:0xe8e8f5c3bcd0c526!8m2!3d42.6908196!4d2.848633!16s%2Fg%2F1tz26x8q!19sChIJkYxmvedtsBIRJsXQvMP16Og?authuser=0&hl=fr&rclk=1,Bleu rouge - CLIMATHERM SAINT CHARLES,"4,7",-87,Fournisseur d'équipements de chauffage,·,04 68 54 32 37,
https://www.google.com/maps/place/G%C3%89NIE+CLIMATIQUE+SERVICES/data=!4m7!3m6!1s0x47e641d9773907c3:0x8c6d804d201e399!8m2!3d42.6852456!4d2.9025378!16s%2Fg%2F11fvczd22x!19sChIJwwc5d9lB5kcRmeMB0gTYxgg?authuser=0&hl=fr&rclk=1,GÉNIE CLIMATIQUE SERVICES,5,-338,Fournisseur de systèmes de climatisation,24 Rue Labouret,06 62 44 25 67,https://genieclim.com/
https://www.google.com/maps/place/Nrj+Plomberie+Chauffage/data=!4m7!3m6!1s0x12b06fb0507c1fbd:0xb8fabd74dbd29dd1!8m2!3d42.731586!4d2.9092525!16s%2Fg%2F1wjspjt0!19sChIJvR98ULBvsBIR0Z3S23S9-rg?authuser=0&hl=fr&rclk=1,Nrj Plomberie Chauffage,"4,9",-54,Chauffagiste,22 Rue du Bouleau,04 68 67 37 00,http://www.nrj-plomberie.com/
https://www.google.com/maps/place/CLIMAX+-+Climatisation+%C3%A0+Perpignan/data=!4m7!3m6!1s0x12b06f22e9b78c55:0x65a423e8b19a8ee8!8m2!3d42.7315999!4d2.9064697!16s%2Fg%2F11c1v0m8p9!19sChIJVYy36SJvsBIR6I6asegjpGU?authuser=0&hl=fr&rclk=1,CLIMAX - Climatisation à Perpignan,"4,9",-98,Entrepreneur spécialisé dans les systèmes de CVC,248 Rue Ettore Bugatti,04 68 52 52 80,https://climax-perpignan.fr/
https://www.google.com/maps/place/ENGIE+Home+Services/data=!4m7!3m6!1s0x12b06feade3b5bdf:0x49eaf6e7d8552b5e!8m2!3d42.688429!4d2.919507!16s%2Fg%2F1tdnt1pr!19sChIJ31s73upvsBIRXitV2Of26kk?authuser=0&hl=fr&rclk=1,ENGIE Home Services,"4,1",-181,Chauffagiste,14 Avenue André Ampère,04 68 55 50 02,https://www.google.com/aclk?sa=L&ai=DChsSEwiHmryvv72UAxXdimgJHZkNNFwYACICCAEQAxoCd2Y&co=1&ase=2&gclid=CjwKCAjwq6DQBhBVEiwA4ZD5XIcHjEHuDaAMdr_4KqP4NrxvqQ9ru2MmNyqyoZ-nm-fLk5UgcK98WBoCmggQAvD_BwE&cce=2&category=acrcp_v1_32&sig=AOD64_1e208A_g5LCr5C3PLVjbKRkagVRw&adurl&q&ctype=99&nis=6
https://www.google.com/maps/place/Tout+Froid+Tout+Flamme/data=!4m7!3m6!1s0x12b06fcc131b8269:0x9415f52fa3ce4f22!8m2!3d42.687183!4d2.920126!16s%2Fg%2F11x6s87gcs!19sChIJaYIbE8xvsBIRIk_Ooy_1FZQ?authuser=0&hl=fr&rclk=1,Tout Froid Tout Flamme,5,-43,Cheministe,1 Avenue André Ampère,04 48 22 12 31,https://www.google.com/aclk?sa=L&ai=DChsSEwjbtqO7v72UAxV3UUECHc-vI7EYACICCAEQAhoCd3M&co=1&ase=2&gclid=CjwKCAjwq6DQBhBVEiwA4ZD5XIeRUuqRxoZKsPqIfelSGwBQq4x4hKHGAnfuBU2L5QIKmyAt2X4VeRoCN8EQAvD_BwE&cce=2&category=acrcp_v1_32&sig=AOD64_2SJiud3xra311WQj9Asrqc-ML-Pg&adurl&q&ctype=99&nis=6
https://www.google.com/maps/place/NEO+TEC/data=!4m7!3m6!1s0x12b06f0696469b8f:0xa42b03b4d55be36b!8m2!3d42.7313776!4d2.9064438!16s%2Fg%2F11fkt9wv8p!19sChIJj5tGlgZvsBIRa-Nb1bQDK6Q?authuser=0&hl=fr&rclk=1,NEO TEC,"4,7",-48,Service de réparation de systèmes de climatisation,248 Rue Ettore Bugatti,04 68 34 34 68,
https://www.google.com/maps/place/Guy+Bac/data=!4m7!3m6!1s0x12b06e5b9fe6aaab:0x63ee2d6bcef3a3a9!8m2!3d42.7193893!4d2.854604!16s%2Fg%2F11f62h3yq9!19sChIJq6rmn1tusBIRqaPzzmst7mM?authuser=0&hl=fr&rclk=1,Guy Bac,"3,4",-52,Entrepreneur,37 Bd de l'Atelier,04 68 61 18 57,http://guybac.fr/
https://www.google.com/maps/place/Ikc+Plomberie+Climatisation+66/data=!4m7!3m6!1s0x253ea327b5490445:0xe54fe10f86fb5aee!8m2!3d42.8964916!4d2.4642966!16s%2Fg%2F11q7zywm83!19sChIJRQRJtSejPiUR7lr7hg_hT-U?authuser=0&hl=fr&rclk=1,Ikc Plomberie Climatisation 66,"4,8",-41,Plombier,·,06 52 56 56 50,
"https://www.google.com/maps/place/Alter+Energies+%E2%98%80%EF%B8%8F+Installation+Photovolta%C3%AFque,+Pompe+%C3%A0+Chaleur+et+Climatisation+-+Perpignan/data=!4m7!3m6!1s0x12b06e7522212385:0xaba3da392e110b7b!8m2!3d42.7178026!4d2.8551472!16s%2Fg%2F1v1kry6d!19sChIJhSMhInVusBIRewsRLjnao6s?authuser=0&hl=fr&rclk=1","Alter Energies ☀️ Installation Photovoltaïque, Pompe à Chaleur et Climatisation - Perpignan","4,1",-134,Plombier,4B Rue des Potiers,04 68 37 46 79,https://www.alter-energies.com/
https://www.google.com/maps/place/Plombier+du+Sud/data=!4m7!3m6!1s0x12b0712af5959b4f:0xae9190b90ae835cb!8m2!3d42.6401719!4d2.8680006!16s%2Fg%2F11smbm5vt6!19sChIJT5uV9SpxsBIRyzXoCrmQka4?authuser=0&hl=fr&rclk=1,Plombier du Sud,"4,5",-15,Plombier,6 Rue du Flaviol,06 11 92 77 51,https://www.instagram.com/plombierdusud/
https://www.google.com/maps/place/RICHARDSON+:+SANITAIRE-+CHAUFFAGE+-+PLOMBERIE+-+PHOTOVOLTA%C3%8FQUE/data=!4m7!3m6!1s0x12b06e2e8c820329:0x5f02380cb339c936!8m2!3d42.6783597!4d2.8904498!16s%2Fg%2F1tdhh_hb!19sChIJKQOCjC5usBIRNsk5sww4Al8?authuser=0&hl=fr&rclk=1,RICHARDSON : SANITAIRE- CHAUFFAGE - PLOMBERIE - PHOTOVOLTAÏQUE,"3,8",-43,Spécialiste de la salle de bains,·,04 68 54 02 66,https://www.richardson.fr/tous-les-magasins/agence/perpignan
https://www.google.com/maps/place/HOMEA+CLIM-ELEC+PERPIGNAN+-+Panneaux+photovolta%C3%AFques-Climatisation-Ballon+thermodynamique/data=!4m7!3m6!1s0x12b06d1013e4811f:0x245b14c4b0b063ab!8m2!3d42.703263!4d2.8288627!16s%2Fg%2F11w_rv9mfj!19sChIJH4HkExBtsBIRq2OwsMQUWyQ?authuser=0&hl=fr&rclk=1,HOMEA CLIM-ELEC PERPIGNAN - Panneaux photovoltaïques-Climatisation-Ballon thermodynamique,"4,9",-105,Fournisseur d'équipements d'énergie solaire,16 Av. des Pyrénées,04 68 22 93 11,https://clim-elec.homea66.fr/
https://www.google.com/maps/place/Air+Force+Chauffage/data=!4m7!3m6!1s0x12b072152fa89a11:0x25d1f2a6d2244f13!8m2!3d42.6550759!4d2.8383504!16s%2Fg%2F11fzp632jl!19sChIJEZqoLxVysBIRE08k0qby0SU?authuser=0&hl=fr&rclk=1,Air Force Chauffage,"4,6",-16,Chauffagiste,5 Av. des Campagnes,07 82 01 39 16,http://www.air-force-chauffage.fr/?utm_source=gmb
https://www.google.com/maps/place/AXAIR+SAS/data=!4m7!3m6!1s0x12b06e1172c35825:0xa0a2179b8f5d9278!8m2!3d42.6852514!4d2.8706895!16s%2Fg%2F11g9hc9yf6!19sChIJJVjDchFusBIReJJdj5sXoqA?authuser=0&hl=fr&rclk=1,AXAIR SAS,"4,5",-20,Entrepreneur spécialisé dans les systèmes de CVC,14 Rue Fernand Forest,04 68 55 57 56,http://www.axair.eu/
https://www.google.com/maps/place/NEO+TEC/data=!4m7!3m6!1s0x12b06f0696469b8f:0xa42b03b4d55be36b!8m2!3d42.7313776!4d2.9064438!16s%2Fg%2F11fkt9wv8p!19sChIJj5tGlgZvsBIRa-Nb1bQDK6Q?authuser=0&hl=fr&rclk=1,NEO TEC,"4,7",-48,Service de réparation de systèmes de climatisation,248 Rue Ettore Bugatti,04 68 34 34 68,
https://www.google.com/maps/place/Guy+Bac/data=!4m7!3m6!1s0x12b06e5b9fe6aaab:0x63ee2d6bcef3a3a9!8m2!3d42.7193893!4d2.854604!16s%2Fg%2F11f62h3yq9!19sChIJq6rmn1tusBIRqaPzzmst7mM?authuser=0&hl=fr&rclk=1,Guy Bac,"3,4",-52,Entrepreneur,37 Bd de l'Atelier,04 68 61 18 57,http://guybac.fr/
https://www.google.com/maps/place/Ikc+Plomberie+Climatisation+66/data=!4m7!3m6!1s0x253ea327b5490445:0xe54fe10f86fb5aee!8m2!3d42.8964916!4d2.4642966!16s%2Fg%2F11q7zywm83!19sChIJRQRJtSejPiUR7lr7hg_hT-U?authuser=0&hl=fr&rclk=1,Ikc Plomberie Climatisation 66,"4,8",-41,Plombier,·,06 52 56 56 50,
"https://www.google.com/maps/place/Alter+Energies+%E2%98%80%EF%B8%8F+Installation+Photovolta%C3%AFque,+Pompe+%C3%A0+Chaleur+et+Climatisation+-+Perpignan/data=!4m7!3m6!1s0x12b06e7522212385:0xaba3da392e110b7b!8m2!3d42.7178026!4d2.8551472!16s%2Fg%2F1v1kry6d!19sChIJhSMhInVusBIRewsRLjnao6s?authuser=0&hl=fr&rclk=1","Alter Energies ☀️ Installation Photovoltaïque, Pompe à Chaleur et Climatisation - Perpignan","4,1",-134,Plombier,4B Rue des Potiers,04 68 37 46 79,https://www.alter-energies.com/
https://www.google.com/maps/place/Plombier+du+Sud/data=!4m7!3m6!1s0x12b0712af5959b4f:0xae9190b90ae835cb!8m2!3d42.6401719!4d2.8680006!16s%2Fg%2F11smbm5vt6!19sChIJT5uV9SpxsBIRyzXoCrmQka4?authuser=0&hl=fr&rclk=1,Plombier du Sud,"4,5",-15,Plombier,6 Rue du Flaviol,06 11 92 77 51,https://www.instagram.com/plombierdusud/
https://www.google.com/maps/place/RICHARDSON+:+SANITAIRE-+CHAUFFAGE+-+PLOMBERIE+-+PHOTOVOLTA%C3%8FQUE/data=!4m7!3m6!1s0x12b06e2e8c820329:0x5f02380cb339c936!8m2!3d42.6783597!4d2.8904498!16s%2Fg%2F1tdhh_hb!19sChIJKQOCjC5usBIRNsk5sww4Al8?authuser=0&hl=fr&rclk=1,RICHARDSON : SANITAIRE- CHAUFFAGE - PLOMBERIE - PHOTOVOLTAÏQUE,"3,8",-43,Spécialiste de la salle de bains,·,04 68 54 02 66,https://www.richardson.fr/tous-les-magasins/agence/perpignan
https://www.google.com/maps/place/HOMEA+CLIM-ELEC+PERPIGNAN+-+Panneaux+photovolta%C3%AFques-Climatisation-Ballon+thermodynamique/data=!4m7!3m6!1s0x12b06d1013e4811f:0x245b14c4b0b063ab!8m2!3d42.703263!4d2.8288627!16s%2Fg%2F11w_rv9mfj!19sChIJH4HkExBtsBIRq2OwsMQUWyQ?authuser=0&hl=fr&rclk=1,HOMEA CLIM-ELEC PERPIGNAN - Panneaux photovoltaïques-Climatisation-Ballon thermodynamique,"4,9",-105,Fournisseur d'équipements d'énergie solaire,16 Av. des Pyrénées,04 68 22 93 11,https://clim-elec.homea66.fr/
https://www.google.com/maps/place/Air+Force+Chauffage/data=!4m7!3m6!1s0x12b072152fa89a11:0x25d1f2a6d2244f13!8m2!3d42.6550759!4d2.8383504!16s%2Fg%2F11fzp632jl!19sChIJEZqoLxVysBIRE08k0qby0SU?authuser=0&hl=fr&rclk=1,Air Force Chauffage,"4,6",-16,Chauffagiste,5 Av. des Campagnes,07 82 01 39 16,http://www.air-force-chauffage.fr/?utm_source=gmb
https://www.google.com/maps/place/AXAIR+SAS/data=!4m7!3m6!1s0x12b06e1172c35825:0xa0a2179b8f5d9278!8m2!3d42.6852514!4d2.8706895!16s%2Fg%2F11g9hc9yf6!19sChIJJVjDchFusBIReJJdj5sXoqA?authuser=0&hl=fr&rclk=1,AXAIR SAS,"4,5",-20,Entrepreneur spécialisé dans les systèmes de CVC,14 Rue Fernand Forest,04 68 55 57 56,http://www.axair.eu/
https://www.google.com/maps/place/Aldelec/data=!4m7!3m6!1s0x12b0727454e84033:0x6b31413d82865d36!8m2!3d42.6695822!4d2.8266182!16s%2Fg%2F1hc9spmc9!19sChIJM0DoVHRysBIRNl2Ggj1BMWs?authuser=0&hl=fr&rclk=1,Aldelec,"3,5",-46,Chauffagiste,·,04 68 83 17 20,
"https://www.google.com/maps/place/ALCAL,+fabricant+et+distributeur+de+granul%C3%A9s+de+bois/data=!4m7!3m6!1s0x12b0701af00ec48f:0x869c2c67ea1488ac!8m2!3d42.662403!4d2.925659!16s%2Fg%2F11bzzvpfgs!19sChIJj8QO8BpwsBIRrIgU6mcsnIY?authuser=0&hl=fr&rclk=1","ALCAL, fabricant et distributeur de granulés de bois","4,6",-16,Fabricant,·,04 68 66 70 48,http://www.alcal-chauffage.com/
https://www.google.com/maps/place/THERMIDOR/data=!4m7!3m6!1s0x12b072635d6e0c2f:0xe4cfb87927b6defa!8m2!3d42.6620129!4d2.8223082!16s%2Fg%2F1tm1mb3t!19sChIJLwxuXWNysBIR-t62J3m4z-Q?authuser=0&hl=fr&rclk=1,THERMIDOR,"4,2",-49,Fournisseur d'équipements de chauffage,·,04 68 55 44 44,https://sarl-thermidor.fr/
https://www.google.com/maps/place/Roger+Renard+Entreprise/data=!4m7!3m6!1s0x12b06e010b307857:0x3305baadab1e3656!8m2!3d42.6748956!4d2.8615078!16s%2Fg%2F11b6d0k0nk!19sChIJV3gwCwFusBIRVjYeq626BTM?authuser=0&hl=fr&rclk=1,Roger Renard Entreprise,"3,3",-11,Entrepreneur,·,04 68 87 96 00,http://www.roger-renard.fr/
https://www.google.com/maps/place/azur+66+plomberie+et+Multiservices/data=!4m7!3m6!1s0x12b0697fd1fb84a9:0x8baa4a7c50a0587d!8m2!3d42.7076029!4d3.0112579!16s%2Fg%2F11hy_8j3zs!19sChIJqYT70X9psBIRfVigUHxKqos?authuser=0&hl=fr&rclk=1,azur 66 plomberie et Multiservices,5,-52,Chauffagiste,13 Imp. Joseph Sunyere,06 38 77 68 35,https://azur-66-plomberie-20.webself.net/
https://www.google.com/maps/place/ENGIE+Home+Services/data=!4m7!3m6!1s0x12b06feade3b5bdf:0x49eaf6e7d8552b5e!8m2!3d42.6884294!4d2.9195071!16s%2Fg%2F1tdnt1pr!19sChIJ31s73upvsBIRXitV2Of26kk?authuser=0&hl=fr&rclk=1,ENGIE Home Services,"4,1",-181,Chauffagiste,14 Av. André Ampère,04 68 55 50 02,https://agence.engie-homeservices.fr/46-engie-home-services-perpignan-cabestany?utm_source=gmb
https://www.google.com/maps/place/Clim+Habitat+%E2%9D%84%EF%B8%8F%7C+Installation+Clim+-+Entretien+climatisation+%7C+Canoh%C3%A8s/data=!4m7!3m6!1s0x12b0739f01db1f7b:0xe0d16c3bb503ad35!8m2!3d42.6618467!4d2.8384809!16s%2Fg%2F11qx_w6ns2!19sChIJex_bAZ9zsBIRNa0DtTts0eA?authuser=0&hl=fr&rclk=1,Clim Habitat ❄️| Installation Clim - Entretien climatisation | Canohès,"4,9",-113,Fournisseur de systèmes de climatisation,·,04 68 21 70 86,https://www.climhabitat.fr/
https://www.google.com/maps/place/Baille+Climatisation+Perpignan/data=!4m7!3m6!1s0x260905d9b4bd5b83:0x1384b49e89009d24!8m2!3d42.6987436!4d2.9451938!16s%2Fg%2F11lf4gvryg!19sChIJg1u9tNkFCSYRJJ0AiZ60hBM?authuser=0&hl=fr&rclk=1,Baille Climatisation Perpignan,5,-28,Service de réparation de systèmes de climatisation,11 Rue georges lavagne,07 81 32 33 56,https://www.bailleclimatisation.fr/
https://www.google.com/maps/place/ITC+%28+Installation+Thermique+%26+Climatique+%29/data=!4m7!3m6!1s0x12b06fcd3143eac9:0xd1cb1945d19c1151!8m2!3d42.7322467!4d2.8898849!16s%2Fg%2F11j8c2tym0!19sChIJyepDMc1vsBIRURGc0UUZy9E?authuser=0&hl=fr&rclk=1,ITC ( Installation Thermique & Climatique ),5,-1,Chauffagiste,90 Av. du Languedoc,04 68 63 81 30,http://www.itc-clim.com/
https://www.google.com/maps/place/BUXEDA+PLOMBERIE+%26+CLIMATISATION/data=!4m7!3m6!1s0x47fa37dfd7614e55:0x765ca5081238c54c!8m2!3d42.6456639!4d2.867082!16s%2Fg%2F11svnkyvb0!19sChIJVU5h1983-kcRTMU4EgilXHY?authuser=0&hl=fr&rclk=1,BUXEDA PLOMBERIE & CLIMATISATION,5,-45,Plombier,8 All. Brahim Asloum,06 40 40 69 44,
https://www.google.com/maps/place/Salvat+S%C3%A9bastien/data=!4m7!3m6!1s0x12b06fe0b93455dd:0x2ac389b9c8b0803e!8m2!3d42.7010707!4d2.9046948!16s%2Fg%2F11frdstdyv!19sChIJ3VU0ueBvsBIRPoCwyLmJwyo?authuser=0&hl=fr&rclk=1,Salvat Sébastien,5,-6,Plombier,·,06 23 39 44 31,http://salvat.site-solocal.com/
https://www.google.com/maps/place/ENGIE+Home+Services/data=!4m7!3m6!1s0x12b06feade3b5bdf:0x49eaf6e7d8552b5e!8m2!3d42.6884294!4d2.9195071!16s%2Fg%2F1tdnt1pr!19sChIJ31s73upvsBIRXitV2Of26kk?authuser=0&hl=fr&rclk=1,ENGIE Home Services,"4,1",-181,Chauffagiste,14 Av. André Ampère,04 68 55 50 02,https://agence.engie-homeservices.fr/46-engie-home-services-perpignan-cabestany?utm_source=gmb
https://www.google.com/maps/place/ENGIE+Home+Services/data=!4m7!3m6!1s0x12b06feade3b5bdf:0x49eaf6e7d8552b5e!8m2!3d42.688429!4d2.919507!16s%2Fg%2F1tdnt1pr!19sChIJ31s73upvsBIRXitV2Of26kk?authuser=0&hl=fr&rclk=1,ENGIE Home Services,"4,1",-181,Chauffagiste,14 Avenue André Ampère,04 68 55 50 02,https://www.google.com/aclk?sa=L&ai=DChsSEwiHmryvv72UAxXdimgJHZkNNFwYACICCAEQAxoCd2Y&co=1&ase=2&gclid=CjwKCAjwq6DQBhBVEiwA4ZD5XIcHjEHuDaAMdr_4KqP4NrxvqQ9ru2MmNyqyoZ-nm-fLk5UgcK98WBoCmggQAvD_BwE&cce=2&category=acrcp_v1_32&sig=AOD64_1e208A_g5LCr5C3PLVjbKRkagVRw&adurl&q&ctype=99&nis=6
"https://www.google.com/maps/place/Renov%26Sun+-+Photovolta%C3%AFque,+Chauffage,+Climatisation+%26+R%C3%A9novation+%C3%A9nerg%C3%A9tique+%C3%A0+Perpignan/data=!4m7!3m6!1s0x12b0714b05d2123b:0x28c09d21a8f1c748!8m2!3d42.6679997!4d2.9171976!16s%2Fg%2F11x1_716nw!19sChIJOxLSBUtxsBIRSMfxqCGdwCg?authuser=0&hl=fr&rclk=1","Renov&Sun - Photovoltaïque, Chauffage, Climatisation & Rénovation énergétique à Perpignan",5,-19,Entreprise d'énergie solaire,·,04 68 07 26 77,https://www.renovandsun.com/
https://www.google.com/maps/place/Solipac+Perpignan/data=!4m7!3m6!1s0x12b06f23039cdc5b:0x93c55e6c68cda91!8m2!3d42.735417!4d2.8917594!16s%2Fg%2F1txr5n18!19sChIJW9ycAyNvsBIRkdqMxuZVPAk?authuser=0&hl=fr&rclk=1,Solipac Perpignan,"3,6",-15,Fournisseur d'équipements d'énergie solaire,·,04 68 34 17 17,http://www.solipac.fr/
https://www.google.com/maps/place/Boy+Benjamin/data=!4m7!3m6!1s0x12b0716075ca83dd:0xa8f58d23005bbc4!8m2!3d42.6628609!4d2.8886786!16s%2Fg%2F11sm_h69l8!19sChIJ3YPKdWBxsBIRxLsFMNJYjwo?authuser=0&hl=fr&rclk=1,Boy Benjamin,"4,5",-8,Plombier,65 Rue François Xavier Bichat,06 16 18 20 85,https://facebook.com/Plomberie-Boy-Benjamin-107983798464954?utm_source=gmb
https://www.google.com/maps/place/Ambiance+Energie%E2%98%80%EF%B8%8F%E2%9D%84%EF%B8%8F+%7C+Photovolta%C3%AFque+-+Clim+-+Pompe+%C3%A0+chaleur+%7C+Toulouges/data=!4m7!3m6!1s0x12b06e345348f1ad:0x3141b7db11c90b31!8m2!3d42.6640321!4d2.8183477!16s%2Fg%2F11hbt9wwpq!19sChIJrfFIUzRusBIRMQvJEdu3QTE?authuser=0&hl=fr&rclk=1,Ambiance Energie☀️❄️ | Photovoltaïque - Clim - Pompe à chaleur | Toulouges,"4,8",-156,Fournisseur de systèmes de climatisation,·,04 68 85 18 35,http://www.ambiance-energie.fr/
https://www.google.com/maps/place/O2+TOIT+PERPIGNAN+-+Installateur+de+panneaux+solaires+%26+pompes+%C3%A0+chaleur/data=!4m7!3m6!1s0x12b0737c9d8994f5:0x14d8049d3c3980d5!8m2!3d42.6628158!4d2.9086909!16s%2Fg%2F11r6kngd2r!19sChIJ9ZSJnXxzsBIR1YA5PJ0E2BQ?authuser=0&hl=fr&rclk=1,O2 TOIT PERPIGNAN - Installateur de panneaux solaires & pompes à chaleur,"4,5",-44,Chauffagiste,·,0 800 22 22 02,https://o2toit.fr/nos-agences/o2-toit-perpignan/
https://www.google.com/maps/place/Canatec+Groupe/data=!4m7!3m6!1s0x12b0700fb61eb391:0x1cc5917c3dfc4d1e!8m2!3d42.6583447!4d2.9287987!16s%2Fg%2F1ygvszy7_!19sChIJkbMetg9wsBIRHk38PXyRxRw?authuser=0&hl=fr&rclk=1,Canatec Groupe,"4,4",-80,Plombier,8 Rue de la Côté Radieuse,04 68 92 09 20,http://www.canatec.fr/
https://www.google.com/maps/place/Le+Pti%27+Plombier/data=!4m7!3m6!1s0x12b06fc93b95d695:0x1655b492893272d2!8m2!3d42.6864189!4d2.9042738!16s%2Fg%2F11b6xb1zlx!19sChIJldaVO8lvsBIR0nIyiZK0VRY?authuser=0&hl=fr&rclk=1,Le Pti' Plombier,,,Chauffagiste,1 Rue de Laroque des Albères,06 49 43 56 94,https://www.facebook.com/pages/Le-Pti-Plombier/526195814151609
https://www.google.com/maps/place/Climat+Actif+66/data=!4m7!3m6!1s0xa8400fc22081785d:0xc2028eb100bf16bf!8m2!3d42.6257304!4d2.449662!16s%2Fg%2F11yb67k138!19sChIJXXiBIMIPQKgRvxa_ALGOAsI?authuser=0&hl=fr&rclk=1,Climat Actif 66,5,-33,Fournisseur d'équipements de chauffage,·,07 88 39 54 73,http://climatactif66.com/
https://www.google.com/maps/place/Cegelec+M%C3%A9diterran%C3%A9e/data=!4m7!3m6!1s0x12b06edbf5b55f09:0xab2a50a966b8ea5f!8m2!3d42.73637!4d2.8918323!16s%2Fg%2F11b5wl3gdr!19sChIJCV-19dtusBIRX-q4ZqlQKqs?authuser=0&hl=fr&rclk=1,Cegelec Méditerranée,4,-29,Électricien,335 Rue Louis Delaunay,04 68 61 43 61,https://www.cegelec-perpignan.com/
https://www.google.com/maps/place/ELETER+CONFORT+-+Menuiserie+-+%C3%89lectricit%C3%A9+-+Climatisation+-+Plomberie+-+Photovolta%C3%AFque/data=!4m7!3m6!1s0x12b0690db0975c5d:0x56531387153e3ac2!8m2!3d42.7317163!4d2.9088516!16s%2Fg%2F11ghpp3m2d!19sChIJXVyXsA1psBIRwjo-FYcTU1Y?authuser=0&hl=fr&rclk=1,ELETER CONFORT - Menuiserie - Électricité - Climatisation - Plomberie - Photovoltaïque,"4,6",-66,Plombier,·,04 68 55 23 63,http://www.eleterconfort.fr/
https://www.google.com/maps/place/SAS+LARROZE+SALGUEIRO/data=!4m7!3m6!1s0x12b067f072d4a079:0xaf71d3505afed4c3!8m2!3d42.7736223!4d2.9525157!16s%2Fg%2F11fmzrhy43!19sChIJeaDUcvBnsBIRw9T-WlDTca8?authuser=0&hl=fr&rclk=1,SAS LARROZE SALGUEIRO,"4,9",-75,Fournisseur de systèmes de climatisation,35 Chem. du Mas Bordas,06 15 51 53 67,
https://www.google.com/maps/place/ECO+SUD+SYSTEMES+-+UFP+PERPIGNAN/data=!4m7!3m6!1s0x12b06fbc407df6a9:0x837a18d6b175a4fa!8m2!3d42.7199304!4d2.851186!16s%2Fg%2F11f3j6v8vs!19sChIJqfZ9QLxvsBIR-qR1sdYYeoM?authuser=0&hl=fr&rclk=1,ECO SUD SYSTEMES - UFP PERPIGNAN,"4,4",-7,Siège social,·,04 68 50 85 66,https://www.ecosudsystemes.fr/
https://www.google.com/maps/place/%C3%89lectricien+Perpignan+%7C+C%C3%89R%C3%89LEC/data=!4m7!3m6!1s0x12b06fab4a408ee9:0xdebe2fa2810e6413!8m2!3d42.7363759!4d2.8938068!16s%2Fg%2F11g8fz51p9!19sChIJ6Y5ASqtvsBIRE2QOgaIvvt4?authuser=0&hl=fr&rclk=1,Électricien Perpignan | CÉRÉLEC,"4,8",-6,Service d'installation électrique,·,04 68 63 93 57,https://cerelec.tech/
https://www.google.com/maps/place/Alter+Services/data=!4m7!3m6!1s0x12b06da5589638bf:0x33237dc949c9445b!8m2!3d42.7269781!4d2.8735471!16s%2Fg%2F11hcj4n2bc!19sChIJvziWWKVtsBIRW0TJScl9IzM?authuser=0&hl=fr&rclk=1,Alter Services,"3,9",-15,Plombier,Rue Louis Mouillard,04 68 37 46 79,https://alter-services.net/
https://www.google.com/maps/place/SARL+MARC+PLOMBERIE+:+CHAUFFAGE+-+CLIMATISATION+-+PHOTOVOLTA%C3%8FQUE/data=!4m7!3m6!1s0x12b07271eebf4d53:0xf5ebb606c28084eb!8m2!3d42.6638226!4d2.8318071!16s%2Fg%2F11fswbbjxz!19sChIJU02_7nFysBIR64SAwga26_U?authuser=0&hl=fr&rclk=1,SARL MARC PLOMBERIE : CHAUFFAGE - CLIMATISATION - PHOTOVOLTAÏQUE,"4,9",-33,Chauffagiste,2 Rue Cardan,04 68 85 37 17,https://www.marc-plomberie.fr/
https://www.google.com/maps/place/SARP+-+SOUCAS+Perpignan/data=!4m7!3m6!1s0x12b06f6a8dc1ab1d:0xf86ee373d7e82bfe!8m2!3d42.7305171!4d2.8725555!16s%2Fg%2F11j8zs4s7s!19sChIJHavBjWpvsBIR_ivo13Pjbvg?authuser=0&hl=fr&rclk=1,SARP - SOUCAS Perpignan,5,-42,Plombier,·,04 68 54 69 78,https://agence.sarp-assainissement.fr/167-soucas-perpignan
https://www.google.com/maps/place/Allo+D%C3%A9bouchage+Perpignan+-+D%C3%A9bouchage+canalisations/data=!4m7!3m6!1s0x12b06fa9605500c7:0xc40bff19152a9bdd!8m2!3d42.6835304!4d2.9021482!16s%2Fg%2F11rq7s96y8!19sChIJxwBVYKlvsBIR3ZsqFRn_C8Q?authuser=0&hl=fr&rclk=1,Allo Débouchage Perpignan - Débouchage canalisations,"4,9",-69,Plombier,7 Pass. de l'Université,07 63 64 39 05,https://www.allodebouchage.com/nos-zones-dintervention/occitanie/66-pyrenees-orientales/perpignan/
https://www.google.com/maps/place/Sarl+les+Ets+Cazes/data=!4m7!3m6!1s0x12b00ce0d30c8797:0xd4b9a64823c1640!8m2!3d42.6628173!4d2.831215!16s%2Fg%2F1tdrhfc2!19sChIJl4cM0-AMsBIRQBY8gmSaSw0?authuser=0&hl=fr&rclk=1,Sarl les Ets Cazes,"4,6",-115,Plombier,8 Rue Parmentier,04 68 53 30 97,http://www.ets-cazes.fr/
https://www.google.com/maps/place/Sanit+Plomberie/data=!4m7!3m6!1s0x12b07b2e72545b59:0xf835de972778ea0e!8m2!3d42.6633806!4d2.9861955!16s%2Fg%2F11flzmypkm!19sChIJWVtUci57sBIRDup4J5feNfg?authuser=0&hl=fr&rclk=1,Sanit Plomberie,"4,9",-15,Plombier,28 Rue du Vieux Lavoir,06 11 16 02 95,https://sanit-plomberie.fr/
https://www.google.com/maps/place/AE+Energie+Groupe+-+Installateur+panneaux+solaires+Perpignan/data=!4m7!3m6!1s0x12b06f63f435b87d:0x4503afc709f72bd8!8m2!3d42.7322323!4d2.9078759!16s%2Fg%2F11k4nyq_ls!19sChIJfbg19GNvsBIR2Cv3CcevA0U?authuser=0&hl=fr&rclk=1,AE Energie Groupe - Installateur panneaux solaires Perpignan,"4,9",-106,Fournisseur d'équipements d'énergie solaire,·,09 86 12 05 89,https://www.aeenergie-groupe.fr/
https://www.google.com/maps/place/ELETER+CONFORT+-+Menuiserie+-+%C3%89lectricit%C3%A9+-+Climatisation+-+Plomberie+-+Photovolta%C3%AFque/data=!4m7!3m6!1s0x12b0690db0975c5d:0x56531387153e3ac2!8m2!3d42.7317163!4d2.9088516!16s%2Fg%2F11ghpp3m2d!19sChIJXVyXsA1psBIRwjo-FYcTU1Y?authuser=0&hl=fr&rclk=1,ELETER CONFORT - Menuiserie - Électricité - Climatisation - Plomberie - Photovoltaïque,"4,6",-66,Plombier,·,04 68 55 23 63,http://www.eleterconfort.fr/
https://www.google.com/maps/place/SAS+LARROZE+SALGUEIRO/data=!4m7!3m6!1s0x12b067f072d4a079:0xaf71d3505afed4c3!8m2!3d42.7736223!4d2.9525157!16s%2Fg%2F11fmzrhy43!19sChIJeaDUcvBnsBIRw9T-WlDTca8?authuser=0&hl=fr&rclk=1,SAS LARROZE SALGUEIRO,"4,9",-75,Fournisseur de systèmes de climatisation,35 Chem. du Mas Bordas,06 15 51 53 67,
https://www.google.com/maps/place/ECO+SUD+SYSTEMES+-+UFP+PERPIGNAN/data=!4m7!3m6!1s0x12b06fbc407df6a9:0x837a18d6b175a4fa!8m2!3d42.7199304!4d2.851186!16s%2Fg%2F11f3j6v8vs!19sChIJqfZ9QLxvsBIR-qR1sdYYeoM?authuser=0&hl=fr&rclk=1,ECO SUD SYSTEMES - UFP PERPIGNAN,"4,4",-7,Siège social,·,04 68 50 85 66,https://www.ecosudsystemes.fr/
https://www.google.com/maps/place/%C3%89lectricien+Perpignan+%7C+C%C3%89R%C3%89LEC/data=!4m7!3m6!1s0x12b06fab4a408ee9:0xdebe2fa2810e6413!8m2!3d42.7363759!4d2.8938068!16s%2Fg%2F11g8fz51p9!19sChIJ6Y5ASqtvsBIRE2QOgaIvvt4?authuser=0&hl=fr&rclk=1,Électricien Perpignan | CÉRÉLEC,"4,8",-6,Service d'installation électrique,·,04 68 63 93 57,https://cerelec.tech/
https://www.google.com/maps/place/Alter+Services/data=!4m7!3m6!1s0x12b06da5589638bf:0x33237dc949c9445b!8m2!3d42.7269781!4d2.8735471!16s%2Fg%2F11hcj4n2bc!19sChIJvziWWKVtsBIRW0TJScl9IzM?authuser=0&hl=fr&rclk=1,Alter Services,"3,9",-15,Plombier,Rue Louis Mouillard,04 68 37 46 79,https://alter-services.net/
https://www.google.com/maps/place/SARL+MARC+PLOMBERIE+:+CHAUFFAGE+-+CLIMATISATION+-+PHOTOVOLTA%C3%8FQUE/data=!4m7!3m6!1s0x12b07271eebf4d53:0xf5ebb606c28084eb!8m2!3d42.6638226!4d2.8318071!16s%2Fg%2F11fswbbjxz!19sChIJU02_7nFysBIR64SAwga26_U?authuser=0&hl=fr&rclk=1,SARL MARC PLOMBERIE : CHAUFFAGE - CLIMATISATION - PHOTOVOLTAÏQUE,"4,9",-33,Chauffagiste,2 Rue Cardan,04 68 85 37 17,https://www.marc-plomberie.fr/
https://www.google.com/maps/place/SARP+-+SOUCAS+Perpignan/data=!4m7!3m6!1s0x12b06f6a8dc1ab1d:0xf86ee373d7e82bfe!8m2!3d42.7305171!4d2.8725555!16s%2Fg%2F11j8zs4s7s!19sChIJHavBjWpvsBIR_ivo13Pjbvg?authuser=0&hl=fr&rclk=1,SARP - SOUCAS Perpignan,5,-42,Plombier,·,04 68 54 69 78,https://agence.sarp-assainissement.fr/167-soucas-perpignan
https://www.google.com/maps/place/Allo+D%C3%A9bouchage+Perpignan+-+D%C3%A9bouchage+canalisations/data=!4m7!3m6!1s0x12b06fa9605500c7:0xc40bff19152a9bdd!8m2!3d42.6835304!4d2.9021482!16s%2Fg%2F11rq7s96y8!19sChIJxwBVYKlvsBIR3ZsqFRn_C8Q?authuser=0&hl=fr&rclk=1,Allo Débouchage Perpignan - Débouchage canalisations,"4,9",-69,Plombier,7 Pass. de l'Université,07 63 64 39 05,https://www.allodebouchage.com/nos-zones-dintervention/occitanie/66-pyrenees-orientales/perpignan/
https://www.google.com/maps/place/Sarl+les+Ets+Cazes/data=!4m7!3m6!1s0x12b00ce0d30c8797:0xd4b9a64823c1640!8m2!3d42.6628173!4d2.831215!16s%2Fg%2F1tdrhfc2!19sChIJl4cM0-AMsBIRQBY8gmSaSw0?authuser=0&hl=fr&rclk=1,Sarl les Ets Cazes,"4,6",-115,Plombier,8 Rue Parmentier,04 68 53 30 97,http://www.ets-cazes.fr/
https://www.google.com/maps/place/Sanit+Plomberie/data=!4m7!3m6!1s0x12b07b2e72545b59:0xf835de972778ea0e!8m2!3d42.6633806!4d2.9861955!16s%2Fg%2F11flzmypkm!19sChIJWVtUci57sBIRDup4J5feNfg?authuser=0&hl=fr&rclk=1,Sanit Plomberie,"4,9",-15,Plombier,28 Rue du Vieux Lavoir,06 11 16 02 95,https://sanit-plomberie.fr/
https://www.google.com/maps/place/AE+Energie+Groupe+-+Installateur+panneaux+solaires+Perpignan/data=!4m7!3m6!1s0x12b06f63f435b87d:0x4503afc709f72bd8!8m2!3d42.7322323!4d2.9078759!16s%2Fg%2F11k4nyq_ls!19sChIJfbg19GNvsBIR2Cv3CcevA0U?authuser=0&hl=fr&rclk=1,AE Energie Groupe - Installateur panneaux solaires Perpignan,"4,9",-106,Fournisseur d'équipements d'énergie solaire,·,09 86 12 05 89,https://www.aeenergie-groupe.fr/
https://www.google.com/maps/place/THERMICIEN+CONFORT/data=!4m7!3m6!1s0x12b069bebd47c8d1:0x241b16f5285a16e0!8m2!3d42.7801606!4d2.8770068!16s%2Fg%2F11h5qswspj!19sChIJ0chHvb5psBIR4BZaKPUWGyQ?authuser=0&hl=fr&rclk=1,THERMICIEN CONFORT,"4,9",-51,Plombier,7 Av. de l'Alzine,04 68 64 21 77,https://www.facebook.com/Thermicienconfort66/?locale=fr_FR
https://www.google.com/maps/place/Clean+Clim+Services/data=!4m7!3m6!1s0xa637464435ef1489:0x15af68e075a51c!8m2!3d42.6990446!4d2.9045114!16s%2Fg%2F11ltbt6090!19sChIJiRTvNURGN6YRHKV14GivFQA?authuser=0&hl=fr&rclk=1,Clean Clim Services,5,-34,Fournisseur de systèmes de climatisation,·,06 26 64 86 63,
https://www.google.com/maps/place/GHE+GROUPE+HABITAT+ENERGIE/data=!4m7!3m6!1s0x12b06fa4c429be39:0xf2883bf527e6c3bc!8m2!3d42.7177454!4d2.9346133!16s%2Fg%2F11tt8d96c9!19sChIJOb4pxKRvsBIRvMPmJ_U7iPI?authuser=0&hl=fr&rclk=1,GHE GROUPE HABITAT ENERGIE,"4,7",-113,Fournisseur d'équipements d'énergie solaire,·,06 63 69 66 14,
https://www.google.com/maps/place/Ets+SOLER+Energies/data=!4m7!3m6!1s0x12b07271e0f67ae1:0x27095cdf3287d37e!8m2!3d42.6631181!4d2.8315025!16s%2Fg%2F1tfj5jlp!19sChIJ4Xr24HFysBIRftOHMt9cCSc?authuser=0&hl=fr&rclk=1,Ets SOLER Energies,5,-35,Fournisseur d'équipements d'énergie solaire,·,04 68 55 04 92,http://www.soler-energies.fr/
https://www.google.com/maps/place/HOMEA+MENUISERIE+PERPIGNAN+-+Fen%C3%AAtre-Volet-Porte-Portail-Pergola+Bioclimatique/data=!4m7!3m6!1s0x12b06d2c83477ffd:0xbd45f62886b715cf!8m2!3d42.703263!4d2.8288627!16s%2Fg%2F11p0bm3_c4!19sChIJ_X9HgyxtsBIRzxW3hij2Rb0?authuser=0&hl=fr&rclk=1,HOMEA MENUISERIE PERPIGNAN - Fenêtre-Volet-Porte-Portail-Pergola Bioclimatique,"4,9",-601,Atelier de menuiserie,·,04 68 22 93 11,https://www.homea66.fr/
https://www.google.com/maps/place/Smart+Enr/data=!4m7!3m6!1s0x12b06f34d7141c23:0x9e2bde0a07046fc!8m2!3d42.6831385!4d2.8658545!16s%2Fg%2F11l5p3chs5!19sChIJIxwU1zRvsBIR_EZwoOC94gk?authuser=0&hl=fr&rclk=1,Smart Enr,5,-41,Plombier,2001 Av. Julien Panchot,04 68 87 19 60,http://www.smartenr.fr/?utm_source=gmb
https://www.google.com/maps/place/Climeotherm/data=!4m7!3m6!1s0x12b07abe8685b9bf:0x4702cf0b5291be86!8m2!3d42.631595!4d2.922133!16s%2Fg%2F11c1v16pkb!19sChIJv7mFhr56sBIRhr6RUgvPAkc?authuser=0&hl=fr&rclk=1,Climeotherm,"4,8",-17,Plombier,6 Rue des Prairies,06 74 59 59 70,https://www.climeotherm.fr/
https://www.google.com/maps/place/perpignan+renovation/data=!4m7!3m6!1s0x12b06fbc9bbd6a4f:0x5c3c815782c92451!8m2!3d42.6257304!4d2.449662!16s%2Fg%2F11f6dlt6fp!19sChIJT2q9m7xvsBIRUSTJgleBPFw?authuser=0&hl=fr&rclk=1,perpignan renovation,5,-2,Plombier,·,06 64 21 59 07,http://perpignanrenovation.fr/
https://www.google.com/maps/place/Dyneff+Agence+Perpignan/data=!4m7!3m6!1s0x12b06dfa33381de3:0x64b6789103b536e2!8m2!3d42.6842193!4d2.8639576!16s%2Fg%2F1tdhp5kw!19sChIJ4x04M_ptsBIR4ja1A5F4tmQ?authuser=0&hl=fr&rclk=1,Dyneff Agence Perpignan,"3,9",-107,Service de distribution,·,04 68 85 14 14,http://www.dyneff.fr/
https://www.google.com/maps/place/Littoral+Climat/data=!4m7!3m6!1s0x12b06f7cee8e72d3:0xeb788a76b9db58c0!8m2!3d42.7173144!4d2.9342286!16s%2Fg%2F11f62h03jj!19sChIJ03KO7nxvsBIRwFjbuXaKeOs?authuser=0&hl=fr&rclk=1,Littoral Climat,"4,3",-3,Fournisseur de systèmes de climatisation,8 Av. de la Têt,,
https://www.google.com/maps/place/Corse+Climatisation+Plomberie/data=!4m7!3m6!1s0x12b06d43835b009f:0xe1c6c46284253ac1!8m2!3d42.6762003!4d2.850873!16s%2Fg%2F11ldhftqbw!19sChIJnwBbg0NtsBIRwTolhGLExuE?authuser=0&hl=fr&rclk=1,Corse Climatisation Plomberie,5,-5,Plombier,5 Rue de la Libération,07 86 00 40 91,
"https://www.google.com/maps/place/A2G-ENERGIE+-photovolta%C3%AFque,+pompes+a+chaleur+air+eau,+climatisation/data=!4m7!3m6!1s0x12b06e56aa3cd957:0xe73e20ab3c422377!8m2!3d42.6902349!4d2.8802794!16s%2Fg%2F1tds3wr6!19sChIJV9k8qlZusBIRdyNCPKsgPuc?authuser=0&hl=fr&rclk=1","A2G-ENERGIE -photovoltaïque, pompes a chaleur air eau, climatisation","4,7",-94,Fournisseur d'équipements d'énergie solaire,705 Av. Julien Panchot,04 68 29 45 71,http://a2g-energie.fr/
https://www.google.com/maps/place/PPF+Besan%C3%A7on/data=!4m7!3m6!1s0x478d618ce06b8af3:0xd6e05009c98d10f9!8m2!3d47.257993!4d5.922457!16s%2Fg%2F11r113j5n7!19sChIJ84pr4IxhjUcR-RCNyQlQ4NY?authuser=0&hl=fr&rclk=1,PPF Besançon,"4,7",-57,Solutions et équipement énergétiques,17 Bis Rue des Combottes,03 74 09 83 73,https://www.google.com/aclk?sa=L&ai=DChsSEwiShOjNv72UAxWaakECHQkEKfUYACICCAEQAxoCd3M&co=1&ase=2&gclid=CjwKCAjwq6DQBhBVEiwA4ZD5XBaQvYW_WOwkTAk9J09SX-cv62qPRYwRegJjt5T9Hhqgh8FusHdeHRoCoa4QAvD_BwE&cce=2&category=acrcp_v1_32&sig=AOD64_3A5OG4Z8wDK09a01KZgjtvT0Xlkw&adurl&q&ctype=99&nis=6
https://www.google.com/maps/place/VOTRECS/data=!4m7!3m6!1s0x478d7dbc1ce2dd63:0x2a72f34bb277273b!8m2!3d47.211926!4d6.09618!16s%2Fg%2F11wvytlz_v!19sChIJY93iHLx9jUcROyd3skvzcio?authuser=0&hl=fr&rclk=1,VOTRECS,5,-46,Fournisseur de chauffe-eau,17 Bis Rue de l'Industrie,03 81 60 30 87,https://www.google.com/aclk?sa=L&ai=DChsSEwiShOjNv72UAxWaakECHQkEKfUYACICCAEQARoCd3M&co=1&ase=2&gclid=CjwKCAjwq6DQBhBVEiwA4ZD5XCDesc4c0CyTiTSRHxItUYyA4l3MjPC9C0kK2EXN2lgeAvLOJ5sA7BoCoDMQAvD_BwE&cce=2&category=acrcp_v1_32&sig=AOD64_2PBeqgvwSvqO1Pu9PA83r0UG4wmg&adurl&q&ctype=99&nis=6
https://www.google.com/maps/place/Axenergie+Besan%C3%A7on+%28+Plomb+chauff+25%29/data=!4m7!3m6!1s0x478d62c4fdb86975:0xa7e1512a8a7112d6!8m2!3d47.263016!4d6.0350305!16s%2Fg%2F1vwln0qn!19sChIJdWm4_cRijUcR1hJxiipR4ac?authuser=0&hl=fr&rclk=1,Axenergie Besançon ( Plomb chauff 25),"4,3",-30,Chauffagiste,·,03 81 53 69 09,https://www.axenergie.eu/agences/119-axenergie-besancon
https://www.google.com/maps/place/Entreprise+Condamine/data=!4m7!3m6!1s0x478d62f4ab3ac7c7:0x92ef293833244173!8m2!3d47.2716793!4d6.0104326!16s%2Fg%2F1tqydd9n!19sChIJx8c6q_RijUcRc0EkMzgp75I?authuser=0&hl=fr&rclk=1,Entreprise Condamine,"4,5",-32,Plombier,25 Chem. des Essarts,03 81 88 94 05,http://www.condamine-entreprise.fr/
https://www.google.com/maps/place/AFP+Plomberie/data=!4m7!3m6!1s0x478d62cad125183f:0x2d582d82345c21fd!8m2!3d47.2695094!4d6.0540371!16s%2Fg%2F11b6dg2d6p!19sChIJPxgl0cpijUcR_SFcNIItWC0?authuser=0&hl=fr&rclk=1,AFP Plomberie,"4,3",-48,Chauffagiste,36 Chem. de l'Ermitage,03 81 65 22 22,https://www.plomberie-afp.com/
https://www.google.com/maps/place/H.E.D./data=!4m7!3m6!1s0x478d6301a0a2f479:0x46b586a3d6654525!8m2!3d47.2503311!4d6.0061648!16s%2Fg%2F1td24bkn!19sChIJefSioAFjjUcRJUVl1qOGtUY?authuser=0&hl=fr&rclk=1,H.E.D.,"3,8",-70,Chauffagiste,·,03 81 80 06 06,https://hed25.com/
https://www.google.com/maps/place/FA2I+PLOMBERIE+CHAUFFAGE/data=!4m7!3m6!1s0x478d638d7c59ebeb:0x9a077a7676ab240c!8m2!3d47.2247002!4d5.9747484!16s%2Fg%2F1yg56gt4b!19sChIJ6-tZfI1jjUcRDCSrdnZ6B5o?authuser=0&hl=fr&rclk=1,FA2I PLOMBERIE CHAUFFAGE,"4,8",-155,Plombier,19 Rue de Champagne,06 72 65 71 51,http://fa2i.com/
https://www.google.com/maps/place/Service+Gaz+Maintenance/data=!4m7!3m6!1s0x478d62d80ae785bb:0x17b40196f0d4d9ad!8m2!3d47.2544064!4d6.0343788!16s%2Fg%2F11csb3q95b!19sChIJu4XnCthijUcRrdnU8JYBtBc?authuser=0&hl=fr&rclk=1,Service Gaz Maintenance,"4,7",-59,Chauffagiste,14 Rue Résal,03 81 80 44 60,https://www.servicegaz-maintenance.fr/
https://www.google.com/maps/place/AZ+D%C3%A9pannage+Plomberie+Chauffage+Besan%C3%A7on/data=!4m7!3m6!1s0x68722da109d94b85:0x14e6f60c812e220b!8m2!3d47.2373367!4d6.0082032!16s%2Fg%2F11y5vgt9xq!19sChIJhUvZCaEtcmgRCyIugQz25hQ?authuser=0&hl=fr&rclk=1,AZ Dépannage Plomberie Chauffage Besançon,"4,9",-65,Chauffagiste,·,06 65 49 58 15,https://adilzakaryanahnah.wixsite.com/my-site-1
https://www.google.com/maps/place/DCL+Habitat+SARL/data=!4m7!3m6!1s0x478d6327057ab475:0x6e67d67d7afc9942!8m2!3d47.2494441!4d6.0317155!16s%2Fg%2F11b6dcx603!19sChIJdbR6BSdjjUcRQpn8en3WZ24?authuser=0&hl=fr&rclk=1,DCL Habitat SARL,"4,6",-51,Plombier,73 Rue de Belfort,03 81 80 10 21,https://www.dclhabitat.com/
https://www.google.com/maps/place/BTG/data=!4m7!3m6!1s0x478d632127344159:0xb2791667e5d46d7c!8m2!3d47.2124379!4d5.971796!16s%2Fg%2F1hc5qdt5n!19sChIJWUE0JyFjjUcRfG3U5WcWebI?authuser=0&hl=fr&rclk=1,BTG,"4,1",-93,Chauffagiste,·,03 81 53 11 44,https://www.axenergie.eu/agences/10-besan-on-technic-gaz
https://www.google.com/maps/place/SAUNIER+CHRISTOPHE/data=!4m7!3m6!1s0x478d61759f8d3abf:0x72cf848594229604!8m2!3d47.2342985!4d6.0101996!16s%2Fg%2F1tcwq0wc!19sChIJvzqNn3VhjUcRBJYilIWEz3I?authuser=0&hl=fr&rclk=1,SAUNIER CHRISTOPHE,"3,9",-10,Chauffagiste,7 Rue de Dole,06 08 17 70 96,https://www.saunier-chauffage-gaz-besancon.fr/
https://www.google.com/maps/place/HL+Plomberie/data=!4m7!3m6!1s0x287d0373dfb02e89:0xc15f1e46930f8468!8m2!3d47.2177504!4d5.9771266!16s%2Fg%2F11sf9p9sjm!19sChIJiS6w33MDfSgRaIQPk0YeX8E?authuser=0&hl=fr&rclk=1,HL Plomberie,5,-133,Plombier,5 Rue Paul Gauguin,07 45 08 90 80,
https://www.google.com/maps/place/Chauffage+Et+Bain/data=!4m7!3m6!1s0x478d63c9385c7b15:0xf2614d3e2e906c5f!8m2!3d47.2260391!4d6.065157!16s%2Fg%2F11h4pl14cj!19sChIJFXtcOMljjUcRX2yQLj5NYfI?authuser=0&hl=fr&rclk=1,Chauffage Et Bain,"3,2",-11,Fournisseur d'équipements de chauffage,·,03 81 83 15 96,https://www.chauffage-bain-avis.com/
https://www.google.com/maps/place/Gamachauff+chauffagiste%2Fplombier/data=!4m7!3m6!1s0xee666038fb565e3:0x61cf47048abac679!8m2!3d47.2497828!4d5.9661978!16s%2Fg%2F11wxpp2smp!19sChIJ42W1jwNm5g4Reca6igRHz2E?authuser=0&hl=fr&rclk=1,Gamachauff chauffagiste/plombier,"4,9",-19,Chauffagiste,·,07 44 84 14 38,
https://www.google.com/maps/place/Besan%C3%A7on+G%C3%A9othermie/data=!4m7!3m6!1s0x478d6276c65b4565:0x8e7865b5d8060bda!8m2!3d47.2884391!4d5.993214!16s%2Fg%2F1trvkbcy!19sChIJZUVbxnZijUcR2gsG2LVleI4?authuser=0&hl=fr&rclk=1,Besançon Géothermie,"4,1",-7,Chauffagiste,·,03 81 21 18 82,http://www.besancon-geothermie.com/?utm_source=gmb
https://www.google.com/maps/place/VF+CONFORT+-+Besan%C3%A7on/data=!4m7!3m6!1s0x478d7d4888eb4ab7:0x3b7a3793876dd909!8m2!3d47.268508!4d6.06133!16s%2Fg%2F11b6zpyr0x!19sChIJt0rriEh9jUcRCdlth5M3ejs?authuser=0&hl=fr&rclk=1,VF CONFORT - Besançon,"4,4",-65,Fournisseur d'équipements de chauffage,·,03 81 61 68 68,https://www.vf-confort.fr/contact
https://www.google.com/maps/place/ENGIE+Home+Services/data=!4m7!3m6!1s0x478d7d34ae8c6b17:0xce6418fd3728959a!8m2!3d47.2641385!4d6.0573186!16s%2Fg%2F1pp2vh0v6!19sChIJF2uMrjR9jUcRmpUoN_0YZM4?authuser=0&hl=fr&rclk=1,ENGIE Home Services,"4,6",-449,Chauffagiste,1 Rue du Valset,03 81 50 76 76,https://agence.engie-homeservices.fr/133-engie-home-services-besancon?utm_source=gmb
https://www.google.com/maps/place/JS+PAILLARD+SARL/data=!4m7!3m6!1s0x478d63248c0edf45:0xd795153fcde4b6de!8m2!3d47.2437551!4d6.0293529!16s%2Fg%2F11g9f_kz3x!19sChIJRd8OjCRjjUcR3rbkzT8Vldc?authuser=0&hl=fr&rclk=1,JS PAILLARD SARL,"4,2",-6,Chauffagiste,13 Rue Charles Krug,03 81 80 86 33,https://www.ets-paillard.com/
https://www.google.com/maps/place/B.C.S+SARL/data=!4m7!3m6!1s0x478d65f85ad7bb89:0x319b527f5dfac4ec!8m2!3d47.2127323!4d5.9713554!16s%2Fg%2F11fqqfrcv5!19sChIJibvXWvhljUcR7MT6XX9SmzE?authuser=0&hl=fr&rclk=1,B.C.S SARL,"2,8",-4,Chauffagiste,·,03 81 34 20 59,https://groupe-vittori.com/bcs/
https://www.google.com/maps/place/Doubs+Climat/data=!4m7!3m6!1s0x478d7d36fdd984f7:0xb4da15964c126888!8m2!3d47.2385119!4d5.9893917!16s%2Fg%2F1tvykny5!19sChIJ94TZ_TZ9jUcRiGgSTJYV2rQ?authuser=0&hl=fr&rclk=1,Doubs Climat,"3,4",-35,Fournisseur de systèmes de climatisation,·,03 81 61 08 10,http://www.doubsclimat.fr/
"https://www.google.com/maps/place/CALORECO+:+chauffagiste,+concessionnaire+exclusif+JOTUL/data=!4m7!3m6!1s0x478d63928e41ec13:0x547495b4efb6513b!8m2!3d47.2245327!4d5.9697848!16s%2Fg%2F11btltjd0y!19sChIJE-xBjpJjjUcRO1G277SVdFQ?authuser=0&hl=fr&rclk=1","CALORECO : chauffagiste, concessionnaire exclusif JOTUL","4,6",-437,Chauffagiste,·,03 81 57 34 86,http://www.caloreco.fr/
https://www.google.com/maps/place/PPF+Besan%C3%A7on/data=!4m7!3m6!1s0x478d618ce06b8af3:0xd6e05009c98d10f9!8m2!3d47.257993!4d5.922457!16s%2Fg%2F11r113j5n7!19sChIJ84pr4IxhjUcR-RCNyQlQ4NY?authuser=0&hl=fr&rclk=1,PPF Besançon,"4,7",-57,Solutions et équipement énergétiques,17 Bis Rue des Combottes,03 74 09 83 73,https://www.google.com/aclk?sa=L&ai=DChsSEwiH4ojUv72UAxUwi2gJHUKDLpMYACICCAEQAhoCd2Y&co=1&ase=2&gclid=CjwKCAjwq6DQBhBVEiwA4ZD5XMMzccBLltNr5Nq6MZ-0mCqzAVl1xg9RZ6TGiWc15jbdUHDtHlF1lhoC8zkQAvD_BwE&cce=2&category=acrcp_v1_32&sig=AOD64_2k37p4wTODVKccYxj1dkWsgyp2Bg&adurl&q&ctype=99&nis=6
https://www.google.com/maps/place/VOTRECS/data=!4m7!3m6!1s0x478d7dbc1ce2dd63:0x2a72f34bb277273b!8m2!3d47.211926!4d6.09618!16s%2Fg%2F11wvytlz_v!19sChIJY93iHLx9jUcROyd3skvzcio?authuser=0&hl=fr&rclk=1,VOTRECS,5,-46,Fournisseur de chauffe-eau,17 Bis Rue de l'Industrie,03 81 60 30 87,https://www.google.com/aclk?sa=L&ai=DChsSEwiH4ojUv72UAxUwi2gJHUKDLpMYACICCAEQARoCd2Y&co=1&ase=2&gclid=CjwKCAjwq6DQBhBVEiwA4ZD5XCtK4Y7yNqR5cjsJVOEcK0sVdkVdmA7mztxzJ4w1VNbo560oNFYewxoCMpMQAvD_BwE&cce=2&category=acrcp_v1_32&sig=AOD64_0kcUEZmXRoHRKg1_zkH20KXaOO1Q&adurl&q&ctype=99&nis=6
https://www.google.com/maps/place/Est+Desembouage/data=!4m7!3m6!1s0x478d63eb63c30fef:0x26937af963bc8855!8m2!3d47.2500692!4d6.0055148!16s%2Fg%2F11lfcmh8xx!19sChIJ7w_DY-tjjUcRVYi8Y_l6kyY?authuser=0&hl=fr&rclk=1,Est Desembouage,"4,7",-3,Chauffagiste,26 Rue de la Grange du Collège,03 80 40 72 84,
https://www.google.com/maps/place/Simat+G%C3%A9nie+Climatique/data=!4m7!3m6!1s0x478d63bd909e7d83:0xe66652fb54ed2e57!8m2!3d47.2359335!4d5.982576!16s%2Fg%2F11c1v1fr5l!19sChIJg32ekL1jjUcRVy7tVPtSZuY?authuser=0&hl=fr&rclk=1,Simat Génie Climatique,3,-14,Entrepreneur spécialisé dans les systèmes de CVC,2 Rue Lavoisier,03 81 47 50 00,http://www.simat.fr/
https://www.google.com/maps/place/James+CHAGUE/data=!4m7!3m6!1s0x478d7d48795be56f:0x28e583de4b76e366!8m2!3d47.2710637!4d6.0628826!16s%2Fg%2F11b6d93ntx!19sChIJb-VbeUh9jUcRZuN2S96D5Sg?authuser=0&hl=fr&rclk=1,James CHAGUE,"3,7",-43,Chauffagiste,·,03 81 56 86 47,https://chauffage-chague.fr/
https://www.google.com/maps/place/B.f+Plomberie/data=!4m7!3m6!1s0x478d630dfa1362eb:0xdc4e484768127ce2!8m2!3d47.237173!4d6.0091565!16s%2Fg%2F1tdbps9r!19sChIJ62IT-g1jjUcR4nwSaEdITtw?authuser=0&hl=fr&rclk=1,B.f Plomberie,"4,1",-7,Plombier,10 Rue Parguez,03 81 52 19 28,http://bf-plomberie-besancon.fr/
"https://www.google.com/maps/place/SAS+Migh+25,+Maintenance+Immobili%C3%A8re+G%C3%A9n%C3%A9rale+de+l%27Habitat/data=!4m7!3m6!1s0x478d7d337b6c0dc1:0xf82f2adc0fc263dd!8m2!3d47.2638537!4d6.0365242!16s%2Fg%2F11ggbckhz3!19sChIJwQ1sezN9jUcR3WPCD9wqL_g?authuser=0&hl=fr&rclk=1","SAS Migh 25, Maintenance Immobilière Générale de l'Habitat","4,6",-59,Plombier,·,03 81 26 94 20,https://migh-25.fr/
https://www.google.com/maps/place/D%C3%A9pannage+plomberie+25/data=!4m7!3m6!1s0x478d7ddd339ca721:0x522261e2d4ac9a4e!8m2!3d47.2735774!4d6.1154076!16s%2Fg%2F11nz3n0_kd!19sChIJIaecM919jUcRTpqs1OJhIlI?authuser=0&hl=fr&rclk=1,Dépannage plomberie 25,"4,7",-139,Plombier,23 Rue du Vieux Roche,06 74 13 33 84,http://www.depannage-plomberie.eu/
https://www.google.com/maps/place/Isole+Plus+Energies/data=!4m7!3m6!1s0x478d7d337b6c0d99:0xde2e777508532b77!8m2!3d47.2450036!4d6.0109454!16s%2Fg%2F11c3k2vhr4!19sChIJmQ1sezN9jUcRdytTCHV3Lt4?authuser=0&hl=fr&rclk=1,Isole Plus Energies,"4,5",-27,Chauffagiste,·,09 63 42 05 97,http://www.isole-plus.fr/?utm_source=gmb
https://www.google.com/maps/place/Bordat/data=!4m7!3m6!1s0x478d630d778fdfcd:0x83d56883086d8431!8m2!3d47.265313!4d6.0475257!16s%2Fg%2F11rvjq2v_v!19sChIJzd-Pdw1jjUcRMYRtCINo1YM?authuser=0&hl=fr&rclk=1,Bordat,,,Plombier,11 Rue du Muguet 11 G,06 70 10 97 72,
https://www.google.com/maps/place/Est+Desembouage/data=!4m7!3m6!1s0x478d63eb63c30fef:0x26937af963bc8855!8m2!3d47.2500692!4d6.0055148!16s%2Fg%2F11lfcmh8xx!19sChIJ7w_DY-tjjUcRVYi8Y_l6kyY?authuser=0&hl=fr&rclk=1,Est Desembouage,"4,7",-3,Chauffagiste,26 Rue de la Grange du Collège,03 80 40 72 84,
https://www.google.com/maps/place/Simat+G%C3%A9nie+Climatique/data=!4m7!3m6!1s0x478d63bd909e7d83:0xe66652fb54ed2e57!8m2!3d47.2359335!4d5.982576!16s%2Fg%2F11c1v1fr5l!19sChIJg32ekL1jjUcRVy7tVPtSZuY?authuser=0&hl=fr&rclk=1,Simat Génie Climatique,3,-14,Entrepreneur spécialisé dans les systèmes de CVC,2 Rue Lavoisier,03 81 47 50 00,http://www.simat.fr/
https://www.google.com/maps/place/James+CHAGUE/data=!4m7!3m6!1s0x478d7d48795be56f:0x28e583de4b76e366!8m2!3d47.2710637!4d6.0628826!16s%2Fg%2F11b6d93ntx!19sChIJb-VbeUh9jUcRZuN2S96D5Sg?authuser=0&hl=fr&rclk=1,James CHAGUE,"3,7",-43,Chauffagiste,·,03 81 56 86 47,https://chauffage-chague.fr/
https://www.google.com/maps/place/B.f+Plomberie/data=!4m7!3m6!1s0x478d630dfa1362eb:0xdc4e484768127ce2!8m2!3d47.237173!4d6.0091565!16s%2Fg%2F1tdbps9r!19sChIJ62IT-g1jjUcR4nwSaEdITtw?authuser=0&hl=fr&rclk=1,B.f Plomberie,"4,1",-7,Plombier,10 Rue Parguez,03 81 52 19 28,http://bf-plomberie-besancon.fr/
"https://www.google.com/maps/place/SAS+Migh+25,+Maintenance+Immobili%C3%A8re+G%C3%A9n%C3%A9rale+de+l%27Habitat/data=!4m7!3m6!1s0x478d7d337b6c0dc1:0xf82f2adc0fc263dd!8m2!3d47.2638537!4d6.0365242!16s%2Fg%2F11ggbckhz3!19sChIJwQ1sezN9jUcR3WPCD9wqL_g?authuser=0&hl=fr&rclk=1","SAS Migh 25, Maintenance Immobilière Générale de l'Habitat","4,6",-59,Plombier,·,03 81 26 94 20,https://migh-25.fr/
https://www.google.com/maps/place/D%C3%A9pannage+plomberie+25/data=!4m7!3m6!1s0x478d7ddd339ca721:0x522261e2d4ac9a4e!8m2!3d47.2735774!4d6.1154076!16s%2Fg%2F11nz3n0_kd!19sChIJIaecM919jUcRTpqs1OJhIlI?authuser=0&hl=fr&rclk=1,Dépannage plomberie 25,"4,7",-139,Plombier,23 Rue du Vieux Roche,06 74 13 33 84,http://www.depannage-plomberie.eu/
https://www.google.com/maps/place/Isole+Plus+Energies/data=!4m7!3m6!1s0x478d7d337b6c0d99:0xde2e777508532b77!8m2!3d47.2450036!4d6.0109454!16s%2Fg%2F11c3k2vhr4!19sChIJmQ1sezN9jUcRdytTCHV3Lt4?authuser=0&hl=fr&rclk=1,Isole Plus Energies,"4,5",-27,Chauffagiste,·,09 63 42 05 97,http://www.isole-plus.fr/?utm_source=gmb
https://www.google.com/maps/place/Bordat/data=!4m7!3m6!1s0x478d630d778fdfcd:0x83d56883086d8431!8m2!3d47.265313!4d6.0475257!16s%2Fg%2F11rvjq2v_v!19sChIJzd-Pdw1jjUcRMYRtCINo1YM?authuser=0&hl=fr&rclk=1,Bordat,,,Plombier,11 Rue du Muguet 11 G,06 70 10 97 72,
https://www.google.com/maps/place/Hellio/data=!4m7!3m6!1s0x47fdbd1b3ac6a919:0x78b2652d0ac1297b!8m2!3d46.607894!4d0.338403!16s%2Fg%2F11x1gl83rs!19sChIJGanGOhu9_UcReynBCi1lsng?authuser=0&hl=fr&rclk=1,Hellio,,,Solutions et équipement énergétiques,Rue Claude Chappe,01 44 56 00 00,https://www.google.com/aclk?sa=L&ai=DChsSEwjz7M7hv72UAxWsl2gJHfeLAJMYACICCAEQAhoCd2Y&co=1&ase=2&gclid=CjwKCAjwq6DQBhBVEiwA4ZD5XNC9_GtyyEtl4uufLRfl9G1Kj_chhBZmIHqgMDB6WY65guHhEZjxmRoClm0QAvD_BwE&cce=2&category=acrcp_v1_32&sig=AOD64_30aAr4W6hOZhTLlldntJzgP-9VgA&adurl&q&ctype=99&nis=6
https://www.google.com/maps/place/ENGIE+Home+Services/data=!4m7!3m6!1s0x47fdbe578152a86d:0x6cddbd259b2c5f99!8m2!3d46.60622!4d0.338213!16s%2Fg%2F11cjk44t2m!19sChIJbahSgVe-_UcRmV8smyW93Ww?authuser=0&hl=fr&rclk=1,ENGIE Home Services,"4,2",-754,Chauffagiste,142 Bis Rue de la Grange Saint-Pierre,05 49 41 99 99,https://www.google.com/aclk?sa=L&ai=DChsSEwjz7M7hv72UAxWsl2gJHfeLAJMYACICCAEQABoCd2Y&co=1&ase=2&gclid=CjwKCAjwq6DQBhBVEiwA4ZD5XNly4LZ7XPGVGa73Pr2_Hffqt9JWnV4ooSHzGDT2zg5l_UzNUPo6whoCtuIQAvD_BwE&cce=2&category=acrcp_v1_32&sig=AOD64_3Mf-GHuwEhVD0qzQMsLXnu4c_cAg&adurl&q&ctype=99&nis=6
https://www.google.com/maps/place/Entreprise+FICHET/data=!4m7!3m6!1s0x47fdbe08d82e16cd:0x6b06f5b9a6d5c231!8m2!3d46.5547231!4d0.2960898!16s%2Fg%2F1tc_dmjt!19sChIJzRYu2Ai-_UcRMcLVprn1Bms?authuser=0&hl=fr&rclk=1,Entreprise FICHET,"4,6",-45,Chauffagiste,·,05 49 41 06 74,http://www.entreprise-fichet.com/
https://www.google.com/maps/place/CHATAIGNER+CHAUFFAGE/data=!4m7!3m6!1s0x47fdbe9ed418283b:0xb7ff0582e886c78c!8m2!3d46.5852879!4d0.2828731!16s%2Fg%2F1wf216fn!19sChIJOygY1J6-_UcRjMeG6IIF_7c?authuser=0&hl=fr&rclk=1,CHATAIGNER CHAUFFAGE,"4,7",-258,Chauffagiste,·,06 63 97 57 28,http://www.chataigner-chauffage.fr/
https://www.google.com/maps/place/Water+Plomberie/data=!4m7!3m6!1s0x47fdbf550c75b9dd:0x260bc868a1adf429!8m2!3d46.5722742!4d0.3569248!16s%2Fg%2F11rm_6_ksb!19sChIJ3bl1DFW__UcRKfStoWjICyY?authuser=0&hl=fr&rclk=1,Water Plomberie,"4,7",-99,Chauffagiste,·,05 49 92 23 09,http://www.water-plomberie.fr/?utm_source=gmb
https://www.google.com/maps/place/Thermic+Assistance/data=!4m7!3m6!1s0x47fdb9d792b55941:0x411d1246e6a17be8!8m2!3d46.6036982!4d0.3273039!16s%2Fg%2F1hc4ljs94!19sChIJQVm1kte5_UcR6Huh5kYSHUE?authuser=0&hl=fr&rclk=1,Thermic Assistance,"4,8",-126,Chauffagiste,110 Quater Rue de la Bugellerie,05 49 52 81 17,https://thermic-assistance.fr/
https://www.google.com/maps/place/SARL+LUCIEN+SERVIN/data=!4m7!3m6!1s0x47fdbf53128ddcaf:0x3edfdab53dc11751!8m2!3d46.5740373!4d0.3186474!16s%2Fg%2F11flc67gs3!19sChIJr9yNElO__UcRURfBPbXa3z4?authuser=0&hl=fr&rclk=1,SARL LUCIEN SERVIN,"4,1",-24,Chauffagiste,33 Rte de la Cassette,05 49 58 26 13,http://www.lucien-servin.fr/
https://www.google.com/maps/place/BATISERVE+-+Poitiers/data=!4m7!3m6!1s0x47fdbd58d843d777:0xf9ad404662f0edc5!8m2!3d46.6086898!4d0.3413303!16s%2Fg%2F11gh9py6yt!19sChIJd9dD2Fi9_UcRxe3wYkZArfk?authuser=0&hl=fr&rclk=1,BATISERVE - Poitiers,"4,4",-29,Chauffagiste,·,05 16 83 87 50,https://www.batiserve.fr/
https://www.google.com/maps/place/RPS86/data=!4m7!3m6!1s0x47fdbf001319c9b3:0xcebaf83246da9a2!8m2!3d46.5913494!4d0.3535547!16s%2Fg%2F11vzdpg44s!19sChIJs8kZEwC__UcRoqltJIOv6ww?authuser=0&hl=fr&rclk=1,RPS86,5,-86,Chauffagiste,30 Rue des Couronneries appt 5,06 51 03 89 87,http://www.rps86.com/
https://www.google.com/maps/place/Berger+Artault/data=!4m7!3m6!1s0x47fdbdbf459e8899:0x6c97795e10ad06fc!8m2!3d46.607457!4d0.332032!16s%2Fg%2F1tfdctxg!19sChIJmYieRb-9_UcR_AatEF55l2w?authuser=0&hl=fr&rclk=1,Berger Artault,"4,1",-16,Plombier,11 Rue Marcelin Berthelot,05 49 41 67 39,http://www.berger-artault.fr/
https://www.google.com/maps/place/Garanka+Plombier+Chauffagiste+Poitiers/data=!4m7!3m6!1s0x47fdbc377f1b11e5:0xf7d60b0be465e45!8m2!3d46.6167042!4d0.3447451!16s%2Fg%2F1tffckcg!19sChIJ5REbfze8_UcRRV5GvrBgfQ8?authuser=0&hl=fr&rclk=1,Garanka Plombier Chauffagiste Poitiers,"3,3",-153,Chauffagiste,·,05 49 38 08 80,https://www.garanka.fr/agences/garanka-poitiers/?utm_source=Yext&utm_medium=GMB&y_source=1_MTU2OTk3MDAtNzE1LWxvY2F0aW9uLndlYnNpdGU%3D
"https://www.google.com/maps/place/Chauffagiste+Izi+confort,+filiale+EDF/data=!4m7!3m6!1s0x47fdbc17957c840d:0xf598f2bcd97b91ae!8m2!3d46.5778258!4d0.3730135!16s%2Fg%2F11c2knlczl!19sChIJDYR8lRe8_UcRrpF72bzymPU?authuser=0&hl=fr&rclk=1","Chauffagiste Izi confort, filiale EDF","4,7",-232,Chauffagiste,·,05 49 36 84 54,https://www.izi-by-edf-entretien.fr/?at_medium=Gmb&at_campaign=poitiers
https://www.google.com/maps/place/ENGIE+Home+Services/data=!4m7!3m6!1s0x47fdbe578152a86d:0x6cddbd259b2c5f99!8m2!3d46.6062204!4d0.3382131!16s%2Fg%2F11cjk44t2m!19sChIJbahSgVe-_UcRmV8smyW93Ww?authuser=0&hl=fr&rclk=1,ENGIE Home Services,"4,2",-755,Chauffagiste,·,05 49 41 99 99,https://agence.engie-homeservices.fr/148-engie-home-services-poitiers?utm_source=gmb
https://www.google.com/maps/place/Eleconome/data=!4m7!3m6!1s0x47fdbde2da21eb49:0x1014614b31baba04!8m2!3d46.6022884!4d0.3282872!16s%2Fg%2F12ls_3fm8!19sChIJSesh2uK9_UcRBLq6MUthFBA?authuser=0&hl=fr&rclk=1,Eleconome,"4,8",-24,Chauffagiste,8 Rue des Champs St Pierre,06 01 20 32 17,http://eleconome.fr/
https://www.google.com/maps/place/SARL+DENIAU/data=!4m7!3m6!1s0x47fdbef2a9849e53:0x134b4fb9dcd41535!8m2!3d46.5732292!4d0.366122!16s%2Fg%2F1tgnwl5m!19sChIJU56EqfK-_UcRNRXU3LlPSxM?authuser=0&hl=fr&rclk=1,SARL DENIAU,"3,6",-40,Plombier,·,05 49 46 00 74,http://www.deniau-sarl-86.com/
https://www.google.com/maps/place/AC+R%C3%A9novation+et+Energie/data=!4m7!3m6!1s0x47fdbf1c21d9c8d1:0xa53182e29810ba0a!8m2!3d46.5781!4d0.385813!16s%2Fg%2F11rkbt2rhb!19sChIJ0cjZIRy__UcRCroQmOKCMaU?authuser=0&hl=fr&rclk=1,AC Rénovation et Energie,5,-31,Plombier,Rue Colette Besson,07 83 08 57 34,https://www.ac-renovation86.fr/
https://www.google.com/maps/place/Sarl+Brimaud/data=!4m7!3m6!1s0x47fdbfce0c2beae7:0x259b38b2d8f68123!8m2!3d46.5490648!4d0.3271038!16s%2Fg%2F11dx8kws_l!19sChIJ5-orDM6__UcRI4H22LI4myU?authuser=0&hl=fr&rclk=1,Sarl Brimaud,"3,9",-95,Plombier,239 Av. des Hauts de la Chaume,05 49 46 22 16,
https://www.google.com/maps/place/ACF+pe2c/data=!4m7!3m6!1s0x47fd9623e434c309:0x997da7ad40b5a6b3!8m2!3d46.6163085!4d0.311494!16s%2Fg%2F11g0tlcf4j!19sChIJCcM05COW_UcRs6a1QK2nfZk?authuser=0&hl=fr&rclk=1,ACF pe2c,4,-45,Plombier,3 Rte de Saint-Nicolas,05 49 42 49 28,http://www.chauffage-acfpe2c-86.fr/contact
https://www.google.com/maps/place/Proxiserve/data=!4m7!3m6!1s0x47fdbdee241dd983:0xf2d5c891f61ab5b8!8m2!3d46.6054809!4d0.3270175!16s%2Fg%2F11cnd9j9s3!19sChIJg9kdJO69_UcRuLUa9pHI1fI?authuser=0&hl=fr&rclk=1,Proxiserve,"3,4",-355,Chauffagiste,15 Rue Claude Berthollet,05 49 31 91 46,https://www.proxiserve.fr/agence/l/poitiers/15-rue-claude-berthollet/4072216
https://www.google.com/maps/place/VERGNAUD+ROSELL/data=!4m7!3m6!1s0x47fdbef8886c8d1d:0xb61da026b2993f0!8m2!3d46.5548395!4d0.3358212!16s%2Fg%2F1tfj2jm8!19sChIJHY1siPi-_UcR8JMpawLaYQs?authuser=0&hl=fr&rclk=1,VERGNAUD ROSELL,"3,8",-18,Chauffagiste,·,05 49 55 37 60,https://www.plombier-chauffage-poitiers.fr/
https://www.google.com/maps/place/SAS+GOURBEAU/data=!4m7!3m6!1s0x47fdbdbdd311834d:0xd5bf28966a2b6531!8m2!3d46.6163356!4d0.3485934!16s%2Fg%2F11y4953vr1!19sChIJTYMR0729_UcRMWUrapYov9U?authuser=0&hl=fr&rclk=1,SAS GOURBEAU,5,-1,Chauffagiste,14 Rue du Thalweg,,
https://www.google.com/maps/place/Bax+solutions/data=!4m7!3m6!1s0x47fdbf3a84c73109:0xb69bf3a108fbe89a!8m2!3d46.5666651!4d0.3462423!16s%2Fg%2F11rvh4lmd6!19sChIJCTHHhDq__UcRmuj7CKHzm7Y?authuser=0&hl=fr&rclk=1,Bax solutions,5,-18,Chauffagiste,49 Rue Puvis de Chavannes,06 07 36 20 97,http://www.depannageplombierchauffagiste.fr/
https://www.google.com/maps/place/Hellio/data=!4m7!3m6!1s0x47fdbd1b3ac6a919:0x78b2652d0ac1297b!8m2!3d46.607894!4d0.338403!16s%2Fg%2F11x1gl83rs!19sChIJGanGOhu9_UcReynBCi1lsng?authuser=0&hl=fr&rclk=1,Hellio,,,Solutions et équipement énergétiques,Rue Claude Chappe,01 44 56 00 00,https://www.google.com/aclk?sa=L&ai=DChsSEwi91bHov72UAxUcmmgJHUntOmIYACICCAEQABoCd2Y&co=1&ase=2&gclid=CjwKCAjwq6DQBhBVEiwA4ZD5XNYmaAf5SpQOApmsF1p__OWYl6s4SWXWXbBSY80qBOg4ZcEO-8XINBoCS3YQAvD_BwE&cce=2&category=acrcp_v1_32&sig=AOD64_1BVNmHPLHAulna87PXUtHAVATK5w&adurl&q&ctype=99&nis=6
https://www.google.com/maps/place/S2ED+Solutions+en+Energies+Durables/data=!4m7!3m6!1s0x47fdbb92d4a28c03:0xd51399f5adf415af!8m2!3d46.6116692!4d0.4099038!16s%2Fg%2F1tcw7k0t!19sChIJA4yi1JK7_UcRrxX0rfWZE9U?authuser=0&hl=fr&rclk=1,S2ED Solutions en Energies Durables,"4,1",-76,Chauffagiste,·,05 49 52 40 00,http://www.solutionsenergies86.fr/
https://www.google.com/maps/place/Moreira+%26+Fils/data=!4m7!3m6!1s0x47fdbfcdcda261e3:0x80cfa44677c9a919!8m2!3d46.5501791!4d0.328468!16s%2Fg%2F11h9khpjxr!19sChIJ42Gizc2__UcRGanJd0akz4A?authuser=0&hl=fr&rclk=1,Moreira & Fils,"3,5",-10,Plombier,Av. des Hauts de la Chaume,05 49 46 22 99,
"https://www.google.com/maps/place/BCD+Concept+-+Plombier+et+%C3%89lectricien+%C3%A0+Poitiers+%2F+Peintre,+Pose+de+Sol,+Cloisons+s%C3%A8ches./data=!4m7!3m6!1s0x47fdbf72c63e231b:0xdc63341691fb50a4!8m2!3d46.5722663!4d0.3572294!16s%2Fg%2F11w39rzkp3!19sChIJGyM-xnK__UcRpFD7kRY0Y9w?authuser=0&hl=fr&rclk=1","BCD Concept - Plombier et Électricien à Poitiers / Peintre, Pose de Sol, Cloisons sèches.",5,-7,Plombier,8 Rue Paul Painlevé,06 33 61 62 83,http://bcd-concept-86.com/
https://www.google.com/maps/place/AD+Plus+Plomberie+d%C3%A9pannage/data=!4m7!3m6!1s0x47fdbd0b03196195:0x4a59d1fe0d446ddf!8m2!3d46.60311!4d0.359058!16s%2Fg%2F11n0lvkkb_!19sChIJlWEZAwu9_UcR321EDf7RWUo?authuser=0&hl=fr&rclk=1,AD Plus Plomberie dépannage,"4,7",-51,Chauffagiste,37 bis Rte de l'Ormeau,05 49 37 84 33,http://www.adplusplomberie.fr/?utm_source=gmb
https://www.google.com/maps/place/Tillet+Gilles+Menuiserie+Plomberie+%C3%A0+Poitiers/data=!4m7!3m6!1s0x47fd9589ef9eadfd:0x73b3c8c1c9ce7a18!8m2!3d46.5680701!4d0.3158463!16s%2Fg%2F11j48hmykp!19sChIJ_a2e74mV_UcRGHrOycHIs3M?authuser=0&hl=fr&rclk=1,Tillet Gilles Menuiserie Plomberie à Poitiers,5,-2,Plombier,17 Rue des Tramways Départementaux,06 16 92 60 22,http://www.tilletgilles.fr/accueil/contact/
https://www.google.com/maps/place/DUPUY+SANITHERMIE/data=!4m7!3m6!1s0x62adecf2c1fe5e55:0x7abd4c0fb08ba8d1!8m2!3d46.5846304!4d0.3714621!16s%2Fg%2F11xl88wqcm!19sChIJVV7-wfLsrWIR0aiLsA9MvXo?authuser=0&hl=fr&rclk=1,DUPUY SANITHERMIE,5,-4,Chauffagiste,·,06 10 15 22 08,
https://www.google.com/maps/place/ACR+Distribution+Nouvelle+Aquitaine/data=!4m7!3m6!1s0x47fdbdc0bdcabc31:0x4f36ba847f0788b3!8m2!3d46.6136134!4d0.3378913!16s%2Fg%2F11c1cttm8b!19sChIJMbzKvcC9_UcRs4gHf4S6Nk8?authuser=0&hl=fr&rclk=1,ACR Distribution Nouvelle Aquitaine,5,-4,Fournisseur d'équipements de chauffage,·,05 16 60 81 10,http://www.acrdistribution.fr/
https://www.google.com/maps/place/BRUNET/data=!4m7!3m6!1s0x47fdbdb8ad79b3eb:0x4432b4868ea7c6d6!8m2!3d46.6124076!4d0.3418468!16s%2Fg%2F1tdcfq_2!19sChIJ67N5rbi9_UcR1sanjoa0MkQ?authuser=0&hl=fr&rclk=1,BRUNET,"3,1",-21,Chauffagiste,·,05 49 62 34 03,http://www.brunet-groupe.fr/?utm_source=gmb
https://www.google.com/maps/place/Desplebains+-+Foussette+Nicolas/data=!4m7!3m6!1s0x47fdbc3778a277cf:0x137a9caf92c1ec20!8m2!3d46.6096363!4d0.3661996!16s%2Fg%2F11hyl5c8kj!19sChIJz3eieDe8_UcRIOzBkq-cehM?authuser=0&hl=fr&rclk=1,Desplebains - Foussette Nicolas,"3,8",-13,Chauffagiste,14 Rue des Frères Lumière,05 49 00 01 48,https://www.desplebains-chauffage-86.fr/?utm_source=gmb
https://www.google.com/maps/place/ECM+Bat/data=!4m7!3m6!1s0x47fdbf2a7be99f9f:0xde9aeac269c6bdd6!8m2!3d46.5881633!4d0.3721021!16s%2Fg%2F11x612ffgb!19sChIJn5_peyq__UcR1r3GacLqmt4?authuser=0&hl=fr&rclk=1,ECM Bat,5,-12,Chauffagiste,25 Rue Nelson Mandela,05 86 98 01 88,
https://www.google.com/maps/place/Moreira-Petit+SARL+-+Plomberie%2FChauffage/data=!4m7!3m6!1s0x47fdbd60ca587a43:0x91da380cd8a77bd7!8m2!3d46.6035866!4d0.3548565!16s%2Fg%2F11nlcdpdwl!19sChIJQ3pYymC9_UcR13un2Aw42pE?authuser=0&hl=fr&rclk=1,Moreira-Petit SARL - Plomberie/Chauffage,"4,5",-15,Chauffagiste,25 bis Rue Camille Girault,05 49 01 98 08,https://moreirapetit86.fr/
https://www.google.com/maps/place/ARENOVA/data=!4m7!3m6!1s0x68dd1c528180cbe7:0xf9d9e1b9e8b11840!8m2!3d46.5839384!4d0.3420139!16s%2Fg%2F11vyzszpf3!19sChIJ58uAgVIc3WgRQBix6Lnh2fk?authuser=0&hl=fr&rclk=1,ARENOVA,"4,8",-42,Travaux généraux,16 Rue des Vieilles Boucheries,05 49 21 31 52,http://www.arenovafrance.fr/
https://www.google.com/maps/place/Eiffage+Route+-+Agence+Poitou+Charentes+Limousin+-+Poitiers/data=!4m7!3m6!1s0x47fdbdb904b17a63:0xc6d8222f55b81233!8m2!3d46.613427!4d0.3423254!16s%2Fg%2F1v6l6vy0!19sChIJY3qxBLm9_UcRMxK4VS8i2MY?authuser=0&hl=fr&rclk=1,Eiffage Route - Agence Poitou Charentes Limousin - Poitiers,"4,4",-16,Société de travaux publics,·,05 46 27 97 00,https://www.eiffageroute.com/
https://www.google.com/maps/place/Eurocombles+by+OPNR/data=!4m7!3m6!1s0x47fdbd1cbc708d1b:0x175cdfacd8f5362a!8m2!3d46.609528!4d0.337916!16s%2Fg%2F11q1vrtl51!19sChIJG41wvBy9_UcRKjb12KzfXBc?authuser=0&hl=fr&rclk=1,Eurocombles by OPNR,"4,6",-254,Entrepreneur spécialisé dans l'isolation,·,0 805 29 21 12,https://eurocombles.fr/
https://www.google.com/maps/place/Facilities+Avenue+SASU/data=!4m7!3m6!1s0x47fdbd67efa437ab:0xdf7e6af010469ad6!8m2!3d46.6077725!4d0.3414198!16s%2Fg%2F11r_k23svk!19sChIJqzek72e9_UcR1ppGEPBqft8?authuser=0&hl=fr&rclk=1,Facilities Avenue SASU,"3,5",-2,Plombier,12 Rue du Carreau,06 46 52 40 86,https://renovation-immobiliere-poitiers86.fr/?utm_source=gmb
https://www.google.com/maps/place/Pissard+Jacques/data=!4m7!3m6!1s0x47fdbfcdc1609faf:0xdc6f6069b983a6df!8m2!3d46.5502336!4d0.327858!16s%2Fg%2F1tq8hx_3!19sChIJr59gwc2__UcR36aDuWlgb9w?authuser=0&hl=fr&rclk=1,Pissard Jacques,"4,8",-23,Poste électrique,221 Av. des Hauts de la Chaume,05 49 53 13 43,
https://www.google.com/maps/place/A%C3%A4sgard+Poitiers+-+Po%C3%AAle+%C3%A0+bois+-+Po%C3%AAle+%C3%A0+granul%C3%A9s+-+Po%C3%AAle+de+masse+-+Insert+chemin%C3%A9e/data=!4m7!3m6!1s0x47fd9572c9cbe21b:0x2a1ceadbd78b6b1e!8m2!3d46.5532855!4d0.3049974!16s%2Fg%2F11hkc7bm9t!19sChIJG-LLyXKV_UcRHmuL19vqHCo?authuser=0&hl=fr&rclk=1,Aäsgard Poitiers - Poêle à bois - Poêle à granulés - Poêle de masse - Insert cheminée,"4,9",-386,Chauffagiste,·,05 49 00 33 10,https://www.aasgard.fr/magasins/aasgard-poitiers
https://www.google.com/maps/place/Patris+Beno%C3%AEt/data=!4m7!3m6!1s0x47fdbf86fab6a185:0xafc0f7cda8993deb!8m2!3d45.5220766!4d4.8803332!16s%2Fg%2F11frslp091!19sChIJhaG2-oa__UcR6z2ZqM33wK8?authuser=0&hl=fr&rclk=1,Patris Benoît,,,Plombier,,05 49 41 19 77,http://patrisbenoit.site-solocal.com/
https://www.google.com/maps/place/LERICHE+Energies+Renouvelables+Solutions+chauffagiste+climaticien+pompe+%C3%A0+chaleur+climatisation+%C3%A0+La+Rochelle/data=!4m7!3m6!1s0x48015560715b1f61:0x8a870d7a6c04a637!8m2!3d46.165029!4d-1.19264!16s%2Fg%2F11tp16m6z_!19sChIJYR9bcWBVAUgRN6YEbHoNh4o?authuser=0&hl=fr&rclk=1,LERICHE Energies Renouvelables Solutions chauffagiste climaticien pompe à chaleur climatisation à La Rochelle,"4,9",-36,Chauffagiste,61 Avenue Denfert-Rochereau,05 16 59 03 62,https://www.google.com/aclk?sa=L&ai=DChsSEwicsor6v72UAxUekWgJHSa8Gg4YACICCAEQAxoCd2Y&co=1&ase=2&gclid=CjwKCAjwq6DQBhBVEiwA4ZD5XCbq6YnUhjlTzbSmyUVHtX7TKFfEfPvvTRw3wc0TjV_nWEPwAcJUMBoC5agQAvD_BwE&cce=2&category=acrcp_v1_32&sig=AOD64_299GCyINJ7skW6IT4bW8keenzJWw&adurl&q&ctype=99&nis=6
https://www.google.com/maps/place/PPF+La+Rochelle/data=!4m7!3m6!1s0x48015501174342e3:0x1673a7168dfc60fa!8m2!3d46.166957!4d-1.204838!16s%2Fg%2F11gs_bynvt!19sChIJ40JDFwFVAUgR-mD8jRancxY?authuser=0&hl=fr&rclk=1,PPF La Rochelle,"4,9",-324,Solutions et équipement énergétiques,2 Avenue Henri Hautier,05 35 54 63 91,https://www.google.com/aclk?sa=L&ai=DChsSEwicsor6v72UAxUekWgJHSa8Gg4YACICCAEQARoCd2Y&co=1&ase=2&gclid=CjwKCAjwq6DQBhBVEiwA4ZD5XIsKGoM-XanNmhKRDp3Oovc4aX9_NVKpw0h4rh1HP4mHSvsGLRNorBoCSDwQAvD_BwE&cce=2&category=acrcp_v1_32&sig=AOD64_0UobUMz9VwMdXLrETpPkNeYLiZ9Q&adurl&q&ctype=99&nis=6
https://www.google.com/maps/place/Sos+Plomberie+Chauffage+EURL/data=!4m7!3m6!1s0x4801548904ba7101:0x46950931eaaf9e34!8m2!3d46.1557076!4d-1.1317973!16s%2Fg%2F11bw7d803x!19sChIJAXG6BIlUAUgRNJ6v6jEJlUY?authuser=0&hl=fr&rclk=1,Sos Plomberie Chauffage EURL,"4,4",-62,Plombier,55 Rue Henri Rochefort,06 98 29 34 98,http://www.plombier-la-rochelle.com/?utm_source=gmb
https://www.google.com/maps/place/Garanka+Plombier+Chauffagiste+La+Rochelle/data=!4m7!3m6!1s0x4801527c848b98cb:0x9f386cf17a805567!8m2!3d46.161301!4d-1.109764!16s%2Fg%2F1v1sklmf!19sChIJy5iLhHxSAUgRZ1WAevFsOJ8?authuser=0&hl=fr&rclk=1,Garanka Plombier Chauffagiste La Rochelle,"4,2",-279,Chauffagiste,·,05 46 44 24 20,https://www.garanka.fr/agences/garanka-la-rochelle/?utm_source=Yext&utm_medium=GMB&y_source=1_MTU2OTk3MTUtNzE1LWxvY2F0aW9uLndlYnNpdGU%3D
"https://www.google.com/maps/place/EMR+-+Installation,+entretien,+d%C3%A9pannage+pompe+%C3%A0+chaleur,+chaudi%C3%A8re+et+climatisation+La+Rochelle/data=!4m7!3m6!1s0x480153a0f3b1de97:0x13513db247b94f41!8m2!3d46.1636924!4d-1.1598363!16s%2Fg%2F11ckqrlfft!19sChIJl96x86BTAUgRQU-5R7I9URM?authuser=0&hl=fr&rclk=1","EMR - Installation, entretien, dépannage pompe à chaleur, chaudière et climatisation La Rochelle","4,8",-90,Chauffagiste,19 Rue Aliénor d'Aquitaine,05 46 34 79 18,https://www.emr-solutions.fr/
https://www.google.com/maps/place/LERICHE+Energies+Renouvelables+Solutions+chauffagiste+climaticien+pompe+%C3%A0+chaleur+climatisation+%C3%A0+La+Rochelle/data=!4m7!3m6!1s0x48015560715b1f61:0x8a870d7a6c04a637!8m2!3d46.1650289!4d-1.1926397!16s%2Fg%2F11tp16m6z_!19sChIJYR9bcWBVAUgRN6YEbHoNh4o?authuser=0&hl=fr&rclk=1,LERICHE Energies Renouvelables Solutions chauffagiste climaticien pompe à chaleur climatisation à La Rochelle,"4,9",-36,Chauffagiste,·,05 16 59 03 62,https://leriche-ers.fr/
https://www.google.com/maps/place/SOS+GAZ/data=!4m7!3m6!1s0x4801545ed01458df:0x2ec988f4be244813!8m2!3d46.1618027!4d-1.2068381!16s%2Fg%2F1thx7zyg!19sChIJ31gU0F5UAUgRE0gkvvSIyS4?authuser=0&hl=fr&rclk=1,SOS GAZ,"4,4",-109,Chauffagiste,·,05 46 42 60 39,https://www.sos-gaz17.fr/
https://www.google.com/maps/place/Odant+Plomberie/data=!4m7!3m6!1s0x480153cf423af101:0xe7c5620468993b61!8m2!3d46.1550585!4d-1.1509003!16s%2Fg%2F11hz0rp0bc!19sChIJAfE6Qs9TAUgRYTuZaARixec?authuser=0&hl=fr&rclk=1,Odant Plomberie,"4,8",-35,Chauffagiste,5 Pl. des Coureauleurs,06 15 09 17 30,https://www.odantplomberie.fr/
https://www.google.com/maps/place/SIP+DEPANNAGE/data=!4m7!3m6!1s0x480154605fa16f3d:0x50524f0a401e9612!8m2!3d46.1622336!4d-1.2011489!16s%2Fg%2F1vm79v5l!19sChIJPW-hX2BUAUgREpYeQApPUlA?authuser=0&hl=fr&rclk=1,SIP DEPANNAGE,"4,3",-71,Chauffagiste,·,05 46 43 33 33,https://sip-depannage-la-rochelle.com/
https://www.google.com/maps/place/SARL+MOREAU+OLIVIER+PLANETECO/data=!4m7!3m6!1s0x4801530756431b93:0xde325da2a554cab1!8m2!3d46.1626014!4d-1.1243063!16s%2Fg%2F1td0md6j!19sChIJkxtDVgdTAUgRscpUpaJdMt4?authuser=0&hl=fr&rclk=1,SARL MOREAU OLIVIER PLANETECO,"4,8",-150,Chauffagiste,16 Rue Maurice Ravel,05 82 95 30 08,http://planetecosun.com/
https://www.google.com/maps/place/CVC17/data=!4m7!3m6!1s0x4801546037549d07:0xf9a0bbffca1a2caf!8m2!3d46.1637898!4d-1.2006978!16s%2Fg%2F11f_tzchp3!19sChIJB51UN2BUAUgRrywayv-7oPk?authuser=0&hl=fr&rclk=1,CVC17,"4,8",-66,Entrepreneur spécialisé dans les systèmes de CVC,18 Bis Rue du Niger,05 46 42 32 82,http://www.cvc17.com/
https://www.google.com/maps/place/BCP-17/data=!4m7!3m6!1s0x4801534ac003f5cb:0x43252b902ea24f44!8m2!3d46.1486634!4d-1.1436479!16s%2Fg%2F11qyqchhcj!19sChIJy_UDwEpTAUgRRE-iLpArJUM?authuser=0&hl=fr&rclk=1,BCP-17,5,-26,Chauffagiste,43 Rue des Jars,06 03 68 70 79,
https://www.google.com/maps/place/Entreprise+Villanneau/data=!4m7!3m6!1s0x48015489ffae0af1:0xb365c6b84f795b48!8m2!3d46.1647737!4d-1.1975891!16s%2Fg%2F11nyxzhgym!19sChIJ8Qqu_4lUAUgRSFt5T7jGZbM?authuser=0&hl=fr&rclk=1,Entreprise Villanneau,"4,2",-14,Plombier,116 Av. Denfert-Rochereau,05 46 41 67 37,https://www.villanneau.com/
https://www.google.com/maps/place/A2MAR/data=!4m7!3m6!1s0x480153df836d6be9:0x90d5656a6903c4de!8m2!3d46.140002!4d-1.1660475!16s%2Fg%2F11r43z9bb6!19sChIJ6Wttg99TAUgR3sQDaWpl1ZA?authuser=0&hl=fr&rclk=1,A2MAR,"3,8",-10,Plombier,"La, 7 Av. du Lazaret",06 26 27 28 17,https://www.electricien-plombier-la-rochelle.com/?utm_source=gmb
https://www.google.com/maps/place/Itreco/data=!4m7!3m6!1s0x48015457b4343423:0x1b391b5363d987e4!8m2!3d46.1632042!4d-1.214865!16s%2Fg%2F11by_g21k7!19sChIJIzQ0tFdUAUgR5IfZY1MbORs?authuser=0&hl=fr&rclk=1,Itreco,4,-22,Chauffagiste,"La, 319 Av. Denfert-Rochereau",05 46 34 76 24,https://www.itreco-avis.fr/?utm_source=gmb
"https://www.google.com/maps/place/FEDAIR+-+Installation,+entretien,+d%C3%A9pannage+pompe+%C3%A0+chaleur+et+climatisation+Lagord/data=!4m7!3m6!1s0xa8448b3795c1eab5:0xffb043022b8ad20a!8m2!3d46.1404055!4d-1.1587424!16s%2Fg%2F11tf7dxgv0!19sChIJterBlTeLRKgRCtKKKwJDsP8?authuser=0&hl=fr&rclk=1","FEDAIR - Installation, entretien, dépannage pompe à chaleur et climatisation Lagord","4,8",-30,Chauffagiste,10/14 Rue Jean Perrin,05 36 40 48 87,https://www.fedair.fr/
https://www.google.com/maps/place/Eco+Solutions+-+Climatisation+%26+Pompe+%C3%A0+chaleur+La+Rochelle/data=!4m7!3m6!1s0x4801530a7d53c3e7:0x4e107110ef9767c6!8m2!3d46.1635395!4d-1.0962821!16s%2Fg%2F11fn1wx49t!19sChIJ58NTfQpTAUgRxmeX7xBxEE4?authuser=0&hl=fr&rclk=1,Eco Solutions - Climatisation & Pompe à chaleur La Rochelle,"4,8",-165,Chauffagiste,·,09 52 08 33 33,http://eco-solutions-17.fr/?utm_source=gmb
https://www.google.com/maps/place/Entreprise+ISTCM+La+Rochelle/data=!4m7!3m6!1s0x4801532229421517:0x79608cc2fb8018f3!8m2!3d46.186325!4d-1.14882!16s%2Fg%2F11dzv53lcw!19sChIJFxVCKSJTAUgR8xiA-8KMYHk?authuser=0&hl=fr&rclk=1,Entreprise ISTCM La Rochelle,"4,4",-73,Chauffagiste,·,05 46 34 75 71,http://www.istcm.fr/
https://www.google.com/maps/place/APC+Home/data=!4m7!3m6!1s0x480154a34c89bda1:0xb97c29fa377169c2!8m2!3d46.189533!4d-1.146322!16s%2Fg%2F1ttpg86c!19sChIJob2JTKNUAUgRwmlxN_opfLk?authuser=0&hl=fr&rclk=1,APC Home,"4,7",-64,Plombier,·,05 46 50 98 02,http://www.apc-home.fr/
https://www.google.com/maps/place/ADA+TECH+SARL/data=!4m7!3m6!1s0x4dd504b7f57e9533:0xe663e2c8fb4d93d7!8m2!3d46.0986441!4d-1.0902378!16s%2Fg%2F11sv7dwfc_!19sChIJM5V-9bcE1U0R15NN-8jiY-Y?authuser=0&hl=fr&rclk=1,ADA TECH SARL,"4,9",-31,Entrepreneur spécialisé dans les systèmes de CVC,·,06 16 08 30 82,http://ada-tech.fr/
https://www.google.com/maps/place/CVC17/data=!4m7!3m6!1s0x4801546037549d07:0xf9a0bbffca1a2caf!8m2!3d46.1637898!4d-1.2006978!16s%2Fg%2F11f_tzchp3!19sChIJB51UN2BUAUgRrywayv-7oPk?authuser=0&hl=fr&rclk=1,CVC17,"4,8",-66,Entrepreneur spécialisé dans les systèmes de CVC,18 Bis Rue du Niger,05 46 42 32 82,http://www.cvc17.com/
https://www.google.com/maps/place/BCP-17/data=!4m7!3m6!1s0x4801534ac003f5cb:0x43252b902ea24f44!8m2!3d46.1486634!4d-1.1436479!16s%2Fg%2F11qyqchhcj!19sChIJy_UDwEpTAUgRRE-iLpArJUM?authuser=0&hl=fr&rclk=1,BCP-17,5,-26,Chauffagiste,43 Rue des Jars,06 03 68 70 79,
https://www.google.com/maps/place/Entreprise+Villanneau/data=!4m7!3m6!1s0x48015489ffae0af1:0xb365c6b84f795b48!8m2!3d46.1647737!4d-1.1975891!16s%2Fg%2F11nyxzhgym!19sChIJ8Qqu_4lUAUgRSFt5T7jGZbM?authuser=0&hl=fr&rclk=1,Entreprise Villanneau,"4,2",-14,Plombier,116 Av. Denfert-Rochereau,05 46 41 67 37,https://www.villanneau.com/
https://www.google.com/maps/place/A2MAR/data=!4m7!3m6!1s0x480153df836d6be9:0x90d5656a6903c4de!8m2!3d46.140002!4d-1.1660475!16s%2Fg%2F11r43z9bb6!19sChIJ6Wttg99TAUgR3sQDaWpl1ZA?authuser=0&hl=fr&rclk=1,A2MAR,"3,8",-10,Plombier,"La, 7 Av. du Lazaret",06 26 27 28 17,https://www.electricien-plombier-la-rochelle.com/?utm_source=gmb
https://www.google.com/maps/place/Itreco/data=!4m7!3m6!1s0x48015457b4343423:0x1b391b5363d987e4!8m2!3d46.1632042!4d-1.214865!16s%2Fg%2F11by_g21k7!19sChIJIzQ0tFdUAUgR5IfZY1MbORs?authuser=0&hl=fr&rclk=1,Itreco,4,-22,Chauffagiste,"La, 319 Av. Denfert-Rochereau",05 46 34 76 24,https://www.itreco-avis.fr/?utm_source=gmb
"https://www.google.com/maps/place/FEDAIR+-+Installation,+entretien,+d%C3%A9pannage+pompe+%C3%A0+chaleur+et+climatisation+Lagord/data=!4m7!3m6!1s0xa8448b3795c1eab5:0xffb043022b8ad20a!8m2!3d46.1404055!4d-1.1587424!16s%2Fg%2F11tf7dxgv0!19sChIJterBlTeLRKgRCtKKKwJDsP8?authuser=0&hl=fr&rclk=1","FEDAIR - Installation, entretien, dépannage pompe à chaleur et climatisation Lagord","4,8",-30,Chauffagiste,10/14 Rue Jean Perrin,05 36 40 48 87,https://www.fedair.fr/
https://www.google.com/maps/place/Eco+Solutions+-+Climatisation+%26+Pompe+%C3%A0+chaleur+La+Rochelle/data=!4m7!3m6!1s0x4801530a7d53c3e7:0x4e107110ef9767c6!8m2!3d46.1635395!4d-1.0962821!16s%2Fg%2F11fn1wx49t!19sChIJ58NTfQpTAUgRxmeX7xBxEE4?authuser=0&hl=fr&rclk=1,Eco Solutions - Climatisation & Pompe à chaleur La Rochelle,"4,8",-165,Chauffagiste,·,09 52 08 33 33,http://eco-solutions-17.fr/?utm_source=gmb
https://www.google.com/maps/place/Entreprise+ISTCM+La+Rochelle/data=!4m7!3m6!1s0x4801532229421517:0x79608cc2fb8018f3!8m2!3d46.186325!4d-1.14882!16s%2Fg%2F11dzv53lcw!19sChIJFxVCKSJTAUgR8xiA-8KMYHk?authuser=0&hl=fr&rclk=1,Entreprise ISTCM La Rochelle,"4,4",-73,Chauffagiste,·,05 46 34 75 71,http://www.istcm.fr/
https://www.google.com/maps/place/APC+Home/data=!4m7!3m6!1s0x480154a34c89bda1:0xb97c29fa377169c2!8m2!3d46.189533!4d-1.146322!16s%2Fg%2F1ttpg86c!19sChIJob2JTKNUAUgRwmlxN_opfLk?authuser=0&hl=fr&rclk=1,APC Home,"4,7",-64,Plombier,·,05 46 50 98 02,http://www.apc-home.fr/
https://www.google.com/maps/place/ADA+TECH+SARL/data=!4m7!3m6!1s0x4dd504b7f57e9533:0xe663e2c8fb4d93d7!8m2!3d46.0986441!4d-1.0902378!16s%2Fg%2F11sv7dwfc_!19sChIJM5V-9bcE1U0R15NN-8jiY-Y?authuser=0&hl=fr&rclk=1,ADA TECH SARL,"4,9",-31,Entrepreneur spécialisé dans les systèmes de CVC,·,06 16 08 30 82,http://ada-tech.fr/
https://www.google.com/maps/place/ENGIE+Home+Services/data=!4m7!3m6!1s0x480153b51f07167f:0x8fddc7105939ee91!8m2!3d46.1592083!4d-1.1033519!16s%2Fg%2F1vn17xbn!19sChIJfxYHH7VTAUgRke45WRDH3Y8?authuser=0&hl=fr&rclk=1,ENGIE Home Services,"4,6",-762,Chauffagiste,·,05 46 67 48 49,https://agence.engie-homeservices.fr/159-engie-home-services-la-rochelle?utm_source=gmb
https://www.google.com/maps/place/AFI+Climatisation+et+pompe+%C3%A0+chaleur/data=!4m7!3m6!1s0x480152799c69b439:0xfc3ab2a604838af1!8m2!3d46.1591524!4d-1.1066956!16s%2Fg%2F11b6dpw59w!19sChIJObRpnHlSAUgR8YqDBKayOvw?authuser=0&hl=fr&rclk=1,AFI Climatisation et pompe à chaleur,"4,7",-78,Plombier,·,05 46 37 38 33,https://climatisationafi.wordpress.com/?utm_source=gmb
https://www.google.com/maps/place/PPF+La+Rochelle/data=!4m7!3m6!1s0x48015501174342e3:0x1673a7168dfc60fa!8m2!3d46.166957!4d-1.204838!16s%2Fg%2F11gs_bynvt!19sChIJ40JDFwFVAUgR-mD8jRancxY?authuser=0&hl=fr&rclk=1,PPF La Rochelle,"4,9",-324,Solutions et équipement énergétiques,2 Avenue Henri Hautier,05 35 54 63 91,https://www.google.com/aclk?sa=L&ai=DChsSEwifpqWDwL2UAxXHl2gJHbagHgIYACICCAEQAhoCd2Y&co=1&ase=2&gclid=CjwKCAjwq6DQBhBVEiwA4ZD5XIX5YSc93xk6_4YoEHZMTi0uOYWlDlI9URwcsvlw1GHvXSQc6qwiuRoCFj8QAvD_BwE&cce=2&category=acrcp_v1_32&sig=AOD64_3ENaj04v7lOlPU_e_eVZPoDOMoJg&adurl&q&ctype=99&nis=6
https://www.google.com/maps/place/LERICHE+Energies+Renouvelables+Solutions+chauffagiste+climaticien+pompe+%C3%A0+chaleur+climatisation+%C3%A0+La+Rochelle/data=!4m7!3m6!1s0x48015560715b1f61:0x8a870d7a6c04a637!8m2!3d46.165029!4d-1.19264!16s%2Fg%2F11tp16m6z_!19sChIJYR9bcWBVAUgRN6YEbHoNh4o?authuser=0&hl=fr&rclk=1,LERICHE Energies Renouvelables Solutions chauffagiste climaticien pompe à chaleur climatisation à La Rochelle,"4,9",-36,Chauffagiste,61 Avenue Denfert-Rochereau,05 16 59 03 62,https://www.google.com/aclk?sa=L&ai=DChsSEwifpqWDwL2UAxXHl2gJHbagHgIYACICCAEQDxoCd2Y&co=1&ase=2&gclid=CjwKCAjwq6DQBhBVEiwA4ZD5XN1igVLYssBbupk_inmwbSQf6cfrCbNHUvMa-4vphpDaSOAW_dEl2RoCNTYQAvD_BwE&cce=2&category=acrcp_v1_32&sig=AOD64_2Vzi-wqY9V_DpWK5qkJpD0HXrmHA&adurl&q&ctype=99&nis=6
https://www.google.com/maps/place/Clim%2B+La+Rochelle+:+Climatisation+-+Ventilation+-+Chauffage/data=!4m7!3m6!1s0x48014de355bdb0e1:0xe86cb9d3e478d482!8m2!3d46.1576337!4d-1.1078895!16s%2Fg%2F11b5ys4w56!19sChIJ4bC9VeNNAUgRgtR45NO5bOg?authuser=0&hl=fr&rclk=1,Clim+ La Rochelle : Climatisation - Ventilation - Chauffage,"4,6",-14,Fournisseur de systèmes de climatisation,Av. Joliot-Curie,05 46 56 54 01,https://www.climplus.com/infos-agence/clim-la-rochelle-4419
https://www.google.com/maps/place/Heating+by+Stang/data=!4m7!3m6!1s0x48015244a46f9e0b:0x6ee71ea7fd1212a3!8m2!3d46.178524!4d-1.1070654!16s%2Fg%2F1wc30m7l!19sChIJC55vpERSAUgRoxIS_ace524?authuser=0&hl=fr&rclk=1,Heating by Stang,"4,5",-147,Chauffagiste,·,05 46 51 78 18,http://www.hbs17.fr/
"https://www.google.com/maps/place/MAXENERGIES+-+Pompes+%C3%A0+chaleur,+chaudi%C3%A8res,+climatisation+La+Rochelle/data=!4m7!3m6!1s0x480153213f9858c5:0x43be688076655afb!8m2!3d46.157095!4d-1.1056869!16s%2Fg%2F11lrfwlzvx!19sChIJxViYPyFTAUgR-1pldoBovkM?authuser=0&hl=fr&rclk=1","MAXENERGIES - Pompes à chaleur, chaudières, climatisation La Rochelle","4,6",-9,Chauffagiste,·,06 98 29 34 98,http://www.maxenergies.fr/
"https://www.google.com/maps/place/CALOTEC+CHAUFFAGISTE+IZI+CONFORT,+FILIALE+EDF/data=!4m7!3m6!1s0x48014fb1944ccb25:0x54d502b965368e4f!8m2!3d46.1281716!4d-1.0917033!16s%2Fg%2F11cs4kps_f!19sChIJJctMlLFPAUgRT442ZbkC1VQ?authuser=0&hl=fr&rclk=1","CALOTEC CHAUFFAGISTE IZI CONFORT, FILIALE EDF","4,6",-27,Chauffagiste,12 Rue Thalès,05 46 27 63 89,https://www.iziconfort.com/
https://www.google.com/maps/place/PPF+La+Rochelle/data=!4m7!3m6!1s0x48015501174342e3:0x1673a7168dfc60fa!8m2!3d46.1669573!4d-1.2048379!16s%2Fg%2F11gs_bynvt!19sChIJ40JDFwFVAUgR-mD8jRancxY?authuser=0&hl=fr&rclk=1,PPF La Rochelle,"4,9",-324,Chauffagiste,·,05 35 54 63 91,https://ppf.fr/reseau-ppf/ppf-notre-reseau/agence-ppf-17-la-rochelle/
https://www.google.com/maps/place/LMS+Plomberie/data=!4m7!3m6!1s0xad55594db9380499:0xdac72a1b80845268!8m2!3d46.202703!4d-1.094527!16s%2Fg%2F11n_z6166y!19sChIJmQQ4uU1ZVa0RaFKEgBsqx9o?authuser=0&hl=fr&rclk=1,LMS Plomberie,"4,7",-17,Chauffagiste,5 Rue André Aubreville,06 61 61 83 17,http://lmsplomberie.fr/
https://www.google.com/maps/place/Pentecote+S.A.S/data=!4m7!3m6!1s0x4801525e496c35ad:0xcd2be16f2edc2679!8m2!3d46.1712369!4d-1.0713854!16s%2Fg%2F1tfycyt6!19sChIJrTVsSV5SAUgReSbcLm_hK80?authuser=0&hl=fr&rclk=1,Pentecote S.A.S,"4,4",-32,Plombier,"ZA La Corne Neuve, 6 Rue Volta",05 46 27 05 50,https://www.pentecote-sas.fr/
https://www.google.com/maps/place/Maxithermie/data=!4m7!3m6!1s0x48014d87b207cd5f:0x6f47a098a5be44b9!8m2!3d46.16119!4d-1.1045324!16s%2Fg%2F1tg78dx2!19sChIJX80HsodNAUgRuUS-pZigR28?authuser=0&hl=fr&rclk=1,Maxithermie,"4,8",-25,Fournisseur d'équipements de chauffage,·,05 46 56 00 97,https://maxithermie.com/
https://www.google.com/maps/place/ALLAIRE+DU+TEMPS/data=!4m7!3m6!1s0x48014b8e08e52189:0xbab1f514b2deb078!8m2!3d46.149498!4d-1.201457!16s%2Fg%2F11h4h919vg!19sChIJiSHlCI5LAUgReLDeshT1sbo?authuser=0&hl=fr&rclk=1,ALLAIRE DU TEMPS,"4,6",-349,Chauffagiste,20 Rue Marie-Aline Dusseau,05 16 85 02 64,https://www.allairedutemps.fr/
"https://www.google.com/maps/place/Ambiance+Chauffage+Plomberie,+Plombier+Chauffagiste+%C3%A0+Aytr%C3%A9/data=!4m7!3m6!1s0x48014d9b6363571b:0x81b14ce922f6c123!8m2!3d46.1344389!4d-1.0987099!16s%2Fg%2F11rkj1y90v!19sChIJG1djY5tNAUgRI8H2IulMsYE?authuser=0&hl=fr&rclk=1","Ambiance Chauffage Plomberie, Plombier Chauffagiste à Aytré","4,3",-27,Chauffagiste,·,05 46 55 02 48,https://www.ambiance-chauffage-plomberie.fr/
https://www.google.com/maps/place/Proxiserve/data=!4m7!3m6!1s0x48014e07933b9cf7:0xecff5d3b3e56d936!8m2!3d46.157276!4d-1.1062786!16s%2Fg%2F11f3m8txf6!19sChIJ95w7kwdOAUgRNtlWPjtd_-w?authuser=0&hl=fr&rclk=1,Proxiserve,"3,4",-531,Chauffagiste,·,05 17 91 02 24,https://www.proxiserve.fr/agence/l/perigny/22-avenue-joliot-curie/4072222
https://www.google.com/maps/place/Chabrun+%C3%89ric/data=!4m7!3m6!1s0x480153bc4deee95b:0xd26bf3d4b3e4ad35!8m2!3d46.1610919!4d-1.1757717!16s%2Fg%2F11gtftndt0!19sChIJW-nuTbxTAUgRNa3ks9Tza9I?authuser=0&hl=fr&rclk=1,Chabrun Éric,3,-4,Plombier,40 Rue du Général Dumont,06 45 52 14 92,
https://www.google.com/maps/place/Compagnie+des+D%C3%A9boucheurs+Charente-Maritime/data=!4m7!3m6!1s0x4806b37ba1d6b3a5:0x3e637e626fa6d545!8m2!3d46.2092057!4d-1.1001915!16s%2Fg%2F11j5lx12kq!19sChIJpbPWoXuzBkgRRdWmb2J-Yz4?authuser=0&hl=fr&rclk=1,Compagnie des Déboucheurs Charente-Maritime,5,-1 489,Plombier,6 Rue des Gerboises,05 46 42 56 97,https://www.compagnie-deboucheurs.com/charente-maritime/
"https://www.google.com/maps/place/Is%E2%80%99Eco,+Sp%C3%A9cialiste+Panneaux+Solaire+Photovolta%C3%AFque+et+Pompe+%C3%A0+chaleur/data=!4m7!3m6!1s0x480153eb7339cba1:0xb6aea9d05bd55451!8m2!3d46.1550585!4d-1.1509003!16s%2Fg%2F11h001zv32!19sChIJocs5c-tTAUgRUVTVW9CprrY?authuser=0&hl=fr&rclk=1","Is’Eco, Spécialiste Panneaux Solaire Photovoltaïque et Pompe à chaleur","4,4",-24,Service de maintenance de panneaux solaires,·,06 59 01 06 05,http://www.is-eco.fr/
https://www.google.com/maps/place/HJA+Plomberie/data=!4m7!3m6!1s0x4801527b5ac6b485:0xde72547e8e093f02!8m2!3d46.1607018!4d-1.1108022!16s%2Fg%2F11h_bbg2_d!19sChIJhbTGWntSAUgRAj8Jjn5Uct4?authuser=0&hl=fr&rclk=1,HJA Plomberie,5,-2,Chauffagiste,9 Rue Frédéric Sauvage,05 79 87 21 60,https://www.hjaplomberie.fr/
https://www.google.com/maps/place/Plisson+Plomberie+Chauffage/data=!4m7!3m6!1s0x4806adbe03100ae5:0x27bef43d82ea81ee!8m2!3d46.2066588!4d-1.1655681!16s%2Fg%2F11h77ppc3c!19sChIJ5QoQA76tBkgR7oHqgj30vic?authuser=0&hl=fr&rclk=1,Plisson Plomberie Chauffage,"4,8",-91,Plombier,9 Rue du Treuil Boulard,06 52 19 05 92,http://www.artipole.fr/nos-artisans-artipole/entreprise-plisson-frederic
https://www.google.com/maps/place/Technitoit+La+Rochelle/data=!4m7!3m6!1s0x4801529b28bb1e31:0x33b1fde62c29ca9a!8m2!3d46.158923!4d-1.105875!16s%2Fg%2F1tk_nn8g!19sChIJMR67KJtSAUgRmsopLOb9sTM?authuser=0&hl=fr&rclk=1,Technitoit La Rochelle,"4,2",-181,Chauffagiste,·,05 33 52 29 42,https://www.technitoit.com/agence/charente-maritime-17-la-rochelle?utm_source=google&utm_medium=gmb
https://www.google.com/maps/place/TotalEnergies+Proxi+Sud+Ouest+%28Alv%C3%A9a%29/data=!4m7!3m6!1s0x48015224f6048a9d:0xc9ac6f0c96acff15!8m2!3d46.1383974!4d-1.1111273!16s%2Fg%2F1tglgppq!19sChIJnYoE9iRSAUgRFf-slgxvrMk?authuser=0&hl=fr&rclk=1,TotalEnergies Proxi Sud Ouest (Alvéa),"4,7",-64,Magasin de bois de chauffage,·,05 53 83 08 30,https://proxi.totalenergies.fr/particuliers/agences/alvea-aytre?at_campaign=Site_Web&at_custom1=TPSO&at_medium=Google_My_Business
https://www.google.com/maps/place/EURL+LVP+ANGOULINS/data=!4m7!3m6!1s0xa56c2aadd206c83b:0x4b74832e948e71ab!8m2!3d46.1005355!4d-1.1068101!16s%2Fg%2F11styj_26r!19sChIJO8gG0q0qbKURq3GOlC6DdEs?authuser=0&hl=fr&rclk=1,EURL LVP ANGOULINS,5,-184,Chauffagiste,25 ter Av. du Général de Gaulle,06 95 42 67 96,https://lvp17plomberie.fr/
https://www.google.com/maps/place/Entreprise+Casseron/data=!4m7!3m6!1s0x480153101dff9c47:0x9f6da0f6e4043adb!8m2!3d46.1843731!4d-1.1226172!16s%2Fg%2F1wf37z_8!19sChIJR5z_HRBTAUgR2zoE5PagbZ8?authuser=0&hl=fr&rclk=1,Entreprise Casseron,"3,7",-6,Plombier,21 Bis Rue de Provence,05 46 67 31 16,http://www.casseron.com/
https://www.google.com/maps/place/Energy+Habitat/data=!4m7!3m6!1s0x480c984a65614c31:0x7a70743ae6c44e23!8m2!3d49.6309986!4d-1.6009235!16s%2Fg%2F11btlq1m0l!19sChIJMUxhZUqYDEgRI07E5jp0cHo?authuser=0&hl=fr&rclk=1,Energy Habitat,"4,9",-114,Chauffagiste,·,02 33 42 32 43,https://www.energy-habitat.fr/?utm_source=gmb
https://www.google.com/maps/place/SANECT+COTENTIN/data=!4m7!3m6!1s0x480c9672c96f26f9:0xabcc8ff110e0e2b8!8m2!3d49.6580683!4d-1.6909777!16s%2Fg%2F1tjdqqt0!19sChIJ-SZvyXKWDEgRuOLgEPGPzKs?authuser=0&hl=fr&rclk=1,SANECT COTENTIN,"3,7",-36,Chauffagiste,ZA la Belle Jardiniere,02 33 01 14 78,https://www.sanect-cotentin.com/
https://www.google.com/maps/place/Ent.+Bellot/data=!4m7!3m6!1s0x480c9852a6026457:0xe6d0ba12eb54d308!8m2!3d49.6402606!4d-1.5737819!16s%2Fg%2F11rhdsnn3_!19sChIJV2QCplKYDEgRCNNU6xK60OY?authuser=0&hl=fr&rclk=1,Ent. Bellot,"3,8",-38,Plombier,146 -154 Rue Gambetta,02 33 44 29 58,https://www.entreprise-bellot.fr/
https://www.google.com/maps/place/ENGIE+Home+Services/data=!4m7!3m6!1s0x480c99cff8dcea01:0xfaef5c63318eac06!8m2!3d49.6298892!4d-1.5966456!16s%2Fg%2F1tf35bmf!19sChIJAerc-M-ZDEgRBqyOMWNc7_o?authuser=0&hl=fr&rclk=1,ENGIE Home Services,"4,5",-332,Chauffagiste,4 Rue du Caporal Maupas,02 33 20 63 10,https://agence.engie-homeservices.fr/59-engie-home-services-cherbourg?utm_source=gmb
https://www.google.com/maps/place/Petitpierre+Eurl/data=!4m7!3m6!1s0x480c97759bd02c53:0xde9c31995c9f4427!8m2!3d49.638018!4d-1.6272362!16s%2Fg%2F1wf37_nx!19sChIJUyzQm3WXDEgRJ0SfXJkxnN4?authuser=0&hl=fr&rclk=1,Petitpierre Eurl,"4,9",-25,Électricien,7 Rue Victor Grignard,02 33 53 24 90,http://www.plomberie-electricite-cherbourg.fr/contact
https://www.google.com/maps/place/Chauffage+concept/data=!4m7!3m6!1s0x480c9915e4df394b:0x1f16693f8b86c9f0!8m2!3d49.6305785!4d-1.5361571!16s%2Fg%2F11kq3q8b0x!19sChIJSznf5BWZDEgR8MmGiz9pFh8?authuser=0&hl=fr&rclk=1,Chauffage concept,5,-35,Chauffagiste,351 Chem. des Clos,06 88 45 59 10,
https://www.google.com/maps/place/chauffeco/data=!4m7!3m6!1s0x480c9791ddae1b37:0xf0a78bc16268de21!8m2!3d49.6472693!4d-1.6540563!16s%2Fg%2F11j134q_sh!19sChIJNxuu3ZGXDEgRId5oYsGLp_A?authuser=0&hl=fr&rclk=1,chauffeco,5,-11,Chauffagiste,68 Rue de Belgique,06 62 52 36 26,https://www.facebook.com/Chauffeco-109950850425956/?modal=admin_todo_tour
https://www.google.com/maps/place/Cantrel+Geevers+Noyon/data=!4m7!3m6!1s0x480c9c0cd7b9fcfd:0x10ed2bb61bc30f92!8m2!3d49.6399643!4d-1.6013605!16s%2Fg%2F1tfr9l0w!19sChIJ_fy51wycDEgRkg_DG7Yr7RA?authuser=0&hl=fr&rclk=1,Cantrel Geevers Noyon,"4,4",-26,Poste électrique,·,02 33 21 00 21,https://www.facebook.com/SARL-Cantrel-Geevers-Noyon-817757221733479/?utm_source=gmb
"https://www.google.com/maps/place/Durel+R%C3%A9novation+immobili%C3%A8re+Cherbourg,+plomberie,+chauffage,+%C3%A9lectricit%C3%A9,+ramonage,+artisan+peintre,+ma%C3%A7onnerie,+plaquiste/data=!4m7!3m6!1s0x480c96d073dc0511:0xc7138672d320f949!8m2!3d49.60365!4d-1.6604731!16s%2Fg%2F1tcywtpd!19sChIJEQXcc9CWDEgRSfkg03KGE8c?authuser=0&hl=fr&rclk=1","Durel Rénovation immobilière Cherbourg, plomberie, chauffage, électricité, ramonage, artisan peintre, maçonnerie, plaquiste","4,3",-34,Chauffagiste,"2 rue de la Graveline, ZA le Pont",02 33 53 49 56,http://durel-renovation-cherbourg.fr/
https://www.google.com/maps/place/Cotentin+Energies/data=!4m7!3m6!1s0x480c97585bda3d77:0x3b6c55eb305f7dbc!8m2!3d49.6044431!4d-1.6620984!16s%2Fg%2F11b6dryvg1!19sChIJdz3aW1iXDEgRvH1fMOtVbDs?authuser=0&hl=fr&rclk=1,Cotentin Energies,"4,1",-7,Chauffagiste,25 Rue Charles Delauney,02 33 23 13 38,https://www.cotentinenergies.fr/
https://www.google.com/maps/place/Provinces+Energies/data=!4m7!3m6!1s0x480c976c1fcb4855:0x628e81922b965ef1!8m2!3d49.6253756!4d-1.6265903!16s%2Fg%2F11j2yr0hxr!19sChIJVUjLH2yXDEgR8V6WK5KBjmI?authuser=0&hl=fr&rclk=1,Provinces Energies,4,-1,Chauffagiste,·,,https://www.idex.fr/
https://www.google.com/maps/place/Chaleur+%26+Style/data=!4m7!3m6!1s0x480c99a0fa4975a3:0xfb67d33d3ea2e591!8m2!3d49.636191!4d-1.592946!16s%2Fg%2F11l36gc8gy!19sChIJo3VJ-qCZDEgRkeWiPj3TZ_s?authuser=0&hl=fr&rclk=1,Chaleur & Style,5,-9,Fournisseur d'équipements de chauffage,·,02 33 44 62 31,https://www.seguin-cherbourg.com/
https://www.google.com/maps/place/Robine+Energies+%26+Bien-%C3%AAtre/data=!4m7!3m6!1s0x480c99cc6a349f8d:0xf5288a78d6973bc1!8m2!3d49.6359459!4d-1.5920522!16s%2Fg%2F11ddydf13_!19sChIJjZ80asyZDEgRwTuX1niKKPU?authuser=0&hl=fr&rclk=1,Robine Energies & Bien-être,"4,2",-65,Chauffagiste,·,02 33 20 19 19,https://www.energie-robine.fr/
https://www.google.com/maps/place/LAURENCE+Miguel/data=!4m7!3m6!1s0x480c9f3aa5a650d3:0x4cb12706e22cef2d!8m2!3d49.6333016!4d-1.5460073!16s%2Fg%2F11hczzxpzj!19sChIJ01CmpTqfDEgRLe8s4gYnsUw?authuser=0&hl=fr&rclk=1,LAURENCE Miguel,5,-9,Chauffagiste,220A Rue du Ham. Phares,02 33 23 15 48,
https://www.google.com/maps/place/Technitoit+Cherbourg/data=!4m7!3m6!1s0x480c97b9d7f5b069:0x5d6dde940bfff5f1!8m2!3d49.621011!4d-1.6283294!16s%2Fg%2F11h4kwhg9h!19sChIJabD117mXDEgR8fX_C5TebV0?authuser=0&hl=fr&rclk=1,Technitoit Cherbourg,"4,2",-194,Chauffagiste,·,02 49 88 34 17,https://www.technitoit.com/agence/manche-50-cherbourg-renovation/?utm_source=gmb&utm_medium=gmb
"https://www.google.com/maps/place/ID+Energies+%7C+Pompes+%C3%A0+Chaleur,+Chaudi%C3%A8res+%26+Po%C3%AAles/data=!4m7!3m6!1s0x480c99b6bfbfdceb:0x814e908224ccedbf!8m2!3d49.6354399!4d-1.6012087!16s%2Fg%2F11t1k0v0rr!19sChIJ69y_v7aZDEgRv-3MJIKQToE?authuser=0&hl=fr&rclk=1","ID Energies | Pompes à Chaleur, Chaudières & Poêles","3,5",-20,Chauffagiste,109 Rue du Bois,02 33 41 95 01,https://www.id-energies.com/?utm_source=gmb&utm_medium=organic
https://www.google.com/maps/place/AS+CHAUFFAGE+-+D%C3%A9pannage+de+chaudi%C3%A8re+%C3%A0+Teurth%C3%A9ville-Bocage+pr%C3%A8s+de+Cherbourg-en-Cotentin/data=!4m7!3m6!1s0x480b63c6b206a6a3:0xda821b9b928750a8!8m2!3d49.5971104!4d-1.4087657!16s%2Fg%2F11mv5f5rcz!19sChIJo6YGssZjC0gRqFCHkpsbgto?authuser=0&hl=fr&rclk=1,AS CHAUFFAGE - Dépannage de chaudière à Teurthéville-Bocage près de Cherbourg-en-Cotentin,5,-24,Chauffagiste,12 La Clerauderie,06 63 02 01 94,https://www.as-chauffage.fr/
https://www.google.com/maps/place/R2B+Chauffage+Sideville/data=!4m7!3m6!1s0x480c9128f78ed51b:0xee329497f1266650!8m2!3d49.5843244!4d-1.687512!16s%2Fg%2F11stqjh82j!19sChIJG9WO9yiRDEgRUGYm8ZeUMu4?authuser=0&hl=fr&rclk=1,R2B Chauffage Sideville,5,-25,Chauffagiste,"6 routes des Roches, Le Coignet ZA",02 79 40 06 41,https://www.r2b-chauffage.fr/
https://www.google.com/maps/place/EPC/data=!4m7!3m6!1s0x480b67ecf60d9da1:0xed7c0066dc44a7a3!8m2!3d49.6705512!4d-1.2673125!16s%2Fg%2F11c5zt1gr9!19sChIJoZ0N9uxnC0gRo6dE3GYAfO0?authuser=0&hl=fr&rclk=1,EPC,"4,3",-12,Chauffagiste,21 bis Rue de Cherbourg,02 33 54 05 43,https://epc-barfleur.fr/
https://www.google.com/maps/place/Avenir+R%C3%A9novations+B%C3%A9ziers+%2834%29/data=!4m7!3m6!1s0x12b10f628f25e29b:0x5048ba1a1ff7bfa9!8m2!3d43.301567!4d3.219925!16s%2Fg%2F11xrlm_mwx!19sChIJm-Ilj2IPsRIRqb_3Hxq6SFA?authuser=0&hl=fr&rclk=1,Avenir Rénovations Béziers (34),5,-5,Travaux généraux,5 Rue de Stockholm,04 20 98 42 46,https://www.google.com/aclk?sa=L&ai=DChsSEwjXz8KswL2UAxW4PAYAHZZMDvQYACICCAEQBBoCd3M&co=1&ase=2&gclid=CjwKCAjwq6DQBhBVEiwA4ZD5XAQE9uOxqWvCHiXhF_EueNoj86QkNu5itmqaZjfAGFs_i5RpLCQvnxoCOTkQAvD_BwE&cce=2&category=acrcp_v1_32&sig=AOD64_1zvnSrSxb9JViGMRbWyKezgp2b1A&adurl&q&ctype=99&nis=6
https://www.google.com/maps/place/MULTINERGIE/data=!4m7!3m6!1s0x12b10e7f40064d43:0x2fb80e47582d19f9!8m2!3d43.367504!4d3.216107!16s%2Fg%2F11b6d7xff0!19sChIJQ00GQH8OsRIR-RktWEcOuC8?authuser=0&hl=fr&rclk=1,MULTINERGIE,"4,8",-485,Service de réparation de systèmes de climatisation,225 Impasse Henri de France,04 67 93 51 34,https://www.google.com/aclk?sa=L&ai=DChsSEwjXz8KswL2UAxW4PAYAHZZMDvQYACICCAEQAhoCd3M&co=1&ase=2&gclid=CjwKCAjwq6DQBhBVEiwA4ZD5XP9dFDic_dWZruV5hosBuNSgJEeEstVwXME92SZWdZ1PbKPTCRZPTRoCx3QQAvD_BwE&cce=2&category=acrcp_v1_32&sig=AOD64_0pxo_ZMT7tH4qDg_NHPUDDSshuyg&adurl&q&ctype=99&nis=6
https://www.google.com/maps/place/PAGES+SA/data=!4m7!3m6!1s0x12b10e86080a61b9:0x59a4443138c4eba9!8m2!3d43.35257!4d3.2128595!16s%2Fg%2F11gf5jn_m1!19sChIJuWEKCIYOsRIRqevEODFEpFk?authuser=0&hl=fr&rclk=1,PAGES SA,"3,5",-49,Chauffagiste,·,04 67 30 89 89,http://pages-sa.fr/
https://www.google.com/maps/place/Rouvet+Chauffage/data=!4m7!3m6!1s0x12b1111b72a02315:0xce19d4297593cb08!8m2!3d43.3402443!4d3.2228283!16s%2Fg%2F1tzt301b!19sChIJFSOgchsRsRIRCMuTdSnUGc4?authuser=0&hl=fr&rclk=1,Rouvet Chauffage,"4,7",-73,Chauffagiste,38 Bd de la Liberté,04 67 39 31 55,
https://www.google.com/maps/place/Chauffagiste+B%C3%A9ziers+-+ITEM+CHAUFFAGE/data=!4m7!3m6!1s0x12b173235e368693:0xff49f8859002a491!8m2!3d43.3293756!4d3.2519197!16s%2Fg%2F11pv7jyy3_!19sChIJk4Y2XiNzsRIRkaQCkIX4Sf8?authuser=0&hl=fr&rclk=1,Chauffagiste Béziers - ITEM CHAUFFAGE,"4,9",-105,Chauffagiste,8 Rue Henri Moissan,04 99 47 82 98,http://www.item-chauffage.fr/
https://www.google.com/maps/place/Cassan/data=!4m7!3m6!1s0x12b111d787061c77:0x8cf6381cc369aff2!8m2!3d43.3314468!4d3.2598614!16s%2Fg%2F11gfnh5lq_!19sChIJdxwGh9cRsRIR8q9pwxw49ow?authuser=0&hl=fr&rclk=1,Cassan,"4,1",-76,Chauffagiste,·,04 67 11 81 51,http://www.cassan.fr/
https://www.google.com/maps/place/JPP+Services/data=!4m7!3m6!1s0x12b10e65e68eaaab:0x851e7609e0aa3f8d!8m2!3d43.3472488!4d3.2271875!16s%2Fg%2F11f27lh77n!19sChIJq6qO5mUOsRIRjT-q4Al2HoU?authuser=0&hl=fr&rclk=1,JPP Services,"4,2",-62,Plombier,10 Rue Marcel Prévost,04 67 49 31 01,http://www.jppservices.fr/
https://www.google.com/maps/place/MULTINERGIE/data=!4m7!3m6!1s0x12b10e7f40064d43:0x2fb80e47582d19f9!8m2!3d43.3675042!4d3.2161067!16s%2Fg%2F11b6d7xff0!19sChIJQ00GQH8OsRIR-RktWEcOuC8?authuser=0&hl=fr&rclk=1,MULTINERGIE,"4,8",-486,Chauffagiste,·,04 67 93 51 34,http://www.multinergie.fr/
https://www.google.com/maps/place/34+D%C3%A9pannage+Chauffage/data=!4m7!3m6!1s0x12b10e89efebf00b:0x89ce500db2903acb!8m2!3d43.3477455!4d3.2174694!16s%2Fg%2F11ghpp6m19!19sChIJC_Dr74kOsRIRyzqQsg1Qzok?authuser=0&hl=fr&rclk=1,34 Dépannage Chauffage,"3,2",-20,Fournisseur d'équipements de chauffage,23 Bd de Strasbourg,04 67 30 40 40,
https://www.google.com/maps/place/Cassan+%C3%89nergies+%26+Confort/data=!4m7!3m6!1s0x12b111cbbf2d4221:0xf4b5ce61d8bc47d6!8m2!3d43.3314911!4d3.2596984!16s%2Fg%2F11m7596f3w!19sChIJIUItv8sRsRIR1ke82GHOtfQ?authuser=0&hl=fr&rclk=1,Cassan Énergies & Confort,"4,8",-21,Chauffagiste,1 Rue Paul Langevin,04 67 11 23 05,https://cassanenergiesconfort.fr/
"https://www.google.com/maps/place/Pbs+services+%28+plombier,+chauffagiste,+serrurier%29/data=!4m7!3m6!1s0x12b10fc917d2904b:0x2dccf97db98484e1!8m2!3d43.3391875!4d3.2244529!16s%2Fg%2F11m9q7vl3b!19sChIJS5DSF8kPsRIR4YSEuX35zC0?authuser=0&hl=fr&rclk=1","Pbs services ( plombier, chauffagiste, serrurier)","4,8",-160,Chauffagiste,70 Bd de la Liberté,07 67 62 36 62,https://pbsservicesplomberie.com/
https://www.google.com/maps/place/Chauffage+Clim+D%27Oc/data=!4m7!3m6!1s0x8c075591ec7ef919:0xdab3d81327175c60!8m2!3d43.3108271!4d2.9414886!16s%2Fg%2F11txhtrlhv!19sChIJGfl-7JFVB4wRYFwXJxPYs9o?authuser=0&hl=fr&rclk=1,Chauffage Clim D'Oc,5,-26,Chauffagiste,·,06 14 01 01 75,https://chauffageclimdoc.com/
https://www.google.com/maps/place/Thermie+d%27OC/data=!4m7!3m6!1s0x12b10f1fd03b646f:0xf2e6f987b11521de!8m2!3d43.3743993!4d3.3046236!16s%2Fg%2F11fmmw687d!19sChIJb2Q70B8PsRIR3iEVsYf55vI?authuser=0&hl=fr&rclk=1,Thermie d'OC,"4,9",-43,Chauffagiste,·,04 48 14 08 30,https://www.thermiedoc.fr/
https://www.google.com/maps/place/SARL+ETS+Rouan+et+CIE/data=!4m7!3m6!1s0x12b10dd51d95526f:0xb985a38952ecd440!8m2!3d43.5914749!4d3.3670514!16s%2Fg%2F11ghpp5f6h!19sChIJb1KVHdUNsRIRQNTsUomjhbk?authuser=0&hl=fr&rclk=1,SARL ETS Rouan et CIE,"4,6",-44,Chauffagiste,·,04 67 31 24 09,http://www.rouan.fr/
https://www.google.com/maps/place/Entreprise+Jean+et+Barthes/data=!4m7!3m6!1s0x12b10b420107f585:0x329d1c9416e17d59!8m2!3d43.3676106!4d3.2215069!16s%2Fg%2F1tfd99_g!19sChIJhfUHAUILsRIRWX3hFpQcnTI?authuser=0&hl=fr&rclk=1,Entreprise Jean et Barthes,"4,5",-26,Plombier,206 Imp. Barthélémy Thimonnier,04 67 36 16 09,https://www.jean-barthes.fr/
https://www.google.com/maps/place/ARKAM+Plomberie+et+climatisation+B%C3%A9ziers/data=!4m7!3m6!1s0x42d91962d0a872f1:0xf66b8e6d937c522a!8m2!3d43.348103!4d3.234228!16s%2Fg%2F11lyz2l8cj!19sChIJ8XKo0GIZ2UIRKlJ8k22Oa_Y?authuser=0&hl=fr&rclk=1,ARKAM Plomberie et climatisation Béziers,"4,8",-24,Chauffagiste,·,07 74 55 08 23,
https://www.google.com/maps/place/Axenergie+B%C3%A9ziers+-+Maintenance+Thermique/data=!4m7!3m6!1s0x12b10f94b5ca4f63:0xab3bb75413e7b9ab!8m2!3d43.3260275!4d3.2531692!16s%2Fg%2F11jvjwv06l!19sChIJY0_KtZQPsRIRq7nnE1S3O6s?authuser=0&hl=fr&rclk=1,Axenergie Béziers - Maintenance Thermique,"3,5",-40,Chauffagiste,·,04 67 28 81 80,https://www.maintenance-thermique.fr/
https://www.google.com/maps/place/Goutte+d%27o+Plombier-+Chauffagiste+Agr%C3%A9%C3%A9+PG+et+Handibat+aide+de+l%27%C3%89tat+ANAH/data=!4m7!3m6!1s0x12b10f81fb72813d:0x1ae0c36f0de2f60!8m2!3d43.4606649!4d3.1307268!16s%2Fg%2F11qn6mswyf!19sChIJPYFy-4EPsRIRYC_e8DYMrgE?authuser=0&hl=fr&rclk=1,Goutte d'o Plombier- Chauffagiste Agréé PG et Handibat aide de l'État ANAH,"4,8",-52,Chauffagiste,·,07 85 23 62 05,
https://www.google.com/maps/place/CS+Plombier+Chauffagiste/data=!4m7!3m6!1s0x12b10e89c8789771:0x7c22a495675837ee!8m2!3d43.3489042!4d3.2170359!16s%2Fg%2F11ff55d8tb!19sChIJcZd4yIkOsRIR7jdYZ5WkInw?authuser=0&hl=fr&rclk=1,CS Plombier Chauffagiste,"4,8",-5,Plombier,8 Rue d'Iéna,06 76 74 32 50,
https://www.google.com/maps/place/Equip+ENR/data=!4m7!3m6!1s0x12b10e08c4856797:0x70fdc9dcaa52b477!8m2!3d43.3567452!4d3.2463622!16s%2Fg%2F11f2v54g4s!19sChIJl2eFxAgOsRIRd7RSqtzJ_XA?authuser=0&hl=fr&rclk=1,Equip ENR,"4,8",-17,Fournisseur d'équipements de chauffage,30 Rue Raoul Calas,04 34 53 14 59,https://www.equipenr.fr/
https://www.google.com/maps/place/I.D.E.R+chaudi%C3%A8re/data=!4m7!3m6!1s0x12b10f9fdf689007:0x873abb021582ecfc!8m2!3d43.349105!4d3.220693!16s%2Fg%2F11gydfg1_t!19sChIJB5Bo358PsRIR_OyCFQK7Ooc?authuser=0&hl=fr&rclk=1,I.D.E.R chaudière,5,-5,Chauffagiste,1 Rue Franklin,06 10 39 89 20,https://iderchaudiere.wixsite.com/i-site
https://www.google.com/maps/place/Proxiserve/data=!4m7!3m6!1s0x12b10e1ed9c960d1:0x4bfa6dd44ef03e3f!8m2!3d43.3440119!4d3.2539537!16s%2Fg%2F11ddwxjh3c!19sChIJ0WDJ2R4OsRIRPz7wTtRt-ks?authuser=0&hl=fr&rclk=1,Proxiserve,"3,3",-208,Chauffagiste,·,04 11 97 11 10,https://www.proxiserve.fr/agence/l/beziers/269-allee-des-charmes/4072229
https://www.google.com/maps/place/CLIMOCCITANE/data=!4m7!3m6!1s0x12b10e3fe95882ef:0xc441ed98c48d16b9!8m2!3d43.6898017!4d2.2591964!16s%2Fg%2F11c2l3xm_w!19sChIJ74JY6T8OsRIRuRaNxJjtQcQ?authuser=0&hl=fr&rclk=1,CLIMOCCITANE,"4,8",-23,Fournisseur de systèmes de climatisation,·,06 07 18 03 91,http://www.climatisation-beziers.fr/
https://www.google.com/maps/place/JSV+Climatisation+%7C+Climatisation+PAC+%26+Photovolta%C3%AFque/data=!4m7!3m6!1s0x12b10e6d03b82ca3:0xd89a03f2506215b9!8m2!3d43.3469332!4d3.2198031!16s%2Fg%2F11h2f45hk3!19sChIJoyy4A20OsRIRuRViUPIDmtg?authuser=0&hl=fr&rclk=1,JSV Climatisation | Climatisation PAC & Photovoltaïque,5,-15,Fournisseur de systèmes de climatisation,35 Av. Jean Moulin,09 83 62 32 93,https://www.jsvclimatisation.fr/
https://www.google.com/maps/place/PRO+ENERGIES+NOUVELLES/data=!4m7!3m6!1s0x12b10f3698810b5f:0x482cf6dacef24229!8m2!3d43.339219!4d3.23642!16s%2Fg%2F11jcl9dxh4!19sChIJXwuBmDYPsRIRKULyztr2LEg?authuser=0&hl=fr&rclk=1,PRO ENERGIES NOUVELLES,"3,8",-48,Chauffagiste,3 Bd Maréchal Leclerc,06 80 14 56 24,https://www.proenergiesnouvelles.fr/
https://www.google.com/maps/place/Fita+%26+cie/data=!4m7!3m6!1s0x12b10c329c213f41:0xb04612107c3e395!8m2!3d43.3767536!4d3.2159533!16s%2Fg%2F1tgctyd8!19sChIJQT8hnDIMsRIRlePDByFhBAs?authuser=0&hl=fr&rclk=1,Fita & cie,"4,6",-85,Magasin de bois de chauffage,·,04 67 28 49 19,http://www.fita.fr/
https://www.google.com/maps/place/Belesia/data=!4m7!3m6!1s0x12b10e5df90d9701:0x5e184c735f8a746!8m2!3d43.341913!4d3.223585!16s%2Fg%2F11f62h59r5!19sChIJAZcN-V0OsRIRRqf4NceE4QU?authuser=0&hl=fr&rclk=1,Belesia,5,-1,Chauffagiste,15 Rue Jules Michelet,06 84 48 05 16,https://www.facebook.com/people/Belesia-Belesia/100063801860089/
https://www.google.com/maps/place/Christophe+DEJEAN+-+Abattage+d%E2%80%99arbre+et+%C3%A9lagage+autour+de+B%C3%A9ziers/data=!4m7!3m6!1s0x12b10dd8bef17135:0x24002e89b341dce9!8m2!3d43.3792723!4d3.2061564!16s%2Fg%2F11hyvbw89j!19sChIJNXHxvtgNsRIR6dxBs4kuACQ?authuser=0&hl=fr&rclk=1,Christophe DEJEAN - Abattage d’arbre et élagage autour de Béziers,"4,8",-111,Service d'élagage,790 CR 10,06 09 84 61 73,https://elagage-beziers.fr/
https://www.google.com/maps/place/Froinord/data=!4m7!3m6!1s0x12b10e6394c7d707:0x38ce334ee2142bb6!8m2!3d43.3482265!4d3.2222231!16s%2Fg%2F1tgzk91f!19sChIJB9fHlGMOsRIRtisU4k4zzjg?authuser=0&hl=fr&rclk=1,Froinord,4,-20,Fournisseur de systèmes de climatisation,·,04 67 31 37 22,http://www.fic-climatisation-frigorifique.fr/societe-froinord-beziers/
https://www.google.com/maps/place/SAS+Bourel+Nadine+Beziers/data=!4m7!3m6!1s0x12b10e5c5c9e186b:0x7328fa0f220cd3b6!8m2!3d43.3387738!4d3.2253517!16s%2Fg%2F1tlngh8j!19sChIJaxieXFwOsRIRttMMIg_6KHM?authuser=0&hl=fr&rclk=1,SAS Bourel Nadine Beziers,5,-1,Chauffagiste,79 Bd de la Liberté,04 67 30 31 65,https://bourrel-energies.fr/
https://www.google.com/maps/place/Energie+34/data=!4m7!3m6!1s0x12b10f842fa698bd:0xe8cc5ac1d260c23c!8m2!3d43.3558048!4d3.2137265!16s%2Fg%2F11nmjgyqs9!19sChIJvZimL4QPsRIRPMJg0sFazOg?authuser=0&hl=fr&rclk=1,Energie 34,"4,4",-7,Chauffagiste,92 Rue de Corneilhan,06 29 59 14 85,http://www.energie34.fr/
https://www.google.com/maps/place/La+Compagnie+des+D%C3%A9boucheurs+B%C3%A9ziers/data=!4m7!3m6!1s0x12b10f4f66a5ea9f:0x3c3febbdc49f87d7!8m2!3d43.3436594!4d3.2202833!16s%2Fg%2F11mm8kg3tn!19sChIJn-qlZk8PsRIR14efxL3rPzw?authuser=0&hl=fr&rclk=1,La Compagnie des Déboucheurs Béziers,5,-16,Service d'assainissement,31 Rue Solférino,04 48 20 42 04,https://www.compagnie-deboucheurs.com/herault/beziers/?utm_source=google&utm_medium=organic&utm_campaign=gmb&utm_content=bouton
https://www.google.com/maps/place/CLIMOCCITANE/data=!4m7!3m6!1s0x12b10e3fe95882ef:0xc441ed98c48d16b9!8m2!3d43.6898017!4d2.2591964!16s%2Fg%2F11c2l3xm_w!19sChIJ74JY6T8OsRIRuRaNxJjtQcQ?authuser=0&hl=fr&rclk=1,CLIMOCCITANE,"4,8",-23,Fournisseur de systèmes de climatisation,·,06 07 18 03 91,http://www.climatisation-beziers.fr/
https://www.google.com/maps/place/JSV+Climatisation+%7C+Climatisation+PAC+%26+Photovolta%C3%AFque/data=!4m7!3m6!1s0x12b10e6d03b82ca3:0xd89a03f2506215b9!8m2!3d43.3469332!4d3.2198031!16s%2Fg%2F11h2f45hk3!19sChIJoyy4A20OsRIRuRViUPIDmtg?authuser=0&hl=fr&rclk=1,JSV Climatisation | Climatisation PAC & Photovoltaïque,5,-15,Fournisseur de systèmes de climatisation,35 Av. Jean Moulin,09 83 62 32 93,https://www.jsvclimatisation.fr/
https://www.google.com/maps/place/PRO+ENERGIES+NOUVELLES/data=!4m7!3m6!1s0x12b10f3698810b5f:0x482cf6dacef24229!8m2!3d43.339219!4d3.23642!16s%2Fg%2F11jcl9dxh4!19sChIJXwuBmDYPsRIRKULyztr2LEg?authuser=0&hl=fr&rclk=1,PRO ENERGIES NOUVELLES,"3,8",-48,Chauffagiste,3 Bd Maréchal Leclerc,06 80 14 56 24,https://www.proenergiesnouvelles.fr/
https://www.google.com/maps/place/Fita+%26+cie/data=!4m7!3m6!1s0x12b10c329c213f41:0xb04612107c3e395!8m2!3d43.3767536!4d3.2159533!16s%2Fg%2F1tgctyd8!19sChIJQT8hnDIMsRIRlePDByFhBAs?authuser=0&hl=fr&rclk=1,Fita & cie,"4,6",-85,Magasin de bois de chauffage,·,04 67 28 49 19,http://www.fita.fr/
https://www.google.com/maps/place/Belesia/data=!4m7!3m6!1s0x12b10e5df90d9701:0x5e184c735f8a746!8m2!3d43.341913!4d3.223585!16s%2Fg%2F11f62h59r5!19sChIJAZcN-V0OsRIRRqf4NceE4QU?authuser=0&hl=fr&rclk=1,Belesia,5,-1,Chauffagiste,15 Rue Jules Michelet,06 84 48 05 16,https://www.facebook.com/people/Belesia-Belesia/100063801860089/
https://www.google.com/maps/place/Christophe+DEJEAN+-+Abattage+d%E2%80%99arbre+et+%C3%A9lagage+autour+de+B%C3%A9ziers/data=!4m7!3m6!1s0x12b10dd8bef17135:0x24002e89b341dce9!8m2!3d43.3792723!4d3.2061564!16s%2Fg%2F11hyvbw89j!19sChIJNXHxvtgNsRIR6dxBs4kuACQ?authuser=0&hl=fr&rclk=1,Christophe DEJEAN - Abattage d’arbre et élagage autour de Béziers,"4,8",-111,Service d'élagage,790 CR 10,06 09 84 61 73,https://elagage-beziers.fr/
https://www.google.com/maps/place/Froinord/data=!4m7!3m6!1s0x12b10e6394c7d707:0x38ce334ee2142bb6!8m2!3d43.3482265!4d3.2222231!16s%2Fg%2F1tgzk91f!19sChIJB9fHlGMOsRIRtisU4k4zzjg?authuser=0&hl=fr&rclk=1,Froinord,4,-20,Fournisseur de systèmes de climatisation,·,04 67 31 37 22,http://www.fic-climatisation-frigorifique.fr/societe-froinord-beziers/
https://www.google.com/maps/place/SAS+Bourel+Nadine+Beziers/data=!4m7!3m6!1s0x12b10e5c5c9e186b:0x7328fa0f220cd3b6!8m2!3d43.3387738!4d3.2253517!16s%2Fg%2F1tlngh8j!19sChIJaxieXFwOsRIRttMMIg_6KHM?authuser=0&hl=fr&rclk=1,SAS Bourel Nadine Beziers,5,-1,Chauffagiste,79 Bd de la Liberté,04 67 30 31 65,https://bourrel-energies.fr/
https://www.google.com/maps/place/Energie+34/data=!4m7!3m6!1s0x12b10f842fa698bd:0xe8cc5ac1d260c23c!8m2!3d43.3558048!4d3.2137265!16s%2Fg%2F11nmjgyqs9!19sChIJvZimL4QPsRIRPMJg0sFazOg?authuser=0&hl=fr&rclk=1,Energie 34,"4,4",-7,Chauffagiste,92 Rue de Corneilhan,06 29 59 14 85,http://www.energie34.fr/
https://www.google.com/maps/place/La+Compagnie+des+D%C3%A9boucheurs+B%C3%A9ziers/data=!4m7!3m6!1s0x12b10f4f66a5ea9f:0x3c3febbdc49f87d7!8m2!3d43.3436594!4d3.2202833!16s%2Fg%2F11mm8kg3tn!19sChIJn-qlZk8PsRIR14efxL3rPzw?authuser=0&hl=fr&rclk=1,La Compagnie des Déboucheurs Béziers,5,-16,Service d'assainissement,31 Rue Solférino,04 48 20 42 04,https://www.compagnie-deboucheurs.com/herault/beziers/?utm_source=google&utm_medium=organic&utm_campaign=gmb&utm_content=bouton
https://www.google.com/maps/place/ABC+ELECTROMENAGER+34+-+Climatisation+et+D%C3%A9pannage+d%E2%80%99%C3%A9lectrom%C3%A9nagers/data=!4m7!3m6!1s0x12b10f8b11e7a25d:0xb6fd8d7dfda7ef05!8m2!3d43.3763308!4d3.2516734!16s%2Fg%2F11rckvblb6!19sChIJXaLnEYsPsRIRBe-n_X2N_bY?authuser=0&hl=fr&rclk=1,ABC ELECTROMENAGER 34 - Climatisation et Dépannage d’électroménagers,5,-60,Service de réparation d'appareils électroménagers,·,04 67 26 72 80,http://depannage-electromenager-clim.fr/
https://www.google.com/maps/place/L%27incandescent+by+Languedoc+Isolation/data=!4m7!3m6!1s0x12b10de16e78a8bb:0xc8c605d42b9ac7ef!8m2!3d43.3621973!4d3.2245902!16s%2Fg%2F11shnzth1p!19sChIJu6h4buENsRIR78eaK9QFxsg?authuser=0&hl=fr&rclk=1,L'incandescent by Languedoc Isolation,"4,8",-79,Chauffagiste,·,04 67 31 25 20,https://www.seguin-beziers.com/
https://www.google.com/maps/place/LANGUEDOC+ISOLATION/data=!4m7!3m6!1s0x12b10fef299d9cbb:0xccea7ed575bfda6!8m2!3d43.3532278!4d3.2511036!16s%2Fg%2F11rt_yl_kp!19sChIJu5ydKe8PsRIRpv1bV-2nzgw?authuser=0&hl=fr&rclk=1,LANGUEDOC ISOLATION,"4,8",-35,Entreprise d'énergie solaire,·,04 67 31 25 20,https://www.languedocisolation.com/languedoc-isolation-poeles-et-granules/
https://www.google.com/maps/place/Courtial+%C3%89lectricit%C3%A9+Climatisation/data=!4m7!3m6!1s0x12b10f8dd0fd4a67:0x66d06aae9c392c4d!8m2!3d43.344165!4d3.2115826!16s%2Fg%2F11j38sk0hk!19sChIJZ0r90I0PsRIRTSw5nK5q0GY?authuser=0&hl=fr&rclk=1,Courtial Électricité Climatisation,5,-11,Électricien,·,07 69 33 43 54,http://www.courtial-electricite.fr/
https://www.google.com/maps/place/SARL+est+Rouan+%26cie/data=!4m7!3m6!1s0x12b10d0074c03cc3:0xdf853d73d2dac1c1!8m2!3d43.3639495!4d3.2199932!16s%2Fg%2F11m6l4kmvd!19sChIJwzzAdAANsRIRwcHa0nM9hd8?authuser=0&hl=fr&rclk=1,SARL est Rouan &cie,,,Entreprise de construction,5 Rue André Chamson,,
https://www.google.com/maps/place/PPF+Saint+Nazaire/data=!4m7!3m6!1s0x480565bf4db46ee7:0x8fff36ac32fe6b50!8m2!3d47.28574!4d-2.209814!16s%2Fg%2F11yndtvy49!19sChIJ5260Tb9lBUgRUGv-Mqw2_48?authuser=0&hl=fr&rclk=1,PPF Saint Nazaire,"4,7",-3,Solutions et équipement énergétiques,6 Esplanade Anna Marly,02 21 83 35 53,https://www.google.com/aclk?sa=L&ai=DChsSEwjL9PvgwL2UAxUIU0ECHSFRCs8YACICCAEQAxoCd3M&co=1&ase=2&gclid=CjwKCAjwq6DQBhBVEiwA4ZD5XA6zRK10ae-py0j69KA8kqGhCke03ET57SolQ650WeJ7wcXL3EzEhRoC8qkQAvD_BwE&cce=2&category=acrcp_v1_32&sig=AOD64_0MVVoU2IbUGHZZ3AtPZTHhWsnO9A&adurl&q&ctype=99&nis=6
https://www.google.com/maps/place/ENGIE+Home+Services/data=!4m7!3m6!1s0x480567b0a3086d1d:0xdd7b7cd5fc57663a!8m2!3d47.295276!4d-2.292027!16s%2Fg%2F11f57tb4fn!19sChIJHW0Io7BnBUgROmZX_NV8e90?authuser=0&hl=fr&rclk=1,ENGIE Home Services,"4,4",-576,Chauffagiste,20 Rue Jacques Daguerre,02 40 66 54 84,https://www.google.com/aclk?sa=L&ai=DChsSEwjL9PvgwL2UAxUIU0ECHSFRCs8YACICCAEQABoCd3M&co=1&ase=2&gclid=CjwKCAjwq6DQBhBVEiwA4ZD5XD7VRtGPACEP-DeeUoE2nvaF3HFAXF9Gr9mO2-gQB9I_4EsVxGn6dRoCrKYQAvD_BwE&cce=2&category=acrcp_v1_32&sig=AOD64_0hLPJPCMmHzEwaqZSFGiEzrrxOkA&adurl&q&ctype=99&nis=6
https://www.google.com/maps/place/APCS+Derrien/data=!4m7!3m6!1s0x4805650afb54f881:0x326109bfb56313f8!8m2!3d47.2927899!4d-2.1955679!16s%2Fg%2F11f6dm1_mp!19sChIJgfhU-wplBUgR-BNjtb8JYTI?authuser=0&hl=fr&rclk=1,APCS Derrien,"4,7",-58,Plombier,30 Rue Albert Thomas,02 44 73 57 58,https://www.facebook.com/plomberie.chauffage.stnazaire/#
https://www.google.com/maps/place/Secours+Chauffage+Axenergie/data=!4m7!3m6!1s0x480567b09f1e0b9b:0xc1fa7e3437ee27b2!8m2!3d47.2957864!4d-2.2913183!16s%2Fg%2F11b6dgg1wr!19sChIJmwsen7BnBUgRsifuNzR--sE?authuser=0&hl=fr&rclk=1,Secours Chauffage Axenergie,"3,8",-91,Chauffagiste,·,02 40 90 32 10,https://www.axenergie.eu/agences/107-secours-chauffage
https://www.google.com/maps/place/Technique+Gaz/data=!4m7!3m6!1s0x480565910a788c03:0x72189c3848c9bf0!8m2!3d47.2766123!4d-2.2231365!16s%2Fg%2F11r74hm8ng!19sChIJA4x4CpFlBUgR8JuMhMOJIQc?authuser=0&hl=fr&rclk=1,Technique Gaz,"4,6",-23,Chauffagiste,·,02 40 22 33 02,https://www.technique-gaz-st-nazaire.fr/
https://www.google.com/maps/place/Chaudi%C3%A8res+de+l%27estuaire/data=!4m7!3m6!1s0x48056927411f79a3:0x18bc4cf04bde76f7!8m2!3d47.3036763!4d-2.2627623!16s%2Fg%2F11h2bxfs89!19sChIJo3kfQSdpBUgR93beS_BMvBg?authuser=0&hl=fr&rclk=1,Chaudières de l'estuaire,"4,7",-188,Chauffagiste,35 Rte des Carrois de Cuneix,07 81 26 89 91,
https://www.google.com/maps/place/Le+Petit+Plombier/data=!4m7!3m6!1s0x480568acea551a85:0x11babaed95b44842!8m2!3d47.3004996!4d-2.2759271!16s%2Fg%2F11cs6nm7t_!19sChIJhRpV6qxoBUgRQki0le26uhE?authuser=0&hl=fr&rclk=1,Le Petit Plombier,"4,9",-573,Plombier,·,06 88 80 32 86,https://www.le-petit-plombier.fr/
https://www.google.com/maps/place/ENGIE+Home+Services/data=!4m7!3m6!1s0x480567b0a3086d1d:0xdd7b7cd5fc57663a!8m2!3d47.2952756!4d-2.2920274!16s%2Fg%2F11f57tb4fn!19sChIJHW0Io7BnBUgROmZX_NV8e90?authuser=0&hl=fr&rclk=1,ENGIE Home Services,"4,4",-576,Chauffagiste,·,02 40 66 54 84,https://agence.engie-homeservices.fr/109-engie-home-services-saint-nazaire?utm_source=gmb
"https://www.google.com/maps/place/Plombier+Trav%27eau+Renov+Saint+Nazaire+D%C3%A9pannage,+Chauffe-Eau+R%C3%A9novation+Salle+de+Bains/data=!4m7!3m6!1s0x4805693a8ccce351:0x9b281f0ad9681edc!8m2!3d47.3113534!4d-2.3246799!16s%2Fg%2F11qp56zvnw!19sChIJUePMjDppBUgR3B5o2QofKJs?authuser=0&hl=fr&rclk=1","Plombier Trav'eau Renov Saint Nazaire Dépannage, Chauffe-Eau Rénovation Salle de Bains","4,9",-436,Chauffagiste,·,06 24 06 06 04,https://www.plombierdepannage44600.fr/?utm_source=gmb
https://www.google.com/maps/place/Bois+Chauffage+Distribution+%C2%AB+BCD+-+Ramonage+%C2%BB/data=!4m7!3m6!1s0x480565db22e61a99:0x7ad128a576679031!8m2!3d47.296509!4d-2.235955!16s%2Fg%2F1tsjd0l0!19sChIJmRrmIttlBUgRMZBndqUo0Xo?authuser=0&hl=fr&rclk=1,Bois Chauffage Distribution « BCD - Ramonage »,"4,2",-96,Ramoneur,·,06 35 09 47 13,https://boisdechauffageramonagesaintnazaire.fr/
https://www.google.com/maps/place/Afnec/data=!4m7!3m6!1s0x48056598a8f805eb:0xc129728d5358fe98!8m2!3d47.2903477!4d-2.2034195!16s%2Fg%2F1td0s7mn!19sChIJ6wX4qJhlBUgRmP5YU41yKcE?authuser=0&hl=fr&rclk=1,Afnec,"4,7",-29,Plombier,12 Rue Jules Busson,06 29 69 61 69,https://www.facebook.com/sarlafnec/?utm_source=gmb
https://www.google.com/maps/place/Douaud+Pere+%26+Fils/data=!4m7!3m6!1s0x48056f50ebd31479:0xa885660051eb3676!8m2!3d47.2837612!4d-2.2509385!16s%2Fg%2F1hc1l89x2!19sChIJeRTT61BvBUgRdjbrUQBmhag?authuser=0&hl=fr&rclk=1,Douaud Pere & Fils,"4,6",-29,Plombier,57 Rte des Quebrais,02 40 22 52 91,
https://www.google.com/maps/place/Logista+Saint+Nazaire+Maintenance+Immobili%C3%A8re/data=!4m7!3m6!1s0x480567ba727dd425:0xd6f18c7dadb72042!8m2!3d47.294115!4d-2.2881621!16s%2Fg%2F11g6mq8p0z!19sChIJJdR9crpnBUgRQiC3rX2M8dY?authuser=0&hl=fr&rclk=1,Logista Saint Nazaire Maintenance Immobilière,"1,7",-197,Chauffagiste,·,09 69 39 80 20,http://www.logista.fr/
"https://www.google.com/maps/place/Chauffagiste+IZI+confort,+filiale+EDF/data=!4m7!3m6!1s0x48056741943a3b79:0x6d801bb84f2caba6!8m2!3d47.2994059!4d-2.295618!16s%2Fg%2F11vdg7jsjg!19sChIJeTs6lEFnBUgRpqssT7gbgG0?authuser=0&hl=fr&rclk=1","Chauffagiste IZI confort, filiale EDF",4,-13,Chauffagiste,3 Rue Denis Papin,02 52 20 12 48,https://www.izi-by-edf-entretien.fr/?at_medium=Gmb&at_campaign=saint-nazaire
https://www.google.com/maps/place/plomberie+nazairienne/data=!4m7!3m6!1s0x4805699164313611:0x6342efff8756783b!8m2!3d47.2669525!4d-2.2506722!16s%2Fg%2F11vjvzwlnk!19sChIJETYxZJFpBUgRO3hWh__vQmM?authuser=0&hl=fr&rclk=1,plomberie nazairienne,5,-64,Chauffagiste,8 Rue des Hibiscus,06 63 62 23 00,
https://www.google.com/maps/place/Atlantis+Thermique+et+Sanitaire/data=!4m7!3m6!1s0x48057bdf55b50727:0x40f6dc34cef30d20!8m2!3d47.2615954!4d-2.2380137!16s%2Fg%2F11hbg9vzsy!19sChIJJwe1Vd97BUgRIA3zzjTc9kA?authuser=0&hl=fr&rclk=1,Atlantis Thermique et Sanitaire,"4,8",-15,Plombier,41 Rue Ambroise Paré,06 29 59 41 51,
https://www.google.com/maps/place/ADR%C3%89+Energies+-+Plombier+-+Pompe+%C3%A0+chaleur+-+Saint+Nazaire+-+La+Baule/data=!4m7!3m6!1s0x480565d0744bd85d:0x318e746e7d7d1eb4!8m2!3d47.3092249!4d-2.1912263!16s%2Fg%2F11fvpgq11f!19sChIJXdhLdNBlBUgRtB59fW50jjE?authuser=0&hl=fr&rclk=1,ADRÉ Energies - Plombier - Pompe à chaleur - Saint Nazaire - La Baule,5,-15,Plombier,8 Rue des Fondeurs,02 40 45 93 71,http://www.adre-energies.fr/
https://www.google.com/maps/place/Aqua+Plomberie/data=!4m7!3m6!1s0x48056f5a76dbdbcd:0xfc0dabde3281d338!8m2!3d47.2642901!4d-2.2274035!16s%2Fg%2F1tgmvn59!19sChIJzdvbdlpvBUgRONOBMt6rDfw?authuser=0&hl=fr&rclk=1,Aqua Plomberie,"4,2",-5,Plombier,99 Rue Marcel Sembat,02 51 76 51 90,https://aquaplomberie44.fr/
https://www.google.com/maps/place/RPC+SAINT+NAZAIRE/data=!4m7!3m6!1s0x4805672ca8732d21:0xbfaede4a8e25be28!8m2!3d47.2827454!4d-2.2557643!16s%2Fg%2F11yqqrw12k!19sChIJIS1zqCxnBUgRKL4ljkrerr8?authuser=0&hl=fr&rclk=1,RPC SAINT NAZAIRE,5,-3,Chauffagiste,All. du Parc Fontaine,02 40 66 02 27,https://www.rpc-plomberie.com/
"https://www.google.com/maps/place/Le+Rol+Pascal+-+Plomberie,+Chauffage,+d%C3%A9pannage/data=!4m7!3m6!1s0x4805658ea47b9651:0x7685660cb5203dbf!8m2!3d47.2954294!4d-2.2816272!16s%2Fg%2F1vm79v97!19sChIJUZZ7pI5lBUgRvz0gtQxmhXY?authuser=0&hl=fr&rclk=1","Le Rol Pascal - Plomberie, Chauffage, dépannage",4,-24,Chauffagiste,16 rue Hedy LAMARR,02 40 66 19 20,https://lerolplomberie.fr/
https://www.google.com/maps/place/MOREAU+G%C3%A9nie+Climatique/data=!4m7!3m6!1s0x48056520432c6285:0x91a84fc6c03c5457!8m2!3d47.2963289!4d-2.2930648!16s%2Fg%2F1vlz9qz5!19sChIJhWIsQyBlBUgRV1Q8wMZPqJE?authuser=0&hl=fr&rclk=1,MOREAU Génie Climatique,5,-5,Entrepreneur spécialisé dans les systèmes de CVC,"Zone Industrielle Brais, 27 Rue Jacques Daguerre",02 40 61 72 42,https://www.moreau-genie-climatique.fr/
https://www.google.com/maps/place/PPF+Bourges/data=!4m7!3m6!1s0x47fabd7223f04deb:0xbc20a468a5934474!8m2!3d47.113836!4d2.405883!16s%2Fg%2F11xkx77x7d!19sChIJ603wI3K9-kcRdESTpWikILw?authuser=0&hl=fr&rclk=1,PPF Bourges,"4,2",-5,Solutions et équipement énergétiques,40 Avenue de la Prospective,02 21 83 16 12,https://www.google.com/aclk?sa=L&ai=DChsSEwi7jYuDwb2UAxUsm2gJHaweDeQYACICCAEQABoCd2Y&co=1&ase=2&gclid=CjwKCAjwq6DQBhBVEiwA4ZD5XDeookeNPX7R88B0FIw0TOklpZLFF9nXQR-qHTYl1VkL0GdK92ALqxoC2TsQAvD_BwE&cce=2&category=acrcp_v1_32&sig=AOD64_26h8-7MtsGPtOOaWxPA3OqgQBhlw&adurl&q&ctype=99&nis=6
https://www.google.com/maps/place/ENGIE+Home+Services/data=!4m7!3m6!1s0x47fa942f4ac91323:0xb63eb9d5c117dee!8m2!3d47.076986!4d2.354744!16s%2Fg%2F1tt1gl12!19sChIJIxPJSi-U-kcR7n0RXJ3rYws?authuser=0&hl=fr&rclk=1,ENGIE Home Services,"4,4",-313,Chauffagiste,41 Allée Evariste Galois,02 48 20 04 06,https://www.google.com/aclk?sa=L&ai=DChsSEwi7jYuDwb2UAxUsm2gJHaweDeQYACICCAEQAhoCd2Y&co=1&ase=2&gclid=CjwKCAjwq6DQBhBVEiwA4ZD5XD9uU5M3iznnsCLEdvM9xYqVXgxkXh2r8Tbdfn9wZ75h63tpbwHUfhoC8GUQAvD_BwE&cce=2&category=acrcp_v1_32&sig=AOD64_27kHgHhUsgrvwvGlEYHlCEEY1i4w&adurl&q&ctype=99&nis=6
"https://www.google.com/maps/place/Chauffagiste+Izi+confort,+groupe+EDF/data=!4m7!3m6!1s0x47fa95ada99a827d:0xeb37eeb38a4d091e!8m2!3d47.0577432!4d2.3556824!16s%2Fg%2F1tff2d2m!19sChIJfYKaqa2V-kcRHglNirPuN-s?authuser=0&hl=fr&rclk=1","Chauffagiste Izi confort, groupe EDF","4,8",-1 246,Chauffagiste,·,02 48 23 46 46,https://www.izi-by-edf-entretien.fr/?at_medium=Gmb&at_campaign=bourges
https://www.google.com/maps/place/AJR/data=!4m7!3m6!1s0x47fa9771dd8a749f:0x157a3d7e4a585fe8!8m2!3d47.0782286!4d2.4228551!16s%2Fg%2F11tcjpnpzz!19sChIJn3SK3XGX-kcR6F9YSn49ehU?authuser=0&hl=fr&rclk=1,AJR,"4,7",-37,Chauffagiste,1 Rue Flora Tristan,09 85 09 04 09,http://ajr-plombierchauffagiste.fr/
https://www.google.com/maps/place/Berry+Confort+Service/data=!4m7!3m6!1s0x47fa964df472130b:0xfcbe13e9d96a020!8m2!3d47.106636!4d2.387418!16s%2Fg%2F1tdpr06w!19sChIJCxNy9E2W-kcRIKCWnT7hyw8?authuser=0&hl=fr&rclk=1,Berry Confort Service,4,-63,Chauffagiste,·,02 48 50 19 67,https://www.berryconfort.com/
https://www.google.com/maps/place/S.A.S.E.P+Morin/data=!4m7!3m6!1s0x47fa96771872eb45:0x1a19cc7b6e3748d0!8m2!3d47.0838364!4d2.3973245!16s%2Fg%2F1tdy3v7p!19sChIJRetyGHeW-kcR0Eg3bnvMGRo?authuser=0&hl=fr&rclk=1,S.A.S.E.P Morin,"3,3",-51,Plombier,·,02 48 70 56 20,https://www.morin-serge-pac.fr/?utm_medium=referral&utm_source=gmb&utm_campaign=lnk-gm
https://www.google.com/maps/place/EURL+Janez/data=!4m7!3m6!1s0x47fa973de24869b1:0x2f153d2656f19ca0!8m2!3d47.0965188!4d2.4323775!16s%2Fg%2F11n10h1zjf!19sChIJsWlI4j2X-kcRoJzxViY9FS8?authuser=0&hl=fr&rclk=1,EURL Janez,"4,8",-20,Chauffagiste,"ZA ESPRIT 1, 6 Rue Albert Einstein",02 48 69 05 30,http://eurljanez.fr/
https://www.google.com/maps/place/Conform+energie/data=!4m7!3m6!1s0x47fa95c1194171c7:0x75f750ff78e34ce!8m2!3d47.0807436!4d2.392034!16s%2Fg%2F11wwm6z58g!19sChIJx3FBGcGV-kcRzjSO9w91Xwc?authuser=0&hl=fr&rclk=1,Conform energie,5,-37,Chauffagiste,75 Rue d'Auron,02 48 70 37 43,
https://www.google.com/maps/place/ENGIE+Home+Services/data=!4m7!3m6!1s0x47fa942f4ac91323:0xb63eb9d5c117dee!8m2!3d47.0769865!4d2.354744!16s%2Fg%2F1tt1gl12!19sChIJIxPJSi-U-kcR7n0RXJ3rYws?authuser=0&hl=fr&rclk=1,ENGIE Home Services,"4,4",-313,Chauffagiste,·,02 48 20 04 06,https://agence.engie-homeservices.fr/51-engie-home-services-bourges?utm_source=gmb
https://www.google.com/maps/place/NEO-RESSOURCES+Bourges/data=!4m7!3m6!1s0x47fa958ab7740ab5:0x534dded79dcac205!8m2!3d47.0802371!4d2.3913763!16s%2Fg%2F11sfrt062n!19sChIJtQp0t4qV-kcRBcLKndfeTVM?authuser=0&hl=fr&rclk=1,NEO-RESSOURCES Bourges,"4,6",-29,Chauffagiste,93 Rue d'Auron,02 46 96 95 60,
https://www.google.com/maps/place/MEH+%C3%89NERGIES+BOURGES/data=!4m7!3m6!1s0x47fabd46371a6aab:0xe618c06d0b1234b3!8m2!3d47.1178025!4d2.4146413!16s%2Fg%2F11ldq0cw_c!19sChIJq2oaN0a9-kcRszQSC23AGOY?authuser=0&hl=fr&rclk=1,MEH ÉNERGIES BOURGES,5,-105,Chauffagiste,9 Av. de la Prospective,09 79 03 31 34,https://www.monexperthabitat.com/?utm_source=google&utm_medium=organic&utm_campaign=gbp&utm_content=bourges
https://www.google.com/maps/place/gentill.fr/data=!4m7!3m6!1s0xaa1d473b4730e47d:0x9aaea8abf72a909f!8m2!3d47.0871761!4d2.3990953!16s%2Fg%2F11yzbnwjry!19sChIJfeQwRztHHaoRn5Aq96uorpo?authuser=0&hl=fr&rclk=1,gentill.fr,5,-6,Chauffagiste,47 Rue Edouard Vaillant,06 51 06 21 18,https://gentill.fr/
https://www.google.com/maps/place/CLIMATEC+SERVICES/data=!4m7!3m6!1s0x47fa95b20ae17571:0xc647732b044058b1!8m2!3d47.0768985!4d2.361435!16s%2Fg%2F11b6dfm3cx!19sChIJcXXhCrKV-kcRsVhABCtzR8Y?authuser=0&hl=fr&rclk=1,CLIMATEC SERVICES,4,-22,Chauffagiste,33 Rue Louis Armand,02 48 50 35 17,http://climatec-renelefebvre.com/
https://www.google.com/maps/place/MyEnergie/data=!4m7!3m6!1s0x47fa95a790b48081:0xd2feea570fe7909a!8m2!3d47.0800966!4d2.4020685!16s%2Fg%2F11tmhy40mh!19sChIJgYC0kKeV-kcRmpDnD1fq_tI?authuser=0&hl=fr&rclk=1,MyEnergie,"4,9",-101,Chauffagiste,15 Rue de Sarrebourg,02 48 69 11 67,https://groupmyenergie.fr/
https://www.google.com/maps/place/SARL+Mathieu+Metivier/data=!4m7!3m6!1s0xa2c9f2495584f061:0x86944d633072da8e!8m2!3d47.0781172!4d2.4075803!16s%2Fg%2F11q85lmpgt!19sChIJYfCEVUnyyaIRjtpyMGNNlIY?authuser=0&hl=fr&rclk=1,SARL Mathieu Metivier,"4,8",-10,Chauffagiste,94 Rue Emile Martin,02 48 25 17 20,
https://www.google.com/maps/place/Berry+Climat+-+plombier+chauffage+climatisation/data=!4m7!3m6!1s0x47fabad5489310d5:0xcf4b41fc4bf094fa!8m2!3d47.0990615!4d2.4448096!16s%2Fg%2F11c5bkpbyg!19sChIJ1RCTSNW6-kcR-pTwS_xBS88?authuser=0&hl=fr&rclk=1,Berry Climat - plombier chauffage climatisation,"4,9",-49,Chauffagiste,5 Rue Fénelon,06 36 90 70 80,http://www.berry-climat.fr/
https://www.google.com/maps/place/GIET+ISOLBERRI+SAS/data=!4m7!3m6!1s0x47fa942b366d04a5:0xd1264d61f202d77f!8m2!3d47.0722514!4d2.388408!16s%2Fg%2F1txfnhyj!19sChIJpQRtNiuU-kcRf9cC8mFNJtE?authuser=0&hl=fr&rclk=1,GIET ISOLBERRI SAS,"4,4",-41,Chauffagiste,·,02 48 20 02 63,http://www.giet-isolberri.com/
https://www.google.com/maps/place/Aqua-Ty/data=!4m7!3m6!1s0x47fa970845e7d4e7:0xaff5de45ce158a9e!8m2!3d47.0391347!4d2.4357418!16s%2Fg%2F11mnlhl9h8!19sChIJ59TnRQiX-kcRnooVzkXe9a8?authuser=0&hl=fr&rclk=1,Aqua-Ty,5,-25,Chauffagiste,31 Rue du Gué,06 18 14 13 48,
https://www.google.com/maps/place/St%C3%A9+Nouvelle+Nandillon/data=!4m7!3m6!1s0x47fa95cec03e6a21:0xed322f23b48f685f!8m2!3d47.0766674!4d2.3903766!16s%2Fg%2F11mvb3bnrw!19sChIJIWo-wM6V-kcRX2iPtCMvMu0?authuser=0&hl=fr&rclk=1,Sté Nouvelle Nandillon,"3,8",-5,Plombier,11 Rue Théophile Lamy,02 48 50 02 07,
https://www.google.com/maps/place/Petitjean+Joffrey/data=!4m7!3m6!1s0x47fa95cca6ab20f1:0xe4b10a98c1988256!8m2!3d47.0811477!4d2.3754208!16s%2Fg%2F1tfss7g_!19sChIJ8SCrpsyV-kcRVoKYwZgKseQ?authuser=0&hl=fr&rclk=1,Petitjean Joffrey,5,-2,Plombier,134 Rue Louis Mallet,02 48 50 64 76,http://www.joffreypetitjean.fr/
https://www.google.com/maps/place/Proxiserve/data=!4m7!3m6!1s0x47fa942427088619:0xddc3e0b94e2436bf!8m2!3d47.0759919!4d2.4211292!16s%2Fg%2F11b6dqt3s2!19sChIJGYYIJySU-kcRvzYkTrngw90?authuser=0&hl=fr&rclk=1,Proxiserve,"2,1",-181,Chauffagiste,·,02 48 02 07 70,https://www.proxiserve.fr/agence/l/bourges/17-allee-napoleon-iii/4072221
https://www.google.com/maps/place/Etablissements+Jolivet/data=!4m7!3m6!1s0x47fa95af9b072bff:0xbf3098c3d85c42b0!8m2!3d47.0815625!4d2.3567166!16s%2Fg%2F1td4tn1l!19sChIJ_ysHm6-V-kcRsEJc2MOYML8?authuser=0&hl=fr&rclk=1,Etablissements Jolivet,"4,1",-50,Ramoneur,·,02 48 50 81 30,https://www.jolivet-bourges.fr/
https://www.google.com/maps/place/ENGIE+Home+Services/data=!4m7!3m6!1s0x47fa942f4ac91323:0xb63eb9d5c117dee!8m2!3d47.0769865!4d2.354744!16s%2Fg%2F1tt1gl12!19sChIJIxPJSi-U-kcR7n0RXJ3rYws?authuser=0&hl=fr&rclk=1,ENGIE Home Services,"4,4",-313,Chauffagiste,·,02 48 20 04 06,https://agence.engie-homeservices.fr/51-engie-home-services-bourges?utm_source=gmb
https://www.google.com/maps/place/ENGIE+Home+Services/data=!4m7!3m6!1s0x47fa942f4ac91323:0xb63eb9d5c117dee!8m2!3d47.076986!4d2.354744!16s%2Fg%2F1tt1gl12!19sChIJIxPJSi-U-kcR7n0RXJ3rYws?authuser=0&hl=fr&rclk=1,ENGIE Home Services,"4,4",-313,Chauffagiste,41 Allée Evariste Galois,02 48 20 04 06,https://www.google.com/aclk?sa=L&ai=DChsSEwi7jYuDwb2UAxUsm2gJHaweDeQYACICCAEQAhoCd2Y&co=1&ase=2&gclid=CjwKCAjwq6DQBhBVEiwA4ZD5XD9uU5M3iznnsCLEdvM9xYqVXgxkXh2r8Tbdfn9wZ75h63tpbwHUfhoC8GUQAvD_BwE&cce=2&category=acrcp_v1_32&sig=AOD64_27kHgHhUsgrvwvGlEYHlCEEY1i4w&adurl&q&ctype=99&nis=6
https://www.google.com/maps/place/PPF+Bourges/data=!4m7!3m6!1s0x47fabd7223f04deb:0xbc20a468a5934474!8m2!3d47.113836!4d2.405883!16s%2Fg%2F11xkx77x7d!19sChIJ603wI3K9-kcRdESTpWikILw?authuser=0&hl=fr&rclk=1,PPF Bourges,"4,2",-5,Solutions et équipement énergétiques,40 Avenue de la Prospective,02 21 83 16 12,https://www.google.com/aclk?sa=L&ai=DChsSEwi74uGawb2UAxXrnGgJHT_7O98YACICCAEQARoCd2Y&co=1&ase=2&gclid=CjwKCAjwq6DQBhBVEiwA4ZD5XGXfwGrBPDOtiQCc-GppnSTbpKERIHYMvoEgi8U0CY7Bz33ruogs5RoCfH8QAvD_BwE&cce=2&category=acrcp_v1_32&sig=AOD64_2x43f9TEFiS04pVNFUCOpRL9HsGQ&adurl&q&ctype=99&nis=6
https://www.google.com/maps/place/Les+Compagnons+du+Cher+plombier/data=!4m7!3m6!1s0x47fa96778b50824b:0xef31286c52b4746b!8m2!3d46.6463298!4d1.9735729!16s%2Fg%2F11b7chrf4m!19sChIJS4JQi3eW-kcRa3S0UmwoMe8?authuser=0&hl=fr&rclk=1,Les Compagnons du Cher plombier,"3,8",-9,Chauffagiste,·,09 88 77 57 91,https://www.lescompagnonsduloiret.com/depannage-installation-serrurerie-plomberie-bourges.html
https://www.google.com/maps/place/Eco+Conseil/data=!4m7!3m6!1s0x47fa969b2f2c0ead:0x29224a711b1255f2!8m2!3d47.10578!4d2.37869!16s%2Fg%2F11gzs15lw6!19sChIJrQ4sL5uW-kcR8lUSG3FKIik?authuser=0&hl=fr&rclk=1,Eco Conseil,"4,6",-71,Chauffagiste,22 Rue du Clos du Chat,03 86 24 34 79,http://www.ecoconseil-energie.com/contact
https://www.google.com/maps/place/R+Clima+Concept/data=!4m7!3m6!1s0x47fabdb43dbbc981:0x4735fda136b81b45!8m2!3d47.1142152!4d2.4182235!16s%2Fg%2F11n0dp_fst!19sChIJgcm7PbS9-kcRRRu4NqH9NUc?authuser=0&hl=fr&rclk=1,R Clima Concept,5,-45,Chauffagiste,45 Av. Maréchal Lyautey,06 58 82 10 38,https://www.rclimaconcept.fr/
https://www.google.com/maps/place/Thermo-sun/data=!4m7!3m6!1s0x47fa95ad1fb7138f:0x6a2a76bf23addaf1!8m2!3d47.061855!4d2.3908659!16s%2Fg%2F11gsb8qfm2!19sChIJjxO3H62V-kcR8dqtI792Kmo?authuser=0&hl=fr&rclk=1,Thermo-sun,5,-10,Fournisseur d'équipements de chauffage,121 Rue de Mazières,06 46 53 18 81,https://thermosun-bourges.fr/
https://www.google.com/maps/place/SOA+-+Agence+de+BOURGES/data=!4m7!3m6!1s0x47fa95e59c1b1cb5:0x3574b40e768f32eb!8m2!3d47.0781885!4d2.3592629!16s%2Fg%2F1tz75bcx!19sChIJtRwbnOWV-kcR6zKPdg60dDU?authuser=0&hl=fr&rclk=1,SOA - Agence de BOURGES,"4,3",-63,Plombier,·,02 48 70 57 18,https://agence.sarp-assainissement.fr/centre-val-de-loire/cher/bourges/soa-bourges-213?q=Bourges&p=47.0812405%2C2.3979615&s=autocomplete&b=47.02595856067629%2C2.324016331698997%2C47.13011156808142%2C2.472579475240339&__xhr=1
https://www.google.com/maps/place/Soci%C3%A9t%C3%A9+Poselec+Electricit%C3%A9+General/data=!4m7!3m6!1s0x47fa96080a87c339:0xfeeaf86c4f125cbd!8m2!3d47.1013541!4d2.3963089!16s%2Fg%2F1jgm1gwhw!19sChIJOcOHCgiW-kcRvVwST2z46v4?authuser=0&hl=fr&rclk=1,Société Poselec Electricité General,"4,8",-93,Électricien,24 Rue Laennec,06 58 83 46 58,http://www.poselec-bourges.fr/
https://www.google.com/maps/place/Mano+L%27Eau/data=!4m7!3m6!1s0x482d1b4ff026be5:0xc9685c62363629f6!8m2!3d47.1090592!4d2.3864089!16s%2Fg%2F11xdth0jzb!19sChIJ5WsC_7TRggQR9ik2NmJcaMk?authuser=0&hl=fr&rclk=1,Mano L'Eau,5,-34,Plombier,1 Rue I et Frédéric Joliot Curie,06 65 99 06 40,https://manoleau-plomberie.fr/?utm_medium=referral&utm_source=gmb&utm_campaign=lnk-gmb
https://www.google.com/maps/place/Kbane/data=!4m7!3m6!1s0x47fa952b8c0dea77:0xb091e65118c90904!8m2!3d47.0576423!4d2.3538526!16s%2Fg%2F11svwws762!19sChIJd-oNjCuV-kcRBAnJGFHmkbA?authuser=0&hl=fr&rclk=1,Kbane,"4,1",-37,Chauffagiste,·,02 55 99 39 83,https://www.kbane.com/showrooms/bourges
https://www.google.com/maps/place/Entreprise+Morin/data=!4m7!3m6!1s0x47fa967718323ac3:0x79819f0af94d9b2e!8m2!3d47.0838364!4d2.3973245!16s%2Fg%2F11vm7lh3xv!19sChIJwzoyGHeW-kcRLptN-QqfgXk?authuser=0&hl=fr&rclk=1,Entreprise Morin,,,Entrepreneur,10 Rue Prte Jaune,09 74 56 95 06,https://www.morin-serge.com/contactez-nous.php
https://www.google.com/maps/place/S%C3%A9r%C3%A9nit%C3%A9+%C3%89co+Centre/data=!4m7!3m6!1s0x47fa9782e08da8fd:0x63cee61026db1ea5!8m2!3d47.0961562!4d2.4398024!16s%2Fg%2F11yrdx_t3z!19sChIJ_aiN4IKX-kcRpR7bJhDmzmM?authuser=0&hl=fr&rclk=1,Sérénité Éco Centre,5,-1,Chauffagiste,"24 All. Stendhal, Rte de la Charité",07 67 29 82 18,
https://www.google.com/maps/place/SEEC+Anciens+Ets+Pierre+M%C3%A9tivet/data=!4m7!3m6!1s0x47fa9633c9d6603f:0xb461c5f10a89086e!8m2!3d47.0976627!4d2.4293218!16s%2Fg%2F11b6n_6vjb!19sChIJP2DWyTOW-kcRbgiJCvHFYbQ?authuser=0&hl=fr&rclk=1,SEEC Anciens Ets Pierre Métivet,3,-4,Électricien,16 Rue Isaac Newton,02 48 70 29 88,https://www.seec-bourges.com/
https://www.google.com/maps/place/SAS+De+Bons+Po%C3%AAles+%28Anciennement+Chemin%C3%A9es+Celine%29/data=!4m7!3m6!1s0x47fa95fe0362ef85:0x592c7ad31df501eb!8m2!3d47.1069222!4d2.3939745!16s%2Fg%2F1v76y_z9!19sChIJhe9iA_6V-kcR6wH1HdN6LFk?authuser=0&hl=fr&rclk=1,SAS De Bons Poêles (Anciennement Cheminées Celine),"4,7",-141,Magasin de poêles à bois,·,02 48 24 07 25,http://www.debonspoeles.fr/
https://www.google.com/maps/place/J%C3%B8tul+Bourges+%2F+Jolivet/data=!4m7!3m6!1s0x47fa95c329f825f7:0xb15dcb8b55eb8059!8m2!3d47.0814772!4d2.3567016!16s%2Fg%2F11fq7jyzc8!19sChIJ9yX4KcOV-kcRWYDrVYvLXbE?authuser=0&hl=fr&rclk=1,Jøtul Bourges / Jolivet,"4,3",-6,Ramoneur,·,02 48 50 81 30,https://www.facebook.com/Jolivet.Jotul.Bourges/?ref=page_internal&utm_source=gmb
https://www.google.com/maps/place/Fritec+Bourges/data=!4m7!3m6!1s0x47fa97d2a0080313:0xe543117b31f9ba40!8m2!3d47.1043022!4d2.3868259!16s%2Fg%2F11gjt9btgz!19sChIJEwMIoNKX-kcRQLr5MXsRQ-U?authuser=0&hl=fr&rclk=1,Fritec Bourges,3,-2,Fournisseur d'équipements industriels,·,02 48 70 37 24,http://www.fritec.fr/
https://www.google.com/maps/place/Technitoit+Bourges/data=!4m7!3m6!1s0x47fa97c46e7b4b2b:0xd30df58f1d8facb2!8m2!3d47.0971871!4d2.4610945!16s%2Fg%2F1v44db7q!19sChIJK0t7bsSX-kcRsqyPHY_1DdM?authuser=0&hl=fr&rclk=1,Technitoit Bourges,"4,4",-210,Chauffagiste,·,02 49 88 34 12,https://www.technitoit.com/agence/cher-18-bourges/?utm_source=google&utm_medium=gmb
https://www.google.com/maps/place/Ducros+%28SA+Etabl%29/data=!4m7!3m6!1s0x47fa95c5a8eb2387:0x4c25aa67f4519285!8m2!3d47.1100416!4d2.3860924!16s%2Fg%2F1tx8skrj!19sChIJhyPrqMWV-kcRhZJR9GeqJUw?authuser=0&hl=fr&rclk=1,Ducros (SA Etabl),3,-4,Service de réparation d'appareils électroménagers,·,09 86 06 11 18,
https://www.google.com/maps/place/Lucas+Entreprise+SARL/data=!4m7!3m6!1s0x47fabdbc099a9581:0xe81d08b316e5e6bd!8m2!3d47.1348097!4d2.4250492!16s%2Fg%2F1tycv_zt!19sChIJgZWaCby9-kcRveblFrMIHeg?authuser=0&hl=fr&rclk=1,Lucas Entreprise SARL,"4,7",-12,Fournisseur de systèmes de climatisation,19 Rue Christophe Colomb,02 48 69 37 98,http://www.lucas-entreprise.fr/
https://www.google.com/maps/place/SHOP+ELEC+18/data=!4m7!3m6!1s0x47fa95dce1179697:0x98c4f25edda38ff4!8m2!3d47.0895027!4d2.3848542!16s%2Fg%2F11g9q1q_nl!19sChIJl5YX4dyV-kcR9I-j3V7yxJg?authuser=0&hl=fr&rclk=1,SHOP ELEC 18,5,-19,Grossiste,·,02 48 65 01 12,
https://www.google.com/maps/place/Froid+Centre/data=!4m7!3m6!1s0x47fa9a04e3168ecb:0x3799ad034826d489!8m2!3d47.0242587!4d2.4819322!16s%2Fg%2F1tdwv15k!19sChIJy44W4wSa-kcRidQmSAOtmTc?authuser=0&hl=fr&rclk=1,Froid Centre,"4,6",-33,Fournisseur de systèmes de climatisation,21 Rte de Plaimpied,09 70 35 38 25,http://www.froid-centre.com/?utm_medium=referral&utm_source=gmb&utm_campaign=lnk-gmb
https://www.google.com/maps/place/Douche+qui%C3%A9tude+en+Berry/data=!4m7!3m6!1s0x47fa954f33222261:0x5d7fedf50a2697b7!8m2!3d47.0805098!4d2.3916193!16s%2Fg%2F11stdmpy74!19sChIJYSIiM0-V-kcRt5cmCvXtf10?authuser=0&hl=fr&rclk=1,Douche quiétude en Berry,"4,9",-46,Spécialiste de la salle de bains,83 Rue d'Auron,06 12 33 39 64,https://www.douche-quietude.fr/reseau/bouakkaz/?utm_source=gmb
https://www.google.com/maps/place/Froid+Thermo+Services+Centre/data=!4m7!3m6!1s0x47fabe3ad57cef99:0xe188e07669b0944c!8m2!3d47.125236!4d2.3684139!16s%2Fg%2F1tdvjjp2!19sChIJme981Tq--kcRTJSwaXbgiOE?authuser=0&hl=fr&rclk=1,Froid Thermo Services Centre,5,-5,Fournisseur de systèmes de climatisation,"507 Rue de la Garenne, Le Détour du Pavé",02 48 02 50 08,
https://www.google.com/maps/place/electricite-bourges-sdee/data=!4m7!3m6!1s0x47fa95fde32c3b3f:0x560af5ae07004b4c!8m2!3d47.1062015!4d2.3946887!16s%2Fg%2F11c7sql7wq!19sChIJPzss4_2V-kcRTEsAB671ClY?authuser=0&hl=fr&rclk=1,electricite-bourges-sdee,"4,4",-5,Électricien,111 Av. de la Prospective,02 48 59 50 83,
https://www.google.com/maps/place/Ancelot-Lepolard/data=!4m7!3m6!1s0x47fabe3193f6d053:0xc41570711ed80f27!8m2!3d47.123043!4d2.3605857!16s%2Fg%2F11f4ld_4_b!19sChIJU9D2kzG--kcRJw_YHnFwFcQ?authuser=0&hl=fr&rclk=1,Ancelot-Lepolard,"4,7",-20,Entrepreneur,·,02 48 21 34 01,
https://www.google.com/maps/place/PALLADIUM/data=!4m7!3m6!1s0x4633f560c1791fa7:0xc0c9600e40a5568c!8m2!3d47.0152878!4d3.1345366!16s%2Fg%2F11tswxfxsk!19sChIJpx95wWD1M0YRjFalQA5gycA?authuser=0&hl=fr&rclk=1,PALLADIUM,,,Chauffagiste,·,03 86 21 70 65,https://www.palladium-nevers.fr/
https://www.google.com/maps/place/Etablissement+Lefevre+Paris+11+:+Plomberie+d%C3%A9gorgement+Chauffage+Serrurerie/data=!4m7!3m6!1s0x47e66dbe3188b537:0x1923f0870e9feef2!8m2!3d48.85857!4d2.378489!16s%2Fg%2F11nm_tdwl_!19sChIJN7WIMb5t5kcR8u6fDofwIxk?authuser=0&hl=fr&rclk=1,Etablissement Lefevre Paris 11 : Plomberie dégorgement Chauffage Serrurerie,"4,5",-148,Plombier,124 Boulevard Voltaire,01 48 05 15 15,https://www.google.com/aclk?sa=L&ai=DChsSEwjsoLbzwb2UAxUYf0ECHa62BA4YACICCAEQABoCd3M&co=1&ase=2&gclid=CjwKCAjwq6DQBhBVEiwA4ZD5XNFRKtzVNFU__AvnwRzLaDCCb7x5hWjvx-5ElJ-1pOfQcqVBfsSZSRoCHjEQAvD_BwE&cce=2&category=acrcp_v1_32&sig=AOD64_2ngRDDYrRvkjIGYff-l7edTa6Ivw&adurl&q&ctype=99&nis=6
https://www.google.com/maps/place/H2C+-+Energie/data=!4m7!3m6!1s0x734a62e90e931e3:0xb548e966281fa5ce!8m2!3d49.029084!4d2.46992!16s%2Fg%2F11ym1y_vgd!19sChIJ4zHpkC6mNAcRzqUfKGbpSLU?authuser=0&hl=fr&rclk=1,H2C - Energie,5,-3,Fournisseur de systèmes de climatisation,4 Rue Louise Michel,07 43 65 66 16,https://www.google.com/aclk?sa=L&ai=DChsSEwjsoLbzwb2UAxUYf0ECHa62BA4YACICCAEQAxoCd3M&co=1&ase=2&gclid=CjwKCAjwq6DQBhBVEiwA4ZD5XAKyodqlFCxbXMyAzpqMwsanBWKWogp30d_iohxNFfrfmqp02L_qihoC50YQAvD_BwE&cce=2&category=acrcp_v1_32&sig=AOD64_3VuhvPAWdhkQ8jHOwGhyocq5ROjQ&adurl&q&ctype=99&nis=6
https://www.google.com/maps/place/Etudes+Services/data=!4m7!3m6!1s0x47e6658b522acb75:0x43091a7966f8f20e!8m2!3d48.8841359!4d2.2613348!16s%2Fg%2F11vz0r4cyn!19sChIJdcsqUotl5kcRDvL4ZnkaCUM?authuser=0&hl=fr&rclk=1,Etudes Services,"4,8",-389,Chauffagiste,191 Av. Charles de Gaulle,07 56 28 33 82,https://www.etudes-services.fr/?utm_source=gmb
https://www.google.com/maps/place/Jacques+%26+Sam+-+D%C3%A9pannage+-+Plombier+Neuilly+-+Electricien+-+Climatisation+-+Pompe+%C3%A0+Chaleur/data=!4m7!3m6!1s0x47e66fe7f327555f:0x3a9bd1689d5a3988!8m2!3d48.8876157!4d2.2801624!16s%2Fg%2F11rglm6d3s!19sChIJX1Un8-dv5kcRiDlanWjRmzo?authuser=0&hl=fr&rclk=1,Jacques & Sam - Dépannage - Plombier Neuilly - Electricien - Climatisation - Pompe à Chaleur,"4,5",-44,Chauffagiste,80 Bd Bineau,06 50 48 09 39,https://jacques-et-sam-depannage.fr/
https://www.google.com/maps/place/P.+Debarle+Entreprise/data=!4m7!3m6!1s0x47e66e700723ffff:0x419afc316e49b8dc!8m2!3d48.886869!4d2.2648256!16s%2Fg%2F11fy4r_w_f!19sChIJ__8jB3Bu5kcR3LhJbjH8mkE?authuser=0&hl=fr&rclk=1,P. Debarle Entreprise,"3,6",-46,Plombier,29 Av. Sainte-Foy,01 40 88 38 87,http://www.debarle-entreprise.fr/
https://www.google.com/maps/place/B.I.+Plomberie+%26+Chauffage/data=!4m7!3m6!1s0x2a3eddb0fbf01c05:0xcb8b5e1c5dd53014!8m2!3d48.883569!4d2.272084!16s%2Fg%2F11vz7jl_02!19sChIJBRzw-7DdPioRFDDVXRxei8s?authuser=0&hl=fr&rclk=1,B.I. Plomberie & Chauffage,5,-18,Plombier,99 Av. Achille Peretti,07 83 40 59 86,https://www.instalplomberie.fr/
https://www.google.com/maps/place/Fran%C3%A7ois+Artisan+Habitat/data=!4m7!3m6!1s0x2dc0f8f7f186f631:0x439bd84ac7f5fc8c!8m2!3d48.883577!4d2.271993!16s%2Fg%2F11mddwfcqg!19sChIJMfaG8ff4wC0RjPz1x0rYm0M?authuser=0&hl=fr&rclk=1,François Artisan Habitat,5,-150,Plombier,99 Av. Achille Peretti,06 16 59 47 14,https://francois-artisan-habitat.fr/
https://www.google.com/maps/place/ETABLISSEMENTS+CHAMPION+ET+COMPAGNIE/data=!4m7!3m6!1s0x47e6653ddd61b5a3:0xa06d09e79139ca97!8m2!3d48.8769466!4d2.2502049!16s%2Fg%2F11c575jvw4!19sChIJo7Vh3T1l5kcRl8o5kecJbaA?authuser=0&hl=fr&rclk=1,ETABLISSEMENTS CHAMPION ET COMPAGNIE,"4,3",-16,Plombier,8 Rue Ernest Deloison,01 46 24 74 83,http://etablissementschampionetcompagnie.site-solocal.com/
https://www.google.com/maps/place/Johan+Paladin/data=!4m7!3m6!1s0xc9f8cdad4dc44e7:0x137fbfa7acac323c!8m2!3d48.8849127!4d2.2684259!16s%2Fg%2F11l1f244_z!19sChIJ50Tc1NqMnwwRPDKsrKe_fxM?authuser=0&hl=fr&rclk=1,Johan Paladin,"4,9",-234,Chauffagiste,·,07 56 96 20 50,https://www.johan-paladin-plombier.fr/
https://www.google.com/maps/place/Therelec+G%C3%A9nie+%C3%89lectrique+et+Climatique+%C3%A0+Neuilly-sur-Seine/data=!4m7!3m6!1s0x47e701f4ce7ba269:0x5de932640dd0dac0!8m2!3d48.8835241!4d2.2719957!16s%2Fg%2F11sb332vcy!19sChIJaaJ7zvQB50cRwNrQDWQy6V0?authuser=0&hl=fr&rclk=1,Therelec Génie Électrique et Climatique à Neuilly-sur-Seine,5,-75,Électricien,99 Av. Achille Peretti,06 99 69 94 28,http://www.therelec.fr/
https://www.google.com/maps/place/Plombier+BTP/data=!4m7!3m6!1s0x47e66566ad3996e3:0xe05242847f33ba7e!8m2!3d48.8836475!4d2.2779494!16s%2Fg%2F11g6ms2hph!19sChIJ45Y5rWZl5kcRfrozf4RCUuA?authuser=0&hl=fr&rclk=1,Plombier BTP,5,-4,Plombier,42 Rue Madeleine Michelis,01 46 37 62 75,https://plombier-btp.com/
https://www.google.com/maps/place/Electricit%C3%A9+de+Neuilly+-+FITELEC/data=!4m7!3m6!1s0x47e6656028b2cecd:0xfa17776b6a094d50!8m2!3d48.8796921!4d2.2785527!16s%2Fg%2F11g6ystndx!19sChIJzc6yKGBl5kcRUE0Jamt3F_o?authuser=0&hl=fr&rclk=1,Electricité de Neuilly - FITELEC,"4,1",-51,Électricien,7 Rue Montrosier,09 74 56 90 14,http://www.electricitedeneuilly.fr/
https://www.google.com/maps/place/SIMIAN+Pere+et+Fils/data=!4m7!3m6!1s0x47e6120e9bb166bb:0xd7a7e6ac75ad192f!8m2!3d48.8590025!4d2.531049!16s%2Fg%2F11c2jvknd7!19sChIJu2axmw4S5kcRLxmtdazmp9c?authuser=0&hl=fr&rclk=1,SIMIAN Pere et Fils,"3,9",-83,Chauffagiste,·,01 43 08 10 11,http://www.simian-pere-et-fils.fr/
https://www.google.com/maps/place/Entreprise+Quentin/data=!4m7!3m6!1s0x47e66f80d7857e2f:0x5860d9c0696a518c!8m2!3d48.8933122!4d2.2824629!16s%2Fg%2F11btmqkc1j!19sChIJL36F14Bv5kcRjFFqacDZYFg?authuser=0&hl=fr&rclk=1,Entreprise Quentin,"4,5",-177,Plombier,100 Rue Marius Aufan,01 47 57 27 27,http://www.levallois-perret-plombier.com/
https://www.google.com/maps/place/SOLUGAZ/data=!4m7!3m6!1s0x47e614aee28c0501:0xeb78e1dc6c94b124!8m2!3d48.8708159!4d2.5237084!16s%2Fg%2F11c5t67frt!19sChIJAQWM4q4U5kcRJLGUbNzheOs?authuser=0&hl=fr&rclk=1,SOLUGAZ,"4,9",-90,Chauffagiste,26 Rue Louis Ampère,09 54 97 16 91,https://www.solugaz.fr/
https://www.google.com/maps/place/DECIF+PLOMBIER+CHAUFFAGISTE/data=!4m7!3m6!1s0x47e665c911c379eb:0x6150cbae146cf775!8m2!3d48.9031046!4d2.2751236!16s%2Fg%2F11jd9w34w4!19sChIJ63nDEcll5kcRdfdsFK7LUGE?authuser=0&hl=fr&rclk=1,DECIF PLOMBIER CHAUFFAGISTE,"4,7",-130,Chauffagiste,"Centre d'Affaires Mermoz, Bd Saint-Denis",01 46 49 36 56,https://www.decif-chauffage-plombier.com/
https://www.google.com/maps/place/Rg+Energies+Ile+de+France/data=!4m7!3m6!1s0x47e6128116041fd3:0x965cc15c2bef9d7a!8m2!3d48.8567749!4d2.4982538!16s%2Fg%2F11h2f5hhgz!19sChIJ0x8EFoES5kcRep3vK1zBXJY?authuser=0&hl=fr&rclk=1,Rg Energies Ile de France,5,-84,Chauffagiste,14 Rue des Fleurs,09 53 59 89 27,http://www.rg-energies.fr/
https://www.google.com/maps/place/Vulcain+Engineering+Group/data=!4m7!3m6!1s0x47f4ea89239b7d07:0xfe7eeb0749e193fa!8m2!3d48.8822195!4d2.2698121!16s%2Fg%2F119t8trk9!19sChIJB32bI4nq9EcR-pPhSQfrfv4?authuser=0&hl=fr&rclk=1,Vulcain Engineering Group,4,-58,Ingénieur,·,01 41 43 06 30,https://www.vulcain-eng.com/
https://www.google.com/maps/place/Entreprise+de+nettoyage+Neuilly-sur-Seine+-+soci%C3%A9t%C3%A9+LogisGreen/data=!4m7!3m6!1s0x47e665672c701a1d:0x83777b4ba6adf485!8m2!3d48.880621!4d2.272112!16s%2Fg%2F11y36hl9tb!19sChIJHRpwLGdl5kcRhfStpkt7d4M?authuser=0&hl=fr&rclk=1,Entreprise de nettoyage Neuilly-sur-Seine - société LogisGreen,5,-17,Services de nettoyage,93 Av. Charles de Gaulle,06 08 99 56 73,https://www.logisgreen.com/
https://www.google.com/maps/place/Les+Tricolores/data=!4m7!3m6!1s0x47e6650c37b06f91:0x20239d0aaaca6ec7!8m2!3d48.8835658!4d2.2720495!16s%2Fg%2F11s1879wy9!19sChIJkW-wNwxl5kcRx27KqgqdIyA?authuser=0&hl=fr&rclk=1,Les Tricolores,"4,8",-535,Services aux entreprises,·,01 85 85 69 47,https://www.lestricolores.fr/adresse/neuilly-sur-seine
https://www.google.com/maps/place/Elec+in+Time/data=!4m7!3m6!1s0x47e66538c600fa6f:0xe0c41862b6819ec3!8m2!3d48.884125!4d2.2639077!16s%2Fg%2F11mvqy6bv7!19sChIJb_oAxjhl5kcRw56BtmIYxOA?authuser=0&hl=fr&rclk=1,Elec in Time,5,-49,Électricien,144 Av. Charles de Gaulle,06 17 75 41 78,https://elecintime.fr/
https://www.google.com/maps/place/Spie+batignolles/data=!4m7!3m6!1s0x47e66568ebefea2d:0x88529c5942a7658!8m2!3d48.8829893!4d2.263927!16s%2Fg%2F1tdnkf53!19sChIJLerv62hl5kcRWHYqlMUphQg?authuser=0&hl=fr&rclk=1,Spie batignolles,"3,4",-31,Holding,·,,https://www.spiebatignolles.fr/
https://www.google.com/maps/place/Elec+in+Time/data=!4m7!3m6!1s0x47e66538c600fa6f:0xe0c41862b6819ec3!8m2!3d48.884125!4d2.2639077!16s%2Fg%2F11mvqy6bv7!19sChIJb_oAxjhl5kcRw56BtmIYxOA?authuser=0&hl=fr&rclk=1,Elec in Time,5,-49,Électricien,144 Av. Charles de Gaulle,06 17 75 41 78,https://elecintime.fr/
https://www.google.com/maps/place/Spie+batignolles/data=!4m7!3m6!1s0x47e66568ebefea2d:0x88529c5942a7658!8m2!3d48.8829893!4d2.263927!16s%2Fg%2F1tdnkf53!19sChIJLerv62hl5kcRWHYqlMUphQg?authuser=0&hl=fr&rclk=1,Spie batignolles,"3,4",-31,Holding,·,,https://www.spiebatignolles.fr/
https://www.google.com/maps/place/Alex+chauffage/data=!4m7!3m6!1s0xac9bc7f8a11547fb:0xc4eaa004f3c1f3b3!8m2!3d48.881579!4d2.586887!16s%2Fg%2F11sr8x2ss0!19sChIJ-0cVofjHm6wRs_PB8wSg6sQ?authuser=0&hl=fr&rclk=1,Alex chauffage,5,-588,Ramoneur,3 Rue Félix Faure,07 65 76 26 83,https://www.google.com/aclk?sa=L&ai=DChsSEwiRn_r9wb2UAxXTtGgJHbADMRUYACICCAEQBBoCd2Y&co=1&ase=2&gclid=CjwKCAjwq6DQBhBVEiwA4ZD5XEgjXwzTUOh8linaKJpHGFmalWpSaV1WO6DcQrRM15JJ2gqnh7TWXhoCWVYQAvD_BwE&cce=2&category=acrcp_v1_32&sig=AOD64_3gwjqFTi_CDGGcd8QWYUSCpc5SEg&adurl&q&ctype=99&nis=6
https://www.google.com/maps/place/H2C+-+Energie/data=!4m7!3m6!1s0x734a62e90e931e3:0xb548e966281fa5ce!8m2!3d49.029084!4d2.46992!16s%2Fg%2F11ym1y_vgd!19sChIJ4zHpkC6mNAcRzqUfKGbpSLU?authuser=0&hl=fr&rclk=1,H2C - Energie,5,-3,Fournisseur de systèmes de climatisation,4 Rue Louise Michel,07 43 65 66 16,https://www.google.com/aclk?sa=L&ai=DChsSEwiRn_r9wb2UAxXTtGgJHbADMRUYACICCAEQAhoCd2Y&co=1&ase=2&gclid=CjwKCAjwq6DQBhBVEiwA4ZD5XKxqUgiHIfuedJ2cQehSKPG3mSbcRS17bqqpsOsPvdeIA1YeZJxXPxoCWNwQAvD_BwE&cce=2&category=acrcp_v1_32&sig=AOD64_0OMqDHXlh00itDzleHm6kfpXn4oA&adurl&q&ctype=99&nis=6
https://www.google.com/maps/place/CouvertureMacias./data=!4m7!3m6!1s0x47e665eea5eda9b7:0xee6b1607698edeb!8m2!3d48.884125!4d2.2639077!16s%2Fg%2F11p3c6vqsx!19sChIJt6ntpe5l5kcR6-2YdmCx5g4?authuser=0&hl=fr&rclk=1,CouvertureMacias.,"4,4",-35,Charpentier,144 Av. Charles de Gaulle,06 26 83 81 16,https://couvreurmacias92.fr/
https://www.google.com/maps/place/DEMAY+et+fils/data=!4m7!3m6!1s0x47e61287e8bacd7f:0x28fde3aebb8079fd!8m2!3d48.8622433!4d2.5012412!16s%2Fg%2F11f3bnyjn2!19sChIJf8266IcS5kcR_XmAu67j_Sg?authuser=0&hl=fr&rclk=1,DEMAY et fils,"4,8",-73,Plombier,15 bis Rue de la Marne,01 43 00 08 07,https://www.demayetfils.fr/
https://www.google.com/maps/place/NEF/data=!4m7!3m6!1s0x47e60dfe0969b743:0xf06f680fbddb76c2!8m2!3d48.6189909!4d2.9236784!16s%2Fg%2F11btlsrb60!19sChIJQ7dpCf4N5kcRwnbbvQ9ob_A?authuser=0&hl=fr&rclk=1,NEF,"4,3",-33,Spécialiste de la salle de bains,·,01 48 15 08 30,http://nef-plombier.fr/
https://www.google.com/maps/place/R%C3%A9soconfort+Effica+service/data=!4m7!3m6!1s0x47e6126ac560af01:0x1aabaedde1c0ae42!8m2!3d48.8707209!4d2.525551!16s%2Fg%2F1tf1556s!19sChIJAa9gxWoS5kcRQq7A4d2uqxo?authuser=0&hl=fr&rclk=1,Résoconfort Effica service,"4,6",-727,Chauffagiste,"ZI des Chanoux, 9 Rue des Frères Lumière",01 43 02 70 27,https://resoconfort.fr/agence/effica-service-chauffagiste-neuilly-sur-marne/?utm_source=gmb
https://www.google.com/maps/place/Litka+vmc+neuilly+sur+seine+-+installation+vmc+-+nettoyage+vmc/data=!4m7!3m6!1s0x47e665a0eb63a2b1:0x40ad0b367730f4af!8m2!3d48.8829044!4d2.2710469!16s%2Fg%2F11vl381j8n!19sChIJsaJj66Bl5kcRr_QwdzYLrUA?authuser=0&hl=fr&rclk=1,Litka vmc neuilly sur seine - installation vmc - nettoyage vmc,5,-18,Service de nettoyage de conduits de ventilation,17 Rue Saint-Pierre,01 84 20 29 40,http://litka-vmc-neuilly-sur-seine.com/
https://www.google.com/maps/place/Renov%27+Int%C3%A9rieur+%E2%80%93+R%C3%A9novation+%26+Ma%C3%A7onnerie+Peinture+Plomberie+Neuilly-sur-Seine+92/data=!4m7!3m6!1s0x47e66522b15d5817:0x14d5bba6dfbb39a2!8m2!3d48.8838069!4d2.2780287!16s%2Fg%2F11pv668g6g!19sChIJF1hdsSJl5kcRojm736a71RQ?authuser=0&hl=fr&rclk=1,Renov' Intérieur – Rénovation & Maçonnerie Peinture Plomberie Neuilly-sur-Seine 92,5,-51,Entrepreneur,42 Rue Madeleine Michelis,01 46 37 62 75,https://renovinterieur.fr/?utm_source=google_profile&utm_campaign=localo&utm_medium=mainlink
https://www.google.com/maps/place/Home+Clim+Service/data=!4m7!3m6!1s0x47e665a38ea2fe71:0x8043c7cc8e181728!8m2!3d48.8817368!4d2.2666065!16s%2Fg%2F11khw2hzxx!19sChIJcf6ijqNl5kcRKBcYjszHQ4A?authuser=0&hl=fr&rclk=1,Home Clim Service,,,Chauffagiste,8 Rue Victor Noir,07 53 73 78 84,
https://www.google.com/maps/place/SG/data=!4m7!3m6!1s0x47e6656e64ada7df:0x86f6922c0178795d!8m2!3d48.8859106!4d2.2632754!16s%2Fg%2F1td71969!19sChIJ36etZG5l5kcRXXl4ASyS9oY?authuser=0&hl=fr&rclk=1,SG,"4,2",-86,Banque,·,01 47 45 37 70,https://agences.sg.fr/banque-assurance/particulier/agence-neuilly-seine-roule-id3000303905
https://www.google.com/maps/place/Bati+Surface+Travaux+de+r%C3%A9novation+Paris+%26+%C3%8Ele-de-France/data=!4m7!3m6!1s0xa9a9b09ea18c91fd:0x300a197fbefb648c!8m2!3d48.8840378!4d2.2637943!16s%2Fg%2F11ywl8wb6d!19sChIJ_ZGMoZ6wqakRjGT7vn8ZCjA?authuser=0&hl=fr&rclk=1,Bati Surface Travaux de rénovation Paris & Île-de-France,5,-4,Travaux généraux,144 Av. Charles de Gaulle,06 50 95 69 72,https://batisurface.fr/
https://www.google.com/maps/place/PEGAZ+chauffagiste+%2F+pompe+%C3%A0+chaleur+%2F+climatisation/data=!4m7!3m6!1s0x47e60d77e3b58091:0x5ac51a95a79e99ff!8m2!3d48.8420072!4d2.5005457!16s%2Fg%2F1jkvxblpn!19sChIJkYC143cN5kcR_5mep5UaxVo?authuser=0&hl=fr&rclk=1,PEGAZ chauffagiste / pompe à chaleur / climatisation,"4,6",-146,Chauffagiste,·,01 47 06 14 50,https://pegaz.fr/
https://www.google.com/maps/place/Agence+Immobili%C3%A8re+Neuilly-sur-Seine+-+Junot+Neuilly/data=!4m7!3m6!1s0x47e6658f000832b9:0x5cb70bcec8961001!8m2!3d48.8831099!4d2.2738425!16s%2Fg%2F11gnpnbq2r!19sChIJuTIIAI9l5kcRARCWyM4Lt1w?authuser=0&hl=fr&rclk=1,Agence Immobilière Neuilly-sur-Seine - Junot Neuilly,"4,9",-88,Agence immobilière,89 Av. du Roule,01 87 53 24 54,https://www.junot.fr/fr/agences/junot-neuilly-sur-seine?utm_source=google&utm_medium=organic&utm_campaign=local&utm_content=junot-neuilly-sur-seine
https://www.google.com/maps/place/SG/data=!4m7!3m6!1s0x47e665219e097533:0xd0199b86b7d440fc!8m2!3d48.883059!4d2.267159!16s%2Fg%2F11mhpnt1gt!19sChIJM3UJniFl5kcR_EDUt4abGdA?authuser=0&hl=fr&rclk=1,SG,"4,1",-96,Banque,·,01 46 43 57 00,https://agences.sg.fr/banque-assurance/particulier/agence-neuilly-sur-seine-id3000303900
https://www.google.com/maps/place/SG/data=!4m7!3m6!1s0x47e665653c051e61:0x923efcd544ed6dad!8m2!3d48.8870274!4d2.2698863!16s%2Fg%2F1v0lk22f!19sChIJYR4FPGVl5kcRrW3tRNX8PpI?authuser=0&hl=fr&rclk=1,SG,"3,7",-76,Banque,·,01 47 47 45 40,https://agences.sg.fr/banque-assurance/particulier/agence-neuilly-s-seine-chezy-id3000303903
https://www.google.com/maps/place/Societe+Olive+Et+Fils+Sas/data=!4m7!3m6!1s0x47e6656e57f33527:0x97dd8ff5c56a237f!8m2!3d48.8855897!4d2.2647039!16s%2Fg%2F11h40z9jkm!19sChIJJzXzV25l5kcRfyNqxfWP3Zc?authuser=0&hl=fr&rclk=1,Societe Olive Et Fils Sas,5,-2,Consultant,130 Av. du Roule,,
https://www.google.com/maps/place/Elm+Leblanc/data=!4m7!3m6!1s0x47e6655e9f67a7db:0x5f90cf2635cd091!8m2!3d48.8835241!4d2.2719957!16s%2Fg%2F11v9ghbjjh!19sChIJ26dnn15l5kcRkdBcY_IM-QU?authuser=0&hl=fr&rclk=1,Elm Leblanc,5,-3,Travaux généraux,99 Av. Achille Peretti,06 44 64 66 06,https://depannage-chaudiere-elm-leblanc.fr/
https://www.google.com/maps/place/SG/data=!4m7!3m6!1s0x47e66560551045bb:0x8e3cba8c43613c2f!8m2!3d48.880126!4d2.276481!16s%2Fg%2F11cs45vct8!19sChIJu0UQVWBl5kcRLzxhQ4y6PI4?authuser=0&hl=fr&rclk=1,SG,"4,4",-122,Banque,·,01 40 88 91 00,https://agences.sg.fr/banque-assurance/particulier/agence-neuilly-marche-id3000303901
https://www.google.com/maps/place/D%C3%A9m%C3%A9nagement+ADP+PRODEM+D%C3%A9m%C3%A9nageur+Neuilly+sur+Seine/data=!4m7!3m6!1s0x47e66568ad1e3eb3:0x71180c0c800489fb!8m2!3d48.8813341!4d2.2726846!16s%2Fg%2F1tgb_1t3!19sChIJsz4erWhl5kcR-4kEgAwMGHE?authuser=0&hl=fr&rclk=1,Déménagement ADP PRODEM Déménageur Neuilly sur Seine,"4,5",-39,Entreprise de déménagement,·,01 46 40 37 28,https://www.demenagements-prodem.fr/demenagement_92_hauts_de_seine/Neuilly-sur-Seine-demenageur.html
"https://www.google.com/maps/place/Entreprise+de+nettoyage+SYST%27AIME+D,+Neuilly+sur+Seine/data=!4m7!3m6!1s0x47e6656c489d8b33:0x8c3b882eb0d2fc28!8m2!3d48.8841271!4d2.2610939!16s%2Fg%2F119tvy201!19sChIJM4udSGxl5kcRKPzSsC6IO4w?authuser=0&hl=fr&rclk=1","Entreprise de nettoyage SYST'AIME D, Neuilly sur Seine",5,-66,Service de nettoyage et d'entretien,191-195 Av. Charles de Gaulle Bat B1,01 71 58 10 50,http://www.systaimed-nettoyage.fr/
https://www.google.com/maps/place/Si%C3%A8ge+social+Groupe+Guinot+-+Mary+Cohr/data=!4m7!3m6!1s0x47e66e31b264605f:0x56517b4723faf293!8m2!3d48.8830531!4d2.2674361!16s%2Fg%2F11b6dqxyk4!19sChIJX2BksjFu5kcRk_L6I0d7UVY?authuser=0&hl=fr&rclk=1,Siège social Groupe Guinot - Mary Cohr,"4,7",-152,Siège social,·,01 58 58 41 00,https://www.linkedin.com/company/1849712/
https://www.google.com/maps/place/Sofradom+-+Domiciliation+d%E2%80%99entreprise+-+Agence+Neuilly-sur-Seine+-+Pont+de+Neuilly/data=!4m7!3m6!1s0x47e6656ec7530247:0x120ab24a7993c0f6!8m2!3d48.8841316!4d2.26388!16s%2Fg%2F1tmg5v_x!19sChIJRwJTx25l5kcR9sCTeUqyChI?authuser=0&hl=fr&rclk=1,Sofradom - Domiciliation d’entreprise - Agence Neuilly-sur-Seine - Pont de Neuilly,"4,6",-18,Services aux entreprises,144 Av. Charles de Gaulle,01 56 93 40 01,https://www.sofradom.fr/domiciliation-entreprise/pont-de-neuilly?utm_source=gmb
https://www.google.com/maps/place/AGUTTES+-+Maison+de+Ventes+aux+Ench%C3%A8res+-+Neuilly-sur-Seine/data=!4m7!3m6!1s0x47e6656c3a2ddbd5:0xb83d493890fe3080!8m2!3d48.884891!4d2.261499!16s%2Fg%2F1tppr7_z!19sChIJ1dstOmxl5kcRgDD-kDhJPbg?authuser=0&hl=fr&rclk=1,AGUTTES - Maison de Ventes aux Enchères - Neuilly-sur-Seine,"3,9",-186,Société de vente aux enchères,·,01 47 45 55 55,https://www.aguttes.com/nos-bureaux/neuilly-sur-seine
https://www.google.com/maps/place/Clevermind/data=!4m7!3m6!1s0x47e67ae762655553:0x18dfcaedf9e03b5!8m2!3d48.8863156!4d2.2601531!16s%2Fg%2F11cs0003m4!19sChIJU1VlYud65kcRtQOe3678jQE?authuser=0&hl=fr&rclk=1,Clevermind,"4,8",-72,Services aux entreprises,11 Rue Bailly,01 72 89 01 81,http://www.clevermind.fr/
https://www.google.com/maps/place/ANGI+SERVICES+-+Entreprise+de+nettoyage/data=!4m7!3m6!1s0x47e665049ee9a29d:0xd468dff032cfd97e!8m2!3d48.881383!4d2.2726359!16s%2Fg%2F11gf9fmwpm!19sChIJnaLpngRl5kcRftnPMvDfaNQ?authuser=0&hl=fr&rclk=1,ANGI SERVICES - Entreprise de nettoyage,"4,9",-8,Service de nettoyage et d'entretien,60 Av. Charles de Gaulle,09 70 35 13 49,https://angi-services.fr/
https://www.google.com/maps/place/Provalliance/data=!4m7!3m6!1s0x47e66fc6f1fe09b3:0x2cd9c44b802f86f9!8m2!3d48.8829434!4d2.2697621!16s%2Fg%2F1hm5l7hwf!19sChIJswn-8cZv5kcR-YYvgEvE2Sw?authuser=0&hl=fr&rclk=1,Provalliance,"3,7",-34,Services aux entreprises,104 Av. Charles de Gaulle,01 45 61 69 70,http://www.groupe-provalliance.com/
https://www.google.com/maps/place/MDRC+GESTION+-+Gestion+Immobili%C3%A8re+%26+Locative+-+Agence+Immobili%C3%A8re+Neuilly+sur+Seine/data=!4m7!3m6!1s0x47e66566eaaf58cd:0x11a2960e37922969!8m2!3d48.8814923!4d2.2720493!16s%2Fg%2F11h2dw_hdf!19sChIJzViv6mZl5kcRaSmSNw6WohE?authuser=0&hl=fr&rclk=1,MDRC GESTION - Gestion Immobilière & Locative - Agence Immobilière Neuilly sur Seine,"4,5",-63,Société de gestion immobilière,62 Av. Charles de Gaulle,01 77 35 03 60,http://www.mdrc-gestion.com/
https://www.google.com/maps/place/SG/data=!4m7!3m6!1s0x47e6656c4196a0e7:0x921a574fa66fa79!8m2!3d48.8841271!4d2.2610937!16s%2Fg%2F1vs1r52d!19sChIJ56CWQWxl5kcRefpm-nSlIQk?authuser=0&hl=fr&rclk=1,SG,"3,9",-74,Banque,·,01 46 40 83 00,https://agences.sg.fr/banque-assurance/particulier/agence-neuilly-madrid-id3000302824
https://www.google.com/maps/place/Cushman+%26+Wakefield/data=!4m7!3m6!1s0x47e66fc1ac71d2bb:0xfbab0142a14a4428!8m2!3d48.8839265!4d2.261776!16s%2Fg%2F1tdk9f1t!19sChIJu9JxrMFv5kcRKERKoUIBq_s?authuser=0&hl=fr&rclk=1,Cushman & Wakefield,3,-4,Agence d'immobilier d'entreprise,·,01 72 37 82 21,https://www.cushmanwakefield.com/fr-fr/france/offices/paris?utm_source=google&utm_medium=organic&utm_campaign=gmb_uberall_FRA002
https://www.google.com/maps/place/CPLC+-+Sols+Murs+Plafonds/data=!4m7!3m6!1s0x47e6656e48abc85b:0x67ff4d1bd43f5481!8m2!3d48.8865224!4d2.2647028!16s%2Fg%2F1tj20vkn!19sChIJW8irSG5l5kcRgVQ_1BtN_2c?authuser=0&hl=fr&rclk=1,CPLC - Sols Murs Plafonds,"4,4",-15,Entrepreneur spécialisé dans les revêtements de sol,23 Rue de l'Église,01 46 24 33 03,http://www.cplc.fr/
https://www.google.com/maps/place/LOSCORP%C2%AE+I+D%C3%89M%C3%89NAGEMENT+NEUILLY-SUR-SEINE/data=!4m7!3m6!1s0x47e66547e6f74469:0xc8d3856f972ab2ee!8m2!3d48.8835241!4d2.2719957!16s%2Fg%2F11vf8vnw9d!19sChIJaUT35kdl5kcR7rIql2-F08g?authuser=0&hl=fr&rclk=1,LOSCORP® I DÉMÉNAGEMENT NEUILLY-SUR-SEINE,5,-12,Entreprise de déménagement,99 Av. Achille Peretti,01 59 20 00 62,https://www.loscorpdemenagement.com/?utm_source=google&utm_medium=wix_google_business_profile&utm_campaign=7415698094019531932
https://www.google.com/maps/place/DME+CHAUFFAGE+PLOMBERIE/data=!4m7!3m6!1s0x47e6658496f40213:0x5957770c1eddd065!8m2!3d48.8565007!4d2.2000226!16s%2Fg%2F11b6dhmpy1!19sChIJEwL0loRl5kcRZdDdHgx3V1k?authuser=0&hl=fr&rclk=1,DME CHAUFFAGE PLOMBERIE,"4,7",-36,Chauffagiste,·,01 84 20 05 03,https://www.plombier-courbevoie-92.com/
https://www.google.com/maps/place/CLIMAEGYS/data=!4m7!3m6!1s0x4801d9c9ab8bf569:0xef15a82eef060cf8!8m2!3d45.026395!4d-0.789747!16s%2Fg%2F11vy1507ww!19sChIJafWLq8nZAUgR-AwG7y6oFe8?authuser=0&hl=fr&rclk=1,CLIMAEGYS,5,-21,Fournisseur de systèmes de climatisation,4 Allée des Genêts,07 82 12 87 17,https://www.google.com/aclk?sa=L&ai=DChsSEwj77p6Jwr2UAxVhkmgJHVwaEqcYACICCAEQARoCd2Y&co=1&ase=2&gclid=CjwKCAjwq6DQBhBVEiwA4ZD5XLozP_bP5hu5a0wjWUJnWc5_25wpVHD1G0elM35HQeBh9m8KNpZKHxoCi-AQAvD_BwE&cce=2&category=acrcp_v1_32&sig=AOD64_1nGpQd-C6XQc6EgZAX0cRfFxs9TA&adurl&q&ctype=99&nis=6
https://www.google.com/maps/place/Maison+Travaux+%26+R%C3%A9novation/data=!4m7!3m6!1s0x47e677d86cd1436f:0x909de8c37ff5bb5a!8m2!3d44.833874!4d-0.583996!16s%2Fg%2F1hc2mpbvw!19sChIJb0PRbNh35kcRWrv1f8PonZA?authuser=0&hl=fr&rclk=1,Maison Travaux & Rénovation,"4,7",-82,Travaux généraux,64 Rue Servandoni,06 48 99 40 03,https://www.google.com/aclk?sa=L&ai=DChsSEwj77p6Jwr2UAxVhkmgJHVwaEqcYACICCAEQAhoCd2Y&co=1&ase=2&gclid=CjwKCAjwq6DQBhBVEiwA4ZD5XHHTFWxQ-3atAyb7MFiABKAZ_UOqqMpqS_u4Z9Dc5w8ne9WhCzc2OBoCpEMQAvD_BwE&cce=2&category=acrcp_v1_32&sig=AOD64_3pcME2mvwqCV_Ch-QYr1RiAZTSKA&adurl&q&ctype=99&nis=6
https://www.google.com/maps/place/Alouette+Thermique/data=!4m7!3m6!1s0xd54d99f8bfb5009:0x755a40ab127b5f4!8m2!3d44.7957475!4d-0.6709731!16s%2Fg%2F11fs2lyghf!19sChIJCVD7i5_ZVA0R9LUnsQqkVQc?authuser=0&hl=fr&rclk=1,Alouette Thermique,"4,5",-43,Service de réparation de chaudières,19 Rue Roger Vilanova,05 56 94 51 10,http://www.alouette-thermique.fr/
https://www.google.com/maps/place/Plomberie+Multi+Services/data=!4m7!3m6!1s0x67b12f7d1513f67b:0x13d11dd21891267f!8m2!3d44.8138124!4d-0.6293528!16s%2Fg%2F11p18hf6n1!19sChIJe_YTFX0vsWcRfyaRGNId0RM?authuser=0&hl=fr&rclk=1,Plomberie Multi Services,"4,8",-154,Plombier,54 Bis Rue Paul Painlevé,06 98 02 21 76,http://www.plomberiemultiservices.fr/?utm_source=gmb
https://www.google.com/maps/place/SARL+CJM+Confort/data=!4m7!3m6!1s0xd54d86693002473:0xa77a0f0fbd843c88!8m2!3d44.8178005!4d-0.616835!16s%2Fg%2F1w666r42!19sChIJcyQAk2bYVA0RiDyEvQ8Peqc?authuser=0&hl=fr&rclk=1,SARL CJM Confort,5,-18,Chauffagiste,·,06 88 43 66 68,http://www.cjmconfort.com/
https://www.google.com/maps/place/La+Main+d%27Eau/data=!4m7!3m6!1s0xa194d600589f6abb:0x2febf71fe506e11d!8m2!3d44.7940625!4d-0.6776801!16s%2Fg%2F11pv3s8ns_!19sChIJu2qfWADWlKERHeEG5R_36y8?authuser=0&hl=fr&rclk=1,La Main d'Eau,5,-31,Chauffagiste,19 Av. Pierre Cérésole,06 61 68 93 60,https://lamaindeau.com/
https://www.google.com/maps/place/S.Y+plomberie/data=!4m7!3m6!1s0x869019b4b3de90d5:0xafd9a8762d62ea08!8m2!3d44.7915489!4d-0.6284078!16s%2Fg%2F11vj7640_x!19sChIJ1ZDes7QZkIYRCOpiLXao2a8?authuser=0&hl=fr&rclk=1,S.Y plomberie,5,-40,Plombier,16 All. des Glycines,07 44 75 16 13,https://syplomberie33.my.canva.site/syplomberie33
https://www.google.com/maps/place/Sevea/data=!4m7!3m6!1s0xd54d74e2af6b3b1:0x86ab0c4645aafcec!8m2!3d44.7860891!4d-0.6460665!16s%2Fg%2F11bv380grf!19sChIJsbP2Kk7XVA0R7PyqRUYMq4Y?authuser=0&hl=fr&rclk=1,Sevea,"4,4",-394,Fournisseur de systèmes de climatisation,4 Rue Henri de Châtelier,05 56 96 50 41,http://www.sevea-energy.fr/
https://www.google.com/maps/place/SPServices33/data=!4m7!3m6!1s0x473d4233df886905:0x62f4fbe32e83c58d!8m2!3d44.7979496!4d-0.6819224!16s%2Fg%2F11ytllvjf6!19sChIJBWmI3zNCPUcRjcWDLuP79GI?authuser=0&hl=fr&rclk=1,SPServices33,"4,9",-9,Plombier,4 All. du Parc d'Espagne,07 71 23 77 11,https://spservices33.com/?utm_source=gmb
https://www.google.com/maps/place/La+bordelaise+de+l%27%C3%A9nergie/data=!4m7!3m6!1s0x6c42e38ead19ef9b:0xcc9f85ba7401e9b5!8m2!3d44.8901966!4d-0.4729263!16s%2Fg%2F11y3nd_r3r!19sChIJm-8ZrY7jQmwRtekBdLqFn8w?authuser=0&hl=fr&rclk=1,La bordelaise de l'énergie,"4,5",-35,Chauffagiste,·,06 98 93 09 91,https://www.bordelaise-energies.com/?utm_source=google&utm_medium=wix_google_business_profile&utm_campaign=5389451998635067449
https://www.google.com/maps/place/DA+CUNHA+Alexandre/data=!4m7!3m6!1s0xd552111c7ed803d:0x4e05a34d3d9d6df9!8m2!3d44.7900902!4d-0.6666598!16s%2Fg%2F11gxnp2hcg!19sChIJPYDtxxEhVQ0R-W2dPU2jBU4?authuser=0&hl=fr&rclk=1,DA CUNHA Alexandre,"4,8",-30,Chauffagiste,15 Rue Maryse Bastié,06 85 20 87 08,
https://www.google.com/maps/place/Sofinther/data=!4m7!3m6!1s0xd54d750c3f26777:0x9e3d20a600d57c16!8m2!3d44.77744!4d-0.665782!16s%2Fg%2F1q62gd293!19sChIJd2fyw1DXVA0RFnzVAKYgPZ4?authuser=0&hl=fr&rclk=1,Sofinther,"4,7",-31,Magasin de chaudières,·,05 56 12 37 74,http://www.sofinther.fr/
https://www.google.com/maps/place/SOLAIREC/data=!4m7!3m6!1s0xd54db1cc14f1771:0xa0f795bae0bef4f0!8m2!3d44.7879589!4d-0.6870119!16s%2Fg%2F11nh993srl!19sChIJcRdPwRzbVA0R8PS-4LqV96A?authuser=0&hl=fr&rclk=1,SOLAIREC,5,-43,Chauffagiste,·,06 76 01 18 86,
https://www.google.com/maps/place/EMC+Sarl/data=!4m7!3m6!1s0xd54d94e9c166977:0x368e042519a768d6!8m2!3d44.7781032!4d-0.6657864!16s%2Fg%2F1tg9pf_7!19sChIJd2kWnE7ZVA0R1minGSUEjjY?authuser=0&hl=fr&rclk=1,EMC Sarl,"4,7",-3,Entrepreneur spécialisé dans les systèmes de CVC,6 Rue Eugène Chevreul,05 57 26 99 97,https://www.emc-pessac.fr/
https://www.google.com/maps/place/Haut+Confort/data=!4m7!3m6!1s0xd54d8dea66b33a3:0x535c2f50817685e4!8m2!3d44.8179101!4d-0.6167371!16s%2Fg%2F11btmqb9j8!19sChIJozNrpt7YVA0R5IV2gVAvXFM?authuser=0&hl=fr&rclk=1,Haut Confort,"4,7",-13,Fournisseur d'équipements de chauffage,121 Av. Jean Cordier,06 22 89 21 75,https://www.facebook.com/hautconfort/?utm_source=gmb
https://www.google.com/maps/place/Bella+plomberie+d%C3%A9pannage/data=!4m7!3m6!1s0x679423a928a131a1:0x1dfe214478563cd7!8m2!3d44.8901966!4d-0.4729263!16s%2Fg%2F11lymbwslg!19sChIJoTGhKKkjlGcR1zxWeEQh_h0?authuser=0&hl=fr&rclk=1,Bella plomberie dépannage,5,-79,Chauffagiste,·,06 68 60 32 53,https://plombier-chauffagiste-bordeaux.com/
https://www.google.com/maps/place/Turbo+Fonte+Bordeaux-Pessac+-+Po%C3%AAles+et+chemin%C3%A9es/data=!4m7!3m6!1s0xd54d912b81fc5d5:0x33ff3392568611eb!8m2!3d44.800872!4d-0.6579312!16s%2Fg%2F1tf6t36t!19sChIJ1cUfuBLZVA0R6xGGVpIz_zM?authuser=0&hl=fr&rclk=1,Turbo Fonte Bordeaux-Pessac - Poêles et cheminées,"4,8",-528,Chauffagiste,·,05 57 26 39 60,https://magasins.turbofonte.com/pessac-bordeaux?utm_source=google&utm_medium=organic&utm_campaign=gmb_pessac
https://www.google.com/maps/place/RICHARDSON+:+SANITAIRE-+CHAUFFAGE+-+PLOMBERIE+-+PHOTOVOLTA%C3%8FQUE/data=!4m7!3m6!1s0xd54d90d0328e0a7:0x9159eb8032a188d!8m2!3d44.7787515!4d-0.6671507!16s%2Fg%2F11j31_n78g!19sChIJp-AoAw3ZVA0RjRgqA7ieFQk?authuser=0&hl=fr&rclk=1,RICHARDSON : SANITAIRE- CHAUFFAGE - PLOMBERIE - PHOTOVOLTAÏQUE,"4,5",-4,Magasin de matériel de plomberie,·,05 56 79 69 69,https://www.richardson.fr/tous-les-magasins/agence/bordeaux-pessac
https://www.google.com/maps/place/Tec+Clim/data=!4m7!3m6!1s0xd54dee037dfbe55:0x81f518c536d6073b!8m2!3d44.7719067!4d-0.6495272!16s%2Fg%2F1vvyzdg8!19sChIJVb7fN-DeVA0ROwfWNsUY9YE?authuser=0&hl=fr&rclk=1,Tec Clim,"4,3",-17,Fournisseur de systèmes de climatisation,4 Av. de la Pointe,05 57 92 61 61,http://www.linkedin.com/company/tec-clim/?utm_source=gmb
https://www.google.com/maps/place/Bordeaux+Chemin%C3%A9es/data=!4m7!3m6!1s0xd54d96d3944ad59:0xa1997cd531fbbcc1!8m2!3d44.8004647!4d-0.659437!16s%2Fg%2F1v_zb6dl!19sChIJWa1EOW3ZVA0Rwbz7MdV8maE?authuser=0&hl=fr&rclk=1,Bordeaux Cheminées,"4,3",-87,Fournisseur d'équipements de chauffage,·,05 56 04 89 45,https://bordeauxcheminees.com/
https://www.google.com/maps/place/Plomberie+R%C3%A9novation+Girondine/data=!4m7!3m6!1s0xa7c2272bf375a2bb:0x4ef7b518f555a2ab!8m2!3d44.7860318!4d-0.6809904!16s%2Fg%2F11w58rj2vz!19sChIJu6J18ysnwqcRq6JV9Ri1904?authuser=0&hl=fr&rclk=1,Plomberie Rénovation Girondine,5,-1,Chauffagiste,·,06 71 90 75 00,https://www.plomberie-renovation-girondine.com/?utm_medium=referral&utm_source=gmb&utm_campaign=lnk-gmb
https://www.google.com/maps/place/Aquitaine+Transition+Energ%C3%A9tique/data=!4m7!3m6!1s0xd54d94d02eaaaab:0xac595238062e8dc7!8m2!3d44.7755443!4d-0.6655197!16s%2Fg%2F11j7f9jm79!19sChIJq6rqAk3ZVA0Rx40uBjhSWaw?authuser=0&hl=fr&rclk=1,Aquitaine Transition Energétique,"4,6",-163,Chauffagiste,·,05 56 36 39 85,http://www.ate33.fr/
https://www.google.com/maps/place/Maison+Travaux+%26+R%C3%A9novation/data=!4m7!3m6!1s0x47e677d86cd1436f:0x909de8c37ff5bb5a!8m2!3d44.833874!4d-0.583996!16s%2Fg%2F1hc2mpbvw!19sChIJb0PRbNh35kcRWrv1f8PonZA?authuser=0&hl=fr&rclk=1,Maison Travaux & Rénovation,"4,7",-82,Travaux généraux,64 Rue Servandoni,06 48 99 40 03,https://www.google.com/aclk?sa=L&ai=DChsSEwjc3_6Pwr2UAxUip2gJHf49NZUYACICCAEQAhoCd2Y&co=1&ase=2&gclid=CjwKCAjwq6DQBhBVEiwA4ZD5XLdG4-M-uv2MdblO_kmA_ImJyZVeY46Ns2a4St8sJCbdQ_6aConW2BoCtwoQAvD_BwE&cce=2&category=acrcp_v1_32&sig=AOD64_0bqvExVwgyshQOVmjqJcOAF77Z9Q&adurl&q&ctype=99&nis=6
https://www.google.com/maps/place/BRUNET/data=!4m7!3m6!1s0x405449243d4d19e3:0xa6c8039970ef17ee!8m2!3d44.841588!4d-0.677498!16s%2Fg%2F11b723hxt_!19sChIJ4xlNPSRJVEAR7hfvcJkDyKY?authuser=0&hl=fr&rclk=1,BRUNET,"4,2",-6,Magasin de matériel de surveillance,19 Rue Nicolas Leblanc,05 57 92 54 00,https://www.google.com/aclk?sa=L&ai=DChsSEwjc3_6Pwr2UAxUip2gJHf49NZUYACICCAEQCBoCd2Y&co=1&ase=2&gclid=CjwKCAjwq6DQBhBVEiwA4ZD5XNLDCG88lQExX7I2XAZukI6nUB5YqWaWtILTU5RHMU7qSlIj1n7zjRoCUHYQAvD_BwE&cce=2&category=acrcp_v1_32&sig=AOD64_20j7BzZMaeNq3cjRbZQT87nPPf9A&adurl&q&ctype=99&nis=6
https://www.google.com/maps/place/Dyneff+Agence+Bordeaux/data=!4m7!3m6!1s0xd54d937cba4fcbb:0xf456945301f278b2!8m2!3d44.7810476!4d-0.6561473!16s%2Fg%2F1t_tlm4r!19sChIJu_ykyzfZVA0RsnjyAVOUVvQ?authuser=0&hl=fr&rclk=1,Dyneff Agence Bordeaux,"4,9",-60,Service de distribution,"Immeuble le Fiducia, 27 Av. Léonard de Vinci",05 56 31 70 18,http://www.dyneff.fr/
https://www.google.com/maps/place/APB-Climatisation-Chauffage-Pompe+%C3%A0+Chaleur-Alarme-TOSHIBA-PROXEO-DAITEM-M%C3%A9rignac-Bordeaux-Gironde-Pessac-Eysines-B%C3%A8gles/data=!4m7!3m6!1s0xd54d8176d12ca7d:0x55ded5098076abcc!8m2!3d44.8383926!4d-0.6173594!16s%2Fg%2F11b6d4_jzd!19sChIJfcoSbRfYVA0RzKt2gAnV3lU?authuser=0&hl=fr&rclk=1,APB-Climatisation-Chauffage-Pompe à Chaleur-Alarme-TOSHIBA-PROXEO-DAITEM-Mérignac-Bordeaux-Gironde-Pessac-Eysines-Bègles,"4,9",-156,Entrepreneur spécialisé dans les systèmes de CVC,346 Av. d'Arès,05 56 42 17 64,https://www.apb-energies-renouvelables-33.fr/
https://www.google.com/maps/place/LE+JEUNE+Entreprise/data=!4m7!3m6!1s0xd5527bf2605f8cd:0x79707ed522d5d20e!8m2!3d44.7989338!4d-0.5774017!16s%2Fg%2F11fkypqy3l!19sChIJzfgFJr8nVQ0RDtLVItV-cHk?authuser=0&hl=fr&rclk=1,LE JEUNE Entreprise,"4,5",-266,Plombier,177 bis Chem. de Leysotte,05 56 80 08 00,https://www.lejeuneentreprise.fr/
https://www.google.com/maps/place/Saita+Entreprise+SAS/data=!4m7!3m6!1s0xd55189fa0df01dd:0xaca02cafbfeb685f!8m2!3d44.7740246!4d-0.6553324!16s%2Fg%2F1thz2_6p!19sChIJ3QHfoJ8YVQ0RX2jrv68soKw?authuser=0&hl=fr&rclk=1,Saita Entreprise SAS,5,-3,Fournisseur de systèmes de climatisation,31 Rue Thomas Edison,05 56 20 20 34,https://www.saita-entreprise.com/
https://www.google.com/maps/place/TECHNOFARAH+entretien+chaudi%C3%A8re+d%C3%A9sembouage/data=!4m7!3m6!1s0xd54d5f2caa35bf1:0xf4d9a75c9562152e!8m2!3d44.88922!4d-0.7140593!16s%2Fg%2F11yn5fss7g!19sChIJ8VujyvLVVA0RLhVilVyn2fQ?authuser=0&hl=fr&rclk=1,TECHNOFARAH entretien chaudière désembouage,"4,9",-42,Chauffagiste,·,06 73 71 40 78,https://www.facebook.com/share/1EdGiJgxr4/
https://www.google.com/maps/place/PACSOL+ENERGIES/data=!4m7!3m6!1s0xd54c543e7617ec7:0xb7e115d2bce05183!8m2!3d44.8332549!4d-0.7702396!16s%2Fg%2F11h31zb5fl!19sChIJx35h50PFVA0Rg1HgvNIV4bc?authuser=0&hl=fr&rclk=1,PACSOL ENERGIES,"3,7",-21,Plombier,11 Rue du 503 Rt,05 56 32 86 93,https://www.pacsol-energies.fr/contact-plombier-chauffagiste-merignac.html
https://www.google.com/maps/place/Aidotravo+Pessac/data=!4m7!3m6!1s0xd54d900f278738d:0x500948e8f8c58498!8m2!3d44.801787!4d-0.662608!16s%2Fg%2F11q48dv04x!19sChIJjXN48gDZVA0RmITF-OhICVA?authuser=0&hl=fr&rclk=1,Aidotravo Pessac,5,-51,Chauffagiste,5 All. Léon Tolstoï,06 26 46 67 57,http://aidotravo.fr/?utm_source=gmb
https://www.google.com/maps/place/SARL+Activ%27Plomberie%2FEnergie/data=!4m7!3m6!1s0xd5527a355e6065b:0x704e15328d7d158d!8m2!3d44.8452313!4d-0.6895295!16s%2Fg%2F11zbqqh7d!19sChIJWwbmVaMnVQ0RjRV9jTIVTnA?authuser=0&hl=fr&rclk=1,SARL Activ'Plomberie/Energie,"4,2",-29,Chauffagiste,·,05 56 56 86 86,http://www.activ-energie.fr/
https://www.google.com/maps/place/Mon+courtier+%C3%A9nergie+Bordeaux+Pessac/data=!4m7!3m6!1s0xd54db6c9e5cfa5d:0x64cb4b031a9573fe!8m2!3d44.788951!4d-0.6788425!16s%2Fg%2F11rz443js3!19sChIJXfpcnmzbVA0R_nOVGgNLy2Q?authuser=0&hl=fr&rclk=1,Mon courtier énergie Bordeaux Pessac,5,-85,Consultant,46 Av. Gabriele d'Annunzio,05 82 88 10 83,https://www.moncourtierenergie.com/
https://www.google.com/maps/place/ENTHALPIE/data=!4m7!3m6!1s0xd552732014055ff:0x6f3978931901e395!8m2!3d44.7750857!4d-0.6338265!16s%2Fg%2F11g0khpvkv!19sChIJ_1VAATInVQ0RleMBGZN4OW8?authuser=0&hl=fr&rclk=1,ENTHALPIE,"4,9",-17,Plombier,·,09 81 32 39 35,http://www.enthalpie.net/
https://www.google.com/maps/place/HELP+Confort+Gradignan/data=!4m7!3m6!1s0xd54df7746fac217:0x10046f9cb15335f6!8m2!3d44.7857028!4d-0.6052196!16s%2Fg%2F1q6crj1vg!19sChIJF8L6RnffVA0R9jVTsZxvBBA?authuser=0&hl=fr&rclk=1,HELP Confort Gradignan,"4,7",-104,Plombier,26 bis Cr du Général de Gaulle,05 56 21 95 56,https://www.installationsenior.fr/
https://www.google.com/maps/place/JEM+PLOMBERIE+CLIMATISATION/data=!4m7!3m6!1s0x4ea7e0089223eaa5:0x1236639c7626e228!8m2!3d44.7305853!4d-0.6530702!16s%2Fg%2F11y2h5xdr1!19sChIJpeojkgjgp04RKOImdpxjNhI?authuser=0&hl=fr&rclk=1,JEM PLOMBERIE CLIMATISATION,5,-17,Plombier,96 Chem. de l'Aoudougue,07 63 67 24 31,
https://www.google.com/maps/place/SOS+Intervention+Lyon/data=!4m7!3m6!1s0x47f4c15ce732a255:0x9aefd9d5cd492b64!8m2!3d45.76308!4d4.880747!16s%2Fg%2F11vynw3lb9!19sChIJVaIy51zB9EcRZCtJzdXZ75o?authuser=0&hl=fr&rclk=1,SOS Intervention Lyon,"4,9",-46,Plombier,79 Rue Paul Verlaine,07 67 76 28 18,https://www.google.com/aclk?sa=L&ai=DChsSEwjOqeqcwr2UAxW4hWgJHVHQFtYYACICCAEQBhoCd2Y&co=1&ase=2&gclid=CjwKCAjwq6DQBhBVEiwA4ZD5XJRqMtZr6l5r2D2ECZ_oRcQToUsWcDKa37lsK3IlX5y-yqvoFx5GCBoCBzQQAvD_BwE&cce=2&category=acrcp_v1_32&sig=AOD64_2V7goNGlMvriF3xhnPXSwxQLoAfw&adurl&q&ctype=99&nis=6
https://www.google.com/maps/place/Daikin+Airconditioning+France+-+Agence+de+Lyon/data=!4m7!3m6!1s0x47f4c1698f82976b:0xb80b88ec311b2b59!8m2!3d45.726977!4d4.979669!16s%2Fg%2F1tw1d58g!19sChIJa5eCj2nB9EcRWSsbMeyIC7g?authuser=0&hl=fr&rclk=1,Daikin Airconditioning France - Agence de Lyon,3,-86,Fournisseur de systèmes de climatisation,2-4 Rue Joseph Nicéphore Niepce,04 72 15 24 80,https://www.google.com/aclk?sa=L&ai=DChsSEwjOqeqcwr2UAxW4hWgJHVHQFtYYACICCAEQCRoCd2Y&co=1&ase=2&gclid=CjwKCAjwq6DQBhBVEiwA4ZD5XDMk1jYnK4Qe8mtB52cr0rutn2uuvpu1hTaG5NWSNQu2up5EPRqOXRoCAokQAvD_BwE&cce=2&category=acrcp_v1_32&sig=AOD64_3XXNb6GnJnVK8MG9HYc9FOFTKVYA&adurl&q&ctype=99&nis=6
https://www.google.com/maps/place/Therm+Service/data=!4m7!3m6!1s0x47f4c20d02c95103:0x996a4dea42d63fdc!8m2!3d45.7081387!4d4.8650848!16s%2Fg%2F1td5fg9z!19sChIJA1HJAg3C9EcR3D_WQupNapk?authuser=0&hl=fr&rclk=1,Therm Service,"3,8",-48,Chauffagiste,13 Av. de la République bat j,04 72 89 11 66,http://www.therm-service.com/
https://www.google.com/maps/place/DMP+Plomberie/data=!4m7!3m6!1s0x47f4c19ed857fec3:0x3217aa7bcdd05b7a!8m2!3d45.7058605!4d4.8720151!16s%2Fg%2F11fkss19xq!19sChIJw_5X2J7B9EcRelvQzXuqFzI?authuser=0&hl=fr&rclk=1,DMP Plomberie,"4,8",-120,Plombier,4 Rue Roger Planchon,09 83 09 50 09,https://www.dmp-plomberie.com/
https://www.google.com/maps/place/ADIC+69/data=!4m7!3m6!1s0x47f4ec7c4ada4737:0x66a5c6758950ab42!8m2!3d45.688773!4d4.903752!16s%2Fg%2F11h53yr8cc!19sChIJN0faSnzs9EcRQqtQiXXGpWY?authuser=0&hl=fr&rclk=1,ADIC 69,"4,4",-18,Chauffagiste,17 Rue Eugène Hénaff,04 72 33 04 87,https://www.adic-sav.fr/
https://www.google.com/maps/place/Maison+Butaud+-+V%C3%A9nissieux/data=!4m7!3m6!1s0x47f4c2028f2ed42d:0x6ab85f1042013c51!8m2!3d45.710382!4d4.8661655!16s%2Fg%2F1w96g296!19sChIJLdQujwLC9EcRUTwBQhBfuGo?authuser=0&hl=fr&rclk=1,Maison Butaud - Vénissieux,"4,7",-68,Plombier,·,04 78 74 31 36,https://www.jean-butaud.fr/?utm_source=gmb
https://www.google.com/maps/place/Venissieux+Energies/data=!4m7!3m6!1s0x47f4c26eda84d417:0xf12d7e4ed46a38bf!8m2!3d45.6985292!4d4.8766475!16s%2Fg%2F11f62h1d6z!19sChIJF9SE2m7C9EcRvzhq1E5-LfE?authuser=0&hl=fr&rclk=1,Venissieux Energies,"3,1",-10,Chauffagiste,16 Rue Albert Einstein,,http://www.venissieux-energies.fr/
https://www.google.com/maps/place/Garcia+Plomberie+Services/data=!4m7!3m6!1s0x47f4c3acf47569af:0x22bf0773affd1b!8m2!3d45.7156543!4d4.8936052!16s%2Fg%2F11m6jyhnfw!19sChIJr2l19KzD9EcRG_2vcwe_IgA?authuser=0&hl=fr&rclk=1,Garcia Plomberie Services,5,-120,Chauffagiste,388 Av. Charles de Gaulle,06 24 10 36 55,https://www.renovation-rge.com/
https://www.google.com/maps/place/Cano/data=!4m7!3m6!1s0x47f4c1e0838e5c93:0x4f3d87d822bd1ad7!8m2!3d45.7099696!4d4.8671586!16s%2Fg%2F1th7xpwp!19sChIJk1yOg-DB9EcR1xq9ItiHPU8?authuser=0&hl=fr&rclk=1,Cano,5,-3,Plombier,2 All. des Érables,04 78 75 55 57,http://ets-cano.fr/
https://www.google.com/maps/place/DMP+ENERGIE/data=!4m7!3m6!1s0x47f4c35602047d7d:0x7f7c3152a2f04f5f!8m2!3d45.7059758!4d4.8717509!16s%2Fg%2F11ss6v1jdp!19sChIJfX0EAlbD9EcRX0_wolIxfH8?authuser=0&hl=fr&rclk=1,DMP ENERGIE,5,-34,Chauffagiste,4 Rue Roger Planchon,06 23 25 49 73,https://www.dmp-energie.com/
https://www.google.com/maps/place/ATOUT+PRESTAT+ATP/data=!4m7!3m6!1s0x47f4c30cf51e5d9f:0x7b39cd161e3163ad!8m2!3d45.70108!4d4.87762!16s%2Fg%2F11lw8b0t93!19sChIJn10e9QzD9EcRrWMxHhbNOXs?authuser=0&hl=fr&rclk=1,ATOUT PRESTAT ATP,5,-32,Plombier,22 Rue Robespierre,06 38 84 77 73,http://www.atoutprestat.fr/
https://www.google.com/maps/place/GEOCAPT/data=!4m7!3m6!1s0x47f4e9e3499d7027:0x9cfddd203b96a40d!8m2!3d45.688773!4d4.903752!16s%2Fg%2F11cjhzkgp2!19sChIJJ3CdSePp9EcRDaSWOyDd_Zw?authuser=0&hl=fr&rclk=1,GEOCAPT,"4,7",-18,Chauffagiste,17 Rue Eugène Hénaff,04 78 02 84 85,http://www.geocapt.fr/
https://www.google.com/maps/place/STREICHENBERGER/data=!4m7!3m6!1s0x47f4c331648dd74b:0x3f9489cb1bd8b4b!8m2!3d45.6871035!4d4.9009121!16s%2Fg%2F11j1z75xzx!19sChIJS9eNZDHD9EcRS4u9sZxI-QM?authuser=0&hl=fr&rclk=1,STREICHENBERGER,"4,8",-220,Chauffagiste,22 Rue Eugène Hénaff,0 800 89 68 96,https://eslc.fr/streichenberger/
https://www.google.com/maps/place/FCS+-+France+Chauffage+Solaire/data=!4m7!3m6!1s0x47f4df9901c62d5f:0x7ab5f41944f5b12f!8m2!3d45.717383!4d4.8810729!16s%2Fg%2F1pp2w_spp!19sChIJXy3GAZnf9EcRL7H1RBn0tXo?authuser=0&hl=fr&rclk=1,FCS - France Chauffage Solaire,"3,8",-145,Fournisseur d'équipements d'énergie solaire,·,04 80 80 64 46,https://france-chauffage-solaire.fr/
https://www.google.com/maps/place/Jean+Rivi%C3%A8re/data=!4m7!3m6!1s0x47f4c20b841c127f:0x4c13063bcec8df56!8m2!3d45.7714912!4d4.8956431!16s%2Fg%2F1tdr2ndj!19sChIJfxIchAvC9EcRVt_IzjsGE0w?authuser=0&hl=fr&rclk=1,Jean Rivière,"4,7",-225,Chauffagiste,37 Rue Lançon,04 72 68 82 83,http://www.jean-riviere.fr/
https://www.google.com/maps/place/Giroud/data=!4m7!3m6!1s0x47f4c20b8e011ea9:0x248016b5864becfa!8m2!3d45.7089352!4d4.8679347!16s%2Fg%2F11cjwf6csz!19sChIJqR4BjgvC9EcR-uxLhrUWgCQ?authuser=0&hl=fr&rclk=1,Giroud,"4,9",-47,Magasin de matériel de plomberie,·,04 78 70 43 13,http://www.ets-giroud.fr/
https://www.google.com/maps/place/GETSON+ELEC/data=!4m7!3m6!1s0x47f4c31bf098c435:0x280bcdf82ad74581!8m2!3d45.7153959!4d4.8934812!16s%2Fg%2F11px7z2q9_!19sChIJNcSY8BvD9EcRgUXXKvjNCyg?authuser=0&hl=fr&rclk=1,GETSON ELEC,"3,5",-6,Fournisseur d'équipements de chauffage,388 Av. Charles de Gaulle,06 95 05 80 61,
https://www.google.com/maps/place/Airclimeo+-+Installation+Climatisation+Lyon+Rh%C3%B4ne+Alpes/data=!4m7!3m6!1s0x47f4c2534340c4c5:0x4d2cd9940b52a2a5!8m2!3d45.6909179!4d4.9015885!16s%2Fg%2F11btz11s2r!19sChIJxcRAQ1PC9EcRpaJSC5TZLE0?authuser=0&hl=fr&rclk=1,Airclimeo - Installation Climatisation Lyon Rhône Alpes,"4,9",-84,Chauffagiste,5 Rue Fernand Pelloutier,04 74 36 81 45,http://www.airclimeo.com/?utm_medium=referral&utm_source=gmb&utm_campaign=lnk-gmb
https://www.google.com/maps/place/%F0%9D%99%82%F0%9D%99%84%F0%9D%99%89%F0%9D%99%80%F0%9D%99%8D+%F0%9D%98%BE%F0%9D%99%87%F0%9D%99%84%F0%9D%99%88%F0%9D%98%BC%F0%9D%99%8F%F0%9D%99%84%F0%9D%99%8C%F0%9D%99%90%F0%9D%99%80/data=!4m7!3m6!1s0x47f4c35ade6ddafb:0x9a329577dd25a259!8m2!3d45.6978389!4d4.8941565!16s%2Fg%2F11j7gy9jkn!19sChIJ-9pt3lrD9EcRWaIl3XeVMpo?authuser=0&hl=fr&rclk=1,𝙂𝙄𝙉𝙀𝙍 𝘾𝙇𝙄𝙈𝘼𝙏𝙄𝙌𝙐𝙀,5,-239,Fournisseur de systèmes de climatisation,·,04 28 29 68 41,https://ginerclimatique.fr/
https://www.google.com/maps/place/Arsenal+Fluides/data=!4m7!3m6!1s0x47f4c3cab0a3116d:0x9f053673c6a1337e!8m2!3d45.6884411!4d4.8893033!16s%2Fg%2F11gjnn2w00!19sChIJbRGjsMrD9EcRfjOhxnM2BZ8?authuser=0&hl=fr&rclk=1,Arsenal Fluides,2,-4,Plombier,44 Rte de Corbas Bâtiment A,04 78 67 10 27,http://www.arsenal-fluides.fr/
https://www.google.com/maps/place/Sovelor/data=!4m7!3m6!1s0x47f4eb7b464e2761:0x6174e9b7c71f4d4a!8m2!3d45.6906852!4d4.9054226!16s%2Fg%2F113f0y4vr!19sChIJYSdORnvr9EcRSk0fx7fpdGE?authuser=0&hl=fr&rclk=1,Sovelor,"4,4",-19,Fournisseur d'équipements industriels,·,04 78 47 11 11,http://www.sovelor.com/
https://www.google.com/maps/place/ESLC+SERVICES/data=!4m7!3m6!1s0x47f4c257cb68945d:0x1db41f2d8d128d3b!8m2!3d45.6871035!4d4.9009121!16s%2Fg%2F1thxkdtf!19sChIJXZRoy1fC9EcRO40SjS0ftB0?authuser=0&hl=fr&rclk=1,ESLC SERVICES,"4,4",-15,Société pétrolière et de gaz naturel,22 Rue Eugène Hénaff,0 800 89 68 96,https://eslc.fr/
https://www.google.com/maps/place/ALLO+EXPRESS+DEPANNAGE/data=!4m7!3m6!1s0x47f4c35d29c6c5d5:0x758398eeec897821!8m2!3d45.6972718!4d4.8727176!16s%2Fg%2F11vzchk4_9!19sChIJ1cXGKV3D9EcRIXiJ7O6Yg3U?authuser=0&hl=fr&rclk=1,ALLO EXPRESS DEPANNAGE,5,-25,Plombier,15 Rue Georges Lyvet,06 50 49 51 75,https://xn--dpannage-plomberie-serrurerie-buc.fr/
https://www.google.com/maps/place/Symbiose+%C3%A9nergie/data=!4m7!3m6!1s0x47f4ebc3efd6203b:0x75c3153a682da9f7!8m2!3d45.710495!4d4.8650467!16s%2Fg%2F11h1977fpt!19sChIJOyDW78Pr9EcR96ktaDoVw3U?authuser=0&hl=fr&rclk=1,Symbiose énergie,"4,3",-123,Entrepreneur spécialisé dans les systèmes de CVC,·,09 72 13 49 72,http://www.symbiose-energie.fr/
https://www.google.com/maps/place/Aclimax/data=!4m7!3m6!1s0x47f4c264c5f963ab:0xca56f30a1aa3a1cd!8m2!3d45.6926971!4d4.8719984!16s%2Fg%2F11cn7x8m5g!19sChIJq2P5xWTC9EcRzaGjGgrzVso?authuser=0&hl=fr&rclk=1,Aclimax,"4,6",-109,Entrepreneur spécialisé dans les systèmes de CVC,2 Rue Gabriel Bourdarias,04 82 29 79 56,https://www.climatisationlyon.fr/
https://www.google.com/maps/place/Ceylan+Travaux+Services/data=!4m7!3m6!1s0x47f4c395a9bf86a7:0x359f66442511857a!8m2!3d45.710581!4d4.866175!16s%2Fg%2F11cjk67yjd!19sChIJp4a_qZXD9EcReoURJURmnzU?authuser=0&hl=fr&rclk=1,Ceylan Travaux Services,"4,4",-64,Travaux généraux,·,04 87 24 94 83,
https://www.google.com/maps/place/SERFIM+%28si%C3%A8ge+du+Groupe%29/data=!4m7!3m6!1s0x47f4e94a4e1fbaf3:0x70f8344972593553!8m2!3d45.7153046!4d4.861441!16s%2Fg%2F11h4ycyznm!19sChIJ87ofTkrp9EcRUzVZckk0-HA?authuser=0&hl=fr&rclk=1,SERFIM (siège du Groupe),"4,6",-9,Société de travaux publics,·,04 72 89 77 57,http://www.serfim.com/
https://www.google.com/maps/place/Dap+Distribution/data=!4m7!3m6!1s0x47f4c2529e399bed:0x61c2a4431770eaae!8m2!3d45.6946231!4d4.9014237!16s%2Fg%2F1hc36rq9n!19sChIJ7Zs5nlLC9EcRrupwF0OkwmE?authuser=0&hl=fr&rclk=1,Dap Distribution,"4,4",-16,Société d'import-export,12 Bis Rue Yves Toudic,04 34 09 13 70,http://dapdistribution.fr/
https://www.google.com/maps/place/ADES+SAV/data=!4m7!3m6!1s0x47f4c21641ec4e25:0x41c8b001007a4246!8m2!3d45.7110176!4d4.8830625!16s%2Fg%2F11btmqgrwt!19sChIJJU7sQRbC9EcRRkJ6AAGwyEE?authuser=0&hl=fr&rclk=1,ADES SAV,"2,2",-398,Service de réparation d'appareils électroménagers,103 Bd Irène Joliot Curie,04 11 88 00 14,http://ades-sav.fr/
https://www.google.com/maps/place/HB+R%C3%A9frig%C3%A9ration/data=!4m7!3m6!1s0x47f4c21342dcae1b:0xab28e83809a3ff5d!8m2!3d45.7068722!4d4.880427!16s%2Fg%2F1tyktqxk!19sChIJG67cQhPC9EcRXf-jCTjoKKs?authuser=0&hl=fr&rclk=1,HB Réfrigération,5,-7,Service de réparation de systèmes de climatisation,1 Bis Rue Eugène Maréchal,04 72 51 20 83,http://www.hbrefrigeration.sitew.fr/
https://www.google.com/maps/place/Entreprise+A.+Bonnaud/data=!4m7!3m6!1s0x47f4c20b70cdbb3b:0xdc86bfe029aa6f93!8m2!3d45.7079481!4d4.867045!16s%2Fg%2F1tk1yd1p!19sChIJO7vNcAvC9EcRk2-qKeC_htw?authuser=0&hl=fr&rclk=1,Entreprise A. Bonnaud,,,Ramoneur,10 All. des Érables,09 70 35 55 34,https://www.bonnaud-hygivair.com/?utm_medium=referral&utm_source=gmb&utm_campaign=lnk-gmb
https://www.google.com/maps/place/Solylec/data=!4m7!3m6!1s0x47f4c20f88e68d87:0xce5c26a50969c5c1!8m2!3d45.7080781!4d4.8671489!16s%2Fg%2F1th62qqx!19sChIJh43miA_C9EcRwcVpCaUmXM4?authuser=0&hl=fr&rclk=1,Solylec,"2,5",-18,Électricien,10 All. des Érables,04 78 01 97 28,http://solylec.net/
https://www.google.com/maps/place/Etablissements+Luppi/data=!4m7!3m6!1s0x47f4c20be3a25c03:0x578bda9f34ce2105!8m2!3d45.7093767!4d4.8672868!16s%2Fg%2F1hc6p1cff!19sChIJA1yi4wvC9EcRBSHONJ_ai1c?authuser=0&hl=fr&rclk=1,Etablissements Luppi,"2,9",-21,Atelier de métallerie,·,04 78 67 04 80,http://www.metallerie-luppi.fr/
https://www.google.com/maps/place/Millot+Entreprise/data=!4m7!3m6!1s0x47f4c24d4d9b2b43:0xde3be16b2d86dfa1!8m2!3d45.6950498!4d4.9033588!16s%2Fg%2F11b6d95fv4!19sChIJQyubTU3C9EcRod-GLWvhO94?authuser=0&hl=fr&rclk=1,Millot Entreprise,"3,5",-11,Société de travaux publics,·,04 78 83 69 60,https://millottp.com/
https://www.google.com/maps/place/Altimaitre/data=!4m7!3m6!1s0x47f4ea462409644d:0x63db48ea26f9cdc!8m2!3d45.7068133!4d4.880473!16s%2Fg%2F11cmfgc7h0!19sChIJTWQJJEbq9EcR3Jxvoo60PQY?authuser=0&hl=fr&rclk=1,Altimaitre,"4,4",-36,Travaux en hauteur,1b Rue Eugène Maréchal,04 37 06 23 99,https://altimaitre.net/
https://www.google.com/maps/place/PRL+France/data=!4m7!3m6!1s0x47f4fdd209dd2831:0x94b859d26e61edc7!8m2!3d45.7084655!4d4.8674746!16s%2Fg%2F1vjdpdqy!19sChIJMSjdCdL99EcRx-1hbtJZuJQ?authuser=0&hl=fr&rclk=1,PRL France,4,-1,Plombier,·,04 37 60 79 02,
https://www.google.com/maps/place/F+T+P+C/data=!4m7!3m6!1s0x47f4c20b0651712d:0xb6a17fcaaa3a029b!8m2!3d45.7087658!4d4.8658191!16s%2Fg%2F1tqtx6wm!19sChIJLXFRBgvC9EcRmwI6qsp_obY?authuser=0&hl=fr&rclk=1,F T P C,4,-4,Entreprise de construction,15 Av. de la République,04 37 60 01 19,
https://www.google.com/maps/place/SARAYBAT+-+Ravalement+et+isolation+fa%C3%A7ade+Lyon/data=!4m7!3m6!1s0x47f4c3d85f2c75c3:0xa5a4cfcd39466076!8m2!3d45.7078888!4d4.8652159!16s%2Fg%2F11sv7rpcty!19sChIJw3UsX9jD9EcRdmBGOc3PpKU?authuser=0&hl=fr&rclk=1,SARAYBAT - Ravalement et isolation façade Lyon,5,-54,Entrepreneur spécialisé dans l'isolation,11 Av. de la République,09 77 36 61 25,https://saraybat.com/
https://www.google.com/maps/place/RDS+-+Venissieux/data=!4m7!3m6!1s0x47f4c3aac4fbf6f7:0x5a933d2bbe5a1610!8m2!3d45.6866035!4d4.9027306!16s%2Fg%2F11ghs2mnk6!19sChIJ9_b7xKrD9EcREBZavis9k1o?authuser=0&hl=fr&rclk=1,RDS - Venissieux,"4,1",-37,Service de gestion des déchets,16 Rue Fernand Pelloutier,04 72 50 08 08,http://www.groupe-rds.fr/?utm_source=gmb
https://www.google.com/maps/place/Fonderie+V%C3%A9nissieux/data=!4m7!3m6!1s0x47f4c2314e07e8e1:0xea7717306f6f4432!8m2!3d45.7083396!4d4.897479!16s%2Fg%2F1pp2ty5ph!19sChIJ4egHTjHC9EcRMkRvbzAXd-o?authuser=0&hl=fr&rclk=1,Fonderie Vénissieux,4,-83,Entreprise,·,04 26 20 66 65,https://aaesff.fr/annuaire-entreprises
https://www.google.com/maps/place/QUALIDETEC+RHONE+ALPES/data=!4m7!3m6!1s0x47f48d527a9b28cb:0xef4b6a930ccb273e!8m2!3d45.7063315!4d4.8721584!16s%2Fg%2F11hzn3p0gv!19sChIJyyibelKN9EcRPifLDJNqS-8?authuser=0&hl=fr&rclk=1,QUALIDETEC RHONE ALPES,"4,8",-33,Plombier,2 Rue Roger Planchon,04 72 33 33 44,https://qualidetec.fr/
https://www.google.com/maps/place/Chimiotechnic+Venissieux/data=!4m7!3m6!1s0x47f4c215be77f8f7:0xa5a6a47fcb3667ce!8m2!3d45.708661!4d4.882818!16s%2Fg%2F1tmxvyhs!19sChIJ9_h3vhXC9EcRzmc2y3-kpqU?authuser=0&hl=fr&rclk=1,Chimiotechnic Venissieux,3,-14,Usine chimique,·,04 78 60 47 47,
https://www.google.com/maps/place/D%C3%A9tect+R%C3%A9seaux+France/data=!4m7!3m6!1s0x47f4c20d6eeed9c1:0xe484605908e65265!8m2!3d45.7064796!4d4.8716933!16s%2Fg%2F11btlrf_ts!19sChIJwdnubg3C9EcRZVLmCFlghOQ?authuser=0&hl=fr&rclk=1,Détect Réseaux France,"3,2",-5,Société de travaux publics,02 Rue Roger Planchon,04 81 91 93 70,https://detect-reseaux.fr/
https://www.google.com/maps/place/Tradif.+69/data=!4m7!3m6!1s0x47f4c3a9324c9cfd:0x7dca79b2666c6082!8m2!3d45.6896885!4d4.9089468!16s%2Fg%2F1tdw7d7w!19sChIJ_ZxMMqnD9EcRgmBsZrJ5yn0?authuser=0&hl=fr&rclk=1,Tradif. 69,"4,2",-158,Société de transport routier,94 Chem. du Charbonnier,04 72 77 82 82,https://tradif.com/
https://www.google.com/maps/place/Soci%C3%A9t%C3%A9+Nouvelle+Perelec/data=!4m7!3m6!1s0x47f4c25623481b6b:0xa589039198540de7!8m2!3d45.6859185!4d4.8953696!16s%2Fg%2F11btlzjp3z!19sChIJaxtII1bC9EcR5w1UmJEDiaU?authuser=0&hl=fr&rclk=1,Société Nouvelle Perelec,4,-1,Électricien,6 Rue Eugène Hénaff,04 78 67 22 54,
https://www.google.com/maps/place/Munoz/data=!4m7!3m6!1s0x47f4c20f8ff42f89:0x76c92abf0e5d1d84!8m2!3d45.7142417!4d4.872677!16s%2Fg%2F1td4z5t1!19sChIJiS_0jw_C9EcRhB1dDr8qyXY?authuser=0&hl=fr&rclk=1,Munoz,"4,5",-60,Magasin de pièces automobiles,·,04 78 00 35 71,https://munoz-pieces.fr/
https://www.google.com/maps/place/FOSELEV+AGINTIS+-+V%C3%A9nissieux/data=!4m7!3m6!1s0x47f4c20fc20dc515:0x64b3d8ca125aa16c!8m2!3d45.713298!4d4.874197!16s%2Fg%2F1txfnhhm!19sChIJFcUNwg_C9EcRbKFaEsrYs2Q?authuser=0&hl=fr&rclk=1,FOSELEV AGINTIS - Vénissieux,"4,6",-24,Fournisseur d'équipements industriels,211 Av. Francis de Pressensé,04 72 78 21 70,https://www.foselev.com/agence/contracting-foselev-agintis-venissieux/
https://www.google.com/maps/place/PROLIANS+RH%C3%94NE-ALPES+AUVERGNE+Lyon+V%C3%A9nissieux/data=!4m7!3m6!1s0x47f4c20fd5137dc5:0x8790d9b04db1040!8m2!3d45.7136628!4d4.8712558!16s%2Fg%2F1v_smlcs!19sChIJxX0T1Q_C9EcRQBDbBJsNeQg?authuser=0&hl=fr&rclk=1,PROLIANS RHÔNE-ALPES AUVERGNE Lyon Vénissieux,4,-169,Fournisseur d'équipements de chauffage,·,04 78 77 12 12,https://www.prolians.fr/?utm_source=GMB&utm_medium=organic
https://www.google.com/maps/place/Transports+OTMANI/data=!4m7!3m6!1s0x47f4c21dd302d81f:0xf6e919e4f96a0620!8m2!3d45.6941962!4d4.9037582!16s%2Fg%2F1yh8073j8!19sChIJH9gC0x3C9EcRIAZq-eQZ6fY?authuser=0&hl=fr&rclk=1,Transports OTMANI,4,-22,Société de transport routier,·,04 81 76 18 64,
https://www.google.com/maps/place/T.A+CONSTRUCTION/data=!4m7!3m6!1s0x47f4c3d1dfcdf7b5:0xc4789e5f7678f12d!8m2!3d45.6993544!4d4.8814703!16s%2Fg%2F11g4hwx6_4!19sChIJtffN39HD9EcRLfF4dl-eeMQ?authuser=0&hl=fr&rclk=1,T.A CONSTRUCTION,5,-8,Entreprise de construction,21 Rue Gaspard Picard,04 72 90 11 48,
https://www.google.com/maps/place/CVM+-+Compagnie+de+Vannes+et+Moteurs/data=!4m7!3m6!1s0x47f4c20b9cdb1627:0x8a2077d947609b19!8m2!3d45.7080102!4d4.8680279!16s%2Fg%2F1wh4f641!19sChIJJxbbnAvC9EcRGZtgR9l3IIo?authuser=0&hl=fr&rclk=1,CVM - Compagnie de Vannes et Moteurs,5,-1,Fournisseur d'équipements industriels,"PARC CARNOT REPUBLIQUE, 7 All. des Érables",04 37 25 02 32,
https://www.google.com/maps/place/E.G.M+-+Entreprise+G%C3%A9n%C3%A9rale+de+Maintenance/data=!4m7!3m6!1s0x47f4e81b1009672d:0x3c2dab69129a7807!8m2!3d45.6882996!4d4.8622201!16s%2Fg%2F1tf_gryt!19sChIJLWcJEBvo9EcRB3iaEmmrLTw?authuser=0&hl=fr&rclk=1,E.G.M - Entreprise Générale de Maintenance,5,-2,Fournisseur d'équipement de manutention,·,04 78 70 88 55,http://www.egm-feyzin.com/
https://www.google.com/maps/place/Flash+Travaux/data=!4m7!3m6!1s0x47f4e9f760990683:0x942cd58be06a4eab!8m2!3d45.6849863!4d4.8934301!16s%2Fg%2F1tcvys62!19sChIJgwaZYPfp9EcRq05q4IvVLJQ?authuser=0&hl=fr&rclk=1,Flash Travaux,"4,4",-49,Entrepreneur,73 Rte de Corbas,04 78 01 18 48,http://www.flashtravaux.com/
https://www.google.com/maps/place/Imza+Sarl/data=!4m7!3m6!1s0x47f4c20f885fd707:0xee4b1159d9c63398!8m2!3d45.715147!4d4.873133!16s%2Fg%2F1234mclxr!19sChIJB9dfiA_C9EcRmDPG2VkRS-4?authuser=0&hl=fr&rclk=1,Imza Sarl,"4,4",-13,Service d'installation électrique,195 Av. Francis de Pressensé,09 83 41 10 21,
https://www.google.com/maps/place/Eiffage+Route+-+Agence+Asphalteurs+R%C3%A9unis/data=!4m7!3m6!1s0x47f4c390545c6119:0x94f6efdcb658ad35!8m2!3d45.6862531!4d4.8939753!16s%2Fg%2F11h88gzm4g!19sChIJGWFcVJDD9EcRNa1Yttzv9pQ?authuser=0&hl=fr&rclk=1,Eiffage Route - Agence Asphalteurs Réunis,5,-4,Société de travaux publics,·,04 72 90 02 40,https://www.eiffageroute.com/
https://www.google.com/maps/place/Belfor+France/data=!4m7!3m6!1s0x47f4c212de56e539:0x43e0c36e67d6bc6b!8m2!3d45.710382!4d4.8661655!16s%2Fg%2F1t_kfw6x!19sChIJOeVW3hLC9EcRa7zWZ27D4EM?authuser=0&hl=fr&rclk=1,Belfor France,"3,5",-13,Service de restauration après incendie,14 Rue André Sentuc,04 72 39 01 67,https://www.belfor.com/fr/fr/
https://www.google.com/maps/place/%E2%80%8CLMVS/data=!4m7!3m6!1s0x47f4c2540bf54fd1:0xdd3dbcc687cd409d!8m2!3d45.6900791!4d4.8984999!16s%2Fg%2F11j2ypzz_r!19sChIJ0U_1C1TC9EcRnUDNh8a8Pd0?authuser=0&hl=fr&rclk=1,‌LMVS,"4,5",-28,Agence de location de matériel,·,04 28 87 01 31,https://www.lmvs.fr/
https://www.google.com/maps/place/RPA+-+Soci%C3%A9t%C3%A9+Rhodanienne+de+Produits+Asphaltiques/data=!4m7!3m6!1s0x47f4c328c272979d:0x45f95375c2888151!8m2!3d45.7134971!4d4.875946!16s%2Fg%2F11j22lns9f!19sChIJnZdywijD9EcRUYGIwnVT-UU?authuser=0&hl=fr&rclk=1,RPA - Société Rhodanienne de Produits Asphaltiques,"4,5",-8,Centrale de malaxage d'asphalte,44 Bd Marcel Sembat,,
https://www.google.com/maps/place/CHAUFFAGEO/data=!4m7!3m6!1s0x47f4ecab0a3d28c7:0xb25d85f328afcadc!8m2!3d45.7469104!4d4.8678826!16s%2Fg%2F11cl_kq69w!19sChIJxyg9Cqvs9EcR3MqvKPOFXbI?authuser=0&hl=fr&rclk=1,CHAUFFAGEO,5,-124,Plombier,73 Cr Albert Thomas,06 13 66 67 61,https://chauffageo.fr/
https://www.google.com/maps/place/Sarl+Egs/data=!4m7!3m6!1s0x47f4c3df18555dff:0x91eb2fa824824389!8m2!3d45.6951357!4d4.8808325!16s%2Fg%2F11j2wmyp3x!19sChIJ_11VGN_D9EcRiUOCJKgv65E?authuser=0&hl=fr&rclk=1,Sarl Egs,5,-3,Électricien,1 Rue Alfred Dreyfus,,
"https://www.google.com/maps/place/ADES+D%C3%A9pannage+Electrom%C3%A9nager+%C3%A0+Lyon,+Brandt,+Scholtes,Whirlpool,+Bosch,+Sauter/data=!4m7!3m6!1s0x47f4c3d05608279d:0x58ad87e393690cb1!8m2!3d45.7114563!4d4.8829009!16s%2Fg%2F11h31_mxwx!19sChIJnScIVtDD9EcRsQxpk-OHrVg?authuser=0&hl=fr&rclk=1","ADES Dépannage Electroménager à Lyon, Brandt, Scholtes,Whirlpool, Bosch, Sauter","1,8",-52,Service de réparation d'appareils électroménagers,101 Bd Irène Joliot Curie,04 78 61 20 61,http://www.ades-sav.com/
https://www.google.com/maps/place/%C3%80+CIEL+OUVERT/data=!4m7!3m6!1s0x47f4c264c9bf0cad:0x8c0ae5d504cc8f17!8m2!3d45.6926971!4d4.8719984!16s%2Fg%2F11_qn4yjz!19sChIJrQy_yWTC9EcRF4_MBNXlCow?authuser=0&hl=fr&rclk=1,À CIEL OUVERT,5,-167,Couvreur,·,04 72 50 95 52,https://www.acielouvert.com/
https://www.google.com/maps/place/SG/data=!4m7!3m6!1s0x47f4c26a4ecd86e9:0x9f424b396dbf05a3!8m2!3d45.7021098!4d4.881052!16s%2Fg%2F1tfjvmfd!19sChIJ6YbNTmrC9EcRowW_bTlLQp8?authuser=0&hl=fr&rclk=1,SG,"4,3",-128,Banque,·,04 72 50 06 68,https://agences.sg.fr/banque-assurance/particulier/agence-venissieux-id3000301187
https://www.google.com/maps/place/Di+Marco+Joseph/data=!4m7!3m6!1s0x47f4c227147482df:0x523b77788dd72e38!8m2!3d45.7224508!4d4.892852!16s%2Fg%2F11b6d5wkrb!19sChIJ34J0FCfC9EcROC7XjXh3O1I?authuser=0&hl=fr&rclk=1,Di Marco Joseph,"3,7",-3,Entrepreneur,37 Rue Anatole France,07 77 25 83 39,
https://www.google.com/maps/place/INFINITY+SERVICES+-+Entreprise+nettoyage+Lyon/data=!4m7!3m6!1s0x47f4c1dde3eecc85:0xcd0901a177c5b16d!8m2!3d45.714459!4d4.8730695!16s%2Fg%2F11f7rhd2q1!19sChIJhczu493B9EcRbbHFd6EBCc0?authuser=0&hl=fr&rclk=1,INFINITY SERVICES - Entreprise nettoyage Lyon,"4,7",-13,Service de nettoyage et d'entretien,201 Av. Francis de Pressensé,04 26 78 23 86,https://ishp.fr/
https://www.google.com/maps/place/BEP+Ma%C3%A7onnerie/data=!4m7!3m6!1s0x47f4c027faf299a9:0x80d00d0b63b999eb!8m2!3d45.7059522!4d4.8717565!16s%2Fg%2F11b6dr3l2z!19sChIJqZny-ifA9EcR65m5YwsN0IA?authuser=0&hl=fr&rclk=1,BEP Maçonnerie,"4,3",-6,Maçon,·,04 78 89 69 65,
https://www.google.com/maps/place/CAT+Lyon/data=!4m7!3m6!1s0x47f4c3aae9eb256f:0x6567ac315303aa98!8m2!3d45.6866454!4d4.9037275!16s%2Fg%2F1vs1r6f2!19sChIJbyXr6arD9EcRmKoDUzGsZ2U?authuser=0&hl=fr&rclk=1,CAT Lyon,"3,2",-478,Société de transport routier,23 Rue Fernand Pelloutier,04 12 39 44 65,https://www.groupecat.com/?lang=fr
https://www.google.com/maps/place/ITS+FRANCE+SERVICES/data=!4m7!3m6!1s0x47f4c337f47d656f:0xb751b0783c335cf7!8m2!3d45.7152556!4d4.8886318!16s%2Fg%2F11mqlrh6jf!19sChIJb2V99DfD9EcR91wzPHiwUbc?authuser=0&hl=fr&rclk=1,ITS FRANCE SERVICES,,,Chauffagiste,4 Rue du Thioley,06 02 59 52 19,https://www.welinkbuilders.fr/chauffagiste/plombier/69200-venissieux-france/its-france-services-1162
https://www.google.com/maps/place/Elp+Confort/data=!4m7!3m6!1s0x481016028f3d17b3:0x79ec12c230d5e3b6!8m2!3d47.662049!4d-2.908972!16s%2Fg%2F11j2yqnvqz!19sChIJsxc9jwIWEEgRtuPVMMIS7Hk?authuser=0&hl=fr&rclk=1,Elp Confort,5,-21,Chauffagiste,8 Rue d'Ouessant,02 97 29 15 09,https://www.google.com/aclk?sa=L&ai=DChsSEwidj4TVwr2UAxVCi2gJHaJtKIoYACICCAEQBhoCd2Y&co=1&ase=2&gclid=CjwKCAjwq6DQBhBVEiwA4ZD5XDPUAUzFs_ZVX3wl6n1cn2PFtqQYe96lu2MwjcnNSTIGimj6Rxf5XRoCJ1QQAvD_BwE&cce=2&category=acrcp_v1_32&sig=AOD64_3yJv8YXtRmKKfUFCQ2OysIj1vRRQ&adurl&q&ctype=99&nis=6
https://www.google.com/maps/place/PCM+Habitat+Plomberie+Chauffage+Pompe+%C3%A0+chaleur+Lorient/data=!4m7!3m6!1s0x48105f76220c5dc9:0xe8a2e0a445672433!8m2!3d47.789307!4d-3.332004!16s%2Fg%2F11jbp128kf!19sChIJyV0MInZfEEgRMyRnRaTgoug?authuser=0&hl=fr&rclk=1,PCM Habitat Plomberie Chauffage Pompe à chaleur Lorient,"4,4",-128,Plombier,200 Rue François Groult,02 55 99 00 07,https://www.google.com/aclk?sa=L&ai=DChsSEwidj4TVwr2UAxVCi2gJHaJtKIoYACICCAEQABoCd2Y&co=1&ase=2&gclid=CjwKCAjwq6DQBhBVEiwA4ZD5XCMsLxbL_n9hfDuZOYdSCM6TXR3Bb8ySlMp6LyBSU5oJaqV-W9ajZhoC3E4QAvD_BwE&cce=2&category=acrcp_v1_32&sig=AOD64_1_UogivGgQtKGuRzHgg-kadqDXeA&adurl&q&ctype=99&nis=6
https://www.google.com/maps/place/ADES+Lorient+%F0%9F%91%91/data=!4m7!3m6!1s0x46918ef3c58f09dd:0x91f60a333adab277!8m2!3d47.752486!4d-3.3645037!16s%2Fg%2F11y3ck657g!19sChIJ3QmPxfOOkUYRd7LaOjMK9pE?authuser=0&hl=fr&rclk=1,ADES Lorient 👑,5,-51,Chauffagiste,"15 rue pierre, Rue Waldeck Rousseau",06 52 34 05 80,https://www.adeslorient.com/
https://www.google.com/maps/place/Aqua+chauff+services/data=!4m7!3m6!1s0x2f24c36804c2a7ad:0xf2de8066f76d1e3e!8m2!3d47.7397472!4d-3.3783427!16s%2Fg%2F11v0fgfn60!19sChIJrafCBGjDJC8RPh5t92aA3vI?authuser=0&hl=fr&rclk=1,Aqua chauff services,5,-69,Chauffagiste,111 Av. Général de Gaulle,06 51 16 14 31,https://www.aquachauffservices.com/
https://www.google.com/maps/place/PCM+Habitat+Plomberie+Chauffage+Pompe+%C3%A0+chaleur+Lorient/data=!4m7!3m6!1s0x48105f76220c5dc9:0xe8a2e0a445672433!8m2!3d47.7893072!4d-3.3320042!16s%2Fg%2F11jbp128kf!19sChIJyV0MInZfEEgRMyRnRaTgoug?authuser=0&hl=fr&rclk=1,PCM Habitat Plomberie Chauffage Pompe à chaleur Lorient,"4,4",-128,Chauffagiste,200 Rue François Groult,02 55 99 00 07,http://www.pcmhabitat.com/
https://www.google.com/maps/place/Mon+Atout+Energie+-+Lorient/data=!4m7!3m6!1s0x48105f6cc0ff40b9:0xfe8174b50b688ef6!8m2!3d47.7626603!4d-3.3960086!16s%2Fg%2F11btlxzsgl!19sChIJuUD_wGxfEEgR9o5oC7V0gf4?authuser=0&hl=fr&rclk=1,Mon Atout Energie - Lorient,"4,1",-91,Service de réparation de radiateurs,·,02 97 83 97 16,https://www.monatoutenergie.fr/nos-agences/mon-atout-energie-lorient
https://www.google.com/maps/place/Monplombier.bzh/data=!4m7!3m6!1s0x48105f869a03f117:0x979b45ed0bb05018!8m2!3d47.7401293!4d-3.3668291!16s%2Fg%2F11h7fk7lzl!19sChIJF_EDmoZfEEgRGFCwC-1Fm5c?authuser=0&hl=fr&rclk=1,Monplombier.bzh,"4,8",-68,Plombier,57 Rue Victor Hugo,06 32 01 95 76,https://monplombierbzh.fr/
https://www.google.com/maps/place/Aquaclim+Service/data=!4m7!3m6!1s0x48105fcf306c5f47:0xf7d53c159ae6d071!8m2!3d47.7820745!4d-3.4194527!16s%2Fg%2F11llbdy_dl!19sChIJR19sMM9fEEgRcdDmmhU81fc?authuser=0&hl=fr&rclk=1,Aquaclim Service,"4,6",-438,Chauffagiste,·,02 97 35 46 81,https://aquaclimservice.fr/agence-de-lorient/?utm_source=gmb
https://www.google.com/maps/place/R%C3%A9actif+D%C3%A9pannage+Plomberie/data=!4m7!3m6!1s0x4810fb11a42b0705:0x2ff53d71b7faeb88!8m2!3d47.7539347!4d-3.3674628!16s%2Fg%2F11frph9v50!19sChIJBQcrpBH7EEgRiOv6t3E99S8?authuser=0&hl=fr&rclk=1,Réactif Dépannage Plomberie,"4,3",-38,Plombier,56 Bd Cosmao Dumanoir,06 10 25 44 37,
https://www.google.com/maps/place/Societe+Galand/data=!4m7!3m6!1s0x48105f0f5338ac6b:0x9aee26967336ca96!8m2!3d47.7584665!4d-3.3838405!16s%2Fg%2F11h2f6tbg3!19sChIJa6w4Uw9fEEgRlso2c5Ym7po?authuser=0&hl=fr&rclk=1,Societe Galand,"3,9",-13,Chauffagiste,19 Rue Henri Edmond Ducassou,02 97 64 15 35,
https://www.google.com/maps/place/Kerlo+Chauffage/data=!4m7!3m6!1s0x48105f022e5d4929:0x32510b5eb7448087!8m2!3d48.0893549!4d-3.0784349!16s%2Fg%2F11dxkdfcnz!19sChIJKUldLgJfEEgRh4BEt14LUTI?authuser=0&hl=fr&rclk=1,Kerlo Chauffage,"4,8",-4,Chauffagiste,·,06 62 79 76 93,http://www.kerlo-chauffage.com/
https://www.google.com/maps/place/Confort+Gaz/data=!4m7!3m6!1s0x48105fac7af95f07:0xb135631c1fd9f51b!8m2!3d47.7476266!4d-3.3760814!16s%2Fg%2F11f62h2yz3!19sChIJB1_5eqxfEEgRG_XZHxxjNbE?authuser=0&hl=fr&rclk=1,Confort Gaz,"3,5",-33,Fournisseur d'équipements de chauffage,77 Bd Léon Blum,02 97 21 05 71,https://confortgaz56.onlc.fr/
https://www.google.com/maps/place/ECP+56/data=!4m7!3m6!1s0x44afc6a65cc670b9:0xeb4d5e0d3ffc67bc!8m2!3d47.7444038!4d-2.8851227!16s%2Fg%2F11vssw4cwg!19sChIJuXDGXKbGr0QRvGf8Pw1eTes?authuser=0&hl=fr&rclk=1,ECP 56,5,-9,Plombier,·,07 81 67 89 47,https://ecp-56.fr/
https://www.google.com/maps/place/aztherm/data=!4m7!3m6!1s0x48105f9874c521b3:0xdd76441b01e5fb24!8m2!3d47.74461!4d-3.3930613!16s%2Fg%2F11c1v2d18q!19sChIJsyHFdJhfEEgRJPvlARtEdt0?authuser=0&hl=fr&rclk=1,aztherm,5,-2,Plombier,109 Rue de Lanveur,06 18 02 09 29,
"https://www.google.com/maps/place/Archimede,+Plombier+chauffagiste+salle+de+bain+-+Lorient/data=!4m7!3m6!1s0x48105f86fd141371:0xead829cf4c12a8dd!8m2!3d47.7456636!4d-3.4123738!16s%2Fg%2F11ddydp_kq!19sChIJcRMU_YZfEEgR3agSTM8p2Oo?authuser=0&hl=fr&rclk=1","Archimede, Plombier chauffagiste salle de bain - Lorient","3,3",-21,Chauffagiste,10 Rue du Bocage,02 97 37 42 33,http://www.archimede-confort.fr/
"https://www.google.com/maps/place/Chauffagiste+Izi+confort,+filiale+EDF/data=!4m7!3m6!1s0x48105f08ce840851:0x662b506a895d3f74!8m2!3d47.7832695!4d-3.3493019!16s%2Fg%2F1th0m90w!19sChIJUQiEzghfEEgRdD9diWpQK2Y?authuser=0&hl=fr&rclk=1","Chauffagiste Izi confort, filiale EDF","4,1",-173,Chauffagiste,·,02 97 87 32 00,https://www.izi-by-edf-entretien.fr/?at_medium=Gmb&at_campaign=lorient
https://www.google.com/maps/place/Breizh+plomberie+depannage/data=!4m7!3m6!1s0x28cb64deba2f5709:0x3413c458a9ae084b!8m2!3d47.7454986!4d-3.3958271!16s%2Fg%2F11wjkh03yr!19sChIJCVcvut5kyygRSwiuqVjEEzQ?authuser=0&hl=fr&rclk=1,Breizh plomberie depannage,"4,5",-8,Plombier,·,07 67 38 85 37,
https://www.google.com/maps/place/Goualou+SARL/data=!4m7!3m6!1s0x48105f5593ff9831:0x7b5ca152a9806197!8m2!3d47.7708865!4d-3.398961!16s%2Fg%2F11vrfg7tx3!19sChIJMZj_k1VfEEgRl2GAqVKhXHs?authuser=0&hl=fr&rclk=1,Goualou SARL,5,-2,Chauffagiste,9 Rue du Manoir,02 97 83 01 83,https://www.goualouplombierchauffagiste.fr/?utm_source=gmb
https://www.google.com/maps/place/Lorflam/data=!4m7!3m6!1s0x48105eb7945c4637:0x5472f3b0fba22af8!8m2!3d47.7361261!4d-3.3648936!16s%2Fg%2F1w3w2fr9!19sChIJN0ZclLdeEEgR-Cqi-7DzclQ?authuser=0&hl=fr&rclk=1,Lorflam,"3,5",-58,Fournisseur d'équipements de chauffage,4 Av. de Kergroise,,https://www.lorflam.fr/
https://www.google.com/maps/place/ATOUT+G%C3%A9othermie+-+CDS+Energy/data=!4m7!3m6!1s0x4810f6672a3bcf8b:0x2eb533411336c126!8m2!3d47.72884!4d-3.414595!16s%2Fg%2F11bw4hcfkr!19sChIJi887Kmf2EEgRJsE2E0EztS4?authuser=0&hl=fr&rclk=1,ATOUT Géothermie - CDS Energy,"3,4",-85,Chauffagiste,·,02 97 02 76 16,https://cds-energy.fr/
https://www.google.com/maps/place/J%C3%A9r%C3%B4me+Mah%C3%A9+Plombier+chauffagiste+-+Pays+de+Lorient/data=!4m7!3m6!1s0x48105e95c022a1f3:0x8d66f10cf641950f!8m2!3d47.7730404!4d-3.3477662!16s%2Fg%2F1vl5g55x!19sChIJ86EiwJVeEEgRD5VB9gzxZo0?authuser=0&hl=fr&rclk=1,Jérôme Mahé Plombier chauffagiste - Pays de Lorient,"3,8",-18,Chauffagiste,·,06 76 42 72 11,https://www.mahe-chauffage.fr/
https://www.google.com/maps/place/Etablissements+DAERON/data=!4m7!3m6!1s0x48105f71b1600f75:0x9aec6f24ad09f17f!8m2!3d47.771074!4d-3.3998611!16s%2Fg%2F1hc89___q!19sChIJdQ9gsXFfEEgRf_EJrSRv7Jo?authuser=0&hl=fr&rclk=1,Etablissements DAERON,"4,1",-9,Chauffagiste,"Zone de la Cardonnière, 7 Rue du Manoir",02 97 83 38 76,http://www.daeron-sas.fr/
https://www.google.com/maps/place/Elp+Confort/data=!4m7!3m6!1s0x481016028f3d17b3:0x79ec12c230d5e3b6!8m2!3d47.662049!4d-2.908972!16s%2Fg%2F11j2yqnvqz!19sChIJsxc9jwIWEEgRtuPVMMIS7Hk?authuser=0&hl=fr&rclk=1,Elp Confort,5,-21,Chauffagiste,8 Rue d'Ouessant,02 97 29 15 09,https://www.google.com/aclk?sa=L&ai=DChsSEwjJ47bhwr2UAxV3jWgJHa7_FaoYACICCAEQBRoCd2Y&co=1&ase=2&gclid=CjwKCAjwq6DQBhBVEiwA4ZD5XBi8l9DyMesd-V4Szp-6JWqucoBRddbtBPoH80ReWPvlFPevH4mBLxoC9tEQAvD_BwE&cce=2&category=acrcp_v1_32&sig=AOD64_0D2vIp7aLr8f6Hu3ulRjg0Z4MjTw&adurl&q&ctype=99&nis=6
https://www.google.com/maps/place/PCM+Habitat+Plomberie+Chauffage+Pompe+%C3%A0+chaleur+Lorient/data=!4m7!3m6!1s0x48105f76220c5dc9:0xe8a2e0a445672433!8m2!3d47.789307!4d-3.332004!16s%2Fg%2F11jbp128kf!19sChIJyV0MInZfEEgRMyRnRaTgoug?authuser=0&hl=fr&rclk=1,PCM Habitat Plomberie Chauffage Pompe à chaleur Lorient,"4,4",-128,Plombier,200 Rue François Groult,02 55 99 00 07,https://www.google.com/aclk?sa=L&ai=DChsSEwjJ47bhwr2UAxV3jWgJHa7_FaoYACICCAEQAxoCd2Y&co=1&ase=2&gclid=CjwKCAjwq6DQBhBVEiwA4ZD5XA3IBrr7j2lwSUVs5aPSZoQEYSI5P_8Vg_nML2Ir5kqPUsy8-Q3mihoCe6QQAvD_BwE&cce=2&category=acrcp_v1_32&sig=AOD64_2KxfjL0gsRPu0Z4WWlVqoDlud6-w&adurl&q&ctype=99&nis=6
https://www.google.com/maps/place/Iceberg+Lorient/data=!4m7!3m6!1s0x48105ff7f532d89d:0x7409a2d7c8ec7829!8m2!3d47.7647019!4d-3.3992407!16s%2Fg%2F11r_cmc2h6!19sChIJndgy9fdfEEgRKXjsyNeiCXQ?authuser=0&hl=fr&rclk=1,Iceberg Lorient,"4,9",-279,Chauffagiste,·,02 57 28 01 63,https://www.poele-iceberg.com/
https://www.google.com/maps/place/Kbane/data=!4m7!3m6!1s0x48105f27f6e0022b:0x552efbb28dc0fa5b!8m2!3d47.7821303!4d-3.4130291!16s%2Fg%2F11q2xwrg33!19sChIJKwLg9idfEEgRW_rAjbL7LlU?authuser=0&hl=fr&rclk=1,Kbane,"4,7",-233,Chauffagiste,·,02 55 99 96 49,https://www.kbane.com/nos-agences/agence-048?utm_campaign=agences&utm_medium=fiche-gmb&utm_source=google-my-business
https://www.google.com/maps/place/Anthony+Martin+D%C3%A9tection/data=!4m7!3m6!1s0x48105fa84da43697:0x834550515a67cebc!8m2!3d47.7518376!4d-3.3800475!16s%2Fg%2F11g8w99_xg!19sChIJlzakTahfEEgRvM5nWlFQRYM?authuser=0&hl=fr&rclk=1,Anthony Martin Détection,"4,5",-16,Chauffagiste,12 Rue François Robin,06 63 08 08 31,
https://www.google.com/maps/place/Eric+Le+Roux/data=!4m7!3m6!1s0x48105f6e9406688d:0xe9bae2d99caddaa5!8m2!3d47.7711322!4d-3.3491679!16s%2Fg%2F11gy6gn8z7!19sChIJjWgGlG5fEEgRpdqtnNniuuk?authuser=0&hl=fr&rclk=1,Eric Le Roux,4,-57,Chauffagiste,9 Av. Ambroise Croizat,02 97 89 01 65,https://www.elr-plombier.fr/
https://www.google.com/maps/place/ENGIE+Home+Services/data=!4m7!3m6!1s0x48105f72abe5d2d9:0x6747abaed386eda6!8m2!3d47.7872492!4d-3.3480805!16s%2Fg%2F1tjf9nvm!19sChIJ2dLlq3JfEEgRpu2G066rR2c?authuser=0&hl=fr&rclk=1,ENGIE Home Services,"4,6",-327,Chauffagiste,·,02 97 83 96 45,https://agence.engie-homeservices.fr/101-engie-home-services-lorient?utm_source=gmb
https://www.google.com/maps/place/Les+D%C3%A9panneurs+Bretons/data=!4m7!3m6!1s0x48105fae1e2c6add:0x95d69bda2e15295c!8m2!3d47.7589485!4d-3.3792852!16s%2Fg%2F11s1bmp6b1!19sChIJ3WosHq5fEEgRXCkVLtqb1pU?authuser=0&hl=fr&rclk=1,Les Dépanneurs Bretons,"4,2",-71,Chauffagiste,58 Rue de Belgique,02 97 50 57 32,https://lesdepanneurs-bretons.fr/
https://www.google.com/maps/place/SLCS+Lanester/data=!4m7!3m6!1s0x48105f093e985a5f:0x585c12b10d5297a0!8m2!3d47.763561!4d-3.361044!16s%2Fg%2F11y647pzzz!19sChIJX1qYPglfEEgRoJdSDbESXFg?authuser=0&hl=fr&rclk=1,SLCS Lanester,"4,6",-9,Chauffagiste,10B Rue Jean Jaurès,02 97 21 01 08,https://www.slcs.fr/
https://www.google.com/maps/place/CHRISTIAN+KERLO/data=!4m7!3m6!1s0x48105f022e12c54f:0xcf7e5d596cb8c1bd!8m2!3d47.7592182!4d-3.3747853!16s%2Fg%2F11w217lyqg!19sChIJT8USLgJfEEgRvcG4bFldfs8?authuser=0&hl=fr&rclk=1,CHRISTIAN KERLO,1,-1,Service d'installation de gaz,73 Rue Louis Roche,06 62 79 76 93,http://kerlo-chaudieres.fr/
https://www.google.com/maps/place/ENGIE+Home+Services+TOULON/data=!4m7!3m6!1s0x12c918392640ab63:0xe0344ec5088c5598!8m2!3d43.133525!4d5.996578!16s%2Fg%2F1tmv08sq!19sChIJY6tAJjkYyRIRmFWMCMVONOA?authuser=0&hl=fr&rclk=1,ENGIE Home Services TOULON,"4,2",-725,Chauffagiste,41 Avenue des Frères Lumière,04 94 27 49 85,https://www.google.com/aclk?sa=L&ai=DChsSEwiL6p_9wr2UAxUIMgYAHVtEOMUYACICCAEQARoCd3M&co=1&ase=2&gclid=CjwKCAjwq6DQBhBVEiwA4ZD5XBpStnUdNwTuJmlefk-qkqWbHlnpiyx7T4npS_Jsu1_RC2yxleMh4RoC7cIQAvD_BwE&cce=2&category=acrcp_v1_32&sig=AOD64_0WfTTWKn1uvGUdQDxXP1UJq671gg&adurl&q&ctype=99&nis=6
https://www.google.com/maps/place/Caleco+:+Climatisation+Pompe+%C3%A0+chaleur+Toulon/data=!4m7!3m6!1s0x12c923b09951ef1d:0x2b8a319f9c7df023!8m2!3d43.1139912!4d6.1209396!16s%2Fg%2F1tdt30ch!19sChIJHe9RmbAjyRIRI_B9nJ8xiis?authuser=0&hl=fr&rclk=1,Caleco : Climatisation Pompe à chaleur Toulon,"4,6",-79,Fournisseur de systèmes de climatisation,359 Rue Saint-Joseph,04 94 65 09 11,http://facebook.com/CalecoClimatisation/?utm_source=gmb
https://www.google.com/maps/place/G%C3%A9n%C3%A9r%C3%A9+G%C3%A9nie+Climatique/data=!4m7!3m6!1s0x12c923ce9285bc47:0xc2263dab8f9a1e9d!8m2!3d43.1007946!4d6.1138297!16s%2Fg%2F1tpfg2w0!19sChIJR7yFks4jyRIRnR6aj6s9JsI?authuser=0&hl=fr&rclk=1,Généré Génie Climatique,"4,2",-17,Chauffagiste,·,09 74 56 30 55,http://www.chauffage-climatisation-genere.fr/
https://www.google.com/maps/place/Sb+Plomberie/data=!4m7!3m6!1s0x12c9239cb48cf2c7:0xa0616554cfa5aa6!8m2!3d43.1223623!4d6.141922!16s%2Fg%2F11gxn562md!19sChIJx_KMtJwjyRIRplr6TFUWBgo?authuser=0&hl=fr&rclk=1,Sb Plomberie,"4,7",-10,Plombier,25 Av. du Quinzième Corps,04 94 12 76 45,
https://www.google.com/maps/place/Clima+Tech+83/data=!4m7!3m6!1s0x12c92321090823c5:0x8a3e98d05afb82a8!8m2!3d43.1093525!4d6.103961!16s%2Fg%2F11j0vyhll9!19sChIJxSMICSEjyRIRqIL7WtCYPoo?authuser=0&hl=fr&rclk=1,Clima Tech 83,5,-105,Chauffagiste,228 Rue de la Forge,06 27 67 17 28,https://www.climatech83.fr/
https://www.google.com/maps/place/SOS+CHAUFF%27O+-+Plombier+Chauffagiste+-+Hy%C3%A8res/data=!4m7!3m6!1s0x12c92318f0d0d48f:0x1a8d4ebfe3a93522!8m2!3d43.2773518!4d6.3714671!16s%2Fg%2F11ltjx521y!19sChIJj9TQ8BgjyRIRIjWp479OjRo?authuser=0&hl=fr&rclk=1,SOS CHAUFF'O - Plombier Chauffagiste - Hyères,5,-14,Chauffagiste,·,09 86 87 48 60,https://www.sos-chauffo.fr/
https://www.google.com/maps/place/Gafec/data=!4m7!3m6!1s0x12c9232a64a31db3:0xcdcc8dc460f4d7c4!8m2!3d43.1183759!4d6.1183041!16s%2Fg%2F11h6r_k7sm!19sChIJsx2jZCojyRIRxNf0YMSNzM0?authuser=0&hl=fr&rclk=1,Gafec,4,-22,Plombier,59 Av. Maréchal Leclerc,04 94 12 80 14,
https://www.google.com/maps/place/Express%E2%80%99Eau+%E2%80%93+Plombier+%26+Assainissement+Hy%C3%A8res/data=!4m7!3m6!1s0x4aa317ce09d08049:0xe2e600e93129b01b!8m2!3d43.1094617!4d6.1032639!16s%2Fg%2F11x2jh90mh!19sChIJSYDQCc4Xo0oRG7ApMekA5uI?authuser=0&hl=fr&rclk=1,Express’Eau – Plombier & Assainissement Hyères,5,-58,Plombier,233 Rue de la Forge,06 21 32 24 18,https://www.xn--expresseau-plombier-hyres-5hc.fr/
https://www.google.com/maps/place/VAR+TECH+PLOMBERIE/data=!4m7!3m6!1s0x2e6a6f6ea2b71dab:0x2b87561078cd42e7!8m2!3d43.1048948!4d6.206071!16s%2Fg%2F11v9x_jmw5!19sChIJqx23om5vai4R50LNeBBWhys?authuser=0&hl=fr&rclk=1,VAR TECH PLOMBERIE,"4,9",-44,Plombier,·,06 58 28 37 06,https://www.var-tech-plomberie.fr/
https://www.google.com/maps/place/Plomberie+Chauffage+Climatisation/data=!4m7!3m6!1s0x12c9184d3f9de441:0x5173834cdf13f10f!8m2!3d43.1100259!4d6.1165819!16s%2Fg%2F11hbqb0_8d!19sChIJQeSdP00YyRIRD_ET30yDc1E?authuser=0&hl=fr&rclk=1,Plomberie Chauffage Climatisation,"4,3",-10,Chauffagiste,5 Rue des Jonquilles,06 34 19 00 56,
https://www.google.com/maps/place/Hyeres+Plomberie+Chauffage/data=!4m7!3m6!1s0x12c923b86f5ccecd:0xe37cb9280773c982!8m2!3d43.1087686!4d6.1228454!16s%2Fg%2F11bzz_5r_g!19sChIJzc5cb7gjyRIRgslzByi5fOM?authuser=0&hl=fr&rclk=1,Hyeres Plomberie Chauffage,5,-1,Plombier,Chem. de la Villette,04 94 28 23 19,
https://www.google.com/maps/place/EDC+PLOMBERIE/data=!4m7!3m6!1s0x12c9247fee2434a9:0x955b3e05698717e5!8m2!3d43.1017383!4d6.1428938!16s%2Fg%2F11dzvhq4n6!19sChIJqTQk7n8kyRIR5ReHaQU-W5U?authuser=0&hl=fr&rclk=1,EDC PLOMBERIE,4,-27,Chauffagiste,303 Rue Nicéphore Niépce,06 11 71 16 68,https://edc-plombier-hyeres.fr/
https://www.google.com/maps/place/AZ+Deco%26Climatisation+-+d%C3%A9pannage+-+installation+-+r%C3%A9novation+tout+corps+d%27%C3%A9tat/data=!4m7!3m6!1s0x614472ae563982fd:0xef2f08b1bf02aa5a!8m2!3d43.1171794!4d6.1852045!16s%2Fg%2F11vd70ys8v!19sChIJ_YI5Vq5yRGERWqoCv7EIL-8?authuser=0&hl=fr&rclk=1,AZ Deco&Climatisation - dépannage - installation - rénovation tout corps d'état,5,-72,Plombier,254 Chem. Jean Mottura,07 81 11 89 45,https://www.azdecoclim.fr/
https://www.google.com/maps/place/ADC+Plomberie+Chauffage+Climatisation/data=!4m7!3m6!1s0x22d452b69646481d:0x1567080f721262cc!8m2!3d43.1184562!4d6.0859059!16s%2Fg%2F11kp_q6b_q!19sChIJHUhGlrZS1CIRzGIScg8IZxU?authuser=0&hl=fr&rclk=1,ADC Plomberie Chauffage Climatisation,5,-5,Chauffagiste,3096 Route des Loubes,04 94 57 90 05,https://www.adcplomberie.fr/
https://www.google.com/maps/place/Chris+Plomberie/data=!4m7!3m6!1s0x12c923a3d7f07c07:0x786183f5c1fa3f3a!8m2!3d43.1221525!4d6.1282267!16s%2Fg%2F11fmddl910!19sChIJB3zw16MjyRIROj_6wfWDYXg?authuser=0&hl=fr&rclk=1,Chris Plomberie,5,-32,Plombier,Rue Charvet,06 28 48 05 63,
https://www.google.com/maps/place/Chris+Plomberie/data=!4m7!3m6!1s0x12c923a3d7f07c07:0xe0b76d908d1bcc82!8m2!3d43.1222091!4d6.116708!16s%2Fg%2F11ddznv4k5!19sChIJB3zw16MjyRIRgswbjZBtt-A?authuser=0&hl=fr&rclk=1,Chris Plomberie,"4,9",-94,Plombier,"Horizon A2, 18 Rue Eugénie",06 28 48 05 63,
https://www.google.com/maps/place/Crystal+Froid+Climatisation/data=!4m7!3m6!1s0x12c9225eb517df6d:0xc2a4068ee1f808e4!8m2!3d43.1250335!4d6.094376!16s%2Fg%2F11g65f_l8t!19sChIJbd8XtV4iyRIR5Aj44Y4GpMI?authuser=0&hl=fr&rclk=1,Crystal Froid Climatisation,"4,8",-67,Fournisseur de systèmes de climatisation,1446 Vieux Chemin de TOULON,04 94 38 74 21,http://www.crystal-froid.fr/
https://www.google.com/maps/place/Gallon+Services/data=!4m7!3m6!1s0x12c923293937dac5:0x8feb7aa7449a1cb6!8m2!3d43.1120769!4d6.1289028!16s%2Fg%2F11r4s05cc5!19sChIJxdo3OSkjyRIRthyaRKd6648?authuser=0&hl=fr&rclk=1,Gallon Services,"4,3",-26,Plombier,13 Av. Geoffroy Saint-Hilaire,06 20 69 72 34,
https://www.google.com/maps/place/RICHARDSON+:+SANITAIRE-+CHAUFFAGE+-+PLOMBERIE+-+PHOTOVOLTA%C3%8FQUE/data=!4m7!3m6!1s0x12c923bc20d010a7:0x90c902e5328516c1!8m2!3d43.09749!4d6.1321034!16s%2Fg%2F11b6dg14z_!19sChIJpxDQILwjyRIRwRaFMuUCyZA?authuser=0&hl=fr&rclk=1,RICHARDSON : SANITAIRE- CHAUFFAGE - PLOMBERIE - PHOTOVOLTAÏQUE,4,-23,Spécialiste de la salle de bains,·,04 94 57 57 30,https://www.richardson.fr/tous-les-magasins/agence/hyeres
https://www.google.com/maps/place/La+soci%C3%A9t%C3%A9+hy%C3%A8roise+de+plomberie/data=!4m7!3m6!1s0x41b252aeb688ea6d:0xd50731e729ff9461!8m2!3d43.0985368!4d6.206071!16s%2Fg%2F11vlgqmhbj!19sChIJbeqItq5SskERYZT_KecxB9U?authuser=0&hl=fr&rclk=1,La société hyèroise de plomberie,"4,7",-15,Chauffagiste,·,06 11 78 86 47,
https://www.google.com/maps/place/HPC+Sarl/data=!4m7!3m6!1s0x12c923c53ebf20db:0x76c7b56ef9b4cacb!8m2!3d43.0992229!4d6.1224801!16s%2Fg%2F11b6d7fk96!19sChIJ2yC_PsUjyRIRy8q0-W61x3Y?authuser=0&hl=fr&rclk=1,HPC Sarl,4,-1,Plombier,4 Rue du Vélodrome,04 94 38 36 58,
https://www.google.com/maps/place/KB+Services/data=!4m7!3m6!1s0xa775fe6b996a3909:0x9b738cb5b56d477c!8m2!3d43.114139!4d6.1248776!16s%2Fg%2F11z1v49q9q!19sChIJCTlqmWv-dacRfEdttbWMc5s?authuser=0&hl=fr&rclk=1,KB Services,5,-5,Société de travaux publics,Imp. Gambetta,06 34 13 24 26,https://www.instagram.com/kbservices.fr?igsh=MXU0d20yZ25lc2lhbg%3D%3D&utm_source=qr
https://www.google.com/maps/place/Tubage+Azur/data=!4m7!3m6!1s0x12c995874b146e03:0x5fabca79e3861987!8m2!3d43.114939!4d6.1282448!16s%2Fg%2F11h_0_zvgc!19sChIJA24US4eVyRIRhxmG43nKq18?authuser=0&hl=fr&rclk=1,Tubage Azur,5,-3,Entreprise de construction,76 b Av. Gambetta,06 24 82 89 71,
https://www.google.com/maps/place/AFCC+83/data=!4m7!3m6!1s0x12c9231c2a688a59:0x20e190e010be1bb8!8m2!3d43.1102205!4d6.12152!16s%2Fg%2F11rpdgt1tx!19sChIJWYpoKhwjyRIRuBu-EOCQ4SA?authuser=0&hl=fr&rclk=1,AFCC 83,"4,4",-13,Magasin de systèmes de climatisation,16 Av. Paul Bourget,04 94 20 82 72,https://afcc83.fr/
https://www.google.com/maps/place/ECS+Plomberie/data=!4m7!3m6!1s0x685dd573f0ed193b:0x4698ea3ae10e99b5!8m2!3d43.1304423!4d6.1994494!16s%2Fg%2F11xg0bm6mh!19sChIJOxnt8HPVXWgRtZkO4TrqmEY?authuser=0&hl=fr&rclk=1,ECS Plomberie,5,-118,Plombier,·,06 19 61 93 49,https://ecsplomberie.com/
https://www.google.com/maps/place/Eiffage+Route+-+%C3%89tablissement+C%C3%B4te+d%27Azur/data=!4m7!3m6!1s0x12c923a3abcc1c45:0x4cc00bfac98320d8!8m2!3d43.1077955!4d6.1053684!16s%2Fg%2F1tgdw6bc!19sChIJRRzMq6MjyRIR2CCDyfoLwEw?authuser=0&hl=fr&rclk=1,Eiffage Route - Établissement Côte d'Azur,"4,5",-28,Société de travaux publics,·,04 94 12 52 00,https://www.eiffageroute.com/
https://www.google.com/maps/place/Bison+Nettoyage+Services/data=!4m7!3m6!1s0x12c923e3acfba063:0xad32fffe74b5c7e4!8m2!3d43.1244723!4d6.09637!16s%2Fg%2F11nwx8yrh9!19sChIJY6D7rOMjyRIR5Me1dP7_Mq0?authuser=0&hl=fr&rclk=1,Bison Nettoyage Services,"4,5",-81,Service de nettoyage et d'entretien,1202 Vieux Chemin de TOULON,04 23 08 02 20,https://bison-nettoyage-services.fr/
https://www.google.com/maps/place/Sem+PACA+-+Var/data=!4m7!3m6!1s0x12c918392d687783:0x92fd2e9fc0c75cbf!8m2!3d43.153884!4d6.04136!16s%2Fg%2F11btm9shgy!19sChIJg3doLTkYyRIRv1zHwJ8u_ZI?authuser=0&hl=fr&rclk=1,Sem PACA - Var,3,-78,Chauffagiste,901 Av. Alphonse Lavallée,04 94 14 83 75,https://www.sempaca.fr/
https://www.google.com/maps/place/Caleco/data=!4m7!3m6!1s0x12c9183927567be3:0x6077c1544700cee1!8m2!3d43.1535435!4d6.0409711!16s%2Fg%2F1tfdh45w!19sChIJ43tWJzkYyRIR4c4AR1TBd2A?authuser=0&hl=fr&rclk=1,Caleco,"3,9",-16,Fournisseur de systèmes de climatisation,951 Av. Alphonse Lavallée,04 94 14 14 15,http://www.caleco.fr/
https://www.google.com/maps/place/Societe+Multi+Services/data=!4m7!3m6!1s0x12c923edbcde2891:0x184de45ce395868b!8m2!3d43.1033118!4d6.1434615!16s%2Fg%2F11b6d75jr9!19sChIJkSjevO0jyRIRi4aV41zkTRg?authuser=0&hl=fr&rclk=1,Societe Multi Services,"2,8",-18,Service de nettoyage,220 Rue Antoine Parmentier,04 94 57 72 30,http://www.sms-sudest.com/
https://www.google.com/maps/place/MCP+Plomberie+-+Artisan+Plombier/data=!4m7!3m6!1s0x12c93de091fb75e9:0xaf89efc9714de3dd!8m2!3d43.3954555!4d6.294747!16s%2Fg%2F11jgtvstws!19sChIJ6XX7keA9yRIR3eNNccnvia8?authuser=0&hl=fr&rclk=1,MCP Plomberie - Artisan Plombier,5,-60,Plombier,·,06 78 94 96 53,https://www.mcp-plomberie.fr/
https://www.google.com/maps/place/Soci%C3%A9t%C3%A9+de+Tir+de+Hy%C3%A8res/data=!4m7!3m6!1s0x12c923aced0c991f:0xf1cde69d87567c7f!8m2!3d43.1064229!4d6.1041617!16s%2Fg%2F11fct8g3ws!19sChIJH5kM7awjyRIRf3xWh53mzfE?authuser=0&hl=fr&rclk=1,Société de Tir de Hyères,"4,9",-28,Club de tir,·,06 34 59 09 28,
https://www.google.com/maps/place/BT+RENOV+ARTISAN+COUVREUR+r%C3%A9novation+toiture+recherche+de+fuites+nettoyage+toiture+charpentes+ravalement+de+fa%C3%A7ade/data=!4m7!3m6!1s0x12c925b0b433fec3:0x355f6b9f98e85a9f!8m2!3d43.1290714!4d6.1606028!16s%2Fg%2F11j4y8cbz9!19sChIJw_4ztLAlyRIRn1romJ9rXzU?authuser=0&hl=fr&rclk=1,BT RENOV ARTISAN COUVREUR rénovation toiture recherche de fuites nettoyage toiture charpentes ravalement de façade,"4,7",-86,Couvreur,320 Rte de Nice,06 17 97 74 93,http://couvreur-bt-renov.fr/
https://www.google.com/maps/place/ATTP/data=!4m7!3m6!1s0x12c92381aef6a697:0x45a49096836f72b!8m2!3d43.1237479!4d6.1491786!16s%2Fg%2F1vfhkbw1!19sChIJl6b2roEjyRIRK_c2aAlJWgQ?authuser=0&hl=fr&rclk=1,ATTP,5,-21,Entreprise de terrassement,All. des Grès Roses,06 18 52 70 45,http://attpvar.fr/
https://www.google.com/maps/place/Arebat/data=!4m7!3m6!1s0x12c923bdccac2bed:0xbdcffd2014354442!8m2!3d43.1155564!4d6.1292144!16s%2Fg%2F1tcwbktt!19sChIJ7SuszL0jyRIRQkQ1FCD9z70?authuser=0&hl=fr&rclk=1,Arebat,5,-3,Entreprise de construction,2 Av. Olbius Riquier,04 94 01 42 42,http://www.arebat-construction.com/
https://www.google.com/maps/place/AXEO+Services+Hy%C3%A8res/data=!4m7!3m6!1s0x12c9230dc414b82d:0x40b4a0b06582e860!8m2!3d43.1091298!4d6.1222589!16s%2Fg%2F11fhy2j89n!19sChIJLbgUxA0jyRIRYOiCZbCgtEA?authuser=0&hl=fr&rclk=1,AXEO Services Hyères,"4,2",-17,Service de ménage,1 Mnt de Costebelle,04 94 65 94 05,https://www.axeoservices.fr/agency/188-axeo-services-hyeres
https://www.google.com/maps/place/Azur+B%C3%A2ches+%26+Stores+%C3%A0+Hy%C3%A8res/data=!4m7!3m6!1s0x12c923b44372c471:0x71152aafd05a912b!8m2!3d43.1116233!4d6.1120223!16s%2Fg%2F1td99z5_!19sChIJccRyQ7QjyRIRK5Fa0K8qFXE?authuser=0&hl=fr&rclk=1,Azur Bâches & Stores à Hyères,"4,4",-36,Magasin de stores et de rideaux,·,04 94 57 59 84,https://www.azur-baches.com/
https://www.google.com/maps/place/Air+Mer+Terre+83/data=!4m7!3m6!1s0x12c923a3abcc0fc5:0xb3abff43b505b952!8m2!3d43.1121445!4d6.1116679!16s%2Fg%2F11b6dhskch!19sChIJxQ_Mq6MjyRIRUrkFtUP_q7M?authuser=0&hl=fr&rclk=1,Air Mer Terre 83,"4,4",-49,Services de déménagement et de stockage,·,04 94 57 68 67,http://www.amt83.com/
https://www.google.com/maps/place/BJ+R%C3%A9no/data=!4m7!3m6!1s0x12c91b0ab2b4fddd:0xb43df733b66abb3a!8m2!3d43.1037172!4d6.1435688!16s%2Fg%2F11h24t8240!19sChIJ3f20sgobyRIROrtqtjP3PbQ?authuser=0&hl=fr&rclk=1,BJ Réno,5,-14,Menuisier,172 Rue Antoine Parmentier,06 58 87 99 43,http://www.bjreno.fr/
https://www.google.com/maps/place/Bertolino+Constructions/data=!4m7!3m6!1s0x12c923bd4cc0d2fb:0xf4bdd9cba7237586!8m2!3d43.1171276!4d6.1300625!16s%2Fg%2F1typqv28!19sChIJ-9LATL0jyRIRhnUjp8vZvfQ?authuser=0&hl=fr&rclk=1,Bertolino Constructions,"3,6",-18,Maçon,13 Av. Edmond Dunan,04 94 57 59 64,http://www.bertolino-constructions.com/
https://www.google.com/maps/place/AMALGAME+SERVICES+-+Nettoyage+%26+Services+aux+entreprises/data=!4m7!3m6!1s0x12c923aa69a3a21d:0x449759de7f6e9866!8m2!3d43.115068!4d6.1349862!16s%2Fg%2F11yzp9pxmq!19sChIJHaKjaaojyRIRZphuf95Zl0Q?authuser=0&hl=fr&rclk=1,AMALGAME SERVICES - Nettoyage & Services aux entreprises,5,-6,Service de nettoyage et d'entretien,·,04 22 14 10 00,https://amalgame-services.fr/
https://www.google.com/maps/place/KB+Services/data=!4m7!3m6!1s0xa775fe6b996a3909:0x9b738cb5b56d477c!8m2!3d43.114139!4d6.1248776!16s%2Fg%2F11z1v49q9q!19sChIJCTlqmWv-dacRfEdttbWMc5s?authuser=0&hl=fr&rclk=1,KB Services,5,-5,Société de travaux publics,Imp. Gambetta,06 34 13 24 26,https://www.instagram.com/kbservices.fr?igsh=MXU0d20yZ25lc2lhbg%3D%3D&utm_source=qr
https://www.google.com/maps/place/SG/data=!4m7!3m6!1s0x12c923a25991d177:0xe5fbebb7a057cbe2!8m2!3d43.119866!4d6.129712!16s%2Fg%2F1tnkhymn!19sChIJd9GRWaIjyRIR4stXoLfr--U?authuser=0&hl=fr&rclk=1,SG,"4,5",-168,Banque,·,04 94 12 81 40,https://agences.sg.fr/banque-assurance/particulier/agence-hyeres-id3000302103
https://www.google.com/maps/place/Rexel+Hyeres/data=!4m7!3m6!1s0x12c923eeab255805:0x75f2ae940fc70622!8m2!3d43.1085938!4d6.1056021!16s%2Fg%2F11gy1lpt88!19sChIJBVglq-4jyRIRIgbHD5Su8nU?authuser=0&hl=fr&rclk=1,Rexel Hyeres,"4,9",-14,Fournisseur d'équipements de chauffage,·,04 94 00 70 40,http://www.rexel.fr/frx
https://www.google.com/maps/place/Batipro/data=!4m7!3m6!1s0x12c923c064a3a63d:0xa342b8be628603d8!8m2!3d43.111323!4d6.109785!16s%2Fg%2F11j11scwx7!19sChIJPaajZMAjyRIR2AOGYr64QqM?authuser=0&hl=fr&rclk=1,Batipro,"4,8",-6,Maçon,235 Rue Philémon Laugier,06 46 08 41 14,http://www.batipro83.fr/
https://www.google.com/maps/place/Prestige+Piscine+-+Constructeur+de+piscines/data=!4m7!3m6!1s0x12c923bcfc3b8b87:0xb7c8dc9c9ed2c3bb!8m2!3d43.1149942!4d6.1282485!16s%2Fg%2F1tkrzn3w!19sChIJh4s7_LwjyRIRu8PSnpzcyLc?authuser=0&hl=fr&rclk=1,Prestige Piscine - Constructeur de piscines,"4,9",-20,Société de construction de piscine,76 Av. Gambetta,06 15 89 51 77,http://www.prestige-piscine.com/
https://www.google.com/maps/place/Solaren/data=!4m7!3m6!1s0x12c9230ec94672ef:0x381c464dda531863!8m2!3d43.11689!4d6.13349!16s%2Fg%2F11mz3jclq1!19sChIJ73JGyQ4jyRIRYxhT2k1GHDg?authuser=0&hl=fr&rclk=1,Solaren,5,-4,Entreprise d'énergie solaire,5 Pl. Louis Versin,04 22 14 07 90,https://www.solaren.fr/
https://www.google.com/maps/place/Soci%C3%A9t%C3%A9+Hy%C3%A9roise+de+M%C3%A9tallerie/data=!4m7!3m6!1s0x12c923cab001bd37:0x5058c301d293e35a!8m2!3d43.1072513!4d6.1110298!16s%2Fg%2F1tqq09s2!19sChIJN70BsMojyRIRWuOT0gHDWFA?authuser=0&hl=fr&rclk=1,Société Hyéroise de Métallerie,4,-4,Atelier de métallerie,244 Chem. de la Maunière,04 94 57 42 48,http://shm-metal.com/
https://www.google.com/maps/place/M%C3%A9nage+et+repassage+%C3%A0+domicile+-+Shiva+Hy%C3%A8res/data=!4m7!3m6!1s0x12c923a526281965:0x4d5953c0395691af!8m2!3d43.117291!4d6.128822!16s%2Fg%2F11fl98lfdm!19sChIJZRkoJqUjyRIRr5FWOcBTWU0?authuser=0&hl=fr&rclk=1,Ménage et repassage à domicile - Shiva Hyères,"4,9",-198,Service de ménage,35 Av. Gambetta,04 94 57 07 40,https://www.shiva.fr/menage-repassage-domicile/hyeres?utm_campaign=shiva-hyeres-GMB&utm_medium=shiva_hyeres_GMB&utm_source=prm_GMB&utm_term=web
https://www.google.com/maps/place/Entreprise+de+nettoyage/data=!4m7!3m6!1s0x12c923f29de54b69:0xfd349e64c5487437!8m2!3d43.1184783!4d6.1228619!16s%2Fg%2F11fjvtnw1z!19sChIJaUvlnfIjyRIRN3RIxWSeNP0?authuser=0&hl=fr&rclk=1,Entreprise de nettoyage,"3,3",-4,Service de nettoyage et d'entretien,15 Rue Seré de Rivières,04 83 42 24 15,
"https://www.google.com/maps/place/Vision+Propret%C3%A9+%E2%80%94+Nettoyage+int%C3%A9rieur,+ext%C3%A9rieur+%26+apr%C3%A8s+chantier/data=!4m7!3m6!1s0x8e17d1d4c721d9c9:0xcbdbefb0ab10f10e!8m2!3d43.120637!4d6.135758!16s%2Fg%2F11v0n56y2z!19sChIJydkhx9TRF44RDvEQq7Dv28s?authuser=0&hl=fr&rclk=1","Vision Propreté — Nettoyage intérieur, extérieur & après chantier",5,-108,Service de nettoyage et d'entretien,1 Av. Nocart,06 60 07 14 98,https://www.visionproprete.com/
https://www.google.com/maps/place/AVENIR+CONSTRUCTION/data=!4m7!3m6!1s0x12c9230ec9a61765:0x17b282f0ad604830!8m2!3d43.1207517!4d6.1336882!16s%2Fg%2F11jcv8kysr!19sChIJZRemyQ4jyRIRMEhgrfCCshc?authuser=0&hl=fr&rclk=1,AVENIR CONSTRUCTION,"4,8",-23,Entreprise de construction,57 Av. Alphonse Denis,06 14 57 01 24,https://avenir-construction.com/
https://www.google.com/maps/place/SCHMIDT+Hy%C3%A8res/data=!4m7!3m6!1s0x12c923154e307bef:0xdc4fc4064fd43ade!8m2!3d43.1008667!4d6.1309751!16s%2Fg%2F11vb0v83gz!19sChIJ73swThUjyRIR3jrUTwbET9w?authuser=0&hl=fr&rclk=1,SCHMIDT Hyères,"4,9",-121,Cuisiniste,·,04 94 38 22 44,https://www.home-design.schmidt/fr-fr/magasins/var/hyeres
https://www.google.com/maps/place/illiCO+travaux+hyeres/data=!4m7!3m6!1s0x12c92373280fb6bf:0xb8d2027cfbd98336!8m2!3d43.1176182!4d6.130164!16s%2Fg%2F11lcdss6d4!19sChIJv7YPKHMjyRIRNoPZ-3wC0rg?authuser=0&hl=fr&rclk=1,illiCO travaux hyeres,"4,8",-37,Travaux généraux,14 Rue Jean Aicard,06 03 95 37 59,https://www.illico-travaux.com/agence/illico-travaux-hyeres-sud/?utm_agence=153499&utm_campaign=gmb-gmb150107220&utm_medium=site-internet-illico-travaux0&utm_source=gmb0
https://www.google.com/maps/place/Harmonie+Propret%C3%A9/data=!4m7!3m6!1s0x12c925aeb8064801:0xa56ab433c0cf5990!8m2!3d43.1196819!4d6.1282214!16s%2Fg%2F11j64qyq9c!19sChIJAUgGuK4lyRIRkFnPwDO0aqU?authuser=0&hl=fr&rclk=1,Harmonie Propreté,5,-10,Service de nettoyage et d'entretien,3 Av. du Dr Jean Jacques Perron,06 08 08 27 15,
https://www.google.com/maps/place/Bussone+Constructions/data=!4m7!3m6!1s0x12c92160d824636f:0x27c65cf68a158d1d!8m2!3d43.1009869!4d6.1308531!16s%2Fg%2F1tq4hdpx!19sChIJb2Mk2GAhyRIRHY0VivZcxic?authuser=0&hl=fr&rclk=1,Bussone Constructions,4,-9,Entreprise de génie civil,·,04 94 38 83 02,https://bussone-constructions.fr/
https://www.google.com/maps/place/Agence+O2+Hy%C3%A8res+%2F+O2+Jardi-Brico+Hy%C3%A8res+-+Secteur+Toulon+-+Services+%C3%A0+domicile/data=!4m7!3m6!1s0x12c923f2091c9105:0x374e968dfa5656c1!8m2!3d43.1020568!4d6.1416286!16s%2Fg%2F11b6dp8z2y!19sChIJBZEcCfIjyRIRwVZW-o2WTjc?authuser=0&hl=fr&rclk=1,Agence O2 Hyères / O2 Jardi-Brico Hyères - Secteur Toulon - Services à domicile,"4,4",-64,Service de ménage,393-395 Rue Nicéphore Niépce,02 14 00 68 90,https://www.o2.fr/o2-hyeres-395-rue-nicephore-niepce-83400?utm_source=google&utm_medium=organic&utm_campaign=seo-local&utm_content=website
https://www.google.com/maps/place/HOMMAGES+Pompes+Fun%C3%A8bres+-+Hy%C3%A8res+-+URGENCE+D%C3%A9c%C3%A8s+PACA+24H%2F7J/data=!4m7!3m6!1s0x12c92337dce9f8f5:0x85f8d155cecd23d!8m2!3d43.1214492!4d6.1315135!16s%2Fg%2F11fmp7mqhs!19sChIJ9fjp3DcjyRIRPdLsXBWNXwg?authuser=0&hl=fr&rclk=1,HOMMAGES Pompes Funèbres - Hyères - URGENCE Décès PACA 24H/7J,"4,9",-124,Entreprise de pompes funèbres,·,04 83 42 19 62,https://www.pompes-funebres-varoises.fr/
https://www.google.com/maps/place/Demeco+-+D%C3%A9m%C3%A9nagements+Matraloc+Hy%C3%A8res/data=!4m7!3m6!1s0x12c92338f6940dbd:0x412a3530386aef1b!8m2!3d43.1026678!4d6.1427988!16s%2Fg%2F11r97jnddx!19sChIJvQ2U9jgjyRIRG-9qODA1KkE?authuser=0&hl=fr&rclk=1,Demeco - Déménagements Matraloc Hyères,"4,6",-38,Services de déménagement et de stockage,·,04 82 29 58 96,https://agences.demeco.fr/provence-alpes-cote-dazur/var/hyeres/matraloc-hyeres-51?utm_campaign=gmb&utm_medium=seo&utm_source=google
https://www.google.com/maps/place/Entreprise+Monti+Nanni/data=!4m7!3m6!1s0x12c922fe2a3cc903:0x90e47bed85cbeb28!8m2!3d43.1306559!4d6.1099404!16s%2Fg%2F113fsq_bs!19sChIJA8k8Kv4iyRIRKOvLhe175JA?authuser=0&hl=fr&rclk=1,Entreprise Monti Nanni,5,-3,Société de travaux publics,753 Chem. du Fenouillet,09 65 19 72 70,
https://www.google.com/maps/place/Pacific+Transports+Paca/data=!4m7!3m6!1s0x12c923b7bb06b2e1:0xf398e51bb547b889!8m2!3d43.1095102!4d6.118951!16s%2Fg%2F11gb3ttftl!19sChIJ4bIGu7cjyRIRibhHtRvlmPM?authuser=0&hl=fr&rclk=1,Pacific Transports Paca,"4,9",-69,Service de transport,2 Rue des Clematites,06 23 27 37 81,http://www.ptpaca.fr/
https://www.google.com/maps/place/Neovi/data=!4m7!3m6!1s0x12c923f7dc6150fb:0x539d136c8b1c4df8!8m2!3d43.1174854!4d6.127942!16s%2Fg%2F11j016g396!19sChIJ-1Bh3PcjyRIR-E0ci2wTnVM?authuser=0&hl=fr&rclk=1,Neovi,"4,6",-18,Agent immobilier,3 Av. Ernest Millet,04 94 00 55 81,http://www.neovi.immo/
https://www.google.com/maps/place/Prestige+Piscine+-+Constructeur+de+piscines/data=!4m7!3m6!1s0x12c923bcfc3b8b87:0xb7c8dc9c9ed2c3bb!8m2!3d43.1149942!4d6.1282485!16s%2Fg%2F1tkrzn3w!19sChIJh4s7_LwjyRIRu8PSnpzcyLc?authuser=0&hl=fr&rclk=1,Prestige Piscine - Constructeur de piscines,"4,9",-20,Société de construction de piscine,76 Av. Gambetta,06 15 89 51 77,http://www.prestige-piscine.com/
https://www.google.com/maps/place/Solaren/data=!4m7!3m6!1s0x12c9230ec94672ef:0x381c464dda531863!8m2!3d43.11689!4d6.13349!16s%2Fg%2F11mz3jclq1!19sChIJ73JGyQ4jyRIRYxhT2k1GHDg?authuser=0&hl=fr&rclk=1,Solaren,5,-4,Entreprise d'énergie solaire,5 Pl. Louis Versin,04 22 14 07 90,https://www.solaren.fr/
https://www.google.com/maps/place/Soci%C3%A9t%C3%A9+Hy%C3%A9roise+de+M%C3%A9tallerie/data=!4m7!3m6!1s0x12c923cab001bd37:0x5058c301d293e35a!8m2!3d43.1072513!4d6.1110298!16s%2Fg%2F1tqq09s2!19sChIJN70BsMojyRIRWuOT0gHDWFA?authuser=0&hl=fr&rclk=1,Société Hyéroise de Métallerie,4,-4,Atelier de métallerie,244 Chem. de la Maunière,04 94 57 42 48,http://shm-metal.com/
https://www.google.com/maps/place/M%C3%A9nage+et+repassage+%C3%A0+domicile+-+Shiva+Hy%C3%A8res/data=!4m7!3m6!1s0x12c923a526281965:0x4d5953c0395691af!8m2!3d43.117291!4d6.128822!16s%2Fg%2F11fl98lfdm!19sChIJZRkoJqUjyRIRr5FWOcBTWU0?authuser=0&hl=fr&rclk=1,Ménage et repassage à domicile - Shiva Hyères,"4,9",-198,Service de ménage,35 Av. Gambetta,04 94 57 07 40,https://www.shiva.fr/menage-repassage-domicile/hyeres?utm_campaign=shiva-hyeres-GMB&utm_medium=shiva_hyeres_GMB&utm_source=prm_GMB&utm_term=web
https://www.google.com/maps/place/Entreprise+de+nettoyage/data=!4m7!3m6!1s0x12c923f29de54b69:0xfd349e64c5487437!8m2!3d43.1184783!4d6.1228619!16s%2Fg%2F11fjvtnw1z!19sChIJaUvlnfIjyRIRN3RIxWSeNP0?authuser=0&hl=fr&rclk=1,Entreprise de nettoyage,"3,3",-4,Service de nettoyage et d'entretien,15 Rue Seré de Rivières,04 83 42 24 15,
"https://www.google.com/maps/place/Vision+Propret%C3%A9+%E2%80%94+Nettoyage+int%C3%A9rieur,+ext%C3%A9rieur+%26+apr%C3%A8s+chantier/data=!4m7!3m6!1s0x8e17d1d4c721d9c9:0xcbdbefb0ab10f10e!8m2!3d43.120637!4d6.135758!16s%2Fg%2F11v0n56y2z!19sChIJydkhx9TRF44RDvEQq7Dv28s?authuser=0&hl=fr&rclk=1","Vision Propreté — Nettoyage intérieur, extérieur & après chantier",5,-108,Service de nettoyage et d'entretien,1 Av. Nocart,06 60 07 14 98,https://www.visionproprete.com/
https://www.google.com/maps/place/AVENIR+CONSTRUCTION/data=!4m7!3m6!1s0x12c9230ec9a61765:0x17b282f0ad604830!8m2!3d43.1207517!4d6.1336882!16s%2Fg%2F11jcv8kysr!19sChIJZRemyQ4jyRIRMEhgrfCCshc?authuser=0&hl=fr&rclk=1,AVENIR CONSTRUCTION,"4,8",-23,Entreprise de construction,57 Av. Alphonse Denis,06 14 57 01 24,https://avenir-construction.com/
https://www.google.com/maps/place/SCHMIDT+Hy%C3%A8res/data=!4m7!3m6!1s0x12c923154e307bef:0xdc4fc4064fd43ade!8m2!3d43.1008667!4d6.1309751!16s%2Fg%2F11vb0v83gz!19sChIJ73swThUjyRIR3jrUTwbET9w?authuser=0&hl=fr&rclk=1,SCHMIDT Hyères,"4,9",-121,Cuisiniste,·,04 94 38 22 44,https://www.home-design.schmidt/fr-fr/magasins/var/hyeres
https://www.google.com/maps/place/illiCO+travaux+hyeres/data=!4m7!3m6!1s0x12c92373280fb6bf:0xb8d2027cfbd98336!8m2!3d43.1176182!4d6.130164!16s%2Fg%2F11lcdss6d4!19sChIJv7YPKHMjyRIRNoPZ-3wC0rg?authuser=0&hl=fr&rclk=1,illiCO travaux hyeres,"4,8",-37,Travaux généraux,14 Rue Jean Aicard,06 03 95 37 59,https://www.illico-travaux.com/agence/illico-travaux-hyeres-sud/?utm_agence=153499&utm_campaign=gmb-gmb150107220&utm_medium=site-internet-illico-travaux0&utm_source=gmb0
https://www.google.com/maps/place/Harmonie+Propret%C3%A9/data=!4m7!3m6!1s0x12c925aeb8064801:0xa56ab433c0cf5990!8m2!3d43.1196819!4d6.1282214!16s%2Fg%2F11j64qyq9c!19sChIJAUgGuK4lyRIRkFnPwDO0aqU?authuser=0&hl=fr&rclk=1,Harmonie Propreté,5,-10,Service de nettoyage et d'entretien,3 Av. du Dr Jean Jacques Perron,06 08 08 27 15,
https://www.google.com/maps/place/Bussone+Constructions/data=!4m7!3m6!1s0x12c92160d824636f:0x27c65cf68a158d1d!8m2!3d43.1009869!4d6.1308531!16s%2Fg%2F1tq4hdpx!19sChIJb2Mk2GAhyRIRHY0VivZcxic?authuser=0&hl=fr&rclk=1,Bussone Constructions,4,-9,Entreprise de génie civil,·,04 94 38 83 02,https://bussone-constructions.fr/
https://www.google.com/maps/place/Agence+O2+Hy%C3%A8res+%2F+O2+Jardi-Brico+Hy%C3%A8res+-+Secteur+Toulon+-+Services+%C3%A0+domicile/data=!4m7!3m6!1s0x12c923f2091c9105:0x374e968dfa5656c1!8m2!3d43.1020568!4d6.1416286!16s%2Fg%2F11b6dp8z2y!19sChIJBZEcCfIjyRIRwVZW-o2WTjc?authuser=0&hl=fr&rclk=1,Agence O2 Hyères / O2 Jardi-Brico Hyères - Secteur Toulon - Services à domicile,"4,4",-64,Service de ménage,393-395 Rue Nicéphore Niépce,02 14 00 68 90,https://www.o2.fr/o2-hyeres-395-rue-nicephore-niepce-83400?utm_source=google&utm_medium=organic&utm_campaign=seo-local&utm_content=website
https://www.google.com/maps/place/HOMMAGES+Pompes+Fun%C3%A8bres+-+Hy%C3%A8res+-+URGENCE+D%C3%A9c%C3%A8s+PACA+24H%2F7J/data=!4m7!3m6!1s0x12c92337dce9f8f5:0x85f8d155cecd23d!8m2!3d43.1214492!4d6.1315135!16s%2Fg%2F11fmp7mqhs!19sChIJ9fjp3DcjyRIRPdLsXBWNXwg?authuser=0&hl=fr&rclk=1,HOMMAGES Pompes Funèbres - Hyères - URGENCE Décès PACA 24H/7J,"4,9",-124,Entreprise de pompes funèbres,·,04 83 42 19 62,https://www.pompes-funebres-varoises.fr/
https://www.google.com/maps/place/Demeco+-+D%C3%A9m%C3%A9nagements+Matraloc+Hy%C3%A8res/data=!4m7!3m6!1s0x12c92338f6940dbd:0x412a3530386aef1b!8m2!3d43.1026678!4d6.1427988!16s%2Fg%2F11r97jnddx!19sChIJvQ2U9jgjyRIRG-9qODA1KkE?authuser=0&hl=fr&rclk=1,Demeco - Déménagements Matraloc Hyères,"4,6",-38,Services de déménagement et de stockage,·,04 82 29 58 96,https://agences.demeco.fr/provence-alpes-cote-dazur/var/hyeres/matraloc-hyeres-51?utm_campaign=gmb&utm_medium=seo&utm_source=google
https://www.google.com/maps/place/Entreprise+Monti+Nanni/data=!4m7!3m6!1s0x12c922fe2a3cc903:0x90e47bed85cbeb28!8m2!3d43.1306559!4d6.1099404!16s%2Fg%2F113fsq_bs!19sChIJA8k8Kv4iyRIRKOvLhe175JA?authuser=0&hl=fr&rclk=1,Entreprise Monti Nanni,5,-3,Société de travaux publics,753 Chem. du Fenouillet,09 65 19 72 70,
https://www.google.com/maps/place/Pacific+Transports+Paca/data=!4m7!3m6!1s0x12c923b7bb06b2e1:0xf398e51bb547b889!8m2!3d43.1095102!4d6.118951!16s%2Fg%2F11gb3ttftl!19sChIJ4bIGu7cjyRIRibhHtRvlmPM?authuser=0&hl=fr&rclk=1,Pacific Transports Paca,"4,9",-69,Service de transport,2 Rue des Clematites,06 23 27 37 81,http://www.ptpaca.fr/
https://www.google.com/maps/place/Neovi/data=!4m7!3m6!1s0x12c923f7dc6150fb:0x539d136c8b1c4df8!8m2!3d43.1174854!4d6.127942!16s%2Fg%2F11j016g396!19sChIJ-1Bh3PcjyRIR-E0ci2wTnVM?authuser=0&hl=fr&rclk=1,Neovi,"4,6",-18,Agent immobilier,3 Av. Ernest Millet,04 94 00 55 81,http://www.neovi.immo/
https://www.google.com/maps/place/ENGIE+Home+Services+TOULON/data=!4m7!3m6!1s0x12c918392640ab63:0xe0344ec5088c5598!8m2!3d43.133525!4d5.996578!16s%2Fg%2F1tmv08sq!19sChIJY6tAJjkYyRIRmFWMCMVONOA?authuser=0&hl=fr&rclk=1,ENGIE Home Services TOULON,"4,2",-725,Chauffagiste,41 Avenue des Frères Lumière,04 94 27 49 85,https://www.google.com/aclk?sa=L&ai=DChsSEwiL6p_9wr2UAxUIMgYAHVtEOMUYACICCAEQARoCd3M&co=1&ase=2&gclid=CjwKCAjwq6DQBhBVEiwA4ZD5XBpStnUdNwTuJmlefk-qkqWbHlnpiyx7T4npS_Jsu1_RC2yxleMh4RoC7cIQAvD_BwE&cce=2&category=acrcp_v1_32&sig=AOD64_0WfTTWKn1uvGUdQDxXP1UJq671gg&adurl&q&ctype=99&nis=6
https://www.google.com/maps/place/FONCIA+%7C+Agence+Immobili%C3%A8re+%7C+Achat-Vente+%7C+Hy%C3%A8res+%7C+Avenue+Gambetta/data=!4m7!3m6!1s0x12c923a3258e8ea3:0xb120ce8c334fdcdb!8m2!3d43.1178792!4d6.1281831!16s%2Fg%2F1td2r245!19sChIJo46OJaMjyRIR29xPM4zOILE?authuser=0&hl=fr&rclk=1,FONCIA | Agence Immobilière | Achat-Vente | Hyères | Avenue Gambetta,"4,1",-87,Agence immobilière,·,04 20 98 30 98,https://fr.foncia.com/agenceimmobiliere/hyeres-83400/agence-immobiliere/foncia-transaction-hyeres-gambetta-1120
https://www.google.com/maps/place/Ascenseurs+PAOLI+83/data=!4m7!3m6!1s0x12c92318b3693f8b:0x68097a88fb25b030!8m2!3d43.1154797!4d6.134726!16s%2Fg%2F11v11xqn0p!19sChIJiz9psxgjyRIRMLAl-4h6CWg?authuser=0&hl=fr&rclk=1,Ascenseurs PAOLI 83,5,-1,Service de maintenance d'ascenseurs,6 Rue Georges Simenon,06 81 36 12 32,https://www.ascenseurs-paoli.fr/
https://www.google.com/maps/place/SG/data=!4m7!3m6!1s0x12c923b90ccb1d8d:0x8ee9efd233a99fe!8m2!3d43.1109598!4d6.1242487!16s%2Fg%2F1yj4k3n9n!19sChIJjR3LDLkjyRIR_pk6I_2e7gg?authuser=0&hl=fr&rclk=1,SG,"4,1",-76,Banque,·,04 94 01 50 70,https://agences.sg.fr/banque-assurance/particulier/agence-hyeres-gare-godillot-id3000303334
https://www.google.com/maps/place/Happyssimmo+-+Agence+Immobili%C3%A8re+Hy%C3%A8res+-+Vente+Gestion+Location+Estimation+Immobili%C3%A8re/data=!4m7!3m6!1s0x12c9232a19e6fc5f:0x2d85ab87cc9b6254!8m2!3d43.1193007!4d6.1286802!16s%2Fg%2F11ghpc4flt!19sChIJX_zmGSojyRIRVGKbzIerhS0?authuser=0&hl=fr&rclk=1,Happyssimmo - Agence Immobilière Hyères - Vente Gestion Location Estimation Immobilière,"4,7",-92,Agence immobilière,7 BIS Av. Gambetta,04 22 66 00 11,https://www.happyssimmo.com/
https://www.google.com/maps/place/Soci%C3%A9t%C3%A9+Azur+Provence+Peinture+-+S+A+P+P/data=!4m7!3m6!1s0x12c92135d3955555:0x8328ef3605bfed5!8m2!3d43.1121657!4d6.1110187!16s%2Fg%2F1tl5_k9f!19sChIJVVWV0zUhyRIR1f5bYPOOMgg?authuser=0&hl=fr&rclk=1,Société Azur Provence Peinture - S A P P,5,-3,Peintre en bâtiment,92 Rue Philémon Laugier,04 94 57 03 25,
https://www.google.com/maps/place/hm3des+exterminateur+de+nuisibles+%C3%A0+Hy%C3%A8res+%2883%29+et+alentours.+%28VAR%29/data=!4m7!3m6!1s0x12c923666c3c5ced:0xac1adfc6f5d3f87d!8m2!3d43.120121!4d6.1355462!16s%2Fg%2F11v0qy7thz!19sChIJ7Vw8bGYjyRIRffjT9cbfGqw?authuser=0&hl=fr&rclk=1,hm3des exterminateur de nuisibles à Hyères (83) et alentours. (VAR),5,-47,Service d'extermination des nuisibles,1 bis Rue des Bigaradiers,07 83 63 15 96,https://hm3des.com/?fbclid=IwZXh0bgNhZW0CMTEAAR1QckQIBOSOJsLD0HTMTdJl7cWly3VpMGsf1Mjw17fNe8yODYy-zXEY-Rs_aem_BO4Jl2b4qDg4Oa_6duCkKA
https://www.google.com/maps/place/CDT+DEMENAGEMENT+HYERES/data=!4m7!3m6!1s0x12c9239b685f6c47:0x141469550199748a!8m2!3d43.1205388!4d6.1392793!16s%2Fg%2F11y722k1s_!19sChIJR2xfaJsjyRIRinSZAVVpFBQ?authuser=0&hl=fr&rclk=1,CDT DEMENAGEMENT HYERES,5,-33,Entreprise de déménagement,12 Av. 1ère Division Général Brosset,04 22 14 02 64,https://demenagement-hyeres.fr/
https://www.google.com/maps/place/Alternatives+Hy%C3%A8res/data=!4m7!3m6!1s0x12c923f15ae6de1b:0xe592f9ab53cd42a1!8m2!3d43.1242053!4d6.1334916!16s%2Fg%2F11j8z7t6k2!19sChIJG97mWvEjyRIRoULNU6v5kuU?authuser=0&hl=fr&rclk=1,Alternatives Hyères,,,Chauffagiste,34 Bd Frédéric Mistral,04 22 54 05 70,http://www.acommeartisan.fr/
https://www.google.com/maps/place/Air+Sud+Clim/data=!4m7!3m6!1s0x12c923860b6348ef:0xc37293708a437f63!8m2!3d43.2946182!4d5.200604!16s%2Fg%2F11ffm1lmbk!19sChIJ70hjC4YjyRIRY39DinCTcsM?authuser=0&hl=fr&rclk=1,Air Sud Clim,"4,4",-13,Fournisseur de systèmes de climatisation,·,06 21 87 24 08,http://www.facebook.com/AIR-SUD-CLIM-1017238788347270
https://www.google.com/maps/place/SUEZ+Activit%C3%A9+Eau+France/data=!4m7!3m6!1s0x12c923257690f6d9:0xda3a218292f645ba!8m2!3d43.119469!4d6.127015!16s%2Fg%2F11j8vyvgps!19sChIJ2faQdiUjyRIRukX2koIhOto?authuser=0&hl=fr&rclk=1,SUEZ Activité Eau France,4,-107,Compagnie des eaux,·,,http://www.toutsurmoneau.fr/
https://www.google.com/maps/place/FONCIA+%7C+Agence+Immobili%C3%A8re+%7C+Achat-Vente+%7C+Hy%C3%A8res+%7C+Avenue+Gambetta/data=!4m7!3m6!1s0x12c923a3258e8ea3:0xb120ce8c334fdcdb!8m2!3d43.1178792!4d6.1281831!16s%2Fg%2F1td2r245!19sChIJo46OJaMjyRIR29xPM4zOILE?authuser=0&hl=fr&rclk=1,FONCIA | Agence Immobilière | Achat-Vente | Hyères | Avenue Gambetta,"4,1",-87,Agence immobilière,·,04 20 98 30 98,https://fr.foncia.com/agenceimmobiliere/hyeres-83400/agence-immobiliere/foncia-transaction-hyeres-gambetta-1120
https://www.google.com/maps/place/Ascenseurs+PAOLI+83/data=!4m7!3m6!1s0x12c92318b3693f8b:0x68097a88fb25b030!8m2!3d43.1154797!4d6.134726!16s%2Fg%2F11v11xqn0p!19sChIJiz9psxgjyRIRMLAl-4h6CWg?authuser=0&hl=fr&rclk=1,Ascenseurs PAOLI 83,5,-1,Service de maintenance d'ascenseurs,6 Rue Georges Simenon,06 81 36 12 32,https://www.ascenseurs-paoli.fr/
https://www.google.com/maps/place/SG/data=!4m7!3m6!1s0x12c923b90ccb1d8d:0x8ee9efd233a99fe!8m2!3d43.1109598!4d6.1242487!16s%2Fg%2F1yj4k3n9n!19sChIJjR3LDLkjyRIR_pk6I_2e7gg?authuser=0&hl=fr&rclk=1,SG,"4,1",-76,Banque,·,04 94 01 50 70,https://agences.sg.fr/banque-assurance/particulier/agence-hyeres-gare-godillot-id3000303334
https://www.google.com/maps/place/Happyssimmo+-+Agence+Immobili%C3%A8re+Hy%C3%A8res+-+Vente+Gestion+Location+Estimation+Immobili%C3%A8re/data=!4m7!3m6!1s0x12c9232a19e6fc5f:0x2d85ab87cc9b6254!8m2!3d43.1193007!4d6.1286802!16s%2Fg%2F11ghpc4flt!19sChIJX_zmGSojyRIRVGKbzIerhS0?authuser=0&hl=fr&rclk=1,Happyssimmo - Agence Immobilière Hyères - Vente Gestion Location Estimation Immobilière,"4,7",-92,Agence immobilière,7 BIS Av. Gambetta,04 22 66 00 11,https://www.happyssimmo.com/
https://www.google.com/maps/place/Soci%C3%A9t%C3%A9+Azur+Provence+Peinture+-+S+A+P+P/data=!4m7!3m6!1s0x12c92135d3955555:0x8328ef3605bfed5!8m2!3d43.1121657!4d6.1110187!16s%2Fg%2F1tl5_k9f!19sChIJVVWV0zUhyRIR1f5bYPOOMgg?authuser=0&hl=fr&rclk=1,Société Azur Provence Peinture - S A P P,5,-3,Peintre en bâtiment,92 Rue Philémon Laugier,04 94 57 03 25,
https://www.google.com/maps/place/hm3des+exterminateur+de+nuisibles+%C3%A0+Hy%C3%A8res+%2883%29+et+alentours.+%28VAR%29/data=!4m7!3m6!1s0x12c923666c3c5ced:0xac1adfc6f5d3f87d!8m2!3d43.120121!4d6.1355462!16s%2Fg%2F11v0qy7thz!19sChIJ7Vw8bGYjyRIRffjT9cbfGqw?authuser=0&hl=fr&rclk=1,hm3des exterminateur de nuisibles à Hyères (83) et alentours. (VAR),5,-47,Service d'extermination des nuisibles,1 bis Rue des Bigaradiers,07 83 63 15 96,https://hm3des.com/?fbclid=IwZXh0bgNhZW0CMTEAAR1QckQIBOSOJsLD0HTMTdJl7cWly3VpMGsf1Mjw17fNe8yODYy-zXEY-Rs_aem_BO4Jl2b4qDg4Oa_6duCkKA
https://www.google.com/maps/place/CDT+DEMENAGEMENT+HYERES/data=!4m7!3m6!1s0x12c9239b685f6c47:0x141469550199748a!8m2!3d43.1205388!4d6.1392793!16s%2Fg%2F11y722k1s_!19sChIJR2xfaJsjyRIRinSZAVVpFBQ?authuser=0&hl=fr&rclk=1,CDT DEMENAGEMENT HYERES,5,-33,Entreprise de déménagement,12 Av. 1ère Division Général Brosset,04 22 14 02 64,https://demenagement-hyeres.fr/
https://www.google.com/maps/place/Alternatives+Hy%C3%A8res/data=!4m7!3m6!1s0x12c923f15ae6de1b:0xe592f9ab53cd42a1!8m2!3d43.1242053!4d6.1334916!16s%2Fg%2F11j8z7t6k2!19sChIJG97mWvEjyRIRoULNU6v5kuU?authuser=0&hl=fr&rclk=1,Alternatives Hyères,,,Chauffagiste,34 Bd Frédéric Mistral,04 22 54 05 70,http://www.acommeartisan.fr/
https://www.google.com/maps/place/Air+Sud+Clim/data=!4m7!3m6!1s0x12c923860b6348ef:0xc37293708a437f63!8m2!3d43.2946182!4d5.200604!16s%2Fg%2F11ffm1lmbk!19sChIJ70hjC4YjyRIRY39DinCTcsM?authuser=0&hl=fr&rclk=1,Air Sud Clim,"4,4",-13,Fournisseur de systèmes de climatisation,·,06 21 87 24 08,http://www.facebook.com/AIR-SUD-CLIM-1017238788347270
https://www.google.com/maps/place/SUEZ+Activit%C3%A9+Eau+France/data=!4m7!3m6!1s0x12c923257690f6d9:0xda3a218292f645ba!8m2!3d43.119469!4d6.127015!16s%2Fg%2F11j8vyvgps!19sChIJ2faQdiUjyRIRukX2koIhOto?authuser=0&hl=fr&rclk=1,SUEZ Activité Eau France,4,-107,Compagnie des eaux,·,,http://www.toutsurmoneau.fr/
https://www.google.com/maps/place/Intermed+Exportation/data=!4m7!3m6!1s0x12c9224a71259ccb:0x5c6a1e1c09d691ba!8m2!3d43.109176!4d6.1067894!16s%2Fg%2F11b6glbq61!19sChIJy5wlcUoiyRIRupHWCRwealw?authuser=0&hl=fr&rclk=1,Intermed Exportation,"4,4",-39,Société d'import-export,·,04 94 01 23 45,http://www.intermedical.com/
https://www.google.com/maps/place/Giannetti+La+Petite+Venise/data=!4m7!3m6!1s0x12c923b503e87f57:0x1959a804e83cbd2f!8m2!3d43.1107688!4d6.1124829!16s%2Fg%2F1v8syq9n!19sChIJV3_oA7UjyRIRL7086ASoWRk?authuser=0&hl=fr&rclk=1,Giannetti La Petite Venise,"4,6",-39,Vitrerie - miroiterie,·,04 94 57 43 20,https://www.miroiterie-lapetitevenise.fr/
https://www.google.com/maps/place/Puchala+Paysage/data=!4m7!3m6!1s0x12c92383fb1eec09:0x8382bb5d2ea609a5!8m2!3d43.1216918!4d6.1469028!16s%2Fg%2F11b6dppmq_!19sChIJCewe-4MjyRIRpQmmLl27goM?authuser=0&hl=fr&rclk=1,Puchala Paysage,5,-10,Paysagiste,13 Imp. Lamarck,06 35 42 41 62,http://www.puchala-paysage.com/
https://www.google.com/maps/place/Nous+chez+Vous+-+Aide+%C3%A0+domicile+%C3%A0+Hy%C3%A8res/data=!4m7!3m6!1s0x12c923a2da03cdb7:0xd767e9e9474adbda!8m2!3d43.1080274!4d6.1189632!16s%2Fg%2F11b7lm52td!19sChIJt80D2qIjyRIR2ttKR-npZ9c?authuser=0&hl=fr&rclk=1,Nous chez Vous - Aide à domicile à Hyères,"4,8",-86,Agence de services d'aide à domicile,·,04 22 18 00 10,https://www.nouschezvous.fr/
https://www.google.com/maps/place/Vision+Travaux+Speciaux/data=!4m7!3m6!1s0x12c923f27599b021:0x1e9cd240518bc869!8m2!3d43.1033525!4d6.1420927!16s%2Fg%2F11b6dp745f!19sChIJIbCZdfIjyRIRaciLUUDSnB4?authuser=0&hl=fr&rclk=1,Vision Travaux Speciaux,"2,7",-7,Maçon,124 Rue Nicéphore Niépce,04 94 35 48 52,https://www.visiontravauxspeciaux.com/
https://www.google.com/maps/place/Senior+Compagnie+Hy%C3%A8res+-+Aide+%C3%A0+Domicile/data=!4m7!3m6!1s0x12c9232243a90f5d:0x13dc6c65b8175e34!8m2!3d43.1027018!4d6.1427456!16s%2Fg%2F11y51sy5_8!19sChIJXQ-pQyIjyRIRNF4XuGVs3BM?authuser=0&hl=fr&rclk=1,Senior Compagnie Hyères - Aide à Domicile,5,-10,Agence de services d'aide à domicile,196 Rue Nicéphore Niépce,06 80 20 03 17,https://senior-compagnie.fr/agence/var/aide-a-domicile-a-hyeres/
https://www.google.com/maps/place/Radical+-+Luggage+Storage+Hy%C3%A8res+togstation/data=!4m7!3m6!1s0x12c9238afa4b9419:0x2d6ff392ded1f584!8m2!3d43.1105891!4d6.1256749!16s%2Fg%2F11njfncz02!19sChIJGZRL-oojyRIRhPXR3pLzby0?authuser=0&hl=fr&rclk=1,Radical - Luggage Storage Hyères togstation,1,-1,Consigne à bagages,38 Av. Edith Cavell,07 56 28 87 10,https://radicalstorage.com/luggage-storage/hyeres/hyeres-train-station/luggage-storage-hyeres-train-station?utm_source=gmb&utm_medium=hyeres&utm_campaign=hyeres-train-station&utm_content=websiteclick
https://www.google.com/maps/place/Gervasio+Francesco+-+Construction+%26+R%C3%A9novation+QUALIBAT+RGE/data=!4m7!3m6!1s0xa38fcb3a5d219735:0x1d8e220089622f5f!8m2!3d43.3954555!4d6.294747!16s%2Fg%2F11ry3m2xfh!19sChIJNZchXTrLj6MRXy9iiQAijh0?authuser=0&hl=fr&rclk=1,Gervasio Francesco - Construction & Rénovation QUALIBAT RGE,"4,9",-47,Plombier,·,06 45 01 78 55,
https://www.google.com/maps/place/PRO%26Cie+-+Ent.+H.T.V.+Electronic/data=!4m7!3m6!1s0x12c923ba518ac18f:0xacc1af50dec484a3!8m2!3d43.1159512!4d6.122516!16s%2Fg%2F1tdj7tx9!19sChIJj8GKUbojyRIRo4TE3lCvwaw?authuser=0&hl=fr&rclk=1,PRO&Cie - Ent. H.T.V. Electronic,"4,1",-36,Service de réparation d'appareils électroménagers,·,04 94 35 82 50,https://www.procie.com/
https://www.google.com/maps/place/Bob+Carrelage+Hy%C3%A8res/data=!4m7!3m6!1s0x12c923b499ce6487:0x2ebf4d890d1b3b12!8m2!3d43.1126823!4d6.111061!16s%2Fg%2F1tgfm9wb!19sChIJh2TOmbQjyRIREjsbDYlNvy4?authuser=0&hl=fr&rclk=1,Bob Carrelage Hyères,"4,6",-149,Magasin de carrelage,·,04 94 01 27 18,http://www.bob-carrelage.com/
https://www.google.com/maps/place/Senior+Compagnie+Hy%C3%A8res+-+Aide+%C3%A0+Domicile/data=!4m7!3m6!1s0x12c9232243a90f5d:0x13dc6c65b8175e34!8m2!3d43.1027018!4d6.1427456!16s%2Fg%2F11y51sy5_8!19sChIJXQ-pQyIjyRIRNF4XuGVs3BM?authuser=0&hl=fr&rclk=1,Senior Compagnie Hyères - Aide à Domicile,5,-10,Agence de services d'aide à domicile,196 Rue Nicéphore Niépce,06 80 20 03 17,https://senior-compagnie.fr/agence/var/aide-a-domicile-a-hyeres/
https://www.google.com/maps/place/Radical+-+Luggage+Storage+Hy%C3%A8res+togstation/data=!4m7!3m6!1s0x12c9238afa4b9419:0x2d6ff392ded1f584!8m2!3d43.1105891!4d6.1256749!16s%2Fg%2F11njfncz02!19sChIJGZRL-oojyRIRhPXR3pLzby0?authuser=0&hl=fr&rclk=1,Radical - Luggage Storage Hyères togstation,1,-1,Consigne à bagages,38 Av. Edith Cavell,07 56 28 87 10,https://radicalstorage.com/luggage-storage/hyeres/hyeres-train-station/luggage-storage-hyeres-train-station?utm_source=gmb&utm_medium=hyeres&utm_campaign=hyeres-train-station&utm_content=websiteclick
https://www.google.com/maps/place/Gervasio+Francesco+-+Construction+%26+R%C3%A9novation+QUALIBAT+RGE/data=!4m7!3m6!1s0xa38fcb3a5d219735:0x1d8e220089622f5f!8m2!3d43.3954555!4d6.294747!16s%2Fg%2F11ry3m2xfh!19sChIJNZchXTrLj6MRXy9iiQAijh0?authuser=0&hl=fr&rclk=1,Gervasio Francesco - Construction & Rénovation QUALIBAT RGE,"4,9",-47,Plombier,·,06 45 01 78 55,
https://www.google.com/maps/place/PRO%26Cie+-+Ent.+H.T.V.+Electronic/data=!4m7!3m6!1s0x12c923ba518ac18f:0xacc1af50dec484a3!8m2!3d43.1159512!4d6.122516!16s%2Fg%2F1tdj7tx9!19sChIJj8GKUbojyRIRo4TE3lCvwaw?authuser=0&hl=fr&rclk=1,PRO&Cie - Ent. H.T.V. Electronic,"4,1",-36,Service de réparation d'appareils électroménagers,·,04 94 35 82 50,https://www.procie.com/
https://www.google.com/maps/place/Bob+Carrelage+Hy%C3%A8res/data=!4m7!3m6!1s0x12c923b499ce6487:0x2ebf4d890d1b3b12!8m2!3d43.1126823!4d6.111061!16s%2Fg%2F1tgfm9wb!19sChIJh2TOmbQjyRIREjsbDYlNvy4?authuser=0&hl=fr&rclk=1,Bob Carrelage Hyères,"4,6",-149,Magasin de carrelage,·,04 94 01 27 18,http://www.bob-carrelage.com/
https://www.google.com/maps/place/Optimhome+Services/data=!4m7!3m6!1s0x12c923a35402a0db:0x43ecce1944b713fd!8m2!3d43.1190925!4d6.1283956!16s%2Fg%2F1thsznbt!19sChIJ26ACVKMjyRIR_RO3RBnO7EM?authuser=0&hl=fr&rclk=1,Optimhome Services,4,-9,Agence de services d'aide à domicile,18 Bis Av. Gambetta,04 94 01 01 01,https://www.optimhome-services.fr/
https://www.google.com/maps/place/Agence+immobili%C3%A8re+NG+Immobilier+HYERES/data=!4m7!3m6!1s0x12c923a39bb27ccd:0x46ecc0d7d192c17b!8m2!3d43.1193474!4d6.1286698!16s%2Fg%2F1tdjd_v0!19sChIJzXyym6MjyRIRe8GS0dfA7EY?authuser=0&hl=fr&rclk=1,Agence immobilière NG Immobilier HYERES,"4,4",-29,Agence immobilière,7b Av. Gambetta,04 94 01 47 00,
https://www.google.com/maps/place/P%27HYERES+ELECTRONIQUE/data=!4m7!3m6!1s0x12c923a2c47e953f:0x5aa3dbd531b70695!8m2!3d43.118086!4d6.129629!16s%2Fg%2F1vntxr8g!19sChIJP5V-xKIjyRIRlQa3MdXbo1o?authuser=0&hl=fr&rclk=1,P'HYERES ELECTRONIQUE,"4,7",-20,Entretien d'antennes,18 Rue Brest,04 94 65 33 00,http://www.phyereselectronique.fr/
https://www.google.com/maps/place/Soci%C3%A9te+Azur%C3%A9enne+de+Ma%C3%A7onnerie/data=!4m7!3m6!1s0x12c923b1b63a34dd:0xd887fff1ed45f40a!8m2!3d43.1165635!4d6.1178726!16s%2Fg%2F1tdqdnpc!19sChIJ3TQ6trEjyRIRCvRF7fH_h9g?authuser=0&hl=fr&rclk=1,Sociéte Azuréenne de Maçonnerie,,,Maçon,28 Rue des Citronniers,06 51 51 74 87,
https://www.google.com/maps/place/Societe+Civile+De+Moyen+Beldjerd+Sansone/data=!4m7!3m6!1s0x12c923a3a833634f:0x7089e9fc209199f2!8m2!3d43.1197631!4d6.128342!16s%2Fg%2F11c5s9f407!19sChIJT2MzqKMjyRIR8pmRIPzpiXA?authuser=0&hl=fr&rclk=1,Societe Civile De Moyen Beldjerd Sansone,4,-1,Avocat,1 Rue Portalet,04 94 01 33 50,
https://www.google.com/maps/place/SENIOR+TECH/data=!4m7!3m6!1s0x12c9231c5ba89603:0x4953196ddcd02420!8m2!3d43.120004!4d6.129619!16s%2Fg%2F11xg3kk29t!19sChIJA5aoWxwjyRIRICTQ3G0ZU0k?authuser=0&hl=fr&rclk=1,SENIOR TECH,5,-8,Aide à domicile,Av. Joseph Clotis,06 24 75 57 15,
https://www.google.com/maps/place/Societe+Provence+Environnement/data=!4m7!3m6!1s0x12c923a2c260df73:0x63ab21458f8229e3!8m2!3d43.1183012!4d6.1296546!16s%2Fg%2F1tj635dg!19sChIJc99gwqIjyRIR4ymCj0Uhq2M?authuser=0&hl=fr&rclk=1,Societe Provence Environnement,,,Service forestier,2 Rue Crivelli,06 16 38 18 88,
https://www.google.com/maps/place/ALEXPERIMMO+DIAGNOSTIC+%26+EXPERTISES+HYERES+VAR+PACA/data=!4m7!3m6!1s0x12c923a049f1d217:0xb0c4e5e3ca2d143!8m2!3d43.1248138!4d6.1302773!16s%2Fg%2F11_dqy0h8!19sChIJF9LxSaAjyRIRQ9GiPF5ODAs?authuser=0&hl=fr&rclk=1,ALEXPERIMMO DIAGNOSTIC & EXPERTISES HYERES VAR PACA,"4,9",-100,Expert immobilier,6 Mnt de Noailles,06 58 28 17 89,http://www.alexperimmo.fr/?utm_source=gmb
https://www.google.com/maps/place/FONCIA+%7C+Agence+Immobili%C3%A8re+%7C+Gestion+Locative+-+Syndic+-+Location+%7C+Hy%C3%A8res+%7C+Rue+Georges+Simenon/data=!4m7!3m6!1s0x12c9238604762775:0xb177cfb163550ce2!8m2!3d43.11555!4d6.13446!16s%2Fg%2F11ttbbbmz4!19sChIJdSd2BIYjyRIR4gxVY7HPd7E?authuser=0&hl=fr&rclk=1,FONCIA | Agence Immobilière | Gestion Locative - Syndic - Location | Hyères | Rue Georges Simenon,"3,3",-43,Agence immobilière,6 Rue Georges Simenon,04 94 09 50 50,https://fr.foncia.com/agence-immobiliere/hyeres-83400/agence-immobiliere/foncia-toulon-6622
https://www.google.com/maps/place/Le+Roy-Barr%C3%A9+Immobilier/data=!4m7!3m6!1s0x12c923bc59ee77d3:0x30e8a5ab398f9092!8m2!3d43.1192684!4d6.1291706!16s%2Fg%2F11cjp7zts9!19sChIJ03fuWbwjyRIRkpCPOaul6DA?authuser=0&hl=fr&rclk=1,Le Roy-Barré Immobilier,"4,8",-99,Agence immobilière,3 Av. Maréchal Lyautey,04 86 11 24 56,https://www.leroybarre-immobilier.com/
https://www.google.com/maps/place/Neptune+Cr%C3%A9ation/data=!4m7!3m6!1s0x613a2f53f8da0b9:0xe59de53fd684ea1a!8m2!3d43.1195231!4d6.1263716!16s%2Fg%2F11wy76z5f7!19sChIJuaCNP_WiEwYRGuqE1j_lneU?authuser=0&hl=fr&rclk=1,Neptune Création,5,-2,Société de construction de piscine,14 Av. du Dr Jean Jacques Perron,07 82 93 57 28,https://www.neptunelagon.com/
https://www.google.com/maps/place/Joffrion+Samuel/data=!4m7!3m6!1s0x12c923a232cf1c51:0xdd7ba094ad9d8133!8m2!3d43.1214336!4d6.1289875!16s%2Fg%2F11b6dfnhpg!19sChIJURzPMqIjyRIRM4GdrZSge90?authuser=0&hl=fr&rclk=1,Joffrion Samuel,,,Société de travaux publics,34 Rue Massillon,09 52 30 68 21,
https://www.google.com/maps/place/Soci%C3%A9t%C3%A9+Nouvelle+Acm/data=!4m7!3m6!1s0x12c923b48e63bdff:0x92701baca1fc3157!8m2!3d43.1120882!4d6.1128215!16s%2Fg%2F11bbwz797j!19sChIJ_71jjrQjyRIRVzH8oawbcJI?authuser=0&hl=fr&rclk=1,Société Nouvelle Acm,4,-7,Magasin de materiaux de construction,·,04 94 57 47 20,
https://www.google.com/maps/place/SYPRO+TECHNOLOGIES/data=!4m7!3m6!1s0x12c922a1437076bd:0x5ff560b0f09936a2!8m2!3d43.1158971!4d6.1326184!16s%2Fg%2F1tcwbktr!19sChIJvXZwQ6EiyRIRojaZ8LBg9V8?authuser=0&hl=fr&rclk=1,SYPRO TECHNOLOGIES,5,-5,Entreprise de logiciels,·,04 94 35 13 65,https://www.syprotech.com/
"https://www.google.com/maps/place/AIZAC+SERRA+ET+ASSOCIES+-+Avocat+droit+des+affaires,+droit+des+soci%C3%A9t%C3%A9s+et+fiscalit%C3%A9+%C3%A0+Hy%C3%A8res/data=!4m7!3m6!1s0x12c923a303e85d1b:0xb280d97509604846!8m2!3d43.1192767!4d6.1288918!16s%2Fg%2F1thpb1xg!19sChIJG13oA6MjyRIRRkhgCXXZgLI?authuser=0&hl=fr&rclk=1","AIZAC SERRA ET ASSOCIES - Avocat droit des affaires, droit des sociétés et fiscalité à Hyères","4,6",-9,Avocat,·,04 94 12 63 33,http://www.aizac-associes.com/fr/cabinet-aizac-associes.htm
https://www.google.com/maps/place/MG+Prestige/data=!4m7!3m6!1s0x12c9237c870eb08b:0xbab8baab5d0744da!8m2!3d43.1226934!4d6.1177948!16s%2Fg%2F11t4l5r6m5!19sChIJi7AOh3wjyRIR2kQHXau6uLo?authuser=0&hl=fr&rclk=1,MG Prestige,5,-2,Service de nettoyage et d'entretien,13 Av. de Toulon,07 78 70 82 03,
https://www.google.com/maps/place/Foncia+Toulon+-+Hyeres/data=!4m7!3m6!1s0x12c9232202dae02d:0x1f2a82c25cdcf13b!8m2!3d43.1154!4d6.12864!16s%2Fg%2F11yfmxrdcw!19sChIJLeDaAiIjyRIRO_HcXMKCKh8?authuser=0&hl=fr&rclk=1,Foncia Toulon - Hyeres,5,-9,Agence immobilière,55 Av. Gambetta,04 94 09 50 50,https://fr.foncia.com/agence-immobiliere/hyeres-83400/agence-immobiliere/foncia-toulon-hyeres-7410
https://www.google.com/maps/place/Ouihelp+Hy%C3%A8res+-+Aide+%C3%A0+domicile/data=!4m7!3m6!1s0x12c9239711a9edcb:0xe1a8a6e4d36340!8m2!3d43.1154797!4d6.134726!16s%2Fg%2F11b75kqz1z!19sChIJy-2pEZcjyRIRQGPT5Kao4QA?authuser=0&hl=fr&rclk=1,Ouihelp Hyères - Aide à domicile,5,-24,Aide à domicile,"Le Palatin, 6 Rue Georges Simenon Centre Paramédical, 2eme étage",04 81 68 00 16,https://www.ouihelp.fr/aide-a-domicile-a-hyeres/?utm_source=Bridge&utm_medium=Bridge&utm_campaign=hyeres_CTA_site
https://www.google.com/maps/place/Renovi/data=!4m7!3m6!1s0x12c923956061ba1f:0x5aec7b872032d3c!8m2!3d43.1174854!4d6.127942!16s%2Fg%2F11h7z1x4x8!19sChIJH7phYJUjyRIRPC0DcrjHrgU?authuser=0&hl=fr&rclk=1,Renovi,5,-1,Promoteur immobilier,3 Av. Ernest Millet,04 94 00 55 81,http://www.renovi-immobilier.fr/
https://www.google.com/maps/place/ACCP/data=!4m7!3m6!1s0x12c91a908fa5fd9b:0xa5ff09871319ae2!8m2!3d43.165865!4d5.9272999!16s%2Fg%2F11gdg89g9p!19sChIJm_2lj5AayRIR4poxcZjwXwo?authuser=0&hl=fr&rclk=1,ACCP,"3,7",-6,Chauffagiste,507 Rte de la Salvatte,04 94 57 33 14,https://www.accp83.fr/
https://www.google.com/maps/place/A%C3%89SIO+mutuelle/data=!4m7!3m6!1s0x12c92398c18a9bad:0x156f7314ea5073d9!8m2!3d43.1178906!4d6.1289048!16s%2Fg%2F1tg97k5z!19sChIJrZuKwZgjyRIR2XNQ6hRzbxU?authuser=0&hl=fr&rclk=1,AÉSIO mutuelle,"4,9",-10,Mutuelle de santé,·,04 94 12 80 40,https://agences.aesio.fr/80-hyeres?utm_source=gmb
https://www.google.com/maps/place/Lockeys+Conciergerie+Hy%C3%A8res/data=!4m7!3m6!1s0x6cc48e23d43f3629:0xfd2c297a6f4c15bb!8m2!3d43.115737!4d6.116485!16s%2Fg%2F11lyrcvs77!19sChIJKTY_1COOxGwRuxVMb3opLP0?authuser=0&hl=fr&rclk=1,Lockeys Conciergerie Hyères,5,-12,Conciergerie privée,436 Av. de la Crestade,06 77 82 94 13,https://www.lockeys-conciergerie-hyeres.fr/
https://www.google.com/maps/place/EBP+Peinture/data=!4m7!3m6!1s0x12c92308a63fe613:0x213845fee7aa50bd!8m2!3d43.3954555!4d6.294747!16s%2Fg%2F11fmnhlx8r!19sChIJE-Y_pggjyRIRvVCq5_5FOCE?authuser=0&hl=fr&rclk=1,EBP Peinture,5,-51,Peintre en bâtiment,·,07 69 22 29 04,https://ebp-peinture-var.fr/
https://www.google.com/maps/place/LVGF+-+Soci%C3%A9t%C3%A9+de+Nettoyage+d%27ext%C3%A9rieur/data=!4m7!3m6!1s0x4b7a5c0c64f766cf:0xc8ddcdb2e19c6137!8m2!3d43.1347194!4d6.1553679!16s%2Fg%2F11wbzltf0c!19sChIJz2b3ZAxceksRN2Gc4bLN3cg?authuser=0&hl=fr&rclk=1,LVGF - Société de Nettoyage d'extérieur,5,-12,Service de nettoyage et d'entretien,·,07 59 61 68 25,https://www.lvgf.fr/?utm_source=gmb
https://www.google.com/maps/place/GCE+%7C+Chauffagiste+et+Climatisation+%2877%29/data=!4m7!3m6!1s0x47e60f40112230fd:0x3c4788f6d511c36a!8m2!3d48.83036!4d2.588135!16s%2Fg%2F11pyk3cxb_!19sChIJ_TAiEUAP5kcRasMR1faIRzw?authuser=0&hl=fr&rclk=1,GCE | Chauffagiste et Climatisation (77),"4,6",-11,Chauffagiste,4 Avenue Robert Schuman,06 45 45 98 88,https://www.google.com/aclk?sa=L&ai=DChsSEwiF0Njbw72UAxX0TkECHREyJ5sYACICCAEQFBoCd3M&co=1&ase=2&gclid=CjwKCAjwq6DQBhBVEiwA4ZD5XFlckugDGrMu5_Y7MVEv02DhhjV0QrxGwmkGI5SHeRytokLykL3piRoCnzIQAvD_BwE&cce=2&category=acrcp_v1_32&sig=AOD64_01iua4fZdwJYTr6r_bxNX83y7IWQ&adurl&q&ctype=99&nis=6
https://www.google.com/maps/place/Etablissement+Lefevre+Paris+11+:+Plomberie+d%C3%A9gorgement+Chauffage+Serrurerie/data=!4m7!3m6!1s0x47e66dbe3188b537:0x1923f0870e9feef2!8m2!3d48.85857!4d2.378489!16s%2Fg%2F11nm_tdwl_!19sChIJN7WIMb5t5kcR8u6fDofwIxk?authuser=0&hl=fr&rclk=1,Etablissement Lefevre Paris 11 : Plomberie dégorgement Chauffage Serrurerie,"4,5",-148,Plombier,124 Boulevard Voltaire,01 48 05 15 15,https://www.google.com/aclk?sa=L&ai=DChsSEwiF0Njbw72UAxX0TkECHREyJ5sYACICCAEQBxoCd3M&co=1&ase=2&gclid=CjwKCAjwq6DQBhBVEiwA4ZD5XPZms9TovZrGsMaxlhGoAOterxwUYUgQe9UV2dak1g8spJAnPpxEYhoCRNkQAvD_BwE&cce=2&category=acrcp_v1_32&sig=AOD64_0iaKV9BIv1FaSyMdJemhb-s0dKIg&adurl&q&ctype=99&nis=6
https://www.google.com/maps/place/Entreprise+Laporte+Plombier+Pantin+93/data=!4m7!3m6!1s0x47e66dc0b63ba89d:0xe69c3b67308b8a15!8m2!3d48.8892851!4d2.4120189!16s%2Fg%2F11m65g8_fg!19sChIJnag7tsBt5kcRFYqLMGc7nOY?authuser=0&hl=fr&rclk=1,Entreprise Laporte Plombier Pantin 93,5,-112,Plombier,29 Rue Méhul,01 89 36 04 17,https://www.entreprise-bernard-laporte-plombier-pantin-93500.fr/
https://www.google.com/maps/place/Plombier+R%C3%A9gis+Pantin/data=!4m7!3m6!1s0x47e66db3d2d800ed:0x3c5777b2011284d8!8m2!3d48.8897396!4d2.400408!16s%2Fg%2F1tm11xvm!19sChIJ7QDY0rNt5kcR2IQSAbJ3Vzw?authuser=0&hl=fr&rclk=1,Plombier Régis Pantin,"4,8",-47,Chauffagiste,27 Rue des Sept Arpents,09 80 80 93 55,https://www.plombier-regis.fr/
https://www.google.com/maps/place/Plomberie+BF/data=!4m7!3m6!1s0x47e66d04f4721d63:0x3cd9eff1b42832a2!8m2!3d48.894367!4d2.406981!16s%2Fg%2F11txn9h05x!19sChIJYx1y9ARt5kcRojIotPHv2Tw?authuser=0&hl=fr&rclk=1,Plomberie BF,5,-103,Chauffagiste,4 Mail Pierre Desproges,06 68 26 19 27,https://plomberie-pantin.com/
https://www.google.com/maps/place/Lca+Plomberie/data=!4m7!3m6!1s0x47e66da7f78613df:0xf605f8548530b9b3!8m2!3d48.8843501!4d2.4142104!16s%2Fg%2F11h2dk1zdx!19sChIJ3xOG96dt5kcRs7kwhVT4BfY?authuser=0&hl=fr&rclk=1,Lca Plomberie,"2,8",-47,Plombier,58 Rue de Candale Prolongée,06 25 45 28 66,https://www.plombier-a.paris/
https://www.google.com/maps/place/Aux+Compagnons+Parisiens/data=!4m7!3m6!1s0x47e66db2dd51fc09:0xaf2b88186414b100!8m2!3d48.8941209!4d2.4017823!16s%2Fg%2F11flf5h366!19sChIJCfxR3bJt5kcRALEUZBiIK68?authuser=0&hl=fr&rclk=1,Aux Compagnons Parisiens,"4,2",-82,Plombier,36 Rue Hoche,01 48 43 22 65,http://www.auxcompagnonsparisiens.fr/?utm_source=google&utm_medium=organic&utm_campaign=gbp&utm_content=AuxCompagnonsParisiensPantin
https://www.google.com/maps/place/Gazolis/data=!4m7!3m6!1s0x47e66d024c3e56b3:0x855888bd3b8fe002!8m2!3d48.6807824!4d2.5026636!16s%2Fg%2F11mh_t7_yc!19sChIJs1Y-TAJt5kcRAuCPO72IWIU?authuser=0&hl=fr&rclk=1,Gazolis,5,-18,Chauffagiste,·,06 38 42 84 91,https://gazolis.fr/
https://www.google.com/maps/place/Etablissement+Richelieu/data=!4m7!3m6!1s0x47e66db03d6b4453:0xc71634702827dd55!8m2!3d48.8540372!4d2.3943214!16s%2Fg%2F11btmqwg20!19sChIJU0RrPbBt5kcRVd0nKHA0Fsc?authuser=0&hl=fr&rclk=1,Etablissement Richelieu,"4,9",-83,Chauffagiste,·,01 49 91 91 91,https://www.etablissement-richelieu.fr/
https://www.google.com/maps/place/FRH+Environnement+F.R.H./data=!4m7!3m6!1s0x47e66d14d4365add:0x74075d0dd56889a2!8m2!3d48.8945209!4d2.4231806!16s%2Fg%2F11mwzjlb7v!19sChIJ3Vo21BRt5kcRoolo1Q1dB3Q?authuser=0&hl=fr&rclk=1,FRH Environnement F.R.H.,"4,3",-144,Chauffagiste,196 Av. Jean Lolive,07 83 55 73 35,http://www.france-renovhabitat.fr/
https://www.google.com/maps/place/GLE+Chauffage/data=!4m7!3m6!1s0x274cdecb03cdfc3b:0xe1dbba7998c7f294!8m2!3d48.8971901!4d2.4076028!16s%2Fg%2F11ld990kwd!19sChIJO_zNA8veTCcRlPLHmHm62-E?authuser=0&hl=fr&rclk=1,GLE Chauffage,"2,7",-193,Fournisseur d'énergie verte,41 Rue Delizy,0 806 11 20 21,https://www.glechauffage.fr/
https://www.google.com/maps/place/HAPPY+ENVIRONNEMENT/data=!4m7!3m6!1s0x47e66d1a0132b775:0x5d23b6547bd038cb!8m2!3d48.9020924!4d2.4012571!16s%2Fg%2F11ypk040cn!19sChIJdbcyARpt5kcRyzjQe1S2I10?authuser=0&hl=fr&rclk=1,HAPPY ENVIRONNEMENT,3,-4,Chauffagiste,55 Rue Cartier Bresson,07 67 99 36 87,
https://www.google.com/maps/place/Cop+Ecologie/data=!4m7!3m6!1s0x47e66de8aab890eb:0x62aca8caa5909365!8m2!3d48.8946013!4d2.422308!16s%2Fg%2F11hds44l9b!19sChIJ65C4quht5kcRZZOQpcqorGI?authuser=0&hl=fr&rclk=1,Cop Ecologie,"4,4",-422,Chauffagiste,190 Av. Jean Lolive 188,01 48 57 30 97,https://copecologie.com/
https://www.google.com/maps/place/Clim%2B+Pantin+:+Climatisation+-+Ventilation+-+Chauffage/data=!4m7!3m6!1s0x47e66d52a5079a43:0xb9d6df71166a3df4!8m2!3d48.9016195!4d2.4175789!16s%2Fg%2F11ft423hmt!19sChIJQ5oHpVJt5kcR9D1qFnHf1rk?authuser=0&hl=fr&rclk=1,Clim+ Pantin : Climatisation - Ventilation - Chauffage,5,-88,Fournisseur de systèmes de climatisation,110 bis Av. du Général Leclerc,01 56 96 06 92,https://www.climplus.com/infos-agence/pantin-clim-5452
https://www.google.com/maps/place/Flam+Bleu/data=!4m7!3m6!1s0x47e66d4a27d2b277:0x74b0724d519ac755!8m2!3d48.8859753!4d2.3997405!16s%2Fg%2F11h2f0cxbm!19sChIJd7LSJ0pt5kcRVceaUU1ysHQ?authuser=0&hl=fr&rclk=1,Flam Bleu,"4,6",-10,Chauffagiste,44 Rue d'Estienne d'Orves,01 49 51 31 71,https://www.flambleu.fr/
https://www.google.com/maps/place/MP+BAT/data=!4m7!3m6!1s0x47e66d0fc6be0459:0x1d732eefb3cbac99!8m2!3d48.8918995!4d2.4222516!16s%2Fg%2F11j64qsc7b!19sChIJWQS-xg9t5kcRmazLs-8ucx0?authuser=0&hl=fr&rclk=1,MP BAT,5,-17,Électricien,2 Rue Jules Jaslin,06 64 86 52 27,http://www.mpbat.com/
https://www.google.com/maps/place/AMP+Plombier/data=!4m7!3m6!1s0x47e66dc000506357:0xb2d8cbfef59a4b0f!8m2!3d48.918545!4d2.39491!16s%2Fg%2F11mhdv162c!19sChIJV2NQAMBt5kcRD0ua9f7L2LI?authuser=0&hl=fr&rclk=1,AMP Plombier,"4,9",-702,Plombier,17 Bd Edouard Vaillant,09 53 62 59 95,https://www.amp-plombier.fr/
https://www.google.com/maps/place/alain+pere+et+fils+serrurier+vitrier/data=!4m7!3m6!1s0x47e66c5699db2a11:0xafa48dbf9fdfb160!8m2!3d48.9006239!4d2.4117956!16s%2Fg%2F11hcdw4r09!19sChIJESrbmVZs5kcRYLHfn7-NpK8?authuser=0&hl=fr&rclk=1,alain pere et fils serrurier vitrier,"4,8",-32,Chauffagiste,140 Av. du Général Leclerc,01 48 96 19 46,https://hubert-pere-fils.fr/
https://www.google.com/maps/place/installateur+clim+chauffage+GNF/data=!4m7!3m6!1s0x47e66d0264433a23:0xeb336be1f859ec96!8m2!3d48.894064!4d2.423169!16s%2Fg%2F1q62bqkqm!19sChIJIzpDZAJt5kcRluxZ-OFrM-s?authuser=0&hl=fr&rclk=1,installateur clim chauffage GNF,"4,1",-30,Entrepreneur spécialisé dans les systèmes de CVC,196 Av. Jean Lolive,01 86 65 87 03,https://www.installateurclimatisation.fr/
https://www.google.com/maps/place/Eco+Environnement/data=!4m7!3m6!1s0x47e66d0271055553:0x5f927ae12739736a!8m2!3d48.8938809!4d2.4221444!16s%2Fg%2F11gj788b17!19sChIJU1UFcQJt5kcRanM5J-F6kl8?authuser=0&hl=fr&rclk=1,Eco Environnement,"3,7",-228,Solutions et équipement énergétiques,·,01 56 96 09 94,https://www.ecoenvironnement.net/
https://www.google.com/maps/place/PLOMBIER+S.R+PARIS/data=!4m7!3m6!1s0x47e66d1ebd5bb3fb:0x992db6199e327ef2!8m2!3d48.8840123!4d2.3869292!16s%2Fg%2F11mv12mznp!19sChIJ-7NbvR5t5kcR8n4ynhm2LZk?authuser=0&hl=fr&rclk=1,PLOMBIER S.R PARIS,"4,9",-453,Plombier,20 All. Darius Milhaud,07 80 97 77 03,https://plombier-sr-paris.fr/
https://www.google.com/maps/place/2L+RENOVATION/data=!4m7!3m6!1s0x47e66dd248edc1cd:0x2fa04bf71a492ddd!8m2!3d48.9028118!4d2.4195688!16s%2Fg%2F11wr3m3f5y!19sChIJzcHtSNJt5kcR3S1JGvdLoC8?authuser=0&hl=fr&rclk=1,2L RENOVATION,"4,9",-40,Chauffagiste,43 Chem. des Vignes,09 70 31 91 47,https://www.2lrenovation.com/
https://www.google.com/maps/place/GCE+%7C+Chauffagiste+et+Climatisation+%2877%29/data=!4m7!3m6!1s0x47e60f40112230fd:0x3c4788f6d511c36a!8m2!3d48.83036!4d2.588135!16s%2Fg%2F11pyk3cxb_!19sChIJ_TAiEUAP5kcRasMR1faIRzw?authuser=0&hl=fr&rclk=1,GCE | Chauffagiste et Climatisation (77),"4,6",-11,Chauffagiste,4 Avenue Robert Schuman,06 45 45 98 88,https://www.google.com/aclk?sa=L&ai=DChsSEwim_f7zw72UAxXpaUECHdH5CJkYACICCAEQCBoCd3M&co=1&ase=2&gclid=CjwKCAjwq6DQBhBVEiwA4ZD5XBBmZjRYiJS7qWva6NmJNvfwVmlaG0L6BijDkPCzks_QbAI8Ut6JNhoCgmIQAvD_BwE&cce=2&category=acrcp_v1_32&sig=AOD64_0rhJtmOe6utHT2nBlN7iEhb_i8gw&adurl&q&ctype=99&nis=6
https://www.google.com/maps/place/H2C+-+Energie/data=!4m7!3m6!1s0x734a62e90e931e3:0xb548e966281fa5ce!8m2!3d49.029084!4d2.46992!16s%2Fg%2F11ym1y_vgd!19sChIJ4zHpkC6mNAcRzqUfKGbpSLU?authuser=0&hl=fr&rclk=1,H2C - Energie,5,-3,Fournisseur de systèmes de climatisation,4 Rue Louise Michel,07 43 65 66 16,https://www.google.com/aclk?sa=L&ai=DChsSEwim_f7zw72UAxXpaUECHdH5CJkYACICCAEQAhoCd3M&co=1&ase=2&gclid=CjwKCAjwq6DQBhBVEiwA4ZD5XAozDQR8059Plev2ThdNQ0TMOvejsl5vQlZFzL5y9QnfRylJyC7IGRoC1iMQAvD_BwE&cce=2&category=acrcp_v1_32&sig=AOD64_3Vx8qumz4AJaqgVTyu4hb-Xg5xiw&adurl&q&ctype=99&nis=6
https://www.google.com/maps/place/Entreprise+Tapia/data=!4m7!3m6!1s0x47e66d09d787255f:0xe0ddfe8134761a36!8m2!3d48.8818782!4d2.4143298!16s%2Fg%2F11bttgdtmf!19sChIJXyWH1wlt5kcRNhp2NIH-3eA?authuser=0&hl=fr&rclk=1,Entreprise Tapia,"4,5",-34,Plombier,43 Bd Eugène Decros,01 48 46 33 83,http://www.entreprisetapia.fr/
https://www.google.com/maps/place/JS+ENERGIE/data=!4m7!3m6!1s0x4b1fb0292375d1ed:0x18c3794c3aa5358b!8m2!3d48.8971575!4d2.405313!16s%2Fg%2F11vj4qm0f2!19sChIJ7dF1IymwH0sRizWlOkx5wxg?authuser=0&hl=fr&rclk=1,JS ENERGIE,4,-106,Environnement et ressources naturelles renouvelables,100 Av. du Général Leclerc,06 06 90 08 05,
https://www.google.com/maps/place/Pack+S%C3%A9r%C3%A9nit%C3%A9/data=!4m7!3m6!1s0xa3279eccb15289c7:0xa495abc05a3f451c!8m2!3d48.8997601!4d2.3945985!16s%2Fg%2F11vynrxj60!19sChIJx4lSscyeJ6MRHEU_WsCrlaQ?authuser=0&hl=fr&rclk=1,Pack Sérénité,"4,9",-76,Fournisseur d'équipements de chauffage,14 Rue Davoust,01 89 71 57 96,https://packserenite.org/
https://www.google.com/maps/place/TNS-France+Electricien/data=!4m7!3m6!1s0x47e66d585bce017f:0x2a7772e15d03243c!8m2!3d48.8923299!4d2.4081552!16s%2Fg%2F11r1__s6ly!19sChIJfwHOW1ht5kcRPCQDXeFydyo?authuser=0&hl=fr&rclk=1,TNS-France Electricien,"4,9",-23,Électricien,99 Av. Jean Lolive,06 51 89 94 95,
https://www.google.com/maps/place/Flexton/data=!4m7!3m6!1s0x47e66c528d8a99f9:0xe731ef14b2e4f2d!8m2!3d48.8971575!4d2.405313!16s%2Fg%2F11qgq5lgzk!19sChIJ-ZmKjVJs5kcRLU8uS_Eecw4?authuser=0&hl=fr&rclk=1,Flexton,5,-3,Chauffagiste,100 Av. du Général Leclerc,01 76 21 16 21,https://www.flexton.fr/contact
https://www.google.com/maps/place/Pack+Ecologie/data=!4m7!3m6!1s0x218790f7917cda81:0x38060b2c9a129e8!8m2!3d48.897433!4d2.40494!16s%2Fg%2F11y2dyjg8y!19sChIJgdp8kfeQhyER6CmhybJggAM?authuser=0&hl=fr&rclk=1,Pack Ecologie,"4,6",-88,Environnement et ressources naturelles renouvelables,100 Av. du Général Leclerc,01 89 71 35 42,https://packecologie.fr/
https://www.google.com/maps/place/Groupe+investop/data=!4m7!3m6!1s0x47e673a30555782d:0x59437d02898d26d9!8m2!3d48.897789!4d2.4090675!16s%2Fg%2F11y2cs271d!19sChIJLXhVBaNz5kcR2SaNiQJ9Q1k?authuser=0&hl=fr&rclk=1,Groupe investop,3,-2,Chauffagiste,32 Rue Delizy,,
https://www.google.com/maps/place/Etablissement+Lefevre+Paris+11+:+Plomberie+d%C3%A9gorgement+Chauffage+Serrurerie/data=!4m7!3m6!1s0x47e66dbe3188b537:0x1923f0870e9feef2!8m2!3d48.85857!4d2.378489!16s%2Fg%2F11nm_tdwl_!19sChIJN7WIMb5t5kcR8u6fDofwIxk?authuser=0&hl=fr&rclk=1,Etablissement Lefevre Paris 11 : Plomberie dégorgement Chauffage Serrurerie,"4,5",-148,Plombier,124 Boulevard Voltaire,01 48 05 15 15,https://www.google.com/aclk?sa=L&ai=DChsSEwi9_v-BxL2UAxVgckECHV30LvUYACICCAEQAxoCd3M&co=1&ase=2&gclid=CjwKCAjwq6DQBhBVEiwA4ZD5XODoRCcHkVaae1XzjdeZCr4g6yutpfq4Fna-XrtzbPdikjUUWX0QixoCkS0QAvD_BwE&cce=2&category=acrcp_v1_32&sig=AOD64_10Ois6K4Tr70lo-s0MyCDVAQYgYg&adurl&q&ctype=99&nis=6
https://www.google.com/maps/place/H2C+-+Energie/data=!4m7!3m6!1s0x734a62e90e931e3:0xb548e966281fa5ce!8m2!3d49.029084!4d2.46992!16s%2Fg%2F11ym1y_vgd!19sChIJ4zHpkC6mNAcRzqUfKGbpSLU?authuser=0&hl=fr&rclk=1,H2C - Energie,5,-3,Fournisseur de systèmes de climatisation,4 Rue Louise Michel,07 43 65 66 16,https://www.google.com/aclk?sa=L&ai=DChsSEwi9_v-BxL2UAxVgckECHV30LvUYACICCAEQABoCd3M&co=1&ase=2&gclid=CjwKCAjwq6DQBhBVEiwA4ZD5XCPNOlLv16Ts0VlhPogF0Ho0RKwCxfkdFzyuAjaBUnIYsmvKgr3SMhoC3-AQAvD_BwE&cce=2&category=acrcp_v1_32&sig=AOD64_2yrfPg-9i-nPYQCM96ljnKvpPmzA&adurl&q&ctype=99&nis=6
https://www.google.com/maps/place/%C3%89tablissement+Victor/data=!4m7!3m6!1s0x47e67185991b25b1:0x699891f400e81e8c!8m2!3d48.7945435!4d2.3610824!16s%2Fg%2F11fsn30h77!19sChIJsSUbmYVx5kcRjB7oAPSRmGk?authuser=0&hl=fr&rclk=1,Établissement Victor,"4,9",-225,Chauffagiste,49 Av. Paul Vaillant Couturier,01 46 70 86 55,https://etsvictor.com/etablissement-victor-villejuif-94800/
https://www.google.com/maps/place/Beni+Services/data=!4m7!3m6!1s0x47e6711eb2a9381d:0x5f8f3885d6f2be42!8m2!3d48.7843681!4d2.353401!16s%2Fg%2F11jygd44tk!19sChIJHTipsh5x5kcRQr7y1oU4j18?authuser=0&hl=fr&rclk=1,Beni Services,"4,9",-186,Chauffagiste,25 Rue Fernand Pelloutier,01 46 80 14 14,https://aprimservices.com/?utm_source=gmb
https://www.google.com/maps/place/Albert+Et+Fils/data=!4m7!3m6!1s0x47e6735e87fa40f3:0x845f97b24a0bcd6d!8m2!3d48.8047001!4d2.369252!16s%2Fg%2F11y3mfk0hz!19sChIJ80D6h15z5kcRbc0LSrKXX4Q?authuser=0&hl=fr&rclk=1,Albert Et Fils,"4,8",-32,Chauffagiste,71 Rue Henri Barbusse bât 1,01 43 90 85 03,https://albert-et-fils.fr/villejuif-94800
https://www.google.com/maps/place/Grac+%26+es/data=!4m7!3m6!1s0x6a77791f06e37dfb:0x66e7e3bd2bd2753c!8m2!3d48.7875028!4d2.3529664!16s%2Fg%2F11vs7y7v8m!19sChIJ-33jBh95d2oRPHXSK73j52Y?authuser=0&hl=fr&rclk=1,Grac & es,"4,3",-17,Chauffagiste,2 Pl. Julian Grimau,07 53 20 81 00,https://www.gracetes.fr/
https://www.google.com/maps/place/Poulain+Pascal+Et+Fils/data=!4m7!3m6!1s0x47e673da1946ac0d:0x5a074bbae8af63a3!8m2!3d48.8044489!4d2.368637!16s%2Fg%2F11v3r996r7!19sChIJDaxGGdpz5kcRo2Ov6LpLB1o?authuser=0&hl=fr&rclk=1,Poulain Pascal Et Fils,"4,7",-3,Chauffagiste,61 bis Rue Henri Barbusse,01 46 77 75 57,https://www.sarl-poulainpascal-fils.fr/
https://www.google.com/maps/place/Renoprobat/data=!4m7!3m6!1s0x47e5fabc839e8101:0xa32994f893c103cd!8m2!3d48.7812768!4d2.3677901!16s%2Fg%2F11fj2f2y1k!19sChIJAYGeg7z65UcRzQPBk_iUKaM?authuser=0&hl=fr&rclk=1,Renoprobat,5,-88,Fournisseur de systèmes de climatisation,93 Av. de Stalingrad,09 51 43 89 82,https://www.renoprobat.fr/
https://www.google.com/maps/place/Soci%C3%A9t%C3%A9+des+anciens+Ets+CHARDIN/data=!4m7!3m6!1s0x47e6714510e537ef:0x1ee9bf0eb6a0fbd6!8m2!3d48.7874878!4d2.3500239!16s%2Fg%2F11frdnkpfr!19sChIJ7zflEEVx5kcR1vugtg6_6R4?authuser=0&hl=fr&rclk=1,Société des anciens Ets CHARDIN,"2,9",-99,Chauffagiste,24 Rue Auguste Perret,01 45 15 80 80,http://chardin.paris/
https://www.google.com/maps/place/SAFC+-+FROID+CLIMATISATION/data=!4m7!3m6!1s0x47e66d429b8f4f67:0xe439d05b4e298dcb!8m2!3d48.7850206!4d2.3647538!16s%2Fg%2F11qql4fbvv!19sChIJZ0-Pm0Jt5kcRy40pTlvQOeQ?authuser=0&hl=fr&rclk=1,SAFC - FROID CLIMATISATION,5,-236,Fournisseur de systèmes de climatisation,5 Rue du Dr Pierre Rouques,06 36 82 17 86,http://www.safc.pro/
https://www.google.com/maps/place/Grif/data=!4m7!3m6!1s0x47e67186b6fcf8f3:0x9f67db28a2d7f291!8m2!3d48.7990733!4d2.3550417!16s%2Fg%2F11p_8qlh16!19sChIJ8_j8toZx5kcRkfLXoijbZ58?authuser=0&hl=fr&rclk=1,Grif,"3,5",-11,Plombier,24 Rue Marcel Grosmenil,01 46 77 31 20,
https://www.google.com/maps/place/Cedeo+Villejuif+:+Sanitaire+-+Chauffage+-+Plomberie/data=!4m7!3m6!1s0x47e673d817182445:0x6d54635a8edfafb!8m2!3d48.784214!4d2.3658595!16s%2Fg%2F11ftprrj_p!19sChIJRSQYF9hz5kcR-_rtqDVG1QY?authuser=0&hl=fr&rclk=1,Cedeo Villejuif : Sanitaire - Chauffage - Plomberie,"3,7",-15,Magasin d'articles de salle de bains,·,01 46 78 07 59,https://www.cedeo.fr/infos-agence/villejuif-cedeo-2474
"https://www.google.com/maps/place/Bmcd,+plombier+et+chauffagiste/data=!4m7!3m6!1s0x47e6739104ce95c5:0x7bf9aa3f1e0b2741!8m2!3d48.7937682!4d2.373236!16s%2Fg%2F11hcfmzvfn!19sChIJxZXOBJFz5kcRQScLHj-q-Xs?authuser=0&hl=fr&rclk=1","Bmcd, plombier et chauffagiste","4,8",-132,Plombier,·,07 81 17 40 80,https://plombierdepannageurgence.fr/
https://www.google.com/maps/place/EVROP%27EN/data=!4m7!3m6!1s0x47e6719cdec1bf5b:0x908bad5d05cdae25!8m2!3d48.7931741!4d2.360141!16s%2Fg%2F11zj9plzbk!19sChIJW7_B3pxx5kcRJa7NBV2ti5A?authuser=0&hl=fr&rclk=1,EVROP'EN,5,-7,Chauffagiste,3 Rue Edouard Vaillant,06 02 17 42 64,https://www.evropen.fr/
https://www.google.com/maps/place/Moisset/data=!4m7!3m6!1s0x47e673eed180e16b:0xa7870c81215886f3!8m2!3d48.7897196!4d2.3763171!16s%2Fg%2F1tf428fm!19sChIJa-GA0e5z5kcR84ZYIYEMh6c?authuser=0&hl=fr&rclk=1,Moisset,"4,2",-35,Chauffagiste,45 Rue Camélinat,01 47 26 06 34,http://www.moisset.fr/
https://www.google.com/maps/place/Expert+%C3%89nergie+Service/data=!4m7!3m6!1s0x47e6735cd9c27585:0xdbaed0e962800ecd!8m2!3d48.7893521!4d2.40147!16s%2Fg%2F11h93rnjyr!19sChIJhXXC2Vxz5kcRzQ6AYunQrts?authuser=0&hl=fr&rclk=1,Expert Énergie Service,"4,9",-255,Chauffagiste,·,01 53 66 10 19,https://expert-energie-service.fr/
https://www.google.com/maps/place/Marty+plomberie/data=!4m7!3m6!1s0x47e6717f329e5329:0xefab75262d635702!8m2!3d48.8138126!4d2.3578944!16s%2Fg%2F11fy_qnv8r!19sChIJKVOeMn9x5kcRAldjLSZ1q-8?authuser=0&hl=fr&rclk=1,Marty plomberie,"4,5",-35,Plombier,23 Rue du 14 Juillet,01 49 59 04 18,http://marty-plomberie.fr/?utm_medium=referral&utm_source=gmb&utm_campaign=lnk-gmb
https://www.google.com/maps/place/Artisan+Gaz+Services+Plombier+chauffagiste+Maisons-Alfort+94/data=!4m7!3m6!1s0x47e6738b9924e7c9:0x7f4ef569ed0ba88a!8m2!3d48.7943128!4d2.4339224!16s%2Fg%2F11m2bkv7vq!19sChIJyeckmYtz5kcRiqgL7Wn1Tn8?authuser=0&hl=fr&rclk=1,Artisan Gaz Services Plombier chauffagiste Maisons-Alfort 94,"4,9",-182,Chauffagiste,194 Rue Jean Jaurès,01 41 79 09 31,https://ags-plombier-chauffagiste-paris.fr/
https://www.google.com/maps/place/Label+Plomb+%7C+Plombier+94+-+D%C3%A9pannage+plomberie+94/data=!4m7!3m6!1s0x47e67368f2402ab7:0x696143f4808543dd!8m2!3d48.7879075!4d2.401045!16s%2Fg%2F11h23ks30q!19sChIJtypA8mhz5kcR3UOFgPRDYWk?authuser=0&hl=fr&rclk=1,Label Plomb | Plombier 94 - Dépannage plomberie 94,"4,7",-145,Chauffagiste,87 Av. la Bruyère,01 45 73 21 90,http://www.label-plomb.fr/
https://www.google.com/maps/place/ETGE/data=!4m7!3m6!1s0x47e6713e934d2457:0xc0fa8ae49ea54b64!8m2!3d48.790431!4d2.3199198!16s%2Fg%2F11fxf7kz2t!19sChIJVyRNkz5x5kcRZEulnuSK-sA?authuser=0&hl=fr&rclk=1,ETGE,"4,8",-50,Fournisseur de systèmes de climatisation,175 Av. Aristide Briand,01 46 64 32 85,https://www.etge-climatisation.fr/
https://www.google.com/maps/place/KASS/data=!4m7!3m6!1s0x47e671496e108457:0x5e4481f938b40c2c!8m2!3d48.7816667!4d2.3418405!16s%2Fg%2F11f126_17_!19sChIJV4QQbklx5kcRLAy0OPmBRF4?authuser=0&hl=fr&rclk=1,KASS,"4,7",-23,Chauffagiste,7 bis Imp. Gounod,01 45 15 18 00,
https://www.google.com/maps/place/GCE+%7C+Chauffagiste+et+Climatisation+%2877%29/data=!4m7!3m6!1s0x47e60f40112230fd:0x3c4788f6d511c36a!8m2!3d48.83036!4d2.588135!16s%2Fg%2F11pyk3cxb_!19sChIJ_TAiEUAP5kcRasMR1faIRzw?authuser=0&hl=fr&rclk=1,GCE | Chauffagiste et Climatisation (77),"4,6",-11,Chauffagiste,4 Avenue Robert Schuman,06 45 45 98 88,https://www.google.com/aclk?sa=L&ai=DChsSEwj-0KCMxL2UAxXNo2gJHf5aBv0YACICCAEQBxoCd2Y&co=1&ase=2&gclid=CjwKCAjwq6DQBhBVEiwA4ZD5XLvnmXQVJ74uKl_tcvWHRUoVbEm6NSqFoJoTiLyy8bB2arN8EaSs-RoCQboQAvD_BwE&cce=2&category=acrcp_v1_32&sig=AOD64_1OHQdWrf7BZFshvQTq45z5unkjAA&adurl&q&ctype=99&nis=6
https://www.google.com/maps/place/H2C+-+Energie/data=!4m7!3m6!1s0x734a62e90e931e3:0xb548e966281fa5ce!8m2!3d49.029084!4d2.46992!16s%2Fg%2F11ym1y_vgd!19sChIJ4zHpkC6mNAcRzqUfKGbpSLU?authuser=0&hl=fr&rclk=1,H2C - Energie,5,-3,Fournisseur de systèmes de climatisation,4 Rue Louise Michel,07 43 65 66 16,https://www.google.com/aclk?sa=L&ai=DChsSEwj-0KCMxL2UAxXNo2gJHf5aBv0YACICCAEQCRoCd2Y&co=1&ase=2&gclid=CjwKCAjwq6DQBhBVEiwA4ZD5XEUwSzDRMcHajdOR9d_j1q96s8QotYN-jil874nPsliFx7U2GK_uxRoCUAUQAvD_BwE&cce=2&category=acrcp_v1_32&sig=AOD64_3GFvCICr343cusv3gq7_699R-i4w&adurl&q&ctype=99&nis=6
https://www.google.com/maps/place/Artisan+Gaz+Services+Plombier+chauffagiste+Maisons-Alfort+94/data=!4m7!3m6!1s0x47e6738b9924e7c9:0x7f4ef569ed0ba88a!8m2!3d48.7943128!4d2.4339224!16s%2Fg%2F11m2bkv7vq!19sChIJyeckmYtz5kcRiqgL7Wn1Tn8?authuser=0&hl=fr&rclk=1,Artisan Gaz Services Plombier chauffagiste Maisons-Alfort 94,"4,9",-182,Chauffagiste,194 Rue Jean Jaurès,01 41 79 09 31,https://ags-plombier-chauffagiste-paris.fr/
https://www.google.com/maps/place/Albert+Et+Fils/data=!4m7!3m6!1s0x47e6732fc0fc0001:0xdd7c8fc445ca91d6!8m2!3d48.8049617!4d2.4429211!16s%2Fg%2F1yj4k3_6l!19sChIJAQD8wC9z5kcR1pHKRcSPfN0?authuser=0&hl=fr&rclk=1,Albert Et Fils,"4,5",-161,Chauffagiste,231 Av. du Général Leclerc,01 48 93 63 09,https://albert-et-fils.fr/maisons-alfort-94700
https://www.google.com/maps/place/Atelier+Control+%2B/data=!4m7!3m6!1s0x47e673250881c7cb:0xfbae6fba4ec2b6ea!8m2!3d48.8063449!4d2.439437!16s%2Fg%2F11b6dqzhxg!19sChIJy8eBCCVz5kcR6rbCTrpvrvs?authuser=0&hl=fr&rclk=1,Atelier Control +,"3,8",-41,Chauffagiste,68 Av. du Général Leclerc,01 41 79 30 35,http://www.ateliercontrol.com/
https://www.google.com/maps/place/Basire+Dahan/data=!4m7!3m6!1s0x47e673f22e3de22f:0xdbed5134cb25b3c5!8m2!3d48.8081927!4d2.4479468!16s%2Fg%2F1vp732gg!19sChIJL-I9LvJz5kcRxbMlyzRR7ds?authuser=0&hl=fr&rclk=1,Basire Dahan,"4,9",-141,Chauffagiste,107 Rue Raspail,01 43 76 09 24,https://www.basiredahan.com/
https://www.google.com/maps/place/SANTALLIER+Plombier-Electricien-Chauffagiste/data=!4m7!3m6!1s0x47e673263bce22d9:0x9ca1500449dc09b3!8m2!3d48.8106092!4d2.4408289!16s%2Fg%2F11c5rww2w6!19sChIJ2SLOOyZz5kcRswncSQRQoZw?authuser=0&hl=fr&rclk=1,SANTALLIER Plombier-Electricien-Chauffagiste,"4,6",-23,Plombier,92 Rue Roger François,01 43 76 29 44,http://www.santallier.fr/
https://www.google.com/maps/place/Bernard+%26+fils+Plombier+Chauffagiste+ramonage/data=!4m7!3m6!1s0x47e6738cd3fe3767:0xd4394dd060dbdcdf!8m2!3d48.8155202!4d2.4310814!16s%2Fg%2F11h72kbttf!19sChIJZzf-04xz5kcR39zbYNBNOdQ?authuser=0&hl=fr&rclk=1,Bernard & fils Plombier Chauffagiste ramonage,"4,8",-250,Chauffagiste,17 Rue du Maréchal Juin,06 12 26 07 26,https://www.bernardetfils-plombier.fr/
https://www.google.com/maps/place/Plombier+Maisons+Alfort+M%26J+Dinis/data=!4m7!3m6!1s0x47e60d7d9d7b14cb:0x5d1e52c69a01238a!8m2!3d48.8103769!4d2.4554714!16s%2Fg%2F11swp8rp_b!19sChIJyxR7nX0N5kcRiiMBmsZSHl0?authuser=0&hl=fr&rclk=1,Plombier Maisons Alfort M&J Dinis,5,-11,Plombier,87 Rue Michelet,,https://www.mj-dinis.fr/
https://www.google.com/maps/place/Groupe+Energie/data=!4m7!3m6!1s0x47e613320d30205b:0x9236c18981766845!8m2!3d48.8035289!4d2.4442229!16s%2Fg%2F11fktz04hd!19sChIJWyAwDTIT5kcRRWh2gYnBNpI?authuser=0&hl=fr&rclk=1,Groupe Energie,"4,7",-84,Chauffagiste,31 Cr des Juilliottes,01 87 44 31 04,http://www.groupeenergiechauffage.fr/
https://www.google.com/maps/place/Etablissement+Laroche/data=!4m7!3m6!1s0x47e6735a572c37fd:0x4467609dd7ac5604!8m2!3d48.8155202!4d2.4310814!16s%2Fg%2F11fhrjxp8y!19sChIJ_TcsV1pz5kcRBFas151gZ0Q?authuser=0&hl=fr&rclk=1,Etablissement Laroche,"4,7",-62,Chauffagiste,17 Rue du Maréchal Juin,01 42 77 11 28,https://www.etablissements-laroche.fr/paris-17e-75017/
https://www.google.com/maps/place/Eco+Renovation+France/data=!4m7!3m6!1s0x47e67301eea3fff9:0xdf8f3dabcedfdc83!8m2!3d48.8026107!4d2.4376715!16s%2Fg%2F11gnprmp3b!19sChIJ-f-j7gFz5kcRg9zfzqs9j98?authuser=0&hl=fr&rclk=1,Eco Renovation France,4,-291,Fournisseur d'équipements de chauffage,·,09 72 65 28 67,http://ecorenovationfrance.fr/
https://www.google.com/maps/place/GROUPE+ELS/data=!4m7!3m6!1s0x47e66e76f57309d1:0x531ad2a588b921a7!8m2!3d48.8053808!4d2.4473727!16s%2Fg%2F11h3lg753h!19sChIJ0Qlz9XZu5kcRpyG5iKXSGlM?authuser=0&hl=fr&rclk=1,GROUPE ELS,"4,1",-114,Solutions et équipement énergétiques,2 Rue Suchet,09 71 08 00 27,https://groupe-els.fr/
https://www.google.com/maps/place/G+MPCA/data=!4m7!3m6!1s0x47e673924cc2ffe3:0x6017daf91c1921da!8m2!3d48.814499!4d2.45106!16s%2Fg%2F11s8br5yn0!19sChIJ4__CTJJz5kcR2iEZHPnaF2A?authuser=0&hl=fr&rclk=1,G MPCA,5,-2,Chauffagiste,10 Rue Molière,06 65 98 55 56,https://www.plomberie-gmpca.fr/
https://www.google.com/maps/place/Au+Rapide+D%C3%A9pannage/data=!4m7!3m6!1s0x47e6733f2c56ddc3:0xdb7e43d0a1a70422!8m2!3d48.6807824!4d2.5026636!16s%2Fg%2F1td3kxm5!19sChIJw91WLD9z5kcRIgSnodBDfts?authuser=0&hl=fr&rclk=1,Au Rapide Dépannage,"2,6",-99,Chauffagiste,·,01 43 78 25 22,http://r-verrier.fr/
https://www.google.com/maps/place/MG+Thermique+-+RGE/data=!4m7!3m6!1s0x47e67440febabfcf:0xdf85c8ffef6e6856!8m2!3d48.8034688!4d2.4457034!16s%2Fg%2F11j8lnw34h!19sChIJz7-6_kB05kcRVmhu7__Ihd8?authuser=0&hl=fr&rclk=1,MG Thermique - RGE,"3,8",-19,Entrepreneur spécialisé dans l'isolation,259 Av. du Général Leclerc,09 81 91 69 32,https://mgthermique.com/
https://www.google.com/maps/place/CEDEO+Maisons-Alfort+:+Sanitaire+-+Chauffage+-+Plomberie/data=!4m7!3m6!1s0x47e6735ba11024c1:0xa5bade4b4b142505!8m2!3d48.8042425!4d2.4389446!16s%2Fg%2F11ftpqz_0m!19sChIJwSQQoVtz5kcRBSUUS0veuqU?authuser=0&hl=fr&rclk=1,CEDEO Maisons-Alfort : Sanitaire - Chauffage - Plomberie,"4,4",-35,Magasin d'articles de salle de bains,·,01 43 75 96 01,https://www.cedeo.fr/infos-agence/maisons-alfort-cedeo-2465
https://www.google.com/maps/place/HOME+EXPERT+HABITAT/data=!4m7!3m6!1s0x47e673624bdab5db:0x5490d9ccf5755bd6!8m2!3d48.8053808!4d2.4473727!16s%2Fg%2F11jzn_dw0l!19sChIJ27XaS2Jz5kcR1lt19czZkFQ?authuser=0&hl=fr&rclk=1,HOME EXPERT HABITAT,"3,7",-83,Chauffagiste,·,0 809 54 00 50,https://homexperthabitat.fr/
https://www.google.com/maps/place/La+Centrale+De+L%27%C3%A9nergie/data=!4m7!3m6!1s0x419254229e82e69d:0x181c71187620cee4!8m2!3d48.8094707!4d2.4361669!16s%2Fg%2F11w3l4w8ll!19sChIJneaCniJUkkER5M4gdhhxHBg?authuser=0&hl=fr&rclk=1,La Centrale De L'énergie,"4,9",-200,Entreprise d'énergie solaire,13 Rue Chevreul,0 805 29 06 00,https://www.lacentraledelenergie.com/
https://www.google.com/maps/place/SVP+D%C3%A9pannage+:+Climatisation+-+Pompe+%C3%A0+chaleur+et+Plomberie+-Chauffage/data=!4m7!3m6!1s0x47e60d29b09ba50f:0x4ede54f68499c62!8m2!3d48.8153521!4d2.4611592!16s%2Fg%2F11b6dh73sm!19sChIJD6WbsCkN5kcRYpxJaE_l7QQ?authuser=0&hl=fr&rclk=1,SVP Dépannage : Climatisation - Pompe à chaleur et Plomberie -Chauffage,"4,6",-92,Chauffagiste,149 Rue du Maréchal Leclerc,01 43 94 07 08,https://www.svp-depannage.fr/
https://www.google.com/maps/place/La+Tuyauterie+Francaise-+plombier+Joinville+le+Pont/data=!4m7!3m6!1s0x47e60d6d6381e161:0xc7272c92f5dd2453!8m2!3d48.8135258!4d2.4638263!16s%2Fg%2F11fw932dh8!19sChIJYeGBY20N5kcRUyTd9ZIsJ8c?authuser=0&hl=fr&rclk=1,La Tuyauterie Francaise- plombier Joinville le Pont,"4,8",-76,Chauffagiste,7 Rue Henri Barbusse,01 80 91 90 23,https://latuyauteriefrancaise.fr/
https://www.google.com/maps/place/AR+BATIMENT/data=!4m7!3m6!1s0x47e673244d1cafc9:0xd39ff18aa820d121!8m2!3d48.8126315!4d2.445984!16s%2Fg%2F1thfdrns!19sChIJya8cTSRz5kcRIdEgqIrxn9M?authuser=0&hl=fr&rclk=1,AR BATIMENT,"4,3",-25,Chauffagiste,·,01 49 77 80 80,http://www.arbatiment.fr/
https://www.google.com/maps/place/GCE+%7C+Chauffagiste+et+Climatisation+%2877%29/data=!4m7!3m6!1s0x47e60f40112230fd:0x3c4788f6d511c36a!8m2!3d48.83036!4d2.588135!16s%2Fg%2F11pyk3cxb_!19sChIJ_TAiEUAP5kcRasMR1faIRzw?authuser=0&hl=fr&rclk=1,GCE | Chauffagiste et Climatisation (77),"4,6",-11,Chauffagiste,4 Avenue Robert Schuman,06 45 45 98 88,https://www.google.com/aclk?sa=L&ai=DChsSEwjzvc6UxL2UAxWhp2gJHQYBKx8YACICCAEQABoCd2Y&co=1&ase=2&gclid=CjwKCAjwq6DQBhBVEiwA4ZD5XHm2uvWr_00AOcUwXAPRl_qEyujTKiGRbYDLXJLrQCJsSKT1THgiEhoCLZAQAvD_BwE&cce=2&category=acrcp_v1_32&sig=AOD64_1il9mtSKYPrCCnfFbz8n5Upax0kg&adurl&q&ctype=99&nis=6
https://www.google.com/maps/place/H2C+-+Energie/data=!4m7!3m6!1s0x734a62e90e931e3:0xb548e966281fa5ce!8m2!3d49.029084!4d2.46992!16s%2Fg%2F11ym1y_vgd!19sChIJ4zHpkC6mNAcRzqUfKGbpSLU?authuser=0&hl=fr&rclk=1,H2C - Energie,5,-3,Fournisseur de systèmes de climatisation,4 Rue Louise Michel,07 43 65 66 16,https://www.google.com/aclk?sa=L&ai=DChsSEwjzvc6UxL2UAxWhp2gJHQYBKx8YACICCAEQChoCd2Y&co=1&ase=2&gclid=CjwKCAjwq6DQBhBVEiwA4ZD5XPqnfqFJFgGsaJHcJxTw6ftPuMiKIU4CH_gReUGr0gt92BIWdVTkuhoC54cQAvD_BwE&cce=2&category=acrcp_v1_32&sig=AOD64_2G4kAaJW00qiVj_WorLhg52M0lSw&adurl&q&ctype=99&nis=6
https://www.google.com/maps/place/Dray+Cyril/data=!4m7!3m6!1s0x49683dc5c8e9f13f:0x33bc0f2066d34421!8m2!3d48.7745591!4d2.4621877!16s%2Fg%2F11nnzxfpvk!19sChIJP_HpyMU9aEkRIUTTZiAPvDM?authuser=0&hl=fr&rclk=1,Dray Cyril,"4,9",-542,Chauffagiste,·,06 14 19 23 81,https://www.plombier-dray-alfortville.com/
https://www.google.com/maps/place/Hydro+CPC/data=!4m7!3m6!1s0x47e6733df3f23acf:0x9c11d3dbc4dd650!8m2!3d48.80011!4d2.4300473!16s%2Fg%2F11vsbnqpy0!19sChIJzzry8z1z5kcRUNZNvD0dwQk?authuser=0&hl=fr&rclk=1,Hydro CPC,1,-1,Entrepreneur spécialisé dans les systèmes de CVC,9 Rue Pasteur,,http://hydrocpc.fr/
https://www.google.com/maps/place/Leverger/data=!4m7!3m6!1s0x47e673163e3e7801:0x95ef0583844a9387!8m2!3d48.8000298!4d2.4290491!16s%2Fg%2F1tffj2gb!19sChIJAXg-PhZz5kcRh5NKhIMF75U?authuser=0&hl=fr&rclk=1,Leverger,"4,1",-85,Magasin de bois de chauffage,·,01 43 76 71 56,http://www.leverger.fr/
https://www.google.com/maps/place/Missenard+Energie/data=!4m7!3m6!1s0x47e67487dc4eaced:0x90421e9932185885!8m2!3d48.7901607!4d2.4327977!16s%2Fg%2F11h40_0hj4!19sChIJ7axO3Id05kcRhVgYMpkeQpA?authuser=0&hl=fr&rclk=1,Missenard Energie,"3,4",-10,Fournisseur d'équipements d'énergie solaire,112 Av. de la Liberté,01 48 90 04 70,https://www.vinci-facilities.com/implantations/missenard-energie/
https://www.google.com/maps/place/Groupe+%C3%89co+Solidaire/data=!4m7!3m6!1s0x47e6729e96309505:0xdf69294e0689f43e!8m2!3d48.8052385!4d2.432712!16s%2Fg%2F11k0mv_wqs!19sChIJBZUwlp5y5kcRPvSJBk4pad8?authuser=0&hl=fr&rclk=1,Groupe Éco Solidaire,"4,6",-68,Entrepreneur spécialisé dans l'isolation,41 Rue du 11 Novembre 1918,06 64 83 71 05,https://www.groupe-eco-solidaire.com/
https://www.google.com/maps/place/T%C3%A9r%C3%A9va+Maisons+Alfort/data=!4m7!3m6!1s0x47e673446a2a8f25:0x3047135e1d19b465!8m2!3d48.7877198!4d2.435855!16s%2Fg%2F11btt6hqd9!19sChIJJY8qakRz5kcRZbQZHV4TRzA?authuser=0&hl=fr&rclk=1,Téréva Maisons Alfort,"4,1",-53,Magasin de matériel de plomberie,·,01 43 53 63 33,https://www.tereva.fr/document/A-394579--agence-tereva-maisons-alfort
https://www.google.com/maps/place/Atelier+carpentier/data=!4m7!3m6!1s0x47e673ea5ed0b7c9:0xadad9db25e48af13!8m2!3d48.7993531!4d2.4324779!16s%2Fg%2F11qpr3fcq3!19sChIJybfQXupz5kcRE69IXrKdra0?authuser=0&hl=fr&rclk=1,Atelier carpentier,"4,1",-9,Chauffagiste,136 Rue Jean Jaurès,01 43 66 51 55,http://atelier-carpentier.com/
https://www.google.com/maps/place/Dray+Cyril/data=!4m7!3m6!1s0x49683dc5c8e9f13f:0x33bc0f2066d34421!8m2!3d48.7745591!4d2.4621877!16s%2Fg%2F11nnzxfpvk!19sChIJP_HpyMU9aEkRIUTTZiAPvDM?authuser=0&hl=fr&rclk=1,Dray Cyril,"4,9",-542,Chauffagiste,·,06 14 19 23 81,https://www.plombier-dray-alfortville.com/
https://www.google.com/maps/place/Hydro+CPC/data=!4m7!3m6!1s0x47e6733df3f23acf:0x9c11d3dbc4dd650!8m2!3d48.80011!4d2.4300473!16s%2Fg%2F11vsbnqpy0!19sChIJzzry8z1z5kcRUNZNvD0dwQk?authuser=0&hl=fr&rclk=1,Hydro CPC,1,-1,Entrepreneur spécialisé dans les systèmes de CVC,9 Rue Pasteur,,http://hydrocpc.fr/
https://www.google.com/maps/place/Leverger/data=!4m7!3m6!1s0x47e673163e3e7801:0x95ef0583844a9387!8m2!3d48.8000298!4d2.4290491!16s%2Fg%2F1tffj2gb!19sChIJAXg-PhZz5kcRh5NKhIMF75U?authuser=0&hl=fr&rclk=1,Leverger,"4,1",-85,Magasin de bois de chauffage,·,01 43 76 71 56,http://www.leverger.fr/
https://www.google.com/maps/place/Missenard+Energie/data=!4m7!3m6!1s0x47e67487dc4eaced:0x90421e9932185885!8m2!3d48.7901607!4d2.4327977!16s%2Fg%2F11h40_0hj4!19sChIJ7axO3Id05kcRhVgYMpkeQpA?authuser=0&hl=fr&rclk=1,Missenard Energie,"3,4",-10,Fournisseur d'équipements d'énergie solaire,112 Av. de la Liberté,01 48 90 04 70,https://www.vinci-facilities.com/implantations/missenard-energie/
https://www.google.com/maps/place/Groupe+%C3%89co+Solidaire/data=!4m7!3m6!1s0x47e6729e96309505:0xdf69294e0689f43e!8m2!3d48.8052385!4d2.432712!16s%2Fg%2F11k0mv_wqs!19sChIJBZUwlp5y5kcRPvSJBk4pad8?authuser=0&hl=fr&rclk=1,Groupe Éco Solidaire,"4,6",-68,Entrepreneur spécialisé dans l'isolation,41 Rue du 11 Novembre 1918,06 64 83 71 05,https://www.groupe-eco-solidaire.com/
https://www.google.com/maps/place/T%C3%A9r%C3%A9va+Maisons+Alfort/data=!4m7!3m6!1s0x47e673446a2a8f25:0x3047135e1d19b465!8m2!3d48.7877198!4d2.435855!16s%2Fg%2F11btt6hqd9!19sChIJJY8qakRz5kcRZbQZHV4TRzA?authuser=0&hl=fr&rclk=1,Téréva Maisons Alfort,"4,1",-53,Magasin de matériel de plomberie,·,01 43 53 63 33,https://www.tereva.fr/document/A-394579--agence-tereva-maisons-alfort
https://www.google.com/maps/place/Atelier+carpentier/data=!4m7!3m6!1s0x47e673ea5ed0b7c9:0xadad9db25e48af13!8m2!3d48.7993531!4d2.4324779!16s%2Fg%2F11qpr3fcq3!19sChIJybfQXupz5kcRE69IXrKdra0?authuser=0&hl=fr&rclk=1,Atelier carpentier,"4,1",-9,Chauffagiste,136 Rue Jean Jaurès,01 43 66 51 55,http://atelier-carpentier.com/
https://www.google.com/maps/place/Bernard+%26+fils+Plombier+Chauffagiste+ramonage/data=!4m7!3m6!1s0x47e60db286e58b79:0x9a125e0e878336f4!8m2!3d48.8105794!4d2.4705261!16s%2Fg%2F11fk8dhbsl!19sChIJeYvlhrIN5kcR9DaDhw5eEpo?authuser=0&hl=fr&rclk=1,Bernard & fils Plombier Chauffagiste ramonage,"4,8",-218,Chauffagiste,1 Rue Adrien Jacques,06 12 26 07 26,https://www.bernardetfils-plombier.fr/
https://www.google.com/maps/place/Rive+%C3%89co+Isolation/data=!4m7!3m6!1s0x47e673a748acf645:0xd2bb8fdc493d6a6e!8m2!3d48.8038931!4d2.4435337!16s%2Fg%2F11p67db3hn!19sChIJRfasSKdz5kcRbmo9SdyPu9I?authuser=0&hl=fr&rclk=1,Rive Éco Isolation,4,-25,Entrepreneur spécialisé dans l'isolation,31 Cr des Juilliottes,01 81 51 64 70,https://rive-eco.com/
https://www.google.com/maps/place/AB+PLOMBERIE+CHAUFFAGE/data=!4m7!3m6!1s0x4c05d7b1434535d9:0x6d0a6be097716c81!8m2!3d48.7880894!4d2.4309754!16s%2Fg%2F11ms2wwm8w!19sChIJ2TVFQ7HXBUwRgWxxl-BrCm0?authuser=0&hl=fr&rclk=1,AB PLOMBERIE CHAUFFAGE,5,-39,Chauffagiste,13 Rue de Turin,06 25 77 64 14,
https://www.google.com/maps/place/Andr%C3%A9+BAT+-+Chauffage+%26+%C3%89lectricit%C3%A9/data=!4m7!3m6!1s0x47e60d1ecdd68779:0xa963a520a1e761ff!8m2!3d48.8158107!4d2.4585947!16s%2Fg%2F11yd0wwdrz!19sChIJeYfWzR4N5kcR_2HnoSClY6k?authuser=0&hl=fr&rclk=1,André BAT - Chauffage & Électricité,"4,9",-59,Chauffagiste,8 Rue Paul Verlaine,06 67 90 95 51,https://andre-bat.fr/
https://www.google.com/maps/place/Hm+plus+renov/data=!4m7!3m6!1s0x491be3ab0e811adf:0xafe9a12bf817f67e!8m2!3d48.8157085!4d2.460007!16s%2Fg%2F11yb394x4s!19sChIJ3xqBDqvjG0kRfvYX-Cuh6a8?authuser=0&hl=fr&rclk=1,Hm plus renov,5,-75,Chauffagiste,260 Rue du Maréchal Leclerc,01 48 72 85 27,https://hmrenov.fr/
"https://www.google.com/maps/place/Chauffagiste+Izi+confort,+groupe+EDF/data=!4m7!3m6!1s0x47e67307014b8e21:0x14ca3fc86f4ce3cd!8m2!3d48.807287!4d2.4102904!16s%2Fg%2F1pycjjclz!19sChIJIY5LAQdz5kcRzeNMb8g_yhQ?authuser=0&hl=fr&rclk=1","Chauffagiste Izi confort, groupe EDF","4,1",-597,Chauffagiste,·,01 45 18 35 40,https://www.izi-by-edf-entretien.fr/?at_medium=Gmb&at_campaign=gmb-Alfortville
https://www.google.com/maps/place/Groupe+Alliance+%C3%89cologie/data=!4m7!3m6!1s0x47e6731bd4c14943:0xcfe7828b03639d37!8m2!3d48.8157669!4d2.4204612!16s%2Fg%2F11vybf20gp!19sChIJQ0nB1Btz5kcRN51jA4uC588?authuser=0&hl=fr&rclk=1,Groupe Alliance Écologie,5,-2,Travaux généraux,2 Quai Fernand Saguet,01 41 79 09 05,http://www.groupeallianceecologie.fr/
https://www.google.com/maps/place/NS+Services/data=!4m7!3m6!1s0x47e66d4b554f0de5:0x65ad5ab7caeb660d!8m2!3d48.8151829!4d2.4564617!16s%2Fg%2F11fqptt19b!19sChIJ5Q1PVUtt5kcRDWbryrdarWU?authuser=0&hl=fr&rclk=1,NS Services,"4,6",-91,Fournisseur de systèmes de climatisation,3 Quai de Bir Hakeim,01 86 65 03 96,http://ns-services.fr/
https://www.google.com/maps/place/Chauffage+Plomberie+Rufi/data=!4m7!3m6!1s0x65043ec7022d257b:0x6ed699574600150e!8m2!3d48.7802467!4d2.4603048!16s%2Fg%2F11lz8vhlbn!19sChIJeyUtAsc-BGURDhUARleZ1m4?authuser=0&hl=fr&rclk=1,Chauffage Plomberie Rufi,5,-8,Chauffagiste,5 Imp. Eugène Delacroix,06 95 81 54 71,https://entreprise-cpr.fr/
https://www.google.com/maps/place/ECO+AQUATHERM/data=!4m7!3m6!1s0x47e6734d1b112eab:0x470597b2f296fccc!8m2!3d48.7929451!4d2.4258869!16s%2Fg%2F11y66yt5kh!19sChIJqy4RG01z5kcRzPyW8rKXBUc?authuser=0&hl=fr&rclk=1,ECO AQUATHERM,5,-11,Plombier,71 Rue Etienne Dolet,09 70 35 00 26,https://www.eco-aquatherm.com/?utm_medium=referral&utm_source=gmb&utm_campaign=lnk-gmb
https://www.google.com/maps/place/DOMANGE+ENTREPRISE+%28PLOMBERIE+-+CHAUFFAGE+-+COUVERTURE%29/data=!4m7!3m6!1s0x47e673f5fda9a0d1:0xfb1e8eca038e11f4!8m2!3d48.8088583!4d2.4200136!16s%2Fg%2F11sqd8ycf5!19sChIJ0aCp_fVz5kcR9BGOA8qOHvs?authuser=0&hl=fr&rclk=1,DOMANGE ENTREPRISE (PLOMBERIE - CHAUFFAGE - COUVERTURE),,,Chauffagiste,17 Rue Emile Goeury,01 58 73 43 10,https://www.domange-entreprise.fr/
https://www.google.com/maps/place/GCE+%7C+Chauffagiste+et+Climatisation+%2877%29/data=!4m7!3m6!1s0x47e60f40112230fd:0x3c4788f6d511c36a!8m2!3d48.83036!4d2.588135!16s%2Fg%2F11pyk3cxb_!19sChIJ_TAiEUAP5kcRasMR1faIRzw?authuser=0&hl=fr&rclk=1,GCE | Chauffagiste et Climatisation (77),"4,6",-11,Chauffagiste,4 Avenue Robert Schuman,06 45 45 98 88,https://www.google.com/aclk?sa=L&ai=DChsSEwjr9PWdxL2UAxVDNQYAHbCgFY8YACICCAEQBxoCd3M&co=1&ase=2&gclid=CjwKCAjwq6DQBhBVEiwA4ZD5XC9hsaRNTxL7cRiRsOBx5GxV7CuRyKsxagA7_D1z0WU-Tgi8BLmnPxoCOpMQAvD_BwE&cce=2&category=acrcp_v1_32&sig=AOD64_2LT6ZZmnMNbhhqQwc3RizLUQ1idw&adurl&q&ctype=99&nis=6
https://www.google.com/maps/place/GAZ+DOT/data=!4m7!3m6!1s0x47e60468ae2ad8e1:0x53c2ca81492a4494!8m2!3d48.83983!4d2.790333!16s%2Fg%2F11b6_wngps!19sChIJ4dgqrmgE5kcRlEQqSYHKwlM?authuser=0&hl=fr&rclk=1,GAZ DOT,"4,2",-265,Chauffagiste,3A Boulevard Michael Faraday,01 64 66 00 89,https://www.google.com/aclk?sa=L&ai=DChsSEwjr9PWdxL2UAxVDNQYAHbCgFY8YACICCAEQCxoCd3M&co=1&ase=2&gclid=CjwKCAjwq6DQBhBVEiwA4ZD5XAgJVjjFanxCVojYkU4Ro-z8Q4oznzl_eFfqsw8UHgujtPBen_QXuBoCtsQQAvD_BwE&cce=2&category=acrcp_v1_32&sig=AOD64_0m2OHwlOti0HNZUX8ylO1A_685tQ&adurl&q&ctype=99&nis=6
https://www.google.com/maps/place/Pereira+Plombier+Meaux/data=!4m7!3m6!1s0x47e8a1c62cde2abd:0x5a33a9ca1a6f6b70!8m2!3d48.9660583!4d2.9135128!16s%2Fg%2F11hf19vn06!19sChIJvSreLMah6EcRcGtvGsqpM1o?authuser=0&hl=fr&rclk=1,Pereira Plombier Meaux,"4,8",-144,Chauffagiste,·,06 73 87 88 61,https://pereiraplomberiechauffage.fr/
https://www.google.com/maps/place/Attelann+Meaux/data=!4m7!3m6!1s0x47e8a35ca6ba8f6f:0xecaab97a4ec5041a!8m2!3d48.875607!4d2.8265323!16s%2Fg%2F11h27mqh6c!19sChIJb4-6plyj6EcRGgTFTnq5quw?authuser=0&hl=fr&rclk=1,Attelann Meaux,"4,9",-55,Chauffagiste,·,01 60 09 46 72,https://www.attelann.fr/?utm_source=gmb
https://www.google.com/maps/place/Entreprise+Corbet/data=!4m7!3m6!1s0x47e8a3bac82ce9c7:0x5e7be467e9a76315!8m2!3d48.9521256!4d2.9293558!16s%2Fg%2F1tdcwf14!19sChIJx-ksyLqj6EcRFWOn6Wfke14?authuser=0&hl=fr&rclk=1,Entreprise Corbet,"3,9",-37,Chauffagiste,·,01 60 25 80 26,http://www.corbet-plomberie-chauffage.com/
"https://www.google.com/maps/place/Chauffagiste+%C3%A0+Meaux,+Pompe+%C3%A0+chaleur,+Climatisation+S.A.S.U+Terr%C3%A9/data=!4m7!3m6!1s0x47e8a137aa07394b:0x8968a6f7db5f4d2c!8m2!3d48.9322715!4d2.8920051!16s%2Fg%2F11f3z5cl34!19sChIJSzkHqjeh6EcRLE1f2_emaIk?authuser=0&hl=fr&rclk=1","Chauffagiste à Meaux, Pompe à chaleur, Climatisation S.A.S.U Terré","4,8",-14,Chauffagiste,32d Street Pierre Mendes-France,06 30 77 29 08,https://sasuterre.fr/
https://www.google.com/maps/place/Frisquet+SA/data=!4m7!3m6!1s0x47e8a1b708321b8d:0xa05d9d7d55758a64!8m2!3d48.9587584!4d2.9116511!16s%2Fg%2F11lkgqlyc9!19sChIJjRsyCLeh6EcRZIp1VX2dXaA?authuser=0&hl=fr&rclk=1,Frisquet SA,3,-57,Fournisseur d'équipements de chauffage,·,01 60 09 91 00,http://www.frisquet.com/
https://www.google.com/maps/place/D.M.I.S+SAS/data=!4m7!3m6!1s0x47e8a347c3e72505:0x3ef01db6c0a9832e!8m2!3d48.9383046!4d2.9012015!16s%2Fg%2F11h6qdpbb3!19sChIJBSXnw0ej6EcRLoOpwLYd8D4?authuser=0&hl=fr&rclk=1,D.M.I.S SAS,"4,8",-119,Plombier,·,06 65 22 22 93,http://dmissas.site-solocal.com/
https://www.google.com/maps/place/Chauff%27home+services/data=!4m7!3m6!1s0x47e8a1a6005d16e9:0x2e650a9aeeb84465!8m2!3d48.9303892!4d2.8873706!16s%2Fg%2F11ft0bg31b!19sChIJ6RZdAKah6EcRZUS47poKZS4?authuser=0&hl=fr&rclk=1,Chauff'home services,5,-29,Chauffagiste,"3 b, 3B Rue de la Robarde",06 07 57 41 89,https://chauffhome-services.com/
https://www.google.com/maps/place/Comptoir+Seine+Et+Marnais+Du+Chauffage/data=!4m7!3m6!1s0x47e8a182135918e9:0x86a6738a807f2fcf!8m2!3d48.9650207!4d2.9139844!16s%2Fg%2F1tgxsw3z!19sChIJ6RhZE4Kh6EcRzy9_gIpzpoY?authuser=0&hl=fr&rclk=1,Comptoir Seine Et Marnais Du Chauffage,"4,9",-18,Chauffagiste,·,01 60 09 23 23,
https://www.google.com/maps/place/GCE+%7C+Chauffagiste+et+Climatisation+%2877%29/data=!4m7!3m6!1s0x47e60f40112230fd:0x3c4788f6d511c36a!8m2!3d48.83036!4d2.588135!16s%2Fg%2F11pyk3cxb_!19sChIJ_TAiEUAP5kcRasMR1faIRzw?authuser=0&hl=fr&rclk=1,GCE | Chauffagiste et Climatisation (77),"4,6",-11,Chauffagiste,4 Avenue Robert Schuman,06 45 45 98 88,https://www.google.com/aclk?sa=L&ai=DChsSEwjr9PWdxL2UAxVDNQYAHbCgFY8YACICCAEQBxoCd3M&co=1&ase=2&gclid=CjwKCAjwq6DQBhBVEiwA4ZD5XC9hsaRNTxL7cRiRsOBx5GxV7CuRyKsxagA7_D1z0WU-Tgi8BLmnPxoCOpMQAvD_BwE&cce=2&category=acrcp_v1_32&sig=AOD64_2LT6ZZmnMNbhhqQwc3RizLUQ1idw&adurl&q&ctype=99&nis=6
https://www.google.com/maps/place/GAZ+DOT/data=!4m7!3m6!1s0x47e60468ae2ad8e1:0x53c2ca81492a4494!8m2!3d48.83983!4d2.790333!16s%2Fg%2F11b6_wngps!19sChIJ4dgqrmgE5kcRlEQqSYHKwlM?authuser=0&hl=fr&rclk=1,GAZ DOT,"4,2",-265,Chauffagiste,3A Boulevard Michael Faraday,01 64 66 00 89,https://www.google.com/aclk?sa=L&ai=DChsSEwjr9PWdxL2UAxVDNQYAHbCgFY8YACICCAEQCxoCd3M&co=1&ase=2&gclid=CjwKCAjwq6DQBhBVEiwA4ZD5XAgJVjjFanxCVojYkU4Ro-z8Q4oznzl_eFfqsw8UHgujtPBen_QXuBoCtsQQAvD_BwE&cce=2&category=acrcp_v1_32&sig=AOD64_0m2OHwlOti0HNZUX8ylO1A_685tQ&adurl&q&ctype=99&nis=6
https://www.google.com/maps/place/Pereira+Plombier+Meaux/data=!4m7!3m6!1s0x47e8a1c62cde2abd:0x5a33a9ca1a6f6b70!8m2!3d48.9660583!4d2.9135128!16s%2Fg%2F11hf19vn06!19sChIJvSreLMah6EcRcGtvGsqpM1o?authuser=0&hl=fr&rclk=1,Pereira Plombier Meaux,"4,8",-144,Chauffagiste,·,06 73 87 88 61,https://pereiraplomberiechauffage.fr/
https://www.google.com/maps/place/Attelann+Meaux/data=!4m7!3m6!1s0x47e8a35ca6ba8f6f:0xecaab97a4ec5041a!8m2!3d48.875607!4d2.8265323!16s%2Fg%2F11h27mqh6c!19sChIJb4-6plyj6EcRGgTFTnq5quw?authuser=0&hl=fr&rclk=1,Attelann Meaux,"4,9",-55,Chauffagiste,·,01 60 09 46 72,https://www.attelann.fr/?utm_source=gmb
https://www.google.com/maps/place/Entreprise+Corbet/data=!4m7!3m6!1s0x47e8a3bac82ce9c7:0x5e7be467e9a76315!8m2!3d48.9521256!4d2.9293558!16s%2Fg%2F1tdcwf14!19sChIJx-ksyLqj6EcRFWOn6Wfke14?authuser=0&hl=fr&rclk=1,Entreprise Corbet,"3,9",-37,Chauffagiste,·,01 60 25 80 26,http://www.corbet-plomberie-chauffage.com/
"https://www.google.com/maps/place/Chauffagiste+%C3%A0+Meaux,+Pompe+%C3%A0+chaleur,+Climatisation+S.A.S.U+Terr%C3%A9/data=!4m7!3m6!1s0x47e8a137aa07394b:0x8968a6f7db5f4d2c!8m2!3d48.9322715!4d2.8920051!16s%2Fg%2F11f3z5cl34!19sChIJSzkHqjeh6EcRLE1f2_emaIk?authuser=0&hl=fr&rclk=1","Chauffagiste à Meaux, Pompe à chaleur, Climatisation S.A.S.U Terré","4,8",-14,Chauffagiste,32d Street Pierre Mendes-France,06 30 77 29 08,https://sasuterre.fr/
https://www.google.com/maps/place/Frisquet+SA/data=!4m7!3m6!1s0x47e8a1b708321b8d:0xa05d9d7d55758a64!8m2!3d48.9587584!4d2.9116511!16s%2Fg%2F11lkgqlyc9!19sChIJjRsyCLeh6EcRZIp1VX2dXaA?authuser=0&hl=fr&rclk=1,Frisquet SA,3,-57,Fournisseur d'équipements de chauffage,·,01 60 09 91 00,http://www.frisquet.com/
https://www.google.com/maps/place/D.M.I.S+SAS/data=!4m7!3m6!1s0x47e8a347c3e72505:0x3ef01db6c0a9832e!8m2!3d48.9383046!4d2.9012015!16s%2Fg%2F11h6qdpbb3!19sChIJBSXnw0ej6EcRLoOpwLYd8D4?authuser=0&hl=fr&rclk=1,D.M.I.S SAS,"4,8",-119,Plombier,·,06 65 22 22 93,http://dmissas.site-solocal.com/
https://www.google.com/maps/place/Chauff%27home+services/data=!4m7!3m6!1s0x47e8a1a6005d16e9:0x2e650a9aeeb84465!8m2!3d48.9303892!4d2.8873706!16s%2Fg%2F11ft0bg31b!19sChIJ6RZdAKah6EcRZUS47poKZS4?authuser=0&hl=fr&rclk=1,Chauff'home services,5,-29,Chauffagiste,"3 b, 3B Rue de la Robarde",06 07 57 41 89,https://chauffhome-services.com/
https://www.google.com/maps/place/Comptoir+Seine+Et+Marnais+Du+Chauffage/data=!4m7!3m6!1s0x47e8a182135918e9:0x86a6738a807f2fcf!8m2!3d48.9650207!4d2.9139844!16s%2Fg%2F1tgxsw3z!19sChIJ6RhZE4Kh6EcRzy9_gIpzpoY?authuser=0&hl=fr&rclk=1,Comptoir Seine Et Marnais Du Chauffage,"4,9",-18,Chauffagiste,·,01 60 09 23 23,
https://www.google.com/maps/place/Brossel+Sas/data=!4m7!3m6!1s0x47e8a106a7e838ef:0xa159c00298027394!8m2!3d48.6189909!4d2.9756834!16s%2Fg%2F1tgy_xs1!19sChIJ7zjopwah6EcRlHMCmALAWaE?authuser=0&hl=fr&rclk=1,Brossel Sas,4,-25,Plombier,·,01 64 34 02 63,http://www.brossel.fr/
https://www.google.com/maps/place/Ets+Picard+Et+Fils/data=!4m7!3m6!1s0x47e8a111003feabb:0x69c1a95bbf06973e!8m2!3d48.9567221!4d2.8775635!16s%2Fg%2F11fhvk8k76!19sChIJu-o_ABGh6EcRPpcGv1upwWk?authuser=0&hl=fr&rclk=1,Ets Picard Et Fils,"4,8",-115,Plombier,26 Pl. Jean Bureau,01 60 29 40 65,https://www.etspicard.fr/agence-meaux/
https://www.google.com/maps/place/ARTDECLIM+d%C3%A9pannage+et+entretien/data=!4m7!3m6!1s0x47e8a3ce3bcac305:0x8a19180f367cc46e!8m2!3d48.955867!4d2.934866!16s%2Fg%2F11j2yqc4ct!19sChIJBcPKO86j6EcRbsR8Ng8YGYo?authuser=0&hl=fr&rclk=1,ARTDECLIM dépannage et entretien,"4,7",-31,Chauffagiste,29 bis All. des Tilleuls,06 72 18 03 01,https://artdeclim.fr/
https://www.google.com/maps/place/Silva+%26+Soares/data=!4m7!3m6!1s0x47e8a1a9a5a25bb9:0x899d7bda2dc2d52e!8m2!3d49.0339272!4d2.8161892!16s%2Fg%2F11fst6f921!19sChIJuVuipamh6EcRLtXCLdp7nYk?authuser=0&hl=fr&rclk=1,Silva & Soares,"4,8",-16,Chauffagiste,·,06 51 21 92 01,https://m.facebook.com/silvasoaressas/
https://www.google.com/maps/place/Plomberie+24%2F7/data=!4m7!3m6!1s0x87a4616fd03a944d:0xb0ccef168a5ed2e6!8m2!3d46.5864387!4d0.6908136!16s%2Fg%2F11m6vl9l9m!19sChIJTZQ60G9hpIcR5tJeihbvzLA?authuser=0&hl=fr&rclk=1,Plomberie 24/7,"4,4",-72,Plombier,·,06 22 04 43 40,https://plomberie-24.fr/
https://www.google.com/maps/place/N%C3%A9o+Vesta/data=!4m7!3m6!1s0x47e8a1ab13e4cc6d:0xcc0d6bf5127a9c17!8m2!3d48.9685894!4d2.8779021!16s%2Fg%2F11dxkvxrpd!19sChIJbczkE6uh6EcRF5x6EvVrDcw?authuser=0&hl=fr&rclk=1,Néo Vesta,"3,5",-2,Entrepreneur spécialisé dans les systèmes de CVC,99 Av. Clemenceau,09 73 88 20 74,
https://www.google.com/maps/place/Terris+Energy/data=!4m7!3m6!1s0x47e8a176f01db803:0xeb072f11494ed617!8m2!3d48.9593224!4d2.903587!16s%2Fg%2F11b6d6pn90!19sChIJA7gd8Hah6EcRF9ZOSREvB-s?authuser=0&hl=fr&rclk=1,Terris Energy,"4,3",-6,Fabricant,1 Av. de l'Épinette,01 60 24 55 38,http://www.terrisenergy.fr/
https://www.google.com/maps/place/ABR+BOIS+DE+CHAUFFAGE/data=!4m7!3m6!1s0x47e8a130b7300001:0xbea056d4e4c5f0af!8m2!3d48.9336151!4d2.8887345!16s%2Fg%2F11txfbgk2k!19sChIJAQAwtzCh6EcRr_DF5NRWoL4?authuser=0&hl=fr&rclk=1,ABR BOIS DE CHAUFFAGE,"2,3",-28,Magasin de bois de chauffage,2 Rue Olympe de Gouge,,
https://www.google.com/maps/place/HPCLIM77+%7C+Climatisation+77/data=!4m7!3m6!1s0x47e8a15103a890d7:0xd4cc7a4607deeb99!8m2!3d48.9720935!4d2.8358728!16s%2Fg%2F11lgd0yszk!19sChIJ15CoA1Gh6EcRmeveB0Z6zNQ?authuser=0&hl=fr&rclk=1,HPCLIM77 | Climatisation 77,"4,8",-36,Fournisseur de systèmes de climatisation,57 Allee des Trembles,06 85 35 90 66,https://hpclim77.fr/
https://www.google.com/maps/place/SMTS/data=!4m7!3m6!1s0x47e8a10fb43331ef:0xca5d73d9ed47c072!8m2!3d48.9494427!4d2.8932168!16s%2Fg%2F11bvt56kgw!19sChIJ7zEztA-h6EcRcsBH7dlzXco?authuser=0&hl=fr&rclk=1,SMTS,5,-12,Électricien,5 Rue Sébastien de Brossard,06 67 90 72 46,https://smts-paris.com/
https://www.google.com/maps/place/DP+BAT+%2F+DP+Groupe/data=!4m7!3m6!1s0x47e8a1fb0b18b0a3:0xf5ee848433ceaf3d!8m2!3d48.9644393!4d2.9085117!16s%2Fg%2F11qm06j_4y!19sChIJo7AYC_uh6EcRPa_OM4SE7vU?authuser=0&hl=fr&rclk=1,DP BAT / DP Groupe,1,-2,Entreprise de construction,24 Rue Isaac Newton,01 64 35 05 17,https://dp-groupe.com/
https://www.google.com/maps/place/Seet/data=!4m7!3m6!1s0x47e8a1771e31fea7:0x7bfa9793e669dab1!8m2!3d48.9617335!4d2.9023699!16s%2Fg%2F1tj20w5j!19sChIJp_4xHneh6EcRsdpp5pOX-ns?authuser=0&hl=fr&rclk=1,Seet,"4,6",-7,Fournisseur d'équipements de chauffage,·,01 60 23 16 20,http://www.seet.pro/
https://www.google.com/maps/place/GCE+%7C+Chauffagiste+et+Climatisation+%2877%29/data=!4m7!3m6!1s0x47e60f40112230fd:0x3c4788f6d511c36a!8m2!3d48.83036!4d2.588135!16s%2Fg%2F11pyk3cxb_!19sChIJ_TAiEUAP5kcRasMR1faIRzw?authuser=0&hl=fr&rclk=1,GCE | Chauffagiste et Climatisation (77),"4,6",-11,Chauffagiste,4 Avenue Robert Schuman,06 45 45 98 88,https://www.google.com/aclk?sa=L&ai=DChsSEwitgIajxL2UAxU_MQYAHcrNMJAYACICCAEQBxoCd3M&co=1&ase=2&gclid=CjwKCAjwq6DQBhBVEiwA4ZD5XNQSIhSa_fAaJ2puUT55nJdANhql68xDb-Cm3O3xjMbohZC4wpe7rRoC9EcQAvD_BwE&cce=2&category=acrcp_v1_32&sig=AOD64_2WTfYdwTrGXO8DDDo2GIzCXiGKrQ&adurl&q&ctype=99&nis=6
https://www.google.com/maps/place/GAZ+DOT/data=!4m7!3m6!1s0x47e60468ae2ad8e1:0x53c2ca81492a4494!8m2!3d48.83983!4d2.790333!16s%2Fg%2F11b6_wngps!19sChIJ4dgqrmgE5kcRlEQqSYHKwlM?authuser=0&hl=fr&rclk=1,GAZ DOT,"4,2",-265,Chauffagiste,3A Boulevard Michael Faraday,01 64 66 00 89,https://www.google.com/aclk?sa=L&ai=DChsSEwitgIajxL2UAxU_MQYAHcrNMJAYACICCAEQAxoCd3M&co=1&ase=2&gclid=CjwKCAjwq6DQBhBVEiwA4ZD5XEQDG-pe0EhPIy9dlKh3Ya5cI91pXVeXoktEDoICV4sdQbFrW13xwxoC2tYQAvD_BwE&cce=2&category=acrcp_v1_32&sig=AOD64_3LUEXZjx26e6FSzkbHxqdLVPrfjg&adurl&q&ctype=99&nis=6
https://www.google.com/maps/place/Chemin%C3%A9es+Seguin+Meaux+-+Adopte+une+Flamme/data=!4m7!3m6!1s0x47e8a1222bc40001:0xb561e82aae060da6!8m2!3d48.942813!4d2.8791636!16s%2Fg%2F11ggkf6spk!19sChIJAQDEKyKh6EcRpg0GriroYbU?authuser=0&hl=fr&rclk=1,Cheminées Seguin Meaux - Adopte une Flamme,"4,5",-54,Fournisseur d'équipements de chauffage,·,01 60 38 27 26,https://www.seguin-meaux.com/
https://www.google.com/maps/place/Collard+Trolart+Thermique/data=!4m7!3m6!1s0x47e8a18dd7dd8f05:0x5e06ec7ae667ef5f!8m2!3d48.9589682!4d2.9061753!16s%2Fg%2F11lk0ntzmh!19sChIJBY_d142h6EcRX-9n5nrsBl4?authuser=0&hl=fr&rclk=1,Collard Trolart Thermique,4,-2,Fournisseur d'équipements de chauffage,20 Av. de l'Épinette,01 60 09 95 40,
https://www.google.com/maps/place/Kbane/data=!4m7!3m6!1s0x47e8a1d34044ad77:0xfc43ad757e3b9554!8m2!3d48.9628918!4d2.9155299!16s%2Fg%2F11vqmcvwnl!19sChIJd61EQNOh6EcRVJU7fnWtQ_w?authuser=0&hl=fr&rclk=1,Kbane,"3,8",-10,Chauffagiste,18 Rue des Frères Lumière,01 89 70 13 39,https://www.kbane.com/nos-agences/agence-072?utm_campaign=agences&utm_medium=fiche-gmb&utm_source=google-my-business
https://www.google.com/maps/place/MDRC/data=!4m7!3m6!1s0x47e8a1c46edb529d:0x60d71cdf9f4fc1eb!8m2!3d48.9618399!4d2.8690889!16s%2Fg%2F11ltt6m82c!19sChIJnVLbbsSh6EcR68FPn98c12A?authuser=0&hl=fr&rclk=1,MDRC,5,-5,Chauffagiste,1 Pl. Saint-Laurent,06 12 78 16 79,https://mdrc.fr/
https://www.google.com/maps/place/ACOS/data=!4m7!3m6!1s0x47e61e3882ac4e6d:0xcfb05ed9a12c44a2!8m2!3d48.9582159!4d2.8483603!16s%2Fg%2F1tfxxb35!19sChIJbU6sgjge5kcRokQsodlesM8?authuser=0&hl=fr&rclk=1,ACOS,"2,7",-30,Chauffagiste,"ZI de la Raperie, 5 Rte de Meaux",01 60 22 12 12,http://www.acos-energies.com/
https://www.google.com/maps/place/Sowato/data=!4m7!3m6!1s0x47e8a3d907259b8f:0xbc7826aeda936297!8m2!3d48.9512645!4d2.9228987!16s%2Fg%2F11j8lnpl0p!19sChIJj5slB9mj6EcRl2KT2q4meLw?authuser=0&hl=fr&rclk=1,Sowato,"3,3",-28,Chauffagiste,37 Rue Pierre Brasseur,09 81 63 19 05,
https://www.google.com/maps/place/GCE+%7C+Chauffagiste+et+Climatisation+%2877%29/data=!4m7!3m6!1s0x47e60f40112230fd:0x3c4788f6d511c36a!8m2!3d48.83036!4d2.588135!16s%2Fg%2F11pyk3cxb_!19sChIJ_TAiEUAP5kcRasMR1faIRzw?authuser=0&hl=fr&rclk=1,GCE | Chauffagiste et Climatisation (77),"4,6",-11,Chauffagiste,4 Avenue Robert Schuman,06 45 45 98 88,https://www.google.com/aclk?sa=L&ai=DChsSEwjKjJ60xL2UAxXgZ0ECHVOhJvoYACICCAEQAxoCd3M&co=1&ase=2&gclid=CjwKCAjwq6DQBhBVEiwA4ZD5XFIarnrywm8eihCG8P09lHL7pCe1wp-248m0ukJExNH4zCyRya-a7BoCpwgQAvD_BwE&cce=2&category=acrcp_v1_32&sig=AOD64_3CWbnmHgZ-WKBjkMpOgG6A55mHMg&adurl&q&ctype=99&nis=6
https://www.google.com/maps/place/Etablissement+Lefevre+Paris+11+:+Plomberie+d%C3%A9gorgement+Chauffage+Serrurerie/data=!4m7!3m6!1s0x47e66dbe3188b537:0x1923f0870e9feef2!8m2!3d48.85857!4d2.378489!16s%2Fg%2F11nm_tdwl_!19sChIJN7WIMb5t5kcR8u6fDofwIxk?authuser=0&hl=fr&rclk=1,Etablissement Lefevre Paris 11 : Plomberie dégorgement Chauffage Serrurerie,"4,5",-148,Plombier,124 Boulevard Voltaire,01 48 05 15 15,https://www.google.com/aclk?sa=L&ai=DChsSEwjKjJ60xL2UAxXgZ0ECHVOhJvoYACICCAEQBRoCd3M&co=1&ase=2&gclid=CjwKCAjwq6DQBhBVEiwA4ZD5XGgVWbPj-xDAx8SDBzNk_4S6noY5TVKtZKkzyF7CqiJOY-dl8z7GSBoC6mQQAvD_BwE&cce=2&category=acrcp_v1_32&sig=AOD64_11VKhCo_jNSI7b3qXM4h5ZnWDO2g&adurl&q&ctype=99&nis=6
https://www.google.com/maps/place/ECO+DEGR%C3%89S/data=!4m7!3m6!1s0x47e6133783990c19:0xa701194dcee78a7a!8m2!3d48.8947076!4d2.4889696!16s%2Fg%2F11h21qwp84!19sChIJGQyZgzcT5kcReornzk0ZAac?authuser=0&hl=fr&rclk=1,ECO DEGRÉS,5,-286,Chauffagiste,60 Av. Geneviève Anthonioz de Gaulle,06 29 17 17 82,http://www.ecodegres.com/
https://www.google.com/maps/place/Soci%C3%A9t%C3%A9+Thermique+de+Bondy/data=!4m7!3m6!1s0x47e61341709f633f:0x16f64db22beda915!8m2!3d48.916333!4d2.4889679!16s%2Fg%2F11h38rc_jd!19sChIJP2OfcEET5kcRFantK7JN9hY?authuser=0&hl=fr&rclk=1,Société Thermique de Bondy,5,-1,Chauffagiste,31 Rue Andrei Sakharov,01 49 14 79 79,https://www.bondy-reseau-chaleur.fr/
https://www.google.com/maps/place/THERM%27AZUR/data=!4m7!3m6!1s0x47e6133fbc1a5eff:0x2652f40b08e4b316!8m2!3d48.8938987!4d2.4646625!16s%2Fg%2F11gf36m4r5!19sChIJ_14avD8T5kcRFrPkCAv0UiY?authuser=0&hl=fr&rclk=1,THERM'AZUR,"4,4",-422,Chauffagiste,49 Bd de la République,01 48 50 11 37,https://www.therm-azur.fr/
https://www.google.com/maps/place/HUGEL/data=!4m7!3m6!1s0x47e613043d5a5557:0x7f653aa29e89da67!8m2!3d48.8995995!4d2.4995283!16s%2Fg%2F11bzz66w4v!19sChIJV1VaPQQT5kcRZ9qJnqI6ZX8?authuser=0&hl=fr&rclk=1,HUGEL,"3,8",-60,Chauffagiste,11 Av. Albert Thomas,01 48 49 93 07,https://www.hugelsarl.fr/
https://www.google.com/maps/place/G.B.P.C/data=!4m7!3m6!1s0x48b8d95fe27f2665:0xbd60ce8bbe43e123!8m2!3d48.6807824!4d2.5026636!16s%2Fg%2F11yysj9st5!19sChIJZSZ_4l_ZuEgRI-FDvovOYL0?authuser=0&hl=fr&rclk=1,G.B.P.C,5,-8,Chauffagiste,·,06 50 22 94 13,
https://www.google.com/maps/place/SARL+SKB+ENERGIE/data=!4m7!3m6!1s0x47e613a75c0869b9:0x970dd9fa32776b3f!8m2!3d48.8969551!4d2.4949337!16s%2Fg%2F11rx2534bh!19sChIJuWkIXKcT5kcRP2t3MvrZDZc?authuser=0&hl=fr&rclk=1,SARL SKB ENERGIE,5,-3,Chauffagiste,188 Rue Louis Auguste Blanqui,06 17 84 26 08,
https://www.google.com/maps/place/Extra+Plombier/data=!4m7!3m6!1s0xe1cdfd9d1b968fb:0xb031f7f24616a229!8m2!3d48.6807824!4d2.5026636!16s%2Fg%2F11w2wygtpd!19sChIJ-2i50dnfHA4RKaIWRvL3MbA?authuser=0&hl=fr&rclk=1,Extra Plombier,5,-115,Chauffagiste,·,06 67 92 70 52,https://extra-plombier.fr/
https://www.google.com/maps/place/Delta+Renove/data=!4m7!3m6!1s0x47e61324640b424f:0x6101524e99d33b28!8m2!3d48.9009424!4d2.4768363!16s%2Fg%2F11gzs15wp7!19sChIJT0ILZCQT5kcRKDvTmU5SAWE?authuser=0&hl=fr&rclk=1,Delta Renove,"4,5",-2,Entrepreneur,33 Rue Jean Jaurès,01 45 23 12 17,
https://www.google.com/maps/place/ADSS/data=!4m7!3m6!1s0x47e612dddf405ba3:0x36cd28f09c11a94a!8m2!3d48.8886123!4d2.4805498!16s%2Fg%2F11b6d6m5hm!19sChIJo1tA390S5kcRSqkRnPAozTY?authuser=0&hl=fr&rclk=1,ADSS,"4,9",-378,Serrurier,11 Rue Marcel Dassault,01 48 96 76 80,http://www.adss-idf.fr/
https://www.google.com/maps/place/ETS+Albert+Plomberie/data=!4m7!3m6!1s0x47e6133cabbf68b3:0x5b1263e871f0e45b!8m2!3d48.8920257!4d2.4981381!16s%2Fg%2F11t7phldrf!19sChIJs2i_qzwT5kcRW-TwcehjEls?authuser=0&hl=fr&rclk=1,ETS Albert Plomberie,"4,9",-123,Chauffagiste,2 Bd d'Aulnay,01 79 75 93 93,
https://www.google.com/maps/place/Olere+Compagnie/data=!4m7!3m6!1s0x47e61396c6015a15:0xf708a5a9e7151c2f!8m2!3d48.89199!4d2.4981716!16s%2Fg%2F11xcwg1278!19sChIJFVoBxpYT5kcRLxwV56mlCPc?authuser=0&hl=fr&rclk=1,Olere Compagnie,3,-2,Chauffagiste,2 Bd d'Aulnay,06 84 29 82 01,https://www.premium-assistance.com/
https://www.google.com/maps/place/Artisan+Couvreur+Fabulet+Jean+Marc+-couvreur+Bondy/data=!4m7!3m6!1s0x47e613456fd243ab:0x8f2f93944ecda28f!8m2!3d48.9037001!4d2.4961491!16s%2Fg%2F11frs27n7d!19sChIJq0PSb0UT5kcRj6LNTpSTL48?authuser=0&hl=fr&rclk=1,Artisan Couvreur Fabulet Jean Marc -couvreur Bondy,"4,8",-91,Couvreur,16 All. Raspail,06 10 64 04 34,https://www.artisan-couvreur-fab.fr/
https://www.google.com/maps/place/Groupe+ANDY/data=!4m7!3m6!1s0x47e612e6cfd92691:0xcfb757c5c6633631!8m2!3d48.8880147!4d2.4856815!16s%2Fg%2F11bbrlc3xm!19sChIJkSbZz-YS5kcRMTZjxsVXt88?authuser=0&hl=fr&rclk=1,Groupe ANDY,5,-4,Entreprise de construction,·,01 55 86 18 86,http://www.groupe-andy.com/
https://www.google.com/maps/place/Guilbert+Propret%C3%A9+-+Agence+Paris+Bondy/data=!4m7!3m6!1s0x47e613b6e9f684df:0xea69cf357cf01a61!8m2!3d48.8999923!4d2.4924987!16s%2Fg%2F11j2f593hr!19sChIJ34T26bYT5kcRYRrwfDXPaeo?authuser=0&hl=fr&rclk=1,Guilbert Propreté - Agence Paris Bondy,"3,9",-50,Services de nettoyage,134 Av. Henri Barbusse,01 48 47 14 02,https://www.guilbert.net/
https://www.google.com/maps/place/Entreprise+Crivelli/data=!4m7!3m6!1s0x47e613225e989c2d:0x4ce4c1bb1bd62b64!8m2!3d48.9009252!4d2.4817893!16s%2Fg%2F11flt31g3r!19sChIJLZyYXiIT5kcRZCvWG7vB5Ew?authuser=0&hl=fr&rclk=1,Entreprise Crivelli,3,-2,Entrepreneur,32 Av. Carnot,,https://entreprisecrivelli.fr/
https://www.google.com/maps/place/RICHARDSON+:+SANITAIRE-+CHAUFFAGE+-+PLOMBERIE+-+PHOTOVOLTA%C3%8FQUE/data=!4m7!3m6!1s0x47e61313bde257df:0xae6d16cdd535eaa8!8m2!3d48.9101828!4d2.4920355!16s%2Fg%2F1vg4j2q6!19sChIJ31fivRMT5kcRqOo11c0Wba4?authuser=0&hl=fr&rclk=1,RICHARDSON : SANITAIRE- CHAUFFAGE - PLOMBERIE - PHOTOVOLTAÏQUE,"4,4",-44,Magasin de matériel de plomberie,·,01 48 47 31 27,https://www.richardson.fr/tous-les-magasins/agence/pavillons-sous-bois
https://www.google.com/maps/place/sabhabitat/data=!4m7!3m6!1s0x47e613164b8e4cd9:0xaf905b91e6971584!8m2!3d48.9063697!4d2.4856548!16s%2Fg%2F11vwh0rn1h!19sChIJ2UyOSxYT5kcRhBWX5pFbkK8?authuser=0&hl=fr&rclk=1,sabhabitat,5,-16,Entreprise de construction,160 Av. Gallieni,01 72 59 03 90,
https://www.google.com/maps/place/NJE+bati/data=!4m7!3m6!1s0x47e6137e84eb5acd:0x9cbea80f30656cdb!8m2!3d48.1766923!4d-1.6523034!16s%2Fg%2F11yqgpz8x6!19sChIJzVrrhH4T5kcR22xlMA-ovpw?authuser=0&hl=fr&rclk=1,NJE bati,"4,8",-18,Plombier,·,07 52 96 50 83,http://www.njebati.fr/
https://www.google.com/maps/place/ZABOLA+93+%28Entreprise+d%27%C3%89lectricit%C3%A9+-+Entreprise+de+Peinture+-+Entreprise+de+R%C3%A9novation%29/data=!4m7!3m6!1s0x47e6132916869b25:0x9e167d7736af3368!8m2!3d48.6807824!4d2.5026636!16s%2Fg%2F11lszjsqyr!19sChIJJZuGFikT5kcRaDOvNnd9Fp4?authuser=0&hl=fr&rclk=1,ZABOLA 93 (Entreprise d'Électricité - Entreprise de Peinture - Entreprise de Rénovation),5,-13,Travaux généraux,·,07 83 85 04 71,
https://www.google.com/maps/place/Pdm/data=!4m7!3m6!1s0x47e612e74c344ffb:0x18f0abd6e53495b3!8m2!3d48.8883316!4d2.4832434!16s%2Fg%2F11f4ldz686!19sChIJ-080TOcS5kcRs5U05dar8Bg?authuser=0&hl=fr&rclk=1,Pdm,"4,1",-7,Entreprise d'étanchéité,·,01 48 30 72 67,https://www.pdm.fr/
https://www.google.com/maps/place/ZABOLA+93+%28Entreprise+d%27%C3%89lectricit%C3%A9+-+Entreprise+de+Peinture+-+Entreprise+de+R%C3%A9novation%29/data=!4m7!3m6!1s0x47e6132916869b25:0x9e167d7736af3368!8m2!3d48.6807824!4d2.5026636!16s%2Fg%2F11lszjsqyr!19sChIJJZuGFikT5kcRaDOvNnd9Fp4?authuser=0&hl=fr&rclk=1,ZABOLA 93 (Entreprise d'Électricité - Entreprise de Peinture - Entreprise de Rénovation),5,-13,Travaux généraux,·,07 83 85 04 71,
https://www.google.com/maps/place/Pdm/data=!4m7!3m6!1s0x47e612e74c344ffb:0x18f0abd6e53495b3!8m2!3d48.8883316!4d2.4832434!16s%2Fg%2F11f4ldz686!19sChIJ-080TOcS5kcRs5U05dar8Bg?authuser=0&hl=fr&rclk=1,Pdm,"4,1",-7,Entreprise d'étanchéité,·,01 48 30 72 67,https://www.pdm.fr/
https://www.google.com/maps/place/Semip+Sa/data=!4m7!3m6!1s0x47e6133fb73ce0eb:0xef2ee9a7a2c5e42a!8m2!3d48.9120079!4d2.4825418!16s%2Fg%2F1vb9cc2w!19sChIJ6-A8tz8T5kcRKuTFoqfpLu8?authuser=0&hl=fr&rclk=1,Semip Sa,4,-1,Entreprise de construction,5 Av. Marx Dormoy,01 41 55 11 50,http://www.semip-sas.fr/
https://www.google.com/maps/place/GCE+%7C+Chauffagiste+et+Climatisation+%2877%29/data=!4m7!3m6!1s0x47e60f40112230fd:0x3c4788f6d511c36a!8m2!3d48.83036!4d2.588135!16s%2Fg%2F11pyk3cxb_!19sChIJ_TAiEUAP5kcRasMR1faIRzw?authuser=0&hl=fr&rclk=1,GCE | Chauffagiste et Climatisation (77),"4,6",-11,Chauffagiste,4 Avenue Robert Schuman,06 45 45 98 88,https://www.google.com/aclk?sa=L&ai=DChsSEwjDxebJxL2UAxXUaUECHSYEGu4YACICCAEQBBoCd3M&co=1&ase=2&gclid=CjwKCAjwq6DQBhBVEiwA4ZD5XFSWt8kwCT35Uzx21le9zleb54b8R7LuI5ZX9pw9NtHd_gtjtbzQdRoCM9MQAvD_BwE&cce=2&category=acrcp_v1_32&sig=AOD64_0CL4GYPBHwLfk9ay4Aj81eK4lL3A&adurl&q&ctype=99&nis=6
https://www.google.com/maps/place/H2C+-+Energie/data=!4m7!3m6!1s0x734a62e90e931e3:0xb548e966281fa5ce!8m2!3d49.029084!4d2.46992!16s%2Fg%2F11ym1y_vgd!19sChIJ4zHpkC6mNAcRzqUfKGbpSLU?authuser=0&hl=fr&rclk=1,H2C - Energie,5,-3,Fournisseur de systèmes de climatisation,4 Rue Louise Michel,07 43 65 66 16,https://www.google.com/aclk?sa=L&ai=DChsSEwjDxebJxL2UAxXUaUECHSYEGu4YACICCAEQABoCd3M&co=1&ase=2&gclid=CjwKCAjwq6DQBhBVEiwA4ZD5XP3hkQgmrUF-lrtG8TdHHf82TZNR737W5HNy6n1VdUcOMZYH7dzV9BoCkJcQAvD_BwE&cce=2&category=acrcp_v1_32&sig=AOD64_19gsGCPEsKKs845Rvt9-ARCXA8fA&adurl&q&ctype=99&nis=6
https://www.google.com/maps/place/KroTherm/data=!4m7!3m6!1s0x47e6155849f13e05:0xd17c5d427b0f8356!8m2!3d48.9379809!4d2.5348999!16s%2Fg%2F11zjw3dy96!19sChIJBT7xSVgV5kcRVoMPe0JdfNE?authuser=0&hl=fr&rclk=1,KroTherm,5,-19,Chauffagiste,18 Av. Hector Berlioz,07 57 07 99 49,https://krotherm.com/
https://www.google.com/maps/place/Entreprise+Fontaine+et+Fils/data=!4m7!3m6!1s0x47e6139f24ad4e2f:0x71e04076fb57aee7!8m2!3d48.9283697!4d2.5219048!16s%2Fg%2F11h3nn6c5g!19sChIJL06tJJ8T5kcR565X-3ZA4HE?authuser=0&hl=fr&rclk=1,Entreprise Fontaine et Fils,"4,9",-8,Plombier,9 All. de la Smala,06 58 82 20 26,
https://www.google.com/maps/place/Plombier+Sevran+-+BDS+SERVICE/data=!4m7!3m6!1s0x47e617a92b217ec5:0x2b29ace242c047c7!8m2!3d48.9411527!4d2.5301542!16s%2Fg%2F11xgj6j5_l!19sChIJxX4hK6kX5kcRx0fAQuKsKSs?authuser=0&hl=fr&rclk=1,Plombier Sevran - BDS SERVICE,"4,8",-19,Chauffagiste,18 Rue Henri Martin,07 83 28 80 76,
https://www.google.com/maps/place/MCC+-+Marlier+Chauffage+Clim/data=!4m7!3m6!1s0x47e66c981f497a8f:0xdcc1a6651263e8fa!8m2!3d48.9305!4d2.513702!16s%2Fg%2F11gfh9bg5g!19sChIJj3pJH5hs5kcR-uhjEmWmwdw?authuser=0&hl=fr&rclk=1,MCC - Marlier Chauffage Clim,"4,8",-143,Chauffagiste,·,01 48 65 35 29,https://marlierchauffageclim.com/
https://www.google.com/maps/place/CPR+Chauffage/data=!4m7!3m6!1s0x47e6152535a244a9:0xd01c45dbae617346!8m2!3d48.9465699!4d2.5552425!16s%2Fg%2F11g0ldm0vd!19sChIJqUSiNSUV5kcRRnNhrttFHNA?authuser=0&hl=fr&rclk=1,CPR Chauffage,"4,8",-90,Chauffagiste,39 Av. Pierre Bérégovoy,01 48 60 00 59,http://www.cprchauffage.com/
https://www.google.com/maps/place/Duchene+SAS/data=!4m7!3m6!1s0x47e6138f557bd94f:0x7b81b9d9b2ae317!8m2!3d48.9351022!4d2.5689832!16s%2Fg%2F11h03gv8js!19sChIJT9l7VY8T5kcRF-Mqm50buAc?authuser=0&hl=fr&rclk=1,Duchene SAS,"4,7",-112,Chauffagiste,103 Rue de Meaux,01 43 85 70 82,http://www.sas-duchene.com/
https://www.google.com/maps/place/GCE+%7C+Chauffagiste+et+Climatisation+%2877%29/data=!4m7!3m6!1s0x47e60f40112230fd:0x3c4788f6d511c36a!8m2!3d48.83036!4d2.588135!16s%2Fg%2F11pyk3cxb_!19sChIJ_TAiEUAP5kcRasMR1faIRzw?authuser=0&hl=fr&rclk=1,GCE | Chauffagiste et Climatisation (77),"4,6",-11,Chauffagiste,4 Avenue Robert Schuman,06 45 45 98 88,https://www.google.com/aclk?sa=L&ai=DChsSEwjDxebJxL2UAxXUaUECHSYEGu4YACICCAEQBBoCd3M&co=1&ase=2&gclid=CjwKCAjwq6DQBhBVEiwA4ZD5XFSWt8kwCT35Uzx21le9zleb54b8R7LuI5ZX9pw9NtHd_gtjtbzQdRoCM9MQAvD_BwE&cce=2&category=acrcp_v1_32&sig=AOD64_0CL4GYPBHwLfk9ay4Aj81eK4lL3A&adurl&q&ctype=99&nis=6
https://www.google.com/maps/place/H2C+-+Energie/data=!4m7!3m6!1s0x734a62e90e931e3:0xb548e966281fa5ce!8m2!3d49.029084!4d2.46992!16s%2Fg%2F11ym1y_vgd!19sChIJ4zHpkC6mNAcRzqUfKGbpSLU?authuser=0&hl=fr&rclk=1,H2C - Energie,5,-3,Fournisseur de systèmes de climatisation,4 Rue Louise Michel,07 43 65 66 16,https://www.google.com/aclk?sa=L&ai=DChsSEwjDxebJxL2UAxXUaUECHSYEGu4YACICCAEQABoCd3M&co=1&ase=2&gclid=CjwKCAjwq6DQBhBVEiwA4ZD5XP3hkQgmrUF-lrtG8TdHHf82TZNR737W5HNy6n1VdUcOMZYH7dzV9BoCkJcQAvD_BwE&cce=2&category=acrcp_v1_32&sig=AOD64_19gsGCPEsKKs845Rvt9-ARCXA8fA&adurl&q&ctype=99&nis=6
https://www.google.com/maps/place/KroTherm/data=!4m7!3m6!1s0x47e6155849f13e05:0xd17c5d427b0f8356!8m2!3d48.9379809!4d2.5348999!16s%2Fg%2F11zjw3dy96!19sChIJBT7xSVgV5kcRVoMPe0JdfNE?authuser=0&hl=fr&rclk=1,KroTherm,5,-19,Chauffagiste,18 Av. Hector Berlioz,07 57 07 99 49,https://krotherm.com/
https://www.google.com/maps/place/Entreprise+Fontaine+et+Fils/data=!4m7!3m6!1s0x47e6139f24ad4e2f:0x71e04076fb57aee7!8m2!3d48.9283697!4d2.5219048!16s%2Fg%2F11h3nn6c5g!19sChIJL06tJJ8T5kcR565X-3ZA4HE?authuser=0&hl=fr&rclk=1,Entreprise Fontaine et Fils,"4,9",-8,Plombier,9 All. de la Smala,06 58 82 20 26,
https://www.google.com/maps/place/Plombier+Sevran+-+BDS+SERVICE/data=!4m7!3m6!1s0x47e617a92b217ec5:0x2b29ace242c047c7!8m2!3d48.9411527!4d2.5301542!16s%2Fg%2F11xgj6j5_l!19sChIJxX4hK6kX5kcRx0fAQuKsKSs?authuser=0&hl=fr&rclk=1,Plombier Sevran - BDS SERVICE,"4,8",-19,Chauffagiste,18 Rue Henri Martin,07 83 28 80 76,
https://www.google.com/maps/place/MCC+-+Marlier+Chauffage+Clim/data=!4m7!3m6!1s0x47e66c981f497a8f:0xdcc1a6651263e8fa!8m2!3d48.9305!4d2.513702!16s%2Fg%2F11gfh9bg5g!19sChIJj3pJH5hs5kcR-uhjEmWmwdw?authuser=0&hl=fr&rclk=1,MCC - Marlier Chauffage Clim,"4,8",-143,Chauffagiste,·,01 48 65 35 29,https://marlierchauffageclim.com/
https://www.google.com/maps/place/CPR+Chauffage/data=!4m7!3m6!1s0x47e6152535a244a9:0xd01c45dbae617346!8m2!3d48.9465699!4d2.5552425!16s%2Fg%2F11g0ldm0vd!19sChIJqUSiNSUV5kcRRnNhrttFHNA?authuser=0&hl=fr&rclk=1,CPR Chauffage,"4,8",-90,Chauffagiste,39 Av. Pierre Bérégovoy,01 48 60 00 59,http://www.cprchauffage.com/
https://www.google.com/maps/place/Duchene+SAS/data=!4m7!3m6!1s0x47e6138f557bd94f:0x7b81b9d9b2ae317!8m2!3d48.9351022!4d2.5689832!16s%2Fg%2F11h03gv8js!19sChIJT9l7VY8T5kcRF-Mqm50buAc?authuser=0&hl=fr&rclk=1,Duchene SAS,"4,7",-112,Chauffagiste,103 Rue de Meaux,01 43 85 70 82,http://www.sas-duchene.com/
https://www.google.com/maps/place/H2C+-+Energie/data=!4m7!3m6!1s0x734a62e90e931e3:0xb548e966281fa5ce!8m2!3d49.029084!4d2.46992!16s%2Fg%2F11ym1y_vgd!19sChIJ4zHpkC6mNAcRzqUfKGbpSLU?authuser=0&hl=fr&rclk=1,H2C - Energie,5,-3,Fournisseur de systèmes de climatisation,4 Rue Louise Michel,07 43 65 66 16,https://www.google.com/aclk?sa=L&ai=DChsSEwi_lbTRxL2UAxXVtmgJHf4-Lm8YACICCAEQABoCd2Y&co=1&ase=2&gclid=CjwKCAjwq6DQBhBVEiwA4ZD5XGYdXnjjehfWvuDX6clhxPIKaE9RrzjNT6R4Tsfpjizl_dZXKId_JBoCSpoQAvD_BwE&cce=2&category=acrcp_v1_32&sig=AOD64_0L8f5q6qHckbZuIH8V0Tr3sl2cwA&adurl&q&ctype=99&nis=6
https://www.google.com/maps/place/Etablissement+Lefevre+Paris+11+:+Plomberie+d%C3%A9gorgement+Chauffage+Serrurerie/data=!4m7!3m6!1s0x47e66dbe3188b537:0x1923f0870e9feef2!8m2!3d48.85857!4d2.378489!16s%2Fg%2F11nm_tdwl_!19sChIJN7WIMb5t5kcR8u6fDofwIxk?authuser=0&hl=fr&rclk=1,Etablissement Lefevre Paris 11 : Plomberie dégorgement Chauffage Serrurerie,"4,5",-148,Plombier,124 Boulevard Voltaire,01 48 05 15 15,https://www.google.com/aclk?sa=L&ai=DChsSEwi_lbTRxL2UAxXVtmgJHf4-Lm8YACICCAEQBRoCd2Y&co=1&ase=2&gclid=CjwKCAjwq6DQBhBVEiwA4ZD5XL4xlv8sTiAbf7mWqYYxRcR5LSEiNJsFlR2c3a7l639wFy8Vo63uahoCLVcQAvD_BwE&cce=2&category=acrcp_v1_32&sig=AOD64_2816oRvg46w1hMd48fPFfk0rMhhQ&adurl&q&ctype=99&nis=6
https://www.google.com/maps/place/Artisan+Plombier+chauffagiste/data=!4m7!3m6!1s0x47e67362da083291:0x615677a91507d0a6!8m2!3d48.8461205!4d2.423423!16s%2Fg%2F11rc6ytwkg!19sChIJkTII2mJz5kcRptAHFal3VmE?authuser=0&hl=fr&rclk=1,Artisan Plombier chauffagiste,"4,8",-199,Chauffagiste,136 Av. de Paris,06 99 30 15 34,https://astr-idf.com/
https://www.google.com/maps/place/ARTISAN+PLOMBIER+VINCENNES+E.L.P.F+ASSISTANCE/data=!4m7!3m6!1s0x47e672abee5a6c0b:0x33dbf00f4bde60cd!8m2!3d48.8497275!4d2.4516659!16s%2Fg%2F119twyh5l!19sChIJC2xa7qty5kcRzWDeSw_w2zM?authuser=0&hl=fr&rclk=1,ARTISAN PLOMBIER VINCENNES E.L.P.F ASSISTANCE,"4,8",-139,Plombier,160 Rue de la Jarry,01 43 74 40 60,http://artisan-plombier-vincennes.fr/
https://www.google.com/maps/place/Vincennes+Plombier+%26+Chauffagiste/data=!4m7!3m6!1s0x47e673ce9f37b8ab:0x63acf5fad8ff4331!8m2!3d48.8488358!4d2.4426969!16s%2Fg%2F11y6ks5m4l!19sChIJq7g3n85z5kcRMUP_2Pr1rGM?authuser=0&hl=fr&rclk=1,Vincennes Plombier & Chauffagiste,"4,7",-21,Chauffagiste,·,07 49 30 13 30,https://www.plombier-chauffagiste-vincennes.fr/
https://www.google.com/maps/place/Leonardo+Services/data=!4m7!3m6!1s0x47e67315694e6d09:0xe6204c3bf4c0e2dc!8m2!3d48.8491645!4d2.4459827!16s%2Fg%2F11flbl35mt!19sChIJCW1OaRVz5kcR3OLA9DtMIOY?authuser=0&hl=fr&rclk=1,Leonardo Services,5,-373,Plombier,22 Rue du Commandant Mowat,01 88 27 32 58,https://www.serrurier-plombier-paris.com/
https://www.google.com/maps/place/Diderot+Services/data=!4m7!3m6!1s0x47e6735bb66db58d:0x370a167d020db1de!8m2!3d48.8438476!4d2.4321722!16s%2Fg%2F11hzmt3zks!19sChIJjbVttltz5kcR3rENAn0WCjc?authuser=0&hl=fr&rclk=1,Diderot Services,5,-37,Chauffagiste,34 Av. Franklin Roosevelt,01 43 28 01 31,https://diderotservice.fr/
https://www.google.com/maps/place/Albert+Et+Fils/data=!4m7!3m6!1s0x47e673cb19bc8a8b:0x88c76db1e9c161df!8m2!3d48.8478518!4d2.429034!16s%2Fg%2F11thh82p6n!19sChIJi4q8Gctz5kcR32HB6bFtx4g?authuser=0&hl=fr&rclk=1,Albert Et Fils,"4,9",-58,Chauffagiste,4 Rue de l'Égalité,01 46 80 56 98,https://albert-et-fils.fr/vincennes-94300
https://www.google.com/maps/place/Plomberie+Temin/data=!4m7!3m6!1s0x47e6729b2e61bfb9:0x78ddb2f8d4385e8f!8m2!3d48.8476797!4d2.4231089!16s%2Fg%2F1tdx_664!19sChIJub9hLpty5kcRj1441Piy3Xg?authuser=0&hl=fr&rclk=1,Plomberie Temin,"4,5",-101,Plombier,26 Rue des Laitières,01 43 65 81 61,http://www.plomberie-temin.com/
https://www.google.com/maps/place/SAS+PIQUET+ET+FILS/data=!4m7!3m6!1s0x47e6736c4c3afa57:0x16be4027c456e41f!8m2!3d48.8488056!4d2.4306296!16s%2Fg%2F11b6dqmpnq!19sChIJV_o6TGxz5kcRH-RWxCdAvhY?authuser=0&hl=fr&rclk=1,SAS PIQUET ET FILS,"4,1",-40,Chauffagiste,224 Rue de Fontenay,01 43 74 54 80,http://www.piquet-et-fils.fr/
https://www.google.com/maps/place/Ets+Lauyann/data=!4m7!3m6!1s0x47e672a1e8a79ae5:0x448bcb780a46a7c0!8m2!3d48.8503306!4d2.4347386!16s%2Fg%2F11bzz4lrtw!19sChIJ5Zqn6KFy5kcRwKdGCnjLi0Q?authuser=0&hl=fr&rclk=1,Ets Lauyann,"4,8",-122,Plombier,88 Rue de Montreuil,01 43 98 32 00,
"https://www.google.com/maps/place/BOREALE+CVC+-+Chauffage,+Ventilation+et+Climatisation/data=!4m7!3m6!1s0x47e673bd944d66ad:0x9eb65265e3571c64!8m2!3d48.8482986!4d2.4382185!16s%2Fg%2F11y591m15f!19sChIJrWZNlL1z5kcRZBxX42VStp4?authuser=0&hl=fr&rclk=1","BOREALE CVC - Chauffage, Ventilation et Climatisation",5,-11,Chauffagiste,110 Rue de Fontenay,07 80 94 77 75,https://borealecvc.com/
https://www.google.com/maps/place/Plomberie+De+Vincennes/data=!4m7!3m6!1s0x47e672a65aff3dbb:0xc6f345461d76ce0!8m2!3d48.8508105!4d2.4430393!16s%2Fg%2F11lchjm0w3!19sChIJuz3_WqZy5kcR4GzXYVQ0bww?authuser=0&hl=fr&rclk=1,Plomberie De Vincennes,,,Plombier,44 Rue Charles Silvestri,01 70 25 98 88,
https://www.google.com/maps/place/GROUPE+ECO+LOGIQUE+-+gel/data=!4m7!3m6!1s0x47e67389bd85dea7:0xc593301e6b52bd6e!8m2!3d48.845355!4d2.4272476!16s%2Fg%2F11tnmm_wzx!19sChIJp96FvYlz5kcRbr1Sax4wk8U?authuser=0&hl=fr&rclk=1,GROUPE ECO LOGIQUE - gel,"4,3",-16,Chauffagiste,112 Av. de Paris,0 805 69 85 55,
https://www.google.com/maps/place/Holley+Duran/data=!4m7!3m6!1s0x47e6729b9523daad:0xe02f1deb45fcc553!8m2!3d48.848098!4d2.426862!16s%2Fg%2F11jtzg_qvr!19sChIJrdojlZty5kcRU8X8ResdL-A?authuser=0&hl=fr&rclk=1,Holley Duran,"2,9",-25,Plombier,35 Rue Victor Basch,01 49 57 91 91,https://holley-duran.fr/
https://www.google.com/maps/place/Maison+Bor%C3%A9e+Climatisation/data=!4m7!3m6!1s0x47e673c9b016fadd:0xfe600fb1adfba9e4!8m2!3d48.8525334!4d2.4388732!16s%2Fg%2F11vszff9bz!19sChIJ3foWsMlz5kcR5Kn7rbEPYP4?authuser=0&hl=fr&rclk=1,Maison Borée Climatisation,5,-16,Magasin de systèmes de climatisation,·,01 84 19 01 12,https://maison-boree.fr/
https://www.google.com/maps/place/Entreprise+Jr/data=!4m7!3m6!1s0x47e67296fe1552fb:0x41c34fad323d07e5!8m2!3d48.8417927!4d2.4301515!16s%2Fg%2F11f62h1yrk!19sChIJ-1IV_pZy5kcR5Qc9Mq1Pw0E?authuser=0&hl=fr&rclk=1,Entreprise Jr,3,-2,Entrepreneur,7 Imp. des Vignerons,,http://www.entreprise-jr.com/
https://www.google.com/maps/place/Plomberie+claude+renovation/data=!4m7!3m6!1s0x47e673fae3470e87:0x4dfd9076a6e96159!8m2!3d48.847797!4d2.440636!16s%2Fg%2F11n2xpvnc_!19sChIJhw5H4_pz5kcRWWHppnaQ_U0?authuser=0&hl=fr&rclk=1,Plomberie claude renovation,3,-1,Chauffagiste,49 Rue de Fontenay,01 43 28 68 01,
https://www.google.com/maps/place/Les+Artisans+du+B%C3%A2timent/data=!4m7!3m6!1s0x47e6729b3b369cab:0x91df1ffbe82e985a!8m2!3d48.848226!4d2.422762!16s%2Fg%2F1tgfvyv4!19sChIJq5w2O5ty5kcRWpgu6Psf35E?authuser=0&hl=fr&rclk=1,Les Artisans du Bâtiment,"3,7",-9,Chauffagiste,11 Av. Georges Clemenceau,01 41 74 90 05,https://www.les-artisans-du-batiment.com/
https://www.google.com/maps/place/Bat%27inov/data=!4m7!3m6!1s0x47e672998eb5922f:0x7f802e7220e6d157!8m2!3d48.846075!4d2.428337!16s%2Fg%2F11bzz52bsz!19sChIJL5K1jply5kcRV9HmIHIugH8?authuser=0&hl=fr&rclk=1,Bat'inov,"4,3",-72,Plombier,5 Pl. Berault,01 43 28 22 04,http://www.batinov-renovation.com/
https://www.google.com/maps/place/Plombier.com/data=!4m7!3m6!1s0x47e67371bf3cb3c9:0x3c67c52d056d903a!8m2!3d48.8510706!4d2.419589!16s%2Fg%2F11mxz5s6_j!19sChIJybM8v3Fz5kcROpBtBS3FZzw?authuser=0&hl=fr&rclk=1,Plombier.com,"4,3",-415,Chauffagiste,·,01 42 64 64 64,https://www.plombier.com/
https://www.google.com/maps/place/Artisan+Plombier+-+Ets+MOREL/data=!4m7!3m6!1s0x47e60d23a02c65bd:0xc4d1f5590ad2174a!8m2!3d48.8379093!4d2.4841954!16s%2Fg%2F11j2sbxjrl!19sChIJvWUsoCMN5kcRShfSCln10cQ?authuser=0&hl=fr&rclk=1,Artisan Plombier - Ets MOREL,"4,8",-369,Chauffagiste,34 Rue des Héros Nogentais,01 43 97 48 44,http://morel-plombier.com/
https://www.google.com/maps/place/REDSOF/data=!4m7!3m6!1s0x47e672a2108fffff:0xbc08ae2ce5488ff6!8m2!3d48.8486562!4d2.4347438!16s%2Fg%2F11j8lm8p1b!19sChIJ__-PEKJy5kcR9o9I5SyuCLw?authuser=0&hl=fr&rclk=1,REDSOF,1,-4,Fournisseur de systèmes de climatisation,68 Rue de Montreuil,01 87 22 23 88,https://www.redsof.fr/
https://www.google.com/maps/place/Etablissement+Lefevre+Paris+11+:+Plomberie+d%C3%A9gorgement+Chauffage+Serrurerie/data=!4m7!3m6!1s0x47e66dbe3188b537:0x1923f0870e9feef2!8m2!3d48.85857!4d2.378489!16s%2Fg%2F11nm_tdwl_!19sChIJN7WIMb5t5kcR8u6fDofwIxk?authuser=0&hl=fr&rclk=1,Etablissement Lefevre Paris 11 : Plomberie dégorgement Chauffage Serrurerie,"4,5",-148,Plombier,124 Boulevard Voltaire,01 48 05 15 15,https://www.google.com/aclk?sa=L&ai=DChsSEwjZ-OHixL2UAxVytWgJHZ9QLZwYACICCAEQABoCd2Y&co=1&ase=2&gclid=CjwKCAjwq6DQBhBVEiwA4ZD5XFkS4PzFJMhcrOVgSbVrMzMf-bATM_U01XWbDPEq4Tk3HtgNSMR2cBoCoUMQAvD_BwE&cce=2&category=acrcp_v1_32&sig=AOD64_2ZAe6qpkyVXJHGCOqtGorAIXTC7A&adurl&q&ctype=99&nis=6
https://www.google.com/maps/place/Poseclim/data=!4m7!3m6!1s0x87784f31692aebef:0xaa374e8ec0964f63!8m2!3d48.874488!4d2.699271!16s%2Fg%2F11vqjcl2y_!19sChIJ7-sqaTFPeIcRY0-WwI5ON6o?authuser=0&hl=fr&rclk=1,Poseclim,"4,9",-74,Fournisseur de systèmes de climatisation,12 Rue Simone Veil,06 63 15 89 83,https://www.google.com/aclk?sa=L&ai=DChsSEwjZ-OHixL2UAxVytWgJHZ9QLZwYACICCAEQCBoCd2Y&co=1&ase=2&gclid=CjwKCAjwq6DQBhBVEiwA4ZD5XK2AujcvZcKc07J-CTCbSx-qm4KdVkTg1zCSYcT8wngbzQaV4H_wEhoCf20QAvD_BwE&cce=2&category=acrcp_v1_32&sig=AOD64_3OopxHKMNJLjj5DsRCvrWYAFFQiA&adurl&q&ctype=99&nis=6
https://www.google.com/maps/place/ANTONY+ENTREPRISE/data=!4m7!3m6!1s0x47e67a770d55a729:0x913b4f66ca77801!8m2!3d48.8062621!4d2.269528!16s%2Fg%2F11f03__y3w!19sChIJKadVDXd65kcRAXinbPa0Ewk?authuser=0&hl=fr&rclk=1,ANTONY ENTREPRISE,"4,1",-15,Chauffagiste,92 Av. Victor Hugo,01 46 44 47 30,https://www.antonyentreprise.fr/?utm_medium=referral&utm_source=gmb&utm_campaign=lnk-gmb
https://www.google.com/maps/place/CP7/data=!4m7!3m6!1s0x47e67b974f0fd93d:0xf26246c9839a6d91!8m2!3d48.7784388!4d2.2248378!16s%2Fg%2F11hdsm4w99!19sChIJPdkPT5d75kcRkW2ag8lGYvI?authuser=0&hl=fr&rclk=1,CP7,"4,9",-119,Chauffagiste,41 Rue de l'Espérance,06 66 75 61 50,https://www.cp7-renovation.fr/
https://www.google.com/maps/place/PLOMB+ART+CLAM+ART/data=!4m7!3m6!1s0x47e67a1420834e7b:0xa789120a71db57ed!8m2!3d48.7925704!4d2.2533072!16s%2Fg%2F1tjrp8z3!19sChIJe06DIBR65kcR7VfbcQoSiac?authuser=0&hl=fr&rclk=1,PLOMB ART CLAM ART,"4,8",-180,Chauffagiste,8 Rue des Aubépines,06 60 91 85 12,http://www.plombart-clamart.fr/
https://www.google.com/maps/place/La+Plombi%C3%A8re+en+Marini%C3%A8re+%7C+Plomberie+-+Chauffage/data=!4m7!3m6!1s0x911d3fb00950401:0x87d2c91571bdba50!8m2!3d48.8274264!4d2.274643!16s%2Fg%2F11ssfgqy0p!19sChIJAQSVAPvTEQkRULq9cRXJ0oc?authuser=0&hl=fr&rclk=1,La Plombière en Marinière | Plomberie - Chauffage,"4,9",-56,Chauffagiste,·,06 52 48 70 61,https://www.lpem.fr/
https://www.google.com/maps/place/Artisan+Piezin/data=!4m7!3m6!1s0xa8b0fff88a42ea3d:0x42c8b721fdf0ff72!8m2!3d48.8006102!4d2.2750589!16s%2Fg%2F11l6m7jsht!19sChIJPepCivj_sKgRcv_w_SG3yEI?authuser=0&hl=fr&rclk=1,Artisan Piezin,5,-68,Plombier,·,06 18 98 91 64,http://www.artisanpiezin.fr/
https://www.google.com/maps/place/Solectram/data=!4m7!3m6!1s0x47e67a7873d79673:0x517359309e14c936!8m2!3d48.808869!4d2.2727482!16s%2Fg%2F11n__vgwpr!19sChIJc5bXc3h65kcRNskUnjBZc1E?authuser=0&hl=fr&rclk=1,Solectram,5,-1,Chauffagiste,111 Rue des Closiaux,06 02 18 33 05,http://www.solectram.fr/
https://www.google.com/maps/place/Inter-ville+D%C3%A9pannage+Plomberie/data=!4m7!3m6!1s0x47e67a64a8ca1869:0xd4ad35bcf8467fee!8m2!3d48.8402208!4d2.2413396!16s%2Fg%2F11hcw40n4b!19sChIJaRjKqGR65kcR7n9G-Lw1rdQ?authuser=0&hl=fr&rclk=1,Inter-ville Dépannage Plomberie,5,-38,Plombier,·,01 47 36 38 13,http://www.interville-depannage-plomberie.fr/
https://www.google.com/maps/place/Donald+plombier+clamart/data=!4m7!3m6!1s0x47e67be40ec66393:0xc2ed9fa624171864!8m2!3d48.8099443!4d2.2674044!16s%2Fg%2F11x8v2zm9x!19sChIJk2PGDuR75kcRZBgXJKaf7cI?authuser=0&hl=fr&rclk=1,Donald plombier clamart,5,-4,Plombier,90 Rue du Moulin de Pierre,07 56 94 67 89,https://www.societe.com/societe/monsieur-clamart-donald-plombier-939267233.html
https://www.google.com/maps/place/Aspide/data=!4m7!3m6!1s0x47e67a0eacbc733d:0xf6e20f177072e763!8m2!3d48.7892414!4d2.2613098!16s%2Fg%2F11b75kjm69!19sChIJPXO8rA565kcRY-dycBcP4vY?authuser=0&hl=fr&rclk=1,Aspide,"4,5",-14,Fournisseur d'équipements de chauffage,155 Avenue du Général de Gaulle,01 46 01 51 53,http://aspide-chauffage.fr/
https://www.google.com/maps/place/ROCLIM+Clamart+:+Chauffage+-+Climatisation+-+Ventilation+-+Traitement+de+l%27eau/data=!4m7!3m6!1s0x47e67a7627d184c3:0xe802f70311782fc9!8m2!3d48.8039927!4d2.2725925!16s%2Fg%2F1tf5jz33!19sChIJw4TRJ3Z65kcRyS94EQP3Aug?authuser=0&hl=fr&rclk=1,ROCLIM Clamart : Chauffage - Climatisation - Ventilation - Traitement de l'eau,"4,2",-28,Fournisseur d'équipements de chauffage,·,01 46 44 97 97,http://www.roclim.fr/
https://www.google.com/maps/place/L.P.C.+Societe/data=!4m7!3m6!1s0x47e67b63f5ca0d51:0x4bb5327c25fb2228!8m2!3d48.8000942!4d2.2641317!16s%2Fg%2F11fnbf4lc7!19sChIJUQ3K9WN75kcRKCL7JXwytUs?authuser=0&hl=fr&rclk=1,L.P.C. Societe,,,Magasin,1 Rue Pierre et Marie Curie,01 83 75 00 75,
https://www.google.com/maps/place/Sedep/data=!4m7!3m6!1s0x47e67a22177fd55f:0xdca7803db611e560!8m2!3d48.7829625!4d2.2486585!16s%2Fg%2F11h2dq8nqg!19sChIJX9V_FyJ65kcRYOURtj2Ap9w?authuser=0&hl=fr&rclk=1,Sedep,"1,9",-21,Service de réparation de chaudières,5 Voie d'Igny,,
https://www.google.com/maps/place/H2C+-+Energie/data=!4m7!3m6!1s0x734a62e90e931e3:0xb548e966281fa5ce!8m2!3d49.029084!4d2.46992!16s%2Fg%2F11ym1y_vgd!19sChIJ4zHpkC6mNAcRzqUfKGbpSLU?authuser=0&hl=fr&rclk=1,H2C - Energie,5,-3,Fournisseur de systèmes de climatisation,4 Rue Louise Michel,07 43 65 66 16,https://www.google.com/aclk?sa=L&ai=DChsSEwipuZTvxL2UAxWkpGgJHZ9RBJsYACICCAEQBxoCd2Y&co=1&ase=2&gclid=CjwKCAjwq6DQBhBVEiwA4ZD5XC0LDXebAqie9aDRRVuq1TSjC4i1BQR4N_3h3K0rSOeMtYp24tSvyBoCP-cQAvD_BwE&cce=2&category=acrcp_v1_32&sig=AOD64_3PeXY98z_F1vpaXpLrVdWHKoAGDg&adurl&q&ctype=99&nis=6
https://www.google.com/maps/place/ETS+PUZIO+Axenergie+Chelles/data=!4m7!3m6!1s0x47e61100006a91bb:0xcc9936962484776b!8m2!3d48.891113!4d2.595463!16s%2Fg%2F11f62h0nr7!19sChIJu5FqAAAR5kcRa3eEJJY2mcw?authuser=0&hl=fr&rclk=1,ETS PUZIO Axenergie Chelles,"4,2",-185,Chauffagiste,28 Rue du Valengelier,01 60 08 45 45,https://www.google.com/aclk?sa=L&ai=DChsSEwipuZTvxL2UAxWkpGgJHZ9RBJsYACICCAEQBBoCd2Y&co=1&ase=2&gclid=CjwKCAjwq6DQBhBVEiwA4ZD5XOMlSJtALMZwWTlZfUXuQRfnSoxxbyJawl2lI5Zbayy97URsTQIueBoCJZwQAvD_BwE&cce=2&category=acrcp_v1_32&sig=AOD64_2Fzx5goP4gkuCJeLjs96KRh5JGpA&adurl&q&ctype=99&nis=6
https://www.google.com/maps/place/Girard+Plomberie/data=!4m7!3m6!1s0x47e677759d3ec20f:0x76efefca326b1b5f!8m2!3d48.7337963!4d2.2904471!16s%2Fg%2F11nn048c4t!19sChIJD8I-nXV35kcRXxtrMsrv73Y?authuser=0&hl=fr&rclk=1,Girard Plomberie,"4,9",-189,Chauffagiste,1 Av. de France,07 67 32 27 04,https://www.facebook.com/profile.php?id=100069977511893&locale=fr_FR&utm_source=gmb
https://www.google.com/maps/place/STCA+Plomberie/data=!4m7!3m6!1s0x47e6779f13bbea31:0x53e499af039f8d80!8m2!3d48.7331397!4d2.2893124!16s%2Fg%2F1tfd1qfk!19sChIJMeq7E5935kcRgI2fA6-Z5FM?authuser=0&hl=fr&rclk=1,STCA Plomberie,"4,9",-51,Plombier,7 Rue de l'Opéra,06 80 14 76 33,
https://www.google.com/maps/place/SOCIETE+CHEZE/data=!4m7!3m6!1s0x47e677ff555d8629:0x12e6c18cef4e3749!8m2!3d48.7314701!4d2.2743437!16s%2Fg%2F11hyjw_8zn!19sChIJKYZdVf935kcRSTdO74zB5hI?authuser=0&hl=fr&rclk=1,SOCIETE CHEZE,"4,4",-73,Magasin de systèmes de climatisation,23 23 Rue Marx Dormoy,01 60 13 05 33,
https://www.google.com/maps/place/ETS+Roubaix+p%C3%A8re+et+fils+-+Votre+artisan+de+proximit%C3%A9/data=!4m7!3m6!1s0x47e5df78bb2fa753:0xd4a9473a7115524e!8m2!3d48.7311206!4d2.2778499!16s%2Fg%2F11h57n6m01!19sChIJU6cvu3jf5UcRTlIVcTpHqdQ?authuser=0&hl=fr&rclk=1,ETS Roubaix père et fils - Votre artisan de proximité,"4,5",-127,Chauffagiste,rue Gabriel Péri MASSY - PALAISEAU,01 60 90 88 05,https://etsroubaix.fr/?utm_source=gmb
https://www.google.com/maps/place/BLANQUET+SANITAIRE/data=!4m7!3m6!1s0x47e5d95ae7037b6b:0x694e2fcf4599c5dc!8m2!3d48.7229585!4d2.2834032!16s%2Fg%2F11hytjfd0j!19sChIJa3sD51rZ5UcR3MWZRc8vTmk?authuser=0&hl=fr&rclk=1,BLANQUET SANITAIRE,"4,6",-30,Chauffagiste,"ZI DE LA BONDE, 2 Rue Marcel Paul",01 88 61 90 72,https://www.blanquetsanitaire.fr/
https://www.google.com/maps/place/Sopenh/data=!4m7!3m6!1s0x47e677b072e72975:0x3a91691ae1b62197!8m2!3d48.7310878!4d2.2906206!16s%2Fg%2F11ghzsyryh!19sChIJdSnncrB35kcRlyG24RppkTo?authuser=0&hl=fr&rclk=1,Sopenh,5,-27,Chauffagiste,Av. du Noyer Lambert,06 58 25 50 66,http://www.sopenh.fr/
"https://www.google.com/maps/place/Chauffagiste+Izi+confort,+filiale+EDF/data=!4m7!3m6!1s0x47e677af951d31b3:0x92437bd45250099c!8m2!3d48.7276994!4d2.3015606!16s%2Fg%2F11csq8r7ln!19sChIJszEdla935kcRnAlQUtR7Q5I?authuser=0&hl=fr&rclk=1","Chauffagiste Izi confort, filiale EDF","3,7",-88,Chauffagiste,11 Rue du Saule Trapu CS 85605,01 60 13 79 79,https://www.izi-by-edf-entretien.fr/?at_medium=nosconseils&at_campaign=massy
https://www.google.com/maps/place/Repartim/data=!4m7!3m6!1s0x47e677c6a59af847:0x3227eb9a4ec8acb0!8m2!3d48.7208003!4d2.2799109!16s%2Fg%2F11hdx_d587!19sChIJR_iapcZ35kcRsKzITprrJzI?authuser=0&hl=fr&rclk=1,Repartim,"4,2",-287,Plombier,5 Rte de la Bonde,09 70 82 48 23,https://www.repartim.fr/agences/ile-de-france-sud/?utm_campaign=gmb_idf_sud&utm_medium=organic+search&utm_source=local
https://www.google.com/maps/place/Ets+Lefebvre+Pere+Et+Fils/data=!4m7!3m6!1s0x47e677240a0c9483:0xe0fc1f919d028ade!8m2!3d48.7295539!4d2.275483!16s%2Fg%2F11j79lzwn_!19sChIJg5QMCiR35kcR3ooCnZEf_OA?authuser=0&hl=fr&rclk=1,Ets Lefebvre Pere Et Fils,"3,8",-72,Plombier,1 Rue de la Division Leclerc,01 69 90 47 53,https://www.ets-lefebvre.fr/
https://www.google.com/maps/place/Entreprise+Urvoy/data=!4m7!3m6!1s0x47e6779b5635c555:0x285177345828616f!8m2!3d48.731796!4d2.2788933!16s%2Fg%2F11jb4kh7c_!19sChIJVcU1Vpt35kcRb2EoWDR3USg?authuser=0&hl=fr&rclk=1,Entreprise Urvoy,5,-3,Entrepreneur,43 Rue Gabriel Péri,01 69 20 89 00,
https://www.google.com/maps/place/VLB+Plomberie/data=!4m7!3m6!1s0x47e679d14f2ddd53:0x7908c3a049479023!8m2!3d48.7431845!4d2.2620452!16s%2Fg%2F11cls_jz9f!19sChIJU90tT9F55kcRI5BHSaDDCHk?authuser=0&hl=fr&rclk=1,VLB Plomberie,5,-98,Chauffagiste,112 Rue d'Estienne d'Orves,06 69 95 10 00,http://www.vlb-plomberie.fr/
https://www.google.com/maps/place/EDC+GAZ+%E2%AD%90%E2%AD%90%E2%AD%90%E2%AD%90%E2%AD%90-+Chauffagiste+Essonne+%F0%9F%9B%A0%EF%B8%8F/data=!4m7!3m6!1s0x47e5d9717332696f:0xf1998625fd7196b6!8m2!3d48.5303468!4d2.250089!16s%2Fg%2F11fnr44drb!19sChIJb2kyc3HZ5UcRtpZx_SWGmfE?authuser=0&hl=fr&rclk=1,EDC GAZ ⭐⭐⭐⭐⭐- Chauffagiste Essonne 🛠️,"4,8",-42,Chauffagiste,·,07 81 42 74 23,http://www.chauffagisteessonne.fr/
"https://www.google.com/maps/place/SFDC+Chaudi%C3%A8re,+Pompe+%C3%A0+Chaleur,+Chauffe+Eau/data=!4m7!3m6!1s0x47e677061327b985:0xef9d5fd3554b883c!8m2!3d48.7405914!4d2.3027144!16s%2Fg%2F11b6dhttxw!19sChIJhbknEwZ35kcRPIhLVdNfne8?authuser=0&hl=fr&rclk=1","SFDC Chaudière, Pompe à Chaleur, Chauffe Eau","4,6",-143,Chauffagiste,169 Av. de la Division Leclerc,01 56 45 04 35,http://www.sfdcantony.com/
https://www.google.com/maps/place/ista+%C3%8Ele-de-France/data=!4m7!3m6!1s0x47e678262aeea297:0xe8db72bc6c58b11e!8m2!3d48.7267921!4d2.264628!16s%2Fg%2F11ckrjfpht!19sChIJl6LuKiZ45kcRHrFYbLxy2-g?authuser=0&hl=fr&rclk=1,ista Île-de-France,"4,3",-388,Fournisseur d'équipements de chauffage,·,01 64 54 27 99,https://www.ista.com/fr?utm_source=gmb
https://www.google.com/maps/place/GRG+FROID/data=!4m7!3m6!1s0x969e454c432d02f:0x1c8a3cc6daabbc68!8m2!3d48.6807824!4d2.5026636!16s%2Fg%2F11yv8y86v9!19sChIJL9AyxFTkaQkRaLyr2sY8ihw?authuser=0&hl=fr&rclk=1,GRG FROID,5,-30,Entrepreneur spécialisé dans les systèmes de CVC,·,06 29 33 18 64,https://grgfroid.fr/
https://www.google.com/maps/place/Stm2C+Chauffage+Plomberie/data=!4m7!3m6!1s0x47e677429dff9079:0xb17952c0be36f6fe!8m2!3d48.7508435!4d2.300403!16s%2Fg%2F11frdn2rz3!19sChIJeZD_nUJ35kcR_vY2vsBSebE?authuser=0&hl=fr&rclk=1,Stm2C Chauffage Plomberie,"4,8",-26,Chauffagiste,36 Rue Céline,07 63 72 22 96,https://stm2c.fr/
https://www.google.com/maps/place/GCGS+-+Goncalves+Chauffage+Gaz+Services/data=!4m7!3m6!1s0x47e678150829ab9f:0x892a8576a7a87f59!8m2!3d48.715723!4d2.246314!16s%2Fg%2F11c37zx4x3!19sChIJn6spCBV45kcRWX-op3aFKok?authuser=0&hl=fr&rclk=1,GCGS - Goncalves Chauffage Gaz Services,"4,2",-74,Chauffagiste,70 Rue de Paris,01 85 53 75 03,https://www.gcgs-chauffagiste-essonne.fr/
https://www.google.com/maps/place/Neothermie+-+Gaz+Fluides+Energies+91/data=!4m7!3m6!1s0x47e679368e04a617:0xa428bd1d57d8ae68!8m2!3d48.7172202!4d2.2478574!16s%2Fg%2F11y3d7q7x9!19sChIJF6YEjjZ55kcRaK7YVx29KKQ?authuser=0&hl=fr&rclk=1,Neothermie - Gaz Fluides Energies 91,"4,9",-34,Chauffagiste,37 Rue de Paris,09 82 38 97 77,https://neothermie.com/?utm_source=google_my_business&utm_medium=organic&utm_content=visite_site
https://www.google.com/maps/place/Spmc+Lossignol+TP+-+Sanitaire+-+Chauffage/data=!4m7!3m6!1s0x47e677ee2d7dbf5b:0xc3e15c9d840b6c69!8m2!3d48.7177555!4d2.3050125!16s%2Fg%2F1tfvgjk1!19sChIJW799Le535kcRaWwLhJ1c4cM?authuser=0&hl=fr&rclk=1,Spmc Lossignol TP - Sanitaire - Chauffage,"4,4",-58,Magasin d'articles de salle de bains,·,01 69 79 80 80,http://www.spmc-lossignol.fr/
https://www.google.com/maps/place/Therm+innov/data=!4m7!3m6!1s0x892fe7ba5cb9c637:0x1d27d9d84e334c15!8m2!3d48.8588549!4d2.3470341!16s%2Fg%2F11vtbpys28!19sChIJN8a5XLrnL4kRFUwzTtjZJx0?authuser=0&hl=fr&rclk=1,Therm innov,5,-53,Chauffagiste,·,06 51 07 35 81,https://www.therminnov-chauffagiste-92.fr/
https://www.google.com/maps/place/ETS+PUZIO+Axenergie+Chelles/data=!4m7!3m6!1s0x47e61100006a91bb:0xcc9936962484776b!8m2!3d48.891113!4d2.595463!16s%2Fg%2F11f62h0nr7!19sChIJu5FqAAAR5kcRa3eEJJY2mcw?authuser=0&hl=fr&rclk=1,ETS PUZIO Axenergie Chelles,"4,2",-185,Chauffagiste,28 Rue du Valengelier,01 60 08 45 45,https://www.google.com/aclk?sa=L&ai=DChsSEwjqgPX1xL2UAxVbFQYAHYGyBP8YACICCAEQARoCd3M&co=1&ase=2&gclid=CjwKCAjwq6DQBhBVEiwA4ZD5XIbSo6Vwn-JAqY64k8Fr9TzZNEuBakAga6bVOIeegSinDr9vIq9hERoCEn8QAvD_BwE&cce=2&category=acrcp_v1_32&sig=AOD64_188y3VknFqeak6rY6qe-JMyRDLVA&adurl&q&ctype=99&nis=6
https://www.google.com/maps/place/H2C+-+Energie/data=!4m7!3m6!1s0x734a62e90e931e3:0xb548e966281fa5ce!8m2!3d49.029084!4d2.46992!16s%2Fg%2F11ym1y_vgd!19sChIJ4zHpkC6mNAcRzqUfKGbpSLU?authuser=0&hl=fr&rclk=1,H2C - Energie,5,-3,Fournisseur de systèmes de climatisation,4 Rue Louise Michel,07 43 65 66 16,https://www.google.com/aclk?sa=L&ai=DChsSEwjqgPX1xL2UAxVbFQYAHYGyBP8YACICCAEQBxoCd3M&co=1&ase=2&gclid=CjwKCAjwq6DQBhBVEiwA4ZD5XOTS-KzGBwiUxbX-IukmB7fVsvreB2GK4pWB2-a5rAeCrdPETlUMgRoCjOoQAvD_BwE&cce=2&category=acrcp_v1_32&sig=AOD64_18HileDnCv2sUHfaYFwEJm6NcVGA&adurl&q&ctype=99&nis=6
https://www.google.com/maps/place/RS+Energy+System/data=!4m7!3m6!1s0x47e679d83a383bcb:0x727b5204281f1d48!8m2!3d30.6959409!4d-49.8171262!16s%2Fg%2F11r7wz5j8q!19sChIJyzs4Oth55kcRSB0fKARSe3I?authuser=0&hl=fr&rclk=1,RS Energy System,"4,8",-33,Chauffagiste,·,07 60 73 59 40,
https://www.google.com/maps/place/Chaudi%C3%A8re+Services/data=!4m7!3m6!1s0x2681c92a22c6a0f7:0xdebb7c890a4a8994!8m2!3d48.7113048!4d2.2507889!16s%2Fg%2F11ty319lsn!19sChIJ96DGIirJgSYRlIlKCol8u94?authuser=0&hl=fr&rclk=1,Chaudière Services,"4,9",-50,Chauffagiste,Rue Gutenberg,07 45 07 80 78,http://www.chaudiereservices.fr/
https://www.google.com/maps/place/G%C3%A9n%C3%A9rale+Energie/data=!4m7!3m6!1s0x47e679e78fb87cbf:0xcff3021ea0f48d58!8m2!3d48.7197137!4d2.2830616!16s%2Fg%2F11q9fv6xy4!19sChIJv3y4j-d55kcRWI30oB4C888?authuser=0&hl=fr&rclk=1,Générale Energie,"4,4",-227,Solutions et équipement énergétiques,·,09 70 38 64 51,
https://www.google.com/maps/place/BV+ENERGY/data=!4m7!3m6!1s0x47e67713757fe88f:0x2389cf90c2ab8dd6!8m2!3d48.7213659!4d2.2855178!16s%2Fg%2F11txqcdyf6!19sChIJj-h_dRN35kcR1o2rwpDPiSM?authuser=0&hl=fr&rclk=1,BV ENERGY,3,-2,Plombier,15 Rue du Buisson aux Fraises,09 81 98 13 13,
https://www.google.com/maps/place/nima+b%C3%A2ti+concept/data=!4m7!3m6!1s0x3f8e5910f0ed78b:0xcc739c06f7becb4c!8m2!3d48.7211455!4d2.2649014!16s%2Fg%2F11l29l73kr!19sChIJi9cOD5Hl-AMRTMu-9wacc8w?authuser=0&hl=fr&rclk=1,nima bâti concept,5,-1,Plombier,25 Rue Léonard de Vinci,06 59 39 53 49,http://www.nimabaticoncept.fr/
https://www.google.com/maps/place/Homerenov/data=!4m7!3m6!1s0x83db57c73e2a0057:0xa650550d846c54d0!8m2!3d48.7193334!4d2.2831143!16s%2Fg%2F11y56mjmps!19sChIJVwAqPsdX24MR0FRshA1VUKY?authuser=0&hl=fr&rclk=1,Homerenov,"4,5",-6,Chauffagiste,6 Rue de l'Aulnaye Dracourt,01 89 54 64 57,https://homerenov-energie.fr/
https://www.google.com/maps/place/3B+Clim/data=!4m7!3m6!1s0x47e67796b79dda8f:0x743ac71353565b72!8m2!3d48.7227886!4d2.283799!16s%2Fg%2F11mvrq389r!19sChIJj9qdt5Z35kcRcltWUxPHOnQ?authuser=0&hl=fr&rclk=1,3B Clim,"3,6",-9,Fournisseur de systèmes de climatisation,4 Rue Marcel Paul,01 60 10 01 00,https://www.3bclim.fr/
https://www.google.com/maps/place/ETS+Roubaix+P%C3%A8re+et+fils+-+votre+artisan+de+proximit%C3%A9/data=!4m7!3m6!1s0x47e6797ea40d0fb9:0x8d3c70fee30e8881!8m2!3d48.7141907!4d2.2399022!16s%2Fg%2F11h7b3pj9r!19sChIJuQ8NpH555kcRgYgO4_5wPI0?authuser=0&hl=fr&rclk=1,ETS Roubaix Père et fils - votre artisan de proximité,"4,6",-105,Chauffagiste,·,06 25 09 55 35,https://etsroubaix.fr/
https://www.google.com/maps/place/Action+Environnement+Habitat/data=!4m7!3m6!1s0x47e5e16a4cffffff:0xb1bfaa7cdc29d698!8m2!3d48.633578!4d2.510011!16s%2Fg%2F11f4qpf5dh!19sChIJ____TGrh5UcRmNYp3Hyqv7E?authuser=0&hl=fr&rclk=1,Action Environnement Habitat,"4,8",-171,Entrepreneur spécialisé dans l'isolation,2 Rue du Parc des Vergers,01 69 90 96 90,https://www.google.com/aclk?sa=L&ai=DChsSEwj3rtn9xL2UAxXVtmgJHUcqNdkYACICCAEQABoCd2Y&co=1&ase=2&gclid=CjwKCAjwq6DQBhBVEiwA4ZD5XAUXeKiUbFMPjxaUd9iM5B1NbkyNFaAIz91Dvap2uOyUoZoC4NnD4hoCjq0QAvD_BwE&cce=2&category=acrcp_v1_32&sig=AOD64_1GbpCr7yqG6DjIhADsyfhIrJ7Fcg&adurl&q&ctype=99&nis=6
https://www.google.com/maps/place/Les+flammes+du+G%C3%A2tinais/data=!4m7!3m6!1s0x47e5c388ab165643:0x35fc465de6ec3724!8m2!3d48.482052!4d2.364149!16s%2Fg%2F11rv3rdl0w!19sChIJQ1YWq4jD5UcRJDfs5l1G_DU?authuser=0&hl=fr&rclk=1,Les flammes du Gâtinais,5,-61,Magasin de poêles à bois,10 Rue Adrienne Bolland,01 69 36 00 63,https://www.google.com/aclk?sa=L&ai=DChsSEwj3rtn9xL2UAxXVtmgJHUcqNdkYACICCAEQERoCd2Y&co=1&ase=2&gclid=CjwKCAjwq6DQBhBVEiwA4ZD5XHq0Hb287nILu4omclopKX0KrsUW6F7PVMjN_NHYmi570vMUcsE_ZhoCEtgQAvD_BwE&cce=2&category=acrcp_v1_32&sig=AOD64_1Vu7kDo1Krvt2wisTnkR5BX6igxw&adurl&q&ctype=99&nis=6
https://www.google.com/maps/place/Hervy/data=!4m7!3m6!1s0x47e5e72c939a0e9b:0x800e5e22763f1633!8m2!3d48.6106915!4d2.473675!16s%2Fg%2F11c4bc7582!19sChIJmw6akyzn5UcRMxY_diJeDoA?authuser=0&hl=fr&rclk=1,Hervy,"4,6",-79,Chauffagiste,2 Rue Maurage,01 64 96 30 22,
https://www.google.com/maps/place/Andr%C3%A9+Chauffage+P%C3%A8re+et+Fils/data=!4m7!3m6!1s0x47e5e73145647ef3:0x1a6aa6a4edb96382!8m2!3d48.6098323!4d2.4780657!16s%2Fg%2F11fkn0m68z!19sChIJ835kRTHn5UcRgmO57aSmaho?authuser=0&hl=fr&rclk=1,André Chauffage Père et Fils,"4,4",-67,Chauffagiste,35 Av. Carnot,01 85 45 05 71,https://andre-chauffage.fr/
https://www.google.com/maps/place/Plomberie+de+l%27Essonne91/data=!4m7!3m6!1s0x47e5e0caf938148b:0x3f694367f60d1965!8m2!3d48.5303468!4d2.298231!16s%2Fg%2F11cn9sfrtl!19sChIJixQ4-crg5UcRZRkN9mdDaT8?authuser=0&hl=fr&rclk=1,Plomberie de l'Essonne91,"4,9",-287,Chauffagiste,·,07 68 89 34 71,http://plomberie-de-l-essonne.site123.me/
https://www.google.com/maps/place/CTS+Chauffage+Technique+Sanitaire/data=!4m7!3m6!1s0x47e5e7192ae8111b:0x6b335cc9dc6fe747!8m2!3d48.605421!4d2.4885368!16s%2Fg%2F11fjv53sph!19sChIJGxHoKhnn5UcRR-dv3MlcM2s?authuser=0&hl=fr&rclk=1,CTS Chauffage Technique Sanitaire,"4,9",-26,Chauffagiste,13 Rue Kruger,01 60 89 48 10,https://www.cts91.fr/
https://www.google.com/maps/place/Euro+Gaz/data=!4m7!3m6!1s0x47e5e7130963d63d:0x24591c1ab64a619d!8m2!3d48.6104468!4d2.4795388!16s%2Fg%2F11rg6_1sz2!19sChIJPdZjCRPn5UcRnWFKthocWSQ?authuser=0&hl=fr&rclk=1,Euro Gaz,"3,1",-27,Chauffagiste,16 Rue Champlouis,01 60 89 62 55,http://www.depannage-chaudiere-77.fr/
https://www.google.com/maps/place/RB+Plomberie+Chauffage/data=!4m7!3m6!1s0xa3fa193335717c8f:0x3c9e2ba7671eeb26!8m2!3d48.6032797!4d2.4894684!16s%2Fg%2F11vs6k7j6g!19sChIJj3xxNTMZ-qMRJuseZ6crnjw?authuser=0&hl=fr&rclk=1,RB Plomberie Chauffage,"4,8",-36,Chauffagiste,110 Quai Jacques Bourgoin,06 71 96 61 89,https://www.rbplomberie.com/?utm_medium=referral&utm_source=gmb&utm_campaign=lnk-gmb
https://www.google.com/maps/place/Rivi%C3%A8re+Entrep/data=!4m7!3m6!1s0x47e5e6e2e3648027:0x56433c6b870e2a31!8m2!3d48.5839177!4d2.481569!16s%2Fg%2F11f4qq8rg3!19sChIJJ4Bk4-Lm5UcRMSoOh2s8Q1Y?authuser=0&hl=fr&rclk=1,Rivière Entrep,"4,9",-47,Plombier,218 Chem. des Bas Vignons,01 60 88 98 96,https://entrepriseriviere.wixsite.com/entreprise-rivi
https://www.google.com/maps/place/Bernardo+P%C3%A8re+%26+Fils+%7C+Plombier+%7C+Corbeil-Essonnes/data=!4m7!3m6!1s0x47e5e75cbf093139:0xe01e47e8b3b09bce!8m2!3d48.6084151!4d2.4683574!16s%2Fg%2F11y307p89q!19sChIJOTEJv1zn5UcRzpuws-hHHuA?authuser=0&hl=fr&rclk=1,Bernardo Père & Fils | Plombier | Corbeil-Essonnes,5,-27,Plombier,34 Rue du Maréchal de Lattre de Tassigny,06 49 35 41 59,https://plombier-bernardo.fr/
https://www.google.com/maps/place/Soci%C3%A9t%C3%A9+PCS+%28Plomberie+Chauffage+Sanitaire%29/data=!4m7!3m6!1s0x47e5e14df585577b:0x1d400878d828756!8m2!3d48.6193763!4d2.5089732!16s%2Fg%2F11b6jb304t!19sChIJe1eF9U3h5UcRVoeCjYcA1AE?authuser=0&hl=fr&rclk=1,Société PCS (Plomberie Chauffage Sanitaire),"4,7",-87,Chauffagiste,8 Rue Jacquard,06 40 72 62 16,http://www.pcs91.fr/
https://www.google.com/maps/place/Votre+Artisan+de+proximit%C3%A9+-+ETS+ROUBAIX+P%C3%A8re+et+fils/data=!4m7!3m6!1s0x47e5e7ec0cb007fb:0xd7558769d70a068a!8m2!3d48.592912!4d2.4696313!16s%2Fg%2F11wx1j0sck!19sChIJ-wewDOzn5UcRigYK12mHVdc?authuser=0&hl=fr&rclk=1,Votre Artisan de proximité - ETS ROUBAIX Père et fils,5,-29,Chauffagiste,Rue de la Papeterie 91100,01 60 90 88 05,https://etsroubaix.fr/?utm_source=gmb
https://www.google.com/maps/place/ENERGIEBAT+-+Plombier+Chauffagiste+R%C3%A9novation+-+Essonne+et+Ile-de-France/data=!4m7!3m6!1s0x47e5e1bae8895c33:0x134feda737742d8a!8m2!3d48.735625!4d2.3420009!16s%2Fg%2F11hdj3qz7h!19sChIJM1yJ6Lrh5UcRii10N6ftTxM?authuser=0&hl=fr&rclk=1,ENERGIEBAT - Plombier Chauffagiste Rénovation - Essonne et Ile-de-France,"4,9",-43,Chauffagiste,·,01 86 70 02 89,https://www.energiebat91.com/
https://www.google.com/maps/place/GCE+%7C+Chauffagiste+et+Climatisation+%2877%29/data=!4m7!3m6!1s0x47e60f40112230fd:0x3c4788f6d511c36a!8m2!3d48.83036!4d2.588135!16s%2Fg%2F11pyk3cxb_!19sChIJ_TAiEUAP5kcRasMR1faIRzw?authuser=0&hl=fr&rclk=1,GCE | Chauffagiste et Climatisation (77),"4,6",-11,Chauffagiste,4 Avenue Robert Schuman,06 45 45 98 88,https://www.google.com/aclk?sa=L&ai=DChsSEwikuYKQxb2UAxXBnGgJHXgJG9MYACICCAEQCxoCd2Y&co=1&ase=2&gclid=CjwKCAjwq6DQBhBVEiwA4ZD5XDFP9wXbgZEH4IDTs8Qk9z9rY67HH5XCfg4vNAmwFpmuo7ql6CJLIxoCDNwQAvD_BwE&cce=2&category=acrcp_v1_32&sig=AOD64_1xClwVqwQHsB0DA2Hv9x6RrLuTRg&adurl&q&ctype=99&nis=6
https://www.google.com/maps/place/GAZ+DOT/data=!4m7!3m6!1s0x47e60468ae2ad8e1:0x53c2ca81492a4494!8m2!3d48.83983!4d2.790333!16s%2Fg%2F11b6_wngps!19sChIJ4dgqrmgE5kcRlEQqSYHKwlM?authuser=0&hl=fr&rclk=1,GAZ DOT,"4,2",-265,Chauffagiste,3A Boulevard Michael Faraday,01 64 66 00 89,https://www.google.com/aclk?sa=L&ai=DChsSEwikuYKQxb2UAxXBnGgJHXgJG9MYACICCAEQABoCd2Y&co=1&ase=2&gclid=CjwKCAjwq6DQBhBVEiwA4ZD5XIyrCyQIqsM_CqsnN9k3-xOK3P2sPNOcrJhshYOISQHDdyEt4_BroRoCD7EQAvD_BwE&cce=2&category=acrcp_v1_32&sig=AOD64_1iKjw-5yuymSG6QvVp4MTFhhz8rw&adurl&q&ctype=99&nis=6
https://www.google.com/maps/place/TOP+CHAUFFAGE/data=!4m7!3m6!1s0x47e66d4b30932c53:0x4ff41c70d147850b!8m2!3d48.9100183!4d2.3905871!16s%2Fg%2F11hyqfszsy!19sChIJUyyTMEtt5kcRC4VH0XAc9E8?authuser=0&hl=fr&rclk=1,TOP CHAUFFAGE,"4,5",-113,Chauffagiste,107 bis Rue Henri Barbusse,01 34 05 46 40,http://www.top-chauffage-idf.fr/
https://www.google.com/maps/place/AMP+Plombier/data=!4m7!3m6!1s0x47e66dc000506357:0xb2d8cbfef59a4b0f!8m2!3d48.918545!4d2.39491!16s%2Fg%2F11mhdv162c!19sChIJV2NQAMBt5kcRD0ua9f7L2LI?authuser=0&hl=fr&rclk=1,AMP Plombier,"4,9",-702,Plombier,17 Bd Edouard Vaillant,09 53 62 59 95,https://www.amp-plombier.fr/
https://www.google.com/maps/place/S-ECO/data=!4m7!3m6!1s0x47e66d7e42397dd1:0xc188f4fd49eecceb!8m2!3d48.9053456!4d2.3816182!16s%2Fg%2F11g0t70pk3!19sChIJ0X05Qn5t5kcR68zuSf30iME?authuser=0&hl=fr&rclk=1,S-ECO,5,-211,Chauffagiste,84 Bd Félix Faure,06 09 55 66 93,
https://www.google.com/maps/place/ENI+Plombier/data=!4m7!3m6!1s0x44a1b350af3050eb:0xbe5119b98da4ab2d!8m2!3d48.9419695!4d2.5026636!16s%2Fg%2F11vm7s_mll!19sChIJ61Awr1CzoUQRLaukjbkZUb4?authuser=0&hl=fr&rclk=1,ENI Plombier,"4,7",-128,Chauffagiste,·,09 88 55 71 93,https://eni-btp.com/
https://www.google.com/maps/place/RICHARDSON+:+SANITAIRE-+CHAUFFAGE+-+PLOMBERIE+-+PHOTOVOLTA%C3%8FQUE/data=!4m7!3m6!1s0x47e66c4154389055:0xb1a8477f88a5b42c!8m2!3d48.9109118!4d2.3991345!16s%2Fg%2F1td6lzj4!19sChIJVZA4VEFs5kcRLLSliH9HqLE?authuser=0&hl=fr&rclk=1,RICHARDSON : SANITAIRE- CHAUFFAGE - PLOMBERIE - PHOTOVOLTAÏQUE,"4,3",-73,Fournisseur d'équipements de chauffage,·,01 53 56 09 01,https://www.richardson.fr/tous-les-magasins/agence/aubervilliers
https://www.google.com/maps/place/Plomb%27Confort/data=!4m7!3m6!1s0x47e66d83ec2080b7:0x73a7fbd5bb5125c3!8m2!3d48.915723!4d2.3850789!16s%2Fg%2F11y40bv5d2!19sChIJt4Ag7INt5kcRwyVRu9X7p3M?authuser=0&hl=fr&rclk=1,Plomb'Confort,5,-38,Plombier,7 Rue Chapon,01 41 61 18 34,http://plomb-confort.fr/?utm_source=gmb
https://www.google.com/maps/place/AM+Energie/data=!4m7!3m6!1s0x47e66d666f2614f1:0x142fe73b2f6ebf4a!8m2!3d48.9122864!4d2.3981155!16s%2Fg%2F11q8s37dsc!19sChIJ8RQmb2Zt5kcRSr9uLzvnLxQ?authuser=0&hl=fr&rclk=1,AM Energie,"4,5",-377,Plombier,·,09 81 43 07 27,http://www.amenergie.fr/
https://www.google.com/maps/place/Moutier+Services/data=!4m7!3m6!1s0x47e66c228a4a7f23:0xe197a4b2af7dc400!8m2!3d48.9148962!4d2.3805369!16s%2Fg%2F1tdrdp3l!19sChIJI39KiiJs5kcRAMR9r7Kkl-E?authuser=0&hl=fr&rclk=1,Moutier Services,5,-2,Plombier,23 Rue du Moutier,01 48 34 73 73,http://www.moutier-services-electricite-plomberie.fr/
https://www.google.com/maps/place/BFCL+%C3%89NERGY+CLIMATIC+-+R%C3%A9paration+Entretien+Vente+Climatisation+-+93/data=!4m7!3m6!1s0x47e66ded966ef891:0x530f6cfe4bec49b8!8m2!3d48.9191262!4d2.3814124!16s%2Fg%2F11q1x2f3w_!19sChIJkfhulu1t5kcRuEnsS_5sD1M?authuser=0&hl=fr&rclk=1,BFCL ÉNERGY CLIMATIC - Réparation Entretien Vente Climatisation - 93,"4,6",-30,Chauffagiste,6 Rue Mouloud Aounit,07 49 83 82 67,https://bfcl-energyclimatic.fr/
https://www.google.com/maps/place/Cote+Energie/data=!4m7!3m6!1s0x47e66de245a556e9:0x6ccd04595f8ebf47!8m2!3d48.9092539!4d2.3781541!16s%2Fg%2F11h0c0hnb0!19sChIJ6ValReJt5kcRR7-OX1kEzWw?authuser=0&hl=fr&rclk=1,Cote Energie,"3,2",-61,Entrepreneur spécialisé dans l'isolation,129 Av. Victor Hugo,01 84 21 03 20,https://cote-energie.fr/
https://www.google.com/maps/place/Adm+Energie/data=!4m7!3m6!1s0x47e66ea147bc61d9:0x25a6815960a0fa9b!8m2!3d48.920469!4d2.3678556!16s%2Fg%2F11h2dx9btp!19sChIJ2WG8R6Fu5kcRm_qgYFmBpiU?authuser=0&hl=fr&rclk=1,Adm Energie,"2,3",-8,Chauffagiste,25 Quai Adrien Agnés,01 39 94 33 89,
https://www.google.com/maps/place/F.E.R+France+Eco+Renov/data=!4m7!3m6!1s0x47e66dda76a407c1:0x918ed7d48efd355d!8m2!3d48.9162612!4d2.3760499!16s%2Fg%2F11lft5fjl3!19sChIJwQekdtpt5kcRXTX9jtTXjpE?authuser=0&hl=fr&rclk=1,F.E.R France Eco Renov,"3,8",-17,Fournisseur de systèmes de climatisation,8 bis Rue Régine Gosset,0 811 38 26 26,https://www.francecorenov.com/
https://www.google.com/maps/place/PROSERVICE+Aubervilliers+%28P%C3%B4le+Thermique%29+:+Chauffage+-+Climatisation+-+Ventilation+-+Traitement+de+l%27eau/data=!4m7!3m6!1s0x47e66c219e3d88b5:0xd529b1be9a4b7b48!8m2!3d48.9137861!4d2.3761787!16s%2Fg%2F1tg9mfn5!19sChIJtYg9niFs5kcRSHtLmr6xKdU?authuser=0&hl=fr&rclk=1,PROSERVICE Aubervilliers (Pôle Thermique) : Chauffage - Climatisation - Ventilation - Traitement de l'eau,5,-1,Fournisseur d'équipements de chauffage,·,01 53 56 91 00,
https://www.google.com/maps/place/Premium+Energy/data=!4m7!3m6!1s0x47e66c4f3f280dff:0x9e28f5998074d449!8m2!3d48.9095514!4d2.3980415!16s%2Fg%2F1wyc3n0n!19sChIJ_w0oP09s5kcRSdR0gJn1KJ4?authuser=0&hl=fr&rclk=1,Premium Energy,"3,3",-87,Entrepreneur spécialisé dans l'isolation,155 Av. Jean Jaurès,0 805 69 67 22,http://www.premiumenergyfrance.fr/
https://www.google.com/maps/place/Landsa+Multiservices/data=!4m7!3m6!1s0x47e66d34030efad5:0xe05273d97ec90bd0!8m2!3d48.9066634!4d2.3801404!16s%2Fg%2F11stb2yjdx!19sChIJ1foOAzRt5kcR0AvJftlzUuA?authuser=0&hl=fr&rclk=1,Landsa Multiservices,,,Chauffagiste,100 Bd Félix Faure,07 68 21 73 12,http://www.landsa-multiservice.fr/
https://www.google.com/maps/place/BY+ENERGIE/data=!4m7!3m6!1s0x47e66da4080a28d5:0x17018c81a9a109a3!8m2!3d48.9100183!4d2.3905871!16s%2Fg%2F11rpdbtbnp!19sChIJ1SgKCKRt5kcRowmhqYGMARc?authuser=0&hl=fr&rclk=1,BY ENERGIE,"4,8",-26,Chauffagiste,Espace Godard,01 89 70 15 80,https://www.by-energie.fr/
https://www.google.com/maps/place/DESCHAMPS+%E2%80%93+Entreprise+de+b%C3%A2timent/data=!4m7!3m6!1s0x47e66c3dc0c9df27:0x43f5d92b0da659cb!8m2!3d48.9142325!4d2.3873697!16s%2Fg%2F11hm3qyf8f!19sChIJJ9_JwD1s5kcRy1mmDSvZ9UM?authuser=0&hl=fr&rclk=1,DESCHAMPS – Entreprise de bâtiment,"2,6",-11,Entreprise de construction,16 Rue Léopold Rechossière,01 48 11 10 01,https://www.sa-deschamps.com/
https://www.google.com/maps/place/Allo+Plombier/data=!4m7!3m6!1s0x47e66d880c30135d:0x742d6a85be86e8cd!8m2!3d48.6807824!4d2.5026636!16s%2Fg%2F11s8dxkwdr!19sChIJXRMwDIht5kcRzeiGvoVqLXQ?authuser=0&hl=fr&rclk=1,Allo Plombier,"4,9",-100,Chauffagiste,·,06 10 53 43 11,https://www.alloplombier.org/
https://www.google.com/maps/place/Ciec/data=!4m7!3m6!1s0x47e66ec1be7d4ea9:0x669559f27d90e7ed!8m2!3d48.898132!4d2.3673445!16s%2Fg%2F1tf7lwld!19sChIJqU59vsFu5kcR7eeQffJZlWY?authuser=0&hl=fr&rclk=1,Ciec,"3,5",-244,Chauffagiste,·,01 72 95 20 59,http://www.ciec.fr/
https://www.google.com/maps/place/Lindab+France+-+Aubervilliers/data=!4m7!3m6!1s0x47e66c3025bad6ab:0x9a6836fef01b9a5b!8m2!3d48.904272!4d2.3804624!16s%2Fg%2F1pv5xbbg7!19sChIJq9a6JTBs5kcRW5ob8P42aJo?authuser=0&hl=fr&rclk=1,Lindab France - Aubervilliers,"3,2",-12,Entrepreneur spécialisé dans les systèmes de CVC,55 Bd Félix Faure Bâtiment 402,01 48 11 12 80,http://www.lindab.fr/
https://www.google.com/maps/place/Ciec/data=!4m7!3m6!1s0x47e66ec1be7d4ea9:0x669559f27d90e7ed!8m2!3d48.898132!4d2.3673445!16s%2Fg%2F1tf7lwld!19sChIJqU59vsFu5kcR7eeQffJZlWY?authuser=0&hl=fr&rclk=1,Ciec,"3,5",-244,Chauffagiste,·,01 72 95 20 59,http://www.ciec.fr/
https://www.google.com/maps/place/Lindab+France+-+Aubervilliers/data=!4m7!3m6!1s0x47e66c3025bad6ab:0x9a6836fef01b9a5b!8m2!3d48.904272!4d2.3804624!16s%2Fg%2F1pv5xbbg7!19sChIJq9a6JTBs5kcRW5ob8P42aJo?authuser=0&hl=fr&rclk=1,Lindab France - Aubervilliers,"3,2",-12,Entrepreneur spécialisé dans les systèmes de CVC,55 Bd Félix Faure Bâtiment 402,01 48 11 12 80,http://www.lindab.fr/
https://www.google.com/maps/place/GCE+%7C+Chauffagiste+et+Climatisation+%2877%29/data=!4m7!3m6!1s0x47e60f40112230fd:0x3c4788f6d511c36a!8m2!3d48.83036!4d2.588135!16s%2Fg%2F11pyk3cxb_!19sChIJ_TAiEUAP5kcRasMR1faIRzw?authuser=0&hl=fr&rclk=1,GCE | Chauffagiste et Climatisation (77),"4,6",-11,Chauffagiste,4 Avenue Robert Schuman,06 45 45 98 88,https://www.google.com/aclk?sa=L&ai=DChsSEwino5-Xxb2UAxVRl2gJHQQ5F2AYACICCAEQBhoCd2Y&co=1&ase=2&gclid=CjwKCAjwq6DQBhBVEiwA4ZD5XCF4Xx1bWIDJpng4-A8i8iiBsYjzbSv9iULMtdunfrqTvk2zy1s-uxoCopoQAvD_BwE&cce=2&category=acrcp_v1_32&sig=AOD64_28f3MX6Yci5omnMx2ewJcxM9S_Nw&adurl&q&ctype=99&nis=6
https://www.google.com/maps/place/GAZ+DOT/data=!4m7!3m6!1s0x47e60468ae2ad8e1:0x53c2ca81492a4494!8m2!3d48.83983!4d2.790333!16s%2Fg%2F11b6_wngps!19sChIJ4dgqrmgE5kcRlEQqSYHKwlM?authuser=0&hl=fr&rclk=1,GAZ DOT,"4,2",-265,Chauffagiste,3A Boulevard Michael Faraday,01 64 66 00 89,https://www.google.com/aclk?sa=L&ai=DChsSEwino5-Xxb2UAxVRl2gJHQQ5F2AYACICCAEQAxoCd2Y&co=1&ase=2&gclid=CjwKCAjwq6DQBhBVEiwA4ZD5XGFgAEgNJ-fHxI6x3gXmpLlStTBRyvu7YI1watvM34CezFrxbaJC4RoCWncQAvD_BwE&cce=2&category=acrcp_v1_32&sig=AOD64_2mhTldBOlSZ3oDL_doaOAd_8Pc5w&adurl&q&ctype=99&nis=6
https://www.google.com/maps/place/Lebrun+Et+Fils/data=!4m7!3m6!1s0x47e66c1561322061:0xac541d5c49ca493f!8m2!3d48.9159568!4d2.3928606!16s%2Fg%2F1w111hlp!19sChIJYSAyYRVs5kcRP0nKSVwdVKw?authuser=0&hl=fr&rclk=1,Lebrun Et Fils,"4,1",-37,Magasin de matériel de surveillance,·,01 48 34 31 41,https://www.lebrun-fils.com/?utm_medium=referral&utm_source=gmb&utm_campaign=lnk-gmb
https://www.google.com/maps/place/QUALIGAZ+EVONIA/data=!4m7!3m6!1s0x47e66c47aa562103:0x565b053bf98b6427!8m2!3d48.9079364!4d2.3963184!16s%2Fg%2F1tpf6fn_!19sChIJAyFWqkds5kcRJ2SL-TsFW1Y?authuser=0&hl=fr&rclk=1,QUALIGAZ EVONIA,"3,2",-272,Services aux entreprises,·,0 826 62 86 28,http://www.qualigaz-evonia.com/
https://www.google.com/maps/place/GANA+Renovation/data=!4m7!3m6!1s0x47e66c256eb0d8c7:0xbd6c771e5a68de09!8m2!3d48.906743!4d2.380637!16s%2Fg%2F11h31z6jp_!19sChIJx9iwbiVs5kcRCd5oWh53bL0?authuser=0&hl=fr&rclk=1,GANA Renovation,4,-85,Travaux généraux,100 Bd Félix Faure,06 60 75 90 82,https://www.ganarenovation.com/contacter/
https://www.google.com/maps/place/Energie+De+L%27Habitat/data=!4m7!3m6!1s0x47e66d00b73d3897:0xe968356b8255340f!8m2!3d48.9064636!4d2.3846576!16s%2Fg%2F11s_tnn_vb!19sChIJlzg9twBt5kcRDzRVgms1aOk?authuser=0&hl=fr&rclk=1,Energie De L'Habitat,"2,9",-109,Environnement et ressources naturelles renouvelables,·,01 84 60 50 77,https://energiedelhabitat.fr/
https://www.google.com/maps/place/Lapeyre/data=!4m7!3m6!1s0x47e66c2fdfdb95af:0x82279fb8bfd79eed!8m2!3d48.904613!4d2.3827796!16s%2Fg%2F1hc5pmhrz!19sChIJr5Xb3y9s5kcR7Z7Xv7ifJ4I?authuser=0&hl=fr&rclk=1,Lapeyre,"4,3",-1 791,Fournisseur de fenêtres,·,01 48 39 05 55,https://magasins.lapeyre.fr/ile-de-france/seine-saint-denis/lapeyre-porte-de-la-villette-1
https://www.google.com/maps/place/B.R.A.D/data=!4m7!3m6!1s0x47e66c4925b64857:0xd1545fbb0b8f7e0d!8m2!3d48.9066083!4d2.3900776!16s%2Fg%2F1tjgnxcy!19sChIJV0i2JUls5kcRDX6PC7tfVNE?authuser=0&hl=fr&rclk=1,B.R.A.D,"4,5",-22,Entreprise de construction,1 Rue Trevet,01 48 30 46 61,http://www.brad-entreprise.fr/
https://www.google.com/maps/place/SAS+HARMONIE/data=!4m7!3m6!1s0x47e66d0ed78d4371:0xe45632b4e009d1c2!8m2!3d48.915723!4d2.3850789!16s%2Fg%2F11y_d1hx90!19sChIJcUON1w5t5kcRwtEJ4LQyVuQ?authuser=0&hl=fr&rclk=1,SAS HARMONIE,5,-2,Constructeur immobilier,7 Rue Chapon,06 95 84 77 00,https://harmonie-btp.lovable.app/
https://www.google.com/maps/place/Nikita+Nettoyage/data=!4m7!3m6!1s0x47e67275c304d365:0x98f46af89a3da993!8m2!3d48.9108355!4d2.3915173!16s%2Fg%2F11b6dr35f_!19sChIJZdMEw3Vy5kcRk6k9mvhq9Jg?authuser=0&hl=fr&rclk=1,Nikita Nettoyage,"4,6",-263,Services de nettoyage,124 Rue Henri Barbusse,01 40 59 08 00,http://www.nikita-nettoyage.fr/
https://www.google.com/maps/place/Air+Products/data=!4m7!3m6!1s0x47e66e5f657dd1f3:0x7332b11c0926a9a0!8m2!3d48.9036112!4d2.3714284!16s%2Fg%2F11byldkg5b!19sChIJ89F9ZV9u5kcRoKkmCRyxMnM?authuser=0&hl=fr&rclk=1,Air Products,4,-4,Société gazière,·,01 85 07 97 64,http://www.airproducts.fr/
https://www.google.com/maps/place/PSB+BTP/data=!4m7!3m6!1s0x47e66d2440d0dd43:0x164aaf2452568b9c!8m2!3d48.915098!4d2.3771891!16s%2Fg%2F11r9gdzg8x!19sChIJQ93QQCRt5kcRnItWUiSvShY?authuser=0&hl=fr&rclk=1,PSB BTP,"4,3",-4,Entreprise de construction,50 Rue Heurtault,01 70 24 93 22,
https://www.google.com/maps/place/Terideal/data=!4m7!3m6!1s0x47e66d42cc73d587:0xb1f5c967e534b45e!8m2!3d48.9154854!4d2.3722484!16s%2Fg%2F11j1194tpg!19sChIJh9VzzEJt5kcRXrQ05WfJ9bE?authuser=0&hl=fr&rclk=1,Terideal,"4,4",-9,Société de travaux publics,32 Rue du Landy,01 48 11 31 20,https://www.terideal.fr/
https://www.google.com/maps/place/SCIFODIAM/data=!4m7!3m6!1s0x47e66c3a5f29e935:0xdf5bae07a06eedb9!8m2!3d48.9072856!4d2.3855802!16s%2Fg%2F1vyn353n!19sChIJNekpXzps5kcRue1uoAeuW98?authuser=0&hl=fr&rclk=1,SCIFODIAM,"4,3",-7,Entrepreneur spécialisé dans le forage,·,01 48 44 26 09,http://www.scifodiam.com/
https://www.google.com/maps/place/PRO+DEBARRAS+ET+NETTOYAGE/data=!4m7!3m6!1s0x47e66d62ae82b197:0x66072786b50cb1dc!8m2!3d48.911148!4d2.3800356!16s%2Fg%2F11v66lb803!19sChIJl7GCrmJt5kcR3LEMtYYnB2Y?authuser=0&hl=fr&rclk=1,PRO DEBARRAS ET NETTOYAGE,5,-47,Service de débarras de maison,51 Rue Edouard Poisson,01 82 02 39 88,https://pro-dn.fr/
https://www.google.com/maps/place/PSB-BTP/data=!4m7!3m6!1s0x47e66c381c9dd791:0xd835e7e7261b7636!8m2!3d48.9059097!4d2.3928159!16s%2Fg%2F11rn5n744l!19sChIJkdedHDhs5kcRNnYbJufnNdg?authuser=0&hl=fr&rclk=1,PSB-BTP,1,-1,Entreprise de construction,35 Rue Trevet,07 77 16 88 93,http://psb-btp.fr/index.php/contact/
https://www.google.com/maps/place/Le+Froid+Pecomark+-+Agence+de+Paris+Est/data=!4m7!3m6!1s0x47e66dd850f95043:0x6589bbbb1ce1c025!8m2!3d48.9042167!4d2.3815009!16s%2Fg%2F11l9jp39tq!19sChIJQ1D5UNht5kcRJcDhHLu7iWU?authuser=0&hl=fr&rclk=1,Le Froid Pecomark - Agence de Paris Est,"3,1",-13,Service de distribution,55 Bd Félix Faure,01 70 32 45 50,http://www.lefroid.fr/
https://www.google.com/maps/place/ACM+PACA+CLIMATISATION+-+POMPE+A+CHALEUR+-+VMC/data=!4m7!3m6!1s0x12c9ff6f5c265fd9:0x80faebfb8075953c!8m2!3d43.642076!4d5.094335!16s%2Fg%2F11f89h4_g6!19sChIJ2V8mXG__yRIRPJV1gPvr-oA?authuser=0&hl=fr&rclk=1,ACM PACA CLIMATISATION - POMPE A CHALEUR - VMC,"4,8",-147,Fournisseur de systèmes de climatisation,175 Boulevard Nostradamus,09 81 32 98 96,https://www.google.com/aclk?sa=L&ai=DChsSEwickPa8xb2UAxXRZkECHTnvIZQYACICCAEQAxoCd3M&co=1&ase=2&gclid=CjwKCAjwq6DQBhBVEiwA4ZD5XHay5ocaMwdulvUkYWshodgPMWyr73nmXnjlaRRSDgXFRv9iQHzaSxoChnIQAvD_BwE&cce=2&category=acrcp_v1_32&sig=AOD64_2PfxNbJVZS6R0_Ond1IM2m5V3ASg&adurl&q&ctype=99&nis=6
https://www.google.com/maps/place/Daikin/data=!4m7!3m6!1s0x12c9ed0eb957bdd3:0xd9bc9d43e2e345b1!8m2!3d43.483309!4d5.363663!16s%2Fg%2F1t_ryn_d!19sChIJ071XuQ7tyRIRsUXj4kOdvNk?authuser=0&hl=fr&rclk=1,Daikin,"2,3",-18,Fournisseur de systèmes de climatisation,350 Rue Jean René Guillibert Gauthier de la Lauzière,04 42 90 89 00,https://www.google.com/aclk?sa=L&ai=DChsSEwickPa8xb2UAxXRZkECHTnvIZQYACICCAEQBRoCd3M&co=1&ase=2&gclid=CjwKCAjwq6DQBhBVEiwA4ZD5XDdG3zVwu-gpRNCv2Q_bBtSOvsQ_A_6M4Sb3JYFeMfVhkxzho1uULxoCMpAQAvD_BwE&cce=2&category=acrcp_v1_32&sig=AOD64_2I5AMGGuj1oswaMH3N7I3VbsnLpQ&adurl&q&ctype=99&nis=6
https://www.google.com/maps/place/Sud+r%C3%A9nov+%C3%A9nergie/data=!4m7!3m6!1s0x12b61fdac444f911:0xee020e37e561adc2!8m2!3d43.4107446!4d5.0102517!16s%2Fg%2F11rq0w170q!19sChIJEflExNofthIRwq1h5TcOAu4?authuser=0&hl=fr&rclk=1,Sud rénov énergie,5,-69,Chauffagiste,17 All. Paul Verlaine,06 19 26 65 38,
https://www.google.com/maps/place/Therma+Pro+%7C+Plombier+Chauffagiste+Climatiseur+%C3%A0+Martigues/data=!4m7!3m6!1s0x2d7d82e1f766dbbd:0x8242cf6d9bd4ee70!8m2!3d43.3917162!4d5.0356763!16s%2Fg%2F11rzgpm44y!19sChIJvdtm9-GCfS0RcO7Um23PQoI?authuser=0&hl=fr&rclk=1,Therma Pro | Plombier Chauffagiste Climatiseur à Martigues,"4,6",-18,Chauffagiste,12 Rue Vaucanson,06 47 45 23 74,https://thermapro.fr/
https://www.google.com/maps/place/Soci%C3%A9t%C3%A9+Solunergie+R%C3%A9novation+Climatisation+Plomberie+Electricit%C3%A9/data=!4m7!3m6!1s0xaa05204ceb061689:0x74ebe6bc18fc2ea4!8m2!3d43.4098373!4d5.0491748!16s%2Fg%2F11rrqmsvdf!19sChIJiRYG60wgBaoRpC78GLzm63Q?authuser=0&hl=fr&rclk=1,Société Solunergie Rénovation Climatisation Plomberie Electricité,"4,9",-88,Plombier,Rue Jacques Feyder,07 49 98 92 83,http://www.solunergie.fr/
https://www.google.com/maps/place/SPS+Service+D%C3%A9pannage/data=!4m7!3m6!1s0x237c293ed85d4f57:0xa5c1bc9738be3987!8m2!3d43.4003366!4d5.0496025!16s%2Fg%2F11krdsn4zm!19sChIJV09d2D4pfCMRhzm-OJe8waU?authuser=0&hl=fr&rclk=1,SPS Service Dépannage,"4,6",-140,Plombier,"SPS service, 2 Rdpt De Oliveraie",04 42 45 40 81,http://serviceplombiers.com/
https://www.google.com/maps/place/SMCE+Soci%C3%A9t%C3%A9+Mart%C3%A9gale+de+Climatisation+%26+d%27%C3%A9lectricit%C3%A9+martigues+Fos+Sur+Mer+istres/data=!4m7!3m6!1s0x12b620383b97e77b:0x6d59cf478eb9a644!8m2!3d43.3557986!4d5.0291251!16s%2Fg%2F11g9mbl9wl!19sChIJe-eXOzggthIRRKa5jkfPWW0?authuser=0&hl=fr&rclk=1,SMCE Société Martégale de Climatisation & d'électricité martigues Fos Sur Mer istres,5,-74,Chauffagiste,"QUARTIER DES, Rue des Laurons",04 42 43 03 22,
https://www.google.com/maps/place/RED+Energy+Chaudi%C3%A8re+-+Pompe+%C3%A0+chaleur+-+Climatisation+-+RGE+Qualipac+-+MaPrimeRenov+-+-/data=!4m7!3m6!1s0x12b61fd76e05a519:0x27bf3e1ba545dceb!8m2!3d43.4019028!4d5.0566551!16s%2Fg%2F11fsmw2lvf!19sChIJGaUFbtcfthIR69xFpRs-vyc?authuser=0&hl=fr&rclk=1,RED Energy Chaudière - Pompe à chaleur - Climatisation - RGE Qualipac - MaPrimeRenov - -,"4,4",-159,Chauffagiste,2 B Rue Hoche,04 42 43 10 48,https://www.red-energy.fr/
https://www.google.com/maps/place/Dalkau+Services/data=!4m7!3m6!1s0x12b62089dea6cf2d:0xc4141fdfa3e4ad9a!8m2!3d44.5396547!4d5.7961638!16s%2Fg%2F1q64qjzk2!19sChIJLc-m3okgthIRmq3ko98fFMQ?authuser=0&hl=fr&rclk=1,Dalkau Services,"4,9",-49,Chauffagiste,·,06 95 73 62 98,http://www.dalkauservices.com/
https://www.google.com/maps/place/G2c+Enr/data=!4m7!3m6!1s0x12b61fd701455555:0x684daf1b5c71fa22!8m2!3d43.403239!4d5.057358!16s%2Fg%2F11f3rl3q_0!19sChIJVVVFAdcfthIRIvpxXBuvTWg?authuser=0&hl=fr&rclk=1,G2c Enr,"4,7",-41,Fournisseur de systèmes de climatisation,14 boulevard Tholon,04 42 30 31 14,https://www.g2c-enr.com/
https://www.google.com/maps/place/AC+Services+et+%C3%89nergies+Chauffage+-+Climatisation+-+Plomberie+Martigues/data=!4m7!3m6!1s0x12c9e1279f967f2b:0xf87a684b374c8f2c!8m2!3d43.3904257!4d5.139717!16s%2Fg%2F11vf8rkhmq!19sChIJK3-WnyfhyRIRLI9MN0toevg?authuser=0&hl=fr&rclk=1,AC Services et Énergies Chauffage - Climatisation - Plomberie Martigues,5,-25,Plombier,29 Av. de Lardière,06 18 18 46 45,https://www.ac-services-energies.com/
https://www.google.com/maps/place/Esteves+Plomberie/data=!4m7!3m6!1s0x12b61e15610c8c0b:0xf532d176396b0a9d!8m2!3d43.3998778!4d5.0415108!16s%2Fg%2F1thvd3bj!19sChIJC4wMYRUethIRnQprOXbRMvU?authuser=0&hl=fr&rclk=1,Esteves Plomberie,"4,3",-26,Plombier,9 Bis Av. José Nobre ZI Sud,06 17 21 74 95,
https://www.google.com/maps/place/Serge+Catania/data=!4m7!3m6!1s0x12b61fb960419e8b:0xd29324afd33f378c!8m2!3d43.3987727!4d5.0333545!16s%2Fg%2F1vc8ljlj!19sChIJi55BYLkfthIRjDc_068kk9I?authuser=0&hl=fr&rclk=1,Serge Catania,"3,7",-23,Plombier,4 Av. Lascos,04 42 07 22 10,https://www.plombier-martigues-catania.fr/
https://www.google.com/maps/place/ARTISAN+DU+FLUX+%E2%80%93+Plomberie+Chauffage+Climatisation/data=!4m7!3m6!1s0x2b7ef654879c6c91:0x992760405dc589e7!8m2!3d43.4022239!4d5.1283668!16s%2Fg%2F11mlz5hvnp!19sChIJkWych1T2fisR54nFXUBgJ5k?authuser=0&hl=fr&rclk=1,ARTISAN DU FLUX – Plomberie Chauffage Climatisation,5,-21,Chauffagiste,·,06 29 14 15 52,http://artisanduflux.fr/
https://www.google.com/maps/place/OuiENR+-+Climatisation+-+Pompe+%C3%A0+chaleur+-+Electricit%C3%A9+%C3%A0+Martigues/data=!4m7!3m6!1s0x12b61fd8380f1bc5:0xd498bebe489ef5d6!8m2!3d43.4156355!4d5.0306605!16s%2Fg%2F11vz2pl82s!19sChIJxRsPONgfthIR1vWeSL6-mNQ?authuser=0&hl=fr&rclk=1,OuiENR - Climatisation - Pompe à chaleur - Electricité à Martigues,5,-4,Fournisseur de systèmes de climatisation,47 Bd des Espigau,06 29 69 50 25,https://ouienr.com/
https://www.google.com/maps/place/L%27art+du+Po%C3%AAle+Bouches+du+Rh%C3%B4ne/data=!4m7!3m6!1s0x12c9e7999dfb7521:0x98a0e9caaddcb879!8m2!3d43.3992095!4d5.0654165!16s%2Fg%2F1pzr495gt!19sChIJIXX7nZnnyRIRebjcrcrpoJg?authuser=0&hl=fr&rclk=1,L'art du Poêle Bouches du Rhône,"4,8",-329,Fournisseur d'équipements de chauffage,·,04 42 49 25 82,https://www.artdupoele.fr/
https://www.google.com/maps/place/CLIMATHERM+PROVENCE/data=!4m7!3m6!1s0x12c9e0c26ecae983:0xb5f92df2b5a8381d!8m2!3d43.395123!4d5.1235019!16s%2Fg%2F11fx8hcrb6!19sChIJg-nKbsLgyRIRHTiotfIt-bU?authuser=0&hl=fr&rclk=1,CLIMATHERM PROVENCE,"4,9",-90,Entrepreneur spécialisé dans les systèmes de CVC,2 Rue de la Glacière,06 09 53 56 32,http://www.climathermpro.fr/
https://www.google.com/maps/place/AZUR+ELEC/data=!4m7!3m6!1s0x12b61f03ada4e743:0x9bbc418051d50118!8m2!3d43.4097201!4d5.0110933!16s%2Fg%2F1vd390fb!19sChIJQ-ekrQMfthIRGAHVUYBBvJs?authuser=0&hl=fr&rclk=1,AZUR ELEC,"4,4",-18,Service d'installation électrique,9 All. Edmond Rostand,06 62 04 17 46,http://azurelec.net/
https://www.google.com/maps/place/PROCLIM%E2%80%99S/data=!4m7!3m6!1s0x89b109ffa659af51:0xe7c31acb7e34f89b!8m2!3d43.3291378!4d5.1289081!16s%2Fg%2F11kb8wr8dp!19sChIJUa9Zpv8JsYkRm_g0fssaw-c?authuser=0&hl=fr&rclk=1,PROCLIM’S,5,-22,Service de nettoyage et d'entretien,16 Av. de l'Europe,06 95 59 77 11,
https://www.google.com/maps/place/SONEPAR+CLIMATE+SOLUTIONS+MARTIGUES+:+Distributeur+de+pompes+%C3%A0+chaleur/data=!4m7!3m6!1s0x12b61f36e685978f:0x78e0dc20a4915f2e!8m2!3d43.3986952!4d5.0389443!16s%2Fg%2F11gl289yrl!19sChIJj5eF5jYfthIRLl-RpCDc4Hg?authuser=0&hl=fr&rclk=1,SONEPAR CLIMATE SOLUTIONS MARTIGUES : Distributeur de pompes à chaleur,"4,5",-15,Fournisseur de systèmes de climatisation,25 Av. José Nobre,04 86 57 09 25,https://climate.sonepar.fr/
https://www.google.com/maps/place/PPF+Saint+Brieuc/data=!4m7!3m6!1s0x4811e354921b283b:0x4525d4e392f09968!8m2!3d48.521048!4d-2.870642!16s%2Fg%2F11ggrmtsq1!19sChIJOygbklTjEUgRaJnwkuPUJUU?authuser=0&hl=fr&rclk=1,PPF Saint Brieuc,"4,7",-313,Solutions et équipement énergétiques,3 Rue de la Cassoire,02 85 52 19 98,https://www.google.com/aclk?sa=L&ai=DChsSEwjxqM3Kxb2UAxX0p2gJHeReCd0YACICCAEQARoCd2Y&co=1&ase=2&gclid=CjwKCAjwq6DQBhBVEiwA4ZD5XK70j0t2Gb-HHqH9x-lxV1HJAOFacjhjK5H64A22M6UFf6FLZAX49BoCXUoQAvD_BwE&cce=2&category=acrcp_v1_32&sig=AOD64_3uUpd6MTL2qhFA740R4eoywfO1fA&adurl&q&ctype=99&nis=6
https://www.google.com/maps/place/Avenir+R%C3%A9novations+22+Saint+Brieuc/data=!4m7!3m6!1s0x4811e33f66e48e65:0xb2224f0d18f92533!8m2!3d48.520988!4d-2.870307!16s%2Fg%2F11t5l5sqrv!19sChIJZY7kZj_jEUgRMyX5GA1PIrI?authuser=0&hl=fr&rclk=1,Avenir Rénovations 22 Saint Brieuc,5,-5,Travaux généraux,3 Rue de la Cassoire,02 49 88 36 17,https://www.google.com/aclk?sa=L&ai=DChsSEwjxqM3Kxb2UAxX0p2gJHeReCd0YACICCAEQABoCd2Y&co=1&ase=2&gclid=CjwKCAjwq6DQBhBVEiwA4ZD5XNhOgqwtDwxESFKdWl0nVafpFa9ICzOWUlohfyZfPbJsjO-5AltKxRoC3WMQAvD_BwE&cce=2&category=acrcp_v1_32&sig=AOD64_2tSVgnQft9E5ehoOX4RkS7_fEYRw&adurl&q&ctype=99&nis=6
https://www.google.com/maps/place/CSA+Chauffage+et+Sanitaire+d%27Armor/data=!4m7!3m6!1s0x480e1d68f3138975:0xfad867a74e222239!8m2!3d48.502583!4d-2.7711856!16s%2Fg%2F1tc_kjk1!19sChIJdYkT82gdDkgROSIiTqdn2Po?authuser=0&hl=fr&rclk=1,CSA Chauffage et Sanitaire d'Armor,4,-27,Chauffagiste,3 Rue Robespierre,02 96 01 21 21,https://www.facebook.com/SCOPCSA/?utm_source=gmb
https://www.google.com/maps/place/EMH+Plomberie+Chauffage/data=!4m7!3m6!1s0x82d704594b50475:0xb37243d664c02a36!8m2!3d48.4703088!4d-2.7888536!16s%2Fg%2F11x8g9bbsh!19sChIJdQS1lEVwLQgRNirAZNZDcrM?authuser=0&hl=fr&rclk=1,EMH Plomberie Chauffage,5,-18,Chauffagiste,·,07 49 94 13 04,https://www.qualit-enr.org/entreprises/emh-plomberie-chauffage
https://www.google.com/maps/place/PARTEDIS+Chauffage+Sanitaire+-+Saint+Brieuc/data=!4m7!3m6!1s0x480e1d1f6cbc8ed5:0xa22cccc13a6d7bff!8m2!3d48.5033967!4d-2.7447177!16s%2Fg%2F1v2ppm0s!19sChIJ1Y68bB8dDkgR_3ttOsHMLKI?authuser=0&hl=fr&rclk=1,PARTEDIS Chauffage Sanitaire - Saint Brieuc,"4,4",-40,Chauffagiste,·,02 96 68 44 55,http://www.partedis.com/agence/saint-brieuc-chauffage-sanitaire/
https://www.google.com/maps/place/Mon+Atout+%C3%89nergie+-+Saint-Brieuc/data=!4m7!3m6!1s0x480e1d769fdcb2f1:0xce73cfbb2bfe5f03!8m2!3d48.5037361!4d-2.7390433!16s%2Fg%2F11r10626nd!19sChIJ8bLcn3YdDkgRA1_-K7vPc84?authuser=0&hl=fr&rclk=1,Mon Atout Énergie - Saint-Brieuc,"4,2",-54,Chauffagiste,·,02 96 72 55 46,https://www.monatoutenergie.fr/?utm_source=gmb
https://www.google.com/maps/place/Bry%C3%A8re+Serge/data=!4m7!3m6!1s0x480e1d49c1462605:0xad86b74842ac3827!8m2!3d48.5189434!4d-2.7644548!16s%2Fg%2F1tfmmsw0!19sChIJBSZGwUkdDkgRJzisQki3hq0?authuser=0&hl=fr&rclk=1,Bryère Serge,"4,1",-41,Plombier,30 Rue du Légué,02 96 33 37 29,https://www.bryere-saint-brieuc.fr/
https://www.google.com/maps/place/Airzeau+Saint-Brieuc/data=!4m7!3m6!1s0x480e1dae5da228bd:0xd4c8c14dfb9b1bf6!8m2!3d48.5157507!4d-2.7620559!16s%2Fg%2F11pf8dr611!19sChIJvSiiXa4dDkgR9hub-03ByNQ?authuser=0&hl=fr&rclk=1,Airzeau Saint-Brieuc,5,-35,Fournisseur d'équipements de chauffage,·,02 96 60 75 12,https://www.airzeau-ouest.com/
https://www.google.com/maps/place/SARL+Prodhomme+-+Pompe+%C3%A0+chaleur+-+QuapiPAC+-+RGE/data=!4m7!3m6!1s0x480e1ccc12052833:0x83a2b1a938209cb7!8m2!3d48.4826355!4d-2.7557116!16s%2Fg%2F11f40l3lf1!19sChIJMygFEswcDkgRt5wgOKmxooM?authuser=0&hl=fr&rclk=1,SARL Prodhomme - Pompe à chaleur - QuapiPAC - RGE,"4,9",-81,Chauffagiste,·,06 30 38 35 48,https://plombier-saint-brieuc.fr/?utm_source=gmb
https://www.google.com/maps/place/Kbane/data=!4m7!3m6!1s0x480e1d354e43f015:0x425b213b532d2e8d!8m2!3d48.4984467!4d-2.7393014!16s%2Fg%2F11t4m9hz05!19sChIJFfBDTjUdDkgRjS4tUzshW0I?authuser=0&hl=fr&rclk=1,Kbane,"4,3",-66,Chauffagiste,·,02 55 99 03 38,https://www.kbane.com/nos-agences/agence-063?utm_campaign=agences&utm_medium=fiche-gmb&utm_source=google-my-business
https://www.google.com/maps/place/Habitat+Energies+Renouvelables+HER/data=!4m7!3m6!1s0x480e1d429d9a08c9:0x6047ab4b117581b!8m2!3d48.481879!4d-2.7044039!16s%2Fg%2F11h9kgpp4w!19sChIJyQianUIdDkgRG1gXsbR6BAY?authuser=0&hl=fr&rclk=1,Habitat Energies Renouvelables HER,"4,4",-29,Chauffagiste,·,02 96 52 24 39,http://www.her-saintbrieuc.com/
https://www.google.com/maps/place/SLG+plomberie/data=!4m7!3m6!1s0x480e1d5b1a446f57:0x11f1e7932065a7b!8m2!3d48.5064121!4d-2.7474456!16s%2Fg%2F11wg7dxn3q!19sChIJV29EGlsdDkgRe1oGMnkeHwE?authuser=0&hl=fr&rclk=1,SLG plomberie,5,-11,Chauffagiste,41 Rue Dr Eugene Rahuel,06 77 95 54 52,http://www.slgplomberie.fr/
https://www.google.com/maps/place/SAS+ETS+JUNJAUD/data=!4m7!3m6!1s0x480e1d31b7d0f653:0xded09275c07124b5!8m2!3d48.5187546!4d-2.7533467!16s%2Fg%2F1vp6zl29!19sChIJU_bQtzEdDkgRtSRxwHWS0N4?authuser=0&hl=fr&rclk=1,SAS ETS JUNJAUD,5,-5,Grossiste,·,02 96 33 08 98,
https://www.google.com/maps/place/PEC22+-+Artisan+expert+en+salles+de+bain+et+solutions+%C3%A9nerg%C3%A9tiques+en+C%C3%B4tes+d%27Armor/data=!4m7!3m6!1s0x642cbd1fd1c6dd9b:0x4dcd2f30e3f6766a!8m2!3d48.502978!4d-2.7771624!16s%2Fg%2F11x1tt04cx!19sChIJm93G0R-9LGQRanb24zAvzU0?authuser=0&hl=fr&rclk=1,PEC22 - Artisan expert en salles de bain et solutions énergétiques en Côtes d'Armor,5,-2,Chauffagiste,7 Rue du Carpont,07 68 94 67 92,https://www.pec22.fr/
https://www.google.com/maps/place/Mar%C3%A9chal+%26+Brilleaud+-+Po%C3%AAles+et+chemin%C3%A9es/data=!4m7!3m6!1s0x480e1d3f1faab0c9:0xe7aff87f0c509926!8m2!3d48.5093409!4d-2.759685!16s%2Fg%2F11bzz628vw!19sChIJybCqHz8dDkgRJplQDH_4r-c?authuser=0&hl=fr&rclk=1,Maréchal & Brilleaud - Poêles et cheminées,"4,1",-161,Chauffagiste,·,02 96 33 84 74,http://marechaletbrilleaud.fr/chauffage
https://www.google.com/maps/place/C.M.D.+%28Chauffage+Maintenance+D%C3%A9pannage%29/data=!4m7!3m6!1s0x480e1d1ecdbe8765:0x7beb1548d7e1821d!8m2!3d48.4903269!4d-2.768308!16s%2Fg%2F1tgfw07w!19sChIJZYe-zR4dDkgRHYLh10gV63s?authuser=0&hl=fr&rclk=1,C.M.D. (Chauffage Maintenance Dépannage),"3,9",-86,Chauffagiste,·,02 96 52 05 05,https://www.cmd-22.com/?utm_medium=referral&utm_source=gmb&utm_campaign=lnk-gmb
https://www.google.com/maps/place/Iceberg+St-Brieuc/data=!4m7!3m6!1s0x480e1cf73dac62e3:0x6a6bf1907a99f76!8m2!3d48.4902182!4d-2.7247245!16s%2Fg%2F11clzqpdpv!19sChIJ42KsPfccDkgRdp-pBxm_pgY?authuser=0&hl=fr&rclk=1,Iceberg St-Brieuc,"4,9",-877,Chauffagiste,·,02 22 46 11 80,https://www.poele-iceberg.com/
https://www.google.com/maps/place/Ambiance+Chauffage+SARL/data=!4m7!3m6!1s0x480e02cf85a969f3:0xc6f3b26e7314e05c!8m2!3d48.5365866!4d-2.756144!16s%2Fg%2F1tjs4b2k!19sChIJ82mphc8CDkgRXOAUc26y88Y?authuser=0&hl=fr&rclk=1,Ambiance Chauffage SARL,"3,3",-81,Chauffagiste,·,02 96 52 55 47,http://www.ambiance-chauffage-plerin.fr/
https://www.google.com/maps/place/%C3%87a+B%C3%BBche!+-+Bois+de+chauffage+Saint+Brieuc/data=!4m7!3m6!1s0x4811e326b1f22855:0x96d99e509ef7dc7f!8m2!3d48.4700131!4d-2.8018801!16s%2Fg%2F11gr710ls7!19sChIJVSjysSbjEUgRf9z3nlCe2ZY?authuser=0&hl=fr&rclk=1,Ça Bûche! - Bois de chauffage Saint Brieuc,"4,9",-277,Magasin de bois de chauffage,·,02 96 73 03 18,https://www.cabuche.fr/?utm_source=gmb
https://www.google.com/maps/place/DAVID+Electricite+Plomberie/data=!4m7!3m6!1s0x480e1d3975768209:0xde90905d0f8189b4!8m2!3d48.5130591!4d-2.74428!16s%2Fg%2F1tfrlqvj!19sChIJCYJ2dTkdDkgRtImBD12QkN4?authuser=0&hl=fr&rclk=1,DAVID Electricite Plomberie,"3,6",-16,Plombier,112 Rue la Fayette,02 96 33 08 74,https://www.david-electricite-plomberie.fr/
https://www.google.com/maps/place/CHAUD+FROID+Distribution/data=!4m7!3m6!1s0x480e1ce31cc98251:0x807e42242b154d1b!8m2!3d48.498054!4d-2.735776!16s%2Fg%2F11gg716zns!19sChIJUYLJHOMcDkgRG00VKyRCfoA?authuser=0&hl=fr&rclk=1,CHAUD FROID Distribution,"4,5",-18,Fournisseur d'équipements de chauffage,·,,
https://www.google.com/maps/place/Les+Gars+des+Eaux/data=!4m7!3m6!1s0x480e1d7893f2e243:0xcf881506822719c6!8m2!3d48.513467!4d-2.7596361!16s%2Fg%2F11p64mpnch!19sChIJQ-Lyk3gdDkgRxhknggYViM8?authuser=0&hl=fr&rclk=1,Les Gars des Eaux,"4,9",-17,Plombier,23 Rue Saint-Guillaume,09 70 72 39 73,https://www.lesgarsdeseaux.com/agence/solution-degats-des-eaux-cotes-darmor-22
https://www.google.com/maps/place/PPF+Saint+Brieuc/data=!4m7!3m6!1s0x4811e354921b283b:0x4525d4e392f09968!8m2!3d48.521048!4d-2.870642!16s%2Fg%2F11ggrmtsq1!19sChIJOygbklTjEUgRaJnwkuPUJUU?authuser=0&hl=fr&rclk=1,PPF Saint Brieuc,"4,7",-313,Solutions et équipement énergétiques,3 Rue de la Cassoire,02 85 52 19 98,https://www.google.com/aclk?sa=L&ai=DChsSEwjy793Txb2UAxU8tWgJHVr0JloYACICCAEQAxoCd2Y&co=1&ase=2&gclid=CjwKCAjwq6DQBhBVEiwA4ZD5XFN7k6GuSCdZqpPemJixx6SdeypHx5oyHy52QKm6UqJvs-csJotCqxoC0f0QAvD_BwE&cce=2&category=acrcp_v1_32&sig=AOD64_3oL8yv0OEQNyAniJrX7y1zrbPpFQ&adurl&q&ctype=99&nis=6
https://www.google.com/maps/place/A.E.S./data=!4m7!3m6!1s0x4811fdd8a83d19f3:0x329cbad6fbc87d2f!8m2!3d48.544049!4d-2.7737949!16s%2Fg%2F1vg_6py_!19sChIJ8xk9qNj9EUgRL33I-9a6nDI?authuser=0&hl=fr&rclk=1,A.E.S.,"4,7",-109,Chauffagiste,6 Rue Lucien Rosengart,06 62 92 73 93,
https://www.google.com/maps/place/Sarl+EAU+ET+LUMI-AIR/data=!4m7!3m6!1s0x480e1cddcb654a97:0x4ebeb131c7f23fe2!8m2!3d48.509343!4d-2.732614!16s%2Fg%2F1tf5k0hy!19sChIJl0ply90cDkgR4j_yxzGxvk4?authuser=0&hl=fr&rclk=1,Sarl EAU ET LUMI-AIR,"4,4",-8,Chauffagiste,7 Rue Auguste Lumière,02 96 33 34 34,https://www.eauetlumiair.fr/
https://www.google.com/maps/place/Armor+PCE+Armor+Plomberie+Chauffage+Electricit%C3%A9+Pierre+Vogel/data=!4m7!3m6!1s0x4811e313529c9e7d:0xd2b125e87ecedcf8!8m2!3d48.5062979!4d-2.8116873!16s%2Fg%2F11lcfy3qjl!19sChIJfZ6cUhPjEUgR-NzOfuglsdI?authuser=0&hl=fr&rclk=1,Armor PCE Armor Plomberie Chauffage Electricité Pierre Vogel,"4,6",-22,Chauffagiste,1 Rue de Saint-Hervé,07 69 69 88 86,https://www.facebook.com/133399459864558?utm_source=gmb
https://www.google.com/maps/place/Tr%C3%A9horel+Corlay/data=!4m7!3m6!1s0x480e1babdf9bd8f3:0xe61b65148b7d5bca!8m2!3d48.484628!4d-2.644521!16s%2Fg%2F11c1qqk0t6!19sChIJ89ib36sbDkgRylt9ixRlG-Y?authuser=0&hl=fr&rclk=1,Tréhorel Corlay,3,-89,Chauffagiste,2 Rue Lucie et Raymond AUBRAC,02 96 63 91 89,http://www.trehorel-corlay.com/
https://www.google.com/maps/place/GUENO+D/data=!4m7!3m6!1s0x4811e3d5888d3769:0x564951bead78dc7c!8m2!3d48.4674397!4d-2.7815011!16s%2Fg%2F11j10qxb7_!19sChIJaTeNiNXjEUgRfNx4rb5RSVY?authuser=0&hl=fr&rclk=1,GUENO D,"4,4",-44,Chauffagiste,1 Rue Jean Kerisel,02 96 42 43 03,https://www.guenod.fr/
https://www.google.com/maps/place/EURL+Christophe+Menguy+-+Electricien+-+Plombier/data=!4m7!3m6!1s0x480e1d12bbf8b4d3:0x9669bf43aedd8e3b!8m2!3d48.5007!4d-2.75143!16s%2Fg%2F11r_pwkr82!19sChIJ07T4uxIdDkgRO47drkO_aZY?authuser=0&hl=fr&rclk=1,EURL Christophe Menguy - Electricien - Plombier,5,-4,Plombier,175 Rue Paul Bert,06 12 73 47 43,https://www.christophemenguy.fr/
https://www.google.com/maps/place/ENGIE+Home+Services/data=!4m7!3m6!1s0x480e02bc2a151859:0xdaa96d63bcf8447!8m2!3d48.541799!4d-2.777764!16s%2Fg%2F1tf6r5d4!19sChIJWRgVKrwCDkgRR4TPO9aWqg0?authuser=0&hl=fr&rclk=1,ENGIE Home Services,"3,9",-300,Chauffagiste,·,02 96 78 92 94,https://agence.engie-homeservices.fr/115-engie-home-services-saint-brieuc?utm_source=gmb
https://www.google.com/maps/place/Brunet+Jean-Fran%C3%A7ois/data=!4m7!3m6!1s0x480e1d18aeb2e78b:0x9acc45ea10f8d147!8m2!3d48.5059464!4d-2.7452987!16s%2Fg%2F1tfdcvtj!19sChIJi-eyrhgdDkgRR9H4EOpFzJo?authuser=0&hl=fr&rclk=1,Brunet Jean-François,"4,1",-10,Chauffagiste,53 Rue Dr Eugene Rahuel,06 08 71 65 53,
https://www.google.com/maps/place/ATS+Energie+Positive/data=!4m7!3m6!1s0x4811fcb42a38d0b3:0x275ed08285ba9020!8m2!3d48.527378!4d-2.855859!16s%2Fg%2F11gtccpfvd!19sChIJs9A4KrT8EUgRIJC6hYLQXic?authuser=0&hl=fr&rclk=1,ATS Energie Positive,"4,6",-38,Chauffagiste,·,09 84 46 99 86,https://www.ats-maisonpassive.fr/
https://www.google.com/maps/place/PPF+Saint+Brieuc/data=!4m7!3m6!1s0x4811e354921b283b:0x4525d4e392f09968!8m2!3d48.5210477!4d-2.8706419!16s%2Fg%2F11ggrmtsq1!19sChIJOygbklTjEUgRaJnwkuPUJUU?authuser=0&hl=fr&rclk=1,PPF Saint Brieuc,"4,7",-313,Chauffagiste,·,02 85 52 19 98,https://ppf.fr/reseau-ppf/ppf-ou-nous-trouver/agence-ppf-22-saint-brieuc/
https://www.google.com/maps/place/Sanit+Confort/data=!4m7!3m6!1s0x480e02a246d53fc1:0xc6993f89678c8a30!8m2!3d48.543944!4d-2.7811954!16s%2Fg%2F1tc__wfl!19sChIJwT_VRqICDkgRMIqMZ4k_mcY?authuser=0&hl=fr&rclk=1,Sanit Confort,"4,2",-13,Chauffagiste,·,02 96 79 99 99,http://www.sanitconfort.bzh/
https://www.google.com/maps/place/D%C3%A9sembouez-moi+%C3%A0+Tr%C3%A9gueux/data=!4m7!3m6!1s0x480e1d6832e3e4d1:0xdbb99dd3d2f80f54!8m2!3d48.4813187!4d-2.7032924!16s%2Fg%2F11vwyl85__!19sChIJ0eTjMmgdDkgRVA_40tOduds?authuser=0&hl=fr&rclk=1,Désembouez-moi à Trégueux,"4,9",-17,Chauffagiste,·,06 18 95 47 50,https://www.ouest-france.fr/bretagne/tregueux-22950/la-societe-desembouez-moi-sinstalle-au-perray-a-tregueux-bef26efa-ba9e-11ee-b9d9-64e72790227c
https://www.google.com/maps/place/Mdp+Chauffage/data=!4m7!3m6!1s0x480e1d3ee1f5d711:0x3538ba6b74369085!8m2!3d48.5091948!4d-2.7594034!16s%2Fg%2F11fsmvm5_z!19sChIJEdf14T4dDkgRhZA2dGu6ODU?authuser=0&hl=fr&rclk=1,Mdp Chauffage,5,-1,Plombier,19 Bd Clemenceau,,
https://www.google.com/maps/place/Nord+Est+Climatisation+-+ATCF/data=!4m7!3m6!1s0x47f2fc3d1ab3484d:0xfc063968787d6505!8m2!3d46.781271!4d4.795992!16s%2Fg%2F1hjgx8g9v!19sChIJTUizGj388kcRBWV9eGg5Bvw?authuser=0&hl=fr&rclk=1,Nord Est Climatisation - ATCF,"4,5",-16,Fournisseur de systèmes de climatisation,Zone Industrielle de la Garenne,03 85 87 77 00,https://www.google.com/aclk?sa=L&ai=DChsSEwjTwMnexb2UAxX4tWgJHeiTOnEYACICCAEQAhoCd2Y&co=1&ase=2&gclid=CjwKCAjwq6DQBhBVEiwA4ZD5XEms2k-nRQVUScZx68Ce38kVvMIuGYmdQ_g4ReUF1-kVeXKleHwZqBoCvtgQAvD_BwE&cce=2&category=acrcp_v1_32&sig=AOD64_3cMI-0pE1qYIrJUKVFONikKUMC1g&adurl&q&ctype=99&nis=6
https://www.google.com/maps/place/Instant+Po%C3%AAles+Et+Chemin%C3%A9es+By+Pinto/data=!4m7!3m6!1s0x47f2fd6b2e28c477:0xe7325c6fc294b6b!8m2!3d46.801053!4d4.787314!16s%2Fg%2F11j7vtr3hn!19sChIJd8QoLmv98kcRa0sp_MYlcw4?authuser=0&hl=fr&rclk=1,Instant Poêles Et Cheminées By Pinto,"4,4",-149,Magasin de poêles à bois,54 Route d'Autun,03 85 41 16 23,https://www.google.com/aclk?sa=L&ai=DChsSEwjTwMnexb2UAxX4tWgJHeiTOnEYACICCAEQABoCd2Y&co=1&ase=2&gclid=CjwKCAjwq6DQBhBVEiwA4ZD5XPvwqoWtVSF9adzODcHGEH0XeqpmTYKkBP7kNphjeMnkRKCPFzamXRoChFMQAvD_BwE&cce=2&category=acrcp_v1_32&sig=AOD64_0EGMsWa3jP_so79WpyJ6lO-Z18aA&adurl&q&ctype=99&nis=6
https://www.google.com/maps/place/Artisans+Soci%C3%A9t%C3%A9+-+Climatisation+%7C+Pompe+%C3%A0+chaleur+%7C+Chauffage+%7C+Panneaux+Solaires+Photovolta%C3%AFques+%7C+IRVE/data=!4m7!3m6!1s0x47f2fd8d0d3fb055:0xd5237890996124e6!8m2!3d46.779196!4d4.850797!16s%2Fg%2F11z0hspcml!19sChIJVbA_DY398kcR5iRhmZB4I9U?authuser=0&hl=fr&rclk=1,Artisans Société - Climatisation | Pompe à chaleur | Chauffage | Panneaux Solaires Photovoltaïques | IRVE,"4,8",-25,Chauffagiste,9 Rue Prte de Lyon,09 56 80 06 29,https://artisanspaclimchauffagechalon.fr/
"https://www.google.com/maps/place/RAM+SERVICES+%28plomberie,+chauffage,+recherche+de+fuites+eau+et+gaz,+d%C3%A9bouchage,+URGENCES%29/data=!4m7!3m6!1s0x669d93c1179808f9:0x14a652aff3988660!8m2!3d46.7907392!4d4.863814!16s%2Fg%2F11x13t_j2q!19sChIJ-QiYF8GTnWYRYIaY869SphQ?authuser=0&hl=fr&rclk=1","RAM SERVICES (plomberie, chauffage, recherche de fuites eau et gaz, débouchage, URGENCES)",5,-266,Plombier,24 Rue Nelson Mandela,06 51 03 06 43,https://ramservicesdepannage.wixsite.com/ramservices
https://www.google.com/maps/place/BH+PLOMBERIE+CHAUFFAGE+CLIMATISATION/data=!4m7!3m6!1s0x47f2fdfc09073f37:0x6b47865764afc51d!8m2!3d46.7951988!4d4.8638619!16s%2Fg%2F11kzb3k9h_!19sChIJNz8HCfz98kcRHcWvZFeGR2s?authuser=0&hl=fr&rclk=1,BH PLOMBERIE CHAUFFAGE CLIMATISATION,"4,7",-33,Chauffagiste,19 Rue Edouard Benes,07 88 27 86 47,http://www.bh-plombier-chalon.fr/
https://www.google.com/maps/place/THERMOCONFORT+plomberie+chauffage+climatisation+d%C3%A9pannage+chaudi%C3%A8re/data=!4m7!3m6!1s0x47f2e4ca5dcb44a1:0x81d501dd1d740f7!8m2!3d46.7862979!4d4.857091!16s%2Fg%2F11dxb0nj00!19sChIJoUTLXcrk8kcR90DX0R1QHQg?authuser=0&hl=fr&rclk=1,THERMOCONFORT plomberie chauffage climatisation dépannage chaudière,"4,8",-66,Chauffagiste,Rue de Belfort,06 24 71 10 16,https://www.thermoconfort71.fr/
https://www.google.com/maps/place/Patrick+Pugeaut+Depannage/data=!4m7!3m6!1s0x47f2fb67497cd17f:0xc5633c43ec84693!8m2!3d46.8053915!4d4.8521667!16s%2Fg%2F11f8lkkjnq!19sChIJf9F8SWf78kcRk0bIPsQzVgw?authuser=0&hl=fr&rclk=1,Patrick Pugeaut Depannage,"3,9",-65,Chauffagiste,21 Rue des Champs Roussots,03 85 48 93 99,http://www.patrick-pugeaut-depannage.fr/
https://www.google.com/maps/place/Entreprise+Pugeaut/data=!4m7!3m6!1s0x47f2fc94639e2f01:0xcf94e50d6548e0a!8m2!3d46.8263064!4d4.8348374!16s%2Fg%2F1tk_j15m!19sChIJAS-eY5T88kcRCo5U1lBO-Qw?authuser=0&hl=fr&rclk=1,Entreprise Pugeaut,"4,2",-44,Chauffagiste,19 Rue André Marie Ampère,03 85 48 32 70,https://www.pugeautentreprise.com/
https://www.google.com/maps/place/SAS+TAB/data=!4m7!3m6!1s0x47f2fbd07947e0ad:0x1282ac6d8c4e270a!8m2!3d46.8069307!4d4.8469956!16s%2Fg%2F11mwy02h0v!19sChIJreBHedD78kcRCidOjG2sghI?authuser=0&hl=fr&rclk=1,SAS TAB,"4,4",-14,Chauffagiste,35 Rue Pierre de Coubertin,07 69 03 27 07,
https://www.google.com/maps/place/21Celsius+-+CHALON+SUR+SAONE/data=!4m7!3m6!1s0x47f2fb0058babb6f:0x5c290c265434ff49!8m2!3d46.8094432!4d4.8657614!16s%2Fg%2F11vjrnvwyj!19sChIJb7u6WAD78kcRSf80VCYMKVw?authuser=0&hl=fr&rclk=1,21Celsius - CHALON SUR SAONE,"4,8",-85,Chauffagiste,·,03 85 44 68 79,https://21celsius.fr/
https://www.google.com/maps/place/ARTISANS+CHALON-SUR-SAONE+PAC+CLIM+PANNEAUX+SOLAIRES+PHOTOVOLTAIQUES+-+AXENTIS+GROUPE+SAS/data=!4m7!3m6!1s0x47f2fd5238c44b25:0xfc81c32a57e6b67d!8m2!3d46.779194!4d4.8522728!16s%2Fg%2F11ydhmj27h!19sChIJJUvEOFL98kcRfbbmVyrDgfw?authuser=0&hl=fr&rclk=1,ARTISANS CHALON-SUR-SAONE PAC CLIM PANNEAUX SOLAIRES PHOTOVOLTAIQUES - AXENTIS GROUPE SAS,"4,9",-63,Chauffagiste,3 Rue Caumartin,07 82 61 11 28,http://www.artisanspaclimchalon.com/
https://www.google.com/maps/place/Hexagone+Energy/data=!4m7!3m6!1s0x47f2fd12ed1cb63d:0xf225c6530753c7a7!8m2!3d46.7499722!4d4.8531079!16s%2Fg%2F11s99x70tq!19sChIJPbYc7RL98kcRp8dTB1PGJfI?authuser=0&hl=fr&rclk=1,Hexagone Energy,5,-102,Chauffagiste,16 Rue du 19 Mars 1962,06 51 01 23 52,http://www.hexagone-energy.fr/
https://www.google.com/maps/place/Pleinet+Plomberie+Chauffage/data=!4m7!3m6!1s0x47f2fcfef37c27a3:0xdbea4ed960c2e7d8!8m2!3d46.6559137!4d4.5439376!16s%2Fg%2F11gcmjdjrs!19sChIJoyd88_788kcR2OfCYNlO6ts?authuser=0&hl=fr&rclk=1,Pleinet Plomberie Chauffage,"4,7",-23,Chauffagiste,·,06 09 07 55 27,
https://www.google.com/maps/place/ENGIE+Home+Services+CHALON+SUR+SAONE/data=!4m7!3m6!1s0x47f2fc817ec1a18b:0xd7db991142f5875a!8m2!3d46.7966667!4d4.8300785!16s%2Fg%2F1w6r7m4j!19sChIJi6HBfoH88kcRWof1QhGZ29c?authuser=0&hl=fr&rclk=1,ENGIE Home Services CHALON SUR SAONE,"4,2",-404,Chauffagiste,·,03 85 41 85 69,https://agence.engie-homeservices.fr/91-engie-home-services-chalon-sur-saone-thalie?utm_source=gmb
https://www.google.com/maps/place/Romand+Depannage/data=!4m7!3m6!1s0x47f2fccaf61ff78b:0xb0fe879eb6d87fa6!8m2!3d46.7784107!4d4.8709291!16s%2Fg%2F1tz70rf7!19sChIJi_cf9sr88kcRpn_Ytp6H_rA?authuser=0&hl=fr&rclk=1,Romand Depannage,"4,5",-69,Plombier,9 Rue des Chavannes,03 85 94 79 86,http://www.romand-depannage.fr/
https://www.google.com/maps/place/CLIMAT+CHAUFFE/data=!4m7!3m6!1s0x464ce4155482f9c5:0x614a5dfc1041dc01!8m2!3d46.7787883!4d4.8367874!16s%2Fg%2F11m61nzyqy!19sChIJxfmCVBXkTEYRAdxBEPxdSmE?authuser=0&hl=fr&rclk=1,CLIMAT CHAUFFE,5,-21,Chauffagiste,·,07 68 25 42 84,http://climatchauffe.fr/
https://www.google.com/maps/place/Badet+SAS/data=!4m7!3m6!1s0x47f2fc9cc0c5368d:0x3f2a66a7a1aec394!8m2!3d46.7975565!4d4.8421686!16s%2Fg%2F113f3155k!19sChIJjTbFwJz88kcRlMOuoadmKj8?authuser=0&hl=fr&rclk=1,Badet SAS,"2,7",-11,Entrepreneur spécialisé dans les systèmes de CVC,2 Rue Monge,03 85 41 27 03,https://www.badet-sas.fr/
https://www.google.com/maps/place/KOZ%C3%89O+CHALON-SUR-SA%C3%94NE+%7C+Confort+%26+%C3%89nergie+%7C+Climatisation+-+Pompe+%C3%A0+chaleur+-+Panneaux+solaires/data=!4m7!3m6!1s0x47f2fd0df106f39d:0x558b1376cc45edf0!8m2!3d46.763404!4d4.8440009!16s%2Fg%2F11lty7jqsh!19sChIJnfMG8Q398kcR8O1FzHYTi1U?authuser=0&hl=fr&rclk=1,KOZÉO CHALON-SUR-SAÔNE | Confort & Énergie | Climatisation - Pompe à chaleur - Panneaux solaires,5,-56,Fournisseur de systèmes de climatisation,·,03 85 94 75 02,https://kozeo.fr/?utm_source=gmb&utm_medium=organic
https://www.google.com/maps/place/E2CA/data=!4m7!3m6!1s0x47f2e33e37c70b65:0x52105c7375905a83!8m2!3d46.7761966!4d4.8914879!16s%2Fg%2F11c6rk2pr4!19sChIJZQvHNz7j8kcRg1qQdXNcEFI?authuser=0&hl=fr&rclk=1,E2CA,"4,8",-38,Entrepreneur spécialisé dans les systèmes de CVC,12 Rue Philippe Flatot,06 99 32 70 57,http://www.e2ca71.fr/?utm_medium=referral&utm_source=gmb&utm_campaign=lnk-gmb
https://www.google.com/maps/place/SE2C+E.m.s.+Buatois+Fevre/data=!4m7!3m6!1s0x47f2e31ec22c8cd5:0x4368a0316dcafe0d!8m2!3d46.7421063!4d4.850501!16s%2Fg%2F11cn96mxwy!19sChIJ1Ywswh7j8kcRDf7KbTGgaEM?authuser=0&hl=fr&rclk=1,SE2C E.m.s. Buatois Fevre,"4,4",-29,Chauffagiste,·,03 85 47 58 56,https://www.se2c-ems.fr/
https://www.google.com/maps/place/Chalon%27energie/data=!4m7!3m6!1s0x47f2fcbe3b4c1719:0xda93e2aed7752b5e!8m2!3d46.7839956!4d4.8506945!16s%2Fg%2F11b6dgs9d9!19sChIJGRdMO7788kcRXit1167ik9o?authuser=0&hl=fr&rclk=1,Chalon'energie,"2,8",-5,Fournisseur d'électricité,·,03 85 94 04 05,
https://www.google.com/maps/place/Comalec/data=!4m7!3m6!1s0x47f2fb4f6c8db043:0xd8e52e39ba1de4cf!8m2!3d46.8116505!4d4.8673518!16s%2Fg%2F1th09sb6!19sChIJQ7CNbE_78kcRz-Qdujku5dg?authuser=0&hl=fr&rclk=1,Comalec,"4,7",-98,Chauffagiste,·,03 85 46 09 06,http://www.comalec.fr/
https://www.google.com/maps/place/Nord+Est+Climatisation+-+ATCF/data=!4m7!3m6!1s0x47f2fc3d1ab3484d:0xfc063968787d6505!8m2!3d46.781271!4d4.795992!16s%2Fg%2F1hjgx8g9v!19sChIJTUizGj388kcRBWV9eGg5Bvw?authuser=0&hl=fr&rclk=1,Nord Est Climatisation - ATCF,"4,5",-16,Fournisseur de systèmes de climatisation,Zone Industrielle de la Garenne,03 85 87 77 00,https://www.google.com/aclk?sa=L&ai=DChsSEwiN7ovsxb2UAxUkb0ECHS0EGUgYACICCAEQAhoCd3M&co=1&ase=2&gclid=CjwKCAjwq6DQBhBVEiwA4ZD5XMiSg_PYKU6y8rUlLdxdoeYqxt7wU5z2zPjVHXUdXtzbNUXtK32YrBoCIXUQAvD_BwE&cce=2&category=acrcp_v1_32&sig=AOD64_1eIF9eY59V6Qgs-RRR-CY2qLjrFw&adurl&q&ctype=99&nis=6
https://www.google.com/maps/place/Chauffage+System/data=!4m7!3m6!1s0x47f2fc3c5335be51:0x811c9eae0c7f741d!8m2!3d46.780828!4d4.7968302!16s%2Fg%2F1tcwqgty!19sChIJUb41Uzz88kcRHXR_DK6eHIE?authuser=0&hl=fr&rclk=1,Chauffage System,"4,4",-14,Chauffagiste,·,03 85 98 04 04,http://www.chauffage-system.com/
https://www.google.com/maps/place/Six+M+Energie/data=!4m7!3m6!1s0x47f2fb422a5ffafd:0xa2e452a6f4adfe18!8m2!3d46.8145616!4d4.8578487!16s%2Fg%2F11btmqxqlv!19sChIJ_fpfKkL78kcRGP6t9KZS5KI?authuser=0&hl=fr&rclk=1,Six M Energie,3,-2,Entrepreneur spécialisé dans les systèmes de CVC,16 Rue Paul Sabatier,03 85 87 98 30,
https://www.google.com/maps/place/SAS+Latour+Et+Fils/data=!4m7!3m6!1s0x47f2fb74d5b4a07b:0x4125eca99951b61b!8m2!3d46.8253961!4d4.8368574!16s%2Fg%2F1tycv_c6!19sChIJe6C01XT78kcRG7ZRmansJUE?authuser=0&hl=fr&rclk=1,SAS Latour Et Fils,"4,3",-26,Chauffagiste,"ZA les Blettrys, 8 Rue André Marie Ampère",03 85 46 02 44,https://chauffage-climatisation-latour.fr/
https://www.google.com/maps/place/Van+Coillie+Olivier/data=!4m7!3m6!1s0x47f2e37012c76d3f:0x93ea5f2550662202!8m2!3d46.787728!4d4.90772!16s%2Fg%2F1w97tr40!19sChIJP23HEnDj8kcRAiJmUCVf6pM?authuser=0&hl=fr&rclk=1,Van Coillie Olivier,"4,3",-17,Chauffagiste,19 Zone Activité Champ Chassy,06 08 86 58 55,https://www.etsvancoillie.com/
https://www.google.com/maps/place/Compagnie+des+D%C3%A9boucheurs+Sa%C3%B4ne-et-Loire/data=!4m7!3m6!1s0x47f2fd9c88dc7f2b:0x97920bd2ecd70e85!8m2!3d46.7634016!4d4.830232!16s%2Fg%2F11p6gdckhy!19sChIJK3_ciJz98kcRhQ7X7NILkpc?authuser=0&hl=fr&rclk=1,Compagnie des Déboucheurs Saône-et-Loire,5,-795,Plombier,·,03 85 87 01 27,https://www.compagnie-deboucheurs.com/saone-et-loire/
https://www.google.com/maps/place/TILKEO+R%C3%A9novation+Chalon-sur-Sa%C3%B4ne+et+Le+Creusot+-+R%C3%A9novation+%C3%A9nerg%C3%A9tique/data=!4m7!3m6!1s0x47f2fda8aa15bc01:0x53bc570f5b152f9a!8m2!3d46.77747!4d4.8494!16s%2Fg%2F11wvgqrk8z!19sChIJAbwVqqj98kcRmi8VWw9XvFM?authuser=0&hl=fr&rclk=1,TILKEO Rénovation Chalon-sur-Saône et Le Creusot - Rénovation énergétique,5,-56,Chauffagiste,14 Quai Saint-Cosme,06 15 30 31 74,
https://www.google.com/maps/place/Entreprise+PACOT/data=!4m7!3m6!1s0x47f2f9231dde80fb:0x460f055ae97b8687!8m2!3d46.6559137!4d4.5439376!16s%2Fg%2F11jg2ck7jx!19sChIJ-4DeHSP58kcRh4Z76VoFD0Y?authuser=0&hl=fr&rclk=1,Entreprise PACOT,5,-8,Chauffagiste,·,06 33 92 66 83,https://www.entreprise-pacot.fr/
https://www.google.com/maps/place/R2C/data=!4m7!3m6!1s0x2644bef2777501a9:0xaf31a453db2f8335!8m2!3d46.8485053!4d4.9012287!16s%2Fg%2F11smzs5_9b!19sChIJqQF1d_K-RCYRNYMv21OkMa8?authuser=0&hl=fr&rclk=1,R2C,5,-2,Chauffagiste,5 Rue Ferrée,06 24 91 90 98,https://accueilr2c.wixsite.com/r2c-site
https://www.google.com/maps/place/Electro-froid/data=!4m7!3m6!1s0x47f2fc5be5419b6f:0x5435c95901b4b848!8m2!3d46.7767931!4d4.8205053!16s%2Fg%2F1tdf0pr3!19sChIJb5tB5Vv88kcRSLi0AVnJNVQ?authuser=0&hl=fr&rclk=1,Electro-froid,"4,3",-10,Fournisseur de systèmes de climatisation,27 Rue du Petit Charrot,03 85 48 04 42,http://www.electrofroidplus.fr/
https://www.google.com/maps/place/Macon+Solaire+Clim+Chauffage+Chalon-Sur-Sa%C3%B4ne+%7C+Pompe+%C3%A0+chaleur+%26+R%C3%A9novation+globale+%7C+Photovolta%C3%AFque/data=!4m7!3m6!1s0x47f2ff5574478b87:0xf8c1164b069e1a3!8m2!3d46.7542161!4d4.7089891!16s%2Fg%2F11kr_cfq29!19sChIJh4tHdFX_8kcRo-FpsGQRjA8?authuser=0&hl=fr&rclk=1,Macon Solaire Clim Chauffage Chalon-Sur-Saône | Pompe à chaleur & Rénovation globale | Photovoltaïque,5,-9,Entrepreneur spécialisé dans les systèmes de CVC,46 Av. de Bourgogne,03 59 28 51 09,https://macon.solaireclimchauffage.fr/?utm_source=gmb&utm_medium=organic&utm_campaign=macon
https://www.google.com/maps/place/Nord+Est+Climatisation+-+ATCF/data=!4m7!3m6!1s0x47f2fc3d1ab3484d:0xfc063968787d6505!8m2!3d46.7812706!4d4.7959922!16s%2Fg%2F1hjgx8g9v!19sChIJTUizGj388kcRBWV9eGg5Bvw?authuser=0&hl=fr&rclk=1,Nord Est Climatisation - ATCF,"4,5",-16,Fournisseur de systèmes de climatisation,ZI de la Garenne,03 85 87 77 00,https://www.nord-est-climatisation.com/
https://www.google.com/maps/place/RICHARDSON+:+SANITAIRE-+CHAUFFAGE+-+PLOMBERIE+-+PHOTOVOLTA%C3%8FQUE/data=!4m7!3m6!1s0x47f2fc7de2068ce9:0x3081ccee3af16b31!8m2!3d46.7963075!4d4.8279711!16s%2Fg%2F1q62l08s6!19sChIJ6YwG4n388kcRMWvxOu7MgTA?authuser=0&hl=fr&rclk=1,RICHARDSON : SANITAIRE- CHAUFFAGE - PLOMBERIE - PHOTOVOLTAÏQUE,"4,1",-39,Spécialiste de la salle de bains,·,03 85 99 00 44,https://www.richardson.fr/tous-les-magasins/agence/chalon-sur-saone
"https://www.google.com/maps/place/SARL+PONCET+%C3%A9lectricit%C3%A9,+plomberie,+climatisation/data=!4m7!3m6!1s0x47f2e3939877f9fd:0x96076b93f0d31a8a!8m2!3d46.7873784!4d4.9113471!16s%2Fg%2F11p00gsqgm!19sChIJ_fl3mJPj8kcRihrT8JNrB5Y?authuser=0&hl=fr&rclk=1","SARL PONCET électricité, plomberie, climatisation",5,-19,Chauffagiste,"12 Rue du Parc za du, Zone Activité Champ Chassy",03 85 44 17 57,http://www.sarlponcet.pro/
https://www.google.com/maps/place/BP+Sanitaires+Chauffage/data=!4m7!3m6!1s0x47f3001338757ba1:0x96ca4d81eeec5259!8m2!3d46.7015278!4d4.7596014!16s%2Fg%2F11btlv6kcr!19sChIJoXt1OBMA80cRWVLs7oFNypY?authuser=0&hl=fr&rclk=1,BP Sanitaires Chauffage,5,-8,Chauffagiste,·,06 82 80 56 95,http://www.bp-sanitaires-chauffage.fr/
https://www.google.com/maps/place/Arnoux+Gaudry/data=!4m7!3m6!1s0x47f2fee65a5fc2d3:0xbffe96ca88a39382!8m2!3d46.782465!4d4.7470973!16s%2Fg%2F1tgpmc7r!19sChIJ08JfWub-8kcRgpOjiMqW_r8?authuser=0&hl=fr&rclk=1,Arnoux Gaudry,"3,5",-17,Plombier,5 Pl. d'Armes,03 85 44 30 65,http://www.arnoux-gaudry.fr/
https://www.google.com/maps/place/Rt+plomberie+chauffage+climatisation/data=!4m7!3m6!1s0x6fea9162d881b1e5:0x5f4fe28146790ebd!8m2!3d46.8022167!4d4.8630927!16s%2Fg%2F11mdfgpd25!19sChIJ5bGB2GKR6m8RvQ55RoHiT18?authuser=0&hl=fr&rclk=1,Rt plomberie chauffage climatisation,"4,9",-121,Plombier,7 Rue Vincent Auriol,07 67 65 62 61,http://rt-electricite-plomberie.fr/
https://www.google.com/maps/place/Entreprise+Pourette/data=!4m7!3m6!1s0x47f2e2b2d697bbed:0xe06eeb4e7c256a6f!8m2!3d46.794353!4d4.8270024!16s%2Fg%2F11flt3hm52!19sChIJ7buX1rLi8kcRb2olfE7rbuA?authuser=0&hl=fr&rclk=1,Entreprise Pourette,"4,6",-16,Chauffagiste,6 Rue de la Jonchère,03 85 44 53 73,https://www.entreprise-pourette.fr/
https://www.google.com/maps/place/Fernand%27o+RenoV/data=!4m7!3m6!1s0x4980aa82da62b871:0xde56a68f46e4c414!8m2!3d46.8002367!4d4.8736208!16s%2Fg%2F11wnfnz4j9!19sChIJcbhi2oKqgEkRFMTkRo-mVt4?authuser=0&hl=fr&rclk=1,Fernand'o RenoV,5,-10,Plombier,·,07 67 63 43 51,https://www.fernando-renov.fr/
https://www.google.com/maps/place/SAS+Feu+de+Bresse+%7C+Po%C3%AAles+et+chaudi%C3%A8res+bois+et+granul%C3%A9s/data=!4m7!3m6!1s0x47f2e35d8efa47fd:0x1494b3f8a5a0191b!8m2!3d46.7864834!4d4.911682!16s%2Fg%2F11h0bx2w8z!19sChIJ_Uf6jl3j8kcRGxmgpfizlBQ?authuser=0&hl=fr&rclk=1,SAS Feu de Bresse | Poêles et chaudières bois et granulés,"4,6",-118,Chauffagiste,·,03 85 47 03 57,http://feudebresse.com/
https://www.google.com/maps/place/Flamme+Access+-+Artisan+po%C3%AAles+%C3%A0+bois+et+granul%C3%A9s+%C3%A0+Chalon+71/data=!4m7!3m6!1s0x2dcc73245161e4ad:0xacdf9c33eb604485!8m2!3d46.7766148!4d4.8816846!16s%2Fg%2F11v5g1ht_l!19sChIJreRhUSRzzC0RhURg6zOc36w?authuser=0&hl=fr&rclk=1,Flamme Access - Artisan poêles à bois et granulés à Chalon 71,5,-39,Magasin de poêles à bois,·,03 73 83 82 30,https://www.flamme-access.com/
https://www.google.com/maps/place/Bour+Thierry/data=!4m7!3m6!1s0x47f2faf4dc998371:0x2f0bc14267e58524!8m2!3d46.7896358!4d4.850852!16s%2Fg%2F11bymxns0w!19sChIJcYOZ3PT68kcRJIXlZ0LBCy8?authuser=0&hl=fr&rclk=1,Bour Thierry,5,-3,Chauffagiste,·,06 85 22 31 96,
https://www.google.com/maps/place/BERTHAUD+ET+FILS/data=!4m7!3m6!1s0x47f2fee0d852123d:0xbe796fc4c88f70cb!8m2!3d46.7846245!4d4.7647423!16s%2Fg%2F1txnnt5y!19sChIJPRJS2OD-8kcRy3CPyMRveb4?authuser=0&hl=fr&rclk=1,BERTHAUD ET FILS,"3,7",-19,Chauffagiste,ZA les Pièces Bourgeoises,03 85 94 19 99,http://www.berthaud-et-fils.fr/
https://www.google.com/maps/place/ATMC+Girardeau+SAV+Cuenod/data=!4m7!3m6!1s0x47f2fd004c025f19:0xbd1d9edfb47da072!8m2!3d46.7421063!4d4.850501!16s%2Fg%2F11wqkhr2w8!19sChIJGV8CTAD98kcRcqB9tN-eHb0?authuser=0&hl=fr&rclk=1,ATMC Girardeau SAV Cuenod,,,Chauffagiste,5 Rue des Loches,03 85 42 94 86,
https://www.google.com/maps/place/Clima%27Tech+EURL/data=!4m7!3m6!1s0xc9fb7116f81a86d:0xacf413d9af0e85!8m2!3d46.7866125!4d4.9230622!16s%2Fg%2F11w4c2fh82!19sChIJbaiBbxG3nwwRhQ6v2RP0rAA?authuser=0&hl=fr&rclk=1,Clima'Tech EURL,5,-45,Chauffagiste,1 All. des Coquelicots,06 23 12 24 48,https://www.climatech71.fr/?utm_source=gmb
https://www.google.com/maps/place/ADS+Groupe+-+Chalon-sur-Sa%C3%B4ne/data=!4m7!3m6!1s0x47f31dc8aa6dd0d1:0x4ddfee874bc9431a!8m2!3d46.7091996!4d4.8676987!16s%2Fg%2F11nlc0kfvk!19sChIJ0dBtqsgd80cRGkPJS4fu300?authuser=0&hl=fr&rclk=1,ADS Groupe - Chalon-sur-Saône,"3,8",-45,Service de nettoyage et d'entretien,·,03 85 93 64 58,https://www.adsgroupe.fr/
https://www.google.com/maps/place/Espace+Aubade+Comptoir+Des+Fers+Chalon-sur-Sa%C3%B4ne/data=!4m7!3m6!1s0x47f2fcaf9cba136b:0x8b2c0ee4518e36d6!8m2!3d46.7881624!4d4.8693668!16s%2Fg%2F11btlxzp8k!19sChIJaxO6nK_88kcR1jaOUeQOLIs?authuser=0&hl=fr&rclk=1,Espace Aubade Comptoir Des Fers Chalon-sur-Saône,"4,2",-339,Spécialiste de la salle de bains,·,03 85 47 23 38,https://www.espace-aubade.fr/magasins/chalon-sur-saone-9.html
https://www.google.com/maps/place/Climacontrole+EURL/data=!4m7!3m6!1s0x47f2f7dcb14635b9:0xd465887e2edd22ec!8m2!3d46.9065064!4d4.7258095!16s%2Fg%2F11c2pmvvzq!19sChIJuTVGsdz38kcR7CLdLn6IZdQ?authuser=0&hl=fr&rclk=1,Climacontrole EURL,5,-21,Fournisseur d'équipements de chauffage,·,03 85 43 51 90,http://www.climacontrole.fr/
https://www.google.com/maps/place/MIXENERGIE/data=!4m7!3m6!1s0x47f321afff470657:0xfc7d32fb5c06be2a!8m2!3d46.7067635!4d4.9664209!16s%2Fg%2F1ttdmb6m!19sChIJVwZH_68h80cRKr4GXPsyffw?authuser=0&hl=fr&rclk=1,MIXENERGIE,"4,8",-105,Fournisseur d'équipements de chauffage,·,03 85 43 50 00,https://www.mixenergie.fr/?utm_source=gmb
https://www.google.com/maps/place/BERTHAUD+RENO/data=!4m7!3m6!1s0x47f31bc0cd8a3f51:0x584b13e3984bb1c7!8m2!3d46.8036062!4d4.8500566!16s%2Fg%2F11fl0qwld1!19sChIJUT-KzcAb80cRx7FLmOMTS1g?authuser=0&hl=fr&rclk=1,BERTHAUD RENO,"4,1",-9,Chauffagiste,44 Rue des Champs Roussots,09 78 80 15 17,http://www.berthaud-reno.fr/
https://www.google.com/maps/place/Dalkia+Groupe+Edf/data=!4m7!3m6!1s0x47f2fba06710602d:0x4a3428253c1ccbb9!8m2!3d46.8304712!4d4.8355048!16s%2Fg%2F11g6lxd491!19sChIJLWAQZ6D78kcRucscPCUoNEo?authuser=0&hl=fr&rclk=1,Dalkia Groupe Edf,"3,4",-5,Solutions et équipement énergétiques,"zone artisanale, Rte de Champforgeuil pavillion de",,
https://www.google.com/maps/place/Technitoit+Chalon-sur-Sa%C3%B4ne/data=!4m7!3m6!1s0x47f2e3a7f3c0dc6b:0x301ec2ed2216989e!8m2!3d46.7632428!4d4.8935988!16s%2Fg%2F11wxfl0w6j!19sChIJa9zA86fj8kcRnpgWIu3CHjA?authuser=0&hl=fr&rclk=1,Technitoit Chalon-sur-Saône,"4,7",-62,Chauffagiste,·,03 53 64 13 31,https://www.technitoit.com/agence/chalon-sur-saone/?utm_source=gmb&utm_medium=gmb
https://www.google.com/maps/place/Eudo+David+SARL/data=!4m7!3m6!1s0x47f2f8aa7e16a343:0xc0b8baa30563979e!8m2!3d46.799128!4d4.794507!16s%2Fg%2F1tgqhrtv!19sChIJQ6MWfqr48kcRnpdjBaO6uMA?authuser=0&hl=fr&rclk=1,Eudo David SARL,"4,2",-79,Chauffagiste,·,03 85 98 07 87,https://www.eudodavid.fr/
https://www.google.com/maps/place/Sarl+Marc+Neuzillet/data=!4m7!3m6!1s0x47f2fac605a04879:0x5fc598757a3962b1!8m2!3d46.8534541!4d4.8717868!16s%2Fg%2F1xgrm8fl!19sChIJeUigBcb68kcRsWI5enWYxV8?authuser=0&hl=fr&rclk=1,Sarl Marc Neuzillet,"3,8",-5,Chauffagiste,80 Chem. de la Côté,03 85 45 70 49,https://www.neuzillet.fr/
https://www.google.com/maps/place/Icare+Automation/data=!4m7!3m6!1s0x47f2fcbc21d7dfcb:0x3bd4e5888690685!8m2!3d46.7857364!4d4.8543902!16s%2Fg%2F1tf358y9!19sChIJy9_XIbz88kcRhQZpiFhOvQM?authuser=0&hl=fr&rclk=1,Icare Automation,5,-3,Fournisseur d'équipements industriels,5bis Rue d'Autun,03 85 45 00 03,
https://www.google.com/maps/place/LS+Plomberie/data=!4m7!3m6!1s0x47f31d6b1682e5c1:0x983124906f6bf0e1!8m2!3d46.7144707!4d4.8818193!16s%2Fg%2F1tg_kznx!19sChIJweWCFmsd80cR4fBrb5AkMZg?authuser=0&hl=fr&rclk=1,LS Plomberie,"4,6",-17,Plombier,13 Rue des Camelins,06 83 39 59 37,
https://www.google.com/maps/place/TB+Chauffage/data=!4m7!3m6!1s0x47f3059c5f6dc063:0x16cc6323d7a63ca6!8m2!3d46.5763589!4d4.830536!16s%2Fg%2F11vszh7z9d!19sChIJY8BtX5wF80cRpjym1yNjzBY?authuser=0&hl=fr&rclk=1,TB Chauffage,5,-6,Chauffagiste,11 Chem. de Betigny,06 76 73 55 99,https://www.tbchauffage.fr/
https://www.google.com/maps/place/000/data=!4m7!3m6!1s0x47f2fd3ece6e8b73:0xd5602249f8bb9668!8m2!3d46.787643!4d4.8381406!16s%2Fg%2F11fv3c4358!19sChIJc4tuzj798kcRaJa7-EkiYNU?authuser=0&hl=fr&rclk=1,0,"3,5",-34,Fournisseur d'équipements de chauffage,·,,
https://www.google.com/maps/place/Eurocombles+by+OPNR/data=!4m7!3m6!1s0x47f2fbfde0cb16b9:0x33943a3ed4dd02cc!8m2!3d46.8155587!4d4.8664301!16s%2Fg%2F11hzjhsbts!19sChIJuRbL4P378kcRzALd1D46lDM?authuser=0&hl=fr&rclk=1,Eurocombles by OPNR,"4,6",-286,Entrepreneur spécialisé dans l'isolation,·,0 805 29 21 12,https://eurocombles.fr/
https://www.google.com/maps/place/SKL+Chemin%C3%A9es/data=!4m7!3m6!1s0x47f2fb4fff5e4b4b:0x28c834fffc89239e!8m2!3d46.8093857!4d4.865679!16s%2Fg%2F12hldy3m2!19sChIJS0te_0_78kcRniOJ_P80yCg?authuser=0&hl=fr&rclk=1,SKL Cheminées,"4,2",-22,Magasin de poêles à bois,·,03 45 28 43 43,https://www.skl-cheminees.fr/
https://www.google.com/maps/place/Brugnot+France+Chauffage/data=!4m7!3m6!1s0x47f259817831a63f:0x4e0ad3ee1ed46de2!8m2!3d46.9284891!4d4.6320042!16s%2Fg%2F1thx3cpy!19sChIJP6YxeIFZ8kcR4m3UHu7TCk4?authuser=0&hl=fr&rclk=1,Brugnot France Chauffage,"3,8",-22,Entrepreneur spécialisé dans les systèmes de CVC,2 Rue de Santenay,03 85 91 11 20,
https://www.google.com/maps/place/Ct+P2c/data=!4m7!3m6!1s0x47f2dd246d1c6263:0x9cd506509cce9cf2!8m2!3d46.8164168!4d5.0601163!16s%2Fg%2F11s3d8x3xz!19sChIJY2IcbSTd8kcR8pzOnFAG1Zw?authuser=0&hl=fr&rclk=1,Ct P2c,"3,8",-12,Chauffagiste,17 Rue du Bourg,06 64 10 49 60,http://www.ct-p2c-plomberiechauffage-71.fr/
https://www.google.com/maps/place/Rexel+Chalon+sur+Saone/data=!4m7!3m6!1s0x47f2fb68072f05a3:0x8601d0f3f916a010!8m2!3d46.8057417!4d4.861116!16s%2Fg%2F1v1kp640!19sChIJowUvB2j78kcREKAW-fPQAYY?authuser=0&hl=fr&rclk=1,Rexel Chalon sur Saone,4,-47,Fournisseur d'équipements de chauffage,·,03 85 97 19 55,http://www.rexel.fr/frx
https://www.google.com/maps/place/Chapuis+Freres/data=!4m7!3m6!1s0x47f2f7ac254006c7:0xe724debb0a0f762f!8m2!3d46.9165857!4d4.7535466!16s%2Fg%2F11n98224pk!19sChIJxwZAJaz38kcRL3YPCrveJOc?authuser=0&hl=fr&rclk=1,Chapuis Freres,"4,6",-9,Plombier,31 Av. Général Leclerc,03 85 87 19 24,
https://www.google.com/maps/place/Bouhet+Romain/data=!4m7!3m6!1s0x47f2f79e4df310db:0x8a63b81a6d0e605!8m2!3d46.8986686!4d4.7559139!16s%2Fg%2F1tyt4ppb!19sChIJ2xDzTZ738kcRBebQpoE7pgg?authuser=0&hl=fr&rclk=1,Bouhet Romain,"4,6",-12,Chauffagiste,10 Imp. Marguerite de Vienne,06 06 58 62 42,https://www.facebook.com/pages/BOUHET-ROMAIN-EURL-PLOMBERIE-CHAUFFAGE-CLIMATISATION-A-CHAGNY/146322478806456
https://www.google.com/maps/place/SARL+BERNARD+Plomberie+chauffage+climatisation/data=!4m7!3m6!1s0x47f31f9829bc468b:0xb39f15214bdace61!8m2!3d46.7032412!4d4.9810411!16s%2Fg%2F11k3dty191!19sChIJi0a8KZgf80cRYc7aSyEVn7M?authuser=0&hl=fr&rclk=1,SARL BERNARD Plomberie chauffage climatisation,5,-26,Chauffagiste,2 Rte du Bourg,07 86 24 79 08,
https://www.google.com/maps/place/Perol+SAS/data=!4m7!3m6!1s0x47f2f8ee85a15049:0xccc76e07cee53b9!8m2!3d46.832623!4d4.728107!16s%2Fg%2F1v7tkqcf!19sChIJSVChhe748kcRuVPufOB2zAw?authuser=0&hl=fr&rclk=1,Perol SAS,5,-4,Plombier,1A ZA Rue de Garnerot,03 85 45 14 85,https://www.perol-sas.com/
https://www.google.com/maps/place/Entreprise+Doridon/data=!4m7!3m6!1s0x47f36549fb7a2a87:0xe832cb48db6aa440!8m2!3d46.2449026!4d4.7749283!16s%2Fg%2F11bw5_fxqp!19sChIJhyp6-0ll80cRQKRq20jLMug?authuser=0&hl=fr&rclk=1,Entreprise Doridon,4,-23,Fournisseur d'équipements de chauffage,·,03 85 34 83 50,http://www.doridon-entreprise.fr/
https://www.google.com/maps/place/Collet+SARL/data=!4m7!3m6!1s0x47f2fb409a82012b:0x738a4e1e6904ce36!8m2!3d46.5462157!4d4.820101!16s%2Fg%2F11j0j30w55!19sChIJKwGCmkD78kcRNs4EaR5OinM?authuser=0&hl=fr&rclk=1,Collet SARL,,,Plombier,·,03 85 48 28 51,http://www.collet71.fr/
https://www.google.com/maps/place/Ct+P2c/data=!4m7!3m6!1s0x47f2dd246d1c6263:0x9cd506509cce9cf2!8m2!3d46.8164168!4d5.0601163!16s%2Fg%2F11s3d8x3xz!19sChIJY2IcbSTd8kcR8pzOnFAG1Zw?authuser=0&hl=fr&rclk=1,Ct P2c,"3,8",-12,Chauffagiste,17 Rue du Bourg,06 64 10 49 60,http://www.ct-p2c-plomberiechauffage-71.fr/
https://www.google.com/maps/place/Rexel+Chalon+sur+Saone/data=!4m7!3m6!1s0x47f2fb68072f05a3:0x8601d0f3f916a010!8m2!3d46.8057417!4d4.861116!16s%2Fg%2F1v1kp640!19sChIJowUvB2j78kcREKAW-fPQAYY?authuser=0&hl=fr&rclk=1,Rexel Chalon sur Saone,4,-47,Fournisseur d'équipements de chauffage,·,03 85 97 19 55,http://www.rexel.fr/frx
https://www.google.com/maps/place/Chapuis+Freres/data=!4m7!3m6!1s0x47f2f7ac254006c7:0xe724debb0a0f762f!8m2!3d46.9165857!4d4.7535466!16s%2Fg%2F11n98224pk!19sChIJxwZAJaz38kcRL3YPCrveJOc?authuser=0&hl=fr&rclk=1,Chapuis Freres,"4,6",-9,Plombier,31 Av. Général Leclerc,03 85 87 19 24,
https://www.google.com/maps/place/Bouhet+Romain/data=!4m7!3m6!1s0x47f2f79e4df310db:0x8a63b81a6d0e605!8m2!3d46.8986686!4d4.7559139!16s%2Fg%2F1tyt4ppb!19sChIJ2xDzTZ738kcRBebQpoE7pgg?authuser=0&hl=fr&rclk=1,Bouhet Romain,"4,6",-12,Chauffagiste,10 Imp. Marguerite de Vienne,06 06 58 62 42,https://www.facebook.com/pages/BOUHET-ROMAIN-EURL-PLOMBERIE-CHAUFFAGE-CLIMATISATION-A-CHAGNY/146322478806456
https://www.google.com/maps/place/SARL+BERNARD+Plomberie+chauffage+climatisation/data=!4m7!3m6!1s0x47f31f9829bc468b:0xb39f15214bdace61!8m2!3d46.7032412!4d4.9810411!16s%2Fg%2F11k3dty191!19sChIJi0a8KZgf80cRYc7aSyEVn7M?authuser=0&hl=fr&rclk=1,SARL BERNARD Plomberie chauffage climatisation,5,-26,Chauffagiste,2 Rte du Bourg,07 86 24 79 08,
https://www.google.com/maps/place/Perol+SAS/data=!4m7!3m6!1s0x47f2f8ee85a15049:0xccc76e07cee53b9!8m2!3d46.832623!4d4.728107!16s%2Fg%2F1v7tkqcf!19sChIJSVChhe748kcRuVPufOB2zAw?authuser=0&hl=fr&rclk=1,Perol SAS,5,-4,Plombier,1A ZA Rue de Garnerot,03 85 45 14 85,https://www.perol-sas.com/
https://www.google.com/maps/place/Entreprise+Doridon/data=!4m7!3m6!1s0x47f36549fb7a2a87:0xe832cb48db6aa440!8m2!3d46.2449026!4d4.7749283!16s%2Fg%2F11bw5_fxqp!19sChIJhyp6-0ll80cRQKRq20jLMug?authuser=0&hl=fr&rclk=1,Entreprise Doridon,4,-23,Fournisseur d'équipements de chauffage,·,03 85 34 83 50,http://www.doridon-entreprise.fr/
https://www.google.com/maps/place/Collet+SARL/data=!4m7!3m6!1s0x47f2fb409a82012b:0x738a4e1e6904ce36!8m2!3d46.5462157!4d4.820101!16s%2Fg%2F11j0j30w55!19sChIJKwGCmkD78kcRNs4EaR5OinM?authuser=0&hl=fr&rclk=1,Collet SARL,,,Plombier,·,03 85 48 28 51,http://www.collet71.fr/
https://www.google.com/maps/place/GCE+%7C+Chauffagiste+et+Climatisation+%2877%29/data=!4m7!3m6!1s0x47e60f40112230fd:0x3c4788f6d511c36a!8m2!3d48.83036!4d2.588135!16s%2Fg%2F11pyk3cxb_!19sChIJ_TAiEUAP5kcRasMR1faIRzw?authuser=0&hl=fr&rclk=1,GCE | Chauffagiste et Climatisation (77),"4,6",-11,Chauffagiste,4 Avenue Robert Schuman,06 45 45 98 88,https://www.google.com/aclk?sa=L&ai=DChsSEwjmqfmcxr2UAxXcQUECHSlgGbUYACICCAEQAhoCd3M&co=1&ase=2&gclid=CjwKCAjwq6DQBhBVEiwA4ZD5XKUD3bw3onOa6yN6DEGPXBonSlps4GyqJ8rA_-TUYuU9tVdM3CXXqBoCB0EQAvD_BwE&cce=2&category=acrcp_v1_32&sig=AOD64_0gmbfTxgu01OdJpRhrWcdd2hF7pA&adurl&q&ctype=99&nis=6
https://www.google.com/maps/place/H2C+-+Energie/data=!4m7!3m6!1s0x734a62e90e931e3:0xb548e966281fa5ce!8m2!3d49.029084!4d2.46992!16s%2Fg%2F11ym1y_vgd!19sChIJ4zHpkC6mNAcRzqUfKGbpSLU?authuser=0&hl=fr&rclk=1,H2C - Energie,5,-3,Fournisseur de systèmes de climatisation,4 Rue Louise Michel,07 43 65 66 16,https://www.google.com/aclk?sa=L&ai=DChsSEwjmqfmcxr2UAxXcQUECHSlgGbUYACICCAEQCBoCd3M&co=1&ase=2&gclid=CjwKCAjwq6DQBhBVEiwA4ZD5XC5i0Woy5cnUuLDyvwvVgq68gWMlAkUdyzwjplD0f9nhtTGuHIu1lxoCg-cQAvD_BwE&cce=2&category=acrcp_v1_32&sig=AOD64_0tsrwqNnyXlxjGhfLA-fi0Nf6mlQ&adurl&q&ctype=99&nis=6
https://www.google.com/maps/place/A.M+plomberie/data=!4m7!3m6!1s0x47e66a00c2b08ba3:0xb294d60fa1244d83!8m2!3d48.7995893!4d2.4268624!16s%2Fg%2F11flt2zpbl!19sChIJo4uwwgBq5kcRg00koQ_WlLI?authuser=0&hl=fr&rclk=1,A.M plomberie,"4,9",-36,Plombier,11 Rue Babeuf,07 82 44 53 16,https://www.amplomberie-alfortville.fr/
https://www.google.com/maps/place/Groupe+Energie+De+France/data=!4m7!3m6!1s0x6844c5c29c2c0ba9:0x35f9d76480ee2dbd!8m2!3d48.8075261!4d2.4110152!16s%2Fg%2F11kjg4p5p1!19sChIJqQssnMLFRGgRvS3ugGTX-TU?authuser=0&hl=fr&rclk=1,Groupe Energie De France,"4,9",-143,Fournisseur d'équipements de chauffage,6 Rue Volta,09 80 80 57 16,https://www.energiedefrance-groupe.com/
https://www.google.com/maps/place/ELEP/data=!4m7!3m6!1s0x47e6731b4044b9bb:0xc0b45cd3f17318cc!8m2!3d48.7955511!4d2.4256092!16s%2Fg%2F11f324pwk4!19sChIJu7lEQBtz5kcRzBhz8dNctMA?authuser=0&hl=fr&rclk=1,ELEP,"4,6",-20,Plombier,29 Rue Etienne Dolet,07 81 41 61 63,http://www.ecoleauplomberie.fr/
https://www.google.com/maps/place/SARL+A.+TRIOULIER/data=!4m7!3m6!1s0x47e673ec5e5f4561:0x48a29147c6aa1e43!8m2!3d48.7885774!4d2.4268537!16s%2Fg%2F11y8ww8fx1!19sChIJYUVfXuxz5kcRQx6qxkeRokg?authuser=0&hl=fr&rclk=1,SARL A. TRIOULIER,5,-7,Chauffagiste,12 Rue de Madrid,01 43 75 20 22,https://chaudieres.com/
https://www.google.com/maps/place/Sarl+Calonne/data=!4m7!3m6!1s0x47e672fde5f7da01:0x1429f591e6a7ac36!8m2!3d48.8154144!4d2.4148192!16s%2Fg%2F11f62h371l!19sChIJAdr35f1y5kcRNqyn5pH1KRQ?authuser=0&hl=fr&rclk=1,Sarl Calonne,3,-19,Plombier,6 Rue Paul Vaillant Couturier,01 43 28 49 75,https://www.calonne-plomberie.com/
https://www.google.com/maps/place/Phenix+%C3%89nergie/data=!4m7!3m6!1s0x47e67332a75f3cff:0xc62b5f9b7f55d1f3!8m2!3d48.8157409!4d2.4155274!16s%2Fg%2F11vzv0fp5j!19sChIJ_zxfpzJz5kcR89FVf5tfK8Y?authuser=0&hl=fr&rclk=1,Phenix Énergie,"4,4",-14,Fournisseur d'équipements de chauffage,33 Quai d'Alfortville,09 70 71 77 24,https://phenix-energie.fr/
https://www.google.com/maps/place/Albert+Et+Fils/data=!4m7!3m6!1s0x47e673a1cf64d839:0xcf624d25d2cf452!8m2!3d48.813728!4d2.4158275!16s%2Fg%2F11h0spbv0v!19sChIJOdhkz6Fz5kcRUvQsXdIk9gw?authuser=0&hl=fr&rclk=1,Albert Et Fils,"4,7",-66,Chauffagiste,29 Rue Paul Vaillant Couturier,01 43 53 02 97,https://albert-et-fils.fr/alfortville-94140
https://www.google.com/maps/place/Le+Camion+du+Plombier/data=!4m7!3m6!1s0x2a96bde89f631b73:0xdfffe3e592648bdd!8m2!3d48.8499816!4d2.3807004!16s%2Fg%2F11n3jrt_p6!19sChIJcxtjn-i9lioR3YtkkuXj_98?authuser=0&hl=fr&rclk=1,Le Camion du Plombier,5,-12,Chauffagiste,·,01 43 53 38 49,https://lecamionduplombier.fr/
https://www.google.com/maps/place/F%C3%A9camp+Services/data=!4m7!3m6!1s0x47e67392abe4bf0f:0xa554a025e8c83751!8m2!3d48.8213673!4d2.4193048!16s%2Fg%2F11y50ltbhm!19sChIJD7_kq5Jz5kcRUTfI6CWgVKU?authuser=0&hl=fr&rclk=1,Fécamp Services,"4,8",-48,Chauffagiste,41 Rue Gabrielle,01 85 42 10 76,https://fecamp-services.com/?utm_source=gmb
https://www.google.com/maps/place/GMB/data=!4m7!3m6!1s0x47e6735f637b9019:0xc9952cfcf583c269!8m2!3d48.7833716!4d2.4315085!16s%2Fg%2F11h5qswjz6!19sChIJGZB7Y19z5kcRacKD9fwslck?authuser=0&hl=fr&rclk=1,GMB,"4,3",-11,Plombier,"PARCS D’ACTIVITES ALFORTVILLE SUD, Rue de Toulon LOT N° 18",01 49 60 12 12,
https://www.google.com/maps/place/Vecteur+Energie+pompe+%C3%A0+chaleur+et+panneaux+solaires/data=!4m7!3m6!1s0x47e673072357d237:0xba002eb5856e36a9!8m2!3d48.8147685!4d2.4131014!16s%2Fg%2F11mvnm6_st!19sChIJN9JXIwdz5kcRqTZuhbUuALo?authuser=0&hl=fr&rclk=1,Vecteur Energie pompe à chaleur et panneaux solaires,"4,6",-336,Fournisseur d'équipements de chauffage,5 Rue Charles de Gaulle,01 84 23 01 93,https://vecteurenergie.fr/
https://www.google.com/maps/place/Exo%27Energie/data=!4m7!3m6!1s0x931ed2bd577ddbf:0x98cb8491160b42df!8m2!3d48.7981523!4d2.4239828!16s%2Fg%2F11lybxnzsk!19sChIJv9131SvtMQkR30ILFpGEy5g?authuser=0&hl=fr&rclk=1,Exo'Energie,5,-14,Chauffagiste,9 Rue Etienne Dolet,01 84 23 00 09,https://pac.exoenergie.net/
https://www.google.com/maps/place/GCE+%7C+Chauffagiste+et+Climatisation+%2877%29/data=!4m7!3m6!1s0x47e60f40112230fd:0x3c4788f6d511c36a!8m2!3d48.83036!4d2.588135!16s%2Fg%2F11pyk3cxb_!19sChIJ_TAiEUAP5kcRasMR1faIRzw?authuser=0&hl=fr&rclk=1,GCE | Chauffagiste et Climatisation (77),"4,6",-11,Chauffagiste,4 Avenue Robert Schuman,06 45 45 98 88,https://www.google.com/aclk?sa=L&ai=DChsSEwiLvcSlxr2UAxUvh_0FHbHhFnQYACICCAEQBxoCd2Y&co=1&ase=2&gclid=CjwKCAjwq6DQBhBVEiwA4ZD5XKr9k8fzOE9N7VC3u53vppVWQK5CGbgV-2-R4KwGM34ufc88x6PsyxoCQ1kQAvD_BwE&cce=2&category=acrcp_v1_32&sig=AOD64_2TTPYIWH_j_PBXgTC8P39yC6carg&adurl&q&ctype=99&nis=6
https://www.google.com/maps/place/H2C+-+Energie/data=!4m7!3m6!1s0x734a62e90e931e3:0xb548e966281fa5ce!8m2!3d49.029084!4d2.46992!16s%2Fg%2F11ym1y_vgd!19sChIJ4zHpkC6mNAcRzqUfKGbpSLU?authuser=0&hl=fr&rclk=1,H2C - Energie,5,-3,Fournisseur de systèmes de climatisation,4 Rue Louise Michel,07 43 65 66 16,https://www.google.com/aclk?sa=L&ai=DChsSEwiLvcSlxr2UAxUvh_0FHbHhFnQYACICCAEQBBoCd2Y&co=1&ase=2&gclid=CjwKCAjwq6DQBhBVEiwA4ZD5XFLkyCX8QybwQq8jh9Ea_h46xk9LMXWtF_GgXchI1-cfH0hWGp_HoxoCA8MQAvD_BwE&cce=2&category=acrcp_v1_32&sig=AOD64_17Xq0epBoqV_gXffXGAYKZYEzu_A&adurl&q&ctype=99&nis=6
https://www.google.com/maps/place/AMG+B%C3%A2timents/data=!4m7!3m6!1s0x47e6731108a0ce8f:0x44a973b5efc50c64!8m2!3d48.8010223!4d2.4219034!16s%2Fg%2F11cly91t61!19sChIJj86gCBFz5kcRZAzF77VzqUQ?authuser=0&hl=fr&rclk=1,AMG Bâtiments,"4,9",-65,Plombier,210 Rue Paul Vaillant Couturier,09 81 41 73 78,
https://www.google.com/maps/place/Groupe+Guinier+1823/data=!4m7!3m6!1s0x47e6736b23b2ad87:0x530bd4560df2015e!8m2!3d48.7946968!4d2.4258787!16s%2Fg%2F11g0tlf25q!19sChIJh62yI2tz5kcRXgHyDVbUC1M?authuser=0&hl=fr&rclk=1,Groupe Guinier 1823,"2,9",-35,Consultant en ingénierie,·,,http://spinnaker-guinier.com/category/contact/
https://www.google.com/maps/place/CHANDEZE+DRIF/data=!4m7!3m6!1s0x47e6731cbe8fdd63:0xff3bcd4dd3a05426!8m2!3d48.8121954!4d2.411156!16s%2Fg%2F11vrpc4dcd!19sChIJY92Pvhxz5kcRJlSg003NO_8?authuser=0&hl=fr&rclk=1,CHANDEZE DRIF,5,-8,Plombier,6 Quai Blanqui,06 16 17 88 99,
https://www.google.com/maps/place/Eco+Renovation+France/data=!4m7!3m6!1s0x47e67301eea3fff9:0xdf8f3dabcedfdc83!8m2!3d48.8026107!4d2.4376715!16s%2Fg%2F11gnprmp3b!19sChIJ-f-j7gFz5kcRg9zfzqs9j98?authuser=0&hl=fr&rclk=1,Eco Renovation France,4,-291,Fournisseur d'équipements de chauffage,·,09 72 65 28 67,http://ecorenovationfrance.fr/
https://www.google.com/maps/place/EGS/data=!4m7!3m6!1s0x47e672f9d9b05639:0x113397f52e5c120b!8m2!3d48.824499!4d2.412989!16s%2Fg%2F11c1v0bs7f!19sChIJOVaw2fly5kcRCxJcLvWXMxE?authuser=0&hl=fr&rclk=1,EGS,"4,8",-68,Chauffagiste,34 Av. Jean Jaurès,01 49 77 51 60,
https://www.google.com/maps/place/G.R.T.E/data=!4m7!3m6!1s0x447072ac089b34cd:0x6e24788c966774de!8m2!3d30.6959409!4d-49.8171262!16s%2Fg%2F11vrphcllw!19sChIJzTSbCKxycEQR3nRnlox4JG4?authuser=0&hl=fr&rclk=1,G.R.T.E,"4,2",-65,Chauffagiste,·,01 48 93 57 42,https://grte.eu/
https://www.google.com/maps/place/BSA+IDF+-+Renovation+Interieur+Peinture+Revetement/data=!4m7!3m6!1s0x47e6731b08c26033:0x2fac56a11ce2fc1f!8m2!3d48.807456!4d2.4213959!16s%2Fg%2F11h0cj52sv!19sChIJM2DCCBtz5kcRH_ziHKFWrC8?authuser=0&hl=fr&rclk=1,BSA IDF - Renovation Interieur Peinture Revetement,"4,8",-34,Plombier,70 Rue Louis Blanc,01 43 78 14 73,https://www.bsa-idf.fr/
https://www.google.com/maps/place/ECONOVIA+GROUP/data=!4m7!3m6!1s0x68a221aaf8e877cb:0x85ae0ddce9506ee5!8m2!3d48.8110196!4d2.4155785!16s%2Fg%2F11wps0qzmf!19sChIJy3fo-KohomgR5W5Q6dwNroU?authuser=0&hl=fr&rclk=1,ECONOVIA GROUP,"4,2",-5,Holding,39 Rue Anatole France,01 43 94 28 81,http://www.econoviagroup.fr/
https://www.google.com/maps/place/ECO+PRO+SERVICE/data=!4m7!3m6!1s0x47e60d0e89c14e8b:0xfa6b265578262e50!8m2!3d48.7940759!4d2.463177!16s%2Fg%2F11fv4dk3z_!19sChIJi07BiQ4N5kcRUC4meFUma_o?authuser=0&hl=fr&rclk=1,ECO PRO SERVICE,"4,9",-90,Chauffagiste,18 Rue du Dr Plichon,06 36 13 33 23,
https://www.google.com/maps/place/Fernandes/data=!4m7!3m6!1s0x47e67373600f6b6f:0x27cf49e1df1f3a06!8m2!3d48.7726193!4d2.4336768!16s%2Fg%2F11f6dlygdy!19sChIJb2sPYHNz5kcRBjof3-FJzyc?authuser=0&hl=fr&rclk=1,Fernandes,5,-1,Plombier,·,01 84 23 74 16,https://adcserrurerie.fr/val-de-marne/alfortville-94140/artisan-fernandes/
https://www.google.com/maps/place/REABIL+-+RGE+Pompe+%C3%A0+chaleur+et+Isolation+thermique/data=!4m7!3m6!1s0x47e6736fa62f3433:0x32643934eb917347!8m2!3d48.8018557!4d2.4027528!16s%2Fg%2F11qhg93yzz!19sChIJMzQvpm9z5kcRR3OR6zQ5ZDI?authuser=0&hl=fr&rclk=1,REABIL - RGE Pompe à chaleur et Isolation thermique,5,-54,Chauffagiste,5 Av. Anatole France,01 80 91 90 95,https://www.reabil.fr/
https://www.google.com/maps/place/AQUADISTRIBUTION%C2%AE/data=!4m7!3m6!1s0x47e6739b87db6071:0x9f01939f0a6848aa!8m2!3d48.8154011!4d2.4147546!16s%2Fg%2F11gns8wd2g!19sChIJcWDbh5tz5kcRqkhoCp-TAZ8?authuser=0&hl=fr&rclk=1,AQUADISTRIBUTION®,,,Fournisseur d'équipements de chauffage,·,01 78 90 20 30,
https://www.google.com/maps/place/Plombier+Chauffagiste+-+Sp%C3%A9cialiste+chaudi%C3%A8re+gaz+-SAV+GAZ/data=!4m7!3m6!1s0x12a9d4650680997d:0x36ed1fe5ea1a7a!8m2!3d43.2233509!4d0.0703518!16s%2Fg%2F11b6d7f68h!19sChIJfZmABmXUqRIRehrq5R_tNgA?authuser=0&hl=fr&rclk=1,Plombier Chauffagiste - Spécialiste chaudière gaz -SAV GAZ,"4,9",-60,Chauffagiste,7 Rue Carnot,06 07 08 97 43,http://www.savgaz65.com/
https://www.google.com/maps/place/Decocq+julien/data=!4m7!3m6!1s0x12a9d471541817c9:0x6e2bdcd097d4fe84!8m2!3d43.2277705!4d0.069815!16s%2Fg%2F11c6rj4bkk!19sChIJyRcYVHHUqRIRhP7Ul9DcK24?authuser=0&hl=fr&rclk=1,Decocq julien,"4,7",-15,Plombier,120 Av. du Régiment de Bigorre,06 26 64 14 75,
https://www.google.com/maps/place/Serdatherm/data=!4m7!3m6!1s0x12a9d35c41f63d35:0xb7948d76d23bb960!8m2!3d43.2352166!4d0.0820242!16s%2Fg%2F11k9jpw60b!19sChIJNT32QVzTqRIRYLk70naNlLc?authuser=0&hl=fr&rclk=1,Serdatherm,5,-4,Plombier,30 Rue Saint-Jean,06 77 15 68 68,https://www.serdatherm.fr/actualite?id=0
https://www.google.com/maps/place/Ets+Lorblancher+Plombier+Chauffagiste/data=!4m7!3m6!1s0x12a9d50a023375cd:0x13a782c60b941f3d!8m2!3d43.2375062!4d0.0698227!16s%2Fg%2F11p_1xk1c9!19sChIJzXUzAgrVqRIRPR-UC8aCpxM?authuser=0&hl=fr&rclk=1,Ets Lorblancher Plombier Chauffagiste,"4,9",-34,Chauffagiste,38 Rue Victor Hugo,07 68 30 74 51,
https://www.google.com/maps/place/H%26L+Energies/data=!4m7!3m6!1s0xbe6c24464f4596d:0xc738e860f45c8242!8m2!3d43.2379855!4d0.0610044!16s%2Fg%2F11tc8smmx1!19sChIJbVn0ZETC5gsRQoJc9GDoOMc?authuser=0&hl=fr&rclk=1,H&L Energies,5,-80,Chauffagiste,·,07 66 70 06 00,https://hlenergies.fr/
https://www.google.com/maps/place/Bigorre+Innovation+Chauffage/data=!4m7!3m6!1s0x12a9d38d0b474c57:0xd7b4b26f593347f0!8m2!3d43.2299197!4d0.082908!16s%2Fg%2F1tl5_j9d!19sChIJV0xHC43TqRIR8EczWW-ytNc?authuser=0&hl=fr&rclk=1,Bigorre Innovation Chauffage,"4,7",-127,Plombier,·,05 62 93 20 12,http://www.bic-enr.com/
https://www.google.com/maps/place/Laurentin+Installations/data=!4m7!3m6!1s0x12a9d40958bdc635:0xf6c43b5d7f9f5a18!8m2!3d43.2376757!4d0.0708263!16s%2Fg%2F11b6dp1xcw!19sChIJNca9WAnUqRIRGFqff107xPY?authuser=0&hl=fr&rclk=1,Laurentin Installations,"4,2",-36,Plombier,·,05 62 32 60 14,https://laurentin-installations-tarbes-65.fr/
https://www.google.com/maps/place/Bajon+Andres+SAS/data=!4m7!3m6!1s0x12a9d6bc8f23bded:0x64477655374ca88c!8m2!3d43.2449722!4d0.0805943!16s%2Fg%2F1tcxltxc!19sChIJ7b0jj7zWqRIRjKhMN1V2R2Q?authuser=0&hl=fr&rclk=1,Bajon Andres SAS,"3,7",-57,Chauffagiste,3 Rue de la Cartoucherie 3 5,05 62 36 58 78,https://www.bajon-andres.fr/
https://www.google.com/maps/place/Au+Service+Du+B%C3%A2timent+65/data=!4m7!3m6!1s0x12a9d3fe109d0ca3:0x9310a4dae070aea9!8m2!3d43.2241417!4d0.0884301!16s%2Fg%2F11qm05987w!19sChIJowydEP7TqRIRqa5w4NqkEJM?authuser=0&hl=fr&rclk=1,Au Service Du Bâtiment 65,"4,5",-17,Chauffagiste,37 Rue Raymond Peyres,06 63 04 61 84,http://auservicedubatiment65.business.site/?utm_source=gmb
https://www.google.com/maps/place/R%C3%A9soconfort+Smecso/data=!4m7!3m6!1s0x12a9d3f2c22b6691:0xa0d7e65f052e174a!8m2!3d43.2181866!4d0.0898566!16s%2Fg%2F11vyt52swf!19sChIJkWYrwvLTqRIRShcuBV_m16A?authuser=0&hl=fr&rclk=1,Résoconfort Smecso,"4,9",-54,Chauffagiste,·,05 62 44 37 35,https://resoconfort.fr/agence/smecso-chauffagiste-tarbes/?utm_source=gmb
https://www.google.com/maps/place/E+.+I+.+C+.+P+.+E+./data=!4m7!3m6!1s0x12a9d515940f4d7d:0xbb60e0f7d9f684b8!8m2!3d43.2443361!4d0.0532761!16s%2Fg%2F11fhwphz8c!19sChIJfU0PlBXVqRIRuIT22ffgYLs?authuser=0&hl=fr&rclk=1,E . I . C . P . E .,5,-2,Environnement et ressources naturelles renouvelables,28 Rue Claude Bernard,06 58 12 08 49,
https://www.google.com/maps/place/Climatec+Pyr%C3%A9n%C3%A9es/data=!4m7!3m6!1s0xd57d5b01fe6bb67:0xb7fba8414048b19e!8m2!3d43.2420757!4d0.0095073!16s%2Fg%2F1tywz86z!19sChIJZ7vmH7DVVw0RnrFIQEGo-7c?authuser=0&hl=fr&rclk=1,Climatec Pyrénées,"4,8",-111,Chauffagiste,·,05 62 55 18 57,http://www.climatec-pyrenees.com/
https://www.google.com/maps/place/ENGIE+Home+Services/data=!4m7!3m6!1s0x12a9d460b2382d6f:0xeab88864c08b9fbc!8m2!3d43.2160676!4d0.0558504!16s%2Fg%2F1v3vdfkv!19sChIJby04smDUqRIRvJ-LwGSIuOo?authuser=0&hl=fr&rclk=1,ENGIE Home Services,"4,3",-254,Chauffagiste,·,05 62 36 98 39,https://agence.engie-homeservices.fr/140-engie-home-services-tarbes?utm_source=gmb
https://www.google.com/maps/place/Proxiserve/data=!4m7!3m6!1s0x12a9d45192681b3f:0x43a1900508c296f6!8m2!3d43.2217183!4d0.0426011!16s%2Fg%2F11h7d3yj5y!19sChIJPxtoklHUqRIR9pbCCAWQoUM?authuser=0&hl=fr&rclk=1,Proxiserve,"2,8",-24,Chauffagiste,,05 32 25 00 00,https://www.proxiserve.fr/
https://www.google.com/maps/place/Plombier-chauffagiste+Tarbes/data=!4m7!3m6!1s0x12a9d2e26cf40001:0x28d100e7bf656c28!8m2!3d43.2002176!4d0.1128533!16s%2Fg%2F11f6dlnm3j!19sChIJAQD0bOLSqRIRKGxlv-cA0Sg?authuser=0&hl=fr&rclk=1,Plombier-chauffagiste Tarbes,"3,9",-7,Plombier,10 Rue des Coquelicots,05 62 45 31 70,http://www.pcs-services.fr/contact-plombier-chauffagiste.html
https://www.google.com/maps/place/CHAUFF%27CONFORT/data=!4m7!3m6!1s0x12a9d395a8400001:0x28a79234af1f438f!8m2!3d43.230277!4d0.0915432!16s%2Fg%2F11ry_8z1s5!19sChIJAQBAqJXTqRIRj0MfrzSSpyg?authuser=0&hl=fr&rclk=1,CHAUFF'CONFORT,"4,2",-46,Chauffagiste,1 Imp. Tarissan,05 62 38 30 30,https://www.chauffconfort.fr/contact
https://www.google.com/maps/place/Laurentin+Gaz+Service/data=!4m7!3m6!1s0x12a9d517e5b173f5:0x633e91149a93cffd!8m2!3d43.1947214!4d0.0270107!16s%2Fg%2F1tgz7j4k!19sChIJ9XOx5RfVqRIR_c-TmhSRPmM?authuser=0&hl=fr&rclk=1,Laurentin Gaz Service,"3,9",-82,Chauffagiste,·,05 62 32 95 55,http://www.laurentin-gaz-service.com/
https://www.google.com/maps/place/Plombers/data=!4m7!3m6!1s0x12a9d3bb39246f15:0x5205fee387084669!8m2!3d43.2238687!4d0.0994144!16s%2Fg%2F11hd4wr8bs!19sChIJFW8kObvTqRIRaUYIh-P-BVI?authuser=0&hl=fr&rclk=1,Plombers,"4,8",-8,Plombier,16 Rue Edouard Dallas,06 77 34 90 61,
https://www.google.com/maps/place/SAS+Ricart/data=!4m7!3m6!1s0x12a9d3bbd6f8b873:0x9d19471af78fd186!8m2!3d43.2276923!4d0.0999665!16s%2Fg%2F11b6d5vzvz!19sChIJc7j41rvTqRIRhtGP9xpHGZ0?authuser=0&hl=fr&rclk=1,SAS Ricart,"4,2",-10,Plombier,1 Rue Jean Fabre,06 16 36 35 50,
https://www.google.com/maps/place/Activ+El%C3%A8c/data=!4m7!3m6!1s0x12a9d404e5d8ee2d:0x4e7a621022d6192f!8m2!3d43.2432952!4d0.0768354!16s%2Fg%2F1tfvv_w_!19sChIJLe7Y5QTUqRIRLxnWIhBiek4?authuser=0&hl=fr&rclk=1,Activ Elèc,"4,4",-16,Électricien,·,05 62 91 58 62,http://www.activelec65.fr/?utm_source=gmb
https://www.google.com/maps/place/ENGIE+Home+Services/data=!4m7!3m6!1s0x12ae10f440b41f89:0xda7533e141ef37b9!8m2!3d43.572546!4d2.279355!16s%2Fg%2F1td0_j2q!19sChIJiR-0QPQQrhIRuTfvQeEzddo?authuser=0&hl=fr&rclk=1,ENGIE Home Services,"4,4",-210,Chauffagiste,72ter Avenue Jean Jaurès,05 63 35 85 50,https://www.google.com/aclk?sa=L&ai=DChsSEwjLuLzJxr2UAxV5EAYAHRPcAu4YACICCAEQABoCd3M&co=1&ase=2&gclid=CjwKCAjwq6DQBhBVEiwA4ZD5XHTgx0IKcXxgJUJDw1ZZgSgt61LIHotyTGtRP2mbpaJxo7yjss66MBoC7dsQAvD_BwE&cce=2&category=acrcp_v1_32&sig=AOD64_15L_H6wA2VV21vVow_yaJaJIL9eA&adurl&q&ctype=99&nis=6
https://www.google.com/maps/place/Pujol+Chauffage+%26+Climatisation/data=!4m7!3m6!1s0x12ae77addf917553:0x98356617e8e4eee!8m2!3d43.6094767!4d2.2595539!16s%2Fg%2F11b6czch39!19sChIJU3WR3613rhIR7k6OfmFWgwk?authuser=0&hl=fr&rclk=1,Pujol Chauffage & Climatisation,"4,9",-103,Chauffagiste,43 Av. du Sidobre,05 63 59 36 86,https://www.pujolchauffage.fr/
https://www.google.com/maps/place/Alquier+Services/data=!4m7!3m6!1s0x12ae102becf40705:0x8c0ea3d2a90c8f28!8m2!3d43.6110356!4d2.2671521!16s%2Fg%2F11b6cybcjh!19sChIJBQf07CsQrhIRKI8MqdKjDow?authuser=0&hl=fr&rclk=1,Alquier Services,"4,6",-61,Chauffagiste,57 Chem. des Meules,06 80 03 99 08,http://www.alquier-services.com/
https://www.google.com/maps/place/Cornus/data=!4m7!3m6!1s0x12ae135c0b21ec91:0x9bfbb004d7d4f7ad!8m2!3d43.5879277!4d2.189042!16s%2Fg%2F11lb2sh29h!19sChIJkewhC1wTrhIRrffU1wSw-5s?authuser=0&hl=fr&rclk=1,Cornus,"4,5",-202,Chauffagiste,·,05 63 59 36 22,http://cornus.fr/
https://www.google.com/maps/place/Orti+Labessouille/data=!4m7!3m6!1s0x12ae11e61863ba7f:0xec5ad5ac1f68b92c!8m2!3d43.6183589!4d2.2343087!16s%2Fg%2F11flt3j6z_!19sChIJf7pjGOYRrhIRLLloH6zVWuw?authuser=0&hl=fr&rclk=1,Orti Labessouille,"4,8",-100,Plombier,75 Av. d'Albi,05 63 59 31 16,http://www.orti-labessouille.fr/
https://www.google.com/maps/place/Etablissements+Jean+Carcelles/data=!4m7!3m6!1s0x12ae102bfc865b75:0xfee098651f67253a!8m2!3d43.6107444!4d2.2670695!16s%2Fg%2F1thwlvyq!19sChIJdVuG_CsQrhIROiVnH2WY4P4?authuser=0&hl=fr&rclk=1,Etablissements Jean Carcelles,"3,3",-31,Chauffagiste,55 Chem. des Meules,05 63 51 41 70,http://www.carcelles.com/
https://www.google.com/maps/place/ADC+Plomberie+Chauffage+%C3%89lectricit%C3%A9/data=!4m7!3m6!1s0x12ae11f970543857:0x940413f538e8b171!8m2!3d43.609005!4d2.228336!16s%2Fg%2F11hbbq0p09!19sChIJVzhUcPkRrhIRcbHoOPUTBJQ?authuser=0&hl=fr&rclk=1,ADC Plomberie Chauffage Électricité,"4,4",-27,Chauffagiste,22 Chem. de la Savonnerie,05 63 73 19 45,http://www.adc-plomberiechauffage.fr/contact
https://www.google.com/maps/place/Bob-solutions+-+plomberie+chauffage+climatisation/data=!4m7!3m6!1s0x2d81e0269ef88441:0x3613c2cb8877cd28!8m2!3d43.607401!4d2.243026!16s%2Fg%2F11w7pp0dnf!19sChIJQYT4nibggS0RKM13iMvCEzY?authuser=0&hl=fr&rclk=1,Bob-solutions - plomberie chauffage climatisation,5,-61,Chauffagiste,2 Bd Miredames,07 83 21 10 12,https://www.bob-solutions.fr/
https://www.google.com/maps/place/Chauffage+Gaz+Services/data=!4m7!3m6!1s0x12ae11baa623ea0b:0xfbf4cfcbc482f5a3!8m2!3d43.5871871!4d2.2530467!16s%2Fg%2F11b6dfxbk0!19sChIJC-ojproRrhIRo_WCxMvP9Ps?authuser=0&hl=fr&rclk=1,Chauffage Gaz Services,5,-4,Entrepreneur,·,05 63 71 29 07,
https://www.google.com/maps/place/Seb+le+plombier/data=!4m7!3m6!1s0x12ae0fe4d28c19cb:0xf8daea52f47f1a03!8m2!3d43.6274051!4d2.23441!16s%2Fg%2F11xcl3_kfv!19sChIJyxmM0uQPrhIRAxp_9FLq2vg?authuser=0&hl=fr&rclk=1,Seb le plombier,5,-35,Plombier,205 Chem. de la Fosse,06 75 21 40 08,
https://www.google.com/maps/place/Alies+R%C3%A9mi/data=!4m7!3m6!1s0x12ae11b09b0fc3bd:0x24d7b74102ac8f04!8m2!3d43.6076534!4d2.1319301!16s%2Fg%2F11clwmn0cx!19sChIJvcMPm7ARrhIRBI-sAkG31yQ?authuser=0&hl=fr&rclk=1,Alies Rémi,4,-21,Plombier,·,06 81 77 19 95,
https://www.google.com/maps/place/I.c.s.+Christophe+Lartigue/data=!4m7!3m6!1s0x12ae124408f681d7:0x7742ab305d22389e!8m2!3d43.5939334!4d2.2116999!16s%2Fg%2F1tfd_xdx!19sChIJ14H2CEQSrhIRnjgiXTCrQnc?authuser=0&hl=fr&rclk=1,I.c.s. Christophe Lartigue,"4,2",-16,Chauffagiste,4 Rue Ludovic Julien,05 63 71 04 90,
https://www.google.com/maps/place/Akwabas/data=!4m7!3m6!1s0x12ae11360227e941:0x8e9a76ec06540b28!8m2!3d43.5318499!4d2.1733764!16s%2Fg%2F11kzf3t7dy!19sChIJQeknAjYRrhIRKAtUBux2mo4?authuser=0&hl=fr&rclk=1,Akwabas,"4,5",-24,Chauffagiste,·,06 51 99 32 27,https://www.plombierdeconfiance.com/
https://www.google.com/maps/place/Albert+Distribution+Services/data=!4m7!3m6!1s0x12ae12254df0724f:0x978d7f0e2252722b!8m2!3d43.5879942!4d2.214096!16s%2Fg%2F11j_14nyn2!19sChIJT3LwTSUSrhIRK3JSIg5_jZc?authuser=0&hl=fr&rclk=1,Albert Distribution Services,5,-2,Installation de stockage,·,05 63 35 03 14,http://ads-castres.com/
https://www.google.com/maps/place/Sag%C3%A9lec+-+Garrigues+Electricit%C3%A9-climatisation-vmc-chauffage-castres-mazamet/data=!4m7!3m6!1s0x12ae1329397c7027:0xfdb59e7f3f526ea9!8m2!3d43.5901333!4d2.2083892!16s%2Fg%2F11q_c3wkp7!19sChIJJ3B8OSkTrhIRqW5SP3-etf0?authuser=0&hl=fr&rclk=1,Sagélec - Garrigues Electricité-climatisation-vmc-chauffage-castres-mazamet,"4,5",-15,Électricien,35 Rue de l'Industrie,05 63 59 75 13,
https://www.google.com/maps/place/SOL%27EOLE+-+CHAUFFAGE+-+CLIMATISATION+-+PHOTOVOLTAIQUE+-+VENTILATION+-+SAV+-+ECS+-+BORNES/data=!4m7!3m6!1s0x12ae13b31c9c3ee5:0xec6b4711c3ef2fe1!8m2!3d43.5849194!4d2.1711337!16s%2Fg%2F11mrxr6rmr!19sChIJ5T6cHLMTrhIR4S_vwxFHa-w?authuser=0&hl=fr&rclk=1,SOL'EOLE - CHAUFFAGE - CLIMATISATION - PHOTOVOLTAIQUE - VENTILATION - SAV - ECS - BORNES,5,-4,Entrepreneur spécialisé dans les systèmes de CVC,11 Av. du Commerce et l'Artisanat,05 63 75 14 85,https://soleole.com/
https://www.google.com/maps/place/EBS+GROUPE/data=!4m7!3m6!1s0x12ae11c387312aab:0xaca0700e8f570e4e!8m2!3d43.6052473!4d2.236675!16s%2Fg%2F11ftwh7lrj!19sChIJqyoxh8MRrhIRTg5Xjw5woKw?authuser=0&hl=fr&rclk=1,EBS GROUPE,"4,8",-65,Entrepreneur spécialisé dans l'isolation,·,05 63 75 79 60,
https://www.google.com/maps/place/Ducros+et+Soulet/data=!4m7!3m6!1s0x12ae0e1d8ebead4f:0x205180e5ac1a2a5b!8m2!3d43.6185745!4d2.1540123!16s%2Fg%2F1tg57np6!19sChIJT62-jh0OrhIRWyoarOWAUSA?authuser=0&hl=fr&rclk=1,Ducros et Soulet,"4,1",-10,Fournisseur de systèmes de climatisation,6 Rue de Condoumines,05 63 59 49 76,https://www.ducrossoulet.fr/
https://www.google.com/maps/place/SUDRE+G%C3%A9rard+et+fils/data=!4m7!3m6!1s0x695b15f180bcbe23:0xd1ed3bb18caf95f!8m2!3d43.6131892!4d2.2448216!16s%2Fg%2F11lp00sw_p!19sChIJI768gPEVW2kRX_nKGLvTHg0?authuser=0&hl=fr&rclk=1,SUDRE Gérard et fils,5,-15,Chauffagiste,·,05 63 70 35 87,https://sudregerardetfils.fr/
https://www.google.com/maps/place/Monginou+Plomberie/data=!4m7!3m6!1s0x12ae172ce0d32939:0x1b1c22e3d9db684b!8m2!3d43.5368454!4d2.2701158!16s%2Fg%2F11fj1_1p3v!19sChIJOSnT4CwXrhIRS2jb2eMiHBs?authuser=0&hl=fr&rclk=1,Monginou Plomberie,"4,8",-20,Plombier,50 Av. Robert Schuman,06 78 24 95 73,https://www.monginou-plomberie.fr/
https://www.google.com/maps/place/Forest+Energie/data=!4m7!3m6!1s0x12ae1240d5cfffff:0xf13ce31627c90b3f!8m2!3d43.5947815!4d2.2107665!16s%2Fg%2F11qgq64nth!19sChIJ___P1UASrhIRPwvJJxbjPPE?authuser=0&hl=fr&rclk=1,Forest Energie,"3,2",-25,Magasin de poêles à bois,·,05 63 59 93 80,https://www.forest-energie.com/
https://www.google.com/maps/place/Econergie/data=!4m7!3m6!1s0x12ae11cf5d155555:0x2f0ed2d3e1c3c565!8m2!3d43.585274!4d2.173134!16s%2Fg%2F11c5s3x70x!19sChIJVVUVXc8RrhIRZcXD4dPSDi8?authuser=0&hl=fr&rclk=1,Econergie,"4,8",-123,Chauffagiste,·,05 63 37 59 44,https://www.econergie.fr/
https://www.google.com/maps/place/JH+RENOVATION+81/data=!4m7!3m6!1s0x4ec0343963b83e7d:0x87abd4243799dabf!8m2!3d43.6042646!4d2.2408333!16s%2Fg%2F11s2lfjtcp!19sChIJfT64Yzk0wE4Rv9qZNyTUq4c?authuser=0&hl=fr&rclk=1,JH RENOVATION 81,5,-26,Plombier,15 Rue Sabatier,05 63 74 73 94,https://jhrenovation81.fr/
https://www.google.com/maps/place/Sud+Technologie/data=!4m7!3m6!1s0x12ae11fe8a93c551:0xca1448534778c570!8m2!3d43.6147537!4d2.2672148!16s%2Fg%2F11n822r3pf!19sChIJUcWTiv4RrhIRcMV4R1NIFMo?authuser=0&hl=fr&rclk=1,Sud Technologie,3,-2,Chauffagiste,6 Chem. de Tutelle,05 63 71 26 00,https://www.sudtechnologie.fr/
https://www.google.com/maps/place/Concept+Habitat+Services+EIRL/data=!4m7!3m6!1s0x12ae0fd9c6388c65:0x247231ee65709dbc!8m2!3d43.6180955!4d2.2751396!16s%2Fg%2F11g5_f0j1s!19sChIJZYw4xtkPrhIRvJ1wZe4xciQ?authuser=0&hl=fr&rclk=1,Concept Habitat Services EIRL,5,-13,Plombier,·,07 81 52 33 32,http://www.barrau-chs.com/
https://www.google.com/maps/place/Canadas+Habitat/data=!4m7!3m6!1s0x12ae135d4ec3e925:0x1a0ff0a17c4bc728!8m2!3d43.590592!4d2.214656!16s%2Fg%2F11lrp6hn2b!19sChIJJenDTl0TrhIRKMdLfKHwDxo?authuser=0&hl=fr&rclk=1,Canadas Habitat,"4,8",-264,Chauffagiste,·,05 63 71 03 28,https://www.canadas-habitat.com/
https://www.google.com/maps/place/CLIMAPLUS/data=!4m7!3m6!1s0x4beae4b751727403:0x946a70d871d0d741!8m2!3d43.6131892!4d2.2448216!16s%2Fg%2F11xgtyh7gv!19sChIJA3RyUbfk6ksRQdfQcdhwapQ?authuser=0&hl=fr&rclk=1,CLIMAPLUS,5,-14,Chauffagiste,·,06 59 27 73 31,
https://www.google.com/maps/place/GCE+%7C+Chauffagiste+et+Climatisation+%2877%29/data=!4m7!3m6!1s0x47e60f40112230fd:0x3c4788f6d511c36a!8m2!3d48.83036!4d2.588135!16s%2Fg%2F11pyk3cxb_!19sChIJ_TAiEUAP5kcRasMR1faIRzw?authuser=0&hl=fr&rclk=1,GCE | Chauffagiste et Climatisation (77),"4,6",-11,Chauffagiste,4 Avenue Robert Schuman,06 45 45 98 88,https://www.google.com/aclk?sa=L&ai=DChsSEwjn1efvxr2UAxXp8XkEHZG_FAEYACICCAEQCxoCd2Y&co=1&ase=2&gclid=CjwKCAjwq6DQBhBVEiwA4ZD5XB06eGSKZbSLNaYhlLeIrnMnHnLQTgPkqv52CGOcdPAdtHF28VmlvRoCEDMQAvD_BwE&cce=2&category=acrcp_v1_32&sig=AOD64_3kHOW-edNR3aBZE1k2CtedBQ36sQ&adurl&q&ctype=99&nis=6
https://www.google.com/maps/place/GAZ+DOT/data=!4m7!3m6!1s0x47e60468ae2ad8e1:0x53c2ca81492a4494!8m2!3d48.83983!4d2.790333!16s%2Fg%2F11b6_wngps!19sChIJ4dgqrmgE5kcRlEQqSYHKwlM?authuser=0&hl=fr&rclk=1,GAZ DOT,"4,2",-265,Chauffagiste,3A Boulevard Michael Faraday,01 64 66 00 89,https://www.google.com/aclk?sa=L&ai=DChsSEwjn1efvxr2UAxXp8XkEHZG_FAEYACICCAEQBhoCd2Y&co=1&ase=2&gclid=CjwKCAjwq6DQBhBVEiwA4ZD5XIcifRODFehUHhw-Lf9hIhA5TY4591oUyuWeCR-3M3EgJrYoiWiHtRoC05MQAvD_BwE&cce=2&category=acrcp_v1_32&sig=AOD64_23UYaNutqBN-Rp5WsJ7bLDa3s19g&adurl&q&ctype=99&nis=6
https://www.google.com/maps/place/Ben+services+plomberie+chauffage/data=!4m7!3m6!1s0x48a510b87a51bf85:0x45907dca8ac66b92!8m2!3d48.9439839!4d2.3676088!16s%2Fg%2F11rqswk000!19sChIJhb9RergQpUgRkmvGisp9kEU?authuser=0&hl=fr&rclk=1,Ben services plomberie chauffage,5,-374,Plombier,3 Rue de Boulogne,06 20 84 61 90,
https://www.google.com/maps/place/Clim+Denfert+Service/data=!4m7!3m6!1s0x47e6695e07876dff:0x8c09b986b439d303!8m2!3d48.9559318!4d2.3703365!16s%2Fg%2F113g4s6tz!19sChIJ_22HB15p5kcRA9M5tIa5CYw?authuser=0&hl=fr&rclk=1,Clim Denfert Service,"4,8",-70,Fournisseur de systèmes de climatisation,·,01 48 26 84 74,http://www.climdenfert.com/
https://www.google.com/maps/place/Mj-Plomberie/data=!4m7!3m6!1s0x47e66beb0fc1b0b3:0x44051d716fe3e0db!8m2!3d48.9666888!4d2.3780533!16s%2Fg%2F11ngj4n3xw!19sChIJs7DBD-tr5kcR2-Djb3EdBUQ?authuser=0&hl=fr&rclk=1,Mj-Plomberie,5,-2,Plombier,8 Rue du Verger,06 65 54 50 69,
https://www.google.com/maps/place/INSTALATION+CHAUFFAGE+ET+CLIMATISATION+ENERGIE+MULTI+SERVICES/data=!4m7!3m6!1s0x47e66bd4d464eba1:0xe979798a779ebfca!8m2!3d48.9647!4d2.3895779!16s%2Fg%2F11ll3718hk!19sChIJoetk1NRr5kcRyr-ed4p5eek?authuser=0&hl=fr&rclk=1,INSTALATION CHAUFFAGE ET CLIMATISATION ENERGIE MULTI SERVICES,5,-8,Chauffagiste,88T Av. Jules Guesde,06 44 97 05 85,http://www.energiemultiservices.fr/
https://www.google.com/maps/place/Ateliers+Haussmann/data=!4m7!3m6!1s0x47e66b439f35012b:0x9a6e033ab5366e1c!8m2!3d48.9601846!4d2.3798509!16s%2Fg%2F11n3xf1fj4!19sChIJKwE1n0Nr5kcRHG42tToDbpo?authuser=0&hl=fr&rclk=1,Ateliers Haussmann,5,-5,Travaux généraux,19 Rue Gambetta,01 80 89 24 58,
https://www.google.com/maps/place/MG%27BAT+plomberie+%C3%A9lectricit%C3%A9/data=!4m7!3m6!1s0x28820f2baaba54f1:0x81f1ca8734cc85e3!8m2!3d48.9630449!4d2.3679239!16s%2Fg%2F11tfxxx1yr!19sChIJ8VS6qisPgigR44XMNIfK8YE?authuser=0&hl=fr&rclk=1,MG'BAT plomberie électricité,"4,8",-165,Plombier,9 Rue Talma,06 10 60 22 03,https://www.mgbat-services.fr/
https://www.google.com/maps/place/Heliovie/data=!4m7!3m6!1s0x47e66bd62c6f0e5f:0x9ad5cd5196c8bb67!8m2!3d48.9581629!4d2.3923245!16s%2Fg%2F11y3l17dgq!19sChIJXw5vLNZr5kcRZ7vIllHN1Zo?authuser=0&hl=fr&rclk=1,Heliovie,"4,3",-6,Entreprise d'énergie solaire,·,01 80 89 25 30,https://heliovie.fr/
https://www.google.com/maps/place/Spmc+Lossignol+TP/data=!4m7!3m6!1s0x47e66e88d6511fc1:0x433bf12b9d4880c7!8m2!3d48.9564915!4d2.3902784!16s%2Fg%2F11g5_4rd84!19sChIJwR9R1ohu5kcRx4BInSvxO0M?authuser=0&hl=fr&rclk=1,Spmc Lossignol TP,"3,8",-37,Magasin de materiaux de construction,·,01 49 40 16 90,http://www.spmc-lossignol.fr/
https://www.google.com/maps/place/Elinal+SARL/data=!4m7!3m6!1s0x47e66bd93eb179fb:0x6788464dfd3a0ebc!8m2!3d48.9623301!4d2.3799792!16s%2Fg%2F1v_vs6nt!19sChIJ-3mxPtlr5kcRvA46_U1GiGc?authuser=0&hl=fr&rclk=1,Elinal SARL,"4,4",-36,Électricien,2 Rue Jean Jaurès,01 42 35 44 31,https://www.elinal.net/
https://www.google.com/maps/place/Eco-Low+Energy/data=!4m7!3m6!1s0x3d223cd35b5f4c5:0xb1aaede21b0412a4!8m2!3d48.9611419!4d2.3784307!16s%2Fg%2F11v0y_g_g3!19sChIJxfS1Nc0j0gMRpBIEG-LtqrE?authuser=0&hl=fr&rclk=1,Eco-Low Energy,5,-24,Travaux généraux,"13 Rue Gambetta, 43 Rue Jean Pierre Timbaud",09 52 50 82 53,http://www.eco-low.com/
https://www.google.com/maps/place/Novae/data=!4m7!3m6!1s0x47e66960a5277c7d:0x610cd8541a7e2777!8m2!3d48.9567792!4d2.368722!16s%2Fg%2F11btlwrcn6!19sChIJfXwnpWBp5kcRdyd-GlTYDGE?authuser=0&hl=fr&rclk=1,Novae,4,-10,Électricien,4 Rue Rosa Luxemburg,01 55 87 23 70,http://www.novaesa.com/
https://www.google.com/maps/place/Plomberie+Milina+Service/data=!4m7!3m6!1s0x47e66bddc408bfad:0x4970554310ae4e48!8m2!3d48.957817!4d2.3821083!16s%2Fg%2F11t7fdwpl3!19sChIJrb8IxN1r5kcRSE6uEENVcEk?authuser=0&hl=fr&rclk=1,Plomberie Milina Service,,,Plombier,Rue Carnot,06 62 06 48 09,
https://www.google.com/maps/place/brunoprofroid/data=!4m7!3m6!1s0x47e66b148b5ff083:0xa9bcbe5d03f3b7d2!8m2!3d48.9646014!4d2.3841317!16s%2Fg%2F11fsm4xq62!19sChIJg_BfixRr5kcR0rfzA12-vKk?authuser=0&hl=fr&rclk=1,brunoprofroid,5,-2,Plombier,29 Rue de la République,06 66 01 88 55,
https://www.google.com/maps/place/FRIGELTECH/data=!4m7!3m6!1s0x47e66be8cff35a8f:0xb295e650e5b8f94e!8m2!3d48.951492!4d2.3882345!16s%2Fg%2F1td5wgff!19sChIJj1rzz-hr5kcRTvm45VDmlbI?authuser=0&hl=fr&rclk=1,FRIGELTECH,"4,9",-13,Service de réparation de systèmes de climatisation,146 Av. de Stalingrad,06 60 69 32 92,http://www.frigeltech.fr/
https://www.google.com/maps/place/ETSR+%C3%A9lectricien+stains/data=!4m7!3m6!1s0x47e66be7908359ab:0x43c443da8d3d41b5!8m2!3d48.9553637!4d2.3844236!16s%2Fg%2F11pc1sgls0!19sChIJq1mDkOdr5kcRtUE9jdpDxEM?authuser=0&hl=fr&rclk=1,ETSR électricien stains,5,-2,Ingénieur,33 Av. Louis Bordes,06 34 40 43 02,
https://www.google.com/maps/place/Klymcar/data=!4m7!3m6!1s0x47e66bdfeb7d32e5:0xffed3de605b19107!8m2!3d48.9578963!4d2.3765058!16s%2Fg%2F11hyl6fft2!19sChIJ5TJ9699r5kcRB5GxBeY97f8?authuser=0&hl=fr&rclk=1,Klymcar,"3,4",-5,Fournisseur de systèmes de climatisation,16 Av. du Colonel Rol-Tanguy,01 48 29 06 40,
https://www.google.com/maps/place/Entreprise+Pelayo/data=!4m7!3m6!1s0x47e66bc3cc55b981:0x88e6e7a30dd29746!8m2!3d48.9587351!4d2.3915593!16s%2Fg%2F11hyl5819b!19sChIJgblVzMNr5kcRRpfSDaPn5og?authuser=0&hl=fr&rclk=1,Entreprise Pelayo,"4,3",-9,Travaux généraux,·,,
https://www.google.com/maps/place/Redolat+Plomberie/data=!4m7!3m6!1s0x47e6698a5e73ad59:0xbe5d7d321a52b26!8m2!3d48.9642498!4d2.3640093!16s%2Fg%2F11ph92qpxg!19sChIJWa1zXopp5kcRJiulIdPX5Qs?authuser=0&hl=fr&rclk=1,Redolat Plomberie,5,-21,Plombier,48 Av. Victor Hugo,06 99 03 19 41,
https://www.google.com/maps/place/Soci%C3%A9t%C3%A9+Pinel/data=!4m7!3m6!1s0x47e66be502133e91:0x695493e5f911388b!8m2!3d48.9484671!4d2.3831201!16s%2Fg%2F119vcrzc6!19sChIJkT4TAuVr5kcRizgR-eWTVGk?authuser=0&hl=fr&rclk=1,Société Pinel,"4,7",-7,Boucherie,26 Rue Georges Bauce,01 48 29 60 97,
https://www.google.com/maps/place/Epur+Ile+de+France/data=!4m7!3m6!1s0x47e66bc24580974f:0x37e1326157543cc9!8m2!3d48.9571208!4d2.3890447!16s%2Fg%2F1tdyvnxh!19sChIJT5eARcJr5kcRyTxUV2Ey4Tc?authuser=0&hl=fr&rclk=1,Epur Ile de France,"4,5",-14,Service de gestion des déchets,·,01 49 71 14 25,
https://www.google.com/maps/place/GCE+%7C+Chauffagiste+et+Climatisation+%2877%29/data=!4m7!3m6!1s0x47e60f40112230fd:0x3c4788f6d511c36a!8m2!3d48.83036!4d2.588135!16s%2Fg%2F11pyk3cxb_!19sChIJ_TAiEUAP5kcRasMR1faIRzw?authuser=0&hl=fr&rclk=1,GCE | Chauffagiste et Climatisation (77),"4,6",-11,Chauffagiste,4 Avenue Robert Schuman,06 45 45 98 88,https://www.google.com/aclk?sa=L&ai=DChsSEwjVldv2xr2UAxW9mGgJHczqHy8YACICCAEQBRoCd2Y&co=1&ase=2&gclid=CjwKCAjwq6DQBhBVEiwA4ZD5XJc13dy1qbpGbcZMqrxaOcqMBVaisYfVVZ1NPdCT-DMswGfv5sF8sBoCACkQAvD_BwE&cce=2&category=acrcp_v1_32&sig=AOD64_04BpR69YORkZs-PO7OAz0x_iLgHQ&adurl&q&ctype=99&nis=6
https://www.google.com/maps/place/GAZ+DOT/data=!4m7!3m6!1s0x47e60468ae2ad8e1:0x53c2ca81492a4494!8m2!3d48.83983!4d2.790333!16s%2Fg%2F11b6_wngps!19sChIJ4dgqrmgE5kcRlEQqSYHKwlM?authuser=0&hl=fr&rclk=1,GAZ DOT,"4,2",-265,Chauffagiste,3A Boulevard Michael Faraday,01 64 66 00 89,https://www.google.com/aclk?sa=L&ai=DChsSEwjVldv2xr2UAxW9mGgJHczqHy8YACICCAEQBxoCd2Y&co=1&ase=2&gclid=CjwKCAjwq6DQBhBVEiwA4ZD5XNAw_cogroVIXXLEJhz9Yzz2mkPnjlizcTSevpTK3iCiNqcc4Q8zHRoCU7MQAvD_BwE&cce=2&category=acrcp_v1_32&sig=AOD64_3yjwxzgKOV6oUcHQ8fwGf8jUIDwQ&adurl&q&ctype=99&nis=6
https://www.google.com/maps/place/Moulinot+Compost+%26+Biogaz/data=!4m7!3m6!1s0x47e66b1772596285:0x456e8a51fc0cf7bc!8m2!3d48.9571017!4d2.393401!16s%2Fg%2F11b6dqft28!19sChIJhWJZchdr5kcRvPcM_FGKbkU?authuser=0&hl=fr&rclk=1,Moulinot Compost & Biogaz,"3,6",-12,Service de gestion des déchets,·,01 74 30 97 77,https://www.moulinot.fr/
https://www.google.com/maps/place/Idf+Environnement/data=!4m7!3m6!1s0x47e669603d8e0981:0xf8f47af0e7dd4a25!8m2!3d48.9581233!4d2.3732857!16s%2Fg%2F1tcvhd28!19sChIJgQmOPWBp5kcRJUrd5_B69Pg?authuser=0&hl=fr&rclk=1,Idf Environnement,5,-11,Entreprise de construction,10 Av. du Colonel Rol-Tanguy,01 72 00 23 60,http://idfenvironnement.fr/
https://www.google.com/maps/place/MBS/data=!4m7!3m6!1s0x47e66bc09519a587:0x842cafe866d43104!8m2!3d48.9596182!4d2.3968187!16s%2Fg%2F11btmb495h!19sChIJh6UZlcBr5kcRBDHUZuivLIQ?authuser=0&hl=fr&rclk=1,MBS,"4,2",-5,Travaux généraux,16 Rue Pasteur,01 58 34 32 09,http://www.mbs-btp.com/
https://www.google.com/maps/place/Initial+Hygi%C3%A8ne/data=!4m7!3m6!1s0x47e66bc1f3168319:0x9e0a1c3e637bb89e!8m2!3d48.9580955!4d2.3934562!16s%2Fg%2F11dymqphrc!19sChIJGYMW88Fr5kcRnrh7Yz4cCp4?authuser=0&hl=fr&rclk=1,Initial Hygiène,5,-704,Fournisseur d'équipements de nettoyage et d'entretien,·,01 49 71 78 20,
https://www.google.com/maps/place/SG/data=!4m7!3m6!1s0x47e66be763e4d85d:0x8b90c5f778b1d692!8m2!3d48.956236!4d2.382509!16s%2Fg%2F1tg9r_hs!19sChIJXdjkY-dr5kcRktaxePfFkIs?authuser=0&hl=fr&rclk=1,SG,4,-309,Banque,·,01 49 40 12 60,https://agences.sg.fr/banque-assurance/particulier/agence-stains-id3000304001
https://www.google.com/maps/place/Jean+Brel+Sa/data=!4m7!3m6!1s0x47e66be298117c07:0xf5e0873e0c4d14ce!8m2!3d48.9477937!4d2.3770136!16s%2Fg%2F1td52rcq!19sChIJB3wRmOJr5kcRzhRNDD6H4PU?authuser=0&hl=fr&rclk=1,Jean Brel Sa,4,-4,Société d'import-export,·,01 49 71 17 00,https://www.jeanbrel.com/
https://www.google.com/maps/place/Plafelec/data=!4m7!3m6!1s0x47e66b0e601d25a1:0xe8e363e9ca9e72f8!8m2!3d48.9578956!4d2.3765341!16s%2Fg%2F11jny885h0!19sChIJoSUdYA5r5kcR-HKeyulj4-g?authuser=0&hl=fr&rclk=1,Plafelec,5,-2,Service d'installation électrique,10 - 16 Av. du Colonel Rol-Tanguy,01 48 70 82 25,https://plafelec.fr/
https://www.google.com/maps/place/PANAME+SERVICES/data=!4m7!3m6!1s0x47e66e51d170c5bd:0x3a4eb5c6c0066832!8m2!3d48.9507255!4d2.393292!16s%2Fg%2F1232p40gt!19sChIJvcVw0VFu5kcRMmgGwMa1Tjo?authuser=0&hl=fr&rclk=1,PANAME SERVICES,"4,2",-118,Société de transport routier,54 Av. Gaston Monmousseau,01 48 46 27 27,http://www.panameservices.fr/
https://www.google.com/maps/place/EG+Plast/data=!4m7!3m6!1s0x47e6695e7321cf7f:0xb3422e7c8a62fd07!8m2!3d48.9551666!4d2.370089!16s%2Fg%2F11j1hxs1xb!19sChIJf88hc15p5kcRB_1iinwuQrM?authuser=0&hl=fr&rclk=1,EG Plast,5,-1,Entreprise de fabrication de plastique,17 Rue du Bois Moussay,01 49 18 18 00,https://exhibitgroup.fr/fr/expertises/menuiserie-plastique-plasturgie-3d-decors-evenementiels/
https://www.google.com/maps/place/Services+Puissance+7/data=!4m7!3m6!1s0x47e66be764c43a6d:0xc56b1c4a348249e4!8m2!3d48.9564133!4d2.3678859!16s%2Fg%2F11b6d5wqsm!19sChIJbTrEZOdr5kcR5EmCNEoca8U?authuser=0&hl=fr&rclk=1,Services Puissance 7,"3,8",-20,Service de nettoyage,·,01 48 31 36 12,http://www.services-puissance7.com/
https://www.google.com/maps/place/Eurasie+et+Fr%C3%A8res/data=!4m7!3m6!1s0x47e6696098f92dd3:0xe7dd180d80b206d6!8m2!3d48.9569128!4d2.3710549!16s%2Fg%2F11c6s3rgdn!19sChIJ0y35mGBp5kcR1gaygA0Y3ec?authuser=0&hl=fr&rclk=1,Eurasie et Frères,"3,9",-34,Producteur de nourriture,1 Rue du Bois Moussay,01 42 43 15 43,https://www.eurasiefreres.com/
https://www.google.com/maps/place/TOP+CHAUFFAGE/data=!4m7!3m6!1s0x47e66d4b30932c53:0x4ff41c70d147850b!8m2!3d48.9100183!4d2.3905871!16s%2Fg%2F11hyqfszsy!19sChIJUyyTMEtt5kcRC4VH0XAc9E8?authuser=0&hl=fr&rclk=1,TOP CHAUFFAGE,"4,5",-113,Chauffagiste,107 bis Rue Henri Barbusse,01 34 05 46 40,http://www.top-chauffage-idf.fr/
https://www.google.com/maps/place/Schenker+France/data=!4m7!3m6!1s0x47e66bc25b987a7f:0x5a66ae34acb78049!8m2!3d48.9568547!4d2.391584!16s%2Fg%2F11btx0rkdy!19sChIJf3qYW8Jr5kcRSYC3rDSuZlo?authuser=0&hl=fr&rclk=1,Schenker France,"2,7",-151,Société de transport routier,13 Av. Charles de Gaulle,01 43 11 85 60,http://www.logistics.dbschenker.fr/log-fr-fr/start.html
https://www.google.com/maps/place/2Sage+Alba+D%C3%A9m%C3%A9nagement+%26+Garde-Meubles/data=!4m7!3m6!1s0x47e66960a5277c7d:0xe7faaf7357f1308b!8m2!3d48.9561704!4d2.3709477!16s%2Fg%2F1tjcnrnp!19sChIJfXwnpWBp5kcRizDxV3Ov-uc?authuser=0&hl=fr&rclk=1,2Sage Alba Déménagement & Garde-Meubles,"3,8",-831,Entreprise de déménagement,·,01 48 11 68 68,https://2sage-alba.com/
https://www.google.com/maps/place/PREMIER+AIR+COURIER+INTERNATIONAL/data=!4m7!3m6!1s0x47e6695de5450cfd:0x91f695ffee005bde!8m2!3d48.9559525!4d2.3722411!16s%2Fg%2F1tql424p!19sChIJ_QxF5V1p5kcR3lsA7v-V9pE?authuser=0&hl=fr&rclk=1,PREMIER AIR COURIER INTERNATIONAL,"4,2",-30,Société de transport routier,·,01 58 34 80 00,https://premieraircourier.com/
https://www.google.com/maps/place/DTSU+%28D%C3%A9veloppement+Transport+Sanitaire+et+d%27Urgence%29+%29/data=!4m7!3m6!1s0x47e667b0e4455555:0x288961743dfa9f98!8m2!3d48.957897!4d2.392063!16s%2Fg%2F11c2pwwdv1!19sChIJVVVF5LBn5kcRmJ_6PXRhiSg?authuser=0&hl=fr&rclk=1,DTSU (Développement Transport Sanitaire et d'Urgence) ),"3,4",-14,Service ambulancier,·,01 88 60 60 55,
https://www.google.com/maps/place/Etablissements+Pouget/data=!4m7!3m6!1s0x47e66be99747c6f9:0x10a1a71e6524e7b6!8m2!3d48.9539469!4d2.3908751!16s%2Fg%2F1tf80xbm!19sChIJ-cZHl-lr5kcRtuckZR6noRA?authuser=0&hl=fr&rclk=1,Etablissements Pouget,4,-7,Compagnie de transport ferroviaire,"6-8, 6 All. du Val du Moulin",01 48 26 62 12,http://www.pougetrail.com/
"https://www.google.com/maps/place/Service+assainissement+93+:+D%C3%A9bouchage+canalisation,+installation+et+entretien+pompe+de+relevage+et+vidange+fosse+septique/data=!4m7!3m6!1s0x47e66bbc39fb0d99:0x31489c448aa07957!8m2!3d48.9495723!4d2.388184!16s%2Fg%2F11ng2f276s!19sChIJmQ37Obxr5kcRV3mgikScSDE?authuser=0&hl=fr&rclk=1","Service assainissement 93 : Débouchage canalisation, installation et entretien pompe de relevage et vidange fosse septique","4,9",-8,Plombier,48 Rue Victor Renelle,01 79 63 31 82,https://www.tssoluce.com/
https://www.google.com/maps/place/A2C+BATIMENT/data=!4m7!3m6!1s0x47e66b304b0062ef:0xd053ec5318901dd4!8m2!3d48.9598637!4d2.379516!16s%2Fg%2F11v9x_bg59!19sChIJ72IASzBr5kcR1B2QGFPsU9A?authuser=0&hl=fr&rclk=1,A2C BATIMENT,,,Entreprise de construction,13 Rue Gambetta,,
https://www.google.com/maps/place/kara-service/data=!4m7!3m6!1s0x47e66bf289d48ee1:0xc0af7fc78260778!8m2!3d48.9528745!4d2.384344!16s%2Fg%2F11l6xmxv1l!19sChIJ4Y7UifJr5kcReAcmePz3Cgw?authuser=0&hl=fr&rclk=1,kara-service,"4,8",-18,Service de nettoyage et d'entretien,16 Bd Maxime Gorki,07 58 55 43 58,http://www.kara-service.fr/
https://www.google.com/maps/place/Ateliers+Haussmann/data=!4m7!3m6!1s0x47e66b439f35012b:0x9a6e033ab5366e1c!8m2!3d48.9601846!4d2.3798509!16s%2Fg%2F11n3xf1fj4!19sChIJKwE1n0Nr5kcRHG42tToDbpo?authuser=0&hl=fr&rclk=1,Ateliers Haussmann,5,-5,Travaux généraux,19 Rue Gambetta,01 80 89 24 58,
https://www.google.com/maps/place/GPA+Transport+%28GPA+Distribution+Paris%29/data=!4m7!3m6!1s0x47e66bea2cbaa355:0x65c503aa49b97ec!8m2!3d48.9582724!4d2.3898959!16s%2Fg%2F11j1nv_ddw!19sChIJVaO6LOpr5kcR7JebpDpQXAY?authuser=0&hl=fr&rclk=1,GPA Transport (GPA Distribution Paris),"3,5",-10,Service logistique,32 Av. Charles de Gaulle,01 55 93 26 70,
https://www.google.com/maps/place/MMD+CONSTRUCTION/data=!4m7!3m6!1s0x47e66b6949d58e29:0x26f43b5b5c6a7f4d!8m2!3d48.9518037!4d2.3877785!16s%2Fg%2F11q9_9lpvr!19sChIJKY7VSWlr5kcRTX9qXFs79CY?authuser=0&hl=fr&rclk=1,MMD CONSTRUCTION,1,-1,Entreprise de construction,121B Av. de Stalingrad,,
https://www.google.com/maps/place/%C3%89lite+R%C3%A9novation+Paris/data=!4m7!3m6!1s0x47e66b82189af795:0x565d5c666c3b3ab3!8m2!3d48.9522573!4d2.3820269!16s%2Fg%2F11qk3rkjyr!19sChIJlfeaGIJr5kcRszo7bGZcXVY?authuser=0&hl=fr&rclk=1,Élite Rénovation Paris,5,-1,Travaux généraux,39 Av. Paul Vaillant Couturier,07 81 22 63 90,
https://www.google.com/maps/place/Isolation+France/data=!4m7!3m6!1s0x47e66b000d4ea609:0x8f92a2f6dd2450b7!8m2!3d48.9581456!4d2.3768606!16s%2Fg%2F11x7hhv37_!19sChIJCaZODQBr5kcRt1Ak3faiko8?authuser=0&hl=fr&rclk=1,Isolation France,5,-3,Entreprise de construction,10 Av. du Colonel Rol-Tanguy,07 57 57 67 38,
https://www.google.com/maps/place/Kapnet/data=!4m7!3m6!1s0x47e66be7c2578c23:0xc042b7d644971a1f!8m2!3d48.9491077!4d2.3843761!16s%2Fg%2F11j6622n2s!19sChIJI4xXwudr5kcRHxqXRNa3QsA?authuser=0&hl=fr&rclk=1,Kapnet,5,-7,Service de nettoyage et d'entretien,100 Av. de Stalingrad,01 84 21 23 55,https://www.kapnet.fr/
https://www.google.com/maps/place/Local+LPH+n.4/data=!4m7!3m6!1s0x47e66b00051d630f:0xc4bdc0c86f9aecba!8m2!3d48.9598725!4d2.3804642!16s%2Fg%2F11ypw7nrb3!19sChIJD2MdBQBr5kcRuuyab8jAvcQ?authuser=0&hl=fr&rclk=1,Local LPH n.4,,,Entrepôt,13 Rue Gambetta,,
https://www.google.com/maps/place/Perform+Energy/data=!4m7!3m6!1s0x47e66b9331549db5:0x95be2e9d6dd26e2a!8m2!3d48.9584732!4d2.3766672!16s%2Fg%2F11stlk1j98!19sChIJtZ1UMZNr5kcRKm7SbZ0uvpU?authuser=0&hl=fr&rclk=1,Perform Energy,,,Entreprise de construction,10 Av. du Colonel Rol-Tanguy,07 87 25 44 25,
https://www.google.com/maps/place/Entreprise+A2B+-+R%C3%A9paration+de+store+et+volet-roulant/data=!4m7!3m6!1s0x47e669deb815799f:0x9ff630c082a1f66a!8m2!3d48.9618843!4d2.3724853!16s%2Fg%2F11kpps6pky!19sChIJn3kVuN5p5kcRavahgsAw9p8?authuser=0&hl=fr&rclk=1,Entreprise A2B - Réparation de store et volet-roulant,5,-64,Vitrier,32 Av. Laennec,01 58 92 93 81,https://www.abb-reparations.fr/
https://www.google.com/maps/place/abaqueplast/data=!4m7!3m6!1s0x47e66bec0a4da259:0x6b3bf1ea29bad2a5!8m2!3d48.9507945!4d2.3923768!16s%2Fg%2F1tjs478_!19sChIJWaJNCuxr5kcRpdK6KerxO2s?authuser=0&hl=fr&rclk=1,abaqueplast,"4,4",-21,Fournisseur d'équipements industriels,41 Av. Gaston Monmousseau,01 48 26 32 80,https://abaqueplast.fr/
https://www.google.com/maps/place/Frisquet+Installateur+Qualifi%C3%A9+Lemaire+Dominique/data=!4m7!3m6!1s0x47e66de5635923ed:0x429688d872ff4cfc!8m2!3d48.9187549!4d2.4413153!16s%2Fg%2F11f66tl4l2!19sChIJ7SNZY-Vt5kcR_Ez_ctiIlkI?authuser=0&hl=fr&rclk=1,Frisquet Installateur Qualifié Lemaire Dominique,"4,2",-50,Fournisseur d'équipements de chauffage,53 Rue Jules Vallès,01 48 30 86 18,
https://www.google.com/maps/place/GPA+Transport+%28GPA+Distribution+Paris%29/data=!4m7!3m6!1s0x47e66bea2cbaa355:0x65c503aa49b97ec!8m2!3d48.9582724!4d2.3898959!16s%2Fg%2F11j1nv_ddw!19sChIJVaO6LOpr5kcR7JebpDpQXAY?authuser=0&hl=fr&rclk=1,GPA Transport (GPA Distribution Paris),"3,5",-10,Service logistique,32 Av. Charles de Gaulle,01 55 93 26 70,
https://www.google.com/maps/place/MMD+CONSTRUCTION/data=!4m7!3m6!1s0x47e66b6949d58e29:0x26f43b5b5c6a7f4d!8m2!3d48.9518037!4d2.3877785!16s%2Fg%2F11q9_9lpvr!19sChIJKY7VSWlr5kcRTX9qXFs79CY?authuser=0&hl=fr&rclk=1,MMD CONSTRUCTION,1,-1,Entreprise de construction,121B Av. de Stalingrad,,
https://www.google.com/maps/place/%C3%89lite+R%C3%A9novation+Paris/data=!4m7!3m6!1s0x47e66b82189af795:0x565d5c666c3b3ab3!8m2!3d48.9522573!4d2.3820269!16s%2Fg%2F11qk3rkjyr!19sChIJlfeaGIJr5kcRszo7bGZcXVY?authuser=0&hl=fr&rclk=1,Élite Rénovation Paris,5,-1,Travaux généraux,39 Av. Paul Vaillant Couturier,07 81 22 63 90,
https://www.google.com/maps/place/Isolation+France/data=!4m7!3m6!1s0x47e66b000d4ea609:0x8f92a2f6dd2450b7!8m2!3d48.9581456!4d2.3768606!16s%2Fg%2F11x7hhv37_!19sChIJCaZODQBr5kcRt1Ak3faiko8?authuser=0&hl=fr&rclk=1,Isolation France,5,-3,Entreprise de construction,10 Av. du Colonel Rol-Tanguy,07 57 57 67 38,
https://www.google.com/maps/place/Kapnet/data=!4m7!3m6!1s0x47e66be7c2578c23:0xc042b7d644971a1f!8m2!3d48.9491077!4d2.3843761!16s%2Fg%2F11j6622n2s!19sChIJI4xXwudr5kcRHxqXRNa3QsA?authuser=0&hl=fr&rclk=1,Kapnet,5,-7,Service de nettoyage et d'entretien,100 Av. de Stalingrad,01 84 21 23 55,https://www.kapnet.fr/
https://www.google.com/maps/place/Local+LPH+n.4/data=!4m7!3m6!1s0x47e66b00051d630f:0xc4bdc0c86f9aecba!8m2!3d48.9598725!4d2.3804642!16s%2Fg%2F11ypw7nrb3!19sChIJD2MdBQBr5kcRuuyab8jAvcQ?authuser=0&hl=fr&rclk=1,Local LPH n.4,,,Entrepôt,13 Rue Gambetta,,
https://www.google.com/maps/place/Perform+Energy/data=!4m7!3m6!1s0x47e66b9331549db5:0x95be2e9d6dd26e2a!8m2!3d48.9584732!4d2.3766672!16s%2Fg%2F11stlk1j98!19sChIJtZ1UMZNr5kcRKm7SbZ0uvpU?authuser=0&hl=fr&rclk=1,Perform Energy,,,Entreprise de construction,10 Av. du Colonel Rol-Tanguy,07 87 25 44 25,
https://www.google.com/maps/place/Entreprise+A2B+-+R%C3%A9paration+de+store+et+volet-roulant/data=!4m7!3m6!1s0x47e669deb815799f:0x9ff630c082a1f66a!8m2!3d48.9618843!4d2.3724853!16s%2Fg%2F11kpps6pky!19sChIJn3kVuN5p5kcRavahgsAw9p8?authuser=0&hl=fr&rclk=1,Entreprise A2B - Réparation de store et volet-roulant,5,-64,Vitrier,32 Av. Laennec,01 58 92 93 81,https://www.abb-reparations.fr/
https://www.google.com/maps/place/abaqueplast/data=!4m7!3m6!1s0x47e66bec0a4da259:0x6b3bf1ea29bad2a5!8m2!3d48.9507945!4d2.3923768!16s%2Fg%2F1tjs478_!19sChIJWaJNCuxr5kcRpdK6KerxO2s?authuser=0&hl=fr&rclk=1,abaqueplast,"4,4",-21,Fournisseur d'équipements industriels,41 Av. Gaston Monmousseau,01 48 26 32 80,https://abaqueplast.fr/
https://www.google.com/maps/place/Frisquet+Installateur+Qualifi%C3%A9+Lemaire+Dominique/data=!4m7!3m6!1s0x47e66de5635923ed:0x429688d872ff4cfc!8m2!3d48.9187549!4d2.4413153!16s%2Fg%2F11f66tl4l2!19sChIJ7SNZY-Vt5kcR_Ez_ctiIlkI?authuser=0&hl=fr&rclk=1,Frisquet Installateur Qualifié Lemaire Dominique,"4,2",-50,Fournisseur d'équipements de chauffage,53 Rue Jules Vallès,01 48 30 86 18,
https://www.google.com/maps/place/Fbcc/data=!4m7!3m6!1s0x47e66bc3cd44cd7f:0x4bd6c2ad225e5884!8m2!3d48.9584255!4d2.3916996!16s%2Fg%2F11b6dqy2wl!19sChIJf81EzcNr5kcRhFheIq3C1ks?authuser=0&hl=fr&rclk=1,Fbcc,4,-9,Services de stockage d'archives,24 Av. Jacques Duclos,01 48 33 47 47,
https://www.google.com/maps/place/TELE+MENAGER+STAINS/data=!4m7!3m6!1s0x47e66bdc22ad8a43:0xb6e96da8feb7b983!8m2!3d48.9599818!4d2.3819393!16s%2Fg%2F1thbvzhx!19sChIJQ4qtItxr5kcRg7m3_qht6bY?authuser=0&hl=fr&rclk=1,TELE MENAGER STAINS,"4,9",-683,Service de réparation de matériel électronique,45 Av. Marcel Cachin,01 48 22 84 23,
https://www.google.com/maps/place/Emt-Atelier+Agencement+Sur+Mesure/data=!4m7!3m6!1s0x47e66a534a353551:0xe07ad0e09457a2ad!8m2!3d48.9472876!4d2.37727!16s%2Fg%2F11btlzhv4t!19sChIJUTU1SlNq5kcRraJXlODQeuA?authuser=0&hl=fr&rclk=1,Emt-Atelier Agencement Sur Mesure,"4,8",-10,Atelier de menuiserie,·,09 54 69 21 25,http://www.emt-atelier.fr/
https://www.google.com/maps/place/Forb%C3%A9ton/data=!4m7!3m6!1s0x47e60cd58e4dc689:0xf7f0e6cc1574ec5!8m2!3d48.9557613!4d2.3703187!16s%2Fg%2F1td2lswh!19sChIJicZNjtUM5kcRxU5XwWwOfw8?authuser=0&hl=fr&rclk=1,Forbéton,4,-14,Entrepreneur spécialisé dans la démolition,17/25 Rue du Bois Moussay,09 70 35 73 86,https://www.forbeton.net/?utm_medium=referral&utm_source=gmb&utm_campaign=lnk-gmb
https://www.google.com/maps/place/Le+Confort+%C3%A0+Domicile+-+Confadom/data=!4m7!3m6!1s0x47e66be29668757b:0x8926783f00940bb0!8m2!3d48.9475904!4d2.3754081!16s%2Fg%2F1td4jf9x!19sChIJe3VoluJr5kcRsAuUAD94Jok?authuser=0&hl=fr&rclk=1,Le Confort à Domicile - Confadom,"4,2",-13,Agence de services d'aide à domicile,4 Av. de Stalingrad,01 48 22 83 07,http://www.confadom.com/
https://www.google.com/maps/place/Xelians+-+Site+de+Stains/data=!4m7!3m6!1s0x47e6695e1d260753:0xaf6b760be53af3e1!8m2!3d48.9589822!4d2.372725!16s%2Fg%2F11b6djn4f8!19sChIJUwcmHV5p5kcR4fM65Qt2a68?authuser=0&hl=fr&rclk=1,Xelians - Site de Stains,"3,8",-5,Services de stockage d'archives,·,01 49 98 12 63,https://www.xelians.com/
https://www.google.com/maps/place/Stains+Distribution/data=!4m7!3m6!1s0x47e66be6b92a9ea3:0x81cefaced488177!8m2!3d48.9523189!4d2.3816752!16s%2Fg%2F11h40_1sy_!19sChIJo54queZr5kcRd4FI7azvHAg?authuser=0&hl=fr&rclk=1,Stains Distribution,3,-1,Épicerie,40 Av. Paul Vaillant Couturier,09 84 34 43 60,
https://www.google.com/maps/place/PROXIMY+DMD/data=!4m7!3m6!1s0x47e66936d375b3cd:0xc4f9d5a004609026!8m2!3d48.9589385!4d2.3726608!16s%2Fg%2F11r3mbftq6!19sChIJzbN10zZp5kcRJpBgBKDV-cQ?authuser=0&hl=fr&rclk=1,PROXIMY DMD,"3,9",-15,Service de distribution,·,,
https://www.google.com/maps/place/Cimak+S.A.S/data=!4m7!3m6!1s0x47e66be6c0bc5dbb:0x8f7e437082bb2529!8m2!3d48.952519!4d2.3817608!16s%2Fg%2F11c2pn1qvz!19sChIJu128wOZr5kcRKSW7gnBDfo8?authuser=0&hl=fr&rclk=1,Cimak S.A.S,"4,3",-26,Épicerie,38 Av. Paul Vaillant Couturier,06 21 84 73 18,
https://www.google.com/maps/place/D.F.S+Batirenov/data=!4m7!3m6!1s0x47e66be5ecf677d1:0x58c3d9437b345173!8m2!3d48.949898!4d2.385059!16s%2Fg%2F11fsmvzc34!19sChIJ0Xf27OVr5kcRc1E0e0PZw1g?authuser=0&hl=fr&rclk=1,D.F.S Batirenov,2,-1,Constructeur immobilier,6 Rue des Renauders,09 53 47 98 95,https://dfsbatirenov.fr/
https://www.google.com/maps/place/D%C3%A9m%C3%A9pool+Marianne+d%C3%A9m%C3%A9nagement+-+STAINS/data=!4m7!3m6!1s0x47e669c5388ecff5:0xd73065c4fb236652!8m2!3d48.9571235!4d2.3739137!16s%2Fg%2F11rvblr3hh!19sChIJ9c-OOMVp5kcRUmYj-8RlMNc?authuser=0&hl=fr&rclk=1,Démépool Marianne déménagement - STAINS,5,-7,Entreprise de déménagement,13 Rue du Bois Moussay,01 48 11 78 21,https://www.demepool.com/nos-experts/marian-demenagements-demenageur-seine-saint-denis
https://www.google.com/maps/place/GS+ELEC/data=!4m7!3m6!1s0x47e66be117b0d9c5:0x44573d562b66aee9!8m2!3d48.9530173!4d2.3791542!16s%2Fg%2F11vymgqxby!19sChIJxdmwF-Fr5kcR6a5mK1Y9V0Q?authuser=0&hl=fr&rclk=1,GS ELEC,,,Électricien,4 Rue Adrien Agnés,07 82 30 43 19,http://elec-gs.fr/
https://www.google.com/maps/place/ERI+Logistique/data=!4m7!3m6!1s0x47e669c299c91025:0x553a5a8cec3a14f6!8m2!3d48.9578028!4d2.3700926!16s%2Fg%2F11tjl1z5vr!19sChIJJRDJmcJp5kcR9hQ67IxaOlU?authuser=0&hl=fr&rclk=1,ERI Logistique,"4,9",-8,Entrepôt,5 Av. du Colonel Rol-Tanguy,,
https://www.google.com/maps/place/Euro+Fromage/data=!4m7!3m6!1s0x47e66bc25b7868f5:0x971d4f6d185a5701!8m2!3d48.9582301!4d2.3887375!16s%2Fg%2F1tdh7rn6!19sChIJ9Wh4W8Jr5kcRAVdaGG1PHZc?authuser=0&hl=fr&rclk=1,Euro Fromage,"3,3",-18,Grossiste,·,01 49 40 63 00,
https://www.google.com/maps/place/LKB+International/data=!4m7!3m6!1s0x47e66ea59a49d47f:0x454a5ec9e1bd21c0!8m2!3d48.9582274!4d2.388993!16s%2Fg%2F11b6dq_6bg!19sChIJf9RJmqVu5kcRwCG94cleSkU?authuser=0&hl=fr&rclk=1,LKB International,"4,8",-4,Charcuterie,Av. Charles de Gaulle,01 48 36 04 11,
https://www.google.com/maps/place/Societe+Philippe/data=!4m7!3m6!1s0x47e66bf1be4662c9:0xe2e6ba5da79d93b7!8m2!3d48.9621302!4d2.3830151!16s%2Fg%2F11g0hmpqhv!19sChIJyWJGvvFr5kcRt5Odp1265uI?authuser=0&hl=fr&rclk=1,Societe Philippe,,,Magasin,2 Rue des Hucailles,01 85 44 74 64,
https://www.google.com/maps/place/Vianex/data=!4m7!3m6!1s0x47e66b5c786e43b7:0x9bd559c453b9d61c!8m2!3d48.9477937!4d2.3770136!16s%2Fg%2F11hmj471m1!19sChIJt0NueFxr5kcRHNa5U8RZ1Zs?authuser=0&hl=fr&rclk=1,Vianex,"4,2",-6,Société d'import-export,2 Av. de Stalingrad,,
https://www.google.com/maps/place/NRB+FOODS/data=!4m7!3m6!1s0x47e66baffb658f53:0x6e04318c0621b36f!8m2!3d48.9507679!4d2.3875077!16s%2Fg%2F11sd_9zq8j!19sChIJU49l-69r5kcRb7MhBowxBG4?authuser=0&hl=fr&rclk=1,NRB FOODS,,,Grossiste,140 Av. de Stalingrad,01 87 00 23 74,http://www.nrbfoods.eu/
https://www.google.com/maps/place/PROXIMY+-+Riccobono+Group/data=!4m7!3m6!1s0x47e66f5e9140df57:0xbe3593ff06ec99b0!8m2!3d48.958066!4d2.374753!16s%2Fg%2F1v_s564b!19sChIJV99AkV5v5kcRsJnsBv-TNb4?authuser=0&hl=fr&rclk=1,PROXIMY - Riccobono Group,"2,8",-13,Société de livraison,38 Av. du Colonel Rol-Tanguy,,http://www.proximy.fr/
https://www.google.com/maps/place/Agence+Nestenn+Immobilier+Stains/data=!4m7!3m6!1s0x8ef3fa78ff9c7469:0xf1387a05ee14a7bd!8m2!3d48.9616269!4d2.3804646!16s%2Fg%2F11s5sdl8v_!19sChIJaXSc_3j6844RvacU7gV6OPE?authuser=0&hl=fr&rclk=1,Agence Nestenn Immobilier Stains,"4,9",-149,Agence immobilière,27 Av. Aristide Briand,01 58 92 73 74,https://immobilier-stains.nestenn.com/
https://www.google.com/maps/place/Sekatol/data=!4m7!3m6!1s0x47e66bdfcc593013:0x10d4b4e20fcfc5be!8m2!3d48.9571835!4d2.3780854!16s%2Fg%2F1tfc19x6!19sChIJEzBZzN9r5kcRvsXPD-K01BA?authuser=0&hl=fr&rclk=1,Sekatol,"3,6",-12,Atelier de métallerie,31 Rue Victor Hugo,01 48 26 66 45,http://sekatol.fr/?utm_medium=referral&utm_source=gmb&utm_campaign=lnk-gmb
https://www.google.com/maps/place/DEVEA/data=!4m7!3m6!1s0x47e66bc45551399b:0x8c73b312743f470d!8m2!3d48.9593668!4d2.3933019!16s%2Fg%2F1tf6lhxh!19sChIJmzlRVcRr5kcRDUc_dBKzc4w?authuser=0&hl=fr&rclk=1,DEVEA,5,-3,Grossiste,·,01 49 21 96 50,http://www.devea.com/
https://www.google.com/maps/place/prodesign/data=!4m7!3m6!1s0x47e66bebfb4a28a9:0xe9d8419f2471049!8m2!3d48.9521526!4d2.3920129!16s%2Fg%2F1tfj_4x0!19sChIJqShK--tr5kcRSRBH8hmEnQ4?authuser=0&hl=fr&rclk=1,prodesign,3,-8,Atelier de menuiserie,5 Rue du Moulin Neuf,01 48 23 98 98,http://www.prodesign.fr/
https://www.google.com/maps/place/Sol+Deco+R%C3%A9sine/data=!4m7!3m6!1s0x47e66be0939ac321:0xd8bb0bc794f782c0!8m2!3d48.9552645!4d2.3790355!16s%2Fg%2F11gy0sky1x!19sChIJIcOak-Br5kcRwIL3lMcLu9g?authuser=0&hl=fr&rclk=1,Sol Deco Résine,5,-1,Entrepreneur spécialisé dans les revêtements de sol,26 Rue Pierre de Geyter,06 03 99 31 92,
https://www.google.com/maps/place/Proxiserve/data=!4m7!3m6!1s0x47e66f76c85f0bef:0xd240ec5f63d7770!8m2!3d48.9293847!4d2.3506006!16s%2Fg%2F11q89d8j03!19sChIJ7wtfyHZv5kcRcHc99sUOJA0?authuser=0&hl=fr&rclk=1,Proxiserve,"1,6",-62,Chauffagiste,110 Rue Ambroise Croizat,,https://www.proxiserve.fr/
https://www.google.com/maps/place/JoyExpress+Stains+Delivery+Depot/data=!4m7!3m6!1s0x47e66b9ebf6afd99:0x36fe739e3abf6754!8m2!3d48.960148!4d2.379877!16s%2Fg%2F11yhfwr1vd!19sChIJmf1qv55r5kcRVGe_Op5z_jY?authuser=0&hl=fr&rclk=1,JoyExpress Stains Delivery Depot,5,-86,Service de livraison,13 Rue Gambetta Lot G6,07 43 22 58 85,
https://www.google.com/maps/place/ARMEN/data=!4m7!3m6!1s0x47e6695df641eae9:0x1849473a14da61e8!8m2!3d48.956417!4d2.368713!16s%2Fg%2F11clvz9lxw!19sChIJ6epB9l1p5kcR6GHaFDpHSRg?authuser=0&hl=fr&rclk=1,ARMEN,"4,5",-2,Grossiste,30 RUE DU BOIS MOUSSAY ZAC BAT DELTA N° 6,01 55 87 26 26,
https://www.google.com/maps/place/SBFM/data=!4m7!3m6!1s0x47e66be861095555:0x8b37c95e8d331485!8m2!3d48.9537791!4d2.3875539!16s%2Fg%2F11v09g192c!19sChIJVVUJYehr5kcRhRQzjV7JN4s?authuser=0&hl=fr&rclk=1,SBFM,,,Entreprise de construction,11 Av. Louis Bordes Ter,06 69 43 21 43,
https://www.google.com/maps/place/ACM+PACA+CLIMATISATION+-+POMPE+A+CHALEUR+-+VMC/data=!4m7!3m6!1s0x12c9ff6f5c265fd9:0x80faebfb8075953c!8m2!3d43.642076!4d5.094335!16s%2Fg%2F11f89h4_g6!19sChIJ2V8mXG__yRIRPJV1gPvr-oA?authuser=0&hl=fr&rclk=1,ACM PACA CLIMATISATION - POMPE A CHALEUR - VMC,"4,8",-147,Fournisseur de systèmes de climatisation,175 Boulevard Nostradamus,09 81 32 98 96,https://www.google.com/aclk?sa=L&ai=DChsSEwiZnt2Px72UAxUdbEECHWtiKr4YACICCAEQABoCd3M&co=1&ase=2&gclid=CjwKCAjwq6DQBhBVEiwA4ZD5XODs-EMEckyw8NK0JNtCIvZkTBMKdcM2jDmYVqiF9k2zFtdNkvyAexoCox4QAvD_BwE&cce=2&category=acrcp_v1_32&sig=AOD64_1PcBghRQTKdzUqLWWOXjoczGdbsQ&adurl&q&ctype=99&nis=6
https://www.google.com/maps/place/ENGIE+Home+Services+NIMES/data=!4m7!3m6!1s0x12b42d0b62407017:0xd11402285390efc6!8m2!3d43.812516!4d4.345414!16s%2Fg%2F1tt5p3z9!19sChIJF3BAYgsttBIRxu-QUygCFNE?authuser=0&hl=fr&rclk=1,ENGIE Home Services NIMES,"4,4",-609,Chauffagiste,125 Rue de l'Hostellerie,04 66 38 25 74,https://www.google.com/aclk?sa=L&ai=DChsSEwiZnt2Px72UAxUdbEECHWtiKr4YACICCAEQAhoCd3M&co=1&ase=2&gclid=CjwKCAjwq6DQBhBVEiwA4ZD5XEjqaJNFN65I2L51g7Z6UQHj8ql97DZjbp_wCwhoZjDNNxTiLFx_yRoCEB4QAvD_BwE&cce=2&category=acrcp_v1_32&sig=AOD64_2AUQ3OQs5gkt8n6FcbvHLGzhvXAQ&adurl&q&ctype=99&nis=6
https://www.google.com/maps/place/SP2C+POMBERIE+CHAUFFAGE+CLIMATISATION/data=!4m7!3m6!1s0x685a02e74937facf:0xc8621e1eb49cada4!8m2!3d43.6646343!4d4.6856057!16s%2Fg%2F11wx9xqy5v!19sChIJz_o3SecCWmgRpK2ctB4eYsg?authuser=0&hl=fr&rclk=1,SP2C POMBERIE CHAUFFAGE CLIMATISATION,5,-78,Chauffagiste,·,06 25 07 56 40,https://plombier-arles-sp2c.fr/?utm_source=gmb
https://www.google.com/maps/place/Camargue+Plomberie+Chauffage/data=!4m7!3m6!1s0x12b6713fffffffff:0xdd7da59b9b8e91f3!8m2!3d43.6777928!4d4.5988659!16s%2Fg%2F1hc5bsxmf!19sChIJ_____z9xthIR85GOm5ulfd0?authuser=0&hl=fr&rclk=1,Camargue Plomberie Chauffage,"4,8",-48,Chauffagiste,"Campagne Saint-Jean, Rte de Sonnailler",06 20 76 34 72,http://www.camargue-plomberie-chauffage.fr/
https://www.google.com/maps/place/Provence+Plomberie+Chauffage/data=!4m7!3m6!1s0x12b6761cf99bd56d:0x7b1443ddd0b9e1b8!8m2!3d43.6970068!4d4.6329446!16s%2Fg%2F11b5ywcwzs!19sChIJbdWb-Rx2thIRuOG50N1DFHs?authuser=0&hl=fr&rclk=1,Provence Plomberie Chauffage,5,-26,Chauffagiste,·,04 90 47 82 57,https://www.provence-plomberie.fr/demander-un-devis
https://www.google.com/maps/place/Axenergie+Arles/data=!4m7!3m6!1s0x12b67604f8b58901:0x6c50a2b35c25d7cc!8m2!3d43.6988066!4d4.6437983!16s%2Fg%2F1thbgshf!19sChIJAYm1-AR2thIRzNclXLOiUGw?authuser=0&hl=fr&rclk=1,Axenergie Arles,"4,7",-51,Chauffagiste,·,04 90 96 28 86,https://www.axenergie.eu/agences/49-axenergie-arles
https://www.google.com/maps/place/NOEL+CHELDA+CPC+-+Climatisation+Plomberie+Chauffage/data=!4m7!3m6!1s0x12b60b1c43597ddd:0x4d27a6b288f1c41f!8m2!3d43.8085283!4d4.5379402!16s%2Fg%2F11hyl3x73q!19sChIJ3X1ZQxwLthIRH8TxiLKmJ00?authuser=0&hl=fr&rclk=1,NOEL CHELDA CPC - Climatisation Plomberie Chauffage,"4,9",-28,Chauffagiste,·,06 10 56 71 44,https://www.noelcheldacpc.com/certifications
"https://www.google.com/maps/place/Capra+Sav,+artisan+chauffagiste+gaz,+Arles/data=!4m7!3m6!1s0x12b6763fa77c7e77:0xd227270beeff018!8m2!3d43.680111!4d4.6217411!16s%2Fg%2F11c2pp45rq!19sChIJd358pz92thIRGPDvvnByIg0?authuser=0&hl=fr&rclk=1","Capra Sav, artisan chauffagiste gaz, Arles",,,Chauffagiste,2 Rue Anibert,04 90 96 49 81,https://www.capra-chauffage-gaz-13.fr/
https://www.google.com/maps/place/OuiClim/data=!4m7!3m6!1s0x12b5c97a8e680855:0x57eee4ab04d29067!8m2!3d43.6971381!4d4.6327823!16s%2Fg%2F11j2_svbd0!19sChIJVQhojnrJtRIRZ5DSBKvk7lc?authuser=0&hl=fr&rclk=1,OuiClim,"4,9",-45,Fournisseur d'équipements de chauffage,·,07 81 61 28 52,https://ouiclim.fr/
https://www.google.com/maps/place/EURL+Plomberie+chauffage+ROSCIGNO/data=!4m7!3m6!1s0x12b676747f5c7b5f:0x90bbb69c0fa13e40!8m2!3d43.6648688!4d4.6346839!16s%2Fg%2F1thm0j81!19sChIJX3tcf3R2thIRQD6hD5y2u5A?authuser=0&hl=fr&rclk=1,EURL Plomberie chauffage ROSCIGNO,5,-14,Plombier,15 Rue Charlie Chaplin,06 22 45 38 24,http://google.cleasite.fr/
https://www.google.com/maps/place/SMP+Plomberie+Chauffage+Climatisation/data=!4m7!3m6!1s0x12b60937f250194f:0x329151c5a3559223!8m2!3d44.0544368!4d5.9746044!16s%2Fg%2F11fv4lsltx!19sChIJTxlQ8jcJthIRI5JVo8VRkTI?authuser=0&hl=fr&rclk=1,SMP Plomberie Chauffage Climatisation,"4,9",-70,Chauffagiste,·,06 46 26 01 47,https://www.smpplomberie.fr/
https://www.google.com/maps/place/AP2C+Arles+Plomberie+Chauffage+et+Climatisation/data=!4m7!3m6!1s0x8490c1d7bcd7d669:0xb1a9b8eaa356ca4e!8m2!3d43.5737641!4d4.7074999!16s%2Fg%2F11y9xj77jy!19sChIJadbXvNfBkIQRTspWo-q4qbE?authuser=0&hl=fr&rclk=1,AP2C Arles Plomberie Chauffage et Climatisation,5,-22,Chauffagiste,·,06 49 14 72 49,https://ap2c-arles.fr/
https://www.google.com/maps/place/LCM+Multi-Services/data=!4m7!3m6!1s0x12b677f19bff4b63:0x796b0a259005e9b6!8m2!3d43.6960953!4d4.633398!16s%2Fg%2F11rmt040wg!19sChIJY0v_m_F3thIRtukFkCUKa3k?authuser=0&hl=fr&rclk=1,LCM Multi-Services,"4,5",-16,Chauffagiste,·,04 90 97 53 74,
https://www.google.com/maps/place/GC+plomberie+Arles/data=!4m7!3m6!1s0x85a4698953c764e3:0xb3d803d7479b477e!8m2!3d43.6603932!4d4.6188658!16s%2Fg%2F11x_qrrm9z!19sChIJ42THU4lppIURfkebR9cD2LM?authuser=0&hl=fr&rclk=1,GC plomberie Arles,5,-12,Chauffagiste,36 rue de la commune de Paris Villa 12,06 49 48 79 71,
https://www.google.com/maps/place/SOCHAM+-+Technisud+Services/data=!4m7!3m6!1s0x12b6779f01c25901:0xc81d3a4bb20191db!8m2!3d43.672615!4d4.59965!16s%2Fg%2F1tcx9257!19sChIJAVnCAZ93thIR25EBsks6Hcg?authuser=0&hl=fr&rclk=1,SOCHAM - Technisud Services,"3,7",-29,Chauffagiste,Rte de Gimeaux,04 90 96 25 01,
https://www.google.com/maps/place/MACLEM/data=!4m7!3m6!1s0x12b677ed53fba4ed:0x60c5dbba8aea3df2!8m2!3d43.6759057!4d4.5362525!16s%2Fg%2F11qmrmcb6_!19sChIJ7aT7U-13thIR8j3qirrbxWA?authuser=0&hl=fr&rclk=1,MACLEM,"4,9",-20,Chauffagiste,·,04 84 88 54 94,https://arles.maclem.fr/
https://www.google.com/maps/place/Gilles+Chiarel/data=!4m7!3m6!1s0x82806cd18b93331b:0x38131cc0c32a494d!8m2!3d43.6862476!4d4.6388192!16s%2Fg%2F11w3bmg0w2!19sChIJGzOTi9FsgIIRTUkqw8AcEzg?authuser=0&hl=fr&rclk=1,Gilles Chiarel,5,-12,Plombier,38 Rue Valentin Jaume,06 88 59 02 06,
https://www.google.com/maps/place/Plombier+installateur+chauffagiste+sanitaire+d%C3%A9pannage/data=!4m7!3m6!1s0x12b677414cf40561:0xeddb17516719a680!8m2!3d43.8085283!4d4.5379402!16s%2Fg%2F11h3nhzn9m!19sChIJYQX0TEF3thIRgKYZZ1EX2-0?authuser=0&hl=fr&rclk=1,Plombier installateur chauffagiste sanitaire dépannage,5,-4,Plombier,,06 22 00 67 76,
https://www.google.com/maps/place/Arles+Tarres+Plomberie/data=!4m7!3m6!1s0x4fc58948e600959d:0x5e8b750aa7ae25b!8m2!3d43.6652632!4d4.6095097!16s%2Fg%2F11y4sz5b9m!19sChIJnZUA5kiJxU8RW-J6qlC36AU?authuser=0&hl=fr&rclk=1,Arles Tarres Plomberie,5,-20,Chauffagiste,·,06 69 48 12 91,https://www.arles-tarres-plomberie.com/
https://www.google.com/maps/place/Aissa+Othmane/data=!4m7!3m6!1s0x12b677700dd1f215:0x45cf3ffea5b733d6!8m2!3d43.6690847!4d4.6163895!16s%2Fg%2F11rf91v5x_!19sChIJFfLRDXB3thIR1jO3pf4_z0U?authuser=0&hl=fr&rclk=1,Aissa Othmane,5,-3,Plombier,8 Rue Jean Paul Méjean,06 52 41 10 50,
https://www.google.com/maps/place/Arlotto+Plomberie/data=!4m7!3m6!1s0x12b6760498bcd3f5:0x4e306b1e64e3dc07!8m2!3d43.6959921!4d4.5966502!16s%2Fg%2F1tnmc3yx!19sChIJ9dO8mAR2thIRB9zjZB5rME4?authuser=0&hl=fr&rclk=1,Arlotto Plomberie,"4,7",-40,Chauffagiste,20 Rue de Ledignan,04 90 96 59 30,http://www.facebook.com/SARL-ARLOTTO-PLOMBERIE-288970824568993/
https://www.google.com/maps/place/Climair+-+Climatisation+Arles+-+Vente+et+pose+de+clim+Arles/data=!4m7!3m6!1s0x12b60ae6e0ba9adb:0x2d553088bfced627!8m2!3d43.6616031!4d4.7428002!16s%2Fg%2F1vx70mn9!19sChIJ25q64OYKthIRJ9bOv4gwVS0?authuser=0&hl=fr&rclk=1,Climair - Climatisation Arles - Vente et pose de clim Arles,5,-66,Fournisseur de systèmes de climatisation,183 Rte de Corse,06 12 45 32 79,https://www.climair-arles.fr/
https://www.google.com/maps/place/ACM+PACA+CLIMATISATION+-+POMPE+A+CHALEUR+-+VMC/data=!4m7!3m6!1s0x12c9ff6f5c265fd9:0x80faebfb8075953c!8m2!3d43.642076!4d5.094335!16s%2Fg%2F11f89h4_g6!19sChIJ2V8mXG__yRIRPJV1gPvr-oA?authuser=0&hl=fr&rclk=1,ACM PACA CLIMATISATION - POMPE A CHALEUR - VMC,"4,8",-147,Fournisseur de systèmes de climatisation,175 Boulevard Nostradamus,09 81 32 98 96,https://www.google.com/aclk?sa=L&ai=DChsSEwjYle2Vx72UAxX2REECHS0uLRkYACICCAEQABoCd3M&co=1&ase=2&gclid=CjwKCAjwq6DQBhBVEiwA4ZD5XCuRitGDYujYjcRqDFesxvsYDG5xgGS9NrzTB1kxl_DwJcuwFe8IDRoCCkkQAvD_BwE&cce=2&category=acrcp_v1_32&sig=AOD64_1w-2hgduIumaTaeNQ4a0gnzxQfWA&adurl&q&ctype=99&nis=6
https://www.google.com/maps/place/SONEPAR+CLIMATE+SOLUTIONS+ARLES+:+Distributeur+de+pompes+%C3%A0+chaleur/data=!4m7!3m6!1s0x12b5d8a58f717805:0x13a2deea02532ec2!8m2!3d43.7036474!4d4.63425!16s%2Fg%2F11j2yqmvnq!19sChIJBXhxj6XYtRIRwi5TAureohM?authuser=0&hl=fr&rclk=1,SONEPAR CLIMATE SOLUTIONS ARLES : Distributeur de pompes à chaleur,"4,9",-14,Fournisseur de systèmes de climatisation,36 Rue Nicolas Copernic,04 13 94 70 35,https://climate.sonepar.fr/
https://www.google.com/maps/place/RICHARDSON+:+SANITAIRE-+CHAUFFAGE+-+PLOMBERIE+-+PHOTOVOLTA%C3%8FQUE/data=!4m7!3m6!1s0x12b675df4a514a69:0x279818af3fda271c!8m2!3d43.6992013!4d4.6363975!16s%2Fg%2F113fx792k!19sChIJaUpRSt91thIRHCfaP68YmCc?authuser=0&hl=fr&rclk=1,RICHARDSON : SANITAIRE- CHAUFFAGE - PLOMBERIE - PHOTOVOLTAÏQUE,"4,7",-18,Spécialiste de la salle de bains,·,04 90 98 39 83,https://www.richardson.fr/tous-les-magasins/agence/arles
https://www.google.com/maps/place/Sarl+2.G/data=!4m7!3m6!1s0x12b675722db07ba3:0x6f2293e76b120b42!8m2!3d43.6722822!4d4.6771741!16s%2Fg%2F11h4z5v0rb!19sChIJo3uwLXJ1thIRQgsSa-eTIm8?authuser=0&hl=fr&rclk=1,Sarl 2.G,5,-3,Plombier,15 Chem. des Ormilles,04 90 43 93 64,http://www.sarl2g.fr/
https://www.google.com/maps/place/Climn%C3%AEmes/data=!4m7!3m6!1s0x12b42dd5d697b4cb:0xd9be6b41f1ac3f84!8m2!3d43.9638904!4d4.2773903!16s%2Fg%2F11xfh9cd5q!19sChIJy7SX1tUttBIRhD-s8UFrvtk?authuser=0&hl=fr&rclk=1,Climnîmes,"4,9",-18,Plombier,·,06 01 10 11 01,https://www.climnimes.fr/
https://www.google.com/maps/place/AMDS+Castanier+Nicolas+Arles+Multi+D%C3%A9pannages+Services/data=!4m7!3m6!1s0x12b675a4cf00002d:0xd8f66ab08a237da!8m2!3d43.6600602!4d4.6748578!16s%2Fg%2F11jgbzmzl8!19sChIJLQAAz6R1thIR2jeiCKtmjw0?authuser=0&hl=fr&rclk=1,AMDS Castanier Nicolas Arles Multi Dépannages Services,5,-2,Service de réparation de systèmes de climatisation,3 Chem. du Mas Paget,04 90 96 40 65,http://castaniernicolaslaurent.site-solocal.com/
https://www.google.com/maps/place/DKAIR/data=!4m4!3m3!1s0x80d0e790a9958707:0x53ac9422663a113a!16s%2Fg%2F11zk3rf46n!19sChIJB4eVqZDn0IAROhE6ZiKUrFM?authuser=0&hl=fr&rclk=1,DKAIR,5,-10,Chauffagiste,·,06 59 57 46 75,http://dkair.fr/
https://www.google.com/maps/place/C.V.I./data=!4m7!3m6!1s0x12b5d8a57ab242ad:0xe59925a8b3d1e0cc!8m2!3d43.7099977!4d4.6313442!16s%2Fg%2F1tz2vrdl!19sChIJrUKyeqXYtRIRzODRs6glmeU?authuser=0&hl=fr&rclk=1,C.V.I.,"3,9",-31,Fournisseur de systèmes de climatisation,"ZA du Fer à cheval, 235 Rue Edmée Chandon",04 90 93 79 90,http://www.c-v-i.fr/
https://www.google.com/maps/place/PAC/data=!4m7!3m6!1s0x12b60b11995e4a19:0xd70951f3906667cb!8m2!3d43.7258599!4d4.693235!16s%2Fg%2F1tk0srns!19sChIJGUpemRELthIRy2dmkPNRCdc?authuser=0&hl=fr&rclk=1,PAC,"4,5",-23,Chauffagiste,"Parc d'activités des Lagettes, Lot 1A",04 90 47 69 08,https://pacplomberie.fr/
https://www.google.com/maps/place/SARL+ASBC/data=!4m7!3m6!1s0x12b60b2b0c592897:0x46e1b4d71605f9f4!8m2!3d43.6508341!4d4.730769!16s%2Fg%2F11b6dw0sq1!19sChIJlyhZDCsLthIR9PkFFte04UY?authuser=0&hl=fr&rclk=1,SARL ASBC,5,-5,Électricien,"MAS D'ESCAMPON, 900 Rte de Bellombre",06 30 77 35 57,http://asbc.elec.free.fr/
https://www.google.com/maps/place/EFFICIENCE+-+Panneau+solaire+%26+%C3%A9nergie/data=!4m7!3m6!1s0x12b677d907c65d6b:0x3a3fe42c6ea3a60e!8m2!3d43.6650201!4d4.6338909!16s%2Fg%2F11j2w0523x!19sChIJa13GB9l3thIRDqajbizkPzo?authuser=0&hl=fr&rclk=1,EFFICIENCE - Panneau solaire & énergie,5,-216,Fournisseur d'équipements d'énergie solaire,·,06 84 83 34 89,https://panneau-solaire-efficience.fr/
https://www.google.com/maps/place/Arles+Froid+Camargue/data=!4m7!3m6!1s0x12b67611ff5eebcb:0xae14a23cd569b0e4!8m2!3d43.7046138!4d4.6345866!16s%2Fg%2F1tdfqb6q!19sChIJy-te_xF2thIR5LBp1TyiFK4?authuser=0&hl=fr&rclk=1,Arles Froid Camargue,5,-9,Entrepreneur spécialisé dans les systèmes de CVC,42 Rue Nicolas Copernic,04 90 96 79 81,https://arles-froid-camargue.fr/
https://www.google.com/maps/place/Robineau+Christophe/data=!4m7!3m6!1s0x12b5d8ab8f68d3e7:0x2e640f8f8bfcee15!8m2!3d43.7002917!4d4.6409347!16s%2Fg%2F1td44k0n!19sChIJ59Noj6vYtRIRFe78i48PZC4?authuser=0&hl=fr&rclk=1,Robineau Christophe,"3,6",-10,Fabricant de cheminées,·,04 90 49 73 88,http://www.ets-robineau.fr/
https://www.google.com/maps/place/Campus+Provence/data=!4m7!3m6!1s0x12b67648b0663d1d:0x43f4528e5c99aa22!8m2!3d43.6758933!4d4.6157184!16s%2Fg%2F1pp2ww_1k!19sChIJHT1msEh2thIRIqqZXI5S9EM?authuser=0&hl=fr&rclk=1,Campus Provence,"3,9",-15,Chauffagiste,Quai de la Gabelle,04 90 96 06 95,http://www.campusprovence.fr/
https://www.google.com/maps/place/Chauffage+Climatisation+Sanitaire/data=!4m7!3m6!1s0x12b6765f62d5f81f:0x388994d74d09599f!8m2!3d43.6595237!4d4.6211519!16s%2Fg%2F11bzzrprlq!19sChIJH_jVYl92thIRn1kJTdeUiTg?authuser=0&hl=fr&rclk=1,Chauffage Climatisation Sanitaire,,,Entrepreneur,27 Rue Gaspard Monge,04 90 93 90 30,
https://www.google.com/maps/place/Gamarra+%C3%89nergies+Renouvelables/data=!4m7!3m6!1s0x12b675b17c229499:0x94a5475aa7913dd!8m2!3d43.6620581!4d4.6726018!16s%2Fg%2F1tgw730n!19sChIJmZQifLF1thIR3RN5qnVUSgk?authuser=0&hl=fr&rclk=1,Gamarra Énergies Renouvelables,"4,7",-11,Fournisseur d'équipements d'énergie solaire,164 Rte d'Eyguières,06 16 90 69 85,http://www.gamarra.fr/
https://www.google.com/maps/place/Fic+Arles+-+Le+magasin/data=!4m7!3m6!1s0x12b5d989b18b7265:0xca8c189faa04e678!8m2!3d43.7053026!4d4.6332566!16s%2Fg%2F11gtb1ty7k!19sChIJZXKLsYnZtRIReOYEqp8YjMo?authuser=0&hl=fr&rclk=1,Fic Arles - Le magasin,4,-23,Spécialiste de la salle de bains,·,04 90 97 13 91,https://www.fic-pro.fr/
https://www.google.com/maps/place/Assainissement+N%C3%AEmois/data=!4m7!3m6!1s0x12b67feac2b6e859:0x1fa635fa23f313ab!8m2!3d43.8936792!4d4.094839!16s%2Fg%2F11lmj572f5!19sChIJWei2wup_thIRqxPzI_o1ph8?authuser=0&hl=fr&rclk=1,Assainissement Nîmois,5,-42,Plombier,·,07 86 67 19 69,http://www.assainissementnimois.com/
https://www.google.com/maps/place/Actsol/data=!4m7!3m6!1s0x12b676768867d117:0x9cc10f2a9465426a!8m2!3d43.6721921!4d4.6422963!16s%2Fg%2F11g0tkzshn!19sChIJF9FniHZ2thIRakJllCoPwZw?authuser=0&hl=fr&rclk=1,Actsol,,,Chauffagiste,26 Rue Jacques Martin,04 90 96 14 80,
https://www.google.com/maps/place/H2C+-+Energie/data=!4m7!3m6!1s0x734a62e90e931e3:0xb548e966281fa5ce!8m2!3d49.029084!4d2.46992!16s%2Fg%2F11ym1y_vgd!19sChIJ4zHpkC6mNAcRzqUfKGbpSLU?authuser=0&hl=fr&rclk=1,H2C - Energie,5,-3,Fournisseur de systèmes de climatisation,4 Rue Louise Michel,07 43 65 66 16,https://www.google.com/aclk?sa=L&ai=DChsSEwi2r_Cox72UAxXDo2gJHTOJN6oYACICCAEQARoCd2Y&co=1&ase=2&gclid=CjwKCAjwq6DQBhBVEiwA4ZD5XGI4FE8Mbsz1r7ahGsLXOHZKERS9fFNM8kHh8-7Vxe3GzUQRWNMzqRoCz8sQAvD_BwE&cce=2&category=acrcp_v1_32&sig=AOD64_3n4mKlsX3Al1RUMZM45USKTEChVA&adurl&q&ctype=99&nis=6
https://www.google.com/maps/place/Etablissement+Lefevre+Paris+11+:+Plomberie+d%C3%A9gorgement+Chauffage+Serrurerie/data=!4m7!3m6!1s0x47e66dbe3188b537:0x1923f0870e9feef2!8m2!3d48.85857!4d2.378489!16s%2Fg%2F11nm_tdwl_!19sChIJN7WIMb5t5kcR8u6fDofwIxk?authuser=0&hl=fr&rclk=1,Etablissement Lefevre Paris 11 : Plomberie dégorgement Chauffage Serrurerie,"4,5",-148,Plombier,124 Boulevard Voltaire,01 48 05 15 15,https://www.google.com/aclk?sa=L&ai=DChsSEwi2r_Cox72UAxXDo2gJHTOJN6oYACICCAEQDBoCd2Y&co=1&ase=2&gclid=CjwKCAjwq6DQBhBVEiwA4ZD5XDyi88JAPlNtg7TEdBaKW7aoOwGZNEiSR3FTuyZUPkEI2qfwndLz1xoCyEAQAvD_BwE&cce=2&category=acrcp_v1_32&sig=AOD64_0Dsx1js3WcVIoWBWQJr0-4phBQlQ&adurl&q&ctype=99&nis=6
https://www.google.com/maps/place/Plombier+chauffagiste+bagneux/data=!4m7!3m6!1s0xace8d62de051a2cd:0xc693b41fdca62e8b!8m2!3d48.7991295!4d2.3166346!16s%2Fg%2F11y87lpk0n!19sChIJzaJR4C3W6KwRiy6m3B-0k8Y?authuser=0&hl=fr&rclk=1,Plombier chauffagiste bagneux,"4,9",-162,Chauffagiste,52 Rue Jean Longuet,06 21 13 92 85,http://plombierchauffagistebagneux.fr/
https://www.google.com/maps/place/BDN+PLOMBERIE/data=!4m7!3m6!1s0x47e671d748cd79d5:0xbdaf2f6e01fe52e4!8m2!3d48.7982178!4d2.3193729!16s%2Fg%2F11yf6z9t7v!19sChIJ1XnNSNdx5kcR5FL-AW4vr70?authuser=0&hl=fr&rclk=1,BDN PLOMBERIE,"4,8",-17,Plombier,137 Rue des Meuniers,01 40 30 78 66,https://annuaire-entreprises.data.gouv.fr/entreprise/bdn-plomberie-bdn-plomberie-917780546
https://www.google.com/maps/place/R%C3%A9nov%27plomberie/data=!4m7!3m6!1s0x47e671ed318a897d:0x692ef930046d0437!8m2!3d48.7862582!4d2.3098674!16s%2Fg%2F11h71nn4wc!19sChIJfYmKMe1x5kcRNwRtBDD5Lmk?authuser=0&hl=fr&rclk=1,Rénov'plomberie,"4,8",-39,Plombier,12 Rue du Général Sarrail,06 61 25 05 27,
https://www.google.com/maps/place/Docteur+Plomberie/data=!4m7!3m6!1s0x47e6711e17a82179:0x52f332e0fee1d0d3!8m2!3d48.7999915!4d2.3183376!16s%2Fg%2F11dftpyp5p!19sChIJeSGoFx5x5kcR09Dh_uAy81I?authuser=0&hl=fr&rclk=1,Docteur Plomberie,"4,8",-182,Chauffagiste,20 Av. Louis Pasteur,07 69 66 81 64,http://docteurplomberie.fr/
https://www.google.com/maps/place/ENGIE+Home+Services/data=!4m7!3m6!1s0x47e679efc4c9c409:0x2cb5637a3498bb58!8m2!3d48.800552!4d2.307146!16s%2Fg%2F1hc4ksb_c!19sChIJCcTJxO955kcRWLuYNHpjtSw?authuser=0&hl=fr&rclk=1,ENGIE Home Services,"3,9",-292,Chauffagiste,1 Rue de l'Égalité,01 46 01 80 60,https://agence.engie-homeservices.fr/171-engie-home-services-hauts-de-seine-sud?utm_source=gmb
https://www.google.com/maps/place/Pigal+Michael/data=!4m7!3m6!1s0x47e670c33670b223:0x591dbd6bebee7f08!8m2!3d48.7930984!4d2.304438!16s%2Fg%2F11b6d5kpb2!19sChIJI7JwNsNw5kcRCH_u62u9HVk?authuser=0&hl=fr&rclk=1,Pigal Michael,"4,8",-47,Plombier,Rue de la Prte d'en Bas,06 20 90 14 38,
https://www.google.com/maps/place/Sallandre/data=!4m7!3m6!1s0x47e670ebd4aa6b39:0x123100f09f85f749!8m2!3d48.7992663!4d2.3001784!16s%2Fg%2F11n88pvlq_!19sChIJOWuq1Otw5kcRSfeFn_AAMRI?authuser=0&hl=fr&rclk=1,Sallandre,"2,7",-12,Plombier,57 Rue Alphonse Pluchet,01 46 57 30 30,
https://www.google.com/maps/place/Celcius/data=!4m7!3m6!1s0x47e6711cbc4a3b75:0x1fb4ee5d6157cd75!8m2!3d48.8051535!4d2.3227725!16s%2Fg%2F11b6d7t1b9!19sChIJdTtKvBxx5kcRdc1XYV3utB8?authuser=0&hl=fr&rclk=1,Celcius,,,Plombier,21 Av. Victor Hugo,01 40 92 14 86,http://www.celcius.fr/
https://www.google.com/maps/place/AISSI/data=!4m7!3m6!1s0x47e677bc0559a05b:0x20263ade674859a2!8m2!3d48.7712773!4d2.3424353!16s%2Fg%2F11xh0hvhh0!19sChIJW6BZBbx35kcRollIZ946JiA?authuser=0&hl=fr&rclk=1,AISSI,5,-2,Plombier,60 Av. du Général de Gaulle,01 85 53 45 95,https://www.assi-services.fr/
https://www.google.com/maps/place/Plomb+Solutions/data=!4m7!3m6!1s0x464390ece0b86e7d:0x80a3654a4260e3de!8m2!3d48.8018476!4d2.3141309!16s%2Fg%2F11xymn8y3b!19sChIJfW644OyQQ0YR3uNgQkplo4A?authuser=0&hl=fr&rclk=1,Plomb Solutions,5,-3,Plombier,1 bis Rue Frédéric Chopin,07 43 55 47 19,
https://www.google.com/maps/place/SANDRIN-ROUSSEAU+Plomberie+Chauffage+Bains/data=!4m7!3m6!1s0x47e670d570dc9461:0xbb2bf63b22403bff!8m2!3d48.7783708!4d2.3146158!16s%2Fg%2F1tznlp5r!19sChIJYZTccNVw5kcR_ztAIjv2K7s?authuser=0&hl=fr&rclk=1,SANDRIN-ROUSSEAU Plomberie Chauffage Bains,"4,1",-24,Chauffagiste,116 Av. du Général Leclerc,01 46 61 88 55,https://www.sandrin.fr/
https://www.google.com/maps/place/CP+SERVICES/data=!4m7!3m6!1s0x47e670bbc9f9d785:0xa9dd39c0d7be842f!8m2!3d48.7938849!4d2.2879151!16s%2Fg%2F11b7kg266g!19sChIJhdf5ybtw5kcRL4S-18A53ak?authuser=0&hl=fr&rclk=1,CP SERVICES,"3,6",-12,Chauffagiste,11 Rue des Pierrelais,01 40 91 98 52,http://www.cp-services.net/
https://www.google.com/maps/place/Sarl+Cardoso+Et+Fils/data=!4m7!3m6!1s0x47e6710cb674f21d:0x7681b4f7c8217bb8!8m2!3d48.7999949!4d2.3314507!16s%2Fg%2F1thw60ys!19sChIJHfJ0tgxx5kcRuHshyPe0gXY?authuser=0&hl=fr&rclk=1,Sarl Cardoso Et Fils,"4,7",-3,Chauffagiste,3 avenue jean pierre,01 45 46 52 44,
https://www.google.com/maps/place/Meribat/data=!4m7!3m6!1s0x47e67120384412bf:0xd29207bc27a96164!8m2!3d48.7954003!4d2.3194039!16s%2Fg%2F11cs3y34_v!19sChIJvxJEOCBx5kcRZGGpJ7wHktI?authuser=0&hl=fr&rclk=1,Meribat,"4,3",-51,Entreprise de construction,·,01 49 86 04 33,http://www.meribat-renovation.fr/
https://www.google.com/maps/place/DEPANN%27LOGIS/data=!4m7!3m6!1s0x47e67150b533c401:0xde4fe0ba9664c367!8m2!3d30.6959409!4d-49.8171262!16s%2Fg%2F11b6dr4f_l!19sChIJAcQztVBx5kcRZ8NklrrgT94?authuser=0&hl=fr&rclk=1,DEPANN'LOGIS,"4,2",-42,Chauffagiste,·,01 46 56 75 90,
https://www.google.com/maps/place/ENGIE+BAGNEUX/data=!4m7!3m6!1s0x47e6713bb5701333:0xf5dd2bc8c193b21d!8m2!3d48.8005646!4d2.3230217!16s%2Fg%2F11h59sy8q4!19sChIJMxNwtTtx5kcRHbKTwcgr3fU?authuser=0&hl=fr&rclk=1,ENGIE BAGNEUX,"3,8",-16,Fournisseur d'électricité,·,,http://engie.com/
https://www.google.com/maps/place/BRUNET/data=!4m7!3m6!1s0x47e670eca80b19b9:0x776597cba8383c99!8m2!3d48.8003871!4d2.3074688!16s%2Fg%2F113gr2qn6!19sChIJuRkLqOxw5kcRmTw4qMuXZXc?authuser=0&hl=fr&rclk=1,BRUNET,"3,7",-15,Chauffagiste,1 Rue de l'Égalité,01 41 17 47 00,http://www.brunet-groupe.fr/?utm_source=gmb
https://www.google.com/maps/place/Daikin+Airconditioning+France+-+Agence+de+Nice+-+Corse/data=!4m7!3m6!1s0x12cdd1428cfd63db:0x1197ceac007f60cb!8m2!3d43.659269!4d7.192005!16s%2Fg%2F11g6lvcm0z!19sChIJ22P9jELRzRIRy2B_AKzOlxE?authuser=0&hl=fr&rclk=1,Daikin Airconditioning France - Agence de Nice - Corse,"2,3",-14,Magasin de systèmes de climatisation,103 Avenue France d'Outremer,04 93 31 69 29,https://www.google.com/aclk?sa=L&ai=DChsSEwimrbLUx72UAxX5akECHSmnI-0YACICCAEQABoCd3M&co=1&ase=2&gclid=CjwKCAjwq6DQBhBVEiwA4ZD5XDXM6ApAgkeSEqVPZW8ijEddv425VWguQKvEQ7fafnkAOIB1E9Ka-hoC_f4QAvD_BwE&cce=2&category=acrcp_v1_32&sig=AOD64_3Q56niAFuF2c7UByjpR-1JND7qkA&adurl&q&ctype=99&nis=6
https://www.google.com/maps/place/ENC+Chauffage+-+D%C3%A9pannage+Chaudi%C3%A8re+Gaz+et+Pompe+a+Chaleur+%C3%A0+Grasse/data=!4m7!3m6!1s0x12cc29aa887cf249:0x3bd2b791c828a4a5!8m2!3d43.646016!4d6.929445!16s%2Fg%2F11pfrppqgh!19sChIJSfJ8iKopzBIRpaQoyJG30js?authuser=0&hl=fr&rclk=1,ENC Chauffage - Dépannage Chaudière Gaz et Pompe a Chaleur à Grasse,5,-125,Chauffagiste,81 Av. Henri Dunant BAT E3,04 89 72 93 50,https://www.encchauffage.com/
https://www.google.com/maps/place/BF+Plomberie/data=!4m7!3m6!1s0x12cc27e559f5cb61:0xe1e8ec6246a17f0c!8m2!3d43.6534782!4d6.9197037!16s%2Fg%2F11fl7clz8y!19sChIJYcv1WeUnzBIRDH-hRmLs6OE?authuser=0&hl=fr&rclk=1,BF Plomberie,"4,9",-119,Chauffagiste,23 Av. Sainte-Lorette,06 62 76 08 12,https://www.bfplomberie.com/
https://www.google.com/maps/place/STME/data=!4m7!3m6!1s0x12cc288d93029c99:0x19539e447e2bc30!8m2!3d43.627571!4d6.938552!16s%2Fg%2F11b6d5j3n_!19sChIJmZwCk40ozBIRMLziR-Q5lQE?authuser=0&hl=fr&rclk=1,STME,"4,7",-44,Entrepreneur spécialisé dans les systèmes de CVC,22 Av. Joseph Honoré Isnard,04 93 60 33 04,http://www.stme.fr/
https://www.google.com/maps/place/Depann%27Gaz/data=!4m7!3m6!1s0x12cc28e6de35df6f:0xc78835c529359266!8m2!3d43.6339929!4d6.9568928!16s%2Fg%2F1tqbf717!19sChIJb9813uYozBIRZpI1KcU1iMc?authuser=0&hl=fr&rclk=1,Depann'Gaz,4,-40,Chauffagiste,·,04 93 36 79 89,https://grasse.axenergie.eu/
https://www.google.com/maps/place/Azur+Service+06/data=!4m7!3m6!1s0x12cc2fa8c76d3049:0x32d1a19fa01d5593!8m2!3d43.6591034!4d6.9237604!16s%2Fg%2F11h8960fr2!19sChIJSTBtx6gvzBIRk1UdoJ-h0TI?authuser=0&hl=fr&rclk=1,Azur Service 06,"4,9",-272,Chauffagiste,4 Rue de l'Oratoire,04 22 46 12 21,https://www.azur-service06.fr/depannage-plomberie
https://www.google.com/maps/place/PLOMBERIE+NAVELLO/data=!4m7!3m6!1s0x12cc29fac45489e7:0xc5b6121465c34bb!8m2!3d43.6520064!4d6.9219634!16s%2Fg%2F11j8k02852!19sChIJ54lUxPopzBIRuzRcRiFhWww?authuser=0&hl=fr&rclk=1,PLOMBERIE NAVELLO,"4,3",-24,Plombier,26 Av. Mathias Duval,04 93 42 61 36,https://www.plomberienavello.fr/
https://www.google.com/maps/place/Plomberie+-+Soci%C3%A9t%C3%A9+d%27Exploitation+Beladina+Chabut/data=!4m7!3m6!1s0x12cc28b8eab29c8b:0x170c6167f53dc323!8m2!3d43.6716614!4d6.687449!16s%2Fg%2F11btmq4m3x!19sChIJi5yy6rgozBIRI8M99WdhDBc?authuser=0&hl=fr&rclk=1,Plomberie - Société d'Exploitation Beladina Chabut,"4,3",-26,Plombier,·,04 93 36 49 98,
https://www.google.com/maps/place/Avenir+Confort+Energie/data=!4m7!3m6!1s0x12cc2f4c4cf125a5:0xda0801b3b5dee73b!8m2!3d43.660339!4d6.9341427!16s%2Fg%2F11fcpscbrh!19sChIJpSXxTEwvzBIRO-fetbMBCNo?authuser=0&hl=fr&rclk=1,Avenir Confort Energie,5,-161,Chauffagiste,·,09 67 31 81 92,https://www.avenirconfortenergie.com/
https://www.google.com/maps/place/P2S+Plomberie+Stefan/data=!4m7!3m6!1s0x12cc29f9baa73589:0xcd67ebb9cfa5b8a6!8m2!3d43.6374444!4d6.9338453!16s%2Fg%2F11j8ln8rb4!19sChIJiTWnuvkpzBIRprilz7nrZ80?authuser=0&hl=fr&rclk=1,P2S Plomberie Stefan,"4,6",-9,Chauffagiste,98 Rte de Pégomas,04 92 60 02 42,http://www.facebook.com/P2SplomberieStefan/
https://www.google.com/maps/place/LDI+Energies+-+Panneaux+Solaires+Photovolta%C3%AFques+%2F+Pompe+%C3%A0+chaleur+%2F+Climatisation+%2F+Certifi%C3%A9+RGE+QUALIPAC+QUALIPV/data=!4m7!3m6!1s0xa21528f223e99ad3:0x48b508238d51e4b3!8m2!3d43.6497312!4d6.9358554!16s%2Fg%2F11p_1zlp0k!19sChIJ05rpI_IoFaIRs-RRjSMItUg?authuser=0&hl=fr&rclk=1,LDI Energies - Panneaux Solaires Photovoltaïques / Pompe à chaleur / Climatisation / Certifié RGE QUALIPAC QUALIPV,5,-103,Fournisseur d'énergie,All. du Puits,06 86 49 95 66,https://ldienergies.fr/
https://www.google.com/maps/place/GEC/data=!4m7!3m6!1s0x12cc26024793de95:0xc83c69b3fd235a31!8m2!3d43.6533927!4d6.9191085!16s%2Fg%2F11gf01t6my!19sChIJld6TRwImzBIRMVoj_bNpPMg?authuser=0&hl=fr&rclk=1,GEC,"4,9",-98,Fournisseur de systèmes de climatisation,44 Bd Victor Hugo,04 93 09 38 55,http://www.gec-climatisation.com/
https://www.google.com/maps/place/Coplomb/data=!4m7!3m6!1s0x12cc28e3e62eafe7:0x491fe1d3e2f8a316!8m2!3d43.6312412!4d6.9596503!16s%2Fg%2F11h2f6xz2k!19sChIJ568u5uMozBIRFqP44tPhH0k?authuser=0&hl=fr&rclk=1,Coplomb,5,-3,Plombier,144 Chem. de Saint-Marc,04 93 40 46 20,https://www.facebook.com/COPLOMB
https://www.google.com/maps/place/Sidef/data=!4m7!3m6!1s0x12cc288d93029c99:0xa98924ec280a81c5!8m2!3d43.6276812!4d6.9389737!16s%2Fg%2F11b6d2n6wj!19sChIJmZwCk40ozBIRxYEKKOwkiak?authuser=0&hl=fr&rclk=1,Sidef,"4,6",-25,Entrepreneur spécialisé dans les systèmes de CVC,22 Av. Joseph Honoré Isnard,04 93 40 14 01,https://sidef.net/
https://www.google.com/maps/place/ATRY+HOME/data=!4m7!3m6!1s0x12cc28b095851219:0x412ad1c647454ed1!8m2!3d43.6493051!4d6.9327324!16s%2Fg%2F1tfplx95!19sChIJGRKFlbAozBIR0U5FR8bRKkE?authuser=0&hl=fr&rclk=1,ATRY HOME,"4,7",-161,Fournisseur d'équipements de chauffage,·,04 93 09 04 90,http://www.atryhome.com/
https://www.google.com/maps/place/ABORDS+-+%C3%A9lectricit%C3%A9+-+domotique+-%C3%A9clairage+-+climatisation+-+chauffage+-+alarme+-+vid%C3%A9osurveillance/data=!4m7!3m6!1s0x12cc29ea35bd0bf1:0xf9e4f1b0a1b9e46b!8m2!3d43.6277064!4d6.9390176!16s%2Fg%2F1tfv76b8!19sChIJ8Qu9NeopzBIRa-S5obDx5Pk?authuser=0&hl=fr&rclk=1,ABORDS - électricité - domotique -éclairage - climatisation - chauffage - alarme - vidéosurveillance,"3,4",-30,Poste électrique,"5 avenue Joseph Honoré Isnard Bois De Grasse, 5 Av. Joseph Honoré Isnard",06 14 22 13 81,http://facebook.com/pg/abords06?utm_source=gmb
https://www.google.com/maps/place/Garraud-Franchitti/data=!4m7!3m6!1s0x29c4f519bc69a63d:0xfdbeeda887a8ae74!8m2!3d43.9208006!4d7.1772014!16s%2Fg%2F11t6_qt512!19sChIJPaZpvBn1xCkRdK6oh6jtvv0?authuser=0&hl=fr&rclk=1,Garraud-Franchitti,4,-8,Chauffagiste,·,04 93 68 03 05,http://www.garraud-franchitti.fr/
https://www.google.com/maps/place/Azur+Syst%C3%A8me+Solaire/data=!4m7!3m6!1s0x12cc28b8a3d9ad4f:0x4dce19b4f4cfb86b!8m2!3d43.6279559!4d6.9384!16s%2Fg%2F1tg8fy49!19sChIJT63Zo7gozBIRa7jP9LQZzk0?authuser=0&hl=fr&rclk=1,Azur Système Solaire,"4,7",-216,Entreprise d'énergie solaire,·,04 93 77 81 29,https://www.azur-systeme-solaire.fr/
https://www.google.com/maps/place/Entretien+chaudiere/data=!4m7!3m6!1s0x12cc2f54ead32ce5:0x72f1cd4bacde8739!8m2!3d43.6591705!4d6.9251791!16s%2Fg%2F11pwyffwgk!19sChIJ5SzT6lQvzBIROYferEvN8XI?authuser=0&hl=fr&rclk=1,Entretien chaudiere,,,Chauffagiste,4 Rue du Miel,04 22 14 62 01,https://entretienchaudiere.com/4539-2104-entretien-chaudiere-grasse-06130.htm
https://www.google.com/maps/place/LE+SIS+GROUPE+-+Agence+C%C3%B4te+d%27Azur/data=!4m7!3m6!1s0x12cc2884190fe077:0x44d2a8a88024f176!8m2!3d43.6474871!4d6.9465435!16s%2Fg%2F1ydpvb8n0!19sChIJd-APGYQozBIRdvEkgKio0kQ?authuser=0&hl=fr&rclk=1,LE SIS GROUPE - Agence Côte d'Azur,"4,4",-70,Entreprise de construction,·,0 820 82 08 06,http://www.le-sis.com/
https://www.google.com/maps/place/Daikin+Airconditioning+France+-+Agence+de+Nice+-+Corse/data=!4m7!3m6!1s0x12cdd1428cfd63db:0x1197ceac007f60cb!8m2!3d43.659269!4d7.192005!16s%2Fg%2F11g6lvcm0z!19sChIJ22P9jELRzRIRy2B_AKzOlxE?authuser=0&hl=fr&rclk=1,Daikin Airconditioning France - Agence de Nice - Corse,"2,3",-14,Magasin de systèmes de climatisation,103 Avenue France d'Outremer,04 93 31 69 29,https://www.google.com/aclk?sa=L&ai=DChsSEwjY-u7Xx72UAxVvlGgJHZfTOhsYACICCAEQARoCd2Y&co=1&ase=2&gclid=CjwKCAjwq6DQBhBVEiwA4ZD5XB0GrHeGj6Ll4uXFtBIczjn-9oohdJxVRVuhZsoASpYIqHx4uOmWlRoCoJwQAvD_BwE&cce=2&category=acrcp_v1_32&sig=AOD64_339kPYaNVuDHsYJx96tmJthISLKQ&adurl&q&ctype=99&nis=6
https://www.google.com/maps/place/Avenir+R%C3%A9novations+06+Cannes/data=!4m7!3m6!1s0x12cc2b4ae89ed97f:0xc89b3f9f0943b251!8m2!3d43.573556!4d7.081836!16s%2Fg%2F11qbv0rpnm!19sChIJf9me6EorzBIRUbJDCZ8_m8g?authuser=0&hl=fr&rclk=1,Avenir Rénovations 06 Cannes,5,-12,Travaux généraux,244 Bis Avenue Georges Pompidou,04 81 68 39 51,https://www.google.com/aclk?sa=L&ai=DChsSEwjY-u7Xx72UAxVvlGgJHZfTOhsYACICCAEQAhoCd2Y&co=1&ase=2&gclid=CjwKCAjwq6DQBhBVEiwA4ZD5XNOqh00nvg8N5LayIF2Db1Xzpef4LIz1MBk87LjYiXpzAkc5MzgMVhoC1jQQAvD_BwE&cce=2&category=acrcp_v1_32&sig=AOD64_3A8ktRQn9Z6WsrhjcrNr_CMUO-8g&adurl&q&ctype=99&nis=6
https://www.google.com/maps/place/Gioiosa+Plomberie+Chauffage+Climatisation/data=!4m7!3m6!1s0x12cc28b2e36e14ff:0xcd990cffee70959e!8m2!3d43.6555154!4d6.9340874!16s%2Fg%2F11mhh10h9n!19sChIJ_xRu47IozBIRnpVw7v8Mmc0?authuser=0&hl=fr&rclk=1,Gioiosa Plomberie Chauffage Climatisation,"4,2",-5,Plombier,,01 93 40 84 22,
https://www.google.com/maps/place/SARL+SICILIANO/data=!4m7!3m6!1s0x12cc28e7146e5917:0xd3061043e8bcc89f!8m2!3d43.6355146!4d6.9545541!16s%2Fg%2F1tlr2r9k!19sChIJF1luFOcozBIRn8i86EMQBtM?authuser=0&hl=fr&rclk=1,SARL SICILIANO,"3,5",-4,Chauffagiste,90 Rte de la Paoute,04 93 70 28 28,https://www.sarlsiciliano-06.com/?utm_medium=referral&utm_source=gmb&utm_campaign=lnk-gmb
https://www.google.com/maps/place/SARL+SICILIANO/data=!4m7!3m6!1s0x12cc28e7146e5917:0xd3061043e8bcc89f!8m2!3d43.6355146!4d6.9545541!16s%2Fg%2F1tlr2r9k!19sChIJF1luFOcozBIRn8i86EMQBtM?authuser=0&hl=fr&rclk=1,SARL SICILIANO,"3,5",-4,Chauffagiste,90 Rte de la Paoute,04 93 70 28 28,https://www.sarlsiciliano-06.com/?utm_medium=referral&utm_source=gmb&utm_campaign=lnk-gmb
https://www.google.com/maps/place/Daikin+Airconditioning+France+-+Agence+de+Nice+-+Corse/data=!4m7!3m6!1s0x12cdd1428cfd63db:0x1197ceac007f60cb!8m2!3d43.659269!4d7.192005!16s%2Fg%2F11g6lvcm0z!19sChIJ22P9jELRzRIRy2B_AKzOlxE?authuser=0&hl=fr&rclk=1,Daikin Airconditioning France - Agence de Nice - Corse,"2,3",-14,Magasin de systèmes de climatisation,103 Avenue France d'Outremer,04 93 31 69 29,https://www.google.com/aclk?sa=L&ai=DChsSEwjXxY7gx72UAxUip2gJHf49NZUYACICCAEQAhoCd2Y&co=1&ase=2&gclid=CjwKCAjwq6DQBhBVEiwA4ZD5XHABjGZqH0OyJVxZlZ3nfEb0kbkIA1RXd7hmC5OIHX-BiEJFdmyIEBoC3coQAvD_BwE&cce=2&category=acrcp_v1_32&sig=AOD64_39TpEoW4mU2DZNjh7zJUkYeJuMRQ&adurl&q&ctype=99&nis=6
https://www.google.com/maps/place/GIRARDIN+SAS/data=!4m7!3m6!1s0x12cc28b3b3045b97:0x2ce8e5551115171e!8m2!3d43.6543212!4d6.934593!16s%2Fg%2F1tjvtf2j!19sChIJl1sEs7MozBIRHhcVEVXl6Cw?authuser=0&hl=fr&rclk=1,GIRARDIN SAS,"4,7",-57,Fournisseur de carburant,·,04 93 70 11 91,https://fuel.girardin.fr/
https://www.google.com/maps/place/S.E.C.+Soci%C3%A9t%C3%A9+d%27Exploitation+de+Carri%C3%A8res+-+Grasse/data=!4m7!3m6!1s0x12cc28b3417dcdc1:0xfa86ae6b7cdbaff4!8m2!3d43.6555214!4d6.9357902!16s%2Fg%2F1tdhp6dk!19sChIJwc19QbMozBIR9K_bfGuuhvo?authuser=0&hl=fr&rclk=1,S.E.C. Société d'Exploitation de Carrières - Grasse,3,-2,Carrière,26 Chem. de la Madeleine,04 93 77 82 90,https://www.carrieres-sec.com/
https://www.google.com/maps/place/SARL+SGC+-+Soci%C3%A9t%C3%A9+G%C3%A9n%C3%A9rale+de+Construction/data=!4m7!3m6!1s0x12cc24503a1f2681:0x40c71434ee5062ed!8m2!3d43.6513642!4d6.9232463!16s%2Fg%2F1tm9dckn!19sChIJgSYfOlAkzBIR7WJQ7jQUx0A?authuser=0&hl=fr&rclk=1,SARL SGC - Société Générale de Construction,3,-2,Entreprise de construction,7 Av. Sidi Brahim,06 03 98 86 24,http://www.sgc-btp.com/
https://www.google.com/maps/place/ENTREPRISE+REZZAK/data=!4m7!3m6!1s0x12cc2f4da9d8b2a5:0x5c1fd44777190126!8m2!3d43.6505828!4d6.9489294!16s%2Fg%2F11c2pdvn3v!19sChIJpbLYqU0vzBIRJgEZd0fUH1w?authuser=0&hl=fr&rclk=1,ENTREPRISE REZZAK,4,-16,Société de travaux publics,53/55 Av. Jean Maubert,06 12 92 09 25,https://rezzaktp.fr/
https://www.google.com/maps/place/FAST+CLEANING+%E2%80%93+Nettoyage+%26+Services+SAP/data=!4m7!3m6!1s0x12cc28e2304462c3:0xfdbc364fb06c8fe5!8m2!3d43.6544187!4d6.9157078!16s%2Fg%2F11c3zz04pw!19sChIJw2JEMOIozBIR5Y9ssE82vP0?authuser=0&hl=fr&rclk=1,FAST CLEANING – Nettoyage & Services SAP,"4,7",-18,Service de nettoyage et d'entretien,8 Rue des 3 Portes,07 77 00 16 42,https://www.fast-cleaning.fr/
https://www.google.com/maps/place/Perrenot+Grasse/data=!4m7!3m6!1s0x12cc2f5527909115:0x89da76a287038bc8!8m2!3d43.6483489!4d6.9535182!16s%2Fg%2F11b6d28n_q!19sChIJFZGQJ1UvzBIRyIsDh6J22ok?authuser=0&hl=fr&rclk=1,Perrenot Grasse,"3,6",-37,Société de transport routier,107 Av. Jean Maubert,04 93 70 96 60,
https://www.google.com/maps/place/T-2G/data=!4m7!3m6!1s0x12cc28daad0ae905:0xaebd02ab8a2c0c05!8m2!3d43.646468!4d6.9535934!16s%2Fg%2F1tdj1d_6!19sChIJBekKrdoozBIRBQwsiqsCva4?authuser=0&hl=fr&rclk=1,T-2G,"4,1",-17,Entreprise de terrassement,·,06 09 39 76 55,http://www.t2g.fr/
https://www.google.com/maps/place/Rexel+Grasse/data=!4m7!3m6!1s0x12cc28e6b899147f:0xf2ba9d254bad807e!8m2!3d43.6325022!4d6.9589092!16s%2Fg%2F1v6p1gvn!19sChIJfxSZuOYozBIRfoCtSyWduvI?authuser=0&hl=fr&rclk=1,Rexel Grasse,"4,4",-17,Fournisseur d'équipements de chauffage,·,04 93 77 99 20,http://www.rexel.fr/frx
https://www.google.com/maps/place/Amc+Fluides/data=!4m7!3m6!1s0x12cc29b098f390eb:0xa3837edaac0961b8!8m2!3d43.616118!4d6.751985!16s%2Fg%2F11h07kwddh!19sChIJ65DzmLApzBIRuGEJrNp-g6M?authuser=0&hl=fr&rclk=1,Amc Fluides,5,-11,Plombier,443 Chem. de l'Establerie,06 29 20 88 43,https://www.amcfluides.fr/
https://www.google.com/maps/place/Sas+Lavoillotte+Solubarome/data=!4m7!3m6!1s0x12cc29b68646df49:0x69f27d4122adcc6e!8m2!3d43.6280248!4d6.9384242!16s%2Fg%2F1tndghv7!19sChIJSd9GhrYpzBIRbsytIkF98mk?authuser=0&hl=fr&rclk=1,Sas Lavoillotte Solubarome,4,-92,Fabricant,·,04 93 60 40 60,https://www.solubarome.fr/boutique
https://www.google.com/maps/place/Transports+Gerbino/data=!4m7!3m6!1s0x12cc28cffca9069b:0x67f8d24b2af34dae!8m2!3d43.647253!4d6.9528816!16s%2Fg%2F1tcyzhn5!19sChIJmwap_M8ozBIRrk3zKkvS-Gc?authuser=0&hl=fr&rclk=1,Transports Gerbino,"4,2",-25,Société de transport routier,107 Av. Jean Maubert,04 93 70 95 95,http://www.transports-gerbino.fr/
https://www.google.com/maps/place/Bizon+Mat%C3%A9riel+-+Agence+Grasse/data=!4m7!3m6!1s0x12cc28e714a6eeed:0x18e0a509cdb17f1e!8m2!3d43.6359774!4d6.9554758!16s%2Fg%2F1hc20xjyr!19sChIJ7e6mFOcozBIRHn-xzQml4Bg?authuser=0&hl=fr&rclk=1,Bizon Matériel - Agence Grasse,"4,6",-12,Agence de location de matériel,·,04 93 70 21 21,https://www.bizon-materiel.com/
https://www.google.com/maps/place/OXIA+Grasse/data=!4m7!3m6!1s0x12cc28e3c324c0ad:0xa327735d6e49e708!8m2!3d43.6319732!4d6.9589328!16s%2Fg%2F1tkn4wzf!19sChIJrcAkw-MozBIRCOdJbl1zJ6M?authuser=0&hl=fr&rclk=1,OXIA Grasse,"3,8",-122,Agence immobilière,·,04 93 09 76 00,https://www.oxia.fr/
https://www.google.com/maps/place/HAS+-+Hygienarome+Services/data=!4m7!3m6!1s0x12cc29adaed245ad:0x866e6761b961bd31!8m2!3d43.634953!4d6.939999!16s%2Fg%2F11rwq5zvw5!19sChIJrUXSrq0pzBIRMb1huWFnboY?authuser=0&hl=fr&rclk=1,HAS - Hygienarome Services,"4,1",-7,Service de nettoyage et d'entretien,121 Bd Emmanuel Rouquier,04 93 65 23 03,https://hygienarome-services.fr/
https://www.google.com/maps/place/Leonetti+Hygiene+Maintenance+Service/data=!4m7!3m6!1s0x12cc28c24c99ed79:0xf51981086d7d00ab!8m2!3d43.6401731!4d6.9495209!16s%2Fg%2F1tlr23v9!19sChIJee2ZTMIozBIRqwB9bQiBGfU?authuser=0&hl=fr&rclk=1,Leonetti Hygiene Maintenance Service,"3,3",-23,Service de nettoyage et d'entretien,29 Chem. du Santon,04 93 09 49 46,
https://www.google.com/maps/place/Transports+Galot/data=!4m7!3m6!1s0x12cc28cc011d3821:0xd10b5a15aaec07d8!8m2!3d43.650177!4d6.9472823!16s%2Fg%2F1tm6tp44!19sChIJITgdAcwozBIR2AfsqhVaC9E?authuser=0&hl=fr&rclk=1,Transports Galot,"3,5",-41,Société de transport routier,36 Rte du Plan,04 93 70 23 96,http://www.transports-galot.com/
https://www.google.com/maps/place/SARL+PETRA/data=!4m7!3m6!1s0x12cc2ee45b3fb0ef:0x1781e25b22c36f4a!8m2!3d43.6819016!4d6.9541775!16s%2Fg%2F1tj0y552!19sChIJ77A_W-QuzBIRSm_DIlvigRc?authuser=0&hl=fr&rclk=1,SARL PETRA,5,-15,Service d'assainissement,45 Chem. de Vence,06 61 97 33 06,https://www.petra06.fr/
https://www.google.com/maps/place/dsm-firmenich+Grasse/data=!4m7!3m6!1s0x12cc288c48db123b:0x378b1f5baf49ec8!8m2!3d43.6281155!4d6.9398518!16s%2Fg%2F1thvd3rg!19sChIJOxLbSIwozBIRyJ70uvWxeAM?authuser=0&hl=fr&rclk=1,dsm-firmenich Grasse,"4,7",-35,Fournisseur d'arômes et de parfums,·,04 93 70 80 80,http://www.firmenich.com/
https://www.google.com/maps/place/SG/data=!4m7!3m6!1s0x12cc2930a15405dd:0xc38aa9296aca8c7c!8m2!3d43.644712!4d6.940458!16s%2Fg%2F1v6gb0c2!19sChIJ3QVUoTApzBIRfIzKaimpisM?authuser=0&hl=fr&rclk=1,SG,"4,1",-184,Banque,·,04 93 09 09 00,https://agences.sg.fr/banque-assurance/particulier/agence-grasse-quatre-chemins-id3000300506
https://www.google.com/maps/place/Axial+Plomberie/data=!4m7!3m6!1s0x12ce81fe6a6ef4a3:0xe27dfe3bca014290!8m2!3d43.5546152!4d7.01513!16s%2Fg%2F11fqzwyrq5!19sChIJo_Ruav6BzhIRkEIByjv-feI?authuser=0&hl=fr&rclk=1,Axial Plomberie,"4,1",-36,Plombier,25 Av. de Grasse,09 81 06 27 96,
https://www.google.com/maps/place/Aubry+Jean/data=!4m7!3m6!1s0x12cc26fb7bc9c223:0x9a16242635fbf9f8!8m2!3d43.628131!4d6.8695777!16s%2Fg%2F1tnl3grc!19sChIJI8LJe_smzBIR-Pn7NSYkFpo?authuser=0&hl=fr&rclk=1,Aubry Jean,4,-1,Magasin de bois de chauffage,9 Chem. de l'Agranas,04 93 09 38 09,
https://www.google.com/maps/place/Azur+Construction+Intervention/data=!4m7!3m6!1s0x12cc2f357fcb433f:0x51082d1780358240!8m2!3d43.6590372!4d6.9442089!16s%2Fg%2F11b6v81z16!19sChIJP0PLfzUvzBIRQII1gBctCFE?authuser=0&hl=fr&rclk=1,Azur Construction Intervention,"4,7",-15,Maçon,118 Rte de Saint-Mathieu,04 93 42 47 37,https://www.azur-construction-intervention.fr/
https://www.google.com/maps/place/Soci%C3%A9t%C3%A9+de+Travaux+Publics+Ferroviaires/data=!4m7!3m6!1s0x12cc28b36a472cc7:0x3270896bc28eb1d3!8m2!3d43.6555531!4d6.9361161!16s%2Fg%2F1hc1vsmd9!19sChIJxyxHarMozBIR07GOwmuJcDI?authuser=0&hl=fr&rclk=1,Société de Travaux Publics Ferroviaires,5,-5,Entreprise de construction,26 Chem. de la Madeleine,04 93 36 52 12,
https://www.google.com/maps/place/AG3i/data=!4m7!3m6!1s0x12cc28e21d0cc72f:0x4e98a8e16d785dec!8m2!3d43.6308894!4d6.963243!16s%2Fg%2F1vc8lk07!19sChIJL8cMHeIozBIR7F14beGomE4?authuser=0&hl=fr&rclk=1,AG3i,"4,3",-3,Plombier,121 Chem. de Saint-Marc,04 93 40 86 06,
https://www.google.com/maps/place/OPC/data=!4m7!3m6!1s0x12cc272a7e6f2931:0xa20dfb24e957aeb6!8m2!3d43.6559662!4d6.9370011!16s%2Fg%2F11j94np07l!19sChIJMSlvfionzBIRtq5X6ST7DaI?authuser=0&hl=fr&rclk=1,OPC,,,Plombier,·,07 68 02 84 39,http://www.opc-plomberie.fr/
https://www.google.com/maps/place/%C3%89co+Conseil+Habitat+:+r%C3%A9novation+%C3%A9nerg%C3%A9tique+et+d%C3%A9pannage+plomberie/data=!4m7!3m6!1s0x48090532d664badd:0xcb9dd7610b6ab47f!8m2!3d48.297008!4d-0.912364!16s%2Fg%2F11j2_1_913!19sChIJ3bpk1jIFCUgRf7RqC2HXncs?authuser=0&hl=fr&rclk=1,Éco Conseil Habitat : rénovation énergétique et dépannage plomberie,"4,6",-23,Entrepreneur spécialisé dans l'isolation,54 Avenue de Paris,02 43 26 08 93,https://www.google.com/aclk?sa=L&ai=DChsSEwjatKD1x72UAxXgf0ECHRa1A5cYACICCAEQABoCd3M&co=1&ase=2&gclid=CjwKCAjwq6DQBhBVEiwA4ZD5XCMMBizjjJR1LMIeb_RuML9wtVEK72MzuJahVpdlvzM-uRFeohiJYRoCCeQQAvD_BwE&cce=2&category=acrcp_v1_32&sig=AOD64_2EX8ovEhlgd-fb-4O7iQw8XTgLnA&adurl&q&ctype=99&nis=6
https://www.google.com/maps/place/ENGIE+Home+Services/data=!4m7!3m6!1s0x4808fe01fc03647d:0xc8040824c237b39b!8m2!3d48.0601!4d-0.737068!16s%2Fg%2F1tdbkcg7!19sChIJfWQD_AH-CEgRm7M3wiQIBMg?authuser=0&hl=fr&rclk=1,ENGIE Home Services,"4,5",-340,Chauffagiste,78 Rue de Berlin,02 43 53 50 87,https://www.google.com/aclk?sa=L&ai=DChsSEwjatKD1x72UAxXgf0ECHRa1A5cYACICCAEQCBoCd3M&co=1&ase=2&gclid=CjwKCAjwq6DQBhBVEiwA4ZD5XLEQdmkcRWy_6HXcaE-qx5TeksQ08g-uVy-kgq9USKjs5GvatWjqTBoCD98QAvD_BwE&cce=2&category=acrcp_v1_32&sig=AOD64_2VLzUT-8e1THFIDphUlOR2fUUqlA&adurl&q&ctype=99&nis=6
https://www.google.com/maps/place/Tesniere+%28Sas%29/data=!4m7!3m6!1s0x4808fdbe1eece2af:0x4112c60637efd041!8m2!3d48.0702514!4d-0.7958436!16s%2Fg%2F1xg5s1bs!19sChIJr-LsHr79CEgRQdDvNwbGEkE?authuser=0&hl=fr&rclk=1,Tesniere (Sas),"4,3",-70,Chauffagiste,31 Rue Emile Brault,02 43 69 57 36,http://www.herve-tesniere.com/
https://www.google.com/maps/place/Energie+%2B+53/data=!4m7!3m6!1s0x480901fe43744505:0xbdd84c70caa2a1c3!8m2!3d48.0799824!4d-0.7506173!16s%2Fg%2F1thpw6pp!19sChIJBUV0Q_4BCUgRw6GiynBM2L0?authuser=0&hl=fr&rclk=1,Energie + 53,"3,7",-11,Chauffagiste,20 Rue Cugnot,02 43 59 77 60,https://www.energieplus53.fr/
https://www.google.com/maps/place/ENGIE+Home+Services/data=!4m7!3m6!1s0x4808fe01fc03647d:0xc8040824c237b39b!8m2!3d48.0600998!4d-0.7370682!16s%2Fg%2F1tdbkcg7!19sChIJfWQD_AH-CEgRm7M3wiQIBMg?authuser=0&hl=fr&rclk=1,ENGIE Home Services,"4,5",-340,Chauffagiste,·,02 43 53 50 87,https://agence.engie-homeservices.fr/114-engie-home-services-laval?utm_source=gmb
https://www.google.com/maps/place/CSM+%28Chauffage+Sanitaire+Mayennais%29/data=!4m7!3m6!1s0x4808fe752217beeb:0x687e149734280a18!8m2!3d48.0565925!4d-0.750834!16s%2Fg%2F1twyyycd!19sChIJ674XInX-CEgRGAooNJcUfmg?authuser=0&hl=fr&rclk=1,CSM (Chauffage Sanitaire Mayennais),"4,6",-16,Plombier,91 Av. d'Angers,02 43 53 21 01,
https://www.google.com/maps/place/MARSOLLIER+PHILC/data=!4m7!3m6!1s0x480902859ed03497:0xe58707c8c154a17!8m2!3d48.0599729!4d-0.7797022!16s%2Fg%2F11ddww30bk!19sChIJlzTQnoUCCUgRF0oVjHxwWA4?authuser=0&hl=fr&rclk=1,MARSOLLIER PHILC,"3,2",-20,Chauffagiste,205 Bd des Trappistines,02 43 68 17 61,https://entreprise.reseau-fja.fr/22-entreprise-marsollier-philc-laval
https://www.google.com/maps/place/Berg%C3%A8re+Energies+SARL/data=!4m7!3m6!1s0x48090207e6361283:0x5e85eeb1364619d1!8m2!3d48.0889072!4d-0.7495006!16s%2Fg%2F11b7q1d46x!19sChIJgxI25gcCCUgR0RlGNrHuhV4?authuser=0&hl=fr&rclk=1,Bergère Energies SARL,"4,7",-80,Chauffagiste,290 Rte de Mayenne,02 43 90 46 71,http://www.bergere-energies.fr/
https://www.google.com/maps/place/Audax+Plomberie/data=!4m7!3m6!1s0x4808ff8a35703f69:0x7cdc95a263de354a!8m2!3d48.0562859!4d-0.7477514!16s%2Fg%2F11j0sfkj66!19sChIJaT9wNYr_CEgRSjXeY6KV3Hw?authuser=0&hl=fr&rclk=1,Audax Plomberie,5,-33,Plombier,·,06 30 14 59 54,http://audaxplomberie.fr/
https://www.google.com/maps/place/Georges+et+Foucher/data=!4m7!3m6!1s0x4808fda1675153b3:0x3356aad0d0212c37!8m2!3d48.0539381!4d-0.7919775!16s%2Fg%2F1tcykf4b!19sChIJs1NRZ6H9CEgRNywh0NCqVjM?authuser=0&hl=fr&rclk=1,Georges et Foucher,"4,2",-20,Plombier,210 Av. des Français Libres,02 43 02 98 37,http://www.georges-foucher-chauffage.fr/
https://www.google.com/maps/place/Enelux/data=!4m7!3m6!1s0x4809015d7200dd4d:0xa99349073337094a!8m2!3d48.0726761!4d-0.7968513!16s%2Fg%2F11t8db2442!19sChIJTd0Acl0BCUgRSgk3MwdJk6k?authuser=0&hl=fr&rclk=1,Enelux,"4,4",-21,Chauffagiste,29 Rue Henri Bâtard,06 99 44 48 73,
https://www.google.com/maps/place/SMEC+%28Soci%C3%A9t%C3%A9+Mayennaise+d%27Electricit%C3%A9+et+de+Chauffage%29/data=!4m7!3m6!1s0x4809017f0c2c0f5d:0x65bf3d08e4351e6!8m2!3d48.0834942!4d-0.7492805!16s%2Fg%2F11fn9d5dqz!19sChIJXQ8sDH8BCUgR5lFDjtDzWwY?authuser=0&hl=fr&rclk=1,SMEC (Société Mayennaise d'Electricité et de Chauffage),"3,5",-8,Chauffagiste,19 Rue Marcellin Berthelot,02 43 49 58 70,https://www.smec-lucas.fr/
https://www.google.com/maps/place/PECEO+GUEDON/data=!4m7!3m6!1s0x4808fde85cb2d45b:0x12fb240c8aa2ae25!8m2!3d48.0510533!4d-0.7963299!16s%2Fg%2F11fnr9h5wg!19sChIJW9SyXOj9CEgRJa6iigwk-xI?authuser=0&hl=fr&rclk=1,PECEO GUEDON,"3,7",-24,Chauffagiste,"ZA, La Gaufrie",02 43 90 75 69,https://www.peceo-guedon.fr/
https://www.google.com/maps/place/SARL+LECOQ/data=!4m7!3m6!1s0x4808fd6856818f67:0x4a37ef35d9349738!8m2!3d48.0645952!4d-0.8156148!16s%2Fg%2F1tffnqwz!19sChIJZ4-BVmj9CEgROJc02TXvN0o?authuser=0&hl=fr&rclk=1,SARL LECOQ,"4,3",-22,Chauffagiste,·,02 43 69 20 04,
https://www.google.com/maps/place/Philippe+Bourbon+SARL/data=!4m7!3m6!1s0x4808fd0846b3ceb9:0x6e2c8c8a3ef0d7f4!8m2!3d48.069025!4d-0.795694!16s%2Fg%2F11b6d76wyg!19sChIJuc6zRgj9CEgR9NfwPoqMLG4?authuser=0&hl=fr&rclk=1,Philippe Bourbon SARL,"4,2",-97,Chauffagiste,·,02 43 37 80 29,http://www.bourbon-energies-nouvelles.com/
https://www.google.com/maps/place/Allo+Techni-Gaz/data=!4m7!3m6!1s0x4808fde447647827:0xcc5d47efe245cbc1!8m2!3d48.0641763!4d-0.7607457!16s%2Fg%2F113hsytnj!19sChIJJ3hkR-T9CEgRwctF4u9HXcw?authuser=0&hl=fr&rclk=1,Allo Techni-Gaz,"4,6",-17,Plombier,93 Rue Victor Boissel,02 43 53 14 96,https://allotechnigaz.com/
https://www.google.com/maps/place/SOS+Intervention+Lyon/data=!4m7!3m6!1s0x47f4c15ce732a255:0x9aefd9d5cd492b64!8m2!3d45.76308!4d4.880747!16s%2Fg%2F11vynw3lb9!19sChIJVaIy51zB9EcRZCtJzdXZ75o?authuser=0&hl=fr&rclk=1,SOS Intervention Lyon,"4,9",-46,Plombier,79 Rue Paul Verlaine,07 67 76 28 18,https://www.google.com/aclk?sa=L&ai=DChsSEwiFpdj_x72UAxUatWgJHXq5C3gYACICCAEQAhoCd2Y&co=1&ase=2&gclid=CjwKCAjwq6DQBhBVEiwA4ZD5XJiR6t3yaMvOSlfNYHdahfR-JnER2zcZ7gVx-nijLIXi9ITQyvE6ShoCOnEQAvD_BwE&cce=2&category=acrcp_v1_32&sig=AOD64_1_f1Dt1yGwlJFnx14XUTU1OZY4Cg&adurl&q&ctype=99&nis=6
https://www.google.com/maps/place/PPF+Genas/data=!4m7!3m6!1s0x47f4c7d953e102a9:0xd150bf96acfa83a4!8m2!3d45.7262!4d4.98529!16s%2Fg%2F11wr043s_w!19sChIJqQLhU9nH9EcRpIP6rJa_UNE?authuser=0&hl=fr&rclk=1,PPF Genas,"4,9",-19,Couvreur,2 Rue Marcel Dassault,04 20 98 16 89,https://www.google.com/aclk?sa=L&ai=DChsSEwiFpdj_x72UAxUatWgJHXq5C3gYACICCAEQARoCd2Y&co=1&ase=2&gclid=CjwKCAjwq6DQBhBVEiwA4ZD5XKpQJlkb7l7f-hvKSgRdlhHw8DPiTdSc4bnDFtEDlGX5DiBgfyuxORoCGr4QAvD_BwE&cce=2&category=acrcp_v1_32&sig=AOD64_1Md697OmmyjhX98LnIeQ90tSEaag&adurl&q&ctype=99&nis=6
https://www.google.com/maps/place/PELLET+FRERES+-+Chauffage+-+Climatisation+-+Plomberie+-+Solaire/data=!4m7!3m6!1s0x47f4c0bf39d0fa27:0x5f58b861ab082fc!8m2!3d45.7795705!4d4.9443148!16s%2Fg%2F11c2pr85xf!19sChIJJ_rQOb_A9EcR_IKwGoaL9QU?authuser=0&hl=fr&rclk=1,PELLET FRERES - Chauffage - Climatisation - Plomberie - Solaire,"4,6",-59,Chauffagiste,29 Rue Jacques Monod,04 78 80 01 94,https://www.pelletfreres.fr/
https://www.google.com/maps/place/SAS+BOURKAA+Plomberie/data=!4m7!3m6!1s0x47f4c10994cf978f:0xe29b230d8d556ce1!8m2!3d45.78542!4d4.9249096!16s%2Fg%2F11t5tjvcdr!19sChIJj5fPlAnB9EcR4WxVjQ0jm-I?authuser=0&hl=fr&rclk=1,SAS BOURKAA Plomberie,"4,9",-40,Chauffagiste,6 Rue Jeanne Morel,07 58 41 93 25,https://plomberie-sas-bourkaa.com/
https://www.google.com/maps/place/Groupe+Profire/data=!4m7!3m6!1s0x47f4c0254937f4a1:0x2fb8f0b9d7fd4a82!8m2!3d45.7810258!4d4.9402358!16s%2Fg%2F11ghpp376y!19sChIJofQ3SSXA9EcRgkr917nwuC8?authuser=0&hl=fr&rclk=1,Groupe Profire,"3,7",-329,Chauffagiste,·,0 800 15 75 15,https://www.groupeprofire.fr/
https://www.google.com/maps/place/DIFFUSION+SERVICES/data=!4m7!3m6!1s0x47f4c1c63570ec9b:0xde9fd0c88f272506!8m2!3d45.7894472!4d4.9091505!16s%2Fg%2F11h092b_n2!19sChIJm-xwNcbB9EcRBiUnj8jQn94?authuser=0&hl=fr&rclk=1,DIFFUSION SERVICES,"4,7",-61,Plombier,59 Av. du 8 Mai 1945,04 78 35 85 53,https://diffusion-services.com/?utm_source=google&utm_medium=organic&utm_campaign=gbp&utm_content=Diffusion_Service_Vaulx-en-Velin
https://www.google.com/maps/place/Atout+Thermique/data=!4m7!3m6!1s0x47f4c3c24cb0c9f7:0x6c5c4cd2785dcb7f!8m2!3d45.7519464!4d4.9259374!16s%2Fg%2F1yddddj_3!19sChIJ98mwTMLD9EcRf8tdeNJMXGw?authuser=0&hl=fr&rclk=1,Atout Thermique,"4,4",-27,Chauffagiste,3 Rue Camille Desmoulins,04 78 40 12 78,http://www.atoutthermique.fr/
https://www.google.com/maps/place/RG+PLOMBERIE+-+Chauffagiste+D%C3%A9pannage+Climatisation+69+Rh%C3%B4ne/data=!4m7!3m6!1s0x47f4c144e18a8b8f:0xe869f677b809b6c4!8m2!3d45.7759174!4d4.9589387!16s%2Fg%2F11ff1w3f2s!19sChIJj4uK4UTB9EcRxLYJuHf2aeg?authuser=0&hl=fr&rclk=1,RG PLOMBERIE - Chauffagiste Dépannage Climatisation 69 Rhône,"4,9",-64,Chauffagiste,·,06 27 99 76 46,http://rg-plomberie.com/
https://www.google.com/maps/place/AQUA+ENERGIE+PLOMBERIE/data=!4m7!3m6!1s0x4084aebcb611d6fd:0x7ff6ad0528aa2e11!8m2!3d45.7759404!4d4.9256019!16s%2Fg%2F11x26s68jf!19sChIJ_dYRtryuhEARES6qKAWt9n8?authuser=0&hl=fr&rclk=1,AQUA ENERGIE PLOMBERIE,5,-10,Plombier,11 Rue Albert Camus,09 70 14 33 67,https://aquaenergieplomberie.fr/
https://www.google.com/maps/place/ENTREPRISE+BOUVARD/data=!4m7!3m6!1s0x47f4c05c50d452d7:0x7484f1fe75e3e627!8m2!3d45.776898!4d4.9107552!16s%2Fg%2F11f_j8ztkf!19sChIJ11LUUFzA9EcRJ-bjdf7xhHQ?authuser=0&hl=fr&rclk=1,ENTREPRISE BOUVARD,"4,3",-12,Chauffagiste,49 Av. Lefèvre,04 78 76 59 10,http://www.entreprise-bouvard.fr/
https://www.google.com/maps/place/SABEKO/data=!4m7!3m6!1s0x47f4c0275d87af7f:0x529d48b5d836808a!8m2!3d45.7544973!4d4.9428074!16s%2Fg%2F12hmz_99j!19sChIJf6-HXSfA9EcRioA22LVInVI?authuser=0&hl=fr&rclk=1,SABEKO,"4,4",-317,Plombier,92 Av. des Bruyères,04 27 11 88 09,https://www.sabeko.fr/
https://www.google.com/maps/place/Delamotte+Plomberie/data=!4m7!3m6!1s0x47f4c11919f928bb:0x711d085a687a03a3!8m2!3d45.7534911!4d4.9337684!16s%2Fg%2F1ptz11kvv!19sChIJuyj5GRnB9EcRowN6aFoIHXE?authuser=0&hl=fr&rclk=1,Delamotte Plomberie,"3,7",-19,Plombier,105 Rue Alexandre Dumas,04 27 02 13 90,https://delamotte-plomberie.fr/
https://www.google.com/maps/place/Essam/data=!4m7!3m6!1s0x47f4c1ae83105f9f:0xfc789c19d2e65dc0!8m2!3d45.7538426!4d4.926768!16s%2Fg%2F1tf1n552!19sChIJn18Qg67B9EcRwF3m0hmcePw?authuser=0&hl=fr&rclk=1,Essam,"1,7",-9,Fournisseur de systèmes de climatisation,65 bis Rue Alexandre Dumas,04 37 91 69 99,
https://www.google.com/maps/place/THERMOLAB/data=!4m7!3m6!1s0x47f4c08a04595555:0xf95d0faa40ac492a!8m2!3d45.7836487!4d4.9193191!16s%2Fg%2F11gh_g4wv3!19sChIJVVVZBIrA9EcRKkmsQKoPXfk?authuser=0&hl=fr&rclk=1,THERMOLAB,"4,2",-5,Magasin de chaudières,·,04 81 91 85 15,http://www.thermo-lab.fr/
https://www.google.com/maps/place/Nouvel+Air+Eco/data=!4m7!3m6!1s0x47f4c1ddec795e67:0xd9332f779b24278b!8m2!3d45.7747069!4d4.920394!16s%2Fg%2F11nyn6vjht!19sChIJZ1557N3B9EcRiyckm3cvM9k?authuser=0&hl=fr&rclk=1,Nouvel Air Eco,"3,7",-65,Chauffagiste,29 Av. Pablo Picasso,09 84 08 75 87,
https://www.google.com/maps/place/S.T.A+SERVICES/data=!4m7!3m6!1s0x47f4c1505908878d:0x62a68faa74abe149!8m2!3d45.7776203!4d4.9335847!16s%2Fg%2F11hzsjmq9f!19sChIJjYcIWVDB9EcRSeGrdKqPpmI?authuser=0&hl=fr&rclk=1,S.T.A SERVICES,"4,5",-35,Services aux entreprises,9-11 Rue Pierre Mendès France,09 88 33 32 80,http://www.staservices.info/%20http://www.cee.staservices.info
https://www.google.com/maps/place/PROFIRE+GENIE+CLIMATIQUE/data=!4m7!3m6!1s0x47f4c10014c625df:0x4386ceec232b7f3!8m2!3d45.7740444!4d4.9088483!16s%2Fg%2F11wwg11vs9!19sChIJ3yXGFADB9EcR87cywu5sOAQ?authuser=0&hl=fr&rclk=1,PROFIRE GENIE CLIMATIQUE,1,-9,Fournisseur de systèmes de climatisation,28 Rue Balland,06 60 76 50 07,
https://www.google.com/maps/place/Novha+Groupe/data=!4m7!3m6!1s0x47f4c16e92282477:0x880b1ff350b40515!8m2!3d45.7793429!4d4.9353481!16s%2Fg%2F11frjrw53b!19sChIJdyQokm7B9EcRFQW0UPMfC4g?authuser=0&hl=fr&rclk=1,Novha Groupe,"3,1",-54,Société de travaux publics,·,04 69 18 03 30,http://www.novha-groupe.fr/
https://www.google.com/maps/place/Avsplombier/data=!4m7!3m6!1s0x6415bbf70987e271:0xd0cbd40b25752e7f!8m2!3d45.781027!4d4.9163191!16s%2Fg%2F11k42tt7m1!19sChIJceKHCfe7FWQRfy51JQvUy9A?authuser=0&hl=fr&rclk=1,Avsplombier,5,-15,Plombier,12 Chem. des Plates,06 62 32 95 67,
https://www.google.com/maps/place/Rh%C3%B4ne+Energies/data=!4m7!3m6!1s0x47f4c038218761c1:0xb238b3c2c1bbf539!8m2!3d45.771269!4d4.8939122!16s%2Fg%2F11b6x788lq!19sChIJwWGHITjA9EcROfW7wcKzOLI?authuser=0&hl=fr&rclk=1,Rhône Energies,"4,1",-133,Service de réparation de chaudières,25 Rue Lançon,04 72 15 00 00,http://rhoneenergies.fr/
https://www.google.com/maps/place/Nahal+Plomberie/data=!4m7!3m6!1s0x47f4c1b541e76bb9:0x184d15de7c31eb7c!8m2!3d45.7511595!4d4.9145777!16s%2Fg%2F11q3_2fkf4!19sChIJuWvnQbXB9EcRfOsxfN4VTRg?authuser=0&hl=fr&rclk=1,Nahal Plomberie,5,-11,Chauffagiste,58 Rue Séverine,06 61 37 88 34,https://www.facebook.com/Nahal-Plomberie-107693131872152
https://www.google.com/maps/place/ASK+SERVICES+-+Plombier+chauffagiste+%28Maintenance+et+D%C3%A9pannage+Thermique%29/data=!4m7!3m6!1s0xfd79c75c230f801:0xc72df27b2da1821!8m2!3d45.8803093!4d4.701886!16s%2Fg%2F11mlnmxghr!19sChIJAfgwwnWc1w8RIRjasiffcgw?authuser=0&hl=fr&rclk=1,ASK SERVICES - Plombier chauffagiste (Maintenance et Dépannage Thermique),5,-20,Chauffagiste,·,06 59 19 19 24,https://askservice0.wixsite.com/askservices
https://www.google.com/maps/place/Nahal+Plomberie/data=!4m7!3m6!1s0x47f4c1b541e76bb9:0x184d15de7c31eb7c!8m2!3d45.7511595!4d4.9145777!16s%2Fg%2F11q3_2fkf4!19sChIJuWvnQbXB9EcRfOsxfN4VTRg?authuser=0&hl=fr&rclk=1,Nahal Plomberie,5,-11,Chauffagiste,58 Rue Séverine,06 61 37 88 34,https://www.facebook.com/Nahal-Plomberie-107693131872152
https://www.google.com/maps/place/ASK+SERVICES+-+Plombier+chauffagiste+%28Maintenance+et+D%C3%A9pannage+Thermique%29/data=!4m7!3m6!1s0xfd79c75c230f801:0xc72df27b2da1821!8m2!3d45.8803093!4d4.701886!16s%2Fg%2F11mlnmxghr!19sChIJAfgwwnWc1w8RIRjasiffcgw?authuser=0&hl=fr&rclk=1,ASK SERVICES - Plombier chauffagiste (Maintenance et Dépannage Thermique),5,-20,Chauffagiste,·,06 59 19 19 24,https://askservice0.wixsite.com/askservices
https://www.google.com/maps/place/VIVRECO+Rh%C3%B4ne-Alpes/data=!4m7!3m6!1s0x47f353ed5aad9b09:0xe6453819aa92f9f9!8m2!3d46.219106!4d5.227489!16s%2Fg%2F11m5pn881m!19sChIJCZutWu1T80cR-fmSqhk4ReY?authuser=0&hl=fr&rclk=1,VIVRECO Rhône-Alpes,,,Chauffagiste,25 Avenue de Marboz,07 55 58 28 18,https://www.google.com/aclk?sa=L&ai=DChsSEwiL38eDyL2UAxXDo2gJHZVsN9wYACICCAEQChoCd2Y&co=1&ase=2&gclid=CjwKCAjwq6DQBhBVEiwA4ZD5XCfJfnB0ZLdtFb4tiPXMG56l6KLf8YrMG8-7yJphvyYb0EiSH-CtURoCsjkQAvD_BwE&cce=2&category=acrcp_v1_32&sig=AOD64_2NbAUo3eS-B00WRHbxYizkJGlpEQ&adurl&q&ctype=99&nis=6
https://www.google.com/maps/place/SOS+Intervention+Lyon/data=!4m7!3m6!1s0x47f4c15ce732a255:0x9aefd9d5cd492b64!8m2!3d45.76308!4d4.880747!16s%2Fg%2F11vynw3lb9!19sChIJVaIy51zB9EcRZCtJzdXZ75o?authuser=0&hl=fr&rclk=1,SOS Intervention Lyon,"4,9",-46,Plombier,79 Rue Paul Verlaine,07 67 76 28 18,https://www.google.com/aclk?sa=L&ai=DChsSEwiL38eDyL2UAxXDo2gJHZVsN9wYACICCAEQARoCd2Y&co=1&ase=2&gclid=CjwKCAjwq6DQBhBVEiwA4ZD5XDoxD2TmzKS3DlgXrXUBWu1zzbVf_0oaB-oUs55pFuQYnfj2w0McRhoCmh4QAvD_BwE&cce=2&category=acrcp_v1_32&sig=AOD64_2sOQ5ZQfmnoPiIVtwxeYI168fYqw&adurl&q&ctype=99&nis=6
https://www.google.com/maps/place/IG+CLIM+CHAUFFAGE/data=!4m7!3m6!1s0x880d9cedfefe4d7:0x7cfb5c0446a4d59e!8m2!3d45.317723!4d5.4372395!16s%2Fg%2F11xd3sy259!19sChIJ1-Tv387ZgAgRntWkRgRc-3w?authuser=0&hl=fr&rclk=1,IG CLIM CHAUFFAGE,5,-28,Chauffagiste,·,06 50 19 49 81,https://ig-climchauffage.com/
https://www.google.com/maps/place/Atout+Gaz+Bouquet/data=!4m7!3m6!1s0x47f4c12686859195:0xc9302804109baa1f!8m2!3d45.7546419!4d4.943818!16s%2Fg%2F1tzgnklc!19sChIJlZGFhibB9EcRH6qbEAQoMMk?authuser=0&hl=fr&rclk=1,Atout Gaz Bouquet,"4,8",-594,Chauffagiste,·,04 78 84 74 42,https://www.atout-gaz.com/
https://www.google.com/maps/place/SAS+SAMAK/data=!4m7!3m6!1s0x47f4c0313199279d:0xfc835e24b5a72e52!8m2!3d45.7679337!4d4.8888815!16s%2Fg%2F11klvscy8m!19sChIJnSeZMTHA9EcRUi6ntSReg_w?authuser=0&hl=fr&rclk=1,SAS SAMAK,"4,8",-70,Chauffagiste,·,04 78 68 04 60,http://www.samak-chauffage.fr/
https://www.google.com/maps/place/GMO/data=!4m7!3m6!1s0x47f4c05c81736ce3:0x45280cc9d83587b5!8m2!3d45.4598898!4d4.6242221!16s%2Fg%2F11cmffrj31!19sChIJ42xzgVzA9EcRtYc12MkMKEU?authuser=0&hl=fr&rclk=1,GMO,5,-1,Plombier,·,09 83 31 45 39,http://www.gmo-plomberie.com/
https://www.google.com/maps/place/Home+D%C3%A9pannage/data=!4m7!3m6!1s0xa18aa1ceecb2a4cf:0xcc615481ad53d874!8m2!3d45.7579507!4d4.8351239!16s%2Fg%2F11y57xjhn8!19sChIJz6Sy7M6hiqERdNhTrYFUYcw?authuser=0&hl=fr&rclk=1,Home Dépannage,5,-61,Plombier,·,09 72 16 08 09,
https://www.google.com/maps/place/Garanka+Plombier+Chauffagiste+Lyon/data=!4m7!3m6!1s0x47f4c03822293d99:0xb781bd779117148b!8m2!3d45.7720494!4d4.8957127!16s%2Fg%2F119vs80zy!19sChIJmT0pIjjA9EcRixQXkXe9gbc?authuser=0&hl=fr&rclk=1,Garanka Plombier Chauffagiste Lyon,"2,8",-389,Chauffagiste,·,04 72 65 16 80,https://www.garanka.fr/agences/garanka-villeurbanne/?utm_source=Yext&utm_medium=GMB&y_source=1_MTU2OTk2OTgtNzE1LWxvY2F0aW9uLndlYnNpdGU%3D
https://www.google.com/maps/place/69+TRAVAUX/data=!4m7!3m6!1s0x47f4c0edf5433e11:0xf592c063abefb1d2!8m2!3d45.781329!4d4.933225!16s%2Fg%2F12hpjlj9z!19sChIJET5D9e3A9EcR0rHvq2PAkvU?authuser=0&hl=fr&rclk=1,69 TRAVAUX,"4,8",-171,Plombier,·,04 28 29 06 79,http://www.69travaux.fr/
https://www.google.com/maps/place/CHAUFFAGEO/data=!4m7!3m6!1s0x47f4ecab0a3d28c7:0xb25d85f328afcadc!8m2!3d45.7469104!4d4.8678826!16s%2Fg%2F11cl_kq69w!19sChIJxyg9Cqvs9EcR3MqvKPOFXbI?authuser=0&hl=fr&rclk=1,CHAUFFAGEO,5,-124,Plombier,73 Cr Albert Thomas,06 13 66 67 61,https://chauffageo.fr/
https://www.google.com/maps/place/VIVRECO+Rh%C3%B4ne-Alpes/data=!4m7!3m6!1s0x47f353ed5aad9b09:0xe6453819aa92f9f9!8m2!3d46.219106!4d5.227489!16s%2Fg%2F11m5pn881m!19sChIJCZutWu1T80cR-fmSqhk4ReY?authuser=0&hl=fr&rclk=1,VIVRECO Rhône-Alpes,,,Chauffagiste,25 Avenue de Marboz,07 55 58 28 18,https://www.google.com/aclk?sa=L&ai=DChsSEwiL38eDyL2UAxXDo2gJHZVsN9wYACICCAEQChoCd2Y&co=1&ase=2&gclid=CjwKCAjwq6DQBhBVEiwA4ZD5XCfJfnB0ZLdtFb4tiPXMG56l6KLf8YrMG8-7yJphvyYb0EiSH-CtURoCsjkQAvD_BwE&cce=2&category=acrcp_v1_32&sig=AOD64_2NbAUo3eS-B00WRHbxYizkJGlpEQ&adurl&q&ctype=99&nis=6
https://www.google.com/maps/place/IG+CLIM+CHAUFFAGE/data=!4m7!3m6!1s0x880d9cedfefe4d7:0x7cfb5c0446a4d59e!8m2!3d45.317723!4d5.4372395!16s%2Fg%2F11xd3sy259!19sChIJ1-Tv387ZgAgRntWkRgRc-3w?authuser=0&hl=fr&rclk=1,IG CLIM CHAUFFAGE,5,-28,Chauffagiste,·,06 50 19 49 81,https://ig-climchauffage.com/
https://www.google.com/maps/place/Atout+Gaz+Bouquet/data=!4m7!3m6!1s0x47f4c12686859195:0xc9302804109baa1f!8m2!3d45.7546419!4d4.943818!16s%2Fg%2F1tzgnklc!19sChIJlZGFhibB9EcRH6qbEAQoMMk?authuser=0&hl=fr&rclk=1,Atout Gaz Bouquet,"4,8",-594,Chauffagiste,·,04 78 84 74 42,https://www.atout-gaz.com/
https://www.google.com/maps/place/SAS+SAMAK/data=!4m7!3m6!1s0x47f4c0313199279d:0xfc835e24b5a72e52!8m2!3d45.7679337!4d4.8888815!16s%2Fg%2F11klvscy8m!19sChIJnSeZMTHA9EcRUi6ntSReg_w?authuser=0&hl=fr&rclk=1,SAS SAMAK,"4,8",-70,Chauffagiste,·,04 78 68 04 60,http://www.samak-chauffage.fr/
https://www.google.com/maps/place/GMO/data=!4m7!3m6!1s0x47f4c05c81736ce3:0x45280cc9d83587b5!8m2!3d45.4598898!4d4.6242221!16s%2Fg%2F11cmffrj31!19sChIJ42xzgVzA9EcRtYc12MkMKEU?authuser=0&hl=fr&rclk=1,GMO,5,-1,Plombier,·,09 83 31 45 39,http://www.gmo-plomberie.com/
https://www.google.com/maps/place/Home+D%C3%A9pannage/data=!4m7!3m6!1s0xa18aa1ceecb2a4cf:0xcc615481ad53d874!8m2!3d45.7579507!4d4.8351239!16s%2Fg%2F11y57xjhn8!19sChIJz6Sy7M6hiqERdNhTrYFUYcw?authuser=0&hl=fr&rclk=1,Home Dépannage,5,-61,Plombier,·,09 72 16 08 09,
https://www.google.com/maps/place/Garanka+Plombier+Chauffagiste+Lyon/data=!4m7!3m6!1s0x47f4c03822293d99:0xb781bd779117148b!8m2!3d45.7720494!4d4.8957127!16s%2Fg%2F119vs80zy!19sChIJmT0pIjjA9EcRixQXkXe9gbc?authuser=0&hl=fr&rclk=1,Garanka Plombier Chauffagiste Lyon,"2,8",-389,Chauffagiste,·,04 72 65 16 80,https://www.garanka.fr/agences/garanka-villeurbanne/?utm_source=Yext&utm_medium=GMB&y_source=1_MTU2OTk2OTgtNzE1LWxvY2F0aW9uLndlYnNpdGU%3D
https://www.google.com/maps/place/69+TRAVAUX/data=!4m7!3m6!1s0x47f4c0edf5433e11:0xf592c063abefb1d2!8m2!3d45.781329!4d4.933225!16s%2Fg%2F12hpjlj9z!19sChIJET5D9e3A9EcR0rHvq2PAkvU?authuser=0&hl=fr&rclk=1,69 TRAVAUX,"4,8",-171,Plombier,·,04 28 29 06 79,http://www.69travaux.fr/
"https://www.google.com/maps/place/2s+solutions+%2F%2F+pompe+%C3%A0+chaleur,+photovolta%C3%AFque+et+borne+de+recharge+v%C3%A9hicule+%C3%A9lectrique/data=!4m7!3m6!1s0x47f4c70abe117ba5:0xfd2d07526ea48e3e!8m2!3d45.7333451!4d4.9613275!16s%2Fg%2F11sh7pgzgp!19sChIJpXsRvgrH9EcRPo6kblIHLf0?authuser=0&hl=fr&rclk=1","2s solutions // pompe à chaleur, photovoltaïque et borne de recharge véhicule électrique",5,-117,Chauffagiste,·,09 72 01 00 12,https://2s-solutions.fr/
https://www.google.com/maps/place/Simplyfeu.com/data=!4m7!3m6!1s0x47f4c05880200795:0x67e0642bb02cb705!8m2!3d45.7844916!4d4.9069547!16s%2Fg%2F11f62h0n6z!19sChIJlQcggFjA9EcRBbcssCtk4Gc?authuser=0&hl=fr&rclk=1,Simplyfeu.com,"4,1",-419,Magasin de bois de chauffage,50 Rue Ernest Renan,09 77 42 61 36,https://www.simplyfeu.com/
https://www.google.com/maps/place/Edp+plomberie/data=!4m7!3m6!1s0xa987362b27a76665:0x7b107c64d79ef386!8m2!3d45.317723!4d5.4372395!16s%2Fg%2F11xr_qcpf2!19sChIJZWanJys2h6kRhvOe12R8EHs?authuser=0&hl=fr&rclk=1,Edp plomberie,"4,9",-13,Plombier,·,06 38 14 72 71,https://expressdepannageplomberie.netlify.app/
https://www.google.com/maps/place/LES+PLOMBIERS+LYONNAIS/data=!4m7!3m6!1s0x47f4c0278b645aad:0x68b4c57110ac3685!8m2!3d45.7698514!4d4.8699784!16s%2Fg%2F11fb0k4k7y!19sChIJrVpkiyfA9EcRhTasEHHFtGg?authuser=0&hl=fr&rclk=1,LES PLOMBIERS LYONNAIS,"4,9",-198,Plombier,13 bis Rue d'Alsace,06 63 43 97 45,http://lesplombierslyonnais.com/
https://www.google.com/maps/place/Solybat/data=!4m7!3m6!1s0x6015ee2a094104c9:0xacd9cc2bd918d3c!8m2!3d45.7482122!4d4.9173484!16s%2Fg%2F11mctycs9w!19sChIJyQRBCSruFWARPI2RvcKczQo?authuser=0&hl=fr&rclk=1,Solybat,"4,8",-52,Chauffagiste,2 Av. Pierre Brossolette,06 36 31 11 81,https://www.solybat.com/
https://www.google.com/maps/place/Plomberie+%2F+Climatisation+%2F+Chauffage+TANZILLI/data=!4m7!3m6!1s0x47f4c04e6e0b2d2d:0x61899094edbd857!8m2!3d45.7663837!4d4.9035615!16s%2Fg%2F11cmg5wpc6!19sChIJLS0Lbk7A9EcRV9jbTgmZGAY?authuser=0&hl=fr&rclk=1,Plomberie / Climatisation / Chauffage TANZILLI,5,-52,Chauffagiste,4 Imp. Marcel Cerdan,06 20 47 82 38,http://www.plomberie-tanzilli.fr/
https://www.google.com/maps/place/Plomberie+Roche/data=!4m7!3m6!1s0x47f4eb9438d27265:0xb86f1a97dbd4a091!8m2!3d45.7558096!4d4.8650808!16s%2Fg%2F11fqd4w_p4!19sChIJZXLSOJTr9EcRkaDU25cab7g?authuser=0&hl=fr&rclk=1,Plomberie Roche,"4,9",-156,Plombier,·,04 72 07 07 07,https://lyon.plomberie-roche.fr/
https://www.google.com/maps/place/Juste/data=!4m7!3m6!1s0x47f4c164dc6e2ac9:0xb799646bb1e952ac!8m2!3d45.7887641!4d4.9081545!16s%2Fg%2F11jmv7qdqh!19sChIJySpu3GTB9EcRrFLpsWtkmbc?authuser=0&hl=fr&rclk=1,Juste,3,-4,Chauffagiste,53 Av. du 8 Mai 1945,04 78 85 90 65,http://www.justelyon.fr/
https://www.google.com/maps/place/STARK+Habitat/data=!4m7!3m6!1s0x47f4c02c8715388b:0xc89db7c9a109ee09!8m2!3d45.772068!4d4.8941237!16s%2Fg%2F11fntnct9p!19sChIJizgVhyzA9EcRCe4Jocm3ncg?authuser=0&hl=fr&rclk=1,STARK Habitat,"4,2",-472,Chauffagiste,·,04 65 84 05 78,https://starkhabitat.fr/
https://www.google.com/maps/place/SARP+Lyon+-+Habitat+%28Vita%29/data=!4m7!3m6!1s0x47f4c6b002b374ad:0x6f4da8b199bf342e!8m2!3d45.7477826!4d4.9227573!16s%2Fg%2F1tdr2nd2!19sChIJrXSzArDG9EcRLjS_mbGoTW8?authuser=0&hl=fr&rclk=1,SARP Lyon - Habitat (Vita),"4,1",-23,Service d'assainissement,35 Rte de Genas,04 74 70 18 09,
https://www.google.com/maps/place/Eden+Plomberie/data=!4m7!3m6!1s0x47f4c1ecafe9abd3:0xf8257e8cc68715ea!8m2!3d45.7639213!4d4.945112!16s%2Fg%2F11vkc3tyy6!19sChIJ06vpr-zB9EcR6hWHxox-Jfg?authuser=0&hl=fr&rclk=1,Eden Plomberie,"4,4",-7,Chauffagiste,55 Rue Emile Zola,04 51 23 65 83,https://edenplomberie.fr/
https://www.google.com/maps/place/A.F.R+Atelier+Frigorifique+Rhodanien/data=!4m7!3m6!1s0x47f4c1af7f1271f7:0x37261eae9bf98e71!8m2!3d45.7516826!4d4.9049693!16s%2Fg%2F1thcrpkw!19sChIJ93ESf6_B9EcRcY75m64eJjc?authuser=0&hl=fr&rclk=1,A.F.R Atelier Frigorifique Rhodanien,"4,5",-82,Chauffagiste,·,04 28 29 04 32,http://www.afr-climatisation.fr/
https://www.google.com/maps/place/Servigaz/data=!4m7!3m6!1s0x47f4ea828d0239ef:0x2b729258678e8278!8m2!3d45.7698571!4d4.8723102!16s%2Fg%2F1tfvgkgs!19sChIJ7zkCjYLq9EcReIKOZ1iScis?authuser=0&hl=fr&rclk=1,Servigaz,"4,4",-262,Chauffagiste,·,04 72 65 34 10,http://www.servigaz-sarl.com/
https://www.google.com/maps/place/Entreprise+Aug%C3%A9/data=!4m7!3m6!1s0x47f4c028f14b1d01:0x360cc90717d631fa!8m2!3d45.7699466!4d4.8764531!16s%2Fg%2F11b6dhqcrv!19sChIJAR1L8SjA9EcR-jHWFwfJDDY?authuser=0&hl=fr&rclk=1,Entreprise Augé,"4,6",-33,Plombier,138 Cr Émile-Zola,04 78 42 82 35,https://www.plomberie-auge.fr/
https://www.google.com/maps/place/NM+PLOMBERIE/data=!4m7!3m6!1s0x4723704c99e96b3:0x3f05cea80eb0430c!8m2!3d45.8803093!4d4.701886!16s%2Fg%2F11t5t1bm07!19sChIJs5aeyQQ3cgQRDEOwDqjOBT8?authuser=0&hl=fr&rclk=1,NM PLOMBERIE,5,-21,Chauffagiste,·,06 16 71 82 44,
https://www.google.com/maps/place/ELEC+GAZ+SERVICE/data=!4m7!3m6!1s0x47f4c0385f51c2ad:0xe4c0fc276e986165!8m2!3d45.7732284!4d4.8939854!16s%2Fg%2F1tcxz502!19sChIJrcJRXzjA9EcRZWGYbif8wOQ?authuser=0&hl=fr&rclk=1,ELEC GAZ SERVICE,"3,4",-401,Plombier,·,04 78 84 87 87,https://www.elecgaz-service.fr/?utm_source=gmb
https://www.google.com/maps/place/PLTplomberie/data=!4m7!3m6!1s0x5bc1abdf6950d17:0x65dd8b632f438320!8m2!3d47.115408!4d3.7129746!16s%2Fg%2F11ytdvmf4m!19sChIJFw2V9r0avAURIINDL2OL3WU?authuser=0&hl=fr&rclk=1,PLTplomberie,5,-28,Plombier,·,07 67 83 96 66,
https://www.google.com/maps/place/Plomberie+Du+Rh%C3%B4ne/data=!4m7!3m6!1s0x47f4c1c8540bc1e5:0xc426efee3c093059!8m2!3d45.7608183!4d4.8903087!16s%2Fg%2F1tdy3ttk!19sChIJ5cELVMjB9EcRWTAJPO7vJsQ?authuser=0&hl=fr&rclk=1,Plomberie Du Rhône,"4,6",-72,Plombier,109 Rue du 1er Mars 1943 Bâtiment D,04 28 87 87 00,http://www.plomberiedurhone.fr/
https://www.google.com/maps/place/BGP+Plomberie/data=!4m7!3m6!1s0x47f4c014b8d1eaef:0x49face79182bbd51!8m2!3d45.7839463!4d4.8963866!16s%2Fg%2F11b6dj6_2y!19sChIJ7-rRuBTA9EcRUb0rGHnO-kk?authuser=0&hl=fr&rclk=1,BGP Plomberie,4,-48,Plombier,5 Rue du Canal,04 78 04 63 87,https://bgp-plomberie.fr/
https://www.google.com/maps/place/MCI+SAS/data=!4m7!3m6!1s0x47f4c0db969a330d:0xa578b25f548c3023!8m2!3d45.748512!4d4.933492!16s%2Fg%2F1tnpdsbv!19sChIJDTOaltvA9EcRIzCMVF-yeKU?authuser=0&hl=fr&rclk=1,MCI SAS,"2,8",-5,Entrepreneur spécialisé dans les systèmes de CVC,220 Av. Franklin Roosevelt,04 72 47 98 10,http://mci.fr/
https://www.google.com/maps/place/ELYOTHERM/data=!4m7!3m6!1s0x47f4eaccc869a819:0x81be349efa10111a!8m2!3d45.8006199!4d4.850318!16s%2Fg%2F1tgz9pyy!19sChIJGahpyMzq9EcRGhEQ-p40voE?authuser=0&hl=fr&rclk=1,ELYOTHERM,"4,6",-166,Chauffagiste,·,04 82 53 12 47,https://elyotherm.fr/
https://www.google.com/maps/place/Proxiserve/data=!4m7!3m6!1s0x47f4c1fe94e2df6d:0x594c70370ba5a811!8m2!3d45.7507363!4d4.9312428!16s%2Fg%2F11h0ylm2_l!19sChIJbd_ilP7B9EcREailCzdwTFk?authuser=0&hl=fr&rclk=1,Proxiserve,"1,7",-65,Chauffagiste,,01 41 49 52 00,https://www.proxiserve.fr/
https://www.google.com/maps/place/Servigaz/data=!4m7!3m6!1s0x47f4ea828d0239ef:0x2b729258678e8278!8m2!3d45.7698571!4d4.8723102!16s%2Fg%2F1tfvgkgs!19sChIJ7zkCjYLq9EcReIKOZ1iScis?authuser=0&hl=fr&rclk=1,Servigaz,"4,4",-262,Chauffagiste,·,04 72 65 34 10,http://www.servigaz-sarl.com/
https://www.google.com/maps/place/Entreprise+Aug%C3%A9/data=!4m7!3m6!1s0x47f4c028f14b1d01:0x360cc90717d631fa!8m2!3d45.7699466!4d4.8764531!16s%2Fg%2F11b6dhqcrv!19sChIJAR1L8SjA9EcR-jHWFwfJDDY?authuser=0&hl=fr&rclk=1,Entreprise Augé,"4,6",-33,Plombier,138 Cr Émile-Zola,04 78 42 82 35,https://www.plomberie-auge.fr/
https://www.google.com/maps/place/NM+PLOMBERIE/data=!4m7!3m6!1s0x4723704c99e96b3:0x3f05cea80eb0430c!8m2!3d45.8803093!4d4.701886!16s%2Fg%2F11t5t1bm07!19sChIJs5aeyQQ3cgQRDEOwDqjOBT8?authuser=0&hl=fr&rclk=1,NM PLOMBERIE,5,-21,Chauffagiste,·,06 16 71 82 44,
https://www.google.com/maps/place/ELEC+GAZ+SERVICE/data=!4m7!3m6!1s0x47f4c0385f51c2ad:0xe4c0fc276e986165!8m2!3d45.7732284!4d4.8939854!16s%2Fg%2F1tcxz502!19sChIJrcJRXzjA9EcRZWGYbif8wOQ?authuser=0&hl=fr&rclk=1,ELEC GAZ SERVICE,"3,4",-401,Plombier,·,04 78 84 87 87,https://www.elecgaz-service.fr/?utm_source=gmb
https://www.google.com/maps/place/PLTplomberie/data=!4m7!3m6!1s0x5bc1abdf6950d17:0x65dd8b632f438320!8m2!3d47.115408!4d3.7129746!16s%2Fg%2F11ytdvmf4m!19sChIJFw2V9r0avAURIINDL2OL3WU?authuser=0&hl=fr&rclk=1,PLTplomberie,5,-28,Plombier,·,07 67 83 96 66,
https://www.google.com/maps/place/Plomberie+Du+Rh%C3%B4ne/data=!4m7!3m6!1s0x47f4c1c8540bc1e5:0xc426efee3c093059!8m2!3d45.7608183!4d4.8903087!16s%2Fg%2F1tdy3ttk!19sChIJ5cELVMjB9EcRWTAJPO7vJsQ?authuser=0&hl=fr&rclk=1,Plomberie Du Rhône,"4,6",-72,Plombier,109 Rue du 1er Mars 1943 Bâtiment D,04 28 87 87 00,http://www.plomberiedurhone.fr/
https://www.google.com/maps/place/BGP+Plomberie/data=!4m7!3m6!1s0x47f4c014b8d1eaef:0x49face79182bbd51!8m2!3d45.7839463!4d4.8963866!16s%2Fg%2F11b6dj6_2y!19sChIJ7-rRuBTA9EcRUb0rGHnO-kk?authuser=0&hl=fr&rclk=1,BGP Plomberie,4,-48,Plombier,5 Rue du Canal,04 78 04 63 87,https://bgp-plomberie.fr/
https://www.google.com/maps/place/MCI+SAS/data=!4m7!3m6!1s0x47f4c0db969a330d:0xa578b25f548c3023!8m2!3d45.748512!4d4.933492!16s%2Fg%2F1tnpdsbv!19sChIJDTOaltvA9EcRIzCMVF-yeKU?authuser=0&hl=fr&rclk=1,MCI SAS,"2,8",-5,Entrepreneur spécialisé dans les systèmes de CVC,220 Av. Franklin Roosevelt,04 72 47 98 10,http://mci.fr/
https://www.google.com/maps/place/ELYOTHERM/data=!4m7!3m6!1s0x47f4eaccc869a819:0x81be349efa10111a!8m2!3d45.8006199!4d4.850318!16s%2Fg%2F1tgz9pyy!19sChIJGahpyMzq9EcRGhEQ-p40voE?authuser=0&hl=fr&rclk=1,ELYOTHERM,"4,6",-166,Chauffagiste,·,04 82 53 12 47,https://elyotherm.fr/
https://www.google.com/maps/place/Proxiserve/data=!4m7!3m6!1s0x47f4c1fe94e2df6d:0x594c70370ba5a811!8m2!3d45.7507363!4d4.9312428!16s%2Fg%2F11h0ylm2_l!19sChIJbd_ilP7B9EcREailCzdwTFk?authuser=0&hl=fr&rclk=1,Proxiserve,"1,7",-65,Chauffagiste,,01 41 49 52 00,https://www.proxiserve.fr/
https://www.google.com/maps/place/Ets+GERARD+-+Artisan/data=!4m7!3m6!1s0x47e60deae80f6b3b:0x7bbb3bebad5f15b3!8m2!3d48.8407999!4d2.4982497!16s%2Fg%2F11nyr_d1gk!19sChIJO2sP6OoN5kcRsxVfres7u3s?authuser=0&hl=fr&rclk=1,Ets GERARD - Artisan,"4,9",-211,Chauffagiste,53 Rue Jean d'Estienne d'Orves,01 84 23 22 22,http://www.gerard-artisan.com/
https://www.google.com/maps/place/Rapide+Service+D%C3%A9pannage+%28RSD%29/data=!4m7!3m6!1s0x47f4c03cd15435b3:0x43fdbee4086ff251!8m2!3d45.7511346!4d4.9098683!16s%2Fg%2F11btmr49ny!19sChIJszVU0TzA9EcRUfJvCOS-_UM?authuser=0&hl=fr&rclk=1,Rapide Service Dépannage (RSD),"4,9",-34,Plombier,45 Rue Monge,04 72 04 00 00,http://www.servicedepannage.net/
https://www.google.com/maps/place/CDA+ARTISANS/data=!4m7!3m6!1s0x47f4c1f6fa5c4275:0x529a83b3129cf0b6!8m2!3d45.7689555!4d4.8895711!16s%2Fg%2F11whzlc097!19sChIJdUJc-vbB9EcRtvCcErODmlI?authuser=0&hl=fr&rclk=1,CDA ARTISANS,"4,8",-229,Plombier,32 bis Rue Flachet,04 65 84 52 97,https://cda-plombier.fr/
https://www.google.com/maps/place/Soci%C3%A9t%C3%A9+de+Tuyauterie+Industrielle+S.T.I/data=!4m7!3m6!1s0x47f4c11900000001:0xdf53f76596f0baee!8m2!3d45.7537935!4d4.9267807!16s%2Fg%2F11h0bx19c8!19sChIJAQAAABnB9EcR7rrwlmX3U98?authuser=0&hl=fr&rclk=1,Société de Tuyauterie Industrielle S.T.I,,,Chaudronnerie,65B Rue Alexandre Dumas,04 72 48 92 09,http://ch4nge.fr/
https://www.google.com/maps/place/Daikin+Airconditioning+France+-+Agence+de+Lyon/data=!4m7!3m6!1s0x47f4c1698f82976b:0xb80b88ec311b2b59!8m2!3d45.726977!4d4.979669!16s%2Fg%2F1tw1d58g!19sChIJa5eCj2nB9EcRWSsbMeyIC7g?authuser=0&hl=fr&rclk=1,Daikin Airconditioning France - Agence de Lyon,3,-86,Fournisseur de systèmes de climatisation,2-4 Rue Joseph Nicéphore Niepce,04 72 15 24 80,https://www.google.com/aclk?sa=L&ai=DChsSEwjzzr2pyL2UAxXBZ0ECHcBeNvYYACICCAEQARoCd3M&co=1&ase=2&gclid=CjwKCAjwq6DQBhBVEiwA4ZD5XIwcESUXL0VkvyXY4YqT_5zkEFSozf7zLTru6uTABZ4b_yTBCyvL-BoCiNIQAvD_BwE&cce=2&category=acrcp_v1_32&sig=AOD64_0GbyVAyJyMoIwPn7KDmv31nnWwdw&adurl&q&ctype=99&nis=6
https://www.google.com/maps/place/SOS+Intervention+Lyon/data=!4m7!3m6!1s0x47f4c15ce732a255:0x9aefd9d5cd492b64!8m2!3d45.76308!4d4.880747!16s%2Fg%2F11vynw3lb9!19sChIJVaIy51zB9EcRZCtJzdXZ75o?authuser=0&hl=fr&rclk=1,SOS Intervention Lyon,"4,9",-46,Plombier,79 Rue Paul Verlaine,07 67 76 28 18,https://www.google.com/aclk?sa=L&ai=DChsSEwjzzr2pyL2UAxXBZ0ECHcBeNvYYACICCAEQBRoCd3M&co=1&ase=2&gclid=CjwKCAjwq6DQBhBVEiwA4ZD5XJv959i9p7pEXfWX8FGL2G_UXalmwS3yJKunIl0ivbQ0qym2k4OyWRoCqXkQAvD_BwE&cce=2&category=acrcp_v1_32&sig=AOD64_0ioq0hfAL8NPKuXAITN9jVgvSAvg&adurl&q&ctype=99&nis=6
https://www.google.com/maps/place/ELYOTHERM/data=!4m7!3m6!1s0x47f4eaccc869a819:0x81be349efa10111a!8m2!3d45.8006199!4d4.850318!16s%2Fg%2F1tgz9pyy!19sChIJGahpyMzq9EcRGhEQ-p40voE?authuser=0&hl=fr&rclk=1,ELYOTHERM,"4,6",-166,Chauffagiste,·,04 82 53 12 47,https://elyotherm.fr/
https://www.google.com/maps/place/Quali+plomberie/data=!4m7!3m6!1s0x6483f22b4bac6bf5:0x5026ce61e3f5c342!8m2!3d45.7938365!4d4.8483824!16s%2Fg%2F11txndlkv6!19sChIJ9WusSyvyg2QRQsP142HOJlA?authuser=0&hl=fr&rclk=1,Quali plomberie,"4,9",-35,Plombier,110 Av. Alexander Fleming,06 45 50 49 81,
https://www.google.com/maps/place/Boissy+Plomberie/data=!4m7!3m6!1s0x47f4957fd4efa287:0x68fa94984afc6a61!8m2!3d45.8137615!4d4.8638725!16s%2Fg%2F11y3yqyh_v!19sChIJh6Lv1H-V9EcRYWr8SpiU-mg?authuser=0&hl=fr&rclk=1,Boissy Plomberie,5,-45,Plombier,47 Rue Pierre Bourgeois,06 61 21 78 40,https://www.instagram.com/boissyplomberie?utm_source=gmb
https://www.google.com/maps/place/Plomberie+Denis-Metge+%7C/data=!4m7!3m6!1s0x47f4eb0d0f0bd6b5:0x982add44a61f63a6!8m2!3d45.7952551!4d4.845688!16s%2Fg%2F11fnrf1ny_!19sChIJtdYLDw3r9EcRpmMfpkTdKpg?authuser=0&hl=fr&rclk=1,Plomberie Denis-Metge |,"4,1",-10,Plombier,36b Av. Marc Sangnier,06 07 34 74 08,https://www.denismetgeplomberie.fr/
https://www.google.com/maps/place/Albaplomberie/data=!4m7!3m6!1s0x47f4955fbe6584d5:0xd752449b7708b808!8m2!3d45.8153069!4d4.8580803!16s%2Fg%2F11h0c05ygd!19sChIJ1YRlvl-V9EcRCLgId5tEUtc?authuser=0&hl=fr&rclk=1,Albaplomberie,5,-7,Chauffagiste,"allee du, 12 All. du Parc de Montchoisy",06 81 92 71 00,
https://www.google.com/maps/place/Bonfre+Plomberie/data=!4m7!3m6!1s0x47f4955336d93de1:0x2ecec8606cef43ab!8m2!3d45.8001601!4d4.8716908!16s%2Fg%2F1w0sc6by!19sChIJ4T3ZNlOV9EcRq0PvbGDIzi4?authuser=0&hl=fr&rclk=1,Bonfre Plomberie,"4,7",-15,Plombier,1142 Chem. des Bruyères,06 08 94 62 70,
https://www.google.com/maps/place/Evynergie/data=!4m7!3m6!1s0x47f4eab9ea9e8e37:0x982bc94d86b8f4e1!8m2!3d45.790768!4d4.8595723!16s%2Fg%2F11g027vy8m!19sChIJN46e6rnq9EcR4fS4hk3JK5g?authuser=0&hl=fr&rclk=1,Evynergie,"4,3",-249,Solutions et équipement énergétiques,·,04 69 84 22 28,http://evynergie.fr/
https://www.google.com/maps/place/Plomberie+Bergues/data=!4m7!3m6!1s0x47f4955fde9e3a0d:0xd14af58f27bc9776!8m2!3d45.8186535!4d4.88029!16s%2Fg%2F1tfcbj6x!19sChIJDTqe3l-V9EcRdpe8J4_1StE?authuser=0&hl=fr&rclk=1,Plomberie Bergues,"4,8",-128,Chauffagiste,211 Chem. du Chêne,04 78 83 73 36,http://www.bergues.pro/
https://www.google.com/maps/place/Siberic+Froid+%26+Climatisation/data=!4m7!3m6!1s0x47f4eb79eb988d19:0xb368d26196cb7e94!8m2!3d45.7801261!4d4.8416188!16s%2Fg%2F11j7h75jt6!19sChIJGY2Y63nr9EcRlH7LlmHSaLM?authuser=0&hl=fr&rclk=1,Siberic Froid & Climatisation,5,-2,Entrepreneur spécialisé dans les systèmes de CVC,7 Cr Aristide Briand,06 22 74 18 95,
https://www.google.com/maps/place/SEH+Solution+Environnement+Habitat/data=!4m7!3m6!1s0x2c5b743f23ddd391:0x709998af0315aac7!8m2!3d45.7908168!4d4.8596607!16s%2Fg%2F11v3vr49nc!19sChIJkdPdIz90WywRx6oVA6-YmXA?authuser=0&hl=fr&rclk=1,SEH Solution Environnement Habitat,"4,8",-37,Solutions et équipement énergétiques,152 Grande Rue de St Clair,04 37 85 07 80,https://groupeseh.com/
https://www.google.com/maps/place/LEGENDRE+%26+FILS/data=!4m7!3m6!1s0x47f49517599d47b7:0xfb3460972cc51437!8m2!3d45.8250362!4d4.8514339!16s%2Fg%2F1v96l42w!19sChIJt0edWReV9EcRNxTFLJdgNPs?authuser=0&hl=fr&rclk=1,LEGENDRE & FILS,"4,9",-168,Chauffagiste,5 Rue des Sablières,04 78 22 06 26,
https://www.google.com/maps/place/Plomb%27activ/data=!4m7!3m6!1s0x429c7939146b30d:0x8bc96b0b26a10fd9!8m2!3d45.7903108!4d4.8584724!16s%2Fg%2F11x33l7f_t!19sChIJDbNGkZPHKQQR2Q-hJgtryYs?authuser=0&hl=fr&rclk=1,Plomb'activ,5,-8,Plombier,130 Grande Rue de St Clair,07 65 26 65 26,https://plombactiv.com/
https://www.google.com/maps/place/Contitech+Anoflex/data=!4m7!3m6!1s0x47f4954c3e38cb29:0x40eba4ac97aa5de2!8m2!3d45.8045116!4d4.8666835!16s%2Fg%2F1tdvp2ns!19sChIJKcs4PkyV9EcR4l2ql6yk60A?authuser=0&hl=fr&rclk=1,Contitech Anoflex,"4,2",-32,Fournisseur d'équipement hydraulique,·,04 78 98 70 70,
https://www.google.com/maps/place/Alliance+Renovation/data=!4m7!3m6!1s0x47f4eac2efaa7563:0x4ed121731285ef33!8m2!3d45.7839275!4d4.8450483!16s%2Fg%2F11b75jc9jn!19sChIJY3Wq78Lq9EcRM--FEnMh0U4?authuser=0&hl=fr&rclk=1,Alliance Renovation,"4,7",-75,Entreprise de construction,·,04 78 39 95 68,http://www.alliancerenovation69.com/
https://www.google.com/maps/place/Thermocom+Plomberie/data=!4m7!3m6!1s0x47f4eb711b4c7663:0x19ce05e5b8540a9!8m2!3d45.7707856!4d4.8117804!16s%2Fg%2F11h18z72fy!19sChIJY3ZMG3Hr9EcRqUCFW17gnAE?authuser=0&hl=fr&rclk=1,Thermocom Plomberie,5,-220,Chauffagiste,33 Quai Arloing CS 10306,06 38 98 06 30,https://thermocom.fr/
https://www.google.com/maps/place/Chauffage+2000/data=!4m7!3m6!1s0x47f49755b618253b:0xe5e4daf150133be6!8m2!3d45.8982712!4d4.8203242!16s%2Fg%2F11gtzpkzc9!19sChIJOyUYtlWX9EcR5jsTUPHa5OU?authuser=0&hl=fr&rclk=1,Chauffage 2000,"4,7",-63,Chauffagiste,662 Rue des Jonchères,04 78 91 73 24,https://www.chauffage-2000.com/
https://www.google.com/maps/place/Plomberie+Toesca/data=!4m7!3m6!1s0x47f4eb5cd6ff83df:0x6d1c81bfb128abac!8m2!3d45.7640492!4d4.8580065!16s%2Fg%2F11r4h3k4cs!19sChIJ34P_1lzr9EcRrKsosb-BHG0?authuser=0&hl=fr&rclk=1,Plomberie Toesca,"4,8",-30,Plombier,26 Bd Jules Favre,04 78 24 35 09,http://www.plomberie-toesca.fr/
https://www.google.com/maps/place/S.D.T.+Soci%C3%A9t%C3%A9+de+D%C3%A9pannage+Thermique+-+SARL/data=!4m7!3m6!1s0x47f49529f1ce4703:0x7151cbd7be775ceb!8m2!3d45.8070642!4d4.8377571!16s%2Fg%2F1tx4npzw!19sChIJA0fO8SmV9EcR61x3vtfLUXE?authuser=0&hl=fr&rclk=1,S.D.T. Société de Dépannage Thermique - SARL,"2,9",-7,Fournisseur d'équipements de chauffage,39 bis Rue Pierre Termier,04 72 42 97 42,http://www.sdt-depannage-thermique.com/
https://www.google.com/maps/place/PELLET+FRERES+-+Chauffage+-+Climatisation+-+Plomberie+-+Solaire/data=!4m7!3m6!1s0x47f4c0bf39d0fa27:0x5f58b861ab082fc!8m2!3d45.7795705!4d4.9443148!16s%2Fg%2F11c2pr85xf!19sChIJJ_rQOb_A9EcR_IKwGoaL9QU?authuser=0&hl=fr&rclk=1,PELLET FRERES - Chauffage - Climatisation - Plomberie - Solaire,"4,6",-59,Chauffagiste,29 Rue Jacques Monod,04 78 80 01 94,https://www.pelletfreres.fr/
https://www.google.com/maps/place/SOS+Intervention+Lyon/data=!4m7!3m6!1s0x47f4c15ce732a255:0x9aefd9d5cd492b64!8m2!3d45.76308!4d4.880747!16s%2Fg%2F11vynw3lb9!19sChIJVaIy51zB9EcRZCtJzdXZ75o?authuser=0&hl=fr&rclk=1,SOS Intervention Lyon,"4,9",-46,Plombier,79 Rue Paul Verlaine,07 67 76 28 18,https://www.google.com/aclk?sa=L&ai=DChsSEwjogNexyL2UAxVptWgJHbTICZIYACICCAEQABoCd2Y&co=1&ase=2&gclid=CjwKCAjwq6DQBhBVEiwA4ZD5XIS5t85fgTcpDrCKC_Ma3KWeRN1bg31YDBqYI9OXOdxsCr9VFQhEQRoCXOQQAvD_BwE&cce=2&category=acrcp_v1_32&sig=AOD64_2qlYipzfdHcpg6sm_xEegEe7suzQ&adurl&q&ctype=99&nis=6
https://www.google.com/maps/place/Chaudi%C3%A8res+FRANCK+PICQ/data=!4m7!3m6!1s0x47f4eb51ad2dfa39:0x5800a927270ba99!8m2!3d45.7659913!4d4.8467843!16s%2Fg%2F11jh2jmvct!19sChIJOfotrVHr9EcRmbpwcpIKgAU?authuser=0&hl=fr&rclk=1,Chaudières FRANCK PICQ,"4,8",-72,Chauffagiste,131 Rue de Créqui,04 72 02 38 38,https://www.chaudiere-picq.fr/
https://www.google.com/maps/place/F.a+Plomberie/data=!4m7!3m6!1s0x47f4eadc7aa6b167:0xdbc38daaaf9dc4c1!8m2!3d45.7787871!4d4.8000954!16s%2Fg%2F11gy1dwjw6!19sChIJZ7Gmetzq9EcRwcSdr6qNw9s?authuser=0&hl=fr&rclk=1,F.a Plomberie,5,-19,Plombier,24 Rue de la Gare,06 31 49 11 28,
https://www.google.com/maps/place/Maxi+Service+SARL/data=!4m7!3m6!1s0x47f4eac2fe3c8fb5:0x3f34d85db49c227c!8m2!3d45.8077648!4d4.8713094!16s%2Fg%2F1tkb4g77!19sChIJtY88_sLq9EcRfCKctF3YND8?authuser=0&hl=fr&rclk=1,Maxi Service SARL,"4,3",-12,Grossiste,·,04 78 08 13 81,http://www.maxi-service-distribution.fr/
https://www.google.com/maps/place/Assistance+Mounier+Gaz+Service+A.M.G.S/data=!4m7!3m6!1s0x47f4eae1791dc6f7:0xe5cca5bf765ae5a!8m2!3d45.777741!4d4.832678!16s%2Fg%2F1tnbkg__!19sChIJ98YdeeHq9EcRWq5l91vKXA4?authuser=0&hl=fr&rclk=1,Assistance Mounier Gaz Service A.M.G.S,"3,7",-22,Chauffagiste,3 Rue du Chariot d'Or,04 78 30 55 44,http://www.amgs-lyon.com/
https://www.google.com/maps/place/Entreprise+Renaudin/data=!4m7!3m6!1s0x47f4ebcb39c5aa43:0xa87f0919dfbac5d8!8m2!3d45.7695336!4d4.8456977!16s%2Fg%2F11nx30f2wj!19sChIJQ6rFOcvr9EcR2MW63xkJf6g?authuser=0&hl=fr&rclk=1,Entreprise Renaudin,5,-27,Plombier,18 Rue Tronchet,07 68 12 38 30,https://entreprise-renaudin.fr/
https://www.google.com/maps/place/BCCA%C2%B2/data=!4m7!3m6!1s0x47f4eacd57c02703:0xdfb745f3b636eeab!8m2!3d45.8003582!4d4.8479738!16s%2Fg%2F1q67sr_23!19sChIJAyfAV83q9EcRq-42tvNFt98?authuser=0&hl=fr&rclk=1,BCCA²,"4,8",-18,Travaux généraux,55 Rue Jean Moulin,04 78 08 23 50,http://www.bcca2.fr/
https://www.google.com/maps/place/P.o.l.+Favaro/data=!4m7!3m6!1s0x47f49558a836aaab:0xe1af07e942cd512e!8m2!3d45.7973718!4d4.8597594!16s%2Fg%2F11gy10s6tq!19sChIJq6o2qFiV9EcRLlHNQukHr-E?authuser=0&hl=fr&rclk=1,P.o.l. Favaro,,,Chauffagiste,29 Chem. du Bois Joli,06 07 05 98 61,
https://www.google.com/maps/place/H2C+-+Energie/data=!4m7!3m6!1s0x734a62e90e931e3:0xb548e966281fa5ce!8m2!3d49.029084!4d2.46992!16s%2Fg%2F11ym1y_vgd!19sChIJ4zHpkC6mNAcRzqUfKGbpSLU?authuser=0&hl=fr&rclk=1,H2C - Energie,5,-3,Fournisseur de systèmes de climatisation,4 Rue Louise Michel,07 43 65 66 16,https://www.google.com/aclk?sa=L&ai=DChsSEwia2NW-yL2UAxUEu2gJHei8BgoYACICCAEQABoCd2Y&co=1&ase=2&gclid=CjwKCAjwq6DQBhBVEiwA4ZD5XBmcCIdzhBqiGKT2bTeJOs_O7zCcgMKjncMoAlqu8CuHgW9lCRvLixoCWe4QAvD_BwE&cce=2&category=acrcp_v1_32&sig=AOD64_1gPi2TKKHUbtYrTbEQ67nm2Oz1rw&adurl&q&ctype=99&nis=6
https://www.google.com/maps/place/Etablissement+Lefevre+Paris+11+:+Plomberie+d%C3%A9gorgement+Chauffage+Serrurerie/data=!4m7!3m6!1s0x47e66dbe3188b537:0x1923f0870e9feef2!8m2!3d48.85857!4d2.378489!16s%2Fg%2F11nm_tdwl_!19sChIJN7WIMb5t5kcR8u6fDofwIxk?authuser=0&hl=fr&rclk=1,Etablissement Lefevre Paris 11 : Plomberie dégorgement Chauffage Serrurerie,"4,5",-148,Plombier,124 Boulevard Voltaire,01 48 05 15 15,https://www.google.com/aclk?sa=L&ai=DChsSEwia2NW-yL2UAxUEu2gJHei8BgoYACICCAEQChoCd2Y&co=1&ase=2&gclid=CjwKCAjwq6DQBhBVEiwA4ZD5XObI5jVqD0VG6lvu416adnP4a4rKI1XDI7RtOCTXJl6C-tWd4pQBOBoClkoQAvD_BwE&cce=2&category=acrcp_v1_32&sig=AOD64_0TfISGc9YQk92yFYZCebLgsD3zTA&adurl&q&ctype=99&nis=6
https://www.google.com/maps/place/ARTISAN+PLOMBIER+MEUDON+E.L.P.F+ASSISTANCE/data=!4m7!3m6!1s0x47e67a5f3cf11321:0x842c26aaac59bdbf!8m2!3d48.8160588!4d2.2468588!16s%2Fg%2F11btm7s9_9!19sChIJIRPxPF965kcRv71ZrKomLIQ?authuser=0&hl=fr&rclk=1,ARTISAN PLOMBIER MEUDON E.L.P.F ASSISTANCE,"4,8",-117,Plombier,2 Bis Rue Robert Julien Lanen,01 46 30 46 12,http://www.artisans-plombiers-meudon.fr/
https://www.google.com/maps/place/NAD-eau+Chauffage-Plomberie/data=!4m7!3m6!1s0x47e67a5d1db328f7:0x5d3391d6d6880930!8m2!3d48.8095648!4d2.2486679!16s%2Fg%2F11csrrthlb!19sChIJ9yizHV165kcRMAmI1taRM10?authuser=0&hl=fr&rclk=1,NAD-eau Chauffage-Plomberie,"4,4",-61,Chauffagiste,60 Rue des Marais,01 46 26 41 77,http://www.nad-eau.fr/
https://www.google.com/maps/place/NAD-EAU/data=!4m7!3m6!1s0x47e67b30055096b5:0xec6c738a13aff4ff!8m2!3d48.8195978!4d2.249568!16s%2Fg%2F11xvzf64x0!19sChIJtZZQBTB75kcR__SvE4pzbOw?authuser=0&hl=fr&rclk=1,NAD-EAU,5,-18,Chauffagiste,40 Rue Jean Pierre Timbaud,01 47 65 04 31,https://nad-eau.fr/
https://www.google.com/maps/place/Chaufferie+Engie+de+Meudon-la-For%C3%AAt/data=!4m7!3m6!1s0x47e67a302d89239f:0xf61d04fce224447b!8m2!3d48.7886736!4d2.2357795!16s%2Fg%2F11c1w_1_nf!19sChIJnyOJLTB65kcRe0Qk4vwEHfY?authuser=0&hl=fr&rclk=1,Chaufferie Engie de Meudon-la-Forêt,"3,8",-5,Société pétrolière et de gaz naturel,·,01 48 13 54 00,
https://www.google.com/maps/place/Au+Compagnon/data=!4m7!3m6!1s0x47e67a5428daaaab:0x89ed0066b8a5b9cf!8m2!3d48.8151217!4d2.2342493!16s%2Fg%2F11hytb0fk_!19sChIJq6raKFR65kcRz7mluGYA7Yk?authuser=0&hl=fr&rclk=1,Au Compagnon,"4,3",-23,Chauffagiste,1 Pl. Stalingrad,01 46 26 11 18,https://www.acbmeudon.com/
https://www.google.com/maps/place/EMY+Plomberie/data=!4m7!3m6!1s0x47e67b0423bb0f4d:0x2ce2eb6585ce3d3e!8m2!3d48.8402208!4d2.307785!16s%2Fg%2F11h9lnznpn!19sChIJTQ-7IwR75kcRPj3OhWXr4iw?authuser=0&hl=fr&rclk=1,EMY Plomberie,"4,9",-351,Plombier,·,01 84 60 54 84,http://www.emyplomberie.com/
https://www.google.com/maps/place/Disdero+chauffage+collectif/data=!4m7!3m6!1s0x47e67bdc21158341:0xd30a59fc43ea20e7!8m2!3d48.7815466!4d2.211465!16s%2Fg%2F11gy15n7q6!19sChIJQYMVIdx75kcR5yDqQ_xZCtM?authuser=0&hl=fr&rclk=1,Disdero chauffage collectif,"2,2",-72,Chauffagiste,6 Av. Morane Saulnier Immeuble Le Crystalys,01 34 63 11 11,
https://www.google.com/maps/place/Castaing/data=!4m7!3m6!1s0x47e67a5131de76db:0x4e3d41d31d25a419!8m2!3d48.8126753!4d2.2364418!16s%2Fg%2F11g0tk_b6_!19sChIJ23beMVF65kcRGaQlHdNBPU4?authuser=0&hl=fr&rclk=1,Castaing,"3,2",-17,Chauffagiste,25 Bd des Nations Unies,01 46 26 83 94,https://www.castaing-depannage.fr/
https://www.google.com/maps/place/MTB+France/data=!4m7!3m6!1s0x47e67b068d34f74d:0xdb15d906b5e02645!8m2!3d48.8222819!4d2.2217181!16s%2Fg%2F11f52mr2pp!19sChIJTfc0jQZ75kcRRSbgtQbZFds?authuser=0&hl=fr&rclk=1,MTB France,"3,5",-16,Chauffagiste,4 Rue des Bruyères,01 49 66 86 86,http://mtb-france.com/
"https://www.google.com/maps/place/ASPE+-+R%C3%A9novation+tout+corps+d%27%C3%A9tat+%28+plomberie,chauffage,%C3%A9lectricit%C3%A9+%29/data=!4m7!3m6!1s0x47e67b4627a2769f:0x94f59db83a6935d5!8m2!3d48.8179252!4d2.2601486!16s%2Fg%2F11ghlwt92j!19sChIJn3aiJ0Z75kcR1TVpOrid9ZQ?authuser=0&hl=fr&rclk=1","ASPE - Rénovation tout corps d'état ( plomberie,chauffage,électricité )","4,2",-5,Chauffagiste,46 Rue d'Erevan,06 64 18 31 78,
https://www.google.com/maps/place/SAS+SCUTO/data=!4m7!3m6!1s0x47e67b371b1e1ced:0xaacedebe63db7716!8m2!3d48.8123047!4d2.2385068!16s%2Fg%2F11smvjk52w!19sChIJ7RweGzd75kcRFnfbY77ezqo?authuser=0&hl=fr&rclk=1,SAS SCUTO,5,-5,Électricien,37 Av. le Corbeiller,01 45 34 14 08,https://scutomeudon-elec.com/
https://www.google.com/maps/place/BRUN+RAMONAGE+%2F+BRUN+HABITAT+%26+SERVICES/data=!4m7!3m6!1s0x47e67b0c521a50d7:0xa32d456dcf241fe8!8m2!3d48.6807824!4d2.5026636!16s%2Fg%2F11fqp76r70!19sChIJ11AaUgx75kcR6B8kz21FLaM?authuser=0&hl=fr&rclk=1,BRUN RAMONAGE / BRUN HABITAT & SERVICES,"4,7",-3 750,Chauffagiste,·,01 46 01 00 00,http://www.ramonagebrun.com/
https://www.google.com/maps/place/Etablissement+Laroche/data=!4m7!3m6!1s0x47e67aefd3f76259:0x3a1f7f970cf444b0!8m2!3d48.8402208!4d2.2413396!16s%2Fg%2F1vbl6xhx!19sChIJWWL30-965kcRsET0DJd_Hzo?authuser=0&hl=fr&rclk=1,Etablissement Laroche,"4,5",-103,Chauffagiste,·,01 41 41 97 01,https://www.etablissements-laroche.fr/electricien-ozoir-la-ferriere-77330-depannage-electricite/
https://www.google.com/maps/place/Groupe+Rougnon/data=!4m7!3m6!1s0x47e5de55f55d1a9f:0x88e0763eb5e9c0e8!8m2!3d48.7815466!4d2.211465!16s%2Fg%2F11b6dkbr8w!19sChIJnxpd9VXe5UcR6MDptT524Ig?authuser=0&hl=fr&rclk=1,Groupe Rougnon,"2,6",-32,Chauffagiste,6 Av. Morane Saulnier Immeuble Le Crystalys,01 34 63 10 11,https://www.myrium.fr/nos-entreprises/rougnon/
https://www.google.com/maps/place/GEM+Chauffage/data=!4m7!3m6!1s0x47e67bef4b1fdd9b:0xf8841d0fa38f6799!8m2!3d48.7836716!4d2.2080563!16s%2Fg%2F11h58g2qp9!19sChIJm90fS-975kcRmWePow8dhPg?authuser=0&hl=fr&rclk=1,GEM Chauffage,1,-4,Entreprise de construction,6 Av. Morane Saulnier Immeuble Le Crystalys,01 34 63 13 00,https://www.myrium.fr/nos-entreprises/gem/
https://www.google.com/maps/place/AD+CONCEPT+92/data=!4m7!3m6!1s0x47e67b8003df732d:0xf24c291ca20d053c!8m2!3d48.8227743!4d2.2121359!16s%2Fg%2F11rgn2_2h_!19sChIJLXPfA4B75kcRPAUNohwpTPI?authuser=0&hl=fr&rclk=1,AD CONCEPT 92,5,-25,Plombier,5 Rue Pierre Midrin,01 41 14 27 00,
https://www.google.com/maps/place/Blue+Gold+Control/data=!4m7!3m6!1s0x47e67a825084c339:0xc54f99d970ff242e!8m2!3d48.824057!4d2.271399!16s%2Fg%2F1q4kp2q61!19sChIJOcOEUIJ65kcRLiT_cNmZT8U?authuser=0&hl=fr&rclk=1,Blue Gold Control,"4,9",-101,Chauffagiste,38 Rue Danton,06 10 78 77 40,http://www.bluegoldcontrol.fr/
https://www.google.com/maps/place/H2C+-+Energie/data=!4m7!3m6!1s0x734a62e90e931e3:0xb548e966281fa5ce!8m2!3d49.029084!4d2.46992!16s%2Fg%2F11ym1y_vgd!19sChIJ4zHpkC6mNAcRzqUfKGbpSLU?authuser=0&hl=fr&rclk=1,H2C - Energie,5,-3,Fournisseur de systèmes de climatisation,4 Rue Louise Michel,07 43 65 66 16,https://www.google.com/aclk?sa=L&ai=DChsSEwiRuJXGyL2UAxV1f0ECHXWfFZsYACICCAEQBRoCd3M&co=1&ase=2&gclid=CjwKCAjwq6DQBhBVEiwA4ZD5XMYiBKqZhDaNJ8hDaPl8MMKRP4pOFWeE2EE0m7vPbGwBOrF8aZHCfRoCKoMQAvD_BwE&cce=2&category=acrcp_v1_32&sig=AOD64_0yAwdKe7ekeP7Ajxk9fRqvulh92w&adurl&q&ctype=99&nis=6
https://www.google.com/maps/place/Etablissement+Lefevre+Paris+11+:+Plomberie+d%C3%A9gorgement+Chauffage+Serrurerie/data=!4m7!3m6!1s0x47e66dbe3188b537:0x1923f0870e9feef2!8m2!3d48.85857!4d2.378489!16s%2Fg%2F11nm_tdwl_!19sChIJN7WIMb5t5kcR8u6fDofwIxk?authuser=0&hl=fr&rclk=1,Etablissement Lefevre Paris 11 : Plomberie dégorgement Chauffage Serrurerie,"4,5",-148,Plombier,124 Boulevard Voltaire,01 48 05 15 15,https://www.google.com/aclk?sa=L&ai=DChsSEwiRuJXGyL2UAxV1f0ECHXWfFZsYACICCAEQCRoCd3M&co=1&ase=2&gclid=CjwKCAjwq6DQBhBVEiwA4ZD5XCjNZP3kBu3Pam0Zn3MkSP0Nz81XbOFmxpoLqYN_bfWynFsvdF1fBhoCuygQAvD_BwE&cce=2&category=acrcp_v1_32&sig=AOD64_2b120_rNEnCHS6NGIeYZ_2mY0GsA&adurl&q&ctype=99&nis=6
https://www.google.com/maps/place/Entreprise+Basto+-+Plombier+%2F+Chauffagiste/data=!4m7!3m6!1s0x47e67daf32ecefd5:0x4a105ea4889bb9a3!8m2!3d48.8386072!4d2.1854347!16s%2Fg%2F11tds3n__g!19sChIJ1e_sMq995kcRo7mbiKReEEo?authuser=0&hl=fr&rclk=1,Entreprise Basto - Plombier / Chauffagiste,5,-75,Chauffagiste,14 Bd Raymond Poincaré,06 23 79 66 27,https://entreprisebasto-plomberie-chauffagiste.fr/
https://www.google.com/maps/place/Brad+Chauffagiste+Boulogne+Billancourt/data=!4m7!3m6!1s0x47e67b3e7423d14d:0x92934ba85fb06c6a!8m2!3d48.8332829!4d2.2519717!16s%2Fg%2F11xd3_lnnj!19sChIJTdEjdD575kcRamywX6hLk5I?authuser=0&hl=fr&rclk=1,Brad Chauffagiste Boulogne Billancourt,"4,4",-13,Chauffagiste,17 Rue du Dôme,01 84 23 62 49,https://bradchauffagisteboulognebillancourt.fr/
https://www.google.com/maps/place/R%C3%A9soconfort+Depan%27chauffage+service/data=!4m7!3m6!1s0x47e67b3992a0de5d:0xcaa76c26beca0ca9!8m2!3d48.7849266!4d2.2695593!16s%2Fg%2F11fn03hcc9!19sChIJXd6gkjl75kcRqQzKviZsp8o?authuser=0&hl=fr&rclk=1,Résoconfort Depan'chauffage service,"4,5",-168,Chauffagiste,23 Rue du 24 Août,01 69 88 98 89,https://resoconfort.fr/agence/depanchauffage-service-chauffagiste-le-plessis-robinson/?utm_source=gmb
https://www.google.com/maps/place/Artisans+D%27Issy/data=!4m7!3m6!1s0x47e67070ff7ac91f:0x5c976b3817063e43!8m2!3d48.8402208!4d2.307785!16s%2Fg%2F11cnc57q2r!19sChIJH8l6_3Bw5kcRQz4GFzhrl1w?authuser=0&hl=fr&rclk=1,Artisans D'Issy,"4,7",-58,Chauffagiste,·,06 62 55 57 28,http://artisans-dissy.fr/
https://www.google.com/maps/place/Gazabloc/data=!4m7!3m6!1s0x47e67c73d8df6145:0x27341bf57bfa49dc!8m2!3d48.8038983!4d2.1754089!16s%2Fg%2F1tr7c3pm!19sChIJRWHf2HN85kcR3En6e_UbNCc?authuser=0&hl=fr&rclk=1,Gazabloc,"4,6",-92,Chauffagiste,41 Av. du Général-Leclerc,01 30 24 19 10,https://www.gazabloc.com/accueil/accueil.html
https://www.google.com/maps/place/SC2E+-+Plomberie+Chauffage+Couverture/data=!4m7!3m6!1s0x47e67b845719df43:0xc5d67c5d72f5d1b6!8m2!3d48.8116313!4d2.1921875!16s%2Fg%2F1thnn2j2!19sChIJQ98ZV4R75kcRttH1cl181sU?authuser=0&hl=fr&rclk=1,SC2E - Plomberie Chauffage Couverture,"4,2",-57,Chauffagiste,1091 Av. Roger Salengro,01 41 15 94 94,http://www.sc2e.fr/
https://www.google.com/maps/place/Varrot+%26+Co+32+Avenue+du+bas+Meudon+92130/data=!4m7!3m6!1s0x47e67a81fd82e771:0x34ddb8063ad77772!8m2!3d48.6807824!4d2.5026636!16s%2Fg%2F11g6p6n6mx!19sChIJceeC_YF65kcRcnfXOga43TQ?authuser=0&hl=fr&rclk=1,Varrot & Co 32 Avenue du bas Meudon 92130,"3,9",-22,Chauffagiste,·,01 46 62 63 21,http://www.varrot-plomberie-chauffage.fr/
https://www.google.com/maps/place/Ets+Leroy+P%C3%A8re+et+Fils/data=!4m7!3m6!1s0x47e67dc50c5734df:0x26864ffa7c5a7f53!8m2!3d48.8004895!4d2.1825604!16s%2Fg%2F11h1mg22xg!19sChIJ3zRXDMV95kcRU39afPpPhiY?authuser=0&hl=fr&rclk=1,Ets Leroy Père et Fils,"4,6",-69,Chauffagiste,43 Av. Gaston Boissier,01 77 44 35 35,https://www.ets-leroy-depannages.fr/?utm_source=google&utm_medium=organic&utm_campaign=gbp&utm_content=viroflay
https://www.google.com/maps/place/PMS+plateforme+multi-services/data=!4m7!3m6!1s0x47e671a3c678a8e3:0x67151ba93c95f265!8m2!3d48.8177539!4d2.2740791!16s%2Fg%2F11fngxz00q!19sChIJ46h4xqNx5kcRZfKVPKkbFWc?authuser=0&hl=fr&rclk=1,PMS plateforme multi-services,"4,5",-222,Plombier,·,07 67 94 53 35,http://pmsplomberie.com/
https://www.google.com/maps/place/Etablissement+Rodin+P%C3%A8re+et+Fils/data=!4m7!3m6!1s0x47e67bf83a04a38b:0x476f4897dd18d49e!8m2!3d48.8400711!4d2.2383978!16s%2Fg%2F11jcmjg3z5!19sChIJi6MEOvh75kcRntQY3ZdIb0c?authuser=0&hl=fr&rclk=1,Etablissement Rodin Père et Fils,"4,7",-192,Plombier,90 Rte de la Reine,06 51 62 48 43,http://www.etsrodin.fr/
https://www.google.com/maps/place/ACDP+Assistance+Contrat+D%C3%A9pannage+Pose/data=!4m7!3m6!1s0x47e67b9d38080fef:0x5dd66d25aea63be4!8m2!3d48.807728!4d2.1861848!16s%2Fg%2F1tdb84ng!19sChIJ7w8IOJ175kcR5DumriVt1l0?authuser=0&hl=fr&rclk=1,ACDP Assistance Contrat Dépannage Pose,"3,6",-40,Plombier,1730 Av. Roger Salengro,01 47 50 54 61,https://www.chauffage-acdp-chaville.com/
https://www.google.com/maps/place/CNDD/data=!4m7!3m6!1s0x47e67bc4fac55555:0x6cc3ede159f2c551!8m2!3d48.7903153!4d2.2124588!16s%2Fg%2F11v09g7187!19sChIJVVXF-sR75kcRUcXyWeHtw2w?authuser=0&hl=fr&rclk=1,CNDD,,,Plombier,17 Rue Jeanne Braconnier,09 70 35 85 80,
https://www.google.com/maps/place/Gazelec/data=!4m7!3m6!1s0x47e67164dd772271:0x492b7bbb457c854d!8m2!3d48.8151026!4d2.2780796!16s%2Fg%2F11hdsfsz37!19sChIJcSJ33WRx5kcRTYV8Rbt7K0k?authuser=0&hl=fr&rclk=1,Gazelec,"4,1",-29,Chauffagiste,50 Rue Larmeroux,01 46 32 56 46,
https://www.google.com/maps/place/ENTREPRISE+FRABOULET/data=!4m7!3m6!1s0x47e67b89ced9ef8b:0xfed05843e9ee13d4!8m2!3d48.8060689!4d2.1844938!16s%2Fg%2F11f11p0038!19sChIJi-_Zzol75kcR1BPu6UNY0P4?authuser=0&hl=fr&rclk=1,ENTREPRISE FRABOULET,"3,8",-17,Plombier,1956 Av. Roger Salengro,01 47 09 02 82,https://entreprise-fraboulet.fr/
https://www.google.com/maps/place/Plombier+Chauffagiste+%C3%A0+Paris+:+Desa/data=!4m7!3m6!1s0x47e67aa87c6614e7:0xd27a7c4b739a6d54!8m2!3d48.8479886!4d2.2739725!16s%2Fg%2F1tls24s5!19sChIJ5xRmfKh65kcRVG2ac0t8etI?authuser=0&hl=fr&rclk=1,Plombier Chauffagiste à Paris : Desa,"4,7",-470,Chauffagiste,·,01 42 24 84 84,https://www.chauffagisteplombier.paris/
https://www.google.com/maps/place/PLOMBIER+PARIS+92+-+BAMOU/data=!4m7!3m6!1s0x47e67b59920ee9b7:0xce63e4e463222988!8m2!3d48.8191363!4d2.3034796!16s%2Fg%2F11lfq5s16r!19sChIJt-kOkll75kcRiCkiY-TkY84?authuser=0&hl=fr&rclk=1,PLOMBIER PARIS 92 - BAMOU,"4,9",-61,Plombier,114 Bd Gabriel Péri,01 46 74 97 37,https://www.entreprise-bamou.fr/
https://www.google.com/maps/place/Izard+Et+Compagnie/data=!4m7!3m6!1s0x47e67aed3e84c28d:0xe72ca135fbe69cdb!8m2!3d48.8294994!4d2.2514612!16s%2Fg%2F11ddy9th9n!19sChIJjcKEPu165kcR25zm-zWhLOc?authuser=0&hl=fr&rclk=1,Izard Et Compagnie,"2,9",-27,Plombier,36 Av. Pierre Grenier,01 46 20 05 77,
https://www.google.com/maps/place/SARL+MAG/data=!4m7!3m6!1s0x47e67b82aee483d3:0xce3e7bd27908dd!8m2!3d48.8090095!4d2.2719349!16s%2Fg%2F11fklg7qb0!19sChIJ04PkroJ75kcR3Qh50ns-zgA?authuser=0&hl=fr&rclk=1,SARL MAG,"4,5",-22,Plombier,164 Av. Victor Hugo,01 58 88 12 05,
https://www.google.com/maps/place/Albasini+-+Myrium/data=!4m7!3m6!1s0x4ad018c010a0e6fd:0x31a03fc730592c86!8m2!3d48.6807824!4d2.5026636!16s%2Fg%2F11wr69xjl5!19sChIJ_eagEMAY0EoRhixZMMc_oDE?authuser=0&hl=fr&rclk=1,Albasini - Myrium,2,-4,Chauffagiste,·,01 34 63 13 13,https://www.myrium.fr/nos-entreprises/albasini/
https://www.google.com/maps/place/CLIMAEGYS/data=!4m7!3m6!1s0x4801d9c9ab8bf569:0xef15a82eef060cf8!8m2!3d45.026395!4d-0.789747!16s%2Fg%2F11vy1507ww!19sChIJafWLq8nZAUgR-AwG7y6oFe8?authuser=0&hl=fr&rclk=1,CLIMAEGYS,5,-21,Fournisseur de systèmes de climatisation,4 Allée des Genêts,07 82 12 87 17,https://www.google.com/aclk?sa=L&ai=DChsSEwi77qbQyL2UAxUACAYAHYAcMIUYACICCAEQAxoCd3M&co=1&ase=2&gclid=CjwKCAjwq6DQBhBVEiwA4ZD5XD0Wb5H2awgZj2gXM9_T8fv9AFJOzPTnxa_i5hcZo3s7GoQAUabHVhoCYO8QAvD_BwE&cce=2&category=acrcp_v1_32&sig=AOD64_2b8YMyGhZCIeQJyb5s9OwR4jylyw&adurl&q&ctype=99&nis=6
https://www.google.com/maps/place/Daikin+Airconditioning+France+-+Agence+de+Bordeaux/data=!4m7!3m6!1s0xd5527f1224d4ca1:0x75cfe1bb03b387e0!8m2!3d44.785283!4d-0.585554!16s%2Fg%2F11h4d_br5x!19sChIJoUxNIvEnVQ0R4IezA7vhz3U?authuser=0&hl=fr&rclk=1,Daikin Airconditioning France - Agence de Bordeaux,"1,9",-15,Fournisseur de systèmes de climatisation,2 Rue Pablo Neruda,05 57 92 07 92,https://www.google.com/aclk?sa=L&ai=DChsSEwi77qbQyL2UAxUACAYAHYAcMIUYACICCAEQAhoCd3M&co=1&ase=2&gclid=CjwKCAjwq6DQBhBVEiwA4ZD5XBZtOblTSnYZ0DrZLyIfe8UFlWvRGbRhocNtGmbHDsJJNiwYdY0TyBoC8zEQAvD_BwE&cce=2&category=acrcp_v1_32&sig=AOD64_1L3zQg2uAxsm4NB1YCAQ6oo0Y9uw&adurl&q&ctype=99&nis=6
https://www.google.com/maps/place/2+APC/data=!4m7!3m6!1s0xd54d1b902538c33:0x2c90a741d2f1c316!8m2!3d44.8356458!4d-0.7013039!16s%2Fg%2F11h0mchwr_!19sChIJM4xTArnRVA0RFsPx0kGnkCw?authuser=0&hl=fr&rclk=1,2 APC,"4,4",-33,Chauffagiste,·,05 56 69 99 26,https://2apc.fr/
https://www.google.com/maps/place/2SB+-+Plombier+Chauffagiste/data=!4m7!3m6!1s0xd54cf427f097649:0xbf486d5cb9f855fd!8m2!3d44.8906343!4d-0.7560332!16s%2Fg%2F11lm7ly744!19sChIJSXYJf0LPVA0R_VX4uVxtSL8?authuser=0&hl=fr&rclk=1,2SB - Plombier Chauffagiste,5,-114,Chauffagiste,18 Rue Yves du Manoir,06 30 27 11 99,
https://www.google.com/maps/place/Sageces/data=!4m7!3m6!1s0xd54d0dc6209b9c9:0xb4ad91445473569b!8m2!3d44.8787612!4d-0.6913563!16s%2Fg%2F11b6ds_d38!19sChIJybkJYtzQVA0Rm1ZzVESRrbQ?authuser=0&hl=fr&rclk=1,Sageces,"4,4",-10,Plombier,1 Rue Jean Baptiste Greuze,05 56 12 07 93,
https://www.google.com/maps/place/Entreprise+Frachou+Florian+Plombier+Chauffagiste+Climatisation/data=!4m7!3m6!1s0xd54d11eed76e5c5:0xf6f56519bcd779a8!8m2!3d44.8887875!4d-0.6997411!16s%2Fg%2F119vwg6tk!19sChIJxeV27R7RVA0RqHnXvBll9fY?authuser=0&hl=fr&rclk=1,Entreprise Frachou Florian Plombier Chauffagiste Climatisation,5,-28,Chauffagiste,25 B Rue Maurice Duport,07 61 44 23 23,https://www.facebook.com/entreprisefrachouflorian
https://www.google.com/maps/place/FEUILLERAT+SARL/data=!4m7!3m6!1s0xd54d112080df255:0x1c540e0f9bb6e6f!8m2!3d44.883397!4d-0.7411865!16s%2Fg%2F11pdwggdhr!19sChIJVfINCBLRVA0Rb267-eBAxQE?authuser=0&hl=fr&rclk=1,FEUILLERAT SARL,"4,7",-9,Plombier,123 Rue Pierre Ramond,05 56 70 17 70,https://www.entfeuillerat.fr/
https://www.google.com/maps/place/Entreprise+Vandais/data=!4m7!3m6!1s0xd54cf4f2be1cbe9:0x7ff5282c46b4608a!8m2!3d44.8955835!4d-0.7575093!16s%2Fg%2F11h4pkrlpq!19sChIJ6cvhK0_PVA0RimC0Riwo9X8?authuser=0&hl=fr&rclk=1,Entreprise Vandais,5,-57,Plombier,27 Rue Vincent d'Indy,06 45 36 14 01,
https://www.google.com/maps/place/SARL+LEBON+PLOMBIER/data=!4m7!3m6!1s0xd54d1a64e9ff15d:0xb57cbfbaeaf77ffa!8m2!3d44.8966347!4d-0.7181321!16s%2Fg%2F1thkyl63!19sChIJXfGfTqbRVA0R-n_36rq_fLU?authuser=0&hl=fr&rclk=1,SARL LEBON PLOMBIER,5,-99,Plombier,10 Rte de Saint-Aubin,,http://lebonplombier33.fr/
https://www.google.com/maps/place/PC+Sanchon/data=!4m7!3m6!1s0xd54ce25e8e15555:0xea03cfbe1a5e54f2!8m2!3d44.8957603!4d-0.7587584!16s%2Fg%2F11vzbbbrnq!19sChIJVVXh6CXOVA0R8lReGr7PA-o?authuser=0&hl=fr&rclk=1,PC Sanchon,5,-19,Plombier,8C Rue Georges Bizet,06 98 13 17 94,https://www.pcsanchon.com/
https://www.google.com/maps/place/Serber+2.0/data=!4m7!3m6!1s0xd54d08dc5bfffff:0x47630e38bec6918d!8m2!3d44.8632008!4d-0.7074851!16s%2Fg%2F11vm7lxbxm!19sChIJ__-_xY3QVA0RjZHGvjgOY0c?authuser=0&hl=fr&rclk=1,Serber 2.0,"3,6",-9,Plombier,12 Av. Cassiopée,05 56 05 03 23,https://www.serber.fr/
https://www.google.com/maps/place/EGB+Sud-Ouest+%28Entreprise+Gabriel+B%C3%A2timent+Sud+Ouest%29/data=!4m7!3m6!1s0xd54d194a17bba33:0x974d826356d8a4fb!8m2!3d44.8771604!4d-0.7026615!16s%2Fg%2F11qpw_y8pr!19sChIJM7p7oZTRVA0R-6TYVmOCTZc?authuser=0&hl=fr&rclk=1,EGB Sud-Ouest (Entreprise Gabriel Bâtiment Sud Ouest),"4,9",-27,Chauffagiste,8 Rue René Laennec,06 03 26 90 03,https://egbsudouest-33.fr/
https://www.google.com/maps/place/ML+Climatisation/data=!4m7!3m6!1s0x4f5a622a225e3211:0x8c968bf9d13065f1!8m2!3d44.8715165!4d-0.6952519!16s%2Fg%2F11rxxhnln_!19sChIJETJeIipiWk8R8WUw0fmLlow?authuser=0&hl=fr&rclk=1,ML Climatisation,"4,9",-28,Service de réparation de systèmes de climatisation,38 Rue Pierre Fresnay,06 80 22 38 39,
https://www.google.com/maps/place/MEHITS+Aircalo+France/data=!4m7!3m6!1s0xd54d1d8880f7a13:0x52c7b937e1d84ba8!8m2!3d44.8634358!4d-0.7054031!16s%2Fg%2F1tdrgpqf!19sChIJE3oPiNjRVA0RqEvY4Te5x1I?authuser=0&hl=fr&rclk=1,MEHITS Aircalo France,"3,9",-58,Fournisseur de systèmes de climatisation,14 Av. Cassiopée,05 56 70 14 00,http://www.aircalo.fr/
https://www.google.com/maps/place/AJP33+Plombier+Chauffagiste/data=!4m7!3m6!1s0xd54d1d011863d59:0xd87a6da316e16ae8!8m2!3d44.8942979!4d-0.7407642!16s%2Fg%2F11s67cx83v!19sChIJWT2GEdDRVA0R6GrhFqNtetg?authuser=0&hl=fr&rclk=1,AJP33 Plombier Chauffagiste,5,-10,Chauffagiste,·,06 51 05 19 90,https://ajp33.fr/services/
https://www.google.com/maps/place/Cvl+Plomberie/data=!4m7!3m6!1s0xd54d1c7a6520517:0xbf4e446178ab9354!8m2!3d44.8971158!4d-0.7359417!16s%2Fg%2F11j1hxlzlf!19sChIJFwVSpsfRVA0RVJOreGFETr8?authuser=0&hl=fr&rclk=1,Cvl Plomberie,5,-2,Plombier,10 Chem. de Jalès,,
"https://www.google.com/maps/place/Pil%27Po%C3%AAle+%F0%9F%94%A5+Bordeaux+St-M%C3%A9dard-En-Jalles+-+Po%C3%AAles+%C3%A0+Granul%C3%A9s,+bois,+chemin%C3%A9e+et+inserts/data=!4m7!3m6!1s0xd54d16071015c8f:0x2e93962c3d64f3af!8m2!3d44.887434!4d-0.6959742!16s%2Fg%2F11rvbmtzvc!19sChIJj1wBcWDRVA0Rr_NkPSyWky4?authuser=0&hl=fr&rclk=1","Pil'Poêle 🔥 Bordeaux St-Médard-En-Jalles - Poêles à Granulés, bois, cheminée et inserts","4,9",-262,Magasin de poêles à bois,·,05 56 12 02 93,https://www.poele-cheminee-bordeaux.fr/
https://www.google.com/maps/place/EDM/data=!4m7!3m6!1s0xd54d1a379503e25:0x90e7d994b00809a1!8m2!3d44.8990536!4d-0.7482039!16s%2Fg%2F11tcxlr81h!19sChIJJT5QeaPRVA0RoQkIsJTZ55A?authuser=0&hl=fr&rclk=1,EDM,5,-32,Chauffagiste,"7 C, Chem. du Vimaney",07 49 58 21 33,https://www.edm33.fr/
https://www.google.com/maps/place/Chauffe+%26+Vous/data=!4m7!3m6!1s0xd54d6c9bace70fb:0x880cd9587285818f!8m2!3d44.9022315!4d-0.6817361!16s%2Fg%2F11b6d7rkgp!19sChIJ-3DOusnWVA0Rj4GFcljZDIg?authuser=0&hl=fr&rclk=1,Chauffe & Vous,"4,7",-164,Plombier,·,05 35 54 18 33,http://www.chauffeetvous.fr/
https://www.google.com/maps/place/Fontanero+%26+Co+Plomberie+Chauffage/data=!4m7!3m6!1s0xd54d1bec967f481:0xd3a08b1faf3fd125!8m2!3d44.902794!4d-0.6822714!16s%2Fg%2F11j20g9j_n!19sChIJgfRnyb7RVA0RJdE_rx-LoNM?authuser=0&hl=fr&rclk=1,Fontanero & Co Plomberie Chauffage,5,-105,Chauffagiste,"parc ecchobloc, 2 Rue de Bussaguet ZA",06 58 11 47 18,https://www.fontanero-co-carrelage.fr/autres-services
https://www.google.com/maps/place/Laurent+Bechemin/data=!4m7!3m6!1s0xd54d0657a25b351:0xd4dbff052c26d603!8m2!3d44.8596361!4d-0.7243183!16s%2Fg%2F11g0tl0wvt!19sChIJUbMlemXQVA0RA9YmLAX_29Q?authuser=0&hl=fr&rclk=1,Laurent Bechemin,"4,7",-3,Plombier,26 Rue Sieyès,06 31 88 79 39,
https://www.google.com/maps/place/Compagnie+d%27Energie+en+Aquitaine/data=!4m7!3m6!1s0xd54d0dc3f285369:0xd01bac05ac5d9bac!8m2!3d44.8787323!4d-0.6915706!16s%2Fg%2F1tmg7w9l!19sChIJaVMoP9zQVA0RrJtdrAWsG9A?authuser=0&hl=fr&rclk=1,Compagnie d'Energie en Aquitaine,5,-1,Électricien,1bis Rue Jean Baptiste Greuze,05 56 28 51 90,
https://www.google.com/maps/place/SOS+Intervention+Lyon/data=!4m7!3m6!1s0x47f4c15ce732a255:0x9aefd9d5cd492b64!8m2!3d45.76308!4d4.880747!16s%2Fg%2F11vynw3lb9!19sChIJVaIy51zB9EcRZCtJzdXZ75o?authuser=0&hl=fr&rclk=1,SOS Intervention Lyon,"4,9",-46,Plombier,79 Rue Paul Verlaine,07 67 76 28 18,https://www.google.com/aclk?sa=L&ai=DChsSEwiv3bP5yL2UAxXFhv0FHYFOA28YACICCAEQAhoCd2Y&co=1&ase=2&gclid=CjwKCAjwq6DQBhBVEiwA4ZD5XFfMbmHpSuQRmX6J2kJymxyaGRwLO6gmMyfhrlJJgZN6xYYaMqIPExoC9N8QAvD_BwE&cce=2&category=acrcp_v1_32&sig=AOD64_0HBI7ucIr7YNUYQapkXYRXOpWYwQ&adurl&q&ctype=99&nis=6
https://www.google.com/maps/place/AGOTERM/data=!4m7!3m6!1s0x47f4c3ef418e996b:0x128a522735689bfd!8m2!3d45.680599!4d4.935499!16s%2Fg%2F11lhvc_9jl!19sChIJa5mOQe_D9EcR_ZtoNSdSihI?authuser=0&hl=fr&rclk=1,AGOTERM,5,-40,Fournisseur d'équipements de chauffage,16 Rue d'Espagne,04 72 53 93 13,https://www.google.com/aclk?sa=L&ai=DChsSEwiv3bP5yL2UAxXFhv0FHYFOA28YACICCAEQAxoCd2Y&co=1&ase=2&gclid=CjwKCAjwq6DQBhBVEiwA4ZD5XNYFsjIXcm5I03fx7h_v35_gk4zQHucCejUwVTmPbXHrygdWDMBPABoC1W4QAvD_BwE&cce=2&category=acrcp_v1_32&sig=AOD64_0c0GZICSdUSY42h8cPvPM3lS_bgw&adurl&q&ctype=99&nis=6
https://www.google.com/maps/place/Solybat/data=!4m7!3m6!1s0x6015ee2a094104c9:0xacd9cc2bd918d3c!8m2!3d45.7482122!4d4.9173484!16s%2Fg%2F11mctycs9w!19sChIJyQRBCSruFWARPI2RvcKczQo?authuser=0&hl=fr&rclk=1,Solybat,"4,8",-52,Chauffagiste,2 Av. Pierre Brossolette,06 36 31 11 81,https://www.solybat.com/
https://www.google.com/maps/place/Diaz+Plomberie/data=!4m7!3m6!1s0x47f4c1401f8f605d:0xf42b0a99c9bd8866!8m2!3d45.7427775!4d4.9092796!16s%2Fg%2F1hc3mqrgg!19sChIJXWCPH0DB9EcRZoi9yZkKK_Q?authuser=0&hl=fr&rclk=1,Diaz Plomberie,"4,6",-61,Chauffagiste,24 Rue de la Marne,04 78 44 68 59,https://diaz-renovation-lyon.fr/
https://www.google.com/maps/place/Entreprise+Sotton+Plomberie/data=!4m7!3m6!1s0x47f4c17142def66d:0x9f38cd33b67baf6b!8m2!3d45.7400315!4d4.9286586!16s%2Fg%2F1q6kk8fms!19sChIJbfbeQnHB9EcRa697tjPNOJ8?authuser=0&hl=fr&rclk=1,Entreprise Sotton Plomberie,5,-7,Plombier,51 Av. Salvador Allende,06 18 57 42 78,
https://www.google.com/maps/place/Allandrieu+Plomberie+Chauffage/data=!4m7!3m6!1s0x47f4c1f7f658b641:0x7efb2658f12a46db!8m2!3d45.7415036!4d4.921206!16s%2Fg%2F11gy0_czdv!19sChIJQbZY9vfB9EcR20Yq8Vgm-34?authuser=0&hl=fr&rclk=1,Allandrieu Plomberie Chauffage,"4,5",-8,Chauffagiste,11 Rue Louis,06 85 40 21 38,http://plomberie-lyon-allandrieu.com/
https://www.google.com/maps/place/Saunier+Duval+-+direction+r%C3%A9gionale+Rh%C3%B4ne-Alpes+Auvergne/data=!4m7!3m6!1s0x47f4ea3a8d53c4a3:0x5afbd7bc66c4db30!8m2!3d45.7261424!4d4.922809!16s%2Fg%2F1pp2vjwzy!19sChIJo8RTjTrq9EcRMNvEZrzX-1o?authuser=0&hl=fr&rclk=1,Saunier Duval - direction régionale Rhône-Alpes Auvergne,"2,9",-29,Fournisseur d'équipements de chauffage,·,04 78 72 21 31,https://www.saunierduvalpro.fr/
https://www.google.com/maps/place/Thierry+artisan/data=!4m7!3m6!1s0x841084154f415c1f:0x3081467f24da81c6!8m2!3d45.6287437!4d5.1640143!16s%2Fg%2F11ykwbhjfm!19sChIJH1xBTxWEEIQRxoHaJH9GgTA?authuser=0&hl=fr&rclk=1,Thierry artisan,5,-96,Plombier,·,07 51 00 81 99,https://text-file-viewer--lecarerouge2.replit.app/
https://www.google.com/maps/place/Terclimat/data=!4m7!3m6!1s0x47f4c1400fd3f423:0x7982f5b038f88bc0!8m2!3d45.7400287!4d4.9337194!16s%2Fg%2F11gbfs0ct2!19sChIJI_TTD0DB9EcRwIv4OLD1gnk?authuser=0&hl=fr&rclk=1,Terclimat,"4,6",-77,Fournisseur de systèmes de climatisation,48 Chem. de la Vie Guerse,04 78 75 21 79,https://www.terclimat-lyon.com/
https://www.google.com/maps/place/Frisquet+S.A./data=!4m7!3m6!1s0x47f4c141aed680ab:0xae9f08c778d7c32a!8m2!3d45.7375139!4d4.9336365!16s%2Fg%2F1tsjc_nt!19sChIJq4DWrkHB9EcRKsPXeMcIn64?authuser=0&hl=fr&rclk=1,Frisquet S.A.,3,-63,Fabricant,·,04 72 81 28 88,http://www.frisquet.com/?utm_source=gmb
https://www.google.com/maps/place/DIM%C3%89O+%C3%89nergie/data=!4m7!3m6!1s0x47f4c153278d1f8b:0x8072635fdaa65e87!8m2!3d45.7433907!4d4.9073821!16s%2Fg%2F11m2wyrjmf!19sChIJix-NJ1PB9EcRh16m2l9jcoA?authuser=0&hl=fr&rclk=1,DIMÉO Énergie,"4,2",-59,Fournisseur d'équipements d'énergie solaire,·,04 28 29 88 52,https://www.dimeo-energie.fr/
https://www.google.com/maps/place/Proxiserve/data=!4m7!3m6!1s0x47f4c1175a4bebf7:0xe792af19accee5c3!8m2!3d45.7371508!4d4.9304951!16s%2Fg%2F1vs5w1h2!19sChIJ9-tLWhfB9EcRw-XOrBmvkuc?authuser=0&hl=fr&rclk=1,Proxiserve,"2,7",-352,Chauffagiste,27 Rue du 35ÈME Régiment d'Aviation,04 26 67 13 08,https://www.proxiserve.fr/agence/l/bron/27-rue-du-35eme-regiment-d-aviation/4072213
https://www.google.com/maps/place/R%27Clim/data=!4m7!3m6!1s0x60b6f3af50dd6513:0x8953999fefa4576d!8m2!3d45.7498944!4d4.910403!16s%2Fg%2F11x6lw0qqn!19sChIJE2XdUK_ztmARbVek75-ZU4k?authuser=0&hl=fr&rclk=1,R'Clim,5,-17,Fournisseur de systèmes de climatisation,298 Rte de Genas,06 98 07 40 91,
https://www.google.com/maps/place/Air+Energie+Photovolta%C3%AFque+Pompe+%C3%A0+Chaleur+Climatisation+Macon+71/data=!4m7!3m6!1s0x47f4c18d82085855:0x35587b7309a90687!8m2!3d45.7358964!4d4.9305031!16s%2Fg%2F11jvhj00df!19sChIJVVgIgo3B9EcRhwapCXN7WDU?authuser=0&hl=fr&rclk=1,Air Energie Photovoltaïque Pompe à Chaleur Climatisation Macon 71,5,-65,Chauffagiste,30 Rue du 35ÈME Régiment d'Aviation,04 28 35 04 30,http://www.airenergie.org/
https://www.google.com/maps/place/Eiffage+G%C3%A9nie+Civil+-+Lyon/data=!4m7!3m6!1s0x47f4eba1c13d85dd:0x6d335273b4575d05!8m2!3d45.7373489!4d4.9341501!16s%2Fg%2F11h56n_00t!19sChIJ3YU9waHr9EcRBV1XtHNSM20?authuser=0&hl=fr&rclk=1,Eiffage Génie Civil - Lyon,"4,9",-9,Entreprise de génie civil,·,,https://www.eiffagegeniecivil.com/
https://www.google.com/maps/place/Altounian+Depannage+Auto+Et+Mecanique/data=!4m7!3m6!1s0x47f4c182fc6cdc47:0xf8373b571bb854ab!8m2!3d45.7301834!4d4.9073843!16s%2Fg%2F11b6dqddk9!19sChIJR9xs_ILB9EcRq1S4G1c7N_g?authuser=0&hl=fr&rclk=1,Altounian Depannage Auto Et Mecanique,"3,9",-7,Service de taxi,83 Rue Jean Jaurès,04 78 26 81 81,
https://www.google.com/maps/place/SNEF/data=!4m7!3m6!1s0x47f4c16bfb72a4e3:0x28d1b538a207902e!8m2!3d45.7365535!4d4.9273766!16s%2Fg%2F11c6ldpk76!19sChIJ46Ry-2vB9EcRLpAHoji10Sg?authuser=0&hl=fr&rclk=1,SNEF,4,-19,Électricien,11 All. Général Benoist,04 78 41 10 00,http://www.snef.fr/
https://www.google.com/maps/place/Vaillant+-+direction+r%C3%A9gionale+Rh%C3%B4ne-Alpes+Auvergne/data=!4m7!3m6!1s0x47f4ea3a8d53c4a3:0x3b68d440ba614cd8!8m2!3d45.7261425!4d4.922809!16s%2Fg%2F1vd70nx2!19sChIJo8RTjTrq9EcR2ExhukDUaDs?authuser=0&hl=fr&rclk=1,Vaillant - direction régionale Rhône-Alpes Auvergne,"2,3",-4,Fabricant,·,04 78 72 21 31,https://www.myvaillantpro.fr/
https://www.google.com/maps/place/RAZEL-BEC+-+Agence+de+Bron/data=!4m7!3m6!1s0x47f4c6a2bc18b335:0x7aa0474c2d47fd40!8m2!3d45.7372156!4d4.9274751!16s%2Fg%2F11j7dcdr9g!19sChIJNbMYvKLG9EcRQP1HLUxHoHo?authuser=0&hl=fr&rclk=1,RAZEL-BEC - Agence de Bron,"3,7",-3,Entreprise de construction,·,04 37 24 61 00,https://razel-bec.fayat.com/
https://www.google.com/maps/place/A2B+Services/data=!4m7!3m6!1s0x47f4c112a9584809:0xa72a934298b61bab!8m2!3d45.7405697!4d4.9198253!16s%2Fg%2F11jhpx66zf!19sChIJCUhYqRLB9EcRqxu2mEKTKqc?authuser=0&hl=fr&rclk=1,A2B Services,"4,4",-20,Service de nettoyage et d'entretien,37bis Rue de Montferrat,04 81 91 80 40,https://www.a2b-services.fr/
https://www.google.com/maps/place/RAZEL-BEC+-+Agence+de+Bron/data=!4m7!3m6!1s0x47f4c6a2bc18b335:0x7aa0474c2d47fd40!8m2!3d45.7372156!4d4.9274751!16s%2Fg%2F11j7dcdr9g!19sChIJNbMYvKLG9EcRQP1HLUxHoHo?authuser=0&hl=fr&rclk=1,RAZEL-BEC - Agence de Bron,"3,7",-3,Entreprise de construction,·,04 37 24 61 00,https://razel-bec.fayat.com/
https://www.google.com/maps/place/A2B+Services/data=!4m7!3m6!1s0x47f4c112a9584809:0xa72a934298b61bab!8m2!3d45.7405697!4d4.9198253!16s%2Fg%2F11jhpx66zf!19sChIJCUhYqRLB9EcRqxu2mEKTKqc?authuser=0&hl=fr&rclk=1,A2B Services,"4,4",-20,Service de nettoyage et d'entretien,37bis Rue de Montferrat,04 81 91 80 40,https://www.a2b-services.fr/
https://www.google.com/maps/place/AGOTERM/data=!4m7!3m6!1s0x47f4c3ef418e996b:0x128a522735689bfd!8m2!3d45.680599!4d4.935499!16s%2Fg%2F11lhvc_9jl!19sChIJa5mOQe_D9EcR_ZtoNSdSihI?authuser=0&hl=fr&rclk=1,AGOTERM,5,-40,Fournisseur d'équipements de chauffage,16 Rue d'Espagne,04 72 53 93 13,https://www.google.com/aclk?sa=L&ai=DChsSEwiSl9iCyb2UAxWce0ECHTs-K6sYACICCAEQBRoCd3M&co=1&ase=2&gclid=CjwKCAjwq6DQBhBVEiwA4ZD5XAuroTD2_Ccv9qhyUnYelhJL8T2jkH5B8Nj6er8Q7EAhFHKPXt3HARoCMNQQAvD_BwE&cce=2&category=acrcp_v1_32&sig=AOD64_0CWwqYq7k9VGZRMambEqJeQrAguw&adurl&q&ctype=99&nis=6
https://www.google.com/maps/place/SOS+Intervention+Lyon/data=!4m7!3m6!1s0x47f4c15ce732a255:0x9aefd9d5cd492b64!8m2!3d45.76308!4d4.880747!16s%2Fg%2F11vynw3lb9!19sChIJVaIy51zB9EcRZCtJzdXZ75o?authuser=0&hl=fr&rclk=1,SOS Intervention Lyon,"4,9",-46,Plombier,79 Rue Paul Verlaine,07 67 76 28 18,https://www.google.com/aclk?sa=L&ai=DChsSEwiSl9iCyb2UAxWce0ECHTs-K6sYACICCAEQBxoCd3M&co=1&ase=2&gclid=CjwKCAjwq6DQBhBVEiwA4ZD5XPTY29Ym6hmJ1AuwPAiNNLV3vicWZQ_jV8G-nIrH3yGdveIGcCpZQRoCjv0QAvD_BwE&cce=2&category=acrcp_v1_32&sig=AOD64_1pgHT9JdrAt27WHj6_6GallTix5w&adurl&q&ctype=99&nis=6
https://www.google.com/maps/place/La+Maison+Des+Soci%C3%A9t%C3%A9s/data=!4m7!3m6!1s0x47f4c177bdf32c15:0xa536ad1e6a922753!8m2!3d45.7323715!4d4.9093755!16s%2Fg%2F11f126rxp3!19sChIJFSzzvXfB9EcRUyeSah6tNqU?authuser=0&hl=fr&rclk=1,La Maison Des Sociétés,"4,6",-10,Siège social,,,
https://www.google.com/maps/place/Centre+Services+Bron/data=!4m7!3m6!1s0x47f4c14d59c1cc7f:0x5c72d9e64f76db38!8m2!3d45.7317968!4d4.9147286!16s%2Fg%2F11q9hpp70q!19sChIJf8zBWU3B9EcRONt2T-bZclw?authuser=0&hl=fr&rclk=1,Centre Services Bron,"4,7",-47,Service de ménage,207 Av. Franklin Roosevelt,04 28 00 05 21,https://centreservices.fr/bron?source=CSGMB
https://www.google.com/maps/place/L%C3%A9on+Grosse+Bron/data=!4m7!3m6!1s0x47f4ea24b71ae1bd:0xcb0983abd1737aff!8m2!3d45.7422217!4d4.9332238!16s%2Fg%2F1vj5zkdz!19sChIJveEatyTq9EcR_3pz0auDCcs?authuser=0&hl=fr&rclk=1,Léon Grosse Bron,"4,5",-20,Entreprise de construction,·,04 78 41 23 00,http://www.leongrosse.fr/
https://www.google.com/maps/place/Anvolia+Si%C3%A8ge+Social/data=!4m7!3m6!1s0x4805f1e128e013b1:0xe0fcbd5f5762e105!8m2!3d47.287216!4d-1.546788!16s%2Fg%2F11cjk46ns4!19sChIJsRPgKOHxBUgRBeFiV1-9_OA?authuser=0&hl=fr&rclk=1,Anvolia Siège Social,"4,4",-17,Siège social,8 Rue de Saintonge,02 40 72 87 12,https://www.google.com/aclk?sa=L&ai=DChsSEwiZgOCNyb2UAxUphXwGHTDaHe0YACICCAEQBBoCd3M&co=1&ase=2&gclid=CjwKCAjwq6DQBhBVEiwA4ZD5XHrrNY9x2PYG4T7DA5HmCKvOXPegyk7cy3ZnWh_fdQrAKwn-bgHdBRoCMNAQAvD_BwE&cce=2&category=acrcp_v1_32&sig=AOD64_18jpDhp-0cQGXwAPVKA_snSzkvRA&adurl&q&ctype=99&nis=6
https://www.google.com/maps/place/Chenais+Energie+Nantes+-+Granul%C3%A9s+%2F+Bois+%2F+Solaire/data=!4m7!3m6!1s0x4805ed64cfdb3a4f:0xd4facebcb9c0643!8m2!3d47.243577!4d-1.598479!16s%2Fg%2F11rgglzmrb!19sChIJTzrbz2TtBUgRQwacy-usTw0?authuser=0&hl=fr&rclk=1,Chenais Energie Nantes - Granulés / Bois / Solaire,"4,9",-279,Magasin de poêles à bois,269 Route de Vannes,02 53 55 10 73,https://www.google.com/aclk?sa=L&ai=DChsSEwiZgOCNyb2UAxUphXwGHTDaHe0YACICCAEQBhoCd3M&co=1&ase=2&gclid=CjwKCAjwq6DQBhBVEiwA4ZD5XJXQ6Fdj5uVyhqwjkHLbwEe60Yi_tbKOtdaOLiPHFTFz17rkmQgyGhoCXO0QAvD_BwE&cce=2&category=acrcp_v1_32&sig=AOD64_3AoDj6Emzzx6gdtCLU2R8-_PkTXQ&adurl&q&ctype=99&nis=6
https://www.google.com/maps/place/MARION+ENERGIES/data=!4m7!3m6!1s0x4805ebd8de79a903:0x6ba20ec6f2feb52a!8m2!3d47.1781299!4d-1.5604088!16s%2Fg%2F11btm8wjyl!19sChIJA6l53tjrBUgRKrX-8sYOoms?authuser=0&hl=fr&rclk=1,MARION ENERGIES,"4,8",-128,Chauffagiste,·,02 40 94 05 97,http://www.marionenergies.fr/
https://www.google.com/maps/place/St%C3%A9phane+Teigner+-+Chauffagiste+Rez%C3%A9/data=!4m7!3m6!1s0x4805e9648e5984af:0x6ea907bc2e594b76!8m2!3d47.1859232!4d-1.5435558!16s%2Fg%2F11tbz43y0z!19sChIJr4RZjmTpBUgRdktZLrwHqW4?authuser=0&hl=fr&rclk=1,Stéphane Teigner - Chauffagiste Rezé,5,-42,Chauffagiste,12 Rue Julien Douillard,06 80 60 35 71,https://www.stephane-teigner.fr/
"https://www.google.com/maps/place/Atlantic+Gaz,+R%C3%A9seau+Chauffalia+-+Chaudi%C3%A8re+-+Climatisation+-+Pompe+%C3%A0+chaleur+-+Plomberie/data=!4m7!3m6!1s0x4805e930aa6f481b:0xa64409a7cc7eca55!8m2!3d47.1656347!4d-1.5462601!16s%2Fg%2F11bzz47zb8!19sChIJG0hvqjDpBUgRVcp-zKcJRKY?authuser=0&hl=fr&rclk=1","Atlantic Gaz, Réseau Chauffalia - Chaudière - Climatisation - Pompe à chaleur - Plomberie","4,6",-124,Chauffagiste,24 Bd Jean Monnet,02 40 75 17 06,https://chauffalia.fr/agences/atlantic-gaz/
https://www.google.com/maps/place/Musset+entreprise-plomberie-chauffage-sanitaire-Reze-Bouguenais-les+sorinieres-Vertou/data=!4m7!3m6!1s0x4805e96a33a7683d:0x8f6c13ca18e9844a!8m2!3d47.1821799!4d-1.5415451!16s%2Fg%2F1tfpz6hf!19sChIJPWinM2rpBUgRSoTpGMoTbI8?authuser=0&hl=fr&rclk=1,Musset entreprise-plomberie-chauffage-sanitaire-Reze-Bouguenais-les sorinieres-Vertou,"4,9",-44,Plombier,27 Av. de la Sermonière,06 81 81 88 83,
https://www.google.com/maps/place/A.C.P.+%E2%80%93+Chauffagiste+Plombier+%C3%A0+Rez%C3%A9+%7C+Chaudi%C3%A8res+Gaz+%26+Fioul/data=!4m7!3m6!1s0x480593110766de83:0x52d62007ac9eb489!8m2!3d47.1733209!4d-1.546677!16s%2Fg%2F1tfvyj6r!19sChIJg95mBxGTBUgRibSerAcg1lI?authuser=0&hl=fr&rclk=1,A.C.P. – Chauffagiste Plombier à Rezé | Chaudières Gaz & Fioul,"4,6",-11,Chauffagiste,14 Rue des Landes Belleville,02 40 75 07 03,https://www.acp-chauffage.fr/
https://www.google.com/maps/place/Collet/data=!4m7!3m6!1s0x4805e965657eefff:0x3cf22066d41dbfd3!8m2!3d47.177691!4d-1.546329!16s%2Fg%2F11vdmxngl8!19sChIJ_-9-ZWXpBUgR078d1GYg8jw?authuser=0&hl=fr&rclk=1,Collet,5,-133,Chauffagiste,37 Rue Augustin Mouillé,06 99 13 19 71,https://www.fabricecolletplomberiechauffage.fr/
https://www.google.com/maps/place/Olivier+Bezieau/data=!4m7!3m6!1s0x4805e9160e535da9:0xe7f802e6ebca0954!8m2!3d47.1804454!4d-1.5571473!16s%2Fg%2F11hk0w5z_v!19sChIJqV1TDhbpBUgRVAnK6-YC-Oc?authuser=0&hl=fr&rclk=1,Olivier Bezieau,"3,6",-96,Entreprise de construction,·,02 40 13 21 61,https://bezieau.fr/
https://www.google.com/maps/place/BJ+Pro+Energies/data=!4m7!3m6!1s0x4805e90f0a0230fb:0x1716c40359170f44!8m2!3d47.1736469!4d-1.5398391!16s%2Fg%2F11qgv_6dgn!19sChIJ-zACCg_pBUgRRA8XWQPEFhc?authuser=0&hl=fr&rclk=1,BJ Pro Energies,"4,8",-40,Chauffagiste,21 Rue Camille Pissarro,07 48 42 66 10,
https://www.google.com/maps/place/Sani+Thermik+-+Installation+Chaudi%C3%A8re+et+Chauffe-eau+%C3%A0+Nantes/data=!4m7!3m6!1s0x4805e90f20ba9595:0xb1d07f6ee3258cc0!8m2!3d47.1705547!4d-1.5286291!16s%2Fg%2F11dxcgl592!19sChIJlZW6IA_pBUgRwIwl425_0LE?authuser=0&hl=fr&rclk=1,Sani Thermik - Installation Chaudière et Chauffe-eau à Nantes,5,-73,Plombier,33 Rue de la Coran,06 72 57 17 43,http://sanithermik.fr/
https://www.google.com/maps/place/HYDROVOLT/data=!4m7!3m6!1s0x79eaf46ea2d9b05:0x2f0c7af39c487460!8m2!3d47.188997!4d-1.554372!16s%2Fg%2F11msppn863!19sChIJBZst6kavngcRYHRInPN6DC8?authuser=0&hl=fr&rclk=1,HYDROVOLT,5,-27,Chauffagiste,15 Rue Victor Hugo,06 13 73 90 72,https://hydrovolt.fr/
https://www.google.com/maps/place/ABC+DU+PLOMBIER/data=!4m7!3m6!1s0x4805e96b427c6bc1:0x1ae3f4eccbaeb7c!8m2!3d47.1802603!4d-1.5385258!16s%2Fg%2F11g9qtfplj!19sChIJwWt8QmvpBUgRfOu6zE4_rgE?authuser=0&hl=fr&rclk=1,ABC DU PLOMBIER,"4,8",-36,Chauffagiste,24 Rue Aristide Nogue,06 40 37 96 23,https://abcduplombier44.fr/
https://www.google.com/maps/place/MTN+plomberie+chauffage/data=!4m7!3m6!1s0x4805e913c3ccbb23:0x975e559f98acee10!8m2!3d47.1697709!4d-1.5300227!16s%2Fg%2F11qqp9fr94!19sChIJI7vMwxPpBUgREO6smJ9VXpc?authuser=0&hl=fr&rclk=1,MTN plomberie chauffage,"4,5",-4,Plombier,11 Rue de la Maillardière,06 60 87 36 99,
https://www.google.com/maps/place/Aviclim+CHAUFFALIA/data=!4m7!3m6!1s0x4805e977ee0c4df1:0xd53f45bd8010c680!8m2!3d47.1656629!4d-1.5463147!16s%2Fg%2F1tdh7tx6!19sChIJ8U0M7nfpBUgRgMYQgL1FP9U?authuser=0&hl=fr&rclk=1,Aviclim CHAUFFALIA,"3,9",-24,Fournisseur de systèmes de climatisation,26 Bd Jean Monnet,02 40 75 76 09,https://www.chauffalia.fr/
https://www.google.com/maps/place/La+Plomberie+De+Saint+Paul/data=!4m7!3m6!1s0x4805e9428e8aabc7:0xba999b5839d36ea!8m2!3d47.185136!4d-1.5459482!16s%2Fg%2F11cltvqs1q!19sChIJx6uKjkLpBUgR6jadg7WZqQs?authuser=0&hl=fr&rclk=1,La Plomberie De Saint Paul,"3,6",-13,Plombier,95 Rue Jean Jaurès,06 74 38 35 64,http://www.plomberie-saintpaul.fr/
https://www.google.com/maps/place/Entreprise+Mipe/data=!4m7!3m6!1s0x4805e96e510011e5:0xc8d2377fe2604083!8m2!3d47.1765805!4d-1.5444609!16s%2Fg%2F1tdc4lw7!19sChIJ5REAUW7pBUgRg0Bg4n830sg?authuser=0&hl=fr&rclk=1,Entreprise Mipe,"4,8",-18,Chauffagiste,1 Rue du Chêne Creux,06 72 83 63 02,http://www.mipe-renovation-salle-de-bain-et-cuisine-nantes.fr/
https://www.google.com/maps/place/SAS+Richardeau/data=!4m7!3m6!1s0x4805eb10ae1246b1:0x59583d0d2af21817!8m2!3d47.1517856!4d-1.5471421!16s%2Fg%2F11dx8m5tr4!19sChIJsUYSrhDrBUgRFxjyKg09WFk?authuser=0&hl=fr&rclk=1,SAS Richardeau,4,-47,Fournisseur de systèmes de climatisation,"Zac de la Brosse, 4 Rue Gertrude Belle Elion",02 40 65 01 32,http://www.sas-richardeau.com/
https://www.google.com/maps/place/A2M+%C3%A9nergies/data=!4m7!3m6!1s0x4805e9f4376786ab:0x498add9adbfd239a!8m2!3d47.1417462!4d-1.5268599!16s%2Fg%2F1hhjlhj3k!19sChIJq4ZnN_TpBUgRmiP925rdikk?authuser=0&hl=fr&rclk=1,A2M énergies,"4,9",-264,Chauffagiste,·,02 40 47 71 09,http://www.a2m-energies.fr/
https://www.google.com/maps/place/Alves+plomberie/data=!4m7!3m6!1s0xeb64ef877fc5a79:0x562bd8617ad84dc3!8m2!3d47.0512813!4d-1.1954573!16s%2Fg%2F11wqy2h2jg!19sChIJeVr8d_hOtg4Rw03YemHYK1Y?authuser=0&hl=fr&rclk=1,Alves plomberie,"4,9",-118,Chauffagiste,·,06 81 47 62 89,http://www.alves-plomberie.fr/
https://www.google.com/maps/place/eaupres+de+vous/data=!4m7!3m6!1s0xa76bd55eb9e9dfb1:0x75734f1129b9539a!8m2!3d47.187723!4d-1.5242759!16s%2Fg%2F11lz2p0hmz!19sChIJsd_puV7Va6cRmlO5KRFPc3U?authuser=0&hl=fr&rclk=1,eaupres de vous,5,-10,Plombier,·,06 65 61 25 27,https://www.eaupres-de-vous.fr/
https://www.google.com/maps/place/Renaud+Energies/data=!4m7!3m6!1s0xbf94cc167233015:0x15180dfc30a2aac8!8m2!3d47.2064328!4d-1.5457475!16s%2Fg%2F11pvm8bxbh!19sChIJFTAjZ8FM-QsRyKqiMPwNGBU?authuser=0&hl=fr&rclk=1,Renaud Energies,5,-8,Chauffagiste,·,07 87 07 06 41,https://renaud-energies.fr/
https://www.google.com/maps/place/H2C+-+Energie/data=!4m7!3m6!1s0x734a62e90e931e3:0xb548e966281fa5ce!8m2!3d49.029084!4d2.46992!16s%2Fg%2F11ym1y_vgd!19sChIJ4zHpkC6mNAcRzqUfKGbpSLU?authuser=0&hl=fr&rclk=1,H2C - Energie,5,-3,Fournisseur de systèmes de climatisation,4 Rue Louise Michel,07 43 65 66 16,https://www.google.com/aclk?sa=L&ai=DChsSEwjRnN-ayb2UAxWLqGgJHW-LCYYYACICCAEQCRoCd2Y&co=1&ase=2&gclid=CjwKCAjwq6DQBhBVEiwA4ZD5XHvU6kcq2ZFhrLWmsS1TdCxV-SrpsA585yjflBAv-FFOqDrpx6YzlBoCxtIQAvD_BwE&cce=2&category=acrcp_v1_32&sig=AOD64_0RPIGwoqcw5nnwf9-JwcjqCXFVlA&adurl&q&ctype=99&nis=6
https://www.google.com/maps/place/Etablissement+Lefevre+Paris+11+:+Plomberie+d%C3%A9gorgement+Chauffage+Serrurerie/data=!4m7!3m6!1s0x47e66dbe3188b537:0x1923f0870e9feef2!8m2!3d48.85857!4d2.378489!16s%2Fg%2F11nm_tdwl_!19sChIJN7WIMb5t5kcR8u6fDofwIxk?authuser=0&hl=fr&rclk=1,Etablissement Lefevre Paris 11 : Plomberie dégorgement Chauffage Serrurerie,"4,5",-148,Plombier,124 Boulevard Voltaire,01 48 05 15 15,https://www.google.com/aclk?sa=L&ai=DChsSEwjRnN-ayb2UAxWLqGgJHW-LCYYYACICCAEQBxoCd2Y&co=1&ase=2&gclid=CjwKCAjwq6DQBhBVEiwA4ZD5XNdk31lbIKqcYvGZKfn8kVVw0pUZukkjyUb_Jqlv23yo1I3l08I2rhoCtUMQAvD_BwE&cce=2&category=acrcp_v1_32&sig=AOD64_1cdb_rF6xCWUcGAmBzA0f9rUgDzg&adurl&q&ctype=99&nis=6
https://www.google.com/maps/place/DSC+Thermique/data=!4m7!3m6!1s0x47e663524d4b45e5:0x62e93deea0235a8e!8m2!3d48.9300424!4d2.1813657!16s%2Fg%2F11lglqjjxf!19sChIJ5UVLTVJj5kcRjlojoO496WI?authuser=0&hl=fr&rclk=1,DSC Thermique,5,-127,Chauffagiste,48 bis Rue Chanzy,06 59 44 84 58,http://www.dscthermique.fr/
https://www.google.com/maps/place/R%C3%A9soconfort+Gaz+service+rapide/data=!4m7!3m6!1s0x47e665741ca19d17:0x4ab20e6610095377!8m2!3d48.9280153!4d2.1896939!16s%2Fg%2F11fn9dcv_r!19sChIJF52hHHRl5kcRd1MJEGYOsko?authuser=0&hl=fr&rclk=1,Résoconfort Gaz service rapide,"4,8",-299,Chauffagiste,55 Bd Henri Barbusse,01 39 59 24 24,https://resoconfort.fr/agence/gaz-service-rapide-chauffagiste-houilles/?utm_source=gmb
https://www.google.com/maps/place/Abritherm/data=!4m7!3m6!1s0x47e66474e2a12c61:0xcbf0fa5baf4ff67b!8m2!3d48.9282779!4d2.1893413!16s%2Fg%2F11btlnns41!19sChIJYSyh4nRk5kcRe_ZPr1v68Ms?authuser=0&hl=fr&rclk=1,Abritherm,"4,8",-123,Plombier,61 Bd Henri Barbusse,06 16 44 37 81,https://www.abritherm78.fr/
https://www.google.com/maps/place/Ets+Fontaine+P%C3%A8re+et+Fils/data=!4m7!3m6!1s0x47e6638c98a67fdd:0x53b6d7df59209753!8m2!3d48.9185016!4d2.1861205!16s%2Fg%2F11lsvfn3zl!19sChIJ3X-mmIxj5kcRU5cgWd_XtlM?authuser=0&hl=fr&rclk=1,Ets Fontaine Père et Fils,"4,8",-89,Plombier,14 Av. Jean-Jacques Rousseau,01 30 06 06 06,https://www.ets-fontaine-yvelines.fr/?utm_source=gmb
https://www.google.com/maps/place/Isaac+Leroy/data=!4m7!3m6!1s0x47e663d744ed2a8f:0xd7222f916243cfd!8m2!3d48.9254543!4d2.1887286!16s%2Fg%2F11wtj91qps!19sChIJjyrtRNdj5kcR_TwkFvkicg0?authuser=0&hl=fr&rclk=1,Isaac Leroy,5,-97,Plombier,19 Rue Gabriel Péri,01 85 09 48 58,https://isaacleroyplombierhouilles.fr/
https://www.google.com/maps/place/Eurl+marco+vieira/data=!4m7!3m6!1s0x47e663973e56276d:0x3c09931ccfd1a352!8m2!3d48.9218551!4d2.1723465!16s%2Fg%2F11j1y4xk9k!19sChIJbSdWPpdj5kcRUqPRzxyTCTw?authuser=0&hl=fr&rclk=1,Eurl marco vieira,5,-58,Plombier,65 Rue Victor Hugo,07 86 64 71 66,
https://www.google.com/maps/place/Scedac/data=!4m7!3m6!1s0x47e6640959a9e887:0xdb7f681f02789232!8m2!3d48.9280153!4d2.1896939!16s%2Fg%2F11f4ldz5m6!19sChIJh-ipWQlk5kcRMpJ4Ah9of9s?authuser=0&hl=fr&rclk=1,Scedac,4,-30,Plombier,55 Bd Henri Barbusse,01 39 68 72 47,
https://www.google.com/maps/place/Renotherm/data=!4m7!3m6!1s0x47e6634f3ac8b6e1:0xc6a182ae73e9ed8a!8m2!3d48.924803!4d2.185166!16s%2Fg%2F11fdkkky01!19sChIJ4bbIOk9j5kcRiu3pc66CocY?authuser=0&hl=fr&rclk=1,Renotherm,5,-5,Entrepreneur spécialisé dans les systèmes de CVC,5 Rue Marceau,06 03 17 34 96,https://renotherm.fr/
https://www.google.com/maps/place/DSC+Thermique/data=!4m7!3m6!1s0x47e663524d4b45e5:0x62e93deea0235a8e!8m2!3d48.9300424!4d2.1813657!16s%2Fg%2F11lglqjjxf!19sChIJ5UVLTVJj5kcRjlojoO496WI?authuser=0&hl=fr&rclk=1,DSC Thermique,5,-127,Chauffagiste,48 bis Rue Chanzy,06 59 44 84 58,http://www.dscthermique.fr/
https://www.google.com/maps/place/R%C3%A9soconfort+Gaz+service+rapide/data=!4m7!3m6!1s0x47e665741ca19d17:0x4ab20e6610095377!8m2!3d48.9280153!4d2.1896939!16s%2Fg%2F11fn9dcv_r!19sChIJF52hHHRl5kcRd1MJEGYOsko?authuser=0&hl=fr&rclk=1,Résoconfort Gaz service rapide,"4,8",-299,Chauffagiste,55 Bd Henri Barbusse,01 39 59 24 24,https://resoconfort.fr/agence/gaz-service-rapide-chauffagiste-houilles/?utm_source=gmb
https://www.google.com/maps/place/Abritherm/data=!4m7!3m6!1s0x47e66474e2a12c61:0xcbf0fa5baf4ff67b!8m2!3d48.9282779!4d2.1893413!16s%2Fg%2F11btlnns41!19sChIJYSyh4nRk5kcRe_ZPr1v68Ms?authuser=0&hl=fr&rclk=1,Abritherm,"4,8",-123,Plombier,61 Bd Henri Barbusse,06 16 44 37 81,https://www.abritherm78.fr/
https://www.google.com/maps/place/Ets+Fontaine+P%C3%A8re+et+Fils/data=!4m7!3m6!1s0x47e6638c98a67fdd:0x53b6d7df59209753!8m2!3d48.9185016!4d2.1861205!16s%2Fg%2F11lsvfn3zl!19sChIJ3X-mmIxj5kcRU5cgWd_XtlM?authuser=0&hl=fr&rclk=1,Ets Fontaine Père et Fils,"4,8",-89,Plombier,14 Av. Jean-Jacques Rousseau,01 30 06 06 06,https://www.ets-fontaine-yvelines.fr/?utm_source=gmb
https://www.google.com/maps/place/Isaac+Leroy/data=!4m7!3m6!1s0x47e663d744ed2a8f:0xd7222f916243cfd!8m2!3d48.9254543!4d2.1887286!16s%2Fg%2F11wtj91qps!19sChIJjyrtRNdj5kcR_TwkFvkicg0?authuser=0&hl=fr&rclk=1,Isaac Leroy,5,-97,Plombier,19 Rue Gabriel Péri,01 85 09 48 58,https://isaacleroyplombierhouilles.fr/
https://www.google.com/maps/place/Eurl+marco+vieira/data=!4m7!3m6!1s0x47e663973e56276d:0x3c09931ccfd1a352!8m2!3d48.9218551!4d2.1723465!16s%2Fg%2F11j1y4xk9k!19sChIJbSdWPpdj5kcRUqPRzxyTCTw?authuser=0&hl=fr&rclk=1,Eurl marco vieira,5,-58,Plombier,65 Rue Victor Hugo,07 86 64 71 66,
https://www.google.com/maps/place/Scedac/data=!4m7!3m6!1s0x47e6640959a9e887:0xdb7f681f02789232!8m2!3d48.9280153!4d2.1896939!16s%2Fg%2F11f4ldz5m6!19sChIJh-ipWQlk5kcRMpJ4Ah9of9s?authuser=0&hl=fr&rclk=1,Scedac,4,-30,Plombier,55 Bd Henri Barbusse,01 39 68 72 47,
https://www.google.com/maps/place/Renotherm/data=!4m7!3m6!1s0x47e6634f3ac8b6e1:0xc6a182ae73e9ed8a!8m2!3d48.924803!4d2.185166!16s%2Fg%2F11fdkkky01!19sChIJ4bbIOk9j5kcRiu3pc66CocY?authuser=0&hl=fr&rclk=1,Renotherm,5,-5,Entrepreneur spécialisé dans les systèmes de CVC,5 Rue Marceau,06 03 17 34 96,https://renotherm.fr/
https://www.google.com/maps/place/Frencheco/data=!4m7!3m6!1s0x47e66549f88a450d:0x870d46cb585449f1!8m2!3d48.9257176!4d2.1935304!16s%2Fg%2F11shwl6406!19sChIJDUWK-Ell5kcR8UlUWMtGDYc?authuser=0&hl=fr&rclk=1,Frencheco,4,-4,Chauffagiste,17 Rue de l'Amiral Courbet,06 81 99 32 70,
https://www.google.com/maps/place/Eau+Air+Gaz/data=!4m7!3m6!1s0x47e663116443c259:0xc5d2616e539cf6bb!8m2!3d48.9297113!4d2.1748173!16s%2Fg%2F11sszqj24y!19sChIJWcJDZBFj5kcRu_acU25h0sU?authuser=0&hl=fr&rclk=1,Eau Air Gaz,"4,3",-13,Chauffagiste,129 Rue Lavoisier,01 85 53 83 57,https://www.eauairgaz.fr/
https://www.google.com/maps/place/L%27Eau+Villoise/data=!4m7!3m6!1s0x47e6654bf28f76b3:0xf8e1e5e6d3062c58!8m2!3d48.9278492!4d2.1982623!16s%2Fg%2F11h91cyt3_!19sChIJs3aP8ktl5kcRWCwG0-bl4fg?authuser=0&hl=fr&rclk=1,L'Eau Villoise,5,-17,Plombier,36 Rue Ferdinand Buisson,06 66 59 12 93,
https://www.google.com/maps/place/ACP+Thermique+SEDRA/data=!4m7!3m6!1s0x47e66162af29e865:0xea93ddb3a5f952f2!8m2!3d48.940754!4d2.160714!16s%2Fg%2F11ggz5j0xy!19sChIJZegpr2Jh5kcR8lL5pbPdk-o?authuser=0&hl=fr&rclk=1,ACP Thermique SEDRA,"4,3",-79,Chauffagiste,37 Av. Jean Jaurès,01 39 34 88 55,http://www.acp-thermique.fr/
https://www.google.com/maps/place/La+Soci%C3%A9t%C3%A9+Redondi/data=!4m7!3m6!1s0x47e663fed6f40485:0x16b6473be99b54f7!8m2!3d48.9352261!4d2.1904503!16s%2Fg%2F11y36n546g!19sChIJhQT01v5j5kcR91Sb6TtHthY?authuser=0&hl=fr&rclk=1,La Société Redondi,1,-1,Siège social,"119 bis, 119 Rue Desaix",,http://redondi-chauffage.com/
https://www.google.com/maps/place/DBMG+THORILLON/data=!4m7!3m6!1s0x47e663bd4052b389:0x449de64b131b60ca!8m2!3d48.911213!4d2.1679904!16s%2Fg%2F11fjzw69dq!19sChIJibNSQL1j5kcRymAbE0vmnUQ?authuser=0&hl=fr&rclk=1,DBMG THORILLON,"4,4",-58,Chauffagiste,12 Rue Auguste Bartholdi,01 39 15 61 54,http://www.dbmgthorillon.com/?utm_medium=referral&utm_source=gmb&utm_campaign=lnk-gmb
https://www.google.com/maps/place/PINHEIRO+BAT/data=!4m7!3m6!1s0x47e6610c5a1a1fc3:0x66cdb9c7aab142ea!8m2!3d48.9401901!4d2.1881007!16s%2Fg%2F11lrymymkh!19sChIJwx8aWgxh5kcR6kKxqse5zWY?authuser=0&hl=fr&rclk=1,PINHEIRO BAT,"4,4",-35,Chauffagiste,158 Bd de Bezons,06 62 50 33 53,https://www.pinheiro-bat-plombier-sartrouville.com/
https://www.google.com/maps/place/LA+MAISON+DE+L+%C3%89NERGIE/data=!4m7!3m6!1s0x47e665d10f7311e3:0xad71cfc5060e79b1!8m2!3d48.9146137!4d2.2008072!16s%2Fg%2F11rv7w1zlg!19sChIJ4xFzD9Fl5kcRsXkOBsXPca0?authuser=0&hl=fr&rclk=1,LA MAISON DE L ÉNERGIE,"4,3",-51,Entrepreneur spécialisé dans l'isolation,2 Rue de la Pâture,06 95 75 17 08,https://la-maison-de-l-energie.fr/
https://www.google.com/maps/place/Siatherm/data=!4m7!3m6!1s0x47e66163b32d73ed:0x56fb0189d7092356!8m2!3d48.90953!4d2.1599719!16s%2Fg%2F11f40yjv9j!19sChIJ7XMts2Nh5kcRViMJ14kB-1Y?authuser=0&hl=fr&rclk=1,Siatherm,"2,6",-156,Entrepreneur spécialisé dans les systèmes de CVC,26 Rue du Château d'Eau,01 39 14 11 11,http://siatherm.fr/
https://www.google.com/maps/place/Plombier+chauffagiste+d%C3%A9pannage+Sartrouville+-+ADM+Plomberie+Chauffage/data=!4m7!3m6!1s0x47e661c57e40c057:0x2dc7c81ee30dcf6!8m2!3d48.9411252!4d2.1809501!16s%2Fg%2F11fw6c53mz!19sChIJV8BAfsVh5kcR9tww7oF83AI?authuser=0&hl=fr&rclk=1,Plombier chauffagiste dépannage Sartrouville - ADM Plomberie Chauffage,"4,2",-19,Chauffagiste,88 Rue Robert Villoing,01 85 53 78 43,https://www.adm-plomberiechauffage.fr/
https://www.google.com/maps/place/Ms+chauffage/data=!4m7!3m6!1s0x47e661143614db1b:0x8c68a79ba55b912d!8m2!3d48.9466586!4d2.1732962!16s%2Fg%2F11h1k21wvx!19sChIJG9sUNhRh5kcRLZFbpZunaIw?authuser=0&hl=fr&rclk=1,Ms chauffage,5,-25,Chauffagiste,53 Rue Guy de Maupassant,06 71 76 89 53,https://www.ms-chauffage.fr/
https://www.google.com/maps/place/Marchano/data=!4m7!3m6!1s0xda36ed6abab9edf:0x5faa7ef451e9231f!8m2!3d48.9338865!4d2.2004049!16s%2Fg%2F11rprsggkk!19sChIJ356rq9Zuow0RHyPpUfR-ql8?authuser=0&hl=fr&rclk=1,Marchano,5,-29,Chauffagiste,41 Rue Mirabeau,09 87 17 50 74,https://www.marchano.fr/
https://www.google.com/maps/place/Ms+chauffage/data=!4m7!3m6!1s0x47e661143614db1b:0x8c68a79ba55b912d!8m2!3d48.9466586!4d2.1732962!16s%2Fg%2F11h1k21wvx!19sChIJG9sUNhRh5kcRLZFbpZunaIw?authuser=0&hl=fr&rclk=1,Ms chauffage,5,-25,Chauffagiste,53 Rue Guy de Maupassant,06 71 76 89 53,https://www.ms-chauffage.fr/
https://www.google.com/maps/place/Marchano/data=!4m7!3m6!1s0xda36ed6abab9edf:0x5faa7ef451e9231f!8m2!3d48.9338865!4d2.2004049!16s%2Fg%2F11rprsggkk!19sChIJ356rq9Zuow0RHyPpUfR-ql8?authuser=0&hl=fr&rclk=1,Marchano,5,-29,Chauffagiste,41 Rue Mirabeau,09 87 17 50 74,https://www.marchano.fr/
https://www.google.com/maps/place/H2C+-+Energie/data=!4m7!3m6!1s0x734a62e90e931e3:0xb548e966281fa5ce!8m2!3d49.029084!4d2.46992!16s%2Fg%2F11ym1y_vgd!19sChIJ4zHpkC6mNAcRzqUfKGbpSLU?authuser=0&hl=fr&rclk=1,H2C - Energie,5,-3,Fournisseur de systèmes de climatisation,4 Rue Louise Michel,07 43 65 66 16,https://www.google.com/aclk?sa=L&ai=DChsSEwjjubOiyb2UAxX7TUECHSQDM4UYACICCAEQBhoCd3M&co=1&ase=2&gclid=CjwKCAjwq6DQBhBVEiwA4ZD5XFBvNn96m9TB-CwoJZwJyFK-d2OyqEis9wNySfU3FcFD9NGwY_3pohoCyGAQAvD_BwE&cce=2&category=acrcp_v1_32&sig=AOD64_2PjhgwC1yDZg0FCTFHJ2gPdmbQew&adurl&q&ctype=99&nis=6
https://www.google.com/maps/place/Avenir+R%C3%A9novations+Saint-Germain-en-Laye/data=!4m7!3m6!1s0x4178753670bb906f:0xa0887da649d845bd!8m2!3d48.941661!4d2.1331!16s%2Fg%2F11vt0tntpd!19sChIJb5C7cDZ1eEERvUXYSaZ9iKA?authuser=0&hl=fr&rclk=1,Avenir Rénovations Saint-Germain-en-Laye,"4,8",-13,Travaux généraux,48 Rue de la Procession,01 59 30 08 70,https://www.google.com/aclk?sa=L&ai=DChsSEwjjubOiyb2UAxX7TUECHSQDM4UYACICCAEQAxoCd3M&co=1&ase=2&gclid=CjwKCAjwq6DQBhBVEiwA4ZD5XEN7Vq0Ibu1THk0-cdbCW68SjNCRP3kCDRcZZLE1c6ep34E8ADyuXBoC-fMQAvD_BwE&cce=2&category=acrcp_v1_32&sig=AOD64_06dlBswdHSmEPe14_sZzC6pHkyRw&adurl&q&ctype=99&nis=6
https://www.google.com/maps/place/SP+Sanitaire/data=!4m7!3m6!1s0x80b3d48b34b9fea5:0xc47ff5d1aa1af388!8m2!3d48.929988!4d2.21525!16s%2Fg%2F11vk2n48f9!19sChIJpf65NIvUs4ARiPMaqtH1f8Q?authuser=0&hl=fr&rclk=1,SP Sanitaire,5,-14,Chauffagiste,8 Cité Auguste Delaune,06 52 47 99 09,https://sp-sanitaire.fr/
https://www.google.com/maps/place/Als+D%C3%A9pannage+Plomberie+78+Yvelines+%7C+Plombier+Maisons-Laffitte/data=!4m7!3m6!1s0x2cc4e8743ecd7327:0x2af0064de67eba2e!8m2!3d48.9100693!4d2.1497481!16s%2Fg%2F11rxzqr51d!19sChIJJ3PNPnToxCwRLrp-5k0G8Co?authuser=0&hl=fr&rclk=1,Als Dépannage Plomberie 78 Yvelines | Plombier Maisons-Laffitte,5,-72,Plombier,"25 rue martial marigne 77 rue des bas rogers Suresnes, 25 Rue Martial Marigné",01 85 39 25 86,https://artisan-plombier-92.fr/?utm_source=google&utm_medium=organic&utm_campaign=fiche_google_maps&utm_content=bouton_site_web
https://www.google.com/maps/place/EMSL/data=!4m7!3m6!1s0x47e6625df967f5db:0xfe2ea72e6a570ccf!8m2!3d48.9001476!4d2.1574338!16s%2Fg%2F11c6rhpfkn!19sChIJ2_Vn-V1i5kcRzwxXai6nLv4?authuser=0&hl=fr&rclk=1,EMSL,5,-23,Chauffagiste,4 Rue des Bouvets,01 30 15 15 93,https://www.emsl78.com/?utm_source=gmb
https://www.google.com/maps/place/EFFISENSE/data=!4m7!3m6!1s0x47e665007d09da4d:0x6cd2f60a20ba96e2!8m2!3d48.9231976!4d2.2005371!16s%2Fg%2F11w8pjbyx5!19sChIJTdoJfQBl5kcR4pa6IAr20mw?authuser=0&hl=fr&rclk=1,EFFISENSE,,,Entrepreneur spécialisé dans les systèmes de CVC,62 Av. de l'Yser,01 82 77 00 99,http://www.effisense.fr/
https://www.google.com/maps/place/Etablissement+Lefevre+Paris+11+:+Plomberie+d%C3%A9gorgement+Chauffage+Serrurerie/data=!4m7!3m6!1s0x47e66dbe3188b537:0x1923f0870e9feef2!8m2!3d48.85857!4d2.378489!16s%2Fg%2F11nm_tdwl_!19sChIJN7WIMb5t5kcR8u6fDofwIxk?authuser=0&hl=fr&rclk=1,Etablissement Lefevre Paris 11 : Plomberie dégorgement Chauffage Serrurerie,"4,5",-148,Plombier,124 Boulevard Voltaire,01 48 05 15 15,https://www.google.com/aclk?sa=L&ai=DChsSEwiewuityb2UAxVlnmgJHYhCC4sYACICCAEQBBoCd2Y&co=1&ase=2&gclid=CjwKCAjwq6DQBhBVEiwA4ZD5XIajSEJBlIMlhDkqmkhH4Visja24-QLtRENr0tPikmprEWBwuzUi2xoCdAYQAvD_BwE&cce=2&category=acrcp_v1_32&sig=AOD64_3SVANcJUUtqRGeYPgxEUvNlK80RA&adurl&q&ctype=99&nis=6
https://www.google.com/maps/place/Daikin+Airconditioning+France+-+Si%C3%A8ge+Social/data=!4m7!3m6!1s0x47e665664c2b36f1:0xa493cbb4f197c2c!8m2!3d48.91538!4d2.217856!16s%2Fg%2F1thx3blj!19sChIJ8TYrTGZl5kcRLHwZT7s8SQo?authuser=0&hl=fr&rclk=1,Daikin Airconditioning France - Siège Social,"1,6",-80,Fournisseur de systèmes de climatisation,31 Rue des Hautes Pâtures,01 46 69 95 69,https://www.google.com/aclk?sa=L&ai=DChsSEwiewuityb2UAxVlnmgJHYhCC4sYACICCAEQBRoCd2Y&co=1&ase=2&gclid=CjwKCAjwq6DQBhBVEiwA4ZD5XN2uA26IYSzBQh9TBQkmccMh2wVGjRJaaQDpMZNgB4jeOZv5i-RhIBoC0VgQAvD_BwE&cce=2&category=acrcp_v1_32&sig=AOD64_2M0AMHLImkr6dD-HnLCyjA_8aUHA&adurl&q&ctype=99&nis=6
https://www.google.com/maps/place/Plombier+Maurice+Plaisir/data=!4m7!3m6!1s0x47e68545b7e93e71:0x678b230dfce317f3!8m2!3d48.8252789!4d1.9675224!16s%2Fg%2F11wfp7rm7c!19sChIJcT7pt0WF5kcR8xfj_A0ji2c?authuser=0&hl=fr&rclk=1,Plombier Maurice Plaisir,5,-77,Plombier,5 Av. Lucie Aubrac,01 84 19 12 23,https://plombiermauriceplaisir.shop/
https://www.google.com/maps/place/Eco+Solutions+78+-+Climatisation+%26+Pompe+%C3%A0+chaleur+Plaisir/data=!4m7!3m6!1s0x47e6913fd628faeb:0x872ca8ae98ac1c7d!8m2!3d48.8052898!4d1.9525455!16s%2Fg%2F11rbdv1yq9!19sChIJ6_oo1j-R5kcRfRysmK6oLIc?authuser=0&hl=fr&rclk=1,Eco Solutions 78 - Climatisation & Pompe à chaleur Plaisir,"4,8",-145,Chauffagiste,·,09 52 08 33 33,http://www.eco-solutions-78.fr/
https://www.google.com/maps/place/DHS+Plomberie/data=!4m7!3m6!1s0x47e685034ebb87cd:0x88d7f4faaafb3881!8m2!3d48.7989207!4d1.968503!16s%2Fg%2F11fn8_7nrl!19sChIJzYe7TgOF5kcRgTj7qvr014g?authuser=0&hl=fr&rclk=1,DHS Plomberie,5,-10,Plombier,·,06 12 36 38 29,https://www.dhs-plomberie.fr/
https://www.google.com/maps/place/MTE+-+Monbaron+Thomas+Energies/data=!4m7!3m6!1s0x47e69b3d7659223f:0x2796b19738a9b014!8m2!3d48.8055401!4d1.952036!16s%2Fg%2F11b6dhk433!19sChIJPyJZdj2b5kcRFLCpOJexlic?authuser=0&hl=fr&rclk=1,MTE - Monbaron Thomas Energies,"4,6",-17,Chauffagiste,"ZA La Chaîne, 116 Chem. Blanc",01 34 89 38 01,http://www.mt-energies.fr/
https://www.google.com/maps/place/Debackere+Jean+Francois/data=!4m7!3m6!1s0x47e685bae2e40f01:0xef0a609bd3e5b452!8m2!3d48.7902796!4d1.9615036!16s%2Fg%2F11pcks26ss!19sChIJAQ_k4rqF5kcRUrTl05tgCu8?authuser=0&hl=fr&rclk=1,Debackere Jean Francois,5,-2,Plombier,36 Rue des Frênes,06 07 55 22 17,
"https://www.google.com/maps/place/BPA+D%C3%A9bouchage+Canalisation,+Hydrocurage,+Passage+Cam%C3%A9ra+%E2%80%93+Intervention+24h%2F24+-+7j%2F7/data=!4m7!3m6!1s0x47e68500076f15e9:0x64701640dc97c839!8m2!3d48.817203!4d1.945523!16s%2Fg%2F11wx73g6jw!19sChIJ6RVvBwCF5kcROciX3EAWcGQ?authuser=0&hl=fr&rclk=1","BPA Débouchage Canalisation, Hydrocurage, Passage Caméra – Intervention 24h/24 - 7j/7","4,9",-71,Plombier,5 Rue Louis Pasteur,01 80 98 03 44,https://debouchage-bpa.fr/
https://www.google.com/maps/place/Plomberie+Pelet/data=!4m7!3m6!1s0x47e69b17f37fc33f:0x7f7880282b88b1db!8m2!3d48.8129129!4d1.9044094!16s%2Fg%2F11q5801szs!19sChIJP8N_8xeb5kcR27GIKyiAeH8?authuser=0&hl=fr&rclk=1,Plomberie Pelet,5,-22,Chauffagiste,16 Av. de la République,06 74 51 33 40,https://www.pelet-plomberie-chauffage.fr/
https://www.google.com/maps/place/Climelec+Pro/data=!4m7!3m6!1s0x47e6837717dd1905:0x938817245ff2f792!8m2!3d48.8052038!4d1.9526438!16s%2Fg%2F1tgx5x_j!19sChIJBRndF3eD5kcRkvfyXyQXiJM?authuser=0&hl=fr&rclk=1,Climelec Pro,"4,9",-20,Fournisseur de systèmes de climatisation,·,01 30 69 22 29,https://www.climelec78.fr/?utm_medium=referral&utm_source=gmb&utm_campaign=lnk-gmb
https://www.google.com/maps/place/Plomberie+Life+Systeme/data=!4m7!3m6!1s0xa36784c071add97:0x660fc4f1a4cbd55c!8m2!3d48.7707178!4d1.9518363!16s%2Fg%2F11y1xs1kqw!19sChIJl90aB0x4NgoRXNXLpPHED2Y?authuser=0&hl=fr&rclk=1,Plomberie Life Systeme,5,-49,Chauffagiste,All. de la Loire,07 83 98 80 94,https://www.plomberilife-systeme.fr/
https://www.google.com/maps/place/R.G.+Entreprise/data=!4m7!3m6!1s0x47e6844b613d607b:0xcbd84d147452605e!8m2!3d48.8212728!4d1.978423!16s%2Fg%2F11r3v784j6!19sChIJe2A9YUuE5kcRXmBSdBRN2Ms?authuser=0&hl=fr&rclk=1,R.G. Entreprise,"4,8",-21,Plombier,119B Rue Henri Prou,01 30 81 02 03,
https://www.google.com/maps/place/DKGAZ+PLOMBERIE/data=!4m7!3m6!1s0x47e685ccc71a62af:0xd44cd882fd4dea26!8m2!3d48.823431!4d1.9909421!16s%2Fg%2F11fmddxm9v!19sChIJr2Iax8yF5kcRJupN_YLYTNQ?authuser=0&hl=fr&rclk=1,DKGAZ PLOMBERIE,"4,8",-138,Chauffagiste,42 Rue Maurice Jouet,01 87 08 26 26,https://dkgazplomberie.com/contactez-nous
https://www.google.com/maps/place/Ouest+R%C3%A9frig%C3%A9ration/data=!4m7!3m6!1s0x88c16a4815f490ef:0x95e6b2cf1a377d37!8m2!3d48.8196901!4d1.9655275!16s%2Fg%2F11k99_11r7!19sChIJ75D0FUhqwYgRN303Gs-y5pU?authuser=0&hl=fr&rclk=1,Ouest Réfrigération,"4,6",-11,Fournisseur de systèmes de climatisation,273 Rue Lowestoft,06 98 25 55 29,http://www.ouest-refrigeration.fr/
https://www.google.com/maps/place/Tiplo+Plaisir/data=!4m7!3m6!1s0x47e68504ef85c8a3:0x42352e885308b580!8m2!3d48.8301469!4d1.9524153!16s%2Fg%2F1tjdl1_6!19sChIJo8iF7wSF5kcRgLUIU4guNUI?authuser=0&hl=fr&rclk=1,Tiplo Plaisir,"4,2",-243,Cheministe,·,01 30 54 00 66,https://tiplo.fr/
https://www.google.com/maps/place/One+chauffage+plomberie+R%C3%A9novation/data=!4m7!3m6!1s0x47e687922e1943b3:0xe5a180936b7ba9a4!8m2!3d48.684983!4d2.0159752!16s%2Fg%2F11k0lh_bjk!19sChIJs0MZLpKH5kcRpKl7a5OAoeU?authuser=0&hl=fr&rclk=1,One chauffage plomberie Rénovation,5,-88,Chauffagiste,·,06 63 52 06 03,
https://www.google.com/maps/place/lepro+-+d%C3%A9bouchage+canalisation+plaisir+-+travaux+d%27assainissement+-+vidange+de+fosse+septique/data=!4m7!3m6!1s0x47e6857725367485:0x990c46b3674df3a8!8m2!3d48.8173658!4d1.9496238!16s%2Fg%2F11w9nkjnyg!19sChIJhXQ2JXeF5kcRqPNNZ7NGDJk?authuser=0&hl=fr&rclk=1,lepro - débouchage canalisation plaisir - travaux d'assainissement - vidange de fosse septique,5,-23,Service d'assainissement,6 Rue Jules Verne,01 85 51 33 38,https://leprodudebouchagedeplaisir-pef.com/
https://www.google.com/maps/place/FEDIX+-+Plomberie+%26+Chauffage+%7C+Climatisation+%26+PAC/data=!4m7!3m6!1s0x47e683924c6f4cd1:0x22c0666425168831!8m2!3d48.7702416!4d1.9763053!16s%2Fg%2F11pwyg4fqz!19sChIJ0UxvTJKD5kcRMYgWJWRmwCI?authuser=0&hl=fr&rclk=1,FEDIX - Plomberie & Chauffage | Climatisation & PAC,"4,8",-70,Chauffagiste,30 Av. de la Tourelle,07 80 95 57 48,https://fedix.fr/fedix-agence-trappes/
"https://www.google.com/maps/place/%F0%9D%97%A3%F0%9D%97%B9%F0%9D%97%BC%F0%9D%97%BA%F0%9D%97%AF%F0%9D%97%B2%F0%9D%97%B0%F0%9D%97%BC+%F0%9D%97%AC%F0%9D%98%83%F0%9D%97%B2%F0%9D%97%B9%F0%9D%97%B6%F0%9D%97%BB%F0%9D%97%B2%F0%9D%98%80+-+%F0%9D%97%BD%F0%9D%97%B9%F0%9D%97%BC%F0%9D%97%BA%F0%9D%97%AF%F0%9D%97%B2%F0%9D%97%BF%F0%9D%97%B6%F0%9D%97%B2,+%F0%9D%97%B0%F0%9D%97%B5%F0%9D%97%AE%F0%9D%98%82%F0%9D%97%B3%F0%9D%97%AE%F0%9D%97%B4%F0%9D%97%B2+%F0%9D%97%B2%F0%9D%98%81+%F0%9D%97%B1%F0%9D%97%B2%CC%81%F0%9D%97%AF%F0%9D%97%BC%F0%9D%98%82%F0%9D%97%B0%F0%9D%97%B5%F0%9D%97%AE%F0%9D%97%B4%F0%9D%97%B2/data=!4m7!3m6!1s0x47e663d17d284d71:0xd24de1d0e92b82f2!8m2!3d48.8788767!4d2.1081267!16s%2Fg%2F11kjps1qwb!19sChIJcU0ofdFj5kcR8oIr6dDhTdI?authuser=0&hl=fr&rclk=1","𝗣𝗹𝗼𝗺𝗯𝗲𝗰𝗼 𝗬𝘃𝗲𝗹𝗶𝗻𝗲𝘀 - 𝗽𝗹𝗼𝗺𝗯𝗲𝗿𝗶𝗲, 𝗰𝗵𝗮𝘂𝗳𝗮𝗴𝗲 𝗲𝘁 𝗱𝗲́𝗯𝗼𝘂𝗰𝗵𝗮𝗴𝗲","4,9",-112,Chauffagiste,20 Rte de Versailles,01 39 10 05 06,https://mesdepanneurs78yvelines.com/
https://www.google.com/maps/place/Bat+3000/data=!4m7!3m6!1s0x47e6845de7287e3f:0x6401a6896693f948!8m2!3d48.804048!4d1.9665192!16s%2Fg%2F1w454yhq!19sChIJP34o512E5kcRSPmTZommAWQ?authuser=0&hl=fr&rclk=1,Bat 3000,"4,4",-29,Plombier,230 Sente Pierre Roux,06 60 99 60 07,https://www.bat3000.fr/
https://www.google.com/maps/place/H2C+-+Energie/data=!4m7!3m6!1s0x734a62e90e931e3:0xb548e966281fa5ce!8m2!3d49.029084!4d2.46992!16s%2Fg%2F11ym1y_vgd!19sChIJ4zHpkC6mNAcRzqUfKGbpSLU?authuser=0&hl=fr&rclk=1,H2C - Energie,5,-3,Fournisseur de systèmes de climatisation,4 Rue Louise Michel,07 43 65 66 16,https://www.google.com/aclk?sa=L&ai=DChsSEwjOwKm7yb2UAxWPu2gJHVEnH-oYACICCAEQBRoCd2Y&co=1&ase=2&gclid=CjwKCAjwq6DQBhBVEiwA4ZD5XOe4Is7hMGMMNiizHzMMbVtFCDWVuOPT9bBrHG6MK6VPJ78h1jDG2xoC8wAQAvD_BwE&cce=2&category=acrcp_v1_32&sig=AOD64_0UNcMVM5QfZzKJnSDvhBIkgIG5Hw&adurl&q&ctype=99&nis=6
https://www.google.com/maps/place/Etablissement+Lefevre+Paris+11+:+Plomberie+d%C3%A9gorgement+Chauffage+Serrurerie/data=!4m7!3m6!1s0x47e66dbe3188b537:0x1923f0870e9feef2!8m2!3d48.85857!4d2.378489!16s%2Fg%2F11nm_tdwl_!19sChIJN7WIMb5t5kcR8u6fDofwIxk?authuser=0&hl=fr&rclk=1,Etablissement Lefevre Paris 11 : Plomberie dégorgement Chauffage Serrurerie,"4,5",-148,Plombier,124 Boulevard Voltaire,01 48 05 15 15,https://www.google.com/aclk?sa=L&ai=DChsSEwjOwKm7yb2UAxWPu2gJHVEnH-oYACICCAEQARoCd2Y&co=1&ase=2&gclid=CjwKCAjwq6DQBhBVEiwA4ZD5XC9VgJY4G9J42tbe8q_xarnYIg0Df0Wp7ipJEqhS1iqWIBavub9U8RoCj9IQAvD_BwE&cce=2&category=acrcp_v1_32&sig=AOD64_2tqGNbK9h8SGeJafYB5t7OmQOVQQ&adurl&q&ctype=99&nis=6
https://www.google.com/maps/place/Marchano+Plomberie+Chauffage/data=!4m7!3m6!1s0x47e66391456ef689:0x1c4e3468df79216e!8m2!3d48.8951366!4d2.1512622!16s%2Fg%2F11kj4jtxc7!19sChIJifZuRZFj5kcRbiF532g0Thw?authuser=0&hl=fr&rclk=1,Marchano Plomberie Chauffage,5,-63,Chauffagiste,57 Bd de la République,09 87 17 50 74,https://www.marchano.fr/
https://www.google.com/maps/place/Ets+Leroy+P%C3%A8re+et+Fils/data=!4m7!3m6!1s0x47e66304b694b64d:0x2408577d1193d747!8m2!3d48.8906371!4d2.1519717!16s%2Fg%2F11b6drh2lc!19sChIJTbaUtgRj5kcRR9eTEX1XCCQ?authuser=0&hl=fr&rclk=1,Ets Leroy Père et Fils,"4,4",-152,Chauffagiste,89 Av. du Maréchal Foch,01 30 53 58 74,https://www.ets-leroy-depannages.fr/?utm_source=google&utm_medium=organic&utm_campaign=gbp&utm_content=chatou
https://www.google.com/maps/place/Plomberie+Macek/data=!4m7!3m6!1s0x47e663c890ddea1b:0xd52d0b2ba1818ec!8m2!3d48.8897121!4d2.158817!16s%2Fg%2F11mr231658!19sChIJG-rdkMhj5kcR7BgYurLQUg0?authuser=0&hl=fr&rclk=1,Plomberie Macek,"4,6",-22,Plombier,5 Pl. des Marguilliers bât R,06 11 11 13 34,http://www.macek.fr/?utm_source=gmb
https://www.google.com/maps/place/Artus+Guy/data=!4m7!3m6!1s0x47e663a5cf58fcb7:0x205cea0b3a2feadb!8m2!3d48.9054268!4d2.1416204!16s%2Fg%2F11j_q11w0b!19sChIJt_xYz6Vj5kcR2-ovOgvqXCA?authuser=0&hl=fr&rclk=1,Artus Guy,"4,2",-20,Chauffagiste,11 Rue de la Voie Poissonnière,01 30 71 18 34,http://www.guy-artus.fr/
https://www.google.com/maps/place/B2CMG+installation+pompe+a+chaleur+chatou+-+RGE+QUALIPAC+pompe+a+chaleur+-+installation+climatisation+-+maintenance/data=!4m7!3m6!1s0x47e6631e5b5a2fc1:0xee8efacbac4392b4!8m2!3d48.9011754!4d2.1484604!16s%2Fg%2F11wwm6gbc5!19sChIJwS9aWx5j5kcRtJJDrMv6ju4?authuser=0&hl=fr&rclk=1,B2CMG installation pompe a chaleur chatou - RGE QUALIPAC pompe a chaleur - installation climatisation - maintenance,5,-10,Chauffagiste,19 Rue Ribot,01 84 80 23 72,https://b2cmg-air-eau-chatou.com/
https://www.google.com/maps/place/Brandy+Coutant+Plomberie/data=!4m7!3m6!1s0x47e662c530f5238f:0x9779077cb5cc696!8m2!3d48.8721241!4d2.1319753!16s%2Fg%2F11hd22hhjz!19sChIJjyP1MMVi5kcRlsZcy3eQdwk?authuser=0&hl=fr&rclk=1,Brandy Coutant Plomberie,5,-167,Plombier,6 Parc de l'Écluse,06 25 08 15 80,http://bcpplomberie.com/
https://www.google.com/maps/place/MLG+ENERGY+-+Entreprise+isolation+ext%C3%A9rieur+LE+VESINET+-+entreprise+isolation+combles+-+RGE+-/data=!4m7!3m6!1s0x47e6639771ae5443:0xa6d96ae3850ed3b1!8m2!3d48.893029!4d2.134537!16s%2Fg%2F11wnlw29j9!19sChIJQ1SucZdj5kcRsdMOheNq2aY?authuser=0&hl=fr&rclk=1,MLG ENERGY - Entreprise isolation extérieur LE VESINET - entreprise isolation combles - RGE -,5,-21,Chauffagiste,39 Rue Alphonse Pallu,01 87 66 95 64,https://mlgenergy-le-vesinet.com/
https://www.google.com/maps/place/Ets+Leroy+P%C3%A8re+et+Fils/data=!4m7!3m6!1s0x47e66338df118087:0x8d11b2e1527a02!8m2!3d48.8861397!4d2.1757721!16s%2Fg%2F11j3wwd3r7!19sChIJh4AR3zhj5kcRAnpS4bIRjQA?authuser=0&hl=fr&rclk=1,Ets Leroy Père et Fils,"4,3",-244,Chauffagiste,56 Av. Victor Hugo,01 47 16 75 13,https://www.ets-leroy-depannages.fr/?utm_source=google&utm_medium=organic&utm_campaign=gbp&utm_content=rueil-malmaison
https://www.google.com/maps/place/Karle/data=!4m7!3m6!1s0x47e6630bc65378a7:0xdb99a0a7f5887338!8m2!3d48.8967317!4d2.1634624!16s%2Fg%2F11f62h2xx7!19sChIJp3hTxgtj5kcROHOI9aegmds?authuser=0&hl=fr&rclk=1,Karle,5,-5,Plombier,13 bis rue des violettes,06 21 64 88 30,
https://www.google.com/maps/place/GCE+%7C+Chauffagiste+et+Climatisation+%2877%29/data=!4m7!3m6!1s0x47e60f40112230fd:0x3c4788f6d511c36a!8m2!3d48.83036!4d2.588135!16s%2Fg%2F11pyk3cxb_!19sChIJ_TAiEUAP5kcRasMR1faIRzw?authuser=0&hl=fr&rclk=1,GCE | Chauffagiste et Climatisation (77),"4,6",-11,Chauffagiste,4 Avenue Robert Schuman,06 45 45 98 88,https://www.google.com/aclk?sa=L&ai=DChsSEwjk7P_Fyb2UAxXGoGgJHY-NMTsYACICCAEQCxoCd2Y&co=1&ase=2&gclid=CjwKCAjwq6DQBhBVEiwA4ZD5XGLYTGNiMy3ltYQlK3-P0XJ_pIYQ3UZqsX7FUkgeAGjGzpoavHp5choCg-QQAvD_BwE&cce=2&category=acrcp_v1_32&sig=AOD64_1lwBpiihDesio2FFjJD9fkSAR_Gg&adurl&q&ctype=99&nis=6
https://www.google.com/maps/place/Etablissement+Lefevre+Paris+11+:+Plomberie+d%C3%A9gorgement+Chauffage+Serrurerie/data=!4m7!3m6!1s0x47e66dbe3188b537:0x1923f0870e9feef2!8m2!3d48.85857!4d2.378489!16s%2Fg%2F11nm_tdwl_!19sChIJN7WIMb5t5kcR8u6fDofwIxk?authuser=0&hl=fr&rclk=1,Etablissement Lefevre Paris 11 : Plomberie dégorgement Chauffage Serrurerie,"4,5",-148,Plombier,124 Boulevard Voltaire,01 48 05 15 15,https://www.google.com/aclk?sa=L&ai=DChsSEwjk7P_Fyb2UAxXGoGgJHY-NMTsYACICCAEQABoCd2Y&co=1&ase=2&gclid=CjwKCAjwq6DQBhBVEiwA4ZD5XHAKkCp2KsH3XL5MBbA1vkzamVk7Zwis1z8ozOESDeEiDGdo8aPuYhoCi7AQAvD_BwE&cce=2&category=acrcp_v1_32&sig=AOD64_16X8OKqPrarfqsM-7WQaksNYNXgA&adurl&q&ctype=99&nis=6
https://www.google.com/maps/place/Dubois+Travaux/data=!4m7!3m6!1s0x47e66dc9bdf623c3:0xac5298c5dba45a44!8m2!3d48.8596377!4d2.4222026!16s%2Fg%2F11rmym_mfj!19sChIJwyP2vclt5kcRRFqk28WYUqw?authuser=0&hl=fr&rclk=1,Dubois Travaux,"4,7",-28,Chauffagiste,17 Rue de la Liberté,01 45 57 78 13,https://www.dubois-assainissement.fr/
https://www.google.com/maps/place/LGP+-+Le+Grossiste+de+la+Plomberie/data=!4m7!3m6!1s0x47e66db60be39d35:0x2856c009defd3782!8m2!3d48.8750312!4d2.4216688!16s%2Fg%2F11n5l66z99!19sChIJNZ3jC7Zt5kcRgjf93gnAVig?authuser=0&hl=fr&rclk=1,LGP - Le Grossiste de la Plomberie,"2,4",-25,Magasin de matériel de plomberie,·,01 48 51 12 13,
https://www.google.com/maps/place/A.C+Confort/data=!4m7!3m6!1s0x47e66d0b3f060493:0xbbb1f6c6f80f48f8!8m2!3d48.8759423!4d2.4177181!16s%2Fg%2F11hbkbnw_d!19sChIJkwQGPwtt5kcR-EgP-Mb2sbs?authuser=0&hl=fr&rclk=1,A.C Confort,"4,5",-125,Chauffagiste,122 Av. Pasteur,01 48 97 37 69,https://ac-confort.com/
https://www.google.com/maps/place/RICHARDSON+:+SANITAIRE-+CHAUFFAGE+-+PLOMBERIE+-+PHOTOVOLTA%C3%8FQUE/data=!4m7!3m6!1s0x47e66d0d72d8b53f:0x436f898f128ae479!8m2!3d48.8769113!4d2.4231969!16s%2Fg%2F1tflr9p6!19sChIJP7XYcg1t5kcReeSKEo-Jb0M?authuser=0&hl=fr&rclk=1,RICHARDSON : SANITAIRE- CHAUFFAGE - PLOMBERIE - PHOTOVOLTAÏQUE,"4,2",-15,Fournisseur d'équipements de chauffage,·,01 43 63 47 26,https://www.richardson.fr/tous-les-magasins/agence/bagnolet
https://www.google.com/maps/place/DRSM/data=!4m7!3m6!1s0x47e66d79a04ca6f7:0xd8685948d1d2185!8m2!3d48.8623345!4d2.4167417!16s%2Fg%2F11r8x3nz1y!19sChIJ96ZMoHlt5kcRhSEdjZSFhg0?authuser=0&hl=fr&rclk=1,DRSM,"4,2",-9,Plombier,35 Av. de la République,,
https://www.google.com/maps/place/CEDEO+Bagnolet+:+Sanitaire+-+Chauffage+-+Plomberie/data=!4m7!3m6!1s0x47e66d64cbbf4aab:0xea41a2e451c34f4!8m2!3d48.8623345!4d2.4167417!16s%2Fg%2F11ftsv8sdt!19sChIJq0q_y2Rt5kcR9DQcRS4apA4?authuser=0&hl=fr&rclk=1,CEDEO Bagnolet : Sanitaire - Chauffage - Plomberie,"4,1",-39,Magasin d'articles de salle de bains,·,01 43 63 62 60,https://www.cedeo.fr/infos-agence/bagnolet-cedeo-2459
https://www.google.com/maps/place/ECO+LIVE+-+Artisan+chauffagiste/data=!4m7!3m6!1s0x6b63f3af7c4a84ef:0x8c7b6710f8c82cda!8m2!3d48.8573067!4d2.4309345!16s%2Fg%2F11pvb0hrnx!19sChIJ74RKfK_zY2sR2izI-BBne4w?authuser=0&hl=fr&rclk=1,ECO LIVE - Artisan chauffagiste,"4,9",-90,Chauffagiste,70 Rue de Paris,07 61 38 76 68,https://eco-live.fr/
https://www.google.com/maps/place/Air+Concept+Maintenance/data=!4m7!3m6!1s0x47e66d6d2b2c0987:0x95d3e0d019ee97aa!8m2!3d48.8747327!4d2.4272482!16s%2Fg%2F11b7q7v0j7!19sChIJhwksK21t5kcRqpfuGdDg05U?authuser=0&hl=fr&rclk=1,Air Concept Maintenance,5,-319,Entrepreneur spécialisé dans les systèmes de CVC,34/36 Av. de Stalingrad,01 55 28 39 00,https://www.airconcept.fr/
https://www.google.com/maps/place/Etablissements+AGILE/data=!4m7!3m6!1s0x47e612838805d4b3:0x786d3f4bb58c2be!8m2!3d48.8643783!4d2.4163413!16s%2Fg%2F11b6yf6c8q!19sChIJs9QFiIMS5kcRvsJYu_TThgc?authuser=0&hl=fr&rclk=1,Etablissements AGILE,"4,5",-8,Plombier,36 Av. du Général de Gaulle,01 49 74 03 77,http://www.batiment-agile.com/
https://www.google.com/maps/place/Yannick+Plomberie/data=!4m7!3m6!1s0x47e66da7324e1481:0xe854d55cc61da5e7!8m2!3d48.880215!4d2.412028!16s%2Fg%2F11bzz3ggmk!19sChIJgRROMqdt5kcR56UdxlzVVOg?authuser=0&hl=fr&rclk=1,Yannick Plomberie,"4,8",-286,Chauffagiste,·,01 48 97 81 81,https://www.yannick-plomberie-idf.com/
https://www.google.com/maps/place/DLH+Plomberie/data=!4m7!3m6!1s0x47e66d205bd536b7:0x20b350d16973aef0!8m2!3d48.8819349!4d2.4336558!16s%2Fg%2F11h1hx6m88!19sChIJtzbVWyBt5kcR8K5zadFQsyA?authuser=0&hl=fr&rclk=1,DLH Plomberie,"4,9",-213,Plombier,7 Rue de la Résistance,06 11 81 65 59,
https://www.google.com/maps/place/E.B.P+ARTISAN+PLOMBIER+CHAUFFAGISTE/data=!4m7!3m6!1s0x47e67363c3ada23d:0x92e812d50c82699!8m2!3d48.8534441!4d2.43428!16s%2Fg%2F11m9sz07s4!19sChIJPaKtw2Nz5kcRmSbIUC2BLgk?authuser=0&hl=fr&rclk=1,E.B.P ARTISAN PLOMBIER CHAUFFAGISTE,"4,9",-181,Chauffagiste,83 Rue Kléber,07 87 26 41 51,https://www.ebp-artisan-plombier.com/
https://www.google.com/maps/place/Lek+Services+:+Plombier+Chauffagiste+%C3%A0+Romainville+93230/data=!4m7!3m6!1s0xabad261f8fd3e1f7:0x756817d4e6a39c5a!8m2!3d48.873594!4d2.4601299!16s%2Fg%2F11wtlhxycl!19sChIJ9-HTjx8mrasRWpyj5tQXaHU?authuser=0&hl=fr&rclk=1,Lek Services : Plombier Chauffagiste à Romainville 93230,5,-22,Plombier,·,06 12 20 02 15,https://lek-services.fr/
"https://www.google.com/maps/place/SPCC,+%C3%A9tudes+et+r%C3%A9alisations+de+travaux+en+Chauffage+Ventilation+Climatisation/data=!4m7!3m6!1s0x47e66d836609928b:0x11fc27dcfa16934!8m2!3d48.8628855!4d2.4080087!16s%2Fg%2F11gd395zcx!19sChIJi5IJZoNt5kcRNGmhz33CHwE?authuser=0&hl=fr&rclk=1","SPCC, études et réalisations de travaux en Chauffage Ventilation Climatisation",5,-2,Plombier,160 Rue de Bagnolet,01 42 55 76 72,
https://www.google.com/maps/place/Atelier+du+B%C3%A2timent+-+DIRECT+%C3%89CONOMIE/data=!4m7!3m6!1s0x47e66dd8c7159d53:0x385d26c21fef5529!8m2!3d48.8610252!4d2.4188634!16s%2Fg%2F11b6d5kgmc!19sChIJU50Vx9ht5kcRKVXvH8ImXTg?authuser=0&hl=fr&rclk=1,Atelier du Bâtiment - DIRECT ÉCONOMIE,"3,6",-136,Chauffagiste,67-79 Av. de la République,01 77 37 21 55,