niche_source,company_name,google_maps_url,google_rating,google_review_count,category_google,address,city,phone,website,niche_assigned,city_matched,city_match_method,competitors_count_lsa,_db_id,_db_call_count,_db_existing_custom_fields
bardage,"SIRAM Caen - Installation Fenêtres, Portes, Portails, Pergolas, Carports, Volets Menuiserie extérieure PVC, alu et bois","https://www.google.com/maps/place/SIRAM+Caen+-+Installation+Fen%C3%AAtres,+Portes,+Portails,+Pergolas,+Carports,+Volets+Menuiserie+ext%C3%A9rieure+PVC,+alu+et+bois/data=!4m7!3m6!1s0x480a6ffb50c7c949:0x6872bab7fd348c4f!8m2!3d49.1787348!4d-0.2174157!16s%2Fg%2F1v0lk4tb!19sChIJScnHUPtvCkgRT4w0_be6cmg?authuser=0&hl=fr&rclk=1",4.5,201,Menuisier,·,,0231390808,https://www.siram.fr/,cloture,Caen,name,2,47d5c8ac-0a86-4b37-a82a-1104d1e92c68,0,{}
bardage,Selection Bois,https://www.google.com/maps/place/Selection+Bois/data=!4m7!3m6!1s0x480571d9d5a98225:0x869933631dcf9a41!8m2!3d47.1890153!4d-2.1473796!16s%2Fg%2F1tfcbk4n!19sChIJJYKp1dlxBUgRQZrPHWMzmYY?authuser=0&hl=fr&rclk=1,4.8,57,Magasin de materiaux de construction,·,,0259102259,https://www.selection-bois.com/,bardage,Saint-Nazaire,gps_10km,2,580c69c2-dd6a-4dc2-af33-f9bc01737987,0,{}
bardage,Clôture Bardage Pro - M. Lorrain,https://www.google.com/maps/place/Cl%C3%B4ture+Bardage+Pro+-+M.+Lorrain/data=!4m7!3m6!1s0x4fd86315ca8413c7:0xf8e21e26277e9b76!8m2!3d49.352436!4d2.742502!16s%2Fg%2F11yd1zlzv9!19sChIJxxOEyhVj2E8Rdpt-JyYe4vg?authuser=0&hl=fr&rclk=1,5.0,17,Entrepreneur spécialisé dans les clôtures,764 Rue de la Pantoufière,,0749981786,,cloture,Compiègne,gps_9km,0,fab3557b-e1d4-4382-87a8-300d5027ec0c,0,{}
bardage,ID Bois - Terrasse - Clôture - Bardage - Abris - Carport - Parquet - Lambris - Sol stratifié - Sol Vinyle,https://www.google.com/maps/place/ID+Bois+-+Terrasse+-+Cl%C3%B4ture+-+Bardage+-+Abris+-+Carport+-+Parquet+-+Lambris+-+Sol+stratifi%C3%A9+-+Sol+Vinyle/data=!4m7!3m6!1s0x4805eb996a7baec5:0x9bd68bcf76780342!8m2!3d47.1877623!4d-1.5935584!16s%2Fg%2F113h1gdr5!19sChIJxa57apnrBUgRQgN4ds-L1ps?authuser=0&hl=fr&rclk=1,4.9,126,Négociant en bois,·,,0251706620,https://www.idbois.com/,cloture,Rezé,gps_1km,1,4741e86c-4849-4779-9a04-18d6b49c9313,0,{}
chauffagiste,A2G- Plombier a Rennes,https://www.google.com/maps/place/A2G-+Plombier+a+Rennes/data=!4m7!3m6!1s0x12b5ec46e3a93d13:0x32c7afedc92fa78b!8m2!3d48.1205077!4d-1.6657872!16s%2Fg%2F1tg2gwcf!19sChIJEz2p40bstRIRi6cvye2vxzI?authuser=0&hl=fr&rclk=1,4.6,38,Plombier,Rue de Fougères bis 90,,0679621725,http://www.a2gplomberie.fr/,chauffagiste,Rennes,name,2,e5dadfaf-e75a-4786-b033-4334aaec5fb6,0,{}
chauffagiste,SDG Services Chauffage Plomberie,https://www.google.com/maps/place/SDG+Services+Chauffage+Plomberie/data=!4m7!3m6!1s0x480edfb66a9bf2bb:0x8d384d0215c387ea!8m2!3d48.1250851!4d-1.6367723!16s%2Fg%2F11px8jdnc9!19sChIJu_KbarbfDkgR6ofDFQJNOI0?authuser=0&hl=fr&rclk=1,4.8,76,Chauffagiste,"Square de l, 5 Sq. Amiral André Roux",,0695423261,https://sdg-chauffage.fr/,chauffagiste,Rennes,gps_3km,2,cc0409fd-c94c-45d8-a9c8-0c7fd18b45ec,0,{}
chauffagiste,Artisan Dépannage des Usagers,https://www.google.com/maps/place/Artisan+D%C3%A9pannage+des+Usagers/data=!4m7!3m6!1s0x480ede24b3a797e7:0xda2fd5eb86f085f3!8m2!3d48.0884167!4d-1.6391781!16s%2Fg%2F1tg39hg_!19sChIJ55ensyTeDkgR84XwhuvVL9o?authuser=0&hl=fr&rclk=1,4.9,156,Chauffagiste,5 Rue Jean Monnet,,0698753535,http://www.depannage-electricite-plomberie-rennes.fr/,chauffagiste,Rennes,gps_3km,2,40df769d-6b0c-481d-8e45-3a5b9575ab3c,0,{}
chauffagiste,A.D.M Chauffage et Plomberie,https://www.google.com/maps/place/A.D.M+Chauffage+et+Plomberie/data=!4m7!3m6!1s0x480ee22b7dd3ffff:0xb343ed06bc40d1f9!8m2!3d48.0869902!4d-1.7394412!16s%2Fg%2F11pzklfmw5!19sChIJ___TfSviDkgR-dFAvAbtQ7M?authuser=0&hl=fr&rclk=1,4.9,117,Chauffagiste,·,,0783127394,https://www.adm-chauffageetplomberie.fr/contact,chauffagiste,Rennes,gps_5km,2,3425bdfc-4984-49e6-b595-635c760a7f90,0,{}
chauffagiste,"RG Énergies 35 – Plomberie, Chauffage, Électricité – Cintré / Rennes.","https://www.google.com/maps/place/RG+%C3%89nergies+35+%E2%80%93+Plomberie,+Chauffage,+%C3%89lectricit%C3%A9+%E2%80%93+Cintr%C3%A9+%2F+Rennes./data=!4m7!3m6!1s0x411895cb48a663a3:0x81d2af3c3dbfa448!8m2!3d48.103808!4d-1.886057!16s%2Fg%2F11vf0zdf5g!19sChIJo2OmSMuVGEERSKS_PTyv0oE?authuser=0&hl=fr&rclk=1",5.0,12,Plombier,20 La Barbais,,0602521579,https://www.google.com/aclk?sa=L&ai=DChsSEwiV4-mZvL2UAxUojWgJHQetCOcYACICCAEQAhoCd2Y&co=1&ase=2&gclid=CjwKCAjwq6DQBhBVEiwA4ZD5XM465eYn_-Io2X0jXn45-R4sg3asVcT2J2FNWtuWfvgakc4tAgyY2hoCVhwQAvD_BwE&cce=2&category=acrcp_v1_32&sig=AOD64_0eJK8WX90Q3WZ_YGhfapB7QLVs6A&adurl&q&ctype=99&nis=6,chauffagiste,Rennes,name,2,4a0ff738-066a-46dc-a80e-a06ec824ecdb,0,{}
chauffagiste,LESPRIT REIGNER,https://www.google.com/maps/place/LESPRIT+REIGNER/data=!4m7!3m6!1s0x480edf3d33da24d9:0x4efeba6c6d0d044!8m2!3d48.0969251!4d-1.6523305!16s%2Fg%2F11j4lp0sjd!19sChIJ2STaMz3fDkgRRNDQxqbr7wQ?authuser=0&hl=fr&rclk=1,5.0,52,Plombier,"4 Rue le Dantec, 16 Rue du pré du bois",,0614300120,https://lesprit-reigner.fr/,chauffagiste,Rennes,gps_2km,2,89540972-d8a7-4178-b63c-f9837b78e3aa,0,{}
chauffagiste,"Grange et Fils, Philippe & Valentin","https://www.google.com/maps/place/Grange+et+Fils,+Philippe+%26+Valentin/data=!4m7!3m6!1s0x480edfcfa36b7635:0xc3571525232daa3c!8m2!3d48.0993416!4d-1.6825334!16s%2Fg%2F11btlsklhc!19sChIJNXZro8_fDkgRPKotIyUVV8M?authuser=0&hl=fr&rclk=1",4.9,92,Chauffagiste,32 Rue André Desilles,,0672376428,,chauffagiste,Rennes,gps_1km,2,75f11d91-b604-45c8-8508-f5a08ff5a35e,0,{}
chauffagiste,EURL BOISRAME COURSELAUD,https://www.google.com/maps/place/EURL+BOISRAME+COURSELAUD/data=!4m7!3m6!1s0x480edfaadc1353a9:0xc13891599ec743af!8m2!3d48.0959115!4d-1.6698499!16s%2Fg%2F11gsbgpkn4!19sChIJqVMT3KrfDkgRr0PHnlmROME?authuser=0&hl=fr&rclk=1,4.7,14,Chauffagiste,19 Rue Glais Bizoin,,0299504163,http://www.boisrame-courselaud.fr/,chauffagiste,Rennes,gps_1km,2,6ab8442a-6f19-45a6-a6cd-d3952f5a8f9a,0,{}
chauffagiste,"ELITHERME : Plombier, Chauffagiste, Électricien, Carreleur, Salle de bain - Rennes","https://www.google.com/maps/place/ELITHERME+:+Plombier,+Chauffagiste,+%C3%89lectricien,+Carreleur,+Salle+de+bain+-+Rennes/data=!4m7!3m6!1s0x480edfd2165da26d:0xea6d4a06c6b399a6!8m2!3d48.137999!4d-1.6722948!16s%2Fg%2F11k2k3vlfl!19sChIJbaJdFtLfDkgRppmzxgZKbeo?authuser=0&hl=fr&rclk=1",4.8,40,Plombier,4 All. de l'équinoxe,,0788076996,http://elitherme.fr/,chauffagiste,Rennes,name,2,28bf967d-ead4-4872-87b2-8b05ef0c26cc,0,{}
chauffagiste,Oger & Fils,https://www.google.com/maps/place/Oger+%26+Fils/data=!4m7!3m6!1s0x480879952e45392f:0xa2bbc4673d3c4641!8m2!3d47.4725511!4d-0.5538837!16s%2Fg%2F11fktrs940!19sChIJLzlFLpV5CEgRQUY8PWfEu6I?authuser=0&hl=fr&rclk=1,4.8,22,Chauffagiste,27 Rue Bodinier,,0241876929,https://www.plombier-chauffagiste-oger.com/,chauffagiste,Angers,gps_0km,2,5b040d65-f118-4404-92ee-867c7584ba4b,0,{}
chauffagiste,Entreprise Le Mener - Plombier Chauffagiste - Angers,https://www.google.com/maps/place/Entreprise+Le+Mener+-+Plombier+Chauffagiste+-+Angers/data=!4m7!3m6!1s0x480879d7317a77bd:0x320e9761a733b907!8m2!3d47.5071666!4d-0.5081458!16s%2Fg%2F11q43nwtg2!19sChIJvXd6Mdd5CEgRB7kzp2GXDjI?authuser=0&hl=fr&rclk=1,4.7,39,Chauffagiste,·,,0241257400,http://www.lemener.fr/,chauffagiste,Angers,name,2,35a000e3-4d3a-485f-b542-72a41eda2bce,0,{}
chauffagiste,Artisan plombier Dépannage 49,https://www.google.com/maps/place/Artisan+plombier+D%C3%A9pannage+49/data=!4m7!3m6!1s0x48087997f9a0cd81:0x33b182236c9732c1!8m2!3d47.474864!4d-0.5293898!16s%2Fg%2F11y8bb_q2v!19sChIJgc2g-Zd5CEgRwTKXbCOCsTM?authuser=0&hl=fr&rclk=1,4.8,32,Chauffagiste,21 Rue Edouard et Renée Coeffard,,0649959426,https://artisanplombierdepannage49.fr/,chauffagiste,Angers,gps_1km,2,38dd736c-c5d3-4d9d-94e4-4886ae8f6ef4,0,{}
chauffagiste,Societe Nicolas HUCHET,https://www.google.com/maps/place/Societe+Nicolas+HUCHET/data=!4m7!3m6!1s0x48087a2e619c565f:0x1bf8adfce645e1a2!8m2!3d47.5080218!4d-0.5158786!16s%2Fg%2F11btlsq77p!19sChIJX1acYS56CEgRouFF5vyt-Bs?authuser=0&hl=fr&rclk=1,4.9,129,Chauffagiste,25 bis Rte d'Angers,,0241937439,https://www.nicolas-huchet.fr/,chauffagiste,Angers,name,2,edde58bf-9d83-4946-a014-5272ce00270d,0,{}
chauffagiste,A.P.C.C 49 - Artisan - Plomberie - Chauffage - Climatisation,https://www.google.com/maps/place/A.P.C.C+49+-+Artisan+-+Plomberie+-+Chauffage+-+Climatisation/data=!4m7!3m6!1s0x4fde3c9c88a1ec35:0xf0a5dd6c44420c5e!8m2!3d47.432268!4d-0.5298328!16s%2Fg%2F11smzw9qd5!19sChIJNeyhiJw83k8RXgxCRGzdpfA?authuser=0&hl=fr&rclk=1,5.0,22,Chauffagiste,6 Chem. du Petit Pouillé,,0783040654,,chauffagiste,Angers,gps_4km,2,9eedea46-d9b2-4eea-9daa-6dede73b6fc4,0,{}
chauffagiste,La Belle Plomberie Angevine,https://www.google.com/maps/place/La+Belle+Plomberie+Angevine/data=!4m7!3m6!1s0x8404260c89159751:0xa8377a46989c7820!8m2!3d47.4794893!4d-0.5613892!16s%2Fg%2F11svbskkpv!19sChIJUZcViQwmBIQRIHicmEZ6N6g?authuser=0&hl=fr&rclk=1,4.9,35,Plombier,28 Bd Daviers,,0763906880,https://lbpa.fr/,chauffagiste,Angers,gps_0km,2,8581160f-bf73-4a68-9483-61f4c4a5da74,0,{}
chauffagiste,Loire Chauffage Solaire,https://www.google.com/maps/place/Loire+Chauffage+Solaire/data=!4m7!3m6!1s0x480879193e108d13:0xd55cfc104f440cd2!8m2!3d47.4769658!4d-0.5101125!16s%2Fg%2F11r112lrzk!19sChIJE40QPhl5CEgR0gxETxD8XNU?authuser=0&hl=fr&rclk=1,4.9,39,Chauffagiste,·,,0241177522,https://loirechauffagesolaire.fr/,chauffagiste,Angers,gps_3km,2,78b0647d-c07f-47e7-bf34-2b128baecae8,0,{}
chauffagiste,ATC,https://www.google.com/maps/place/ATC/data=!4m7!3m6!1s0x4808790e1fd3b0c1:0xfebd351ddba9880c!8m2!3d47.4349566!4d-0.5030482!16s%2Fg%2F11nnf5s5ht!19sChIJwbDTHw55CEgRDIip2x01vf4?authuser=0&hl=fr&rclk=1,5.0,28,Chauffagiste,·,,0241422123,http://www.atc-sarl.fr/?utm_source=gmb,chauffagiste,Angers,gps_5km,2,14bff0d3-afe0-49f2-a106-39410a95b8b4,0,{}
chauffagiste,Bicycl'eau Angers - Votre plombier à vélo (dépannage et installation),https://www.google.com/maps/place/Bicycl%27eau+Angers+-+Votre+plombier+%C3%A0+v%C3%A9lo+%28d%C3%A9pannage+et+installation%29/data=!4m7!3m6!1s0x25030197c7fa8b5:0x36123c1b3675e193!8m2!3d47.4713371!4d-0.5235602!16s%2Fg%2F11lcq2mnrx!19sChIJtah_fBkwUAIRk-F1Nhs8EjY?authuser=0&hl=fr&rclk=1,5.0,94,Plombier,"Ateliers partagés Pepina, 6 Rue Guillaume Lekeu",,0651782923,http://www.angers.bicycleau.fr/,chauffagiste,Angers,name,2,297f0128-3550-4f7b-823f-bac862edcb1f,0,{}
chauffagiste,PETITEAU,https://www.google.com/maps/place/PETITEAU/data=!4m7!3m6!1s0x48087838abd1850d:0x1754038fbce444d5!8m2!3d47.4753661!4d-0.5056607!16s%2Fg%2F1tdc95jm!19sChIJDYXRqzh4CEgR1UTkvI8DVBc?authuser=0&hl=fr&rclk=1,4.6,53,Chauffagiste,5 Rue du Patis,,0241312240,https://www.petiteau-angers.fr/,chauffagiste,Angers,gps_3km,2,bebaf526-d649-4f81-a10b-6f37da21faa0,0,{}
chauffagiste,Electricité Plomberie Chauffage - GS Climatech,https://www.google.com/maps/place/Electricit%C3%A9+Plomberie+Chauffage+-+GS+Climatech/data=!4m7!3m6!1s0x29f14f5ea7072a21:0x9bfedf211c8e5be7!8m2!3d47.5065163!4d-0.5175805!16s%2Fg%2F11v_0cwjnp!19sChIJISoHp15P8SkR51uOHCHf_ps?authuser=0&hl=fr&rclk=1,5.0,209,Chauffagiste,·,,0630013851,,chauffagiste,Angers,gps_4km,2,d06045e6-acb0-4ba5-b039-d0f7d9339060,0,{}
chauffagiste,ANJOU TFP PLOMBERIE,https://www.google.com/maps/place/ANJOU+TFP+PLOMBERIE/data=!4m7!3m6!1s0x4807d5a107e4bcbf:0x3d34288c1a2c7176!8m2!3d47.4253072!4d-0.610347!16s%2Fg%2F11b6c9ntyj!19sChIJv7zkB6HVB0gRdnEsGowoND0?authuser=0&hl=fr&rclk=1,4.8,77,Chauffagiste,2 Imp. de la Bayotière,,0623467622,https://www.anjou-tfp-plomberie.fr/,chauffagiste,Angers,gps_6km,2,54d294a3-4fef-4d57-9866-bfd1ad5eec40,0,{}
chauffagiste,Les plombiers déboucheurs,https://www.google.com/maps/place/Les+plombiers+d%C3%A9boucheurs/data=!4m7!3m6!1s0x843fa9f147dac07f:0xb681f605aa9c9427!8m2!3d47.4398534!4d-0.5270731!16s%2Fg%2F11l36qvtm8!19sChIJf8DaR_GpP4QRJ5ScqgX2gbY?authuser=0&hl=fr&rclk=1,4.9,248,Plombier,60 Rue du 11 Novembre,,0744784428,https://lesplombiersdeboucheurs.com/,chauffagiste,Angers,gps_4km,2,9859995b-2181-43c1-a544-9dadd96ae8a8,0,{}
chauffagiste,Entreprise Mahé SARL,https://www.google.com/maps/place/Entreprise+Mah%C3%A9+SARL/data=!4m7!3m6!1s0x480878c59472ced5:0xcb7f4f38f3792b62!8m2!3d47.4921097!4d-0.5718466!16s%2Fg%2F11d_pv5fr3!19sChIJ1c5ylMV4CEgRYit58zhPf8s?authuser=0&hl=fr&rclk=1,4.7,43,Chauffagiste,140 Rue Renée,,0241876052,http://www.entreprise-mahe.com/?utm_source=gmb,chauffagiste,Angers,gps_2km,2,9d0a9a3d-441e-48ea-94a0-571903d2be3b,0,{}
chauffagiste,SA BT plomberie chauffage électricité,https://www.google.com/maps/place/SA+BT+plomberie+chauffage+%C3%A9lectricit%C3%A9/data=!4m7!3m6!1s0x4805ecab68013c71:0x65724dc2067b68d7!8m2!3d47.4173067!4d-0.8544096!16s%2Fg%2F11hb2qf441!19sChIJcTwBaKvsBUgR12h7BsJNcmU?authuser=0&hl=fr&rclk=1,4.9,63,Chauffagiste,·,,0783882525,http://www.bt-plomberie.fr/,chauffagiste,Angers,gps_23km,2,bfbaf5f3-b57f-40f0-8b01-00c5d8401443,1,{}
chauffagiste,Bruce Barelly plomberie et chauffage,https://www.google.com/maps/place/Bruce+Barelly+plomberie+et+chauffage/data=!4m7!3m6!1s0x4807d770113b5d97:0x360f6d3b3e4d80e4!8m2!3d47.481896!4d-0.5629347!16s%2Fg%2F11h2p60717!19sChIJl107EXDXB0gR5IBNPjttDzY?authuser=0&hl=fr&rclk=1,5.0,93,Chauffagiste,·,,0637173774,,chauffagiste,Angers,gps_1km,2,b5569f39-4ef0-4320-8e65-918527b01e98,0,{}
chauffagiste,Odant Plomberie,https://www.google.com/maps/place/Odant+Plomberie/data=!4m7!3m6!1s0x480153cf423af101:0xe7c5620468993b61!8m2!3d46.1550585!4d-1.1509003!16s%2Fg%2F11hz0rp0bc!19sChIJAfE6Qs9TAUgRYTuZaARixec?authuser=0&hl=fr&rclk=1,4.8,35,Chauffagiste,5 Pl. des Coureauleurs,,0615091730,https://www.odantplomberie.fr/,chauffagiste,La Rochelle,gps_0km,2,685697c0-7b1a-480f-be1d-515801d522f1,0,{}
chauffagiste,APC Home,https://www.google.com/maps/place/APC+Home/data=!4m7!3m6!1s0x480154a34c89bda1:0xb97c29fa377169c2!8m2!3d46.189533!4d-1.146322!16s%2Fg%2F1ttpg86c!19sChIJob2JTKNUAUgRwmlxN_opfLk?authuser=0&hl=fr&rclk=1,4.7,64,Plombier,·,,0546509802,http://www.apc-home.fr/,chauffagiste,La Rochelle,gps_3km,2,cc24acde-0874-4770-80bd-9ff2ddcbf1dd,0,{}
chauffagiste,Plisson Plomberie Chauffage,https://www.google.com/maps/place/Plisson+Plomberie+Chauffage/data=!4m7!3m6!1s0x4806adbe03100ae5:0x27bef43d82ea81ee!8m2!3d46.2066588!4d-1.1655681!16s%2Fg%2F11h77ppc3c!19sChIJ5QoQA76tBkgR7oHqgj30vic?authuser=0&hl=fr&rclk=1,4.8,91,Plombier,9 Rue du Treuil Boulard,,0652190592,http://www.artipole.fr/nos-artisans-artipole/entreprise-plisson-frederic,chauffagiste,La Rochelle,gps_5km,2,6591cd7f-8004-4919-a0e4-4c0b10fa1dee,0,{}
chauffagiste,EURL LVP ANGOULINS,https://www.google.com/maps/place/EURL+LVP+ANGOULINS/data=!4m7!3m6!1s0xa56c2aadd206c83b:0x4b74832e948e71ab!8m2!3d46.1005355!4d-1.1068101!16s%2Fg%2F11styj_26r!19sChIJO8gG0q0qbKURq3GOlC6DdEs?authuser=0&hl=fr&rclk=1,5.0,184,Chauffagiste,25 ter Av. du Général de Gaulle,,0695426796,https://lvp17plomberie.fr/,chauffagiste,La Rochelle,gps_7km,2,11b2bfea-5e83-400c-87ad-f48d71185bd8,0,{}
chauffagiste,APCS Derrien,https://www.google.com/maps/place/APCS+Derrien/data=!4m7!3m6!1s0x4805650afb54f881:0x326109bfb56313f8!8m2!3d47.2927899!4d-2.1955679!16s%2Fg%2F11f6dm1_mp!19sChIJgfhU-wplBUgR-BNjtb8JYTI?authuser=0&hl=fr&rclk=1,4.7,58,Plombier,30 Rue Albert Thomas,,0244735758,https://www.facebook.com/plomberie.chauffage.stnazaire/#,chauffagiste,Saint-Nazaire,gps_2km,2,b1196c37-5c92-4b48-8cbf-d7fd5a4c1c13,0,{}
chauffagiste,"Plombier Trav'eau Renov Saint Nazaire Dépannage, Chauffe-Eau Rénovation Salle de Bains","https://www.google.com/maps/place/Plombier+Trav%27eau+Renov+Saint+Nazaire+D%C3%A9pannage,+Chauffe-Eau+R%C3%A9novation+Salle+de+Bains/data=!4m7!3m6!1s0x4805693a8ccce351:0x9b281f0ad9681edc!8m2!3d47.3113534!4d-2.3246799!16s%2Fg%2F11qp56zvnw!19sChIJUePMjDppBUgR3B5o2QofKJs?authuser=0&hl=fr&rclk=1",4.9,436,Chauffagiste,·,,0624060604,https://www.plombierdepannage44600.fr/?utm_source=gmb,chauffagiste,Saint-Nazaire,name,2,144b00a7-46d6-4d63-aec0-67a0870736d4,0,{}
chauffagiste,Afnec,https://www.google.com/maps/place/Afnec/data=!4m7!3m6!1s0x48056598a8f805eb:0xc129728d5358fe98!8m2!3d47.2903477!4d-2.2034195!16s%2Fg%2F1td0s7mn!19sChIJ6wX4qJhlBUgRmP5YU41yKcE?authuser=0&hl=fr&rclk=1,4.7,29,Plombier,12 Rue Jules Busson,,0629696169,https://www.facebook.com/sarlafnec/?utm_source=gmb,chauffagiste,Saint-Nazaire,gps_2km,2,8de98b69-a2a5-46e8-9cdd-b53fc1e8d619,0,{}
chauffagiste,Atlantis Thermique et Sanitaire,https://www.google.com/maps/place/Atlantis+Thermique+et+Sanitaire/data=!4m7!3m6!1s0x48057bdf55b50727:0x40f6dc34cef30d20!8m2!3d47.2615954!4d-2.2380137!16s%2Fg%2F11hbg9vzsy!19sChIJJwe1Vd97BUgRIA3zzjTc9kA?authuser=0&hl=fr&rclk=1,4.8,15,Plombier,41 Rue Ambroise Paré,,0629594151,,chauffagiste,Saint-Nazaire,gps_2km,2,0418bcba-82e6-4f78-a856-1461521c8b12,0,{}
chauffagiste,SARL SKB ENERGIE,https://www.google.com/maps/place/SARL+SKB+ENERGIE/data=!4m7!3m6!1s0x47e613a75c0869b9:0x970dd9fa32776b3f!8m2!3d48.8969551!4d2.4949337!16s%2Fg%2F11rx2534bh!19sChIJuWkIXKcT5kcRP2t3MvrZDZc?authuser=0&hl=fr&rclk=1,5.0,3,Chauffagiste,188 Rue Louis Auguste Blanqui,,0617842608,,chauffagiste,Bondy,gps_1km,2,234a4bcd-e9ac-4fef-9333-ae60074b13aa,1,{}
cloture,Clôtures Nantaises,https://www.google.com/maps/place/Cl%C3%B4tures+Nantaises/data=!4m7!3m6!1s0x4805efdd86f83b0f:0x83856f71e4258518!8m2!3d47.2629578!4d-1.4985572!16s%2Fg%2F11txzq5731!19sChIJDzv4ht3vBUgRGIUl5HFvhYM?authuser=0&hl=fr&rclk=1,4.9,33,Entrepreneur spécialisé dans les clôtures,5 Rue du Tertre Bâtiment C,,0240680415,https://www.clotures-nantaises.fr/,cloture,Nantes,gps_6km,2,fb4adb26-0410-4067-9526-2c0af9affaa3,0,{}
cloture,Créa Clos,https://www.google.com/maps/place/Cr%C3%A9a+Clos/data=!4m7!3m6!1s0x4805e8901dcad4b7:0xb1efafee1f5936a2!8m2!3d47.2552615!4d-1.4735539!16s%2Fg%2F11c6lvlb1y!19sChIJt9TKHZDoBUgRojZZH-6v77E?authuser=0&hl=fr&rclk=1,4.6,16,Entrepreneur spécialisé dans les clôtures,7 Rue de Copenhague,,0781802380,https://www.creaclos.com/,cloture,Nantes,gps_7km,2,e23dd15a-2a57-4ad1-acc7-1937a44f8fad,0,{}
cloture,AXOMA,https://www.google.com/maps/place/AXOMA/data=!4m7!3m6!1s0x4805931352791497:0xb4ca0682491b2893!8m2!3d47.2577059!4d-1.6470813!16s%2Fg%2F1vxcvsyh!19sChIJlxR5UhOTBUgRkygbSYIGyrQ?authuser=0&hl=fr&rclk=1,4.5,127,Entrepreneur spécialisé dans les clôtures,·,,0228073095,https://www.axoma-44.com/,cloture,Saint-Herblain,gps_3km,2,30842292-2419-49a0-b784-c4b57116314a,0,{}
cloture,LMC Ouvertures,https://www.google.com/maps/place/LMC+Ouvertures/data=!4m7!3m6!1s0x4805ec17d0a535d9:0x15085c24830aa843!8m2!3d47.2175439!4d-1.5603468!16s%2Fg%2F113dllhfv!19sChIJ2TWl0BfsBUgRQ6gKgyRcCBU?authuser=0&hl=fr&rclk=1,4.8,32,Entrepreneur spécialisé dans les clôtures,10 Rue Mercœur,,0986291916,https://www.lmc-ouvertures.fr/,cloture,Nantes,gps_0km,2,5120017b-592b-4c46-b313-ce76a58a4cb4,0,{}
cloture,Daniel Moquet signe vos clôtures - Ent. Gingreau,https://www.google.com/maps/place/Daniel+Moquet+signe+vos+cl%C3%B4tures+-+Ent.+Gingreau/data=!4m7!3m6!1s0x4805e9ed650bc21b:0xa18d1b0298f7370f!8m2!3d47.1421424!4d-1.525066!16s%2Fg%2F11ft88pcdm!19sChIJG8ILZe3pBUgRDzf3mAIbjaE?authuser=0&hl=fr&rclk=1,5.0,31,Entrepreneur spécialisé dans les clôtures,·,,0228004913,https://www.moquet-clotures.com/cloture-portail/,cloture,Rezé,gps_6km,1,f542f029-acb5-4147-959f-1be62f464e51,0,{}
cloture,"Cs paysage - entretien de jardin (particulier et entreprise) et création paysagère (clôture, terrasse, allée, terrassement)","https://www.google.com/maps/place/Cs+paysage+-+entretien+de+jardin+%28particulier+et+entreprise%29+et+cr%C3%A9ation+paysag%C3%A8re+%28cl%C3%B4ture,+terrasse,+all%C3%A9e,+terrassement%29/data=!4m7!3m6!1s0x7a1738884a5336b:0x42d29aee8b9f1da4!8m2!3d47.2334081!4d-1.644728!16s%2Fg%2F11nx2t_fsr!19sChIJazOlhIhzoQcRpB2fi-6a0kI?authuser=0&hl=fr&rclk=1",4.8,44,Paysagiste,22 Rue du Moulin de la Rousselière,,0251771575,https://paysagiste.confortservices.net/,cloture,Saint-Herblain,gps_1km,2,d81d00b1-6f58-4442-87b6-b4b90ece7b3b,0,{}
cloture,ESPACE CLOTURE NANTES,https://www.google.com/maps/place/ESPACE+CLOTURE+NANTES/data=!4m7!3m6!1s0x48060bb10cde956d:0xcc8209e9772ef9f!8m2!3d47.1812875!4d-1.259352!16s%2Fg%2F1tftqgk2!19sChIJbZXeDLELBkgRn-9yl54gyAw?authuser=0&hl=fr&rclk=1,4.6,7,Entrepreneur spécialisé dans les clôtures,10 Rue des Potiers,,0251717676,https://www.espace-cloture.fr/,cloture,Nantes,name,2,d165dc5b-7a7a-4c8e-8acc-e5da8724a9e4,0,{}
cloture,L'Expert Fenêtre Bournigal SARL,https://www.google.com/maps/place/L%27Expert+Fen%C3%AAtre+Bournigal+SARL/data=!4m7!3m6!1s0x4805ec6719334883:0x421bb30108a91ca4!8m2!3d47.2204306!4d-1.5955575!16s%2Fg%2F1tf69f3r!19sChIJg0gzGWfsBUgRpBypCAGzG0I?authuser=0&hl=fr&rclk=1,4.8,129,Entrepreneur spécialisé dans les clôtures,Pl. d'Oradour-sur-Glâne,,0221831485,https://www.bournigalsarl.fr/?utm_source=gmb,cloture,Saint-Herblain,gps_2km,2,4870325e-8f5f-4059-8d79-37aa8f8295a4,0,{}
cloture,Clôture Leybros,https://www.google.com/maps/place/Cl%C3%B4ture+Leybros/data=!4m7!3m6!1s0x8c1e06124bc7479:0xa56a5eb9eff5655!8m2!3d50.483644!4d3.0009189!16s%2Fg%2F11rsr1rs42!19sChIJeXS8JGHgwQgRVVb_nuulVgo?authuser=0&hl=fr&rclk=1,4.9,100,Entrepreneur spécialisé dans les clôtures,Rue Fernand Darchicourt,,0787676121,https://www.clotureleybros.com/,cloture,Lille,gps_17km,0,921e5a92-2c1a-454e-a1c0-3d6c01e2e2b7,0,{}
cloture,Etablissements Decuyper - Sodam Decuyper,https://www.google.com/maps/place/Etablissements+Decuyper+-+Sodam+Decuyper/data=!4m7!3m6!1s0x47c32ee536761311:0x588663c5940e6717!8m2!3d50.7509766!4d3.1509802!16s%2Fg%2F11btmq2vlt!19sChIJERN2NuUuw0cRF2cOlMVjhlg?authuser=0&hl=fr&rclk=1,4.9,80,Entrepreneur spécialisé dans les clôtures,10 Rue Jean Fievet,,0320942380,http://www.sodam-decuyper.fr/,cloture,Tourcoing,gps_3km,0,dc99aeb9-3fc8-42b2-9d61-930d707e0ef7,0,{}
cloture,Concept Elagage & Clôtures,https://www.google.com/maps/place/Concept+Elagage+%26+Cl%C3%B4tures/data=!4m7!3m6!1s0x47c3268ca4949343:0x77ad76e4a8723d8b!8m2!3d50.6971777!4d3.2585838!16s%2Fg%2F11bbx0b7zn!19sChIJQ5OUpIwmw0cRiz1yqOR2rXc?authuser=0&hl=fr&rclk=1,4.7,26,Entrepreneur spécialisé dans les clôtures,29 Rue du Plouys,,0631042675,https://www.elagage-clotures-nord.fr/,cloture,Wattrelos,gps_3km,2,78f52ede-dfae-4f59-89db-434951f6bc31,0,{}
cloture,DISTRICLOS Bretagne,https://www.google.com/maps/place/DISTRICLOS+Bretagne/data=!4m7!3m6!1s0x480ee7d3e8450939:0xad6c1404d84cc39b!8m2!3d48.217554!4d-1.745402!16s%2Fg%2F11sjcglvmn!19sChIJOQlF6NPnDkgRm8NM2AQUbK0?authuser=0&hl=fr&rclk=1,4.8,85,Magasin de matériel pour clôtures,7 Rue du tram,,0219000390,https://www.google.com/aclk?sa=L&ai=DChsSEwj9qbna772UAxUhQkECHYLkKMIYACICCAEQAxoCd3M&co=1&ase=2&gclid=CjwKCAjwq6DQBhBVEiwA4ZD5XHMKTSCvIwEAWhZY39xyc2HXseJhD1j9jaliYjgU2RRAL4-uJs1vhhoC1ecQAvD_BwE&cce=2&category=acrcp_v1_32&sig=AOD64_0jxV8sQICVDOJVST3Beilrq9O3Cw&adurl&q&ctype=99&nis=6,cloture,Rennes,gps_12km,1,ec4b7616-21dc-45dc-8a54-8b7d6af5923b,0,{}
cloture,Clôtures Concept,https://www.google.com/maps/place/Cl%C3%B4tures+Concept/data=!4m7!3m6!1s0x480ee3c0dd6ff91f:0x5d010aaaae1cbfdb!8m2!3d48.1226507!4d-1.8034224!16s%2Fg%2F113dk11jj!19sChIJH_lv3cDjDkgR278crqoKAV0?authuser=0&hl=fr&rclk=1,4.8,28,Entrepreneur spécialisé dans les clôtures,·,,0299644040,http://www.clotures-concept.fr/,cloture,Rennes,gps_9km,1,545d15bd-274f-4ed7-96b5-11e576d13204,0,{}
cloture,Lambert Clôtures 35,https://www.google.com/maps/place/Lambert+Cl%C3%B4tures+35/data=!4m7!3m6!1s0x480ee7ba558c75ff:0xe2bfecb6f29c857!8m2!3d48.1992143!4d-1.7315055!16s%2Fg%2F11bwss3cqh!19sChIJ_3WMVbrnDkgRV8gpb8v-Kw4?authuser=0&hl=fr&rclk=1,4.6,39,Magasin de materiaux de construction,·,,0299130930,https://www.lambert-clotures.com/?utm_source=gmb,cloture,Rennes,gps_10km,1,ea910983-4d11-4b12-8a8d-9111abfe4270,0,{}
cloture,TIM - Clôtures Portails Motorisation Aluminium Plastiques,https://www.google.com/maps/place/TIM+-+Cl%C3%B4tures+Portails+Motorisation+Aluminium+Plastiques/data=!4m7!3m6!1s0x47e9756ff53f6645:0xffa21cdea2ee654b!8m2!3d49.2859265!4d4.0154287!16s%2Fg%2F1tgly9ct!19sChIJRWY_9W916UcRS2Xuot4cov8?authuser=0&hl=fr&rclk=1,4.6,41,Magasin de matériel pour clôtures,·,,0326879999,http://www.tim-sa.fr/,cloture,Reims,gps_3km,0,504c13c9-58ba-4042-b034-40b8335ae781,0,{}
cloture,SAS Lepoire,https://www.google.com/maps/place/SAS+Lepoire/data=!4m7!3m6!1s0x47e97566de01fb5d:0x194e6065e85664f8!8m2!3d49.2901012!4d4.0082854!16s%2Fg%2F1tmg5wp7!19sChIJXfsB3mZ16UcR-GRW6GVgThk?authuser=0&hl=fr&rclk=1,4.5,10,Entrepreneur spécialisé dans les clôtures,·,,0326092794,http://lepoire.fr/,cloture,Reims,gps_3km,0,ae03ba26-c0ce-42d9-9506-9bda11c81257,0,{}
cloture,BS Entreprise Reims / Travaux de Rénovation,https://www.google.com/maps/place/BS+Entreprise+Reims+%2F+Travaux+de+R%C3%A9novation/data=!4m7!3m6!1s0x47e976a96d409573:0xd680782bb27fd807!8m2!3d49.2145339!4d4.0672862!16s%2Fg%2F11c54nbtks!19sChIJc5VAbal26UcRB9h_sit4gNY?authuser=0&hl=fr&rclk=1,4.5,82,Entrepreneur spécialisé dans les clôtures,·,,0326876224,https://bs-entreprise-renovation-51.com/,cloture,Reims,name,0,b8599b02-0611-4656-81f4-1c372cfa62fa,0,{}
cloture,Clôtures Delaunay,https://www.google.com/maps/place/Cl%C3%B4tures+Delaunay/data=!4m7!3m6!1s0x47e03752a03905a7:0x4d5a6b993ddecfb2!8m2!3d49.519692!4d0.264249!16s%2Fg%2F11w2j90r0n!19sChIJpwU5oFI34EcRss_ePZlrWk0?authuser=0&hl=fr&rclk=1,4.8,63,Entrepreneur spécialisé dans les clôtures,10 Rue de la Briqueterie,,0235306019,http://www.cloturesdelaunay.fr/,cloture,Le Havre,gps_11km,2,5f9e574c-695e-447f-adb2-31e56b7f7543,0,{}
cloture,CLN HABITAT,https://www.google.com/maps/place/CLN+HABITAT/data=!4m7!3m6!1s0x47e025a03427ee27:0x16fd69f20a3cafb4!8m2!3d49.5696154!4d0.1309657!16s%2Fg%2F11pyc4p2vb!19sChIJJ-4nNKAl4EcRtK88CvJp_RY?authuser=0&hl=fr&rclk=1,5.0,41,Entrepreneur spécialisé dans les clôtures,·,,0786805443,http://www.clnhabitat.com/,cloture,Le Havre,gps_8km,2,5ab4b948-00df-4771-b5ff-b9b5a905ca88,0,{}
cloture,Daniel Moquet signe vos clôtures - Ent. Andrieux-Thorel,https://www.google.com/maps/place/Daniel+Moquet+signe+vos+cl%C3%B4tures+-+Ent.+Andrieux-Thorel/data=!4m7!3m6!1s0x47e0417bf34aac9f:0x503f3375f1337950!8m2!3d49.6528317!4d0.3619251!16s%2Fg%2F11tcjr4201!19sChIJn6xK83tB4EcRUHkz8XUzP1A?authuser=0&hl=fr&rclk=1,4.9,64,Entrepreneur spécialisé dans les clôtures,15 Rte de Fécamp,,0227308504,https://www.moquet-clotures.com/cloture-portail/,cloture,Le Havre,gps_25km,2,30be0216-867b-4729-b7e7-69d0556ec181,0,{}
cloture,A.H Fermetures SAS - Art & Fenêtres - Octeville-sur-Mer,https://www.google.com/maps/place/A.H+Fermetures+SAS+-+Art+%26+Fen%C3%AAtres+-+Octeville-sur-Mer/data=!4m7!3m6!1s0x47e025c353a6634b:0x3783551620e49653!8m2!3d49.5547187!4d0.1332454!16s%2Fg%2F11gnq9dxys!19sChIJS2OmU8Ml4EcRU5bkIBZVgzc?authuser=0&hl=fr&rclk=1,4.8,128,Entrepreneur spécialisé dans les clôtures,·,,0235432393,https://www.artetfenetres.com/revendeur/ah-fermetures/adresses-magasins/octeville-sur-mer-76930.html#contact/?utm_medium=referral&utm_source=gmb&utm_campaign=lnk-gmb,cloture,Le Havre,gps_7km,2,0d67fb8d-bc46-48bc-a9f1-e4679a2dc816,0,{}
cloture,BRISSET CLÔTURES/PORTAILS & PAYSAGES,https://www.google.com/maps/place/BRISSET+CL%C3%94TURES%2FPORTAILS+%26+PAYSAGES/data=!4m7!3m6!1s0x47e102a97d49151f:0xd7080cc4e2ea1e9e!8m2!3d49.3590064!4d0.8761787!16s%2Fg%2F11fzb226y9!19sChIJHxVJfakC4UcRnh7q4sQMCNc?authuser=0&hl=fr&rclk=1,4.7,53,Entrepreneur spécialisé dans les clôtures,26 Rte de Rouen,,0232568980,http://www.distributeur-cloture.com/,cloture,Rouen,name,2,84d9c319-3b27-4722-bc3f-4e8981e932bd,0,{}
cloture,DELORME ELAGAGE-ABATTAGE TAILLE DE HAIES ARBRES FRUITIERS TONTE DE PELOUSE ÉVACUATION Clôture,https://www.google.com/maps/place/DELORME+ELAGAGE-ABATTAGE+TAILLE+DE+HAIES+ARBRES+FRUITIERS+TONTE+DE+PELOUSE+%C3%89VACUATION+Cl%C3%B4ture/data=!4m7!3m6!1s0x47e78351dcbc361d:0x63f1f9d8d7ad0417!8m2!3d49.9075437!4d2.2602331!16s%2Fg%2F11f8jx3btz!19sChIJHTa83FGD50cRFwSt19j58WM?authuser=0&hl=fr&rclk=1,4.8,66,Service d'élagage,199 Rue de Dreuil,,0671659037,https://www.delorme-elagage-abattage.com/,cloture,Amiens,gps_2km,0,541c27e5-25dd-4886-b0fd-0b98b0ac8dfe,0,{}
cloture,Daniel Moquet signe vos clôtures - Ent. Vanhille,https://www.google.com/maps/place/Daniel+Moquet+signe+vos+cl%C3%B4tures+-+Ent.+Vanhille/data=!4m7!3m6!1s0x47e78185a35754e1:0xb896ee4212a473be!8m2!3d49.9468758!4d2.2203395!16s%2Fg%2F11ln2_g1cv!19sChIJ4VRXo4WB50cRvnOkEkLulrg?authuser=0&hl=fr&rclk=1,5.0,9,Entrepreneur spécialisé dans les clôtures,"ZAC de la Borne du Temps, 219 Allée de Camincourt 2",,0322382719,https://www.moquet-clotures.com/cloture-portail/,cloture,Amiens,gps_7km,0,c5b8e79c-27ec-49a6-9fbe-718921b09339,0,{}
cloture,JPP Automatismes - Portail,https://www.google.com/maps/place/JPP+Automatismes+-+Portail/data=!4m7!3m6!1s0x47e785df3e7e9831:0x3132ecae2c3b1486!8m2!3d49.8993803!4d2.3568104!16s%2Fg%2F11c5_2q43l!19sChIJMZh-Pt-F50cRhhQ7LK7sMjE?authuser=0&hl=fr&rclk=1,4.8,56,Fournisseur de portes de garage,·,,0322700606,https://www.jppa.fr/,cloture,Amiens,gps_4km,0,f66da2a9-64a9-4e91-a043-f92c5b73ccbc,0,{}
cloture,Cloture Louis,https://www.google.com/maps/place/Cloture+Louis/data=!4m7!3m6!1s0x4794dd2419ff6b27:0x464489bc36b6ecc7!8m2!3d49.1148967!4d6.2506665!16s%2Fg%2F11kblcdrc6!19sChIJJ2v_GSTdlEcRx-y2NryJREY?authuser=0&hl=fr&rclk=1,4.5,20,Entrepreneur spécialisé dans les clôtures,1 Rue des Ferblantiers,,0387523734,https://cloture-louis-57.fr/,cloture,Metz,gps_5km,2,73e8742e-2148-47db-994d-1cdf1ec8005b,0,{}
cloture,Simec - L'Atelier Simec,https://www.google.com/maps/place/Simec+-+L%27Atelier+Simec/data=!4m7!3m6!1s0x4794d93673186899:0xea28715f8d1cbbe7!8m2!3d49.1414714!4d6.1621149!16s%2Fg%2F1tp0cly4!19sChIJmWgYczbZlEcR57scjV9xKOo?authuser=0&hl=fr&rclk=1,4.6,11,Entrepreneur spécialisé dans les clôtures,·,,0387301076,http://www.lateliersimec.fr/,cloture,Metz,gps_2km,2,4c898736-3c6f-4861-bbc5-31a3768f4318,0,{}
cloture,Garden Clôtures,https://www.google.com/maps/place/Garden+Cl%C3%B4tures/data=!4m7!3m6!1s0x4794dd87357ed4cd:0x74c1c2d6b5cee335!8m2!3d49.110795!4d6.391161!16s%2Fg%2F11pz7dw1kj!19sChIJzdR-NYfdlEcRNePOtdbCwXQ?authuser=0&hl=fr&rclk=1,4.6,5,Magasin de matériel pour clôtures,6 Rue du Patural,,0652874895,,cloture,Metz,gps_15km,2,90fe9488-539c-480c-a884-c86e7c28b08f,0,{}
cloture,Clôture C.N.E Clôture.Normande.Européenne,https://www.google.com/maps/place/Cl%C3%B4ture+C.N.E+Cl%C3%B4ture.Normande.Europ%C3%A9enne/data=!4m7!3m6!1s0x47e1252d64314d87:0x8d42517e3cf7d458!8m2!3d49.367722!4d0.812798!16s%2Fg%2F11q8yf53z4!19sChIJh00xZC0l4UcRWNT3PH5RQo0?authuser=0&hl=fr&rclk=1,4.8,61,Entrepreneur spécialisé dans les clôtures,1 chemin de l'ouinerie,,0955337380,https://cloture-cne76.fr/,cloture,Rouen,gps_21km,2,e1592932-c088-4939-a057-9f2d4f8f4ebe,0,{}
cloture,ENTREPRISE LECOEUR ( Clôtures/Portails),https://www.google.com/maps/place/ENTREPRISE+LECOEUR+%28+Cl%C3%B4tures%2FPortails%29/data=!4m7!3m6!1s0x47e12b709a083095:0x12f1d97e23dc4071!8m2!3d49.2865574!4d1.3687648!16s%2Fg%2F11f54sgv49!19sChIJlTAImnAr4UcRcUDcI37Z8RI?authuser=0&hl=fr&rclk=1,4.7,32,Entrepreneur spécialisé dans les clôtures,5 Bis Rue Grande,,0688575433,http://www.entreprise-lecoeur.fr/,cloture,Rouen,gps_26km,2,33c433ba-1609-4cca-855d-7935f0b71b03,0,{}
cloture,SML Rénovation,https://www.google.com/maps/place/SML+R%C3%A9novation/data=!4m7!3m6!1s0x47e0f9f601a7cd0b:0x793e7f42b53aa058!8m2!3d49.5023803!4d0.7862602!16s%2Fg%2F11h7fnkvdm!19sChIJC82nAfb54EcRWKA6tUJ_Pnk?authuser=0&hl=fr&rclk=1,5.0,30,Entrepreneur spécialisé dans les clôtures,284 Rue Saint-Amand,,0660529549,https://m.facebook.com/smlrenovation/?ref=bookmarks,cloture,Rouen,gps_23km,2,4f0e15cf-c92f-44c4-99dc-69332bb91ab6,0,{}
cloture,Enclame Aménagements,https://www.google.com/maps/place/Enclame+Am%C3%A9nagements/data=!4m7!3m6!1s0x47e0bcffb169d5f7:0x543cb3a57979e0c1!8m2!3d49.8105312!4d1.1200284!16s%2Fg%2F11b6d94f9l!19sChIJ99Vpsf-84EcRweB5eaWzPFQ?authuser=0&hl=fr&rclk=1,5.0,17,Entrepreneur spécialisé dans les clôtures,498 Rue Saint-Adrien,,0617997314,http://enclame.fr/,cloture,Massy,gps_24km,2,72ac10f3-f003-4e70-a9cf-7aeb973839ac,0,{}
cloture,Transvert - Mahieu espaces verts,https://www.google.com/maps/place/Transvert+-+Mahieu+espaces+verts/data=!4m7!3m6!1s0x47e0dc3f9554e113:0xc4c64144ce6cd870!8m2!3d49.441647!4d1.183597!16s%2Fg%2F1tgprxfg!19sChIJE-FUlT_c4EcRcNhszkRBxsQ?authuser=0&hl=fr&rclk=1,4.6,31,Entrepreneur spécialisé dans les clôtures,·,,0235601512,http://www.mahieu-espaces-verts.fr/?utm_source=gmb,cloture,Rouen,gps_6km,2,6bd48683-aa5c-4332-9f67-ede121602998,0,{}
cloture,Lambert Clôtures 14,https://www.google.com/maps/place/Lambert+Cl%C3%B4tures+14/data=!4m7!3m6!1s0x480a445282d2f4cb:0xcbcff09ef68121ab!8m2!3d49.1515565!4d-0.4744782!16s%2Fg%2F11cjp6sm7r!19sChIJy_TSglJECkgRqyGB9p7wz8s?authuser=0&hl=fr&rclk=1,4.7,32,Magasin de materiaux de construction,·,,0231937727,https://www.lambert-clotures.com/?utm_source=gmb,cloture,Caen,gps_8km,2,242f19b1-af81-4693-a8d6-81695fd8faf2,0,{}
cloture,Espace Clôture Environnement,https://www.google.com/maps/place/Espace+Cl%C3%B4ture+Environnement/data=!4m7!3m6!1s0x480a6944ecd14e17:0x45c9e034ba2553dc!8m2!3d49.1597037!4d-0.3077391!16s%2Fg%2F11t6y9g0ym!19sChIJF07R7ERpCkgR3FMlujTgyUU?authuser=0&hl=fr&rclk=1,4.7,3,Magasin de matériel pour clôtures,·,,0231919110,https://www.facebook.com/profile.php?id=100088728612067,cloture,Caen,gps_4km,2,22969408-9ae5-4860-9c15-5912e4a5ce23,0,{}
cloture,Daniel Moquet signe vos clôtures - Ent. Marie,https://www.google.com/maps/place/Daniel+Moquet+signe+vos+cl%C3%B4tures+-+Ent.+Marie/data=!4m7!3m6!1s0x480a5fd823c1d2f5:0x9ebd67f20b062481!8m2!3d49.2886073!4d-0.3702381!16s%2Fg%2F11sdt_tb6z!19sChIJ9dLBI9hfCkgRgSQGC_JnvZ4?authuser=0&hl=fr&rclk=1,5.0,42,Entrepreneur spécialisé dans les clôtures,9 Rue André Marie Ampère,,0231800847,https://www.moquet-clotures.com/cloture-portail/,cloture,Caen,gps_11km,2,2212f503-e0b5-4f28-a113-0204fa37681e,0,{}
cloture,Daniel Moquet signe vos clôtures - Ent. Poret,https://www.google.com/maps/place/Daniel+Moquet+signe+vos+cl%C3%B4tures+-+Ent.+Poret/data=!4m7!3m6!1s0x480a6d20ca5e7387:0xd03dc01ff9f48a5c!8m2!3d49.0571391!4d-0.308376!16s%2Fg%2F11fmf89td4!19sChIJh3NeyiBtCkgRXIr0-R_APdA?authuser=0&hl=fr&rclk=1,5.0,99,Entrepreneur spécialisé dans les clôtures,20 Rue des Pallières ZAC du Cingal,,0231507925,https://www.moquet-clotures.com/cloture-portail/,cloture,Caen,gps_14km,2,fdc208d6-9284-4d90-998f-8b07527c93bc,0,{}
cloture,BLAVAIT Menuiseries - Caen,https://www.google.com/maps/place/BLAVAIT+Menuiseries+-+Caen/data=!4m7!3m6!1s0x480a42e2c8044a67:0x38eb9cda1240a9a4!8m2!3d49.1726097!4d-0.3889476!16s%2Fg%2F11c1s_2xgj!19sChIJZ0oEyOJCCkgRpKlAEtqc6zg?authuser=0&hl=fr&rclk=1,4.7,30,Entrepreneur spécialisé dans les clôtures,·,,0231158000,https://www.blavait.fr/,cloture,Caen,name,2,7defa005-31a9-4053-874e-d9667eefa8be,0,{}
cloture,Entreprise PETIT CRÉA'EST | Travaux Rénovation intérieure extérieur | Vente et pose de Portail et Clôture Nancy,https://www.google.com/maps/place/Entreprise+PETIT+CR%C3%89A%27EST+%7C+Travaux+R%C3%A9novation+int%C3%A9rieure+ext%C3%A9rieur+%7C+Vente+et+pose+de+Portail+et+Cl%C3%B4ture+Nancy/data=!4m7!3m6!1s0x47949cd1371cb551:0xca2f3a75a327cbe5!8m2!3d48.5909684!4d6.331447!16s%2Fg%2F11f1fsy8wp!19sChIJUbUcN9GclEcR5csno3U6L8o?authuser=0&hl=fr&rclk=1,4.8,44,Entrepreneur spécialisé dans les clôtures,4 Chem. du Samson,,0689739922,https://petitcreaest.fr/,cloture,Nancy,name,1,9293f32b-99e2-4612-b629-c7fee3f4c0df,0,{}
cloture,Daniel Moquet signe vos clôtures - Ent. Huet Clôtures,https://www.google.com/maps/place/Daniel+Moquet+signe+vos+cl%C3%B4tures+-+Ent.+Huet+Cl%C3%B4tures/data=!4m7!3m6!1s0x47949fbb3babd667:0x21e9d0e144bfaaa4!8m2!3d48.6222013!4d6.1727765!16s%2Fg%2F11x8tbhc5s!19sChIJZ9arO7uflEcRpKq_ROHQ6SE?authuser=0&hl=fr&rclk=1,5.0,3,Entrepreneur spécialisé dans les clôtures,·,,0383229924,https://www.moquet-clotures.com/,cloture,Nancy,gps_7km,1,441994ac-391c-4501-aa34-94203f68b11b,0,{}
cloture,Cherbourg Clôtures & Aménagements,https://www.google.com/maps/place/Cherbourg+Cl%C3%B4tures+%26+Am%C3%A9nagements/data=!4m7!3m6!1s0x480c915b3d61dd8f:0x1a3847afbd844088!8m2!3d49.5837285!4d-1.6887617!16s%2Fg%2F11c0rnh42b!19sChIJj91hPVuRDEgRiECEva9HOBo?authuser=0&hl=fr&rclk=1,4.9,14,Entrepreneur spécialisé dans les clôtures,"3 za, Le Coignet",,0233416786,http://www.cherbourg-clotures.com/,cloture,Cherbourg-en-Cotentin,gps_7km,2,9851dda7-2648-4bfd-acb0-771356e0a210,0,{}
pisciniste,Daniel Moquet signe vos clôtures - Ent. All Créations,https://www.google.com/maps/place/Daniel+Moquet+signe+vos+cl%C3%B4tures+-+Ent.+All+Cr%C3%A9ations/data=!4m7!3m6!1s0x481015a5a92fa291:0x6f2262f10609797a!8m2!3d47.6849393!4d-3.0246482!16s%2Fg%2F11p10v_5zb!19sChIJkaIvqaUVEEgRenkJBvFiIm8?authuser=0&hl=fr&rclk=1,4.8,21,Paysagiste,Z.A. Keriquellan,,0800500045,https://www.moquet-clotures.com/cloture-portail/,cloture,Vannes,gps_20km,0,826678d0-0938-4274-8ebd-c6b7b736d3ab,0,{}
cloture,Clôture Littoral Nord,https://www.google.com/maps/place/Cl%C3%B4ture+Littoral+Nord/data=!4m7!3m6!1s0x47dc493a8fb00b79:0x12a0b738250ee230!8m2!3d50.822981!4d1.9399286!16s%2Fg%2F11gxmvx0ss!19sChIJeQuwjzpJ3EcRMOIOJTi3oBI?authuser=0&hl=fr&rclk=1,5.0,43,Entrepreneur spécialisé dans les clôtures,·,,0622031408,https://cloture-littoral-nord.fr/,cloture,Calais,gps_15km,0,cb2235f3-2562-4bc0-ace5-d0e95731c8b2,0,{}
cloture,Rougemont Julien,https://www.google.com/maps/place/Rougemont+Julien/data=!4m7!3m6!1s0x47dc3f5abc6ab889:0xe57befd08ef11cda!8m2!3d50.9329232!4d1.8562136!16s%2Fg%2F11b6d42_9h!19sChIJibhqvFo_3EcR2hzxjtDve-U?authuser=0&hl=fr&rclk=1,5.0,33,Entrepreneur spécialisé dans les clôtures,49 Chem. des Régniers,,0614630222,https://www.facebook.com/Julien-Rougemont-283587761782763/,cloture,Calais,gps_2km,0,7a9b1997-a50f-440b-95a7-a9dd5fa73a2c,0,{}
cloture,GUIHO-CLOTURES,https://www.google.com/maps/place/GUIHO-CLOTURES/data=!4m7!3m6!1s0x480567a1bbecfae7:0xadbddd64e0659bb7!8m2!3d47.3052982!4d-2.3031584!16s%2Fg%2F1tn0554t!19sChIJ5_rsu6FnBUgRt5tl4GTdva0?authuser=0&hl=fr&rclk=1,4.7,216,Entrepreneur spécialisé dans les clôtures,2 rue des Écotais ZA des pedras,,0240915195,http://www.guihoclotures.fr/,cloture,Saint-Nazaire,gps_7km,2,fb9909ca-e7ec-4a51-bf77-c53e956ee369,0,{}
cloture,Clôture et Paysage Nazairien,https://www.google.com/maps/place/Cl%C3%B4ture+et+Paysage+Nazairien/data=!4m7!3m6!1s0x48056f50e0c3ffff:0xaea2a376131348a8!8m2!3d47.3043069!4d-2.2387807!16s%2Fg%2F11y5yvsr0x!19sChIJ___D4FBvBUgRqEgTE3ajoq4?authuser=0&hl=fr&rclk=1,5.0,5,Entrepreneur spécialisé dans les clôtures,·,,0652837718,http://cloture-paysage-nazairien.fr/,cloture,Saint-Nazaire,gps_3km,2,d1ecb0f5-d31e-46ad-9fa2-6f968cf29d2a,0,{}
cloture,ADF 44 Atlantic Domotique Fermeture,https://www.google.com/maps/place/ADF+44+Atlantic+Domotique+Fermeture/data=!4m7!3m6!1s0x48055ce8379954c7:0x42d9cbe96d25bb2e!8m2!3d47.296618!4d-2.2807369!16s%2Fg%2F1tflx800!19sChIJx1SZN-hcBUgRLrslbenL2UI?authuser=0&hl=fr&rclk=1,5.0,32,Entrepreneur spécialisé dans les clôtures,·,,0240623617,http://www.adf44.fr/,cloture,Saint-Nazaire,gps_5km,2,b886780c-1292-475c-b023-7451a2c307cc,0,{}
cloture,Clôtures Cornouaillaises,https://www.google.com/maps/place/Cl%C3%B4tures+Cornouaillaises/data=!4m7!3m6!1s0x4810d5f0dc751927:0x91ab1da1c6369559!8m2!3d48.0174809!4d-4.118288!16s%2Fg%2F11r3ln9yft!19sChIJJxl13PDVEEgRWZU2xqEdq5E?authuser=0&hl=fr&rclk=1,4.8,30,Entrepreneur spécialisé dans les clôtures,29 Chem. de Kerben,,0638671544,http://www.clotures-cornouaillaises.fr/,cloture,Quimper,gps_2km,1,106d755b-1a79-4902-97e3-603317c611f6,0,{}
cloture,Portails Océan,https://www.google.com/maps/place/Portails+Oc%C3%A9an/data=!4m7!3m6!1s0x4810d4251ad5055b:0xc9baf12e01e8552!8m2!3d47.956478!4d-4.0793833!16s%2Fg%2F11ddwhrdwj!19sChIJWwXVGiXUEEgRUoUe4BKvmww?authuser=0&hl=fr&rclk=1,4.9,38,Entrepreneur spécialisé dans les clôtures,·,,0298663372,https://www.portailsocean-quimper.fr/,cloture,Quimper,gps_4km,1,ce200e46-bbcb-4076-9670-57f8393e75c3,0,{}
cloture,ML SOLUTIONS - Fenêtres Aluminium & Bois - Portails - Portes d’entrée - Finistère,https://www.google.com/maps/place/ML+SOLUTIONS+-+Fen%C3%AAtres+Aluminium+%26+Bois+-+Portails+-+Portes+d%E2%80%99entr%C3%A9e+-+Finist%C3%A8re/data=!4m7!3m6!1s0x4810d43295be525d:0xf4566990e02c0e7b!8m2!3d47.9816243!4d-4.0278701!16s%2Fg%2F1vn_yc20!19sChIJXVK-lTLUEEgRew4s4JBpVvQ?authuser=0&hl=fr&rclk=1,4.7,105,Entrepreneur spécialisé dans les clôtures,·,,0298906191,http://www.ml-solutions.fr/,cloture,Quimper,gps_5km,1,83eb8b18-6167-4711-b0d5-ccb93a944185,0,{}
cloture,RT Ouest,https://www.google.com/maps/place/RT+Ouest/data=!4m7!3m6!1s0x4810d37406cefe01:0x491364e6908ccadb!8m2!3d47.8836625!4d-3.882481!16s%2Fg%2F11b6d3k12_!19sChIJAf7OBnTTEEgR28qMkOZkE0k?authuser=0&hl=fr&rclk=1,4.8,9,Entrepreneur spécialisé dans les clôtures,,,0611751848,https://www.rtouest.bzh/,cloture,Quimper,gps_20km,1,fd0064bb-9e3a-4002-9e3d-ddd268266e1f,0,{}
cloture,THIOLON clôtures,https://www.google.com/maps/place/THIOLON+cl%C3%B4tures/data=!4m7!3m6!1s0x47e676eb321c4b5f:0x35a94292653d978c!8m2!3d48.7526127!4d2.3355759!16s%2Fg%2F11f1226vrx!19sChIJX0scMut25kcRjJc9ZZJCqTU?authuser=0&hl=fr&rclk=1,4.9,29,Magasin de matériel pour clôtures,·,,0149849800,http://www.thiolon.fr/,cloture,Villejuif,gps_4km,2,f72378a5-788d-4890-835b-bcead839f3d4,0,{}
cloture,ECO CLÔTURES by Environnement Center,https://www.google.com/maps/place/ECO+CL%C3%94TURES+by+Environnement+Center/data=!4m7!3m6!1s0x48105eb6ffac1fa9:0x3f7cff15bbde4edf!8m2!3d47.7867988!4d-3.3505361!16s%2Fg%2F11bbrgkdbk!19sChIJqR-s_7ZeEEgR307euxX_fD8?authuser=0&hl=fr&rclk=1,5.0,66,Menuisier,·,,0297810869,http://www.menuiserie-environnement-center.com/,cloture,Lorient,gps_4km,2,95e03160-afda-4a22-9663-bfb03f24be45,0,{}
cloture,Daniel Moquet signe vos clôtures - Ent. Bodas,https://www.google.com/maps/place/Daniel+Moquet+signe+vos+cl%C3%B4tures+-+Ent.+Bodas/data=!4m7!3m6!1s0x47e823100f7e37ab:0xda6a1c03cdaf5be1!8m2!3d49.80713!4d3.33653!16s%2Fg%2F11lfbpv61g!19sChIJqzd-DxAj6EcR4VuvzQMcato?authuser=0&hl=fr&rclk=1,4.9,71,Entrepreneur spécialisé dans les clôtures,·,,0323071085,https://www.moquet-clotures.com/cloture-portail/,cloture,Saint-Quentin,gps_5km,0,a1701693-4c32-4f8a-b211-b9450d9657da,0,{}
cloture,"EXTERALU : pergola, portail, store banne, carport, véranda à Saint-Quentin","https://www.google.com/maps/place/EXTERALU+:+pergola,+portail,+store+banne,+carport,+v%C3%A9randa+%C3%A0+Saint-Quentin/data=!4m7!3m6!1s0x47e819e43881d26b:0xb0d0796ab4a93480!8m2!3d49.8418334!4d3.2850726!16s%2Fg%2F11j22srhy4!19sChIJa9KBOOQZ6EcRgDSptGp50LA?authuser=0&hl=fr&rclk=1",4.8,159,Fabricant d'abris voiture et de pergolas,·,,0323053576,https://www.exteralu.fr/,cloture,Saint-Quentin,name,0,c2d36568-8bfb-410b-8a4c-e24c30715583,0,{}
cloture,Ma clôture SANIEZ - Saint-Quentin,https://www.google.com/maps/place/Ma+cl%C3%B4ture+SANIEZ+-+Saint-Quentin/data=!4m7!3m6!1s0x47e8192f83b74bc7:0xbd0a8a3dbbc730e8!8m2!3d49.854829!4d3.261289!16s%2Fg%2F11xkqx9m10!19sChIJx0u3gy8Z6EcR6DDHuz2KCr0?authuser=0&hl=fr&rclk=1,5.0,7,Entrepreneur spécialisé dans les clôtures,Rue Charles Naudin,,0327720813,https://www.macloture-saniez.com/,cloture,Saint-Quentin,name,0,733e625e-bfa8-4ee6-9120-5b35b608c799,0,{}
cloture,Store Déco Lemoine,https://www.google.com/maps/place/Store+D%C3%A9co+Lemoine/data=!4m7!3m6!1s0x47e818fad4731533:0xe04cc4184b86b8a8!8m2!3d49.859393!4d3.260844!16s%2Fg%2F1td1j9lg!19sChIJMxVz1PoY6EcRqLiGSxjETOA?authuser=0&hl=fr&rclk=1,4.5,67,Entrepreneur spécialisé dans les clôtures,·,,0323672620,https://www.store-deco.com/,cloture,Saint-Quentin,gps_2km,0,8108cbc6-0869-4bfe-9be0-d32ca379b505,0,{}
cloture,Artisan Beck - Clôturiste & Aménagement de jardin,https://www.google.com/maps/place/Artisan+Beck+-+Cl%C3%B4turiste+%26+Am%C3%A9nagement+de+jardin/data=!4m7!3m6!1s0x47e6791c3e53b315:0x2c45441eadd35319!8m2!3d48.7211475!4d2.2570661!16s%2Fg%2F11n7d0lr5h!19sChIJFbNTPhx55kcRGVPTrR5ERSw?authuser=0&hl=fr&rclk=1,4.6,115,Entrepreneur spécialisé dans les clôtures,21 Av. du Président Wilson,,0622061309,https://www.artisan-beck-91.fr/,cloture,Clamart,gps_8km,1,174449c5-f602-44cb-b505-97ec0d0eb54d,0,{}
cloture,Clôtures Marsiglia Roquebrune,https://www.google.com/maps/place/Cl%C3%B4tures+Marsiglia+Roquebrune/data=!4m7!3m6!1s0x12cea4ddc5522959:0x19358a1c72764d44!8m2!3d43.4632621!4d6.6271682!16s%2Fg%2F11c6ldsvq4!19sChIJWSlSxd2kzhIRRE12chyKNRk?authuser=0&hl=fr&rclk=1,4.8,53,Magasin de matériel pour clôtures,·,,0494819576,https://www.clotures-marsiglia.com/,cloture,Fréjus,gps_9km,2,5b61e462-13e4-4afe-9142-f1adfd91392c,0,{}
cloture,Tschoeppé Création Nantes,https://www.google.com/maps/place/Tschoepp%C3%A9+Cr%C3%A9ation+Nantes/data=!4m7!3m6!1s0x4805e57d900a3e19:0xfdeee10b46130b8e!8m2!3d47.277496!4d-1.462878!16s%2Fg%2F11kqn1wd9x!19sChIJGT4KkH3lBUgRjgsTRgvh7v0?authuser=0&hl=fr&rclk=1,5.0,52,Entrepreneur spécialisé dans les clôtures,9 Rue Jean Mermoz,,0255101330,https://www.google.com/aclk?sa=L&ai=DChsSEwj8udzj_72UAxUbrmgJHT1wIqQYACICCAEQABoCd2Y&co=1&ase=2&gclid=CjwKCAjwq6DQBhBVEiwA4ZD5XIeFZTDqdx5CqwyNQVTaBgkvZvWtxXtFm2eb_rZ5yVzXJAr2udg7CRoCqZEQAvD_BwE&cce=2&category=acrcp_v1_32&sig=AOD64_2hP4L9Jca564fG0zKCS_0flgS3Ag&adurl&q&ctype=99&nis=6,cloture,Nantes,name,2,30ea7beb-b78a-4868-b2e0-63f6a8063ce4,0,{}
cloture,ID Environnement - Agence de Saint-Herblain (44),https://www.google.com/maps/place/ID+Environnement+-+Agence+de+Saint-Herblain+%2844%29/data=!4m7!3m6!1s0x4805eca7c4a809c7:0x4fc3c581f59e14c8!8m2!3d47.2025299!4d-1.6344157!16s%2Fg%2F119w7jf7c!19sChIJxwmoxKfsBUgRyBSe9YHFw08?authuser=0&hl=fr&rclk=1,4.6,23,Magasin de matériel pour clôtures,·,,0240634363,https://www.idenvironnement.fr/?utm_source=google&utm_medium=gmb&utm_campaign=Stherblain,cloture,Saint-Herblain,name,2,dda41554-e887-44cc-b8ec-6bd31c367e5c,0,{}
cloture,Lambert Clôtures 56,https://www.google.com/maps/place/Lambert+Cl%C3%B4tures+56/data=!4m7!3m6!1s0x480fe2089aba62cd:0x9e97502f987fd214!8m2!3d47.6804418!4d-2.8010122!16s%2Fg%2F11bwq9bg93!19sChIJzWK6mgjiD0gRFNJ_mC9Ql54?authuser=0&hl=fr&rclk=1,4.8,38,Magasin de materiaux de construction,·,,0297484670,https://www.lambert-clotures.com/?utm_source=gmb,cloture,Vannes,gps_3km,0,1d0435f8-1137-4855-a607-02cdbb79e879,0,{}
cloture,Portails CPO - Portails et clôtures à Vannes,https://www.google.com/maps/place/Portails+CPO+-+Portails+et+cl%C3%B4tures+%C3%A0+Vannes/data=!4m7!3m6!1s0x480fe24823b19e21:0xb953a360a4d697d3!8m2!3d47.6339264!4d-2.6661162!16s%2Fg%2F1tgx1dxc!19sChIJIZ6xI0jiD0gR05fWpGCjU7k?authuser=0&hl=fr&rclk=1,4.8,26,Fournisseur de portes,·,,0297432626,http://www.portail-cpo.com/?utm_source=gmb,cloture,Vannes,name,0,6c12d4c1-d4b6-4d3c-9ed2-026c306c9093,0,{}
cloture,Atlantique Portail Automatique,https://www.google.com/maps/place/Atlantique+Portail+Automatique/data=!4m7!3m6!1s0x48101f864b10a6d7:0x11dafa91990fa477!8m2!3d47.6797306!4d-2.7703439!16s%2Fg%2F1tkf0c84!19sChIJ16YQS4YfEEgRd6QPmZH62hE?authuser=0&hl=fr&rclk=1,4.7,74,Fournisseur de portes de garage,·,,0297619509,http://www.portail-automatique-56.fr/,cloture,Vannes,gps_2km,0,67c8f7cd-804a-4c1a-af20-859edf428924,0,{}
cloture,Cloture Pro,https://www.google.com/maps/place/Cloture+Pro/data=!4m7!3m6!1s0x481019a75add095d:0x27b91c14bb7fc1b9!8m2!3d47.566838!4d-2.5122551!16s%2Fg%2F11jn4wzwv_!19sChIJXQndWqcZEEgRucF_uxQcuSc?authuser=0&hl=fr&rclk=1,5.0,30,Entrepreneur spécialisé dans les clôtures,·,,0297483354,http://clotures-pro.fr/,cloture,Vannes,gps_21km,0,37c59636-bfd7-48db-8b40-44dcaf962301,0,{}
cloture,Lambert Clôtures Ile de France,https://www.google.com/maps/place/Lambert+Cl%C3%B4tures+Ile+de+France/data=!4m7!3m6!1s0x47e6730c422e5097:0xc310b19d0a94be55!8m2!3d48.7071276!4d2.3012164!16s%2Fg%2F1tdfbf56!19sChIJl1AuQgxz5kcRVb6UCp2xEMM?authuser=0&hl=fr&rclk=1,5.0,15,Magasin de materiaux de construction,·,,0155531010,https://www.lambert-clotures.com/?utm_source=gmb,cloture,Choisy-le-Roi,gps_10km,0,c6e7a476-8fb8-47d1-a936-f30568b13f7f,0,{}
cloture,Acti Clôtures Fermetures Lorant,https://www.google.com/maps/place/Acti+Cl%C3%B4tures+Fermetures+Lorant/data=!4m7!3m6!1s0x480e1d946aa13f27:0x516715757f5457f4!8m2!3d48.4954815!4d-2.731948!16s%2Fg%2F11fsjcpppl!19sChIJJz-hapQdDkgR9FdUf3UVZ1E?authuser=0&hl=fr&rclk=1,4.5,17,Entrepreneur spécialisé dans les clôtures,1 Rue du Pont Léon,,0296335021,http://www.portails-clotures-cotesdarmor.fr/,cloture,Saint-Brieuc,gps_2km,2,7d2ce189-8e51-493f-9f68-c8e47220a28e,0,{}
cloture,Les Clôtures d'Armor,https://www.google.com/maps/place/Les+Cl%C3%B4tures+d%27Armor/data=!4m7!3m6!1s0x4811f891c5349657:0x34b5c8952609b51a!8m2!3d48.6683172!4d-2.9259507!16s%2Fg%2F1tctd_t4!19sChIJV5Y0xZH4EUgRGrUJJpXItTQ?authuser=0&hl=fr&rclk=1,4.6,22,Atelier de menuiserie,·,,0296203252,http://www.clotures-darmor.com/,cloture,Saint-Brieuc,gps_21km,2,c9c8f59d-b211-4222-ac8d-9500b9a69356,0,{}
cloture,AEV RENOVATION,https://www.google.com/maps/place/AEV+RENOVATION/data=!4m7!3m6!1s0x480e83faca800339:0xe5d8c0e3cac0e736!8m2!3d48.6317369!4d-1.9829491!16s%2Fg%2F1q62d1t3f!19sChIJOQOAyvqDDkgRNufAyuPA2OU?authuser=0&hl=fr&rclk=1,4.5,107,Entrepreneur spécialisé dans les clôtures,·,,0299585051,https://www.aev-renovation.fr/,cloture,Saint-Malo,gps_3km,2,aa37dada-3dbd-4349-a8f6-3e779605b9a4,0,{}
cloture,Emeraude Châtaignier,https://www.google.com/maps/place/Emeraude+Ch%C3%A2taignier/data=!4m7!3m6!1s0x480e831778ce814f:0x11058e6a2e608034!8m2!3d48.6529652!4d-1.9268512!16s%2Fg%2F1tpf6jh4!19sChIJT4HOeBeDDkgRNIBgLmqOBRE?authuser=0&hl=fr&rclk=1,4.5,69,Entrepreneur spécialisé dans les clôtures,Rue de la Croix Odye,,0299892068,http://www.emeraude-chataignier.com/,cloture,Saint-Malo,gps_7km,2,56df80b8-bd4d-4508-b92a-3bb494387302,0,{}
cloture,Daniel Moquet signe vos clôtures - Ent. Mouchon,https://www.google.com/maps/place/Daniel+Moquet+signe+vos+cl%C3%B4tures+-+Ent.+Mouchon/data=!4m7!3m6!1s0x47ddcd2b0210ce65:0x62ef3ef6863a2bca!8m2!3d50.7367435!4d1.7810307!16s%2Fg%2F11j7h37gc0!19sChIJZc4QAivN3UcRyis6hvY-72I?authuser=0&hl=fr&rclk=1,4.8,26,Entrepreneur spécialisé dans les clôtures,1253 Rue du Bosquet Fanette,,0321807199,https://www.moquet-clotures.com/cloture-portail/,cloture,Boulogne-sur-Mer,gps_11km,1,0444315e-0400-4ce5-8575-705c7d59e606,0,{}
cloture,"EXTERALU : pergola, portail, store banne, carport, véranda à Compiègne","https://www.google.com/maps/place/EXTERALU+:+pergola,+portail,+store+banne,+carport,+v%C3%A9randa+%C3%A0+Compi%C3%A8gne/data=!4m7!3m6!1s0x47e7d79445d1e13d:0x687df37ad9c82698!8m2!3d49.4257557!4d2.8435353!16s%2Fg%2F11q8g11lyx!19sChIJPeHRRZTX50cRmCbI2XrzfWg?authuser=0&hl=fr&rclk=1",5.0,17,Menuisier,24 TER Rue du Bataillon de France,,0365980794,https://www.exteralu.fr/,cloture,Compiègne,name,0,98170f43-778f-4414-aae1-c955b2b14a9c,0,{}
cloture,Roche Construction - Gros oeuvre - Menuiseries exterieur - Clôture,https://www.google.com/maps/place/Roche+Construction+-+Gros+oeuvre+-+Menuiseries+exterieur+-+Cl%C3%B4ture/data=!4m7!3m6!1s0x29260ecdbefd53a5:0x593fe518f05756d!8m2!3d49.6024718!4d2.8180272!16s%2Fg%2F11tds2m8yf!19sChIJpVP9vs0OJikRbXUFj1H-kwU?authuser=0&hl=fr&rclk=1,5.0,6,Travaux généraux,·,,0374473333,https://www.roche-renov.fr/,cloture,Compiègne,gps_20km,0,0d08f06d-189a-4f19-9699-32ce190d66e2,0,{}
cloture,FL Clotures,https://www.google.com/maps/place/FL+Clotures/data=!4m7!3m6!1s0x47e657e00c6680a1:0x3425b220b93de64e!8m2!3d49.2033578!4d2.1250358!16s%2Fg%2F1tkf083k!19sChIJoYBmDOBX5kcRTuY9uSCyJTQ?authuser=0&hl=fr&rclk=1,5.0,4,Entrepreneur,8 Rue de la Prte des Champs,,0687747556,https://www.flclotures.fr/,cloture,Cergy,gps_17km,2,835e6875-fd2a-483c-8430-150517701f44,1,{}
cloture,Pro Clôtures 74,https://www.google.com/maps/place/Pro+Cl%C3%B4tures+74/data=!4m7!3m6!1s0x478c6b12924a0c69:0xd559efaceccc06df!8m2!3d46.2773332!4d6.3532696!16s%2Fg%2F11r9d8drm1!19sChIJaQxKkhJrjEcR3wbM7KzvWdU?authuser=0&hl=fr&rclk=1,4.8,34,Entrepreneur spécialisé dans les clôtures,·,,0458661850,http://www.lesprosdupaysage.com/pro-clotures-74,cloture,Annemasse,gps_13km,2,da563160-ba4f-4ded-8fc5-c33abade85a6,0,{}
cloture,Daniel Moquet signe vos clôtures - Ent. TT Aménagements,https://www.google.com/maps/place/Daniel+Moquet+signe+vos+cl%C3%B4tures+-+Ent.+TT+Am%C3%A9nagements/data=!4m7!3m6!1s0x478c759131fdfe8f:0xff63190458e1c0cf!8m2!3d46.2771653!4d6.3538016!16s%2Fg%2F11thhm_qgv!19sChIJj_79MZF1jEcRz8DhWAQZY_8?authuser=0&hl=fr&rclk=1,4.9,62,Entrepreneur spécialisé dans les clôtures,87 Impasse des Prés Vignan,,0450084689,https://www.moquet-clotures.com/cloture-portail/,cloture,Annemasse,gps_13km,2,8c990579-28d1-4ca2-8181-bfd1d9cc8b6c,0,{}
cloture,Daniel Moquet signe vos clôtures - Ent. Jerome,https://www.google.com/maps/place/Daniel+Moquet+signe+vos+cl%C3%B4tures+-+Ent.+Jerome/data=!4m7!3m6!1s0x479523bea6f51aef:0xf732ef56c34a6168!8m2!3d49.3203956!4d6.2759114!16s%2Fg%2F11rxv0kw9j!19sChIJ7xr1pr4jlUcRaGFKw1bvMvc?authuser=0&hl=fr&rclk=1,4.7,26,Entrepreneur spécialisé dans les clôtures,105 Impasse Raymond Reisser,,0382592288,https://www.moquet-clotures.com/cloture-portail/,cloture,Thionville,gps_8km,1,1b415f91-f33f-4628-a71e-a051845cbd29,0,{}
cloture,FAA Menuiseries,https://www.google.com/maps/place/FAA+Menuiseries/data=!4m7!3m6!1s0x47ef5953a49094a9:0xb1243861055eabf1!8m2!3d48.507373!4d2.79067!16s%2Fg%2F11fkcqgk03!19sChIJqZSQpFNZ70cR8ateBWE4JLE?authuser=0&hl=fr&rclk=1,4.9,140,Entrepreneur spécialisé dans les clôtures,·,,0160685892,https://faamenuiseries.fr/,cloture,Melun,gps_10km,0,390f3783-cf38-4f96-a06f-c7eb0d1bf91d,0,{}
cloture,SF PVC et bois création rénovation de terrasse portail clôture et volets,https://www.google.com/maps/place/SF+PVC+et+bois+cr%C3%A9ation+r%C3%A9novation+de+terrasse+portail+cl%C3%B4ture+et+volets/data=!4m7!3m6!1s0x4805eb1aaeb43535:0x46392820520aeeed!8m2!3d47.1730803!4d-1.6166337!16s%2Fg%2F11h4k0nsd7!19sChIJNTW0rhrrBUgR7e4KUiAoOUY?authuser=0&hl=fr&rclk=1,5.0,22,Menuisier,·,,0698674556,https://sf-bois-et-pvc.fr/,cloture,Rezé,gps_4km,1,d6bfbc3b-994e-4201-bd13-4728856953d5,0,{}
cloture,VitaWood,https://www.google.com/maps/place/VitaWood/data=!4m7!3m6!1s0x4805eb8db9b2610f:0x5d4cab0fe94c81!8m2!3d47.165271!4d-1.5680887!16s%2Fg%2F11vxk8zxq4!19sChIJD2GyuY3rBUgRgUzpD6tMXQA?authuser=0&hl=fr&rclk=1,4.8,24,Entrepreneur spécialisé dans les clôtures,·,,0780839225,https://vitawood.fr/contactez-nous/,cloture,Rezé,gps_2km,1,2924294f-73e7-463b-be7f-4bf19b083f85,0,{}
paysagiste,LANTANA AMBIANCES JARDINS,https://www.google.com/maps/place/LANTANA+AMBIANCES+JARDINS/data=!4m7!3m6!1s0x47dcd540f0b7a6a7:0xbaa985f1106c79a!8m2!3d50.655451!4d2.954623!16s%2Fg%2F11btm9xz90!19sChIJp6a38EDV3EcRmscGEV-Yqgs?authuser=0&hl=fr&rclk=1,4.8,48,Paysagiste,863 Rue Charles de Gaulle,,0320007448,https://www.google.com/aclk?sa=L&ai=DChsSEwipjZ-ly72UAxXTnmgJHR5hBG8YACICCAEQABoCd2Y&co=1&ase=2&gclid=CjwKCAjwq6DQBhBVEiwA4ZD5XK-LalQQrudd-ggRnz1gcv4xV93iSMvljoGUPDBBImLDwZTmvSKq4xoCLM8QAvD_BwE&cce=2&category=acrcp_v1_32&sig=AOD64_0_Y78cEZ2ccnGYaOzHNX2eot4sgQ&adurl&q&ctype=99&nis=6,paysagiste,Lille,gps_7km,2,ebecc988-7cc0-4c54-b163-c982e17f195a,0,{}
paysagiste,Vétiver Jardin - Paysagiste & Élagage,https://www.google.com/maps/place/V%C3%A9tiver+Jardin+-+Paysagiste+%26+%C3%89lagage/data=!4m7!3m6!1s0x47c32aa6b6222327:0x189d8c4c5255cce2!8m2!3d50.6441111!4d3.0210448!16s%2Fg%2F1tfbmgtt!19sChIJJyMitqYqw0cR4sxVUkyMnRg?authuser=0&hl=fr&rclk=1,4.6,70,Paysagiste,·,,0610388108,https://www.vetiverjardin.fr/,paysagiste,Lille,gps_3km,2,36f67321-816f-40fd-8ed7-f3bb592045a9,0,{}
paysagiste,SPE Paysagiste Saint-André-Lez-Lille,https://www.google.com/maps/place/SPE+Paysagiste+Saint-Andr%C3%A9-Lez-Lille/data=!4m7!3m6!1s0x47c32b6d69a2bbfb:0xdafef1254d47cf0d!8m2!3d50.6538905!4d3.0539463!16s%2Fg%2F11f6z7nzgp!19sChIJ-7uiaW0rw0cRDc9HTSXx_to?authuser=0&hl=fr&rclk=1,4.7,14,Paysagiste,13 Rue Victor Hugo,,0320218450,http://spe-paysagiste.fr/,paysagiste,Lille,name,2,7747ac00-eb9f-4d00-b79c-0e08a9025f42,0,{}
paysagiste,Aménagement exterieur Desrumaux Sébastien élagage,https://www.google.com/maps/place/Am%C3%A9nagement+exterieur+Desrumaux+S%C3%A9bastien+%C3%A9lagage/data=!4m7!3m6!1s0x47dcd513d7fe6fa7:0xa101ebff168766a6!8m2!3d50.6674192!4d2.9734909!16s%2Fg%2F11b6dprqv7!19sChIJp2_-1xPV3EcRpmaHFv_rAaE?authuser=0&hl=fr&rclk=1,4.6,46,Paysagiste,·,,0320220927,http://www.sebastiendesrumaux.com/,paysagiste,Lille,gps_7km,2,1ebede3a-2363-4ee2-93af-ef8a809b3c64,0,{}
paysagiste,LES JARDINS DE LA RIANDERIE,https://www.google.com/maps/place/LES+JARDINS+DE+LA+RIANDERIE/data=!4m7!3m6!1s0x47c32972839da7bb:0xbe78ba0222b72243!8m2!3d50.6887784!4d3.1283215!16s%2Fg%2F119typbns!19sChIJu6edg3Ipw0cRQyK3IgK6eL4?authuser=0&hl=fr&rclk=1,4.6,14,Paysagiste,·,,0630699235,https://www.lesjardinsdelarianderie.fr/?utm_source=gmb,paysagiste,Marcq-en-Barœul,gps_2km,1,29d924e5-732a-449b-9c92-1f9cd2252141,0,{}
paysagiste,O2 Jardi-Brico Lille,https://www.google.com/maps/place/O2+Jardi-Brico+Lille/data=!4m7!3m6!1s0x47c3295398b2fbdd:0x61dbc035d98ec3e1!8m2!3d50.5510497!4d3.0500622!16s%2Fg%2F11h4r26j9p!19sChIJ3fuymFMpw0cR4cOO2TXA22E?authuser=0&hl=fr&rclk=1,4.5,63,Jardinier,Rue de l'Industrie,,0214006890,https://www.o2.fr/o2-seclin-rue-de-l-industrie-59113?utm_source=google&utm_medium=organic&utm_campaign=seo-local&utm_content=website,paysagiste,Lille,name,2,1637ce08-576d-4b4b-812f-cfdc13b5ed85,0,{}
paysagiste,FRED TOMA,https://www.google.com/maps/place/FRED+TOMA/data=!4m7!3m6!1s0x480ee1abf3bd05cd:0x8fc0ffb2e548184!8m2!3d48.103915!4d-1.728145!16s%2Fg%2F11r627yc40!19sChIJzQW986vhDkgRhIFULvsP_Ag?authuser=0&hl=fr&rclk=1,4.7,38,Paysagiste,·,,0299673707,https://www.fredtoma-rennes.com/,paysagiste,Rennes,gps_3km,2,18307143-6870-452a-9c1a-0fb2a9b7011d,0,{}
paysagiste,Coup de pouce paysage,https://www.google.com/maps/place/Coup+de+pouce+paysage/data=!4m7!3m6!1s0x480ede54d39e3377:0xe6afebefe4f70e79!8m2!3d48.107561!4d-1.6558777!16s%2Fg%2F1tgcr85r!19sChIJdzOe01TeDkgReQ735O_rr-Y?authuser=0&hl=fr&rclk=1,4.9,41,Paysagiste,10 Sq. Dr Guérin,,0675873466,https://coupdepouce-paysage.com/,paysagiste,Rennes,gps_1km,2,77e82242-fe01-4036-86e6-a33440b4a159,0,{}
paysagiste,Betula Paysage,https://www.google.com/maps/place/Betula+Paysage/data=!4m7!3m6!1s0x480efca5ec595fb9:0x433b26927f514116!8m2!3d48.1622435!4d-1.8610639!16s%2Fg%2F124yljwgz!19sChIJuV9Z7KX8DkgRFkFRf5ImO0M?authuser=0&hl=fr&rclk=1,4.8,132,Paysagiste,·,,0299688401,http://www.betulapaysage.fr/?utm_source=gmb,paysagiste,Rennes,gps_14km,2,0a4279e9-147a-48d4-a418-e2f00c053fca,0,{}
paysagiste,Aosia Paysage,https://www.google.com/maps/place/Aosia+Paysage/data=!4m7!3m6!1s0x480f27a18eb687bd:0xd0fbbf5d0fc95234!8m2!3d48.0618662!4d-1.6052428!16s%2Fg%2F11h3jhxj0c!19sChIJvYe2jqEnD0gRNFLJD12_-9A?authuser=0&hl=fr&rclk=1,4.9,104,Paysagiste,·,,0299656323,http://www.aosia-paysagiste.fr/?utm_source=gmb,paysagiste,Rennes,gps_7km,2,1bc597f0-34e2-4fb9-86b9-5ed9e44cdb4e,0,{}
paysagiste,Creogarden,https://www.google.com/maps/place/Creogarden/data=!4m7!3m6!1s0x480edd1f5fdab43d:0x1a761743aa386661!8m2!3d48.1609647!4d-1.688082!16s%2Fg%2F11kk5y520p!19sChIJPbTaXx_dDkgRYWY4qkMXdho?authuser=0&hl=fr&rclk=1,4.9,40,Architecte paysagiste,·,,0956674855,http://www.creogarden.fr/,paysagiste,Rennes,gps_5km,2,85dcb590-c848-4931-9895-a54f489e76c8,0,{}
paysagiste,Bruno entretien taille de haie entretien de jardin,https://www.google.com/maps/place/Bruno+entretien+taille+de+haie+entretien+de+jardin/data=!4m7!3m6!1s0x46604f5d1bd98485:0x6e8aceae96ea6173!8m2!3d48.1030348!4d-1.6776297!16s%2Fg%2F11kj208qtq!19sChIJhYTZG11PYEYRc2Hqlq7Oim4?authuser=0&hl=fr&rclk=1,5.0,63,Jardinier,28 Bd du Colombier,,0627036745,http://bruno-entretien.e-monsite.com/,paysagiste,Rennes,gps_0km,2,276071e4-fbe1-440c-976e-bd79e78bdd9a,0,{}
paysagiste,Concept garden,https://www.google.com/maps/place/Concept+garden/data=!4m7!3m6!1s0x480f2087846d3971:0xf8a15229c6929bf9!8m2!3d48.0594592!4d-1.6505406!16s%2Fg%2F11fmdmms9h!19sChIJcTlthIcgD0gR-ZuSxilSofg?authuser=0&hl=fr&rclk=1,4.9,14,Paysagiste,·,,0618007318,https://www.conceptgarden.fr/,paysagiste,Rennes,gps_6km,2,5ac5181d-5d7e-4517-9be0-83154f0eeec4,0,{}
paysagiste,Jardin Vivant - Paysagiste,https://www.google.com/maps/place/Jardin+Vivant+-+Paysagiste/data=!4m7!3m6!1s0x480ec523ce914b1d:0xba5975e6cfc5ff4b!8m2!3d48.2934943!4d-1.5903305!16s%2Fg%2F11b76h08sy!19sChIJHUuRziPFDkgRS__Fz-Z1Wbo?authuser=0&hl=fr&rclk=1,4.7,37,Paysagiste,Rue d'Aubigné,,0683163165,http://www.jardin-vivant.fr/,paysagiste,Rennes,gps_21km,2,91a8f20c-6e04-466b-ab83-cd86168ecdbe,0,{}
paysagiste,Green Vallée,https://www.google.com/maps/place/Green+Vall%C3%A9e/data=!4m7!3m6!1s0x480ee713bd244687:0x2c5b40eede3d6685!8m2!3d48.1459901!4d-1.7663137!16s%2Fg%2F11fwhy8s9d!19sChIJh0YkvRPnDkgRhWY93u5AWyw?authuser=0&hl=fr&rclk=1,4.8,34,Paysagiste,1 Rue Jean Marie Tullou,,0299139405,http://green-vallee.fr/,paysagiste,Rennes,gps_7km,2,f7da3321-8544-4ccd-b995-9a1257bb9f11,0,{}
paysagiste,Terre d'avenir,https://www.google.com/maps/place/Terre+d%27avenir/data=!4m7!3m6!1s0xbefeebec966c56b:0x93bce268f5fc2240!8m2!3d48.1087939!4d-1.6471272!16s%2Fg%2F11mkn085kl!19sChIJa8Vmyb7u7wsRQCL89WjivJM?authuser=0&hl=fr&rclk=1,5.0,7,Paysagiste,15 Rue Alexandra David-Néel,,0278086270,https://sites.google.com/view/terredavenirpaysagiste/accueil,paysagiste,Rennes,gps_2km,2,1cec7203-4c2b-410a-9624-af960c88caa9,0,{}
paysagiste,Ambiance Botanique,https://www.google.com/maps/place/Ambiance+Botanique/data=!4m7!3m6!1s0x480f1c2db0bd6863:0xe71bd80224103f41!8m2!3d48.0246863!4d-1.7846851!16s%2Fg%2F1wk6z4sz!19sChIJY2i9sC0cD0gRQT8QJALYG-c?authuser=0&hl=fr&rclk=1,4.8,32,Paysagiste,La Corbière,,0299928007,http://www.ambiance-botanique.com/?utm_source=gmb,paysagiste,Rennes,gps_12km,2,5b9142fe-3294-47c8-a2f3-c2bb90e5d4f3,0,{}
paysagiste,Zen Concept Paysages,https://www.google.com/maps/place/Zen+Concept+Paysages/data=!4m7!3m6!1s0x480ee1b0b7f8f6ad:0x398f158c6fc87fcd!8m2!3d48.1450782!4d-1.7703962!16s%2Fg%2F11txfp_bv3!19sChIJrfb4t7DhDkgRzX_Ib4wVjzk?authuser=0&hl=fr&rclk=1,5.0,8,Paysagiste,·,,0782495331,https://zenconceptpaysages.fr/,paysagiste,Rennes,gps_7km,2,e705f515-80d6-4a1d-9628-e465a0ed9490,0,{}
paysagiste,Désiles Paysage & Piscine,https://www.google.com/maps/place/D%C3%A9siles+Paysage+%26+Piscine/data=!4m7!3m6!1s0x480ee79ff5eda7df:0xb412f2c3499c3bb5!8m2!3d47.9904392!4d-1.5170503!16s%2Fg%2F11yl6j4fd!19sChIJ36ft9Z_nDkgRtTucScPyErQ?authuser=0&hl=fr&rclk=1,4.4,133,Paysagiste,·,,0299444686,http://www.desiles-paysage.fr/?utm_source=gmb,paysagiste,Rennes,gps_18km,2,e7087172-86e7-4037-bf93-e03b557c7e5d,0,{}
paysagiste,Ortica Entretien Elagueur Jardinier Paysagiste Saint Gregoire,https://www.google.com/maps/place/Ortica+Entretien+Elagueur+Jardinier+Paysagiste+Saint+Gregoire/data=!4m7!3m6!1s0x480eddb75c378947:0x7e69c1fb0804e45b!8m2!3d48.1518903!4d-1.6984398!16s%2Fg%2F11wts0vg66!19sChIJR4k3XLfdDkgRW-QECPvBaX4?authuser=0&hl=fr&rclk=1,5.0,20,Service d'élagage,Rue des Îles Kerguélen,,0782403692,https://ortica-entretien.e-monsite.com/,paysagiste,Rennes,gps_4km,2,10faaef1-31bb-4896-97b0-d99c482d550c,0,{}
paysagiste,Les Jardins B.L,https://www.google.com/maps/place/Les+Jardins+B.L/data=!4m7!3m6!1s0x480ee18c697dad33:0x319ebf041e5036aa!8m2!3d48.0903947!4d-1.7733233!16s%2Fg%2F11b6dp_ndb!19sChIJM619aYzhDkgRqjZQHgS_njE?authuser=0&hl=fr&rclk=1,4.8,5,Jardinier,·,,0299149050,https://www.paysagistes.pro/paysagistes/jardins-bertrand-lecroc-rheu/,paysagiste,Rennes,gps_7km,2,aef79ef8-e8f9-4ab5-a219-c294790baab6,0,{}
paysagiste,DAP Paysagiste - Spécialiste des espaces verts à Reims,https://www.google.com/maps/place/DAP+Paysagiste+-+Sp%C3%A9cialiste+des+espaces+verts+%C3%A0+Reims/data=!4m7!3m6!1s0x47e9759d1f0a7e0d:0xa030b1d57ae667ce!8m2!3d49.2616634!4d4.0097723!16s%2Fg%2F11js2j77tm!19sChIJDX4KH5116UcRzmfmetWxMKA?authuser=0&hl=fr&rclk=1,4.9,87,Paysagiste,215 Bd Charles Arnould,,0767383154,https://www.dap-paysagiste-reims.fr/,paysagiste,Reims,name,1,c348caaf-13e9-4fa5-941f-bb5d5f58c4b6,0,{}
paysagiste,SENSÉA PAYSAGE - Votre paysagiste à Reims,https://www.google.com/maps/place/SENS%C3%89A+PAYSAGE+-+Votre+paysagiste+%C3%A0+Reims/data=!4m7!3m6!1s0x47e975dc3c2ce9d3:0xf90c20857d039e6e!8m2!3d49.2737564!4d4.0898318!16s%2Fg%2F1txfngvx!19sChIJ0-ksPNx16UcRbp4DfYUgDPk?authuser=0&hl=fr&rclk=1,4.8,97,Paysagiste,·,,0326976112,http://www.senseapaysage.fr/,paysagiste,Reims,name,1,1a77182e-78bb-4e6d-bcee-9d6fec021c23,0,{}
paysagiste,PJS espaces verts,https://www.google.com/maps/place/PJS+espaces+verts/data=!4m7!3m6!1s0x47e02f0fd52c42e5:0x9e906f1aa089c950!8m2!3d49.5147212!4d0.1685998!16s%2Fg%2F1tdx3dz_!19sChIJ5UIs1Q8v4EcRUMmJoBpvkJ4?authuser=0&hl=fr&rclk=1,4.7,89,Paysagiste,·,,0235546750,http://www.pjs.fr/,paysagiste,Le Havre,gps_4km,2,ef0646de-f29b-4db2-ab1d-b4e850e06037,0,{}
paysagiste,Caux Environnement,https://www.google.com/maps/place/Caux+Environnement/data=!4m7!3m6!1s0x47e03c578ab61e4d:0x989d82a18ae85d1f!8m2!3d49.6116779!4d0.3181475!16s%2Fg%2F1xcbnxq8!19sChIJTR62ilc84EcRH13oiqGCnZg?authuser=0&hl=fr&rclk=1,4.9,29,Paysagiste,·,,0235306746,http://www.cauxenvironnement.fr/?utm_source=gmb,paysagiste,Le Havre,gps_20km,2,ba8312a0-fbb7-4779-9696-c63db4bc517f,0,{}
paysagiste,Societe Normande Du Paysage,https://www.google.com/maps/place/Societe+Normande+Du+Paysage/data=!4m7!3m6!1s0x47e04b5b3aea506b:0x147bec867b8c2571!8m2!3d49.4012253!4d0.4803848!16s%2Fg%2F11f57ssdqn!19sChIJa1DqOltL4EcRcSWMe4bsexQ?authuser=0&hl=fr&rclk=1,4.8,33,Paysagiste,184 Le Bout d'Amont,,0232569772,http://www.societe-normande-du-paysage.fr/,paysagiste,Le Havre,gps_28km,2,059d5ddb-9a43-4f07-85d9-71fed9ee5e88,0,{}
paysagiste,Mercier Paysage & Piscine Carré Bleu | Aménagement Paysager & Piscines (49),https://www.google.com/maps/place/Mercier+Paysage+%26+Piscine+Carr%C3%A9+Bleu+%7C+Am%C3%A9nagement+Paysager+%26+Piscines+%2849%29/data=!4m7!3m6!1s0x480877379ad4a37b:0x8d2682fbc626d012!8m2!3d47.5185573!4d-0.4424118!16s%2Fg%2F1v9tz8m_!19sChIJe6PUmjd3CEgREtAmxvuCJo0?authuser=0&hl=fr&rclk=1,4.6,75,Paysagiste,·,,0241764754,https://www.mercier-paysage.com/,paysagiste,Angers,gps_9km,2,323088d4-375d-492c-a6c8-b76d3a53f80b,0,{}
paysagiste,COCAULT MAÇONNERIE ANGERS,https://www.google.com/maps/place/COCAULT+MA%C3%87ONNERIE+ANGERS/data=!4m7!3m6!1s0x48087dd0ea1348eb:0xf0d24dc2202cb8fb!8m2!3d47.5319665!4d-0.6243748!16s%2Fg%2F1vc6csld!19sChIJ60gT6tB9CEgR-7gsIMJN0vA?authuser=0&hl=fr&rclk=1,4.9,45,Paysagiste,·,,0241427079,https://cocault-maconnerie-angers.fr/,paysagiste,Angers,name,2,dadcbe82-dc2a-4123-b8f3-c0f3451a8ce8,0,{}
paysagiste,"Daniel Moquet, le spécialiste de vos extérieurs - Ent.Palierne","https://www.google.com/maps/place/Daniel+Moquet,+le+sp%C3%A9cialiste+de+vos+ext%C3%A9rieurs+-+Ent.Palierne/data=!4m7!3m6!1s0x47e289c84464cf3f:0xa5309ae901fdaad!8m2!3d48.0623498!4d0.2172737!16s%2Fg%2F11bwpcglxy!19sChIJP89kRMiJ4kcRrdofkK4JUwo?authuser=0&hl=fr&rclk=1",4.5,141,Paysagiste,·,,0243320202,https://www.daniel-moquet.fr/,paysagiste,Le Mans,gps_6km,3,cec77469-6395-4a6e-b91f-0d61368a28bd,0,{}
paysagiste,SARL THEROUIN PAYSAGE,https://www.google.com/maps/place/SARL+THEROUIN+PAYSAGE/data=!4m7!3m6!1s0xa4698ef4814fe6f5:0x93cdeba882f4dde7!8m2!3d47.9611852!4d0.0802437!16s%2Fg%2F11n3ww1s51!19sChIJ9eZPgfSOaaQR5930gqjrzZM?authuser=0&hl=fr&rclk=1,5.0,6,Paysagiste,1 Chem. des Maubets,,0681182730,https://www.therouin-paysage.fr/,paysagiste,Le Mans,gps_10km,3,ae78fb2f-b200-49ee-b3fa-bb5ca6d8d007,1,"{'loss_reason': {'date': '2026-03-27T11:36:53.408Z', 'reason': 'autre'}}"
paysagiste,Garden Park Concept - Agence de Brest - Revêtements extérieurs de qualité,https://www.google.com/maps/place/Garden+Park+Concept+-+Agence+de+Brest+-+Rev%C3%AAtements+ext%C3%A9rieurs+de+qualit%C3%A9/data=!4m7!3m6!1s0x4816bb85d4fd0bb9:0xbfd879d1a32cf4a1!8m2!3d48.4304169!4d-4.451703!16s%2Fg%2F11t2ydjsmc!19sChIJuQv91IW7FkgRofQso9F52L8?authuser=0&hl=fr&rclk=1,4.9,51,Paysagiste,·,,0675325481,https://gardenparkconcept.com/agences-amenagements-exterieurs/garden-park-concept-brest/,paysagiste,Brest,name,1,6a9c5676-9564-458b-bcf9-f0e9e9471dab,0,{}
paysagiste,Hugo Campion,https://www.google.com/maps/place/Hugo+Campion/data=!4m7!3m6!1s0x4816ba01ad91daab:0x4bd7cc938e08937c!8m2!3d48.3895304!4d-4.4913466!16s%2Fg%2F1tm0skmh!19sChIJq9qRrQG6FkgRfJMIjpPM10s?authuser=0&hl=fr&rclk=1,5.0,13,Architecte paysagiste,3 Rue Keravel,,0680569023,https://www.hugocampion.fr/,paysagiste,Brest,gps_0km,1,2506b3f7-c485-4912-8d80-0e3d69d3ec77,0,{}
paysagiste,Jardin 29,https://www.google.com/maps/place/Jardin+29/data=!4m7!3m6!1s0x4816b90b013dfcbf:0x6b7b0ebcbd165333!8m2!3d48.3821597!4d-4.4875972!16s%2Fg%2F11tdk7_q29!19sChIJv_w9AQu5FkgRM1MWvbwOe2s?authuser=0&hl=fr&rclk=1,5.0,7,Jardinier,6 Rue de Porstrein,,0222081307,,paysagiste,Brest,gps_0km,1,1f92ee32-3c3f-4836-8250-5decfd9f3011,0,{}
paysagiste,Minou Paysages,https://www.google.com/maps/place/Minou+Paysages/data=!4m7!3m6!1s0x4816958549e0e6ab:0x23eba223730dd708!8m2!3d48.3557758!4d-4.5994911!16s%2Fg%2F1td0mf93!19sChIJq-bgSYWVFkgRCNcNcyOi6yM?authuser=0&hl=fr&rclk=1,4.6,28,Paysagiste,·,,0298492830,http://www.minoupaysages.com/,paysagiste,Brest,gps_9km,1,a18d513c-5675-405d-b7f4-fec970b43df4,0,{}
paysagiste,Bodonnou Paysages,https://www.google.com/maps/place/Bodonnou+Paysages/data=!4m7!3m6!1s0x4816961cb30d8cb1:0xf7101d2027eaf02a!8m2!3d48.398009!4d-4.600268!16s%2Fg%2F1tj1lx_y!19sChIJsYwNsxyWFkgRKvDqJyAdEPc?authuser=0&hl=fr&rclk=1,4.6,34,Paysagiste,"2850 Route de Bodonnou, Kerhallet Lieu-dit",,0298485022,http://bodonnoupaysages.fr/?utm_source=gmb,paysagiste,Brest,gps_8km,1,e777a203-a8c2-4adc-b60a-5a163477d353,0,{}
paysagiste,L'empreinte paysagiste,https://www.google.com/maps/place/L%27empreinte+paysagiste/data=!4m7!3m6!1s0x48169b1b72ac3745:0x552813bd03f19546!8m2!3d48.4708155!4d-4.6466542!16s%2Fg%2F11fx7mpgvl!19sChIJRTeschubFkgRRpXxA70TKFU?authuser=0&hl=fr&rclk=1,5.0,29,Architecte paysagiste,60 Kerdrioual,,0298373024,http://www.empreinte-paysagiste.fr/,paysagiste,Brest,gps_14km,1,50ea5d19-3e35-49e5-8e3c-80cbf5363c9c,0,{}
paysagiste,Garden Concepts paysagiste - agence de Ploudalmézeau,https://www.google.com/maps/place/Garden+Concepts+paysagiste+-+agence+de+Ploudalm%C3%A9zeau/data=!4m7!3m6!1s0x481698d3b0da1e67:0xae84fb35ef7475ab!8m2!3d48.5303578!4d-4.6588827!16s%2Fg%2F11b7gl7039!19sChIJZx7asNOYFkgRq3V07zX7hK4?authuser=0&hl=fr&rclk=1,4.9,144,Paysagiste,Saint-Roch ZA de,,0298367389,http://www.garden-concepts.bzh/,paysagiste,Brest,gps_20km,1,5b3c37af-6ae4-4632-bd4a-8db9f0d01d07,0,{}
paysagiste,Vauthelin Paysages,https://www.google.com/maps/place/Vauthelin+Paysages/data=!4m7!3m6!1s0x4816b7303725924f:0x4f388e78b3731643!8m2!3d48.3870242!4d-4.3480813!16s%2Fg%2F1vzg1nc2!19sChIJT5IlNzC3FkgRQxZzs3iOOE8?authuser=0&hl=fr&rclk=1,4.5,206,Paysagiste,·,,0298405289,https://www.vauthelin-paysages.com/,paysagiste,Brest,gps_10km,1,5fdb03da-08a3-4039-868b-6e47791e46a7,0,{}
paysagiste,Ambiances et Paysages - Paysagiste à Landerneau,https://www.google.com/maps/place/Ambiances+et+Paysages+-+Paysagiste+%C3%A0+Landerneau/data=!4m7!3m6!1s0x4816add7676a1063:0x459b518ac1e018c1!8m2!3d48.489196!4d-4.2457!16s%2Fg%2F11n97h3tf0!19sChIJYxBqZ9etFkgRwRjgwYpRm0U?authuser=0&hl=fr&rclk=1,4.8,62,Paysagiste,·,,0298431469,https://ambiances-paysages-finistere.fr/,paysagiste,Brest,gps_20km,1,928340f1-9e9f-4686-aa95-a99af4906d21,0,{}
paysagiste,SARL Paysage du Léon,https://www.google.com/maps/place/SARL+Paysage+du+L%C3%A9on/data=!4m7!3m6!1s0x48169eabbd81f8fd:0x8dc81cc8027af337!8m2!3d48.5283274!4d-4.6141927!16s%2Fg%2F11b6d94m9h!19sChIJ_fiBvaueFkgRN_N6AsgcyI0?authuser=0&hl=fr&rclk=1,4.7,18,Paysagiste,·,,0298895985,https://www.paysageduleon.fr/,paysagiste,Brest,gps_18km,1,81a04530-a627-4e70-9bb0-54df4b719b88,0,{}
paysagiste,Yann PIRIOU,https://www.google.com/maps/place/Yann+PIRIOU/data=!4m7!3m6!1s0x4816b7c2414ee8b3:0x247d25cf11f3bdb9!8m2!3d48.3724092!4d-4.3707161!16s%2Fg%2F11fh_5vbtr!19sChIJs-hOQcK3FkgRub3zEc8lfSQ?authuser=0&hl=fr&rclk=1,4.6,10,Paysagiste,1 Rue Jean Fournier,,0638846232,https://www.paysagistes.fr/paysagistes/yann-piriou-plougastel/,paysagiste,Brest,gps_8km,1,c1c524ef-9b5f-4165-81ae-76fdea36bde7,0,{}
paysagiste,Lanier Léo,https://www.google.com/maps/place/Lanier+L%C3%A9o/data=!4m7!3m6!1s0x4810ef31c19f34ed:0x8260c1f01292ccf8!8m2!3d47.80829!4d-3.6424885!16s%2Fg%2F11rsfyxy5h!19sChIJ7TSfwTHvEEgR-MySEvDBYII?authuser=0&hl=fr&rclk=1,5.0,23,Paysagiste,35 Rte de Kerfany,,0607518275,http://leolanier.fr/,paysagiste,Lorient,gps_21km,2,573baa17-5ed4-46a4-8069-2c95dc95d2da,0,{}
paysagiste,Tardivel Paysage,https://www.google.com/maps/place/Tardivel+Paysage/data=!4m7!3m6!1s0x480e119536337d3f:0x10de96547a079dd6!8m2!3d48.4694478!4d-2.5157542!16s%2Fg%2F11z3z4hssm!19sChIJP30zNpURDkgR1p0HelSW3hA?authuser=0&hl=fr&rclk=1,5.0,13,Paysagiste,3 Rue Dr Calmette,,0688166008,https://tardivelpaysage.com/paysagiste-lamballe/,paysagiste,Saint-Brieuc,gps_18km,1,4c20ffc1-38ea-4525-8d4a-cf36be152ccc,0,{}
paysagiste,Art des Jardins,https://www.google.com/maps/place/Art+des+Jardins/data=!4m7!3m6!1s0x480e1ba957500001:0xc8ff0f7861c99a8c!8m2!3d48.4837959!4d-2.6538234!16s%2Fg%2F11s0x7n155!19sChIJAQBQV6kbDkgRjJrJYXgP_8g?authuser=0&hl=fr&rclk=1,4.8,23,Paysagiste,·,,0296639490,http://artdesjardins.bzh/,paysagiste,Saint-Brieuc,gps_8km,1,34203e89-ffc9-413f-9912-c2b7188cb3c0,0,{}
paysagiste,kernin paysage,https://www.google.com/maps/place/kernin+paysage/data=!4m7!3m6!1s0x4810fbc5130daca1:0xe55475369263bad5!8m2!3d47.9063903!4d-3.524676!16s%2Fg%2F11qp56cdl7!19sChIJoawNE8X7EEgR1bpjkjZ1VOU?authuser=0&hl=fr&rclk=1,5.0,3,Jardinier,Rue Keranguen,,0764734120,,paysagiste,Lorient,gps_21km,2,6e47ac55-c52e-40cb-b095-75ba0eb3f6e5,0,{}
paysagiste,Concept Patio – Paysagiste à Plédran,https://www.google.com/maps/place/Concept+Patio+%E2%80%93+Paysagiste+%C3%A0+Pl%C3%A9dran/data=!4m7!3m6!1s0x480e1f1264fbf59b:0xec9fc86717568d18!8m2!3d48.4667078!4d-2.7874682!16s%2Fg%2F11y3qbs60q!19sChIJm_X7ZBIfDkgRGI1WF2fIn-w?authuser=0&hl=fr&rclk=1,5.0,30,Paysagiste,·,,0643764163,https://www.facebook.com/profile.php?id=61557919020700,paysagiste,Saint-Brieuc,gps_5km,1,291d068d-40f0-4f43-9c1a-f8f0094bce8d,0,{}
paysagiste,Falize-Blondel,https://www.google.com/maps/place/Falize-Blondel/data=!4m7!3m6!1s0x47e784fc13a06ce9:0x59aa0e06fbacbdac!8m2!3d49.898056!4d2.3563!16s%2Fg%2F11c1q4r6rx!19sChIJ6WygE_yE50cRrL2s-wYOqlk?authuser=0&hl=fr&rclk=1,4.5,66,Paysagiste,·,,0322476414,http://falizeblondel.fr/,paysagiste,Amiens,gps_4km,2,5841133e-4800-4a11-ac97-513f0c5e1389,0,{}
paysagiste,CRÉA PAYSAGE,https://www.google.com/maps/place/CR%C3%89A+PAYSAGE/data=!4m7!3m6!1s0x47dd7c595fd26b7b:0x1101822d10afe865!8m2!3d50.0508273!4d2.3227983!16s%2Fg%2F11wnjjf497!19sChIJe2vSX1l83UcRZeivEC2CARE?authuser=0&hl=fr&rclk=1,4.6,22,Paysagiste,3 Rue de la Vallée,,0623000787,http://crea-paysage80.fr/,paysagiste,Amiens,gps_17km,2,ad7bd4b1-967c-4730-8495-3d1511eebaff,1,{}
paysagiste,LD Paysages,https://www.google.com/maps/place/LD+Paysages/data=!4m7!3m6!1s0x47e78f84d24f4d65:0x9ea8009d70588c85!8m2!3d49.9697584!4d2.2914934!16s%2Fg%2F11cly512bx!19sChIJZU1P0oSP50cRhYxYcJ0AqJ4?authuser=0&hl=fr&rclk=1,5.0,5,Paysagiste,,,0610982193,http://www.ldpaysages.fr/,paysagiste,Amiens,gps_8km,2,df9e99e2-0ded-477c-a5ba-a109eb449f1a,1,{}
paysagiste,Gignon Thierry,https://www.google.com/maps/place/Gignon+Thierry/data=!4m7!3m6!1s0x47dd62c89988ddc1:0xe88af8e94bad9b97!8m2!3d50.018285!4d2.3838087!16s%2Fg%2F1tczv6kl!19sChIJwd2Imchi3UcRl5utS-n4iug?authuser=0&hl=fr&rclk=1,4.9,14,Paysagiste,17 Rue Richard Vilbert,,0322933186,https://www.gignon-paysagiste.fr/,paysagiste,Amiens,gps_15km,2,17b20a2f-c11f-40bc-8625-d35f6101d8a1,0,{}
paysagiste,Agir Paysage,https://www.google.com/maps/place/Agir+Paysage/data=!4m7!3m6!1s0x47dd61c2122eaaab:0xd25b9d3b18d1c6b3!8m2!3d50.0065475!4d2.4895081!16s%2Fg%2F11khzp4v6v!19sChIJq6ouEsJh3UcRs8bRGDudW9I?authuser=0&hl=fr&rclk=1,5.0,3,Paysagiste,4 Rue du Bois,,0662413365,https://agir-paysage.fr/,paysagiste,Amiens,gps_18km,2,96c4405c-4ce1-41c4-85f6-1ff8a74c11df,1,{}
paysagiste,Gd Paysage,https://www.google.com/maps/place/Gd+Paysage/data=!4m7!3m6!1s0xabb0f449c74d843d:0x37d521c0317c2f51!8m2!3d49.8987104!4d2.2846814!16s%2Fg%2F11y41s9w2v!19sChIJPYRNx0n0sKsRUS98McAh1Tc?authuser=0&hl=fr&rclk=1,5.0,6,Paysagiste,·,,0627437806,https://gd-paysage.fr/,paysagiste,Amiens,gps_0km,2,e68bc875-c6b6-4d77-8f8c-2df4bd29b1f7,2,{}
paysagiste,Leger Daniel,https://www.google.com/maps/place/Leger+Daniel/data=!4m7!3m6!1s0x47fece2bac59081d:0x6c81ef1269af88d2!8m2!3d45.8157365!4d1.2493557!16s%2Fg%2F1tdwpg9g!19sChIJHQhZrCvO_kcR0oivaRLvgWw?authuser=0&hl=fr&rclk=1,5.0,7,Paysagiste,252 Av. Baudin,,0608466491,https://www.paysagiste-legerdaniel.com/,paysagiste,Limoges,gps_2km,0,5f03231f-4be6-47c5-a5b7-f9d0efa5b744,0,{}
paysagiste,POUCE VERT AMENAGEMENT,https://www.google.com/maps/place/POUCE+VERT+AMENAGEMENT/data=!4m7!3m6!1s0x47e0d9879b976eb3:0x5b5d12de4052f56f!8m2!3d49.4301083!4d1.156658!16s%2Fg%2F11xvctt8sl!19sChIJs26Xm4fZ4EcRb_VSQN4SXVs?authuser=0&hl=fr&rclk=1,5.0,20,Paysagiste,598 bis Rue du Vert Buisson,,0278816892,,paysagiste,Rouen,gps_4km,2,44a62690-9078-444d-b407-58881e5aa436,0,{}
paysagiste,Espaces Verts CELLE Jardiner Lunéville Paysagiste Taille de haie pose de clôture de qualité,https://www.google.com/maps/place/Espaces+Verts+CELLE+Jardiner+Lun%C3%A9ville+Paysagiste+Taille+de+haie+pose+de+cl%C3%B4ture+de+qualit%C3%A9/data=!4m7!3m6!1s0x614eb078d3384c0d:0xabd1bb7312935376!8m2!3d48.591902!4d6.491767!16s%2Fg%2F11ycys_ngl!19sChIJDUw403iwTmERdlOTEnO70as?authuser=0&hl=fr&rclk=1,4.9,9,Service d'élagage,2 Place Saint-Rémy,,0656864500,https://www.google.com/aclk?sa=L&ai=DChsSEwi_5s3b1L2UAxUUnmgJHfehNsYYACICCAEQARoCd2Y&co=1&ase=2&gclid=CjwKCAjwq6DQBhBVEiwA4ZD5XDMNZmMInhxRqvAKnRheZBSlmTZHnNPC2SjZB6hucLhSxEy-nac52RoC-NYQAvD_BwE&cce=2&category=acrcp_v1_32&sig=AOD64_3aJ-HGM812IfRC79czVLJK9Lye0Q&adurl&q&ctype=99&nis=6,cloture,Nancy,gps_25km,1,eeb307ad-fd3d-480a-a883-8878269125d6,0,{}
paysagiste,Innovation Nature et Paysage,https://www.google.com/maps/place/Innovation+Nature+et+Paysage/data=!4m7!3m6!1s0x228597ba1b14102f:0xbb1828b2a8fcfd5f!8m2!3d48.6768287!4d6.1740479!16s%2Fg%2F11p18kjz8r!19sChIJLxAUG7qXhSIRX_38qLIoGLs?authuser=0&hl=fr&rclk=1,4.9,35,Paysagiste,25 Rue du Colonel Grandval,,0636022862,https://www.innovation-nature-paysage.fr/,paysagiste,Nancy,gps_2km,2,e6c10ba9-a3cf-4334-ab31-37e3357c486e,0,{}
paysagiste,Tissoires Paysages,https://www.google.com/maps/place/Tissoires+Paysages/data=!4m7!3m6!1s0x47c3287a8bfe00c1:0x1a491d66df26ae21!8m2!3d50.667855!4d3.1903884!16s%2Fg%2F11c2nqlq6x!19sChIJwQD-i3oow0cRIa4m32YdSRo?authuser=0&hl=fr&rclk=1,4.8,88,Paysagiste,66 Rue Louis Loucheur,,0320149669,http://www.tissoirespaysages.com/,paysagiste,Roubaix,gps_2km,2,f9ce3337-285f-44c9-893e-bd0de0793919,0,{}
paysagiste,Metropole Jardin Marc,https://www.google.com/maps/place/Metropole+Jardin+Marc/data=!4m7!3m6!1s0x47c32b1a5d2d4b11:0x7247546960a6125d!8m2!3d50.6888053!4d3.038426!16s%2Fg%2F1tdqywsy!19sChIJEUstXRorw0cRXRKmYGlUR3I?authuser=0&hl=fr&rclk=1,4.6,20,Paysagiste,990 Rue de l'Agrippin,,0614184872,https://www.metropole-jardins.fr/,paysagiste,Marcq-en-Barœul,gps_4km,1,0f43eab9-3d5a-4437-ba67-0787a90782f4,0,{}
paysagiste,Daniel Moquet signe vos allées - Ent. Malingrey,https://www.google.com/maps/place/Daniel+Moquet+signe+vos+all%C3%A9es+-+Ent.+Malingrey/data=!4m7!3m6!1s0x47c32c6995991f2f:0x982655f6c28951c!8m2!3d50.7493491!4d3.0818333!16s%2Fg%2F119t72mbc!19sChIJLx-ZlWksw0cRHJUobF9lggk?authuser=0&hl=fr&rclk=1,4.9,74,Paysagiste,·,,0320239055,https://www.daniel-moquet.com/,paysagiste,Tourcoing,gps_6km,2,144bfcb0-097f-4bd2-b2b3-a9d586dabe28,0,{}
paysagiste,Allex-Home Paysagiste pour vos Espaces Verts,https://www.google.com/maps/place/Allex-Home+Paysagiste+pour+vos+Espaces+Verts/data=!4m7!3m6!1s0x47c32b1ffcee285d:0xf4261d22d27b61b0!8m2!3d50.6621082!4d2.7844563!16s%2Fg%2F11hzmst2gn!19sChIJXSju_B8rw0cRsGF70iIdJvQ?authuser=0&hl=fr&rclk=1,4.9,30,Paysagiste,2290 Rue de la Lys,,0647796094,https://allex-home-paysagiste.fr/contact-allex-home-paysagiste-20mn-de-lille-amenagement-paysager-entreprise-sailly-sur-la-lys/,paysagiste,Lille,gps_19km,2,7e3b2456-61db-4309-96c5-6a4e9c4051cf,0,{}
paysagiste,CAJEV Paysagistes - Lagord,https://www.google.com/maps/place/CAJEV+Paysagistes+-+Lagord/data=!4m7!3m6!1s0x4801530033cdcd37:0x43f6312b392d9489!8m2!3d46.1881!4d-1.147974!16s%2Fg%2F11xmz9qs88!19sChIJN83NMwBTAUgRiZQtOSsx9kM?authuser=0&hl=fr&rclk=1,5.0,6,Paysagiste,16 Rue des Greffières,,0251241919,https://www.google.com/aclk?sa=L&ai=DChsSEwjliYiV1r2UAxUs8XkEHZyCC9MYACICCAEQABoCd2Y&co=1&ase=2&gclid=CjwKCAjwq6DQBhBVEiwA4ZD5XB4AgIzRpqXzBoh7JLn4PA5zuMJfXQPjc82x-_zcd-C5Nhu1grVwSxoCtiQQAvD_BwE&cce=2&category=acrcp_v1_32&sig=AOD64_3OyiiUjtU2z_Jb9JBaEv-mq9Mb8w&adurl&q&ctype=99&nis=6,paysagiste,La Rochelle,gps_3km,0,4ef04068-a147-4d1e-9027-992d794ed26f,0,{}
paysagiste,Jardi Zen,https://www.google.com/maps/place/Jardi+Zen/data=!4m7!3m6!1s0x480c976d570e74eb:0xb983f14c87b807d6!8m2!3d49.6531642!4d-1.7070583!16s%2Fg%2F11cs3zlx74!19sChIJ63QOV22XDEgR1ge4h0zxg7k?authuser=0&hl=fr&rclk=1,4.7,46,Paysagiste,·,,0670790575,http://www.paysagiste-cherbourg.fr/,paysagiste,Cherbourg-en-Cotentin,gps_6km,2,688972a1-18a0-4648-b961-8cb5f1a20c50,0,{}
paysagiste,Danielou Elagage,https://www.google.com/maps/place/Danielou+Elagage/data=!4m7!3m6!1s0x12cdd307256209ab:0xabf37b3129215054!8m2!3d43.713837!4d7.13764!16s%2Fg%2F11jmq1yvt8!19sChIJqwliJQfTzRIRVFAhKTF786s?authuser=0&hl=fr&rclk=1,5.0,189,Service d'élagage,511 Chemin du Galinier,,0649829966,https://www.google.com/aclk?sa=L&ai=DChsSEwjfk-7c1r2UAxVXPgYAHUYFIl0YACICCAEQBxoCd3M&co=1&ase=2&gclid=CjwKCAjwq6DQBhBVEiwA4ZD5XGn6WQxzXEFk8aQpKU25oqXdi-UyEqywA9khNbzWnRL77GxhY-Oa7RoCxMoQAvD_BwE&cce=2&category=acrcp_v1_32&sig=AOD64_3nREl83KySLNGLSZNV3iQGrtJGCQ&adurl&q&ctype=99&nis=6,paysagiste,Cagnes-sur-Mer,gps_5km,1,6e0009e6-0dcf-48e1-8dfe-05c37e07017a,0,{}
paysagiste,Clean Jardin,https://www.google.com/maps/place/Clean+Jardin/data=!4m7!3m6!1s0x12cc2ae99a686655:0xfc1c55ddccd86f5!8m2!3d43.5971642!4d7.0692682!16s%2Fg%2F11hz8s1ll8!19sChIJVWZomukqzBIR9YbN3F3FwQ8?authuser=0&hl=fr&rclk=1,5.0,33,Paysagiste,70 Rue Robert Desnos,,0609094606,https://www.clean-jardin.com/fr/contact,paysagiste,Le Cannet,gps_4km,2,6fcf2040-a53f-4919-bc6e-3114e8dd6af7,0,{}
paysagiste,Symbi Om Paysages | Paysagiste Antibes,https://www.google.com/maps/place/Symbi+Om+Paysages+%7C+Paysagiste+Antibes/data=!4m7!3m6!1s0x12cdd5183fcfb72b:0xe1d3cb8e5220292e!8m2!3d43.5990054!4d7.1158117!16s%2Fg%2F11fsmvmldg!19sChIJK7fPPxjVzRIRLikgUo7L0-E?authuser=0&hl=fr&rclk=1,4.9,32,Paysagiste,260 All. des Cigales,,0625703873,https://symbiompaysages.fr/,paysagiste,Antibes,name,2,c4277b4e-215d-4204-b282-3417fa37604e,0,{}
paysagiste,MAX GARDEN,https://www.google.com/maps/place/MAX+GARDEN/data=!4m7!3m6!1s0x12cdd5608ec76c4b:0xfa3c4078d8bb2a22!8m2!3d43.6092055!4d7.072841!16s%2Fg%2F11dyymspxp!19sChIJS2zHjmDVzRIRIiq72HhAPPo?authuser=0&hl=fr&rclk=1,5.0,59,Jardinier,282 Rue des Cistes,,0978816646,http://maxgardenpaysagiste.com/,paysagiste,Antibes,gps_5km,2,9070a3e0-5e8b-416d-bcf4-6e391112d47a,0,{}
paysagiste,Primvert Paysage,https://www.google.com/maps/place/Primvert+Paysage/data=!4m7!3m6!1s0x12cdd519e1c21253:0xb7835f4232cf7ad9!8m2!3d43.590306!4d7.0767268!16s%2Fg%2F1tctnwgq!19sChIJUxLC4RnVzRIR2XrPMkJfg7c?authuser=0&hl=fr&rclk=1,4.8,18,Paysagiste,·,,0493674570,http://primvert-paysage.com/,paysagiste,Antibes,gps_3km,2,f28d289b-ac92-4dd9-b8d8-6729de05a055,0,{}
paysagiste,Atrium Paysage,https://www.google.com/maps/place/Atrium+Paysage/data=!4m7!3m6!1s0x12cdd4d8ef87d7a7:0x79721dcde2637f1b!8m2!3d43.6097822!4d7.1060821!16s%2Fg%2F1vvw_plv!19sChIJp9eH79jUzRIRG39j4s0dcnk?authuser=0&hl=fr&rclk=1,4.5,61,Paysagiste,·,,0492912480,https://www.atrium-paysage.fr/,paysagiste,Antibes,gps_3km,2,fda56433-4f22-41ad-a66e-b90b7237987f,0,{}
paysagiste,Eden Paysage,https://www.google.com/maps/place/Eden+Paysage/data=!4m7!3m6!1s0x12cdd515bf1b32c7:0xe8fde4e86eab6d4b!8m2!3d43.5999791!4d7.0913083!16s%2Fg%2F1td5bq5p!19sChIJxzIbvxXVzRIRS22rbujk_eg?authuser=0&hl=fr&rclk=1,5.0,7,Paysagiste,540 1ère Avenue,,0493959896,http://www.eden-paysage.com/,paysagiste,Antibes,gps_3km,2,122bb19f-84e1-43b5-ab1e-c943554de80c,0,{}
paysagiste,RIVIERE PAYSAGE,https://www.google.com/maps/place/RIVIERE+PAYSAGE/data=!4m7!3m6!1s0x12cc2b05ddfe8089:0x8f9c9bafba070028!8m2!3d43.5950705!4d7.1129538!16s%2Fg%2F11r9m9d8hz!19sChIJiYD-3QUrzBIRKAAHuq-bnI8?authuser=0&hl=fr&rclk=1,4.5,17,Paysagiste,4 Imp. Beauvert,,0493330783,https://www.riviere-paysage.com/,paysagiste,Antibes,gps_1km,2,637e2035-62be-49cd-b769-ec3f1fe74a6e,0,{}
paysagiste,Martin & Martin Paysages,https://www.google.com/maps/place/Martin+%26+Martin+Paysages/data=!4m7!3m6!1s0x12cc2a9a843683f3:0xd4060e923f77c656!8m2!3d43.5814914!4d7.0619172!16s%2Fg%2F1tl6n9pn!19sChIJ84M2hJoqzBIRVsZ3P5IOBtQ?authuser=0&hl=fr&rclk=1,4.9,45,Paysagiste,·,,0493644601,https://martin-paysages.com/,paysagiste,Le Cannet,gps_3km,2,6f829f84-caf8-449c-8275-eb7bede7798a,0,{}
paysagiste,Rolando Paysages,https://www.google.com/maps/place/Rolando+Paysages/data=!4m7!3m6!1s0x12cdd56b4ae20fcb:0xe16a369e388136aa!8m2!3d43.5973402!4d7.1131826!16s%2Fg%2F1tf8w5gq!19sChIJyw_iSmvVzRIRqjaBOJ42auE?authuser=0&hl=fr&rclk=1,4.5,6,Paysagiste,1175 Av. Jules Grec,,0493744173,,paysagiste,Antibes,gps_1km,2,955657f3-1ff7-4371-8bfa-d84c6dae31d7,0,{}
paysagiste,CALDERONI JARDINS,https://www.google.com/maps/place/CALDERONI+JARDINS/data=!4m7!3m6!1s0x12cc2b90cb510061:0x305891db26d9a19d!8m2!3d43.6213422!4d7.0451737!16s%2Fg%2F11lz_9pgm_!19sChIJYQBRy5ArzBIRnaHZJtuRWDA?authuser=0&hl=fr&rclk=1,5.0,40,Paysagiste,5 Dsc des Orangers,,0628591051,https://calderoni-jardins.fr/,paysagiste,Le Cannet,gps_5km,2,15d7ba58-e60c-4cd8-a3e8-48ea5d417ba9,0,{}
paysagiste,SEV Paysages,https://www.google.com/maps/place/SEV+Paysages/data=!4m7!3m6!1s0x12cdd5f64921911d:0x9fb4b2e8172ec453!8m2!3d43.618475!4d7.1145511!16s%2Fg%2F11kpy28dt9!19sChIJHZEhSfbVzRIRU8QuF-iytJ8?authuser=0&hl=fr&rclk=1,5.0,13,Paysagiste,125 Chem. des Prés,,0493646319,http://www.sev-paysages.com/,paysagiste,Antibes,gps_4km,2,d67c3f3a-a2a8-4075-82a8-0681ab89de0f,0,{}
paysagiste,Atelier Du Paysage,https://www.google.com/maps/place/Atelier+Du+Paysage/data=!4m7!3m6!1s0x47dc38d18d551d29:0x65b0e618d2c4aab5!8m2!3d50.9087553!4d1.8356024!16s%2Fg%2F11ghpp4s63!19sChIJKR1VjdE43EcRtarE0hjmsGU?authuser=0&hl=fr&rclk=1,4.6,19,Paysagiste,401 Rue du Pont de Nielles,,0638688623,https://atelierdupaysage.pro/,paysagiste,Calais,gps_5km,2,84b89960-21db-4cb7-80cf-c34ad971513b,1,{}
paysagiste,Dufeutrelle espaces verts,https://www.google.com/maps/place/Dufeutrelle+espaces+verts/data=!4m7!3m6!1s0x4354b78e23cc9c1:0x30fac8d0a5c58ac8!8m2!3d50.9157856!4d1.890314!16s%2Fg%2F11krfgp4w_!19sChIJwck84nhLNQQRyIrFpdDI-jA?authuser=0&hl=fr&rclk=1,4.8,16,Paysagiste,·,,0675140560,,paysagiste,Calais,gps_4km,2,dc2ffe00-eb03-4c15-a3f0-e20957c417f9,1,{}
paysagiste,Bocca Jardins,https://www.google.com/maps/place/Bocca+Jardins/data=!4m7!3m6!1s0x12ce824fe096b83f:0xbaf615e42bb1d626!8m2!3d43.548598!4d6.974714!16s%2Fg%2F1v2sj5r1!19sChIJP7iW4E-CzhIRJtaxK-QV9ro?authuser=0&hl=fr&rclk=1,5.0,8,Paysagiste,28 Av. de la Roubine,,0430220238,http://www.boccajardins.fr/,paysagiste,Cannes,gps_3km,2,10a7af22-3c96-44b8-a891-5df1a347ad28,0,{}
paysagiste,AZUREA PAYSAGES,https://www.google.com/maps/place/AZUREA+PAYSAGES/data=!4m7!3m6!1s0x12ce8260697bcc11:0x2a55ba60a4e22a19!8m2!3d43.5607561!4d6.9656421!16s%2Fg%2F11clsy7xd_!19sChIJEcx7aWCCzhIRGSripGC6VSo?authuser=0&hl=fr&rclk=1,4.8,9,Paysagiste,·,,0422108396,http://www.azurea-paysages.com/,paysagiste,Cannes,gps_3km,2,3e52fc9c-be7f-41cb-bf39-f2a1d7ad11d1,0,{}
paysagiste,Paysages Secrets,https://www.google.com/maps/place/Paysages+Secrets/data=!4m7!3m6!1s0x12ce831984ba006b:0x557d6cb6eed52214!8m2!3d43.5595997!4d6.9492243!16s%2Fg%2F11gsbdrl82!19sChIJawC6hBmDzhIRFCLV7rZsfVU?authuser=0&hl=fr&rclk=1,4.6,9,Jardinier,Chemin Rue Antoine Laurent,,0673472444,https://paysages-secrets.fr/,paysagiste,Cannes,gps_5km,2,e3ab31bc-580f-4dd0-ae22-5fd7ecdb02b0,0,{}
paysagiste,Les Jardins Florissants,https://www.google.com/maps/place/Les+Jardins+Florissants/data=!4m7!3m6!1s0x12cc293882cc9c27:0x642496aacfb3db31!8m2!3d43.6415719!4d6.9852844!16s%2Fg%2F11c7w0vr3p!19sChIJJ5zMgjgpzBIRMduzz6qWJGQ?authuser=0&hl=fr&rclk=1,5.0,20,Paysagiste,·,,0687703665,http://www.lesjardinsflorissants.fr/,paysagiste,Grasse,gps_5km,2,b722c35e-e357-418a-96ca-9a7312324f54,0,{}
paysagiste,GARDEN ART PROVENCE Jardinier / paysagiste,https://www.google.com/maps/place/GARDEN+ART+PROVENCE+Jardinier+%2F+paysagiste/data=!4m7!3m6!1s0x12cdcd6195a88f7f:0x608c697997a22afe!8m2!3d43.7234164!4d7.1045673!16s%2Fg%2F11f4mbrm7h!19sChIJf4-olWHNzRIR_iqil3lpjGA?authuser=0&hl=fr&rclk=1,5.0,36,Jardinier,39 Av. Foch,,0664770305,https://gardenartprovence-06.com/,paysagiste,Cagnes-sur-Mer,gps_7km,1,b6c88dee-9ac6-4cd0-8ad3-610d4a48dfc0,0,{}
paysagiste,Les Jardins de Fabien Jardinier Paysagiste Saint-Raphael Fréjus Création & Entretien Jardin,https://www.google.com/maps/place/Les+Jardins+de+Fabien+Jardinier+Paysagiste+Saint-Raphael+Fr%C3%A9jus+Cr%C3%A9ation+%26+Entretien+Jardin/data=!4m7!3m6!1s0x12ce995a6613473d:0xf4ffce852366b737!8m2!3d43.4569203!4d6.7956663!16s%2Fg%2F11lkyxrf0v!19sChIJPUcTZlqZzhIRN7dmI4XO__Q?authuser=0&hl=fr&rclk=1,5.0,29,Paysagiste,1205 Av. des Golfs,,0666028686,https://www.lesjardinsfabien.fr/,paysagiste,Fréjus,name,1,2c888279-8147-44cf-9f26-522a853f7e7e,0,{}
paysagiste,Le Temps des Jardins,https://www.google.com/maps/place/Le+Temps+des+Jardins/data=!4m7!3m6!1s0x12cc2c917f4c8a83:0xf2f9bbc9bad0072!8m2!3d43.6739325!4d7.0053188!16s%2Fg%2F1tdhh332!19sChIJg4pMf5EszBIRcgCtm7ybLw8?authuser=0&hl=fr&rclk=1,4.8,38,Paysagiste,30 Avenue de Provence,,0493404708,http://www.letempsdesjardins.fr/,paysagiste,Grasse,gps_6km,2,dc9c4ac8-0315-4ec2-a13a-a95e5d3c7fb3,0,{}
paysagiste,Henri Mignon Paysagiste,https://www.google.com/maps/place/Henri+Mignon+Paysagiste/data=!4m7!3m6!1s0x48105fdd4ebed9d9:0x282d1210c5357d77!8m2!3d47.7671812!4d-3.2813734!16s%2Fg%2F1trcft_z!19sChIJ2dm-Tt1fEEgRd301xRASLSg?authuser=0&hl=fr&rclk=1,4.8,90,Paysagiste,·,,0297377878,http://www.henri-mignon.fr/,paysagiste,Lorient,gps_6km,2,b8cf2f9b-b675-4c96-9a63-57efd26fc4f2,0,{}
paysagiste,Ker Jardin,https://www.google.com/maps/place/Ker+Jardin/data=!4m7!3m6!1s0x4810452590ac47ab:0x53f876841df0e773!8m2!3d47.7790015!4d-3.3334342!16s%2Fg%2F1tfllv6b!19sChIJq0eskCVFEEgRc-fwHYR2-FM?authuser=0&hl=fr&rclk=1,4.9,44,Paysagiste,·,,0297369193,http://www.kerjardin.com/,paysagiste,Lorient,gps_4km,2,fdf1472e-0cf2-4d65-a48b-7e6a11bd41e2,0,{}
paysagiste,West Paysages Lorient,https://www.google.com/maps/place/West+Paysages+Lorient/data=!4m7!3m6!1s0x48105e19a0f6c727:0x5f7e70d3d7ca5352!8m2!3d47.7228274!4d-3.3202293!16s%2Fg%2F11h9_x2ykf!19sChIJJ8f2oBleEEgRUlPK19Nwfl8?authuser=0&hl=fr&rclk=1,4.6,30,Paysagiste,"ZA Villemarion, 10 Rue du Commandant Charcot",,0297316283,https://www.westpaysages.com/,paysagiste,Lorient,name,2,ad458548-a84d-4642-9f7d-0910ca286b58,0,{}
paysagiste,Jérôme Guillemin,https://www.google.com/maps/place/J%C3%A9r%C3%B4me+Guillemin/data=!4m7!3m6!1s0x4810f1c5b9adf32b:0xa6a6adb1287c2dbe!8m2!3d47.8071773!4d-3.4478275!16s%2Fg%2F11jfq51frc!19sChIJK_OtucXxEEgRvi18KLGtpqY?authuser=0&hl=fr&rclk=1,4.8,20,Paysagiste,22 Rue de Bretagne,,0659978346,http://www.paysagiste-guillemin.fr/,paysagiste,Lorient,gps_8km,2,34e068e0-f046-4e1f-b21c-987f5ecbf6c5,0,{}
paysagiste,DAVID PAYSAGE PISCINE - SPA - LORIENT - PLOEMEUR,https://www.google.com/maps/place/DAVID+PAYSAGE+PISCINE+-+SPA+-+LORIENT+-+PLOEMEUR/data=!4m7!3m6!1s0x4810f558cbbc5d85:0xf3f3880bf86202c5!8m2!3d47.7309688!4d-3.4185231!16s%2Fg%2F11rssmsm7m!19sChIJhV28y1j1EEgRxQJi-AuI8_M?authuser=0&hl=fr&rclk=1,5.0,6,Paysagiste,·,,0297483893,https://www.david-paysage.bzh/,paysagiste,Lorient,name,2,f1f69036-671b-4039-8650-9022bf97224a,0,{}
paysagiste,Créa'Paysage Ploemeur,https://www.google.com/maps/place/Cr%C3%A9a%27Paysage+Ploemeur/data=!4m7!3m6!1s0x48105fc9c38eaac7:0x2f5a277ae69f8cca!8m2!3d47.7402182!4d-3.4807217!16s%2Fg%2F1tlc7gkr!19sChIJx6qOw8lfEEgRyoyf5nonWi8?authuser=0&hl=fr&rclk=1,4.5,41,Paysagiste,·,,0297852555,https://www.creapaysage-piscine.com/,paysagiste,Lorient,gps_8km,2,7e48fc2c-4d3f-4c23-8dda-72710834a7bc,0,{}
paysagiste,FY Paysage - Paysagiste Lanester,https://www.google.com/maps/place/FY+Paysage+-+Paysagiste+Lanester/data=!4m7!3m6!1s0x48105e8f3897d175:0xcfdb6835ad42cb64!8m2!3d47.8314578!4d-3.3001397!16s%2Fg%2F11cs13dbg0!19sChIJddGXOI9eEEgRZMtCrTVo288?authuser=0&hl=fr&rclk=1,4.6,16,Paysagiste,·,,0680570608,https://www.fypaysage.com/,paysagiste,Lorient,gps_10km,2,bc12394d-b25f-4e7d-9c21-39d68eaee868,0,{}
paysagiste,TENDANCE JARDIN,https://www.google.com/maps/place/TENDANCE+JARDIN/data=!4m7!3m6!1s0x4810f55e7667983b:0xce56cb443f0dab5f!8m2!3d47.736547!4d-3.4267056!16s%2Fg%2F11f18f1gyz!19sChIJO5hndl71EEgRX6sNP0TLVs4?authuser=0&hl=fr&rclk=1,4.8,22,Paysagiste,·,,0689692517,http://tendance-jardinpaysage.fr/?utm_medium=referral&utm_source=gmb&utm_campaign=lnk-gmb,paysagiste,Lorient,gps_4km,2,9e8db127-a87b-4334-a9de-11126d3d3e38,0,{}
paysagiste,EVB Services,https://www.google.com/maps/place/EVB+Services/data=!4m7!3m6!1s0x48105eb6189a21a5:0xc07bdba1f87fe281!8m2!3d47.787464!4d-3.3539154!16s%2Fg%2F1v9gjd9w!19sChIJpSGaGLZeEEgRgeJ_-KHbe8A?authuser=0&hl=fr&rclk=1,4.8,12,Paysagiste,·,,0297893216,http://evb-services.com/,paysagiste,Lorient,gps_4km,2,00802360-46ec-4b69-823e-f5e08afa6238,0,{}
paysagiste,Pro Paysages,https://www.google.com/maps/place/Pro+Paysages/data=!4m7!3m6!1s0x4810f4e076124433:0x85ee9d4263cee8a5!8m2!3d47.7318571!4d-3.4581025!16s%2Fg%2F11hc_b2wzq!19sChIJM0QSduD0EEgRpejOY0Kd7oU?authuser=0&hl=fr&rclk=1,4.6,11,Paysagiste,PA de,,0297507567,https://pro-paysages-56.fr/,paysagiste,Lorient,gps_7km,2,d789d2da-4f66-40f3-8437-bf4cc081f829,0,{}
paysagiste,CÔTÉ JARDIN,https://www.google.com/maps/place/C%C3%94T%C3%89+JARDIN/data=!4m7!3m6!1s0x48105bec2e23ecd1:0xef1aabb0b552479!8m2!3d47.8217448!4d-3.3189158!16s%2Fg%2F11vs0w8st1!19sChIJ0ewjLuxbEEgReSRVC7uq8Q4?authuser=0&hl=fr&rclk=1,4.8,17,Paysagiste,·,,0632280781,https://www.cote-jardin-56.fr/,paysagiste,Lorient,gps_8km,2,46c6fde1-3f75-416e-8669-e6eb9d7297f0,0,{}
paysagiste,Jardin Passion,https://www.google.com/maps/place/Jardin+Passion/data=!4m7!3m6!1s0x4810f5f5fdd3404d:0xaabb571612eee0d9!8m2!3d47.7791322!4d-3.4126513!16s%2Fg%2F11b6dgfhgf!19sChIJTUDT_fX1EEgR2eDuEhZXu6o?authuser=0&hl=fr&rclk=1,5.0,3,Paysagiste,34 Rue Lavoisier,,0297055657,http://www.jardinpassion56.fr/,paysagiste,Lorient,gps_4km,2,407d0a64-9082-453d-bc62-676a66e8415d,0,{}
paysagiste,Morice Paysage SARL,https://www.google.com/maps/place/Morice+Paysage+SARL/data=!4m7!3m6!1s0x48105da23a86d1bd:0xba89a946a8afccad!8m2!3d47.757843!4d-3.2854769!16s%2Fg%2F11y4v6sjss!19sChIJvdGGOqJdEEgRrcyvqEapibo?authuser=0&hl=fr&rclk=1,5.0,5,Paysagiste,·,,0297833589,https://www.facebook.com/profile.php?id=61559838954702&utm_source=gmb,paysagiste,Lorient,gps_6km,2,2e549663-c05a-4144-abf3-ce78a877b8e2,0,{}
paysagiste,La Côte Verte – Paysagiste à Lorient,https://www.google.com/maps/place/La+C%C3%B4te+Verte+%E2%80%93+Paysagiste+%C3%A0+Lorient/data=!4m7!3m6!1s0x8f34c8d6a936a52f:0xccceb86c10974b25!8m2!3d47.8361298!4d-3.4066783!16s%2Fg%2F11ydw40__3!19sChIJL6U2qdbINI8RJUuXEGy4zsw?authuser=0&hl=fr&rclk=1,4.9,8,Paysagiste,·,,0612164216,https://la-cote-verte.sumupstore.com/produits?category=ef290af8-b35e-496a-9f94-270ce30dda1b,paysagiste,Lorient,name,2,b83e8d2b-139d-490e-b052-9175e334a1ba,0,{}
paysagiste,MAEZAD - Xavier POULIN,https://www.google.com/maps/place/MAEZAD+-+Xavier+POULIN/data=!4m7!3m6!1s0x4810693ce49fb7b7:0xfb24d615739f4def!8m2!3d47.6767901!4d-3.1357969!16s%2Fg%2F1tj72_b_!19sChIJt7ef5DxpEEgR702fcxXWJPs?authuser=0&hl=fr&rclk=1,4.5,20,Paysagiste,·,,0297553350,http://www.maezad.fr/,paysagiste,Lorient,gps_18km,2,3ab7179b-f17c-412a-8777-1ec6b0a1ce81,0,{}
paysagiste,Anthony Fontaine Paysagiste,https://www.google.com/maps/place/Anthony+Fontaine+Paysagiste/data=!4m7!3m6!1s0x478ba94ec8b779d5:0xab11bee84cf859b4!8m2!3d45.5269485!4d5.9579498!16s%2Fg%2F11c58604ms!19sChIJ1Xm3yE6pi0cRtFn4TOi-Eas?authuser=0&hl=fr&rclk=1,5.0,42,Paysagiste,196 All. des Tiarces,,0621879554,http://www.anthonyfontaine.com/,paysagiste,Chambéry,gps_5km,2,07d41299-d507-4d5e-88ce-df3669d032de,1,{}
paysagiste,Rat-Patron Jardins - Paysagiste,https://www.google.com/maps/place/Rat-Patron+Jardins+-+Paysagiste/data=!4m7!3m6!1s0x478b0094bc0818d1:0x9b3a741e741ff7f5!8m2!3d45.5137074!4d5.8496157!16s%2Fg%2F1vr1vjmz!19sChIJ0RgIvJQAi0cR9fcfdB50Ops?authuser=0&hl=fr&rclk=1,4.7,12,Paysagiste,·,,0479793704,http://www.ratpatron-jardins-paysagiste.fr/,paysagiste,Chambéry,gps_8km,2,a9de6843-754d-4373-b01b-5582c1a7cfc0,0,{}
paysagiste,Bouchet Paysage,https://www.google.com/maps/place/Bouchet+Paysage/data=!4m7!3m6!1s0x478a4d699e6b817d:0x65787a133392a65c!8m2!3d45.4204483!4d6.0334776!16s%2Fg%2F11c6007f50!19sChIJfYFrnmlNikcRXKaSMxN6eGU?authuser=0&hl=fr&rclk=1,4.8,5,Paysagiste,,,0646478436,http://www.bouchet-paysage.fr/,paysagiste,Chambéry,gps_18km,2,101727db-b4ae-46f4-a1a1-35b1c1428877,1,{}
paysagiste,Delahaye Paysage,https://www.google.com/maps/place/Delahaye+Paysage/data=!4m7!3m6!1s0x47e5d1b8959b8a23:0x9742760caac7a63a!8m2!3d48.5303468!4d2.250089!16s%2Fg%2F11g4f1yc0l!19sChIJI4qblbjR5UcROqbHqgx2Qpc?authuser=0&hl=fr&rclk=1,4.9,44,Jardinier,·,,0659651141,https://www.delahaye-paysage.fr/,paysagiste,Évry-Courcouronnes,gps_17km,1,e76765f3-dc80-4555-b2cb-61eda6c86b7d,1,{}
paysagiste,Pays Vert | Jardinage et entretien des espaces verts | Paysagiste (77),https://www.google.com/maps/place/Pays+Vert+%7C+Jardinage+et+entretien+des+espaces+verts+%7C+Paysagiste+%2877%29/data=!4m7!3m6!1s0x47e620010f7bffff:0x3c839093ecbc5c77!8m2!3d49.0112881!4d2.8253328!16s%2Fg%2F11ggrm8ly0!19sChIJ__97DwEg5kcRd1y87JOQgzw?authuser=0&hl=fr&rclk=1,4.9,14,Paysagiste,47 Rue des Moulins,,0632752067,https://pays-vert.fr/,paysagiste,Meaux,gps_7km,2,64c4d125-eabe-45ac-aed9-f3c14e2947c8,0,{}
paysagiste,Daniel Moquet,https://www.google.com/maps/place/Daniel+Moquet/data=!4m7!3m6!1s0x47e669215e449f1f:0xbdebfd96b7759dec!8m2!3d48.9741089!4d2.3271118!16s%2Fg%2F11pz7rx1_y!19sChIJH59EXiFp5kcR7J11t5b9670?authuser=0&hl=fr&rclk=1,4.9,50,Paysagiste,18 Bis Av. Schaeffer,,0161030011,https://www.daniel-moquet.com/createur-allees/createur_allees_95-montmorency-enghien-les-bains.phtml,paysagiste,Épinay-sur-Seine,gps_2km,0,09e8cbae-0d14-4f05-9bb0-7b85a8ef2b27,0,{}
paysagiste,Daniel Moquet signe vos allées - Ent. Chaillou,https://www.google.com/maps/place/Daniel+Moquet+signe+vos+all%C3%A9es+-+Ent.+Chaillou/data=!4m7!3m6!1s0x12ceaf9d17c7042d:0xea92b80d8213dff4!8m2!3d43.470375!4d6.575805!16s%2Fg%2F11pkjcz_k6!19sChIJLQTHF52vzhIR9N8Tgg24kuo?authuser=0&hl=fr&rclk=1,4.9,74,Paysagiste,262 Route de Fréjus,,0494706258,https://www.google.com/aclk?sa=L&ai=DChsSEwjgtvK03r2UAxX6QkECHd42HooYACICCAEQABoCd3M&co=1&ase=2&gclid=CjwKCAjwq6DQBhBVEiwA4ZD5XMV_CZpBsHHviEJWqE2Nljq3ylRLMR46oJxLUeCxseziSJuplEbEZhoCm8kQAvD_BwE&cce=2&category=acrcp_v1_32&sig=AOD64_2uhXZ5jyiSaZh54qSJY2heGO1iNw&adurl&q&ctype=99&nis=6,paysagiste,Fréjus,name,1,de2ef04f-4782-4d37-896b-3de8accedd9a,0,{}
paysagiste,Esterel Paysage,https://www.google.com/maps/place/Esterel+Paysage/data=!4m7!3m6!1s0x12ce99c048f7af5d:0xc79f1ef8aa995b76!8m2!3d43.4575668!4d6.7738041!16s%2Fg%2F11lrljfw4m!19sChIJXa_3SMCZzhIRdluZqvgen8c?authuser=0&hl=fr&rclk=1,4.9,27,Paysagiste,336 All. Chantecler,,0768808370,https://www.esterel-paysage.fr/,paysagiste,Fréjus,gps_4km,1,6cbf22a1-806e-49b4-b51c-e89337dddb86,0,{}
paysagiste,Jardins d'Azur Varois Frejus Saint-Raphaël,https://www.google.com/maps/place/Jardins+d%27Azur+Varois+Frejus+Saint-Rapha%C3%ABl/data=!4m7!3m6!1s0x12ce9745f824df8f:0xeacf5680986d9b40!8m2!3d43.4248208!4d6.7580595!16s%2Fg%2F11m9t2fjfg!19sChIJj98k-EWXzhIRQJttmIBWz-o?authuser=0&hl=fr&rclk=1,5.0,31,Jardinier,150 Rue de la République,,0675836672,https://jardinsdazurvarois.fr/,paysagiste,Fréjus,name,1,ec7ec902-a357-472b-ab73-ee41ebe5b3a6,0,{}
paysagiste,Es Azur Paysage,https://www.google.com/maps/place/Es+Azur+Paysage/data=!4m7!3m6!1s0x12cebd9898581d15:0x62ce95ace79ff763!8m2!3d43.44308!4d6.7469!16s%2Fg%2F11gvrqn393!19sChIJFR1YmJi9zhIRY_ef56yVzmI?authuser=0&hl=fr&rclk=1,5.0,12,Paysagiste,333 Av. du Général d'armée Jean Calliès,,0682864924,,paysagiste,Fréjus,gps_1km,1,d4cb3a80-96f0-422b-8ad6-773fa7836933,0,{}
paysagiste,Garden Park Concept - Agence Fréjus - Revêtements extérieurs de qualité,https://www.google.com/maps/place/Garden+Park+Concept+-+Agence+Fr%C3%A9jus+-+Rev%C3%AAtements+ext%C3%A9rieurs+de+qualit%C3%A9/data=!4m7!3m6!1s0x12cea37123e5786d:0xa94569a9febb41d7!8m2!3d43.4426782!4d6.7185092!16s%2Fg%2F11l23rx0p4!19sChIJbXjlI3GjzhIR10G7_qlpRak?authuser=0&hl=fr&rclk=1,4.9,30,Paysagiste,386 Rue Rudolf Diesel,,0633162171,https://gardenparkconcept.com/agences-amenagements-exterieurs/garden-park-concept-frejus/,paysagiste,Fréjus,name,1,c61fabe7-5510-4ba3-b5d6-d27bb09e521c,0,{}
paysagiste,SO GREEN Paysage | Création de Jardins,https://www.google.com/maps/place/SO+GREEN+Paysage+%7C+Cr%C3%A9ation+de+Jardins/data=!4m7!3m6!1s0x12ce980cb3ae9739:0x94576a2a55c55db!8m2!3d43.4570011!4d6.7557059!16s%2Fg%2F11cm_55_b5!19sChIJOZeuswyYzhIR21VcpaJ2RQk?authuser=0&hl=fr&rclk=1,5.0,13,Paysagiste,16 All. Cicéron,,0783463880,http://www.sogreenpaysage.com/,paysagiste,Fréjus,gps_3km,1,2abb1fb4-1b1c-428c-8a11-908494b52ac0,0,{}
paysagiste,Les Jardins d'Aurélien - LJA espaces verts- jardinier - élagueur professionnel,https://www.google.com/maps/place/Les+Jardins+d%27Aur%C3%A9lien+-+LJA+espaces+verts-+jardinier+-+%C3%A9lagueur+professionnel/data=!4m7!3m6!1s0x12ce99ba1f8d7a17:0xbcf6b1e0af3a6f3!8m2!3d43.4229524!4d6.74018!16s%2Fg%2F11ftx967pr!19sChIJF3qNH7qZzhIR86bzCh5rzws?authuser=0&hl=fr&rclk=1,5.0,24,Jardinier,349 Rue des Batteries,,0661819093,https://www.jardinier-frejus.com/,paysagiste,Fréjus,gps_1km,1,c35788b4-9382-498a-93f6-9a10fcbdb335,0,{}
paysagiste,AP JARDINS,https://www.google.com/maps/place/AP+JARDINS/data=!4m7!3m6!1s0x12cea2c7f8463e8f:0x576996239d256fe2!8m2!3d43.4499858!4d6.7271668!16s%2Fg%2F1tf8w5jj!19sChIJjz5G-MeizhIR4m8lnSOWaVc?authuser=0&hl=fr&rclk=1,4.6,12,Paysagiste,1613 Rue des Combattants d'Afrique du N,,0494193700,,paysagiste,Fréjus,gps_2km,1,6621c4fc-ed08-4d90-854c-fd8d8c438004,0,{}
paysagiste,"CRISCI Benjamin - Paysagiste - Entretien de Jardin - Terrasse en bois - Frejus, Saint-Raphaël et alentours","https://www.google.com/maps/place/CRISCI+Benjamin+-+Paysagiste+-+Entretien+de+Jardin+-+Terrasse+en+bois+-+Frejus,+Saint-Rapha%C3%ABl+et+alentours/data=!4m7!3m6!1s0x12cea33ca7953a9b:0x2955657fabfb8ad2!8m2!3d43.4690136!4d6.7457178!16s%2Fg%2F11y2swwtzp!19sChIJmzqVpzyjzhIR0or7q39lVSk?authuser=0&hl=fr&rclk=1",5.0,7,Paysagiste,2691 Rte de Malpasset,,0634468183,,paysagiste,Fréjus,name,1,0af41d51-36fc-47b6-a073-fa826a5fb17c,2,{}
paysagiste,Générale des Jardins,https://www.google.com/maps/place/G%C3%A9n%C3%A9rale+des+Jardins/data=!4m7!3m6!1s0x12cea2a15a514b73:0x7482ec1ca2af1217!8m2!3d43.4797878!4d6.745842!16s%2Fg%2F1tf218z1!19sChIJc0tRWqGizhIRFxKvohzsgnQ?authuser=0&hl=fr&rclk=1,5.0,4,Jardinier,4210 Rte de Malpasset,,0627422420,https://www.generale-des-jardins.fr/,paysagiste,Fréjus,gps_5km,1,c36217de-c545-459f-b543-35798572f580,0,{}
paysagiste,Les jardins de Chris,https://www.google.com/maps/place/Les+jardins+de+Chris/data=!4m7!3m6!1s0x12ce9734acfced77:0xbac721a316ca98e8!8m2!3d43.4326891!4d6.7588254!16s%2Fg%2F11nxd0x3_k!19sChIJd-38rDSXzhIR6JjKFqMhx7o?authuser=0&hl=fr&rclk=1,5.0,8,Jardinier,239 Rue du Felibrige,,0614105852,,paysagiste,Fréjus,gps_1km,1,d9c2b0a5-c436-4a9f-b4be-3c7b3eef818c,1,{}
paysagiste,Bruno Paysage - Création de jardin et clôtures,https://www.google.com/maps/place/Bruno+Paysage+-+Cr%C3%A9ation+de+jardin+et+cl%C3%B4tures/data=!4m7!3m6!1s0x12cebdcf29a1a8a5:0xe7364d8cea9bee97!8m2!3d43.377672!4d6.7145714!16s%2Fg%2F1thv1rv1!19sChIJpaihKc-9zhIRl-6b6oxNNuc?authuser=0&hl=fr&rclk=1,5.0,3,Paysagiste,501 Rue Maurice Ravel,,0494527110,http://www.bruno-paysage.fr/,cloture,Fréjus,gps_6km,2,3e1b2920-a82e-4781-b58f-1bc8c81473e6,0,{}
paysagiste,Les Jardins d'Alan,https://www.google.com/maps/place/Les+Jardins+d%27Alan/data=!4m7!3m6!1s0x12cebd4f03d7bbad:0x832c0fe5096ed53e!8m2!3d43.3955848!4d6.7165953!16s%2Fg%2F11r7lrf8xp!19sChIJrbvXA0-9zhIRPtVuCeUPLIM?authuser=0&hl=fr&rclk=1,4.8,5,Paysagiste,Av. Pierre Puget,,0615108052,https://m.facebook.com/pages/category/Entrepreneur/Les-Jardins-dAlan-111806503779488/,paysagiste,Fréjus,gps_4km,1,43564065-30dc-4346-9768-bac2fc552d41,1,{}
paysagiste,Didier Roux et Fils - Entretien Parcs et Jardins,https://www.google.com/maps/place/Didier+Roux+et+Fils+-+Entretien+Parcs+et+Jardins/data=!4m7!3m6!1s0x12cebd56e82ef1fb:0x8907a4e25f3dc34!8m2!3d43.3506296!4d6.6661534!16s%2Fg%2F11fxcfzrfq!19sChIJ-_Eu6Fa9zhIRNNzzJU56kAg?authuser=0&hl=fr&rclk=1,5.0,5,Paysagiste,·,,0629541606,http://roux-parcsetjardins.com/,paysagiste,Fréjus,gps_10km,1,0de3815e-658a-4a3c-a086-10b44d70eff1,1,{}
paysagiste,GS Paysage - Création de Jardin - Elagage - Puget sur Argens,https://www.google.com/maps/place/GS+Paysage+-+Cr%C3%A9ation+de+Jardin+-+Elagage+-+Puget+sur+Argens/data=!4m7!3m6!1s0x12cea34b8dfbb91f:0xdb9151a7854f84d7!8m2!3d43.4440857!4d6.7024344!16s%2Fg%2F11qpq_nk0m!19sChIJH7n7jUujzhIR14RPhadRkds?authuser=0&hl=fr&rclk=1,5.0,17,Paysagiste,24 rue Albert calmette,,0646314936,https://www.gservices-paysage.fr/,paysagiste,Fréjus,gps_2km,1,b2679b65-109a-40b8-8f49-40515d6d4232,1,{}
paysagiste,Cheneau Paysages,https://www.google.com/maps/place/Cheneau+Paysages/data=!4m7!3m6!1s0x47d6ceb4ac9f622d:0xded03b932a1db9b5!8m2!3d43.467549!4d6.7444784!16s%2Fg%2F11xl9pvvb1!19sChIJLWKfrLTO1kcRtbkdKpM70N4?authuser=0&hl=fr&rclk=1,5.0,8,Paysagiste,Chem. du Sourcier,,0621111418,https://www.facebook.com/cheneau.paysages,paysagiste,Fréjus,gps_3km,1,66df97bb-1632-47c3-9a1b-acb66089105a,1,{}
paysagiste,Espaces Estérel,https://www.google.com/maps/place/Espaces+Est%C3%A9rel/data=!4m7!3m6!1s0x12cea2c863fa5fd1:0xef681dcfff73bc97!8m2!3d43.4431331!4d6.7219071!16s%2Fg%2F1td80gkm!19sChIJ0V_6Y8iizhIRl7xz_88daO8?authuser=0&hl=fr&rclk=1,4.5,12,Paysagiste,·,,0659104661,,paysagiste,Fréjus,gps_1km,1,5f31ea1d-4517-4cef-a594-c96351c944ad,1,{}
paysagiste,Déco Jardins Paysagiste expert,https://www.google.com/maps/place/D%C3%A9co+Jardins+Paysagiste+expert/data=!4m7!3m6!1s0x12cea4ac9c47384d:0x64ab5b0808be3d4e!8m2!3d43.4485504!4d6.6589182!16s%2Fg%2F1vypf08k!19sChIJTThHnKykzhIRTj2-CAhbq2Q?authuser=0&hl=fr&rclk=1,4.7,13,Paysagiste,1552 Chem. de l'Iscle,,0494454610,https://www.decojardins.com/,paysagiste,Fréjus,gps_6km,1,30f803c1-78be-44d0-b4dd-48b14b4e2c4e,0,{}
paysagiste,Jordan jardin multi services,https://www.google.com/maps/place/Jordan+jardin+multi+services/data=!4m7!3m6!1s0x12ce9710c9849f53:0x4e1391e8fdd7a10c!8m2!3d43.4273087!4d6.766911!16s%2Fg%2F11lkw2vw67!19sChIJU5-EyRCXzhIRDKHX_eiRE04?authuser=0&hl=fr&rclk=1,5.0,8,Jardinier,199 Av. Général Leclerc,,0664284360,,paysagiste,Fréjus,gps_2km,1,5ac9a36f-3662-41cc-a93b-a08e883c62c9,0,{}
paysagiste,ATRIUM PAYSAGE,https://www.google.com/maps/place/ATRIUM+PAYSAGE/data=!4m7!3m6!1s0x12cea49a6f4bb695:0x45be25ba6c759f0b!8m2!3d43.4620664!4d6.6545727!16s%2Fg%2F1q62dlq59!19sChIJlbZLb5qkzhIRC591bLolvkU?authuser=0&hl=fr&rclk=1,4.9,38,Paysagiste,·,,0494455892,http://www.atrium-paysage.fr/,paysagiste,Fréjus,gps_7km,1,f5fc3afb-0f66-400b-ae22-9fc17e1920a4,0,{}
paysagiste,Green Life Paysage,https://www.google.com/maps/place/Green+Life+Paysage/data=!4m7!3m6!1s0x12cebd13bd3ddad1:0x704447386595178b!8m2!3d43.4561263!4d6.6955026!16s%2Fg%2F11mw512ptw!19sChIJ0do9vRO9zhIRixeVZThHRHA?authuser=0&hl=fr&rclk=1,5.0,19,Paysagiste,139 Chem. des Vernèdes,,0498120410,http://greenlife-paysage.com/,paysagiste,Fréjus,gps_4km,1,1dfe9827-0928-4ee5-8061-ae3084f28ea3,0,{}
paysagiste,L.E Concept Paysager,https://www.google.com/maps/place/L.E+Concept+Paysager/data=!4m7!3m6!1s0x77a840822e21cc9:0x30dfd65c11c5ec8a!8m2!3d43.6716614!4d6.687449!16s%2Fg%2F11vlm9t8_d!19sChIJyRziIgiEegcRiuzFEVzW3zA?authuser=0&hl=fr&rclk=1,5.0,16,Paysagiste,·,,0765842930,http://www.leconceptpaysager.com/?utm_source=gmb,paysagiste,Grasse,gps_19km,2,3d4473f4-1853-4d7b-a55f-0c846cfd80fe,0,{}
paysagiste,Paysage Arena,https://www.google.com/maps/place/Paysage+Arena/data=!4m7!3m6!1s0x8aa17112c0d8f1c3:0x7bc2d795d366443!8m2!3d43.5459762!4d6.6778031!16s%2Fg%2F11w33qwnnv!19sChIJw_HYwBJxoYoRQ2Q2XXktvAc?authuser=0&hl=fr&rclk=1,5.0,6,Paysagiste,726 chemin des combes,,0611614437,,paysagiste,Fréjus,gps_13km,1,3158eb54-022c-48ce-b5f1-a2a7bb52e861,1,{}
paysagiste,Univert Gazon,https://www.google.com/maps/place/Univert+Gazon/data=!4m7!3m6!1s0x12ce9700fc7b9c37:0xd213871d446fcdce!8m2!3d43.4316122!4d6.7893595!16s%2Fg%2F11tsdg6kyk!19sChIJN5x7_ACXzhIRzs1vRB2HE9I?authuser=0&hl=fr&rclk=1,5.0,13,Paysagiste,75 All. des Pinsons,,0768555375,https://uni-vert-piscine.fr/,paysagiste,Fréjus,gps_4km,1,21b2be1b-2a8e-4858-b656-c5457090212e,1,{}
paysagiste,Paysage Thierry Arsac,https://www.google.com/maps/place/Paysage+Thierry+Arsac/data=!4m7!3m6!1s0x12ce9a0e6c95c00b:0x126a324d0659b689!8m2!3d43.4409347!4d6.8502814!16s%2Fg%2F11c1tqs48x!19sChIJC8CVbA6azhIRibZZBk0yahI?authuser=0&hl=fr&rclk=1,5.0,4,Paysagiste,1422 Av. du Gratadis,,0620731226,https://arsac-paysagiste-elagage-saint-raphael.com/,paysagiste,Fréjus,gps_9km,1,74d38227-7cc4-46c3-8372-4f78f98a9b14,1,{}
paysagiste,Bruno jardin,https://www.google.com/maps/place/Bruno+jardin/data=!4m7!3m6!1s0x12ce977700554a71:0xed951688639556c8!8m2!3d43.4183762!4d6.7721495!16s%2Fg%2F11f3x8vtm2!19sChIJcUpVAHeXzhIRyFaVY4gWle0?authuser=0&hl=fr&rclk=1,5.0,31,Jardinier,480 Bd Christian Lafon,,0668357616,,paysagiste,Fréjus,gps_3km,1,870451de-1c1c-460a-b6c2-7977510d61eb,0,{}
paysagiste,Jean-Jacques LINCK,https://www.google.com/maps/place/Jean-Jacques+LINCK/data=!4m7!3m6!1s0x12ce97eb3e4090cf:0x6eb4e4ecd65bca2c!8m2!3d43.420394!4d6.7704063!16s%2Fg%2F11fylphbn1!19sChIJz5BAPuuXzhIRLMpb1uzktG4?authuser=0&hl=fr&rclk=1,5.0,3,Architecte paysagiste,131 Bd du Général de Gaulle,,0603181894,https://hg5e2q.webmepage.com/architectevar,paysagiste,Fréjus,gps_3km,1,d9777df7-618c-4012-a3e8-1392bf899b4e,0,{}
paysagiste,Jardins du sud,https://www.google.com/maps/place/Jardins+du+sud/data=!4m7!3m6!1s0x12ceb917a55c4ff9:0xea2ef7db340de29c!8m2!3d43.3142517!4d6.6256985!16s%2Fg%2F11lrsdv9dp!19sChIJ-U9cpRe5zhIRnOINNNv3Luo?authuser=0&hl=fr&rclk=1,5.0,5,Paysagiste,"7 Chemin Virgiles, Rés les Pins Ensoleillés",,0786238518,https://jardins-du-sud-var.fr/,paysagiste,Fréjus,gps_15km,1,b7c8fa8a-7617-4b71-bf5b-81b9ba0abf8a,1,{}
paysagiste,Agence paysagère Yves Vallette d'Osia,https://www.google.com/maps/place/Agence+paysag%C3%A8re+Yves+Vallette+d%27Osia/data=!4m7!3m6!1s0x12ce97918817700f:0x10fa9bd2335c6996!8m2!3d43.4257863!4d6.7765767!16s%2Fg%2F1tg8fmld!19sChIJD3AXiJGXzhIRlmlcM9Kb-hA?authuser=0&hl=fr&rclk=1,5.0,3,Architecte paysagiste,587 Bd Saint-Sébastien,,0494955026,,paysagiste,Fréjus,gps_3km,1,e40b5501-3653-4e6c-b30f-8a3b32329ae4,0,{}
paysagiste,Combes Paysage - Création et entretien de jardins Golfe de Saint-Tropez,https://www.google.com/maps/place/Combes+Paysage+-+Cr%C3%A9ation+et+entretien+de+jardins+Golfe+de+Saint-Tropez/data=!4m7!3m6!1s0x12cec7004e0c6709:0x70333c3cc06262f1!8m2!3d43.2703827!4d6.6377768!16s%2Fg%2F11ycxw15k7!19sChIJCWcMTgDHzhIR8WJiwDw8M3A?authuser=0&hl=fr&rclk=1,5.0,27,Paysagiste,·,,0640692287,https://combespaysage.fr/,paysagiste,Fréjus,gps_19km,1,86ad2806-aa30-48db-b4bf-49d2a3016f89,1,{}
paysagiste,EasyJardinsAzur,https://www.google.com/maps/place/EasyJardinsAzur/data=!4m7!3m6!1s0x12cdd3a353680973:0xfb54d8e68444cb47!8m2!3d43.6676301!4d7.1466118!16s%2Fg%2F11b6d822mt!19sChIJcwloU6PTzRIRR8tEhObYVPs?authuser=0&hl=fr&rclk=1,5.0,23,Architecte paysagiste,"Siège social, 69 Rue Hippolyte Guis",,0699780388,https://instagram.com/easyjardinsazur?igshid=OGQ5ZDc2ODk2ZA==,paysagiste,Cagnes-sur-Mer,gps_0km,1,459b9b1b-0d58-4d78-94f7-826b8f04e365,0,{}
paysagiste,Les Jardins Fleuris,https://www.google.com/maps/place/Les+Jardins+Fleuris/data=!4m7!3m6!1s0x12cdd3e8203f4e1b:0x3c4ef208f6cb0463!8m2!3d43.6618779!4d7.1667153!16s%2Fg%2F1tj70t24!19sChIJG04_IOjTzRIRYwTL9gjyTjw?authuser=0&hl=fr&rclk=1,5.0,5,Paysagiste,73 Av. des Chênes,,0609090610,https://www.les-jardins-fleuris.com/,paysagiste,Cagnes-sur-Mer,gps_1km,1,e047ea97-2629-4bb9-9b67-7b076bd19500,0,{}
paysagiste,SANCHEZ GARDEN,https://www.google.com/maps/place/SANCHEZ+GARDEN/data=!4m7!3m6!1s0x12cdd3eed74f0271:0x97fa383aef47ed33!8m2!3d43.6864218!4d7.1602126!16s%2Fg%2F11j1rs352s!19sChIJcQJP1-7TzRIRM-1H7zo4-pc?authuser=0&hl=fr&rclk=1,4.8,5,Paysagiste,98 Chem. de la Maure,,0663397769,,paysagiste,Cagnes-sur-Mer,gps_2km,1,6971b7a5-1e98-400f-9be3-a2c15ca66515,1,{}
paysagiste,JANA JARDIN,https://www.google.com/maps/place/JANA+JARDIN/data=!4m7!3m6!1s0x12cdd24e33295657:0x1ef697425b5e75d1!8m2!3d43.6893971!4d7.147607!16s%2Fg%2F11g9jhwdnr!19sChIJV1YpM07SzRIR0XVeW0KX9h4?authuser=0&hl=fr&rclk=1,5.0,3,Paysagiste,90 Chem. du Val de Cagnes,,0674390638,http://lesjardinsquonaime.com/,paysagiste,Cagnes-sur-Mer,gps_3km,1,0a19fe51-0032-4a14-88b0-d5947c53b0ab,0,{}
paysagiste,Eclat Green : Gazon Synthétique,https://www.google.com/maps/place/Eclat+Green+:+Gazon+Synth%C3%A9tique/data=!4m7!3m6!1s0x12cdd3aec90ff54b:0x11516a88c5dae34a!8m2!3d43.6651222!4d7.1531345!16s%2Fg%2F11q8tjz5x2!19sChIJS_UPya7TzRIRSuPaxYhqURE?authuser=0&hl=fr&rclk=1,4.8,18,Paysagiste,3 Rue Degas,,0699192598,https://eclat-green.fr/,paysagiste,Cagnes-sur-Mer,gps_0km,1,553f72f5-79e6-4260-add6-f3054f6f386a,1,{}
paysagiste,Paysagiste - SAS Martins Paysages,https://www.google.com/maps/place/Paysagiste+-+SAS+Martins+Paysages/data=!4m7!3m6!1s0x81e546bd4265f903:0x3364b7708c5dfbb4!8m2!3d43.6624979!4d7.1849598!16s%2Fg%2F11vcm3x3fw!19sChIJA_llQr1G5YERtPtdjHC3ZDM?authuser=0&hl=fr&rclk=1,5.0,7,Paysagiste,·,,0616765477,https://martins-espacesverts.com/,paysagiste,Cagnes-sur-Mer,gps_2km,1,74a17428-af92-4a02-8065-992a0f05f92e,1,{}
paysagiste,Jardins de Pan,https://www.google.com/maps/place/Jardins+de+Pan/data=!4m7!3m6!1s0x480e03b727f902d5:0xf15614b59593fa9e!8m2!3d48.5062776!4d-2.7596793!16s%2Fg%2F11b6t1vp9l!19sChIJ1QL5J7cDDkgRnvqTlbUUVvE?authuser=0&hl=fr&rclk=1,4.8,17,Paysagiste,19 Côte Vendel,,0296604050,http://jardinsdepan.fr/,paysagiste,Saint-Brieuc,gps_0km,1,a14ed6fa-faa0-4b2a-a022-4ace1dbb4097,0,{}
paysagiste,Au Bout De La Branche,https://www.google.com/maps/place/Au+Bout+De+La+Branche/data=!4m7!3m6!1s0x480e1d3804d589eb:0x16c5f2e9cc098709!8m2!3d48.5209085!4d-2.7552131!16s%2Fg%2F11bwp2g93k!19sChIJ64nVBDgdDkgRCYcJzOnyxRY?authuser=0&hl=fr&rclk=1,4.9,8,Jardinier,20 Rue Hervé Pommeret,,0687857043,http://auboutdelabranche.com/,paysagiste,Saint-Brieuc,gps_0km,1,67500a30-54e4-4673-bd3b-473c4ad994ae,0,{}
paysagiste,Blandel paysage,https://www.google.com/maps/place/Blandel+paysage/data=!4m7!3m6!1s0x4811e3f6a2916c0d:0x50f01125566a657e!8m2!3d48.4580982!4d-2.7934577!16s%2Fg%2F11h3b34d8q!19sChIJDWyRovbjEUgRfmVqViUR8FA?authuser=0&hl=fr&rclk=1,4.9,56,Paysagiste,·,,0687223613,https://blandelpaysage.fr/,paysagiste,Saint-Brieuc,gps_6km,1,1a24bf7c-b3a9-4239-b828-5138db2ae062,0,{}
paysagiste,SO Paysage,https://www.google.com/maps/place/SO+Paysage/data=!4m7!3m6!1s0x2617869b15077593:0x7e48dd23219ef8e9!8m2!3d48.4937456!4d-2.7137108!16s%2Fg%2F11kpcx6hpz!19sChIJk3UHFZuGFyYR6fieISPdSH4?authuser=0&hl=fr&rclk=1,5.0,13,Paysagiste,5 Rue Mathurin Morin,,0637937659,https://sopaysage22.fr/fr/page/accueil,paysagiste,Saint-Brieuc,gps_4km,1,77c130cc-d7ed-4e5d-aefe-7a552006fe4d,0,{}
paysagiste,Sorgniard Services,https://www.google.com/maps/place/Sorgniard+Services/data=!4m7!3m6!1s0x4811e30ed72b8303:0x24e4351167436483!8m2!3d48.5003609!4d-2.8511186!16s%2Fg%2F11g2yksbmj!19sChIJA4Mr1w7jEUgRg2RDZxE15CQ?authuser=0&hl=fr&rclk=1,4.7,22,Paysagiste,"26 Z.A de, La Croix Herlot",,0778021958,https://www.sorgniardpaysage.fr/,paysagiste,Saint-Brieuc,gps_6km,1,ba44e85f-5b08-4ccd-9429-46827fe0643b,0,{}
paysagiste,Greeen,https://www.google.com/maps/place/Greeen/data=!4m7!3m6!1s0xa0e6272d9586badd:0xe0c78c4fa1784579!8m2!3d48.462175!4d-2.7858531!16s%2Fg%2F11tsyjycp1!19sChIJ3bqGlS0n5qAReUV4oU-Mx-A?authuser=0&hl=fr&rclk=1,5.0,30,Paysagiste,·,,0652017531,https://www.greeen.fr/,paysagiste,Saint-Brieuc,gps_6km,1,72c4da3d-c47b-4b17-bf36-6175262f040b,0,{}
paysagiste,Ozone Paysages,https://www.google.com/maps/place/Ozone+Paysages/data=!4m7!3m6!1s0x4811fd2aa7ed029f:0x6672e72a319192a0!8m2!3d48.5561395!4d-2.8103841!16s%2Fg%2F11spqz09l_!19sChIJnwLtpyr9EUgRoJKRMSrncmY?authuser=0&hl=fr&rclk=1,5.0,5,Paysagiste,·,,0296794631,https://www.ozone-paysages-paysagiste.fr/,paysagiste,Saint-Brieuc,gps_5km,1,9cdce17b-ee36-4736-88de-75bc75793afa,0,{}
paysagiste,Lemee Paysage,https://www.google.com/maps/place/Lemee+Paysage/data=!4m7!3m6!1s0x480e0fd7be8229fb:0x853bdad7c9a489de!8m2!3d48.5305346!4d-2.569505!16s%2Fg%2F11c2ps2770!19sChIJ-ymCvtcPDkgR3omkydfaO4U?authuser=0&hl=fr&rclk=1,4.9,21,Paysagiste,29 Rue des Bois,,0663389412,http://www.lemee-paysage.fr/,paysagiste,Saint-Brieuc,gps_14km,1,c6a9ffd2-28f5-47eb-9aa2-8c0b3ab3c8cd,0,{}
paysagiste,Apj ouest paysagiste,https://www.google.com/maps/place/Apj+ouest+paysagiste/data=!4m7!3m6!1s0x4811f812648f7497:0x43759ced2a049433!8m2!3d48.658511!4d-2.8643546!16s%2Fg%2F1wc30n8s!19sChIJl3SPZBL4EUgRM5QEKu2cdUM?authuser=0&hl=fr&rclk=1,4.8,19,Paysagiste,·,,0296686488,http://www.apj-ouest.fr/,paysagiste,Saint-Brieuc,gps_17km,1,d360ca9f-e5ab-4d2a-8dff-1c3624c79627,0,{}
paysagiste,Daniel Moquet signe vos allées - Ent. Héron,https://www.google.com/maps/place/Daniel+Moquet+signe+vos+all%C3%A9es+-+Ent.+H%C3%A9ron/data=!4m7!3m6!1s0x4811e5c46e98c211:0x4d95ba9e4d8d32!8m2!3d48.458686!4d-2.791692!16s%2Fg%2F11bwm40_31!19sChIJEcKYbsTlEUgRMo1NnrqVTQA?authuser=0&hl=fr&rclk=1,4.8,107,Paysagiste,·,,0296581855,https://www.daniel-moquet.com/,paysagiste,Saint-Brieuc,gps_6km,1,15399793-2ba2-4d39-9857-d1896a36c3f6,0,{}
paysagiste,GLM Paysage,https://www.google.com/maps/place/GLM+Paysage/data=!4m7!3m6!1s0xadb4c7d50407c7b7:0xe1471f763bcb4cdc!8m2!3d48.5033962!4d-2.5896947!16s%2Fg%2F11n3db0g46!19sChIJt8cHBNXHtK0R3EzLO3YfR-E?authuser=0&hl=fr&rclk=1,5.0,8,Paysagiste,·,,0610232511,https://glm-paysage.webnode.fr/,paysagiste,Saint-Brieuc,gps_12km,1,99cd23be-d9a7-4b87-939f-71c6366974c2,1,{}
paysagiste,Créatif Jardin,https://www.google.com/maps/place/Cr%C3%A9atif+Jardin/data=!4m7!3m6!1s0x480e1d5c0588c7dd:0x2555d2c89a7c9a65!8m2!3d48.5032195!4d-2.7840483!16s%2Fg%2F11rq0vqtf0!19sChIJ3ceIBVwdDkgRZZp8msjSVSU?authuser=0&hl=fr&rclk=1,5.0,12,Paysagiste,33 Rue du 19 Mars 1962,,0666446581,http://www.creatifjardin.com/,paysagiste,Saint-Brieuc,gps_2km,1,9c31012a-2e0c-435c-9125-1e0d4e799ea8,0,{}
paysagiste,Yobé Michel,https://www.google.com/maps/place/Yob%C3%A9+Michel/data=!4m7!3m6!1s0x480e0fadcbd181e7:0x62813d31600ee8c9!8m2!3d48.5546786!4d-2.5479401!16s%2Fg%2F1tcwqjhf!19sChIJ54HRy60PDkgRyegOYDE9gWI?authuser=0&hl=fr&rclk=1,4.7,7,Jardinier,15 rue de la Tourelle ZA du Poirier,,0296327766,https://www.yobe-paysage.fr/,paysagiste,Saint-Brieuc,gps_16km,1,e2c2f14f-9f2a-4f87-a107-1bea20f365ed,0,{}
paysagiste,Le Vaillant Paysage,https://www.google.com/maps/place/Le+Vaillant+Paysage/data=!4m7!3m6!1s0x4811ffbc9b1ac967:0xa6386a043bdfb657!8m2!3d48.6436498!4d-2.8368005!16s%2Fg%2F11nn32_8xg!19sChIJZ8kam7z_EUgRV7bfOwRqOKY?authuser=0&hl=fr&rclk=1,4.9,30,Paysagiste,·,,0682922753,https://www.brieulevaillantpaysagiste.com/,paysagiste,Saint-Brieuc,gps_15km,1,1d2c89d4-750c-4d55-887d-a447185c1b49,0,{}
paysagiste,Molé Paysages Lamballe,https://www.google.com/maps/place/Mol%C3%A9+Paysages+Lamballe/data=!4m7!3m6!1s0x480e11579eadcc7d:0xe9be6b674aa8a10b!8m2!3d48.4577161!4d-2.5161195!16s%2Fg%2F1ths8rh1!19sChIJfcytnlcRDkgRC6GoSmdrvuk?authuser=0&hl=fr&rclk=1,4.8,12,Paysagiste,·,,0296501973,http://www.mole-paysages.fr/,paysagiste,Saint-Brieuc,gps_19km,1,b61dea5e-e1e5-4667-a635-96bb5c443305,0,{}
paysagiste,Guitton Gilles,https://www.google.com/maps/place/Guitton+Gilles/data=!4m7!3m6!1s0x480e1d2e394f230b:0x19902d348f12c552!8m2!3d48.4871587!4d-2.6991263!16s%2Fg%2F11btl_rsnl!19sChIJCyNPOS4dDkgRUsUSjzQtkBk?authuser=0&hl=fr&rclk=1,5.0,4,Paysagiste,35 Rue des Épines Blanches,,0652263428,,paysagiste,Saint-Brieuc,gps_5km,1,06da84ae-5dd8-4544-9716-2cca4ad6bd9f,0,{}
paysagiste,Olivier Rault Paysage,https://www.google.com/maps/place/Olivier+Rault+Paysage/data=!4m7!3m6!1s0x480e23f742fd6985:0x9d01998cbb69a888!8m2!3d48.3454715!4d-2.614661!16s%2Fg%2F11n09sr90d!19sChIJhWn9QvcjDkgRiKhpu4yZAZ0?authuser=0&hl=fr&rclk=1,5.0,5,Jardinier,12 Les Madières,,0607845618,,paysagiste,Saint-Brieuc,gps_21km,1,c457ab4c-82ff-4ef6-a602-1fa39380462d,0,{}
paysagiste,Lorguillous Maçon Paysagiste,https://www.google.com/maps/place/Lorguillous+Ma%C3%A7on+Paysagiste/data=!4m7!3m6!1s0x4811f1f60cb1470f:0x3a5820a19ed9959b!8m2!3d48.5327443!4d-2.971468!16s%2Fg%2F11kb9ktzly!19sChIJD0exDPbxEUgRm5XZnqEgWDo?authuser=0&hl=fr&rclk=1,4.7,15,Paysagiste,·,,0630671420,http://lorguillousmaconpaysagiste.site-solocal.com/,paysagiste,Saint-Brieuc,gps_15km,1,f12aaf3b-35cf-475b-9c27-cf6dde26e391,0,{}
paysagiste,Josse Paysage,https://www.google.com/maps/place/Josse+Paysage/data=!4m7!3m6!1s0x4811ff2070221419:0x3fe8f51b466692ce!8m2!3d48.6466589!4d-2.8637721!16s%2Fg%2F1tctd_t9!19sChIJGRQicCD_EUgRzpJmRhv16D8?authuser=0&hl=fr&rclk=1,5.0,3,Paysagiste,,,0618475303,https://www.facebook.com/profile.php?id=100089354444092,paysagiste,Saint-Brieuc,gps_16km,1,e528d138-6ff6-44ff-b9b0-cb6943391f13,0,{}
paysagiste,Design & Jardins,https://www.google.com/maps/place/Design+%26+Jardins/data=!4m7!3m6!1s0x480e17db92efd40b:0xad8467a236d9e41e!8m2!3d48.4064083!4d-2.5932028!16s%2Fg%2F11gk0lmlm3!19sChIJC9TvktsXDkgRHuTZNqJnhK0?authuser=0&hl=fr&rclk=1,4.7,16,Paysagiste,2 les Quins,,0629865512,http://www.design-jardins.fr/?utm_source=gmb,paysagiste,Saint-Brieuc,gps_17km,1,c4838f0c-4374-46c2-b9b8-1f78d0f85e3c,0,{}
paysagiste,LADROUE CLÔTURES - CLÔTURE GUINGAMP-CLOTURE ST BRIEUC,https://www.google.com/maps/place/LADROUE+CL%C3%94TURES+-+CL%C3%94TURE+GUINGAMP-CLOTURE+ST+BRIEUC/data=!4m7!3m6!1s0x4811f15e3d5335a1:0xc4aa2706fd356bf7!8m2!3d48.5368222!4d-2.9728796!16s%2Fg%2F11b6djkczr!19sChIJoTVTPV7xEUgR92s1_QYnqsQ?authuser=0&hl=fr&rclk=1,5.0,31,Paysagiste,30 bis Rue de la Gare,,0643338728,http://ladroue.frederic.over-blog.com/,cloture,Saint-Brieuc,gps_15km,2,2af615fc-a1cc-41e2-ba68-3ea8b5a131dd,1,{}
paysagiste,Albizia paysage,https://www.google.com/maps/place/Albizia+paysage/data=!4m7!3m6!1s0x4811ff4756b77fe5:0xb1ea32e4a75c7812!8m2!3d48.6634741!4d-2.8742311!16s%2Fg%2F1hc6m7cyq!19sChIJ5X-3Vkf_EUgREnhcp-Qy6rE?authuser=0&hl=fr&rclk=1,5.0,4,Paysagiste,2 All. au Garde,,0603975147,https://www.albizia22paysagistecreation.fr/,paysagiste,Saint-Brieuc,gps_18km,1,7be611b3-778f-4294-b5c5-8a34a77279d6,1,{}
paysagiste,M.R. Paysages,https://www.google.com/maps/place/M.R.+Paysages/data=!4m7!3m6!1s0x4811ff8d0df093e9:0x8ac8f0c4add95a24!8m2!3d48.6586383!4d-2.8613323!16s%2Fg%2F11gy2fmfbt!19sChIJ6ZPwDY3_EUgRJFrZrcTwyIo?authuser=0&hl=fr&rclk=1,5.0,3,Paysagiste,ZA de,,0630617840,,paysagiste,Saint-Brieuc,gps_17km,1,29e8eff8-1922-4d76-b62c-5795001fdbf9,0,{}
paysagiste,Alain Hervé – Élagage & Abattage à Saint-Brieuc et Lamballe,https://www.google.com/maps/place/Alain+Herv%C3%A9+%E2%80%93+%C3%89lagage+%26+Abattage+%C3%A0+Saint-Brieuc+et+Lamballe/data=!4m7!3m6!1s0x480e13fb65c72bb3:0x80ff02877b66a4dc!8m2!3d48.4501444!4d-2.4844102!16s%2Fg%2F1tdmt__v!19sChIJsyvHZfsTDkgR3KRme4cC_4A?authuser=0&hl=fr&rclk=1,4.9,30,Service d'élagage,·,,0296313480,https://www.alainherve.fr/?utm_source=google&utm_medium=organic&utm_campaign=fiche_google&utm_content=bouton_site_web,paysagiste,Saint-Brieuc,name,1,e3398230-b08d-4747-9ae4-65c7c76513c9,0,{}
paysagiste,anakyne de luca paysage,https://www.google.com/maps/place/anakyne+de+luca+paysage/data=!4m7!3m6!1s0xcfbc8761069c0f7:0x836373964b0bd8a3!8m2!3d49.698115!4d4.7093882!16s%2Fg%2F11wqwrc6yh!19sChIJ98BpEHbI-wwRo9gLS5ZzY4M?authuser=0&hl=fr&rclk=1,4.8,6,Paysagiste,·,,0788614077,,paysagiste,Charleville-Mézières,gps_8km,2,d0f754b0-4322-4c94-a19c-9bb307e5dbce,0,{}
paysagiste,Artisan DSH Espaces Verts / Élagage,https://www.google.com/maps/place/Artisan+DSH+Espaces+Verts+%2F+%C3%89lagage/data=!4m7!3m6!1s0x47e613e85790b9e9:0x5c93d5780a4511c0!8m2!3d48.8657483!4d2.4611386!16s%2Fg%2F11ylr9zpg0!19sChIJ6bmQV-gT5kcRwBFFCnjVk1w?authuser=0&hl=fr&rclk=1,4.9,17,Service d'élagage,59 Rue de Saint-Antoine,,0607942479,http://dsh-espacesverts.fr/,paysagiste,Rosny-sous-Bois,gps_2km,2,0f2ee66f-565c-4eb4-9d3c-9bfdb65eec62,1,{}
paysagiste,avril paysagiste,https://www.google.com/maps/place/avril+paysagiste/data=!4m7!3m6!1s0x12cc2c5e6620fa9d:0xe06405860edd487e!8m2!3d43.6712362!4d7.045498!16s%2Fg%2F11c585qglr!19sChIJnfogZl4szBIRfkjdDoYFZOA?authuser=0&hl=fr&rclk=1,4.8,6,Paysagiste,638 Chem. des Pignatons,,0493090424,http://www.avril-paysagiste.com/,paysagiste,Cagnes-sur-Mer,gps_8km,1,d8cbc743-e7e1-47da-9a11-d44540208691,0,{}
paysagiste,Jardin Terre de Provence - Paysagiste,https://www.google.com/maps/place/Jardin+Terre+de+Provence+-+Paysagiste/data=!4m7!3m6!1s0x12cc29b67ee72e2d:0xbc48a88aed7b2a0!8m2!3d43.6269065!4d6.9617792!16s%2Fg%2F11b6__4585!19sChIJLS7nfrYpzBIRoLLXroiKxAs?authuser=0&hl=fr&rclk=1,4.5,27,Paysagiste,279 Rte de Cannes,,0493602132,https://jardin-terredeprovence.fr/,paysagiste,Cannes,name,2,7164dfdd-58b6-4560-90aa-2685882fc08d,0,{}
paysagiste,Deminiac Paysages,https://www.google.com/maps/place/Deminiac+Paysages/data=!4m7!3m6!1s0x12cc2eee72ef9d17:0x5dc4bcf1fe4e76fa!8m2!3d43.681827!4d6.9793518!16s%2Fg%2F1ttxd_kr!19sChIJF53vcu4uzBIR-nZO_vG8xF0?authuser=0&hl=fr&rclk=1,4.6,9,Paysagiste,587 Chem. de l'Hubac,,0492604227,https://www.deminiac-paysages.com/,paysagiste,Grasse,gps_5km,2,aa5273a3-7eac-4d5d-b8ee-c3584389bb7c,0,{}
paysagiste,Nature Espaces Paysages,https://www.google.com/maps/place/Nature+Espaces+Paysages/data=!4m7!3m6!1s0x12cc26138ef012ad:0xfda7c29c4d2760e0!8m2!3d43.633155!4d6.8879245!16s%2Fg%2F11b6dpg6z4!19sChIJrRLwjhMmzBIR4GAnTZzCp_0?authuser=0&hl=fr&rclk=1,4.5,24,Paysagiste,190 Chem. de la Frayere,,0615363791,https://nature-espaces-paysages.com/,paysagiste,Grasse,gps_4km,2,1484fc2c-d709-44dc-966c-3fe7af2498ab,1,{}
paysagiste,STUDIO MATHIEU BESNIER - Garden Design,https://www.google.com/maps/place/STUDIO+MATHIEU+BESNIER+-+Garden+Design/data=!4m7!3m6!1s0x12cc2c959dce65bf:0x873761f72ed129aa!8m2!3d43.6697851!4d7.0129245!16s%2Fg%2F11b_01tlkk!19sChIJv2XOnZUszBIRqinRLvdhN4c?authuser=0&hl=fr&rclk=1,4.9,25,Architecte paysagiste,11 Chem. des Serres,,0632967371,https://www.mathieubesnier.com/,paysagiste,Grasse,gps_7km,2,c147f05a-a0f4-413f-8ab0-63b05f432abd,0,{}
paysagiste,SG JARDINS PAYSAGE,https://www.google.com/maps/place/SG+JARDINS+PAYSAGE/data=!4m7!3m6!1s0x12cdd3f76468a1e3:0x50eafad1a74c223d!8m2!3d43.5977669!4d7.0290981!16s%2Fg%2F11jzcb8g_w!19sChIJ46FoZPfTzRIRPSJMp9H66lA?authuser=0&hl=fr&rclk=1,4.8,4,Paysagiste,·,,0755298998,https://www.sgjardins-paysagiste.fr/,paysagiste,Le Cannet,gps_2km,2,665434ae-7bf3-40ac-9341-94188601fd53,0,{}
paysagiste,Mortreux Julien,https://www.google.com/maps/place/Mortreux+Julien/data=!4m7!3m6!1s0x12cc1e4a9ef1732b:0x37d84b7388ee6e63!8m2!3d43.6106853!4d6.7098955!16s%2Fg%2F11b6dgd_m7!19sChIJK3PxnkoezBIRY27uiHNL2Dc?authuser=0&hl=fr&rclk=1,5.0,16,Paysagiste,885 Rte de la Grande Bastide,,0650013527,https://paysagiste-var83.com/,paysagiste,Grasse,gps_18km,2,c630df67-75e8-4a0b-b487-651b50540e37,0,{}
paysagiste,MC PAYSAGE / JARDINIER / ELAGUEUR,https://www.google.com/maps/place/MC+PAYSAGE+%2F+JARDINIER+%2F+ELAGUEUR/data=!4m7!3m6!1s0xa31663e37bd02c97:0xe08766a8cf506b68!8m2!3d43.6066995!4d6.699477!16s%2Fg%2F11y0cbhshs!19sChIJlyzQe-NjFqMRaGtQz6hmh-A?authuser=0&hl=fr&rclk=1,5.0,18,Jardinier,117 Cambarras,,0677317163,,paysagiste,Grasse,gps_18km,2,7fd404e6-a9ee-4e57-8da8-9ef33aef43bf,1,{}
paysagiste,Plaisance Paysage,https://www.google.com/maps/place/Plaisance+Paysage/data=!4m7!3m6!1s0x12cc2ebb804f4103:0xc44d4874ff14c4c!8m2!3d43.6678036!4d6.9934015!16s%2Fg%2F1tdmxq9s!19sChIJA0FPgLsuzBIRTEzxT4fURAw?authuser=0&hl=fr&rclk=1,4.7,3,Paysagiste,7 Chem. San Peyre,,0493773850,,paysagiste,Grasse,gps_5km,2,a9f1a292-4282-4288-b3af-4e043203abf6,0,{}
paysagiste,T.O L'Atelier des Jardins,https://www.google.com/maps/place/T.O+L%27Atelier+des+Jardins/data=!4m7!3m6!1s0xd54d15b15dbe701:0xb5502362e68fef4a!8m2!3d44.9149214!4d-0.6907148!16s%2Fg%2F11c5b409_5!19sChIJAefbFVvRVA0RSu-P5mIjULU?authuser=0&hl=fr&rclk=1,4.8,61,Paysagiste,·,,0547740699,https://tolatelierdesjardins.fr/,paysagiste,Saint-Médard-en-Jalles,gps_2km,2,eb6a903a-14a1-4303-a8b3-e20337b84676,0,{}
paysagiste,Jardi Forage Paysagiste,https://www.google.com/maps/place/Jardi+Forage+Paysagiste/data=!4m7!3m6!1s0xd54c543e738b90b:0xb70d15c6a7166bb8!8m2!3d44.8340926!4d-0.7686928!16s%2Fg%2F11btmqv7ks!19sChIJC7k450PFVA0RuGsWp8YVDbc?authuser=0&hl=fr&rclk=1,4.6,83,Paysagiste,·,,0556921509,http://www.jardiforage.fr/,paysagiste,Saint-Médard-en-Jalles,gps_7km,2,1d75cce9-8bd8-4d1f-8a48-84b99e3d48dd,0,{}
paysagiste,Les Paysages Du Breuil,https://www.google.com/maps/place/Les+Paysages+Du+Breuil/data=!4m7!3m6!1s0x830d78390c87a545:0xf8fe95feeb5189f6!8m2!3d45.1628365!4d5.7533953!16s%2Fg%2F11lcrz51r9!19sChIJRaWHDDl4DYMR9olR6_6V_vg?authuser=0&hl=fr&rclk=1,5.0,8,Paysagiste,25 Rue Beethoven,,0679272887,https://lespaysagesdubreuil.fr/,paysagiste,Saint-Martin-d'Hères,gps_2km,2,d9b52f8b-99ed-4760-bda5-4589708075f8,0,{}
paysagiste,Philippe - Jardinier Cmonjardinier,https://www.google.com/maps/place/Philippe+-+Jardinier+Cmonjardinier/data=!4m7!3m6!1s0x12c9e9332ee56cf9:0x179e567246cb0dca!8m2!3d43.371051!4d5.256218!16s%2Fg%2F11q3qw_r4v!19sChIJ-WzlLjPpyRIRyg3LRnJWnhc?authuser=0&hl=fr&rclk=1,5.0,3,Jardinier,Rue du Mas,,0977215218,,paysagiste,Marignane,gps_6km,2,2f7003d1-19e7-4894-8a95-112a7e4d5d6d,0,{}
paysagiste,EL Élagage Rezé paysagiste 44 jardinier élagueur Taille de haie,https://www.google.com/maps/place/EL+%C3%89lagage+Rez%C3%A9+paysagiste+44+jardinier+%C3%A9lagueur+Taille+de+haie/data=!4m7!3m6!1s0x4805e96ee65effff:0x2749642853c22cea!8m2!3d47.1782601!4d-1.5445336!16s%2Fg%2F11vt7t1_6k!19sChIJ__9e5m7pBUgR6izCUyhkSSc?authuser=0&hl=fr&rclk=1,5.0,26,Paysagiste,102 Rue Aristide Briand,,0614057552,https://el-elagage.fr/,paysagiste,Rezé,name,2,5525f6f2-b9aa-4eec-b8d4-2b5ebf7281a3,0,{}
paysagiste,Natur'Océane Paysagiste Concepteur - Les Sorinières,https://www.google.com/maps/place/Natur%27Oc%C3%A9ane+Paysagiste+Concepteur+-+Les+Sorini%C3%A8res/data=!4m7!3m6!1s0x4805e851d95198db:0xf24bd551375b07c5!8m2!3d47.1541746!4d-1.5250706!16s%2Fg%2F1wnf0fdn!19sChIJ25hR2VHoBUgRxQdbN1HVS_I?authuser=0&hl=fr&rclk=1,5.0,21,Paysagiste,35 Rue des Quarterons,,0660450047,https://naturoceane-paysagiste.fr/,paysagiste,Rezé,gps_5km,2,1ff7ac34-b2c9-4479-ad35-e4c8e3b41819,0,{}
paysagiste,Entreprise JAOUEN,https://www.google.com/maps/place/Entreprise+JAOUEN/data=!4m7!3m6!1s0x83c98df7f4c970bf:0x2fd3dda865a651c3!8m2!3d47.0073772!4d-1.4827222!16s%2Fg%2F11lf6vychn!19sChIJv3DJ9PeNyYMRw1GmZajd0y8?authuser=0&hl=fr&rclk=1,4.6,41,Paysagiste,,,0771103815,https://www.entreprise-jaouen.fr/,paysagiste,Rezé,gps_21km,2,ded7e7ca-1aa1-40d6-911a-f8794cfcdaf9,2,{}
pisciniste,AQUAVEN Piscines Container POOL'inov,https://www.google.com/maps/place/AQUAVEN+Piscines+Container+POOL%27inov/data=!4m7!3m6!1s0xd5647e60765b46f:0x2de43ffc9c092f46!8m2!3d43.3685974!4d-0.3540671!16s%2Fg%2F11sf2ck27l!19sChIJb7RlB-ZHVg0RRi8JnPw_5C0?authuser=0&hl=fr&rclk=1,4.8,24,Société de construction de piscine,Chem. Puyou,,0665314839,https://www.aquaven-piscine.fr/,pisciniste,Pau,gps_8km,1,43526f28-9adf-4ca2-b5a4-959933ee91ea,2,{}
pisciniste,Pisciz,https://www.google.com/maps/place/Pisciz/data=!4m7!3m6!1s0x47e672194d400001:0x883c9ef5a1ba141d!8m2!3d48.8363783!4d2.5705013!16s%2Fg%2F11fl4jbn5s!19sChIJAQBATRly5kcRHRS6ofWePIg?authuser=0&hl=fr&rclk=1,4.8,10,Société de construction de piscine,37 All. du Closeau,,0763357881,http://pisciz.com/,pisciniste,Noisy-le-Grand,gps_1km,1,260f66ac-38fd-464d-9924-47e89689fac2,0,{}
pisciniste,LES LAGONS DE BK - Piscines Lagons Naturelles - Île-de-France | Piscine d'exception (BK CONSTRUCTION - BKCF),https://www.google.com/maps/place/LES+LAGONS+DE+BK+-+Piscines+Lagons+Naturelles+-+%C3%8Ele-de-France+%7C+Piscine+d%27exception+%28BK+CONSTRUCTION+-+BKCF%29/data=!4m7!3m6!1s0x47e66f443ac67b85:0x4cee58cb9a3b2aae!8m2!3d48.8720453!4d2.3049256!16s%2Fg%2F11p_7yvjnj!19sChIJhXvGOkRv5kcRrio7mstY7kw?authuser=0&hl=fr&rclk=1,4.9,8,Société de construction de piscine,59 Rue de Ponthieu Bureau 562,,0652376340,http://www.leslagonsdebk.com/,pisciniste,Levallois-Perret,gps_2km,1,b6bab989-82d2-496c-8d35-88578a2c6f15,1,{}
pisciniste,Piscine et Paysage - Pisciniste EXCEL PISCINES,https://www.google.com/maps/place/Piscine+et+Paysage+-+Pisciniste+EXCEL+PISCINES/data=!4m7!3m6!1s0x47e60f49276ccc31:0x448b067f136208f2!8m2!3d48.7766795!4d2.6124357!16s%2Fg%2F11bc73rnk5!19sChIJMcxsJ0kP5kcR8ghiE38Gi0Q?authuser=0&hl=fr&rclk=1,4.5,43,Société de construction de piscine,94 Rue de Monthéty,,0164886142,http://www.piscinepaysage.fr/,pisciniste,Pontault-Combault,gps_2km,0,8d64b975-3e02-40e6-a892-3e551b76c4f1,0,{}
pisciniste,Piscine Cazala - Pisciniste : Construction de piscine,https://www.google.com/maps/place/Piscine+Cazala+-+Pisciniste+:+Construction+de+piscine/data=!4m7!3m6!1s0xd56672b779d22c9:0x25e876fd41cc5743!8m2!3d43.5171977!4d-0.5230952!16s%2Fg%2F1tdd1__n!19sChIJySKddytnVg0RQ1fMQf126CU?authuser=0&hl=fr&rclk=1,4.6,87,Société de construction de piscine,50 Chemin de Pierrou,,0607630724,https://piscinecazala.com/,pisciniste,Pau,gps_27km,1,b76ab15a-260b-4f89-9900-6bde7077be40,0,{}
pisciniste,De Novais Construction Piscines,https://www.google.com/maps/place/De+Novais+Construction+Piscines/data=!4m7!3m6!1s0xd565962322ab7f3:0x24e72e0359a62c8d!8m2!3d43.3716923!4d-0.5914741!16s%2Fg%2F11sd7rldd0!19sChIJ87cqMmJZVg0RjSymWQMu5yQ?authuser=0&hl=fr&rclk=1,4.8,26,Piscine extérieure,·,,0785083625,https://www.de-novais-construction-piscine.fr/,pisciniste,Pau,gps_19km,1,dc29c809-b73c-40dd-820d-1dd93ec087a2,0,{}
pisciniste,Piscines de France Pau,https://www.google.com/maps/place/Piscines+de+France+Pau/data=!4m7!3m6!1s0xd5623654e669b13:0x13b28e25a1b2a46e!8m2!3d43.4668233!4d-0.119627!16s%2Fg%2F11lnztxbmf!19sChIJE5tmTmUjVg0RbqSyoSWOshM?authuser=0&hl=fr&rclk=1,4.9,74,Société de construction de piscine,12 Chem. des Pyrénées,,0681185165,https://www.piscines-de-france.fr/,pisciniste,Pau,name,1,fb06aab7-4be3-4211-bab8-32f9db27efb0,0,{}
pisciniste,Piscines Ibiza Marne la Vallée,https://www.google.com/maps/place/Piscines+Ibiza+Marne+la+Vall%C3%A9e/data=!4m7!3m6!1s0x47e61dbceea4e609:0xba79ed5809c3ed1e!8m2!3d48.8551875!4d2.7454932!16s%2Fg%2F11rtrkytfw!19sChIJCeak7rwd5kcRHu3DCVjtebo?authuser=0&hl=fr&rclk=1,4.8,66,Société de construction de piscine,·,,0987319360,https://www.piscines-ibiza.com/nos-piscinistes/pisciniste-marne-la-vallee/,pisciniste,Pontault-Combault,gps_11km,0,dc8289c9-fec4-4430-840c-af83537ae607,0,{}
pisciniste,Aquilus Piscines et Spas Pontault-Combault,https://www.google.com/maps/place/Aquilus+Piscines+et+Spas+Pontault-Combault/data=!4m7!3m6!1s0x47e60f44e5db0c97:0xb2c4e3dc31a0ca29!8m2!3d48.7796807!4d2.6108729!16s%2Fg%2F11q_3cpvk8!19sChIJlwzb5UQP5kcRKcqgMdzjxLI?authuser=0&hl=fr&rclk=1,4.8,28,Société de construction de piscine,·,,0160293197,https://magasin.aquilus-piscines.com/160-aquilus-piscines-et-spas-pontault-combault?utm_source=gmb,pisciniste,Pontault-Combault,name,0,931be2ff-9cda-4bd4-b55b-a6685c2599b3,0,{}
pisciniste,Pisciniste CARON PISCINES,https://www.google.com/maps/place/Pisciniste+CARON+PISCINES/data=!4m7!3m6!1s0x47e603724113f0ff:0x9deae1a0f2b25f7b!8m2!3d48.8390513!4d2.7266858!16s%2Fg%2F11vzdqzyz4!19sChIJ__ATQXID5kcRe1-y8qDh6p0?authuser=0&hl=fr&rclk=1,4.9,35,Service de réparation de piscines,9 All. Antoine Bourdelle,,0650135629,https://pisciniste-caron-piscines.fr/,pisciniste,Pontault-Combault,gps_9km,0,9e791837-9e35-4bfd-abfb-de92bd965f4e,1,{}
pisciniste,Piscines Desjoyaux,https://www.google.com/maps/place/Piscines+Desjoyaux/data=!4m7!3m6!1s0x47e60d7395ae40ef:0x767547dc2d8c4cde!8m2!3d48.8065034!4d2.5293643!16s%2Fg%2F11j0qxjd9y!19sChIJ70CulXMN5kcR3kyMLdxHdXY?authuser=0&hl=fr&rclk=1,4.7,54,Société de construction de piscine,117 Av. Marx Dormoy,,0975388643,https://www.desjoyaux.fr/boutiques-desjoyaux/94500-champigny-sur-marne/,pisciniste,Champigny-sur-Marne,gps_1km,1,b015dcee-341b-4da8-8302-17e7b8d85aaf,0,{}
pisciniste,ARFI Paysagiste Pisciniste 94,https://www.google.com/maps/place/ARFI+Paysagiste+Pisciniste+94/data=!4m7!3m6!1s0x47e60ae407749e39:0x572f4f1976b4a60e!8m2!3d48.7278847!4d2.4748328!16s%2Fg%2F1td69512!19sChIJOZ50B-QK5kcRDqa0dhlPL1c?authuser=0&hl=fr&rclk=1,4.7,42,Société de construction de piscine,2 Rue le Bois Cerdon,,0143869060,https://www.paysagistes-arfi.fr/?utm_source=gmb,pisciniste,Créteil,gps_5km,1,4ae3f765-648b-4b34-a1c7-0eeaa486885f,0,{}
pisciniste,Aquapooltek piscines spa matériel création installation réparation,https://www.google.com/maps/place/Aquapooltek+piscines+spa+mat%C3%A9riel+cr%C3%A9ation+installation+r%C3%A9paration/data=!4m7!3m6!1s0x47e66fa9c89135a9:0xdee0bb614cb93777!8m2!3d48.8699758!4d2.3020203!16s%2Fg%2F11rv6jhltb!19sChIJqTWRyKlv5kcRdze5TGG74N4?authuser=0&hl=fr&rclk=1,4.9,33,Service de réparation de piscines,60 Rue François 1er,,0669071708,,pisciniste,Levallois-Perret,gps_2km,1,4c7747d5-42d4-4a77-a140-2b942115e835,1,{}
pisciniste,EQUALI PISCINE & SPA - Pisciniste 91 & 77,https://www.google.com/maps/place/EQUALI+PISCINE+%26+SPA+-+Pisciniste+91+%26+77/data=!4m7!3m6!1s0x47e5e0aafb37ba83:0xd64dd16b23bc4d6b!8m2!3d48.6155396!4d2.5220623!16s%2Fg%2F11bbrn4qv3!19sChIJg7o3-6rg5UcRa028I2vRTdY?authuser=0&hl=fr&rclk=1,4.7,25,Société de construction de piscine,19 Rue Clément ADER,,0185538092,http://www.piscine-equali.fr/,pisciniste,Corbeil-Essonnes,gps_2km,1,ab58e690-0f4d-4fb4-942f-939dc266c7f1,0,{}
pisciniste,"La Piscine Container, Constructeur de piscines container Paris et Ile de France - LPC","https://www.google.com/maps/place/La+Piscine+Container,+Constructeur+de+piscines+container+Paris+et+Ile+de+France+-+LPC/data=!4m7!3m6!1s0x47e5fb69e102aaa3:0x9cf6707a66970e3d!8m2!3d48.5360955!4d2.6846499!16s%2Fg%2F11rhm5kfdz!19sChIJo6oC4Wn75UcRPQ6XZnpw9pw?authuser=0&hl=fr&rclk=1",4.7,39,Société de construction de piscine,·,,0973894839,https://www.lapiscinecontainer.fr/,pisciniste,Paris,name,2,2b450d6f-a34c-460b-aa11-a04c95f10d9e,0,{}
pisciniste,Piscines Ibiza Seine - Essonne 91 - 77,https://www.google.com/maps/place/Piscines+Ibiza+Seine+-+Essonne+91+-+77/data=!4m7!3m6!1s0x47e5e1c736284f8f:0x43ae21c1ef4a7b87!8m2!3d48.630972!4d2.4944882!16s%2Fg%2F11vsp46wmb!19sChIJj08oNsfh5UcRh3tK78EhrkM?authuser=0&hl=fr&rclk=1,4.9,35,Société de construction de piscine,11 All. Louis Tillet,,0160874767,https://www.piscines-ibiza.com/distributeur/pisciniste-seine-essonne/,pisciniste,Corbeil-Essonnes,gps_2km,1,50b982d6-d567-42a8-bc11-3ead3ed4637c,0,{}
pisciniste,Aquattitude SARL,https://www.google.com/maps/place/Aquattitude+SARL/data=!4m7!3m6!1s0xd514deb11fd42d3:0x892dd080ae0274ed!8m2!3d43.6159337!4d-1.2718028!16s%2Fg%2F1wk7s5bt!19sChIJ00L9EetNUQ0R7XQCroDQLYk?authuser=0&hl=fr&rclk=1,4.7,49,Société de construction de piscine,164 Rte du Travaillon,,0558772593,http://www.aquattitude-sarl.fr/?utm_source=gmb,pisciniste,Bayonne,gps_21km,0,a4b1ee57-ebfc-4619-b2e1-4449fd2789e4,0,{}
pisciniste,PISCINES CÔTÉ LANDES,https://www.google.com/maps/place/PISCINES+C%C3%94T%C3%89+LANDES/data=!4m7!3m6!1s0xd5150f526176c47:0x8f4210242d18c108!8m2!3d43.6625596!4d-1.2886898!16s%2Fg%2F11g0hbkqbb!19sChIJR2wXJvVQUQ0RCMEYLSQQQo8?authuser=0&hl=fr&rclk=1,4.7,28,Société de construction de piscine,12 Rue du Pitey,,0787635646,http://www.piscines-cote-landes.com/,pisciniste,Bayonne,gps_23km,0,56947886-fc2b-4ec0-9c32-680e7619543d,0,{}
pisciniste,Sud Ouest Piscines et Spas - l'Atelier,https://www.google.com/maps/place/Sud+Ouest+Piscines+et+Spas+-+l%27Atelier/data=!4m7!3m6!1s0xd515103f1973e07:0x4c7f22494026ab67!8m2!3d43.658564!4d-1.335997!16s%2Fg%2F11lcymk1b6!19sChIJBz6X8QNRUQ0RZ6smQEkif0w?authuser=0&hl=fr&rclk=1,5.0,4,Société de construction de piscine,83 Rue du Tuquet 3,,0680950686,https://sudouest-piscines.com/,pisciniste,Bayonne,gps_21km,0,05e1545e-4476-4d8e-884b-026ac3330b39,1,{}
pisciniste,Piscines de Navarre,https://www.google.com/maps/place/Piscines+de+Navarre/data=!4m7!3m6!1s0xd51411075a2f933:0x463394e642696827!8m2!3d43.479193!4d-1.5032473!16s%2Fg%2F11j53c8g2l!19sChIJM_midRBBUQ0RJ2hpQuaUM0Y?authuser=0&hl=fr&rclk=1,5.0,34,Société de construction de piscine,·,,0666869066,http://www.piscinesdenavarre.com/,pisciniste,Anglet,gps_0km,1,fb9ada2c-55ab-4431-9d0c-de78183f6eeb,1,{}
pisciniste,Dans l’O piscine,https://www.google.com/maps/place/Dans+l%E2%80%99O+piscine/data=!4m7!3m6!1s0xd516bea4f20b077:0xf4deaaf80787c129!8m2!3d43.4738145!4d-1.5571931!16s%2Fg%2F11g_x6gpfx!19sChIJd7AgT-prUQ0RKcGHB_iq3vQ?authuser=0&hl=fr&rclk=1,5.0,8,Société de construction de piscine,6 Av. du Président J F Kennedy,,0664935803,http://danslo-piscine.com/,pisciniste,Anglet,gps_3km,1,1ebe23ce-5f16-429e-b8e4-bdbf81f2239d,0,{}
pisciniste,Etcheverry Piscine,https://www.google.com/maps/place/Etcheverry+Piscine/data=!4m7!3m6!1s0xd51147b7c771af5:0x395daeffc2ab3cad!8m2!3d43.4285133!4d-1.5930084!16s%2Fg%2F1tf3cw15!19sChIJ9Rp3fHsUUQ0RrTyrwv-uXTk?authuser=0&hl=fr&rclk=1,5.0,42,Société de construction de piscine,92 Imp. Contramahenia,,0607467596,,pisciniste,Anglet,gps_8km,1,4b46903a-9fc2-46bb-bf7c-d29d74864abf,0,{}
pisciniste,Piscine Klea / l'esprit piscine / Caldera Spas,https://www.google.com/maps/place/Piscine+Klea+%2F+l%27esprit+piscine+%2F+Caldera+Spas/data=!4m7!3m6!1s0xd5115346cd6242b:0xd2f61f4fc7f29ec!8m2!3d43.4638011!4d-1.4986696!16s%2Fg%2F11hbkb0wqw!19sChIJKyTWbDQVUQ0R7Cl__PRhLw0?authuser=0&hl=fr&rclk=1,4.8,64,Société de construction de piscine,30 Rue du Colonel Melville Lynch,,0540395367,https://www.esprit-piscine.fr/piscine-klea,pisciniste,Anglet,gps_2km,1,82166443-625a-47ed-9b1d-689ce064852e,0,{}
pisciniste,APFM Piscines & Spas – Showroom Hossegor,https://www.google.com/maps/place/APFM+Piscines+%26+Spas+%E2%80%93+Showroom+Hossegor/data=!4m7!3m6!1s0xd515b18bf39f07f:0xd762fe79be29067e!8m2!3d43.6700881!4d-1.3879007!16s%2Fg%2F11ggb8ldx2!19sChIJf_A5vxhbUQ0RfgYpvnn-Ytc?authuser=0&hl=fr&rclk=1,4.8,28,Société de construction de piscine,195 Av. des Artisans,,0608624005,https://www.apfm-piscines.com/,pisciniste,Bayonne,gps_20km,0,c13799fc-6250-4ac9-a4fc-b676071774a6,0,{}
pisciniste,Aymard Creations - Pisciniste Landes,https://www.google.com/maps/place/Aymard+Creations+-+Pisciniste+Landes/data=!4m7!3m6!1s0xd515b48127876d1:0x8a174803508c7e12!8m2!3d43.6377602!4d-1.425822!16s%2Fg%2F1tfh_xjn!19sChIJ0XZ4EkhbUQ0REn6MUANIF4o?authuser=0&hl=fr&rclk=1,4.7,3,Société de construction de piscine,6 Rue des Cyprès,,0558726083,http://www.aymard-creations.com/,pisciniste,Bayonne,gps_16km,0,41b1dfe4-0afa-43bb-9a61-9f5955349018,0,{}
pisciniste,PISCINES CÔTÉ LANDES EST A CAPBRETON,https://www.google.com/maps/place/PISCINES+C%C3%94T%C3%89+LANDES+EST+A+CAPBRETON/data=!4m7!3m6!1s0xd515b2d1b6b2135:0x58dc6748f3ced209!8m2!3d43.6487846!4d-1.4089827!16s%2Fg%2F11y3yc5dp_!19sChIJNSFrGy1bUQ0RCdLO80hn3Fg?authuser=0&hl=fr&rclk=1,5.0,19,Société de construction de piscine,·,,0558915268,https://www.piscines-cote-landes.com/,pisciniste,Bayonne,gps_17km,0,20a3a82f-a12c-4c46-9331-1db8a0b7761d,0,{}
pisciniste,PSP piscines et SPA,https://www.google.com/maps/place/PSP+piscines+et+SPA/data=!4m7!3m6!1s0xd5151af1404f1a5:0x671bfa6b278af7d7!8m2!3d43.6337175!4d-1.3613989!16s%2Fg%2F11h_bqwdfq!19sChIJpfEEFK9RUQ0R1_eKJ2v6G2c?authuser=0&hl=fr&rclk=1,5.0,7,Service de réparation de piscines,·,,0698613294,https://psp-piscine-spa.fr/,pisciniste,Bayonne,gps_17km,0,24fe1678-df1f-423d-a7eb-13f84cc770cb,1,{}
pisciniste,SARL Ycg piscines,https://www.google.com/maps/place/SARL+Ycg+piscines/data=!4m7!3m6!1s0xd515387041e8d29:0x77bd315a1a3786e1!8m2!3d43.6677427!4d-1.2781325!16s%2Fg%2F11y8glchq0!19sChIJKY0eBIdTUQ0R4YY3GloxvXc?authuser=0&hl=fr&rclk=1,5.0,31,Piscine,·,,0683661801,,pisciniste,Bayonne,gps_24km,0,76f27195-3baf-4d72-ba4b-04d794ad371b,1,{}
pisciniste,MB PISCINE,https://www.google.com/maps/place/MB+PISCINE/data=!4m7!3m6!1s0xd54edc207e6d2d7:0xb296f60a386db32f!8m2!3d44.6106411!4d-0.8871245!16s%2Fg%2F11sf4lrfr8!19sChIJ19LmB8LtVA0RL7NtOAr2lrI?authuser=0&hl=fr&rclk=1,4.9,26,Société de construction de piscine,33 Rte de Lagnet,,0786269439,http://mbpiscine.fr/,pisciniste,Pessac,gps_29km,0,b043db6c-9195-4543-a677-e945610a2807,0,{}
pisciniste,"DG Piscine 💦 Pose, Entretien & Dépannage piscine, Liner piscine | Bassin d'Arcachon","https://www.google.com/maps/place/DG+Piscine+%F0%9F%92%A6+Pose,+Entretien+%26+D%C3%A9pannage+piscine,+Liner+piscine+%7C+Bassin+d%27Arcachon/data=!4m7!3m6!1s0x6ecb952184dfdc67:0xf7d1130b1de98ca4!8m2!3d44.8901966!4d-0.4729263!16s%2Fg%2F11vwv4r17q!19sChIJZ9zfhCGVy24RpIzpHQsT0fc?authuser=0&hl=fr&rclk=1",5.0,40,Société de construction de piscine,·,,0619287680,https://www.dg-piscine.fr/,pisciniste,Bordeaux,gps_10km,1,e126d5b8-265c-4a6a-acc5-2689b209b5e7,1,{}
pisciniste,Ovalie Pool,https://www.google.com/maps/place/Ovalie+Pool/data=!4m7!3m6!1s0xd54ef234c59fe53:0xd29e65b7dd18772b!8m2!3d44.5781758!4d-0.7845455!16s%2Fg%2F11hh1qy7z4!19sChIJU_5ZTCPvVA0RK3cY3bdlntI?authuser=0&hl=fr&rclk=1,5.0,20,Société de construction de piscine,13 Chem. de Piron,,0667313222,http://ovaliepool.fr/,pisciniste,Pessac,gps_28km,0,26395ff7-81c9-4e5f-a8d4-2307203caf15,0,{}
pisciniste,hf construction 33 maison et piscine,https://www.google.com/maps/place/hf+construction+33+maison+et+piscine/data=!4m7!3m6!1s0xd55212878853867:0xb7536f18cb4671ef!8m2!3d44.77232!4d-0.5831912!16s%2Fg%2F11lx_yy4bh!19sChIJZziFeCghVQ0R73FGyxhvU7c?authuser=0&hl=fr&rclk=1,5.0,23,Société de construction de piscine,8 Pl. Versein,,0763593144,https://hfconstruction33.fr/,pisciniste,Villenave-d'Ornon,gps_1km,0,31a14157-7868-4939-afb8-ff28a780f205,1,{}
pisciniste,Aquitaine Piscines Et Finitions,https://www.google.com/maps/place/Aquitaine+Piscines+Et+Finitions/data=!4m7!3m6!1s0x4801d8ef91c0382d:0xdbc0864bdddc26fc!8m2!3d44.8693803!4d-0.6623468!16s%2Fg%2F11btlwp13_!19sChIJLTjAke_YAUgR_Cbc3UuGwNs?authuser=0&hl=fr&rclk=1,5.0,61,Société de construction de piscine,2 Rue de la Gravette,,0533052811,https://aquitaine-piscines.fr/,pisciniste,Mérignac,gps_3km,1,f08d4596-6fa4-4053-85df-2639c6b467b2,0,{}
pisciniste,Piscines Ibiza La Rochelle,https://www.google.com/maps/place/Piscines+Ibiza+La+Rochelle/data=!4m7!3m6!1s0x48014dae40d01aeb:0x3406b1af2d4cdf6c!8m2!3d46.2265771!4d-0.867711!16s%2Fg%2F11kc6bvrdf!19sChIJ6xrQQK5NAUgRbN9MLa-xBjQ?authuser=0&hl=fr&rclk=1,4.9,112,Société de construction de piscine,"105 b, Rue de la Juillerie",,0516852667,https://www.piscines-ibiza.com/,pisciniste,La Rochelle,name,0,1e3b1131-255b-4b76-a2a9-2fe5822867a2,0,{}
pisciniste,Piscine Ambiances La Rochelle,https://www.google.com/maps/place/Piscine+Ambiances+La+Rochelle/data=!4m7!3m6!1s0x4801538ddbc838e3:0xa33127b0182d18dd!8m2!3d46.1739281!4d-1.1205241!16s%2Fg%2F11j269dy99!19sChIJ4zjI241TAUgR3RgtGLAnMaM?authuser=0&hl=fr&rclk=1,4.7,69,Société de construction de piscine,"C.C. Beaulieu La Rochelle, 4 Rue du 11 Novembre",,0519080000,https://piscineambiances.fr/magasin-piscine-la-rochelle/,pisciniste,La Rochelle,name,0,c0643f6f-4116-4b6a-aeb4-ae3ae56e23b6,0,{}
pisciniste,Piscinocéan - Alliance Piscines La Rochelle,https://www.google.com/maps/place/Piscinoc%C3%A9an+-+Alliance+Piscines+La+Rochelle/data=!4m7!3m6!1s0x480153092a024967:0xa2a4b3608c731dfc!8m2!3d46.1786945!4d-1.1064258!16s%2Fg%2F11vxqsy4hv!19sChIJZ0kCKglTAUgR_B1zjGCzpKI?authuser=0&hl=fr&rclk=1,4.6,36,Société de construction de piscine,45 Rue du 8 Mai,,0548172722,http://www.alliance17.fr/,pisciniste,La Rochelle,name,0,e0c6a81c-cb9c-438b-9a59-c7953b4d0007,0,{}
pisciniste,Mondial piscine La Rochelle Mp17,https://www.google.com/maps/place/Mondial+piscine+La+Rochelle+Mp17/data=!4m7!3m6!1s0x4806b57d40dc7d6f:0x360e0448fc52062d!8m2!3d46.2077146!4d-1.0130494!16s%2Fg%2F11q1n56bt8!19sChIJb33cQH21BkgRLQZS_EgEDjY?authuser=0&hl=fr&rclk=1,5.0,37,Société de construction de piscine,17 Rte de Paris,,0546372410,https://la-rochelle.mondial-piscine.eu/,pisciniste,La Rochelle,name,0,ba56e2de-2858-4ebf-a047-99a83cc1a349,0,{}
pisciniste,Easy Piscines 17,https://www.google.com/maps/place/Easy+Piscines+17/data=!4m7!3m6!1s0x4803fed1cfeeaaab:0x3507680b29bb3bb6!8m2!3d46.1542192!4d-1.3355092!16s%2Fg%2F11g0tl7pz2!19sChIJq6ruz9H-A0gRtju7KQtoBzU?authuser=0&hl=fr&rclk=1,5.0,31,Société de construction de piscine,27 Rue de l'Oisière,,0608416333,https://www.piscine-coque-larochelle.com/contact.html,pisciniste,La Rochelle,gps_14km,0,7d92a932-953c-4f71-bb42-78611d1f7639,1,{}
pisciniste,Pool Concept,https://www.google.com/maps/place/Pool+Concept/data=!4m7!3m6!1s0x48072c7a72f26527:0x98171ced30bc64c2!8m2!3d46.2212044!4d-0.598651!16s%2Fg%2F119x1p3gp!19sChIJJ2XycnosB0gRwmS8MO0cF5g?authuser=0&hl=fr&rclk=1,5.0,31,Société de construction de piscine,Rue des Dix Journaux,,0650842923,https://poolconcept79.fr/,pisciniste,Niort,gps_15km,0,93a693dd-186a-46e3-b1f2-408c11154270,0,{}
pisciniste,PISCINISTES ASSOCIÉS Aquasystèmes LA ROCHELLE,https://www.google.com/maps/place/PISCINISTES+ASSOCI%C3%89S+Aquasyst%C3%A8mes+LA+ROCHELLE/data=!4m7!3m6!1s0x4801529b654026eb:0xc4d02571fa101344!8m2!3d46.1784698!4d-1.1061053!16s%2Fg%2F1tgfcqzx!19sChIJ6yZAZZtSAUgRRBMQ-nEl0MQ?authuser=0&hl=fr&rclk=1,4.5,153,Société de construction de piscine,·,,0546681938,https://www.aquasystemes17.com/,pisciniste,La Rochelle,name,0,7949e8c0-77a5-4d38-a4bd-d8cee1921c4b,0,{}
pisciniste,AYDIN CONSTRUCTION,https://www.google.com/maps/place/AYDIN+CONSTRUCTION/data=!4m7!3m6!1s0x4801524f0cda27f7:0x53c5df31b20e4f11!8m2!3d46.161032!4d-1.0854723!16s%2Fg%2F11b6dkzvx0!19sChIJ9yfaDE9SAUgREU8OsjHfxVM?authuser=0&hl=fr&rclk=1,5.0,3,Société de construction de piscine,29 Rue du Berry,,0607017371,,pisciniste,La Rochelle,gps_5km,0,5fa59202-3074-4ed6-96ba-3553a7120ea9,0,{}
pisciniste,Select Piscines,https://www.google.com/maps/place/Select+Piscines/data=!4m7!3m6!1s0x4806b365698d4fc7:0xd2746d4243edf8d9!8m2!3d46.2355021!4d-1.0732675!16s%2Fg%2F11hc_y2jly!19sChIJx0-NaWWzBkgR2fjtQ0JtdNI?authuser=0&hl=fr&rclk=1,5.0,32,Société de construction de piscine,2 Zone Artisanale Des Cerisiers,,0768756301,http://www.select-piscines.com/,pisciniste,La Rochelle,gps_10km,0,ca024e65-ca39-4128-acd6-24e971c1335c,0,{}
pisciniste,PISCINALIS,https://www.google.com/maps/place/PISCINALIS/data=!4m7!3m6!1s0x4803fe4a7fb27f07:0x5535ade3c27c4096!8m2!3d46.1612183!4d-1.2831228!16s%2Fg%2F1vxw7n17!19sChIJB3-yf0r-A0gRlkB8wuOtNVU?authuser=0&hl=fr&rclk=1,5.0,31,Société de construction de piscine,23 Rue de la Lorieuse,,0652826580,https://www.piscinalis.fr/,pisciniste,La Rochelle,gps_10km,0,265f2078-cb0b-46bc-aa29-20ad923a00f4,1,{}
pisciniste,Assistance Piscine Services,https://www.google.com/maps/place/Assistance+Piscine+Services/data=!4m7!3m6!1s0xd5531a5593a957b:0x8384152f82cdfb5c!8m2!3d44.8970323!4d-0.4212454!16s%2Fg%2F1tfd_53l!19sChIJe5U6WaUxVQ0RXPvNgi8VhIM?authuser=0&hl=fr&rclk=1,5.0,3,Société de construction de piscine,107 Rue du Truch,,0556204139,,pisciniste,Bordeaux,gps_13km,1,2fbb9151-185a-45f8-a86f-33686ca2389a,0,{}
pisciniste,Piscine Entretien Nettoyage,https://www.google.com/maps/place/Piscine+Entretien+Nettoyage/data=!4m7!3m6!1s0x4801d6c475a3183f:0xa9f6d134d408ed41!8m2!3d44.953246!4d-0.6297731!16s%2Fg%2F11hd55y3z7!19sChIJPxijdcTWAUgRQe0I1DTR9qk?authuser=0&hl=fr&rclk=1,5.0,84,Société de construction de piscine,526 Rte de Pauillac,,0556358685,https://www.piscines-entretien-nettoyage.fr/,pisciniste,Saint-Médard-en-Jalles,gps_9km,1,983c5a62-6ac5-4632-9d7e-fca7556e4fdd,0,{}
pisciniste,AYDIN PISCINES,https://www.google.com/maps/place/AYDIN+PISCINES/data=!4m7!3m6!1s0x4801533a69802927:0x7c56d6445c3020d9!8m2!3d46.1530258!4d-1.133425!16s%2Fg%2F11xdfvlqqq!19sChIJJymAaTpTAUgR2SAwXETWVnw?authuser=0&hl=fr&rclk=1,5.0,3,Société de construction de piscine,14 Rue Félix Pyat,,0631331223,,pisciniste,La Rochelle,gps_1km,0,fb0cb2a4-8432-40f3-8aa7-0f35ee894a52,1,{}
pisciniste,Débord'eaux Créations piscines,https://www.google.com/maps/place/D%C3%A9bord%27eaux+Cr%C3%A9ations+piscines/data=!4m7!3m6!1s0xd552f41382317bf:0x3f17fd7688ef1ec9!8m2!3d44.8621636!4d-0.5067533!16s%2Fg%2F11sr81xvx6!19sChIJvxcjOEEvVQ0RyR7viHb9Fz8?authuser=0&hl=fr&rclk=1,5.0,5,Société de construction de piscine,3 Rue Gay Lussac,,0659890261,https://debord-eaux.fr/,pisciniste,Bordeaux,gps_6km,1,23b57bf5-0304-4b3b-84c1-c174179a41ed,0,{}
pisciniste,Louée Piscine et Spa - La Louée Import Export,https://www.google.com/maps/place/Lou%C3%A9e+Piscine+et+Spa+-+La+Lou%C3%A9e+Import+Export/data=!4m7!3m6!1s0x4805e7a3e6496fcb:0xee83125bc2eaca85!8m2!3d47.1854591!4d-1.4455124!16s%2Fg%2F1tgx1d4n!19sChIJy29J5qPnBUgRhcrqwlsSg-4?authuser=0&hl=fr&rclk=1,4.9,56,Société de construction de piscine,1 Rue Hélène Boucher,,0240062645,https://www.cocktailpiscine.com/,pisciniste,Nantes,gps_8km,1,6e664d37-2887-489f-a4a3-3afb7501fe88,0,{}
pisciniste,CR Piscines,https://www.google.com/maps/place/CR+Piscines/data=!4m7!3m6!1s0x6c112c81b1883779:0xfde1bf1c26de4b77!8m2!3d46.9755833!4d-1.3365929!16s%2Fg%2F11m5npjbkk!19sChIJeTeIsYEsEWwRd0veJhy_4f0?authuser=0&hl=fr&rclk=1,4.9,37,Société de construction de piscine,5 Rue Augustin Fresnel,,0640887202,https://crpiscines.fr/,pisciniste,Rezé,gps_29km,1,cd16b62a-8513-497b-8d07-1e08a27e39cc,1,{}
pisciniste,Piscines Vinet,https://www.google.com/maps/place/Piscines+Vinet/data=!4m7!3m6!1s0x4805e6016be9ade7:0xdbd09f848b328b55!8m2!3d47.200895!4d-1.47221!16s%2Fg%2F1tj2h81h!19sChIJ563pawHmBUgRVYsyi4Sf0Ns?authuser=0&hl=fr&rclk=1,4.6,108,Société de construction de piscine,71 Rue des Onchères,,0240035567,http://www.piscines-vinet.fr/,pisciniste,Nantes,gps_6km,1,24a1b98d-87e9-4a10-bfb9-abd46a23ca62,0,{}
pisciniste,AMBIANCE PISCINE 85 - Piscines Desjoyaux La Roche sur Yon,https://www.google.com/maps/place/AMBIANCE+PISCINE+85+-+Piscines+Desjoyaux+La+Roche+sur+Yon/data=!4m7!3m6!1s0x480430086a681711:0xb86c5d83228cefde!8m2!3d46.6630123!4d-1.4597199!16s%2Fg%2F11cr_7nb4_!19sChIJERdoaggwBEgR3u-MIoNdbLg?authuser=0&hl=fr&rclk=1,4.7,23,Société de construction de piscine,·,,0251349314,https://www.desjoyaux.fr/boutiques-desjoyaux/85000--la-roche-sur-yon/,pisciniste,La Roche-sur-Yon,name,0,ef2a5626-9206-44d9-bb42-99f70718d8ce,0,{}
pisciniste,Pornic Piscines,https://www.google.com/maps/place/Pornic+Piscines/data=!4m7!3m6!1s0x48050d055df46ca1:0xc4d13fb3362ea2ad!8m2!3d47.112156!4d-2.0582857!16s%2Fg%2F11f6224k_j!19sChIJoWz0XQUNBUgRraIuNrM_0cQ?authuser=0&hl=fr&rclk=1,4.9,11,Société de construction de piscine,·,,0251186657,https://www.pornicpiscines.com/,pisciniste,Saint-Nazaire,gps_21km,1,c936b063-08cd-4369-8837-84ca6ed553d7,0,{}
pisciniste,RECIF PISCINES Constructeur Installation Rénovation de Piscines & Spa Pisciniste Challans,https://www.google.com/maps/place/RECIF+PISCINES+Constructeur+Installation+R%C3%A9novation+de+Piscines+%26+Spa+Pisciniste+Challans/data=!4m7!3m6!1s0x4805ac77676d3ff1:0x2df7469ea558e9e4!8m2!3d46.8589489!4d-1.868631!16s%2Fg%2F11dx93lm_6!19sChIJ8T9tZ3esBUgR5OlYpZ5G9y0?authuser=0&hl=fr&rclk=1,5.0,3,Société de construction de piscine,135 Rte de Nantes,,0251606613,http://www.recifpiscines.fr/,pisciniste,Nantes,name,1,2d1b8d56-8e5d-45c8-b3ce-286333c4ea5b,0,{}
pisciniste,Infime Océan - Piscines Magiline Vertou,https://www.google.com/maps/place/Infime+Oc%C3%A9an+-+Piscines+Magiline+Vertou/data=!4m7!3m6!1s0x4805e958f603bee3:0x2608e28b236555a1!8m2!3d47.1806686!4d-1.4909056!16s%2Fg%2F11kj0vqthb!19sChIJ474D9ljpBUgRoVVlI4viCCY?authuser=0&hl=fr&rclk=1,5.0,12,Société de construction de piscine,5 Rue des Clouzeaux,,0240732770,https://www.piscines-magiline.fr/pisciniste-magasin-piscines/fr-pays-de-la-loire-loire-atlantique-distributeur-piscines-magiline-nantes/,pisciniste,Rezé,gps_6km,1,2d6ac5aa-787f-4d81-816e-95e938f8bc21,0,{}
pisciniste,"EASY PISCINES, Les Herbiers (85) -Construction piscine, Spa, Sauna & Hammam","https://www.google.com/maps/place/EASY+PISCINES,+Les+Herbiers+%2885%29+-Construction+piscine,+Spa,+Sauna+%26+Hammam/data=!4m7!3m6!1s0x4806611410974411:0xc8f9c99258a7ef59!8m2!3d46.876621!4d-1.028292!16s%2Fg%2F1vgx03mm!19sChIJEUSXEBRhBkgRWe-nWJLJ-cg?authuser=0&hl=fr&rclk=1",4.7,113,Société de construction de piscine,·,,0251668607,http://www.easy-piscines-les-herbiers.fr/,pisciniste,Cholet,gps_23km,1,85319c0c-e5fd-42ba-b0aa-4c58e56fcf68,0,{}
pisciniste,Authentic Piscines Rénovation,https://www.google.com/maps/place/Authentic+Piscines+R%C3%A9novation/data=!4m7!3m6!1s0x480613acc5a05ce3:0x2e11efbbaaf54f25!8m2!3d47.141155!4d-1.072764!16s%2Fg%2F11fs32vc7g!19sChIJ41ygxawTBkgRJU_1qrvvES4?authuser=0&hl=fr&rclk=1,5.0,11,Société de construction de piscine,1 Rue du Petit Pont,,0784710974,http://www.authentic-piscines.com/,pisciniste,Cholet,gps_17km,1,cdbde60d-7555-4ce0-a304-775b82798d44,1,{}
pisciniste,Paysages des 2 Rivières,https://www.google.com/maps/place/Paysages+des+2+Rivi%C3%A8res/data=!4m7!3m6!1s0x4805ed329ad71fff:0xbfee3695a2c6c303!8m2!3d47.2365443!4d-1.5636199!16s%2Fg%2F11tsn7kv74!19sChIJ_x_XmjLtBUgRA8PGopU27r8?authuser=0&hl=fr&rclk=1,4.8,26,Société de construction de piscine,23 Bd Gabriel Lauriol,,0240069228,https://paysagiste-nantes.com/,pisciniste,Nantes,gps_2km,1,af25dc90-e0e4-4ddf-8831-9713e7c4df6f,0,{}
pisciniste,TM Création Piscine,https://www.google.com/maps/place/TM+Cr%C3%A9ation+Piscine/data=!4m7!3m6!1s0x4805c1e705e0789d:0x23796b9a0fc5ac2!8m2!3d47.1103948!4d-1.5901354!16s%2Fg%2F11ry3nyqdy!19sChIJnXjgBefBBUgRwlr8oLmWNwI?authuser=0&hl=fr&rclk=1,5.0,11,Société de construction de piscine,41 Rue des Landes de Tréjet,,0658648196,https://www.tmcreationpiscine.fr/,pisciniste,Rezé,gps_9km,1,5222de28-57ef-446c-82f7-f7deaa54890a,1,{}
pisciniste,PSB TRADITION,https://www.google.com/maps/place/PSB+TRADITION/data=!4m7!3m6!1s0x480592c9eea2c8a3:0x6caf92fd7d87649!8m2!3d47.2286828!4d-1.6515639!16s%2Fg%2F1tn0555f!19sChIJo8ii7smSBUgRSXbY1y_5ygY?authuser=0&hl=fr&rclk=1,4.6,86,Société de construction de piscine,11 Rue Sacco et Vanzetti,,0228960340,https://www.psb-tradition.com/,pisciniste,Saint-Herblain,gps_1km,1,864d101b-bdee-431d-bf58-abfb0c39d704,0,{}
pisciniste,Gn Piscines,https://www.google.com/maps/place/Gn+Piscines/data=!4m7!3m6!1s0x480575ae2c1c881b:0xc2fcdbfe2dcb6373!8m2!3d47.1670062!4d-2.0115518!16s%2Fg%2F11gy0skmzr!19sChIJG4gcLK51BUgRc2PLLf7b_MI?authuser=0&hl=fr&rclk=1,4.5,8,Société de construction de piscine,24 Le Pass. Bosseau,,0614735146,,pisciniste,Saint-Nazaire,gps_19km,1,c17d277e-c4ea-4f75-bfa3-1a0c49b2aa35,1,{}
pisciniste,La Piscine Vendéenne,https://www.google.com/maps/place/La+Piscine+Vend%C3%A9enne/data=!4m7!3m6!1s0x480661f23954b293:0x7fb3b9c23f5dbb82!8m2!3d46.8759704!4d-1.0244523!16s%2Fg%2F11rsbd9kb2!19sChIJk7JUOfJhBkgRgrtdP8K5s38?authuser=0&hl=fr&rclk=1,4.8,25,Société de construction de piscine,68 Rue de Beaurepaire,,0253739958,http://www.lapiscinevendeenne.com/,pisciniste,Cholet,gps_23km,1,96ccb833-3b7b-4834-9e9e-b3f6e95035e6,0,{}
pisciniste,Irripiscine by Irrijardin La Roche sur Yon,https://www.google.com/maps/place/Irripiscine+by+Irrijardin+La+Roche+sur+Yon/data=!4m7!3m6!1s0x480424d4e7436101:0x81c628d9804ae565!8m2!3d46.618185!4d-1.444111!16s%2Fg%2F11clyg_rbd!19sChIJAWFD59QkBEgRZeVKgNkoxoE?authuser=0&hl=fr&rclk=1,4.6,116,Société de construction de piscine,·,,0228150054,https://www.irripiscine.fr/magasins/la-roche-sur-yon,pisciniste,La Roche-sur-Yon,name,0,7d7d6e73-f0ef-404a-9cca-6893665182c6,0,{}
pisciniste,Assistance Piscine,https://www.google.com/maps/place/Assistance+Piscine/data=!4m7!3m6!1s0x480593e67433dd6f:0x528be8303b7f78f6!8m2!3d47.1755063!4d-1.679315!16s%2Fg%2F1td8yhbg!19sChIJb90zdOaTBUgR9nh_OzDoi1I?authuser=0&hl=fr&rclk=1,5.0,6,Société de construction de piscine,·,,0673090766,https://www.facebook.com/p/Assistance-Piscines-44-100064084598332/,pisciniste,Saint-Herblain,gps_6km,1,0e63fea6-b998-4425-a1b5-a2d8e7b57f6e,0,{}
pisciniste,Irripiscine by Irrijardin Pornic,https://www.google.com/maps/place/Irripiscine+by+Irrijardin+Pornic/data=!4m7!3m6!1s0x480573312d2a79ad:0xf5e29105b1db1ea7!8m2!3d47.125502!4d-2.119607!16s%2Fg%2F11vst4bss1!19sChIJrXkqLTFzBUgRpx7bsQWR4vU?authuser=0&hl=fr&rclk=1,4.7,20,Société de construction de piscine,·,,0679560658,https://www.irripiscine.fr/magasins/pornic,pisciniste,Saint-Nazaire,gps_17km,1,fce9c55a-b6c5-4f28-a403-1d07626a2d4c,0,{}
pisciniste,Imersion Piscines & Spas - Les Sables d'Olonne,https://www.google.com/maps/place/Imersion+Piscines+%26+Spas+-+Les+Sables+d%27Olonne/data=!4m7!3m6!1s0x48045de5932b057b:0xb6c9018224036909!8m2!3d46.9653994!4d-1.2443162!16s%2Fg%2F11fskl5rz7!19sChIJewUrk-VdBEgRCWkDJIIBybY?authuser=0&hl=fr&rclk=1,4.8,23,Société de construction de piscine,,,0251246642,https://imersionpiscines.fr/,pisciniste,Cholet,gps_29km,1,8d9fb81f-80c3-4559-b223-9a02866baaa1,0,{}
pisciniste,Piscines de France - Pisciniste Guérande (44) - Construction de piscine,https://www.google.com/maps/place/Piscines+de+France+-+Pisciniste+Gu%C3%A9rande+%2844%29+-+Construction+de+piscine/data=!4m7!3m6!1s0x48055bec7c2b1b4f:0x92463e8130594cfd!8m2!3d47.3300096!4d-2.4121354!16s%2Fg%2F1td_gmft!19sChIJTxsrfOxbBUgR_UxZMIE-RpI?authuser=0&hl=fr&rclk=1,4.7,124,Société de construction de piscine,·,,0251730073,https://www.piscines-de-france.fr/,pisciniste,Saint-Nazaire,gps_16km,1,0f0e513f-ce30-4e2a-ab88-09624ac2f70f,0,{}
pisciniste,o3 piscine,https://www.google.com/maps/place/o3+piscine/data=!4m7!3m6!1s0x995d813eca0ec8d:0x78dbdacec4382a33!8m2!3d47.4649331!4d-2.1537947!16s%2Fg%2F11rnhtz9ts!19sChIJjeyg7BPYlQkRMyo4xM7a23g?authuser=0&hl=fr&rclk=1,5.0,52,Société de construction de piscine,"ZI, La Pommeraie",,0699295766,https://www.o3piscine.fr/,pisciniste,Saint-Nazaire,gps_21km,1,1e490915-9132-4e68-a909-4fd76bf2e1b8,1,{}
pisciniste,Cocktail Piscine & Spa - Cocktail Piscines® & Jacuzzi®,https://www.google.com/maps/place/Cocktail+Piscine+%26+Spa+-+Cocktail+Piscines%C2%AE+%26+Jacuzzi%C2%AE/data=!4m7!3m6!1s0x480593ee44fbdcef:0xf06e7c3f47ce0eb8!8m2!3d47.2846979!4d-2.3939385!16s%2Fg%2F11kpsk23wj!19sChIJ79z7RO6TBUgRuA7ORz98bvA?authuser=0&hl=fr&rclk=1,5.0,11,Société de construction de piscine,25 Av. Olivier Guichard,,0249628544,https://www.cocktailpiscine.net/,pisciniste,Saint-Nazaire,gps_13km,1,fce47357-d13d-4362-9d1a-4a36ac0310fb,0,{}
pisciniste,AM Piscines,https://www.google.com/maps/place/AM+Piscines/data=!4m7!3m6!1s0x480f8deb681a6e37:0x42a28eb066bd5bfa!8m2!3d47.2593564!4d-2.3030694!16s%2Fg%2F11h92dwz93!19sChIJN24aaOuND0gR-lu9ZrCOokI?authuser=0&hl=fr&rclk=1,4.9,51,Société de construction de piscine,2 All. du Noroit,,0252410828,http://www.am-paysages.fr/,pisciniste,Saint-Nazaire,gps_6km,1,59b702d8-ac8d-4bdd-bab9-0c32e37502eb,0,{}
pisciniste,LA PISCINE BAULOISE,https://www.google.com/maps/place/LA+PISCINE+BAULOISE/data=!4m7!3m6!1s0x480569dff8f8ad7d:0x7339a5d03708fd58!8m2!3d47.2593473!4d-2.3045007!16s%2Fg%2F11kc7kz1lt!19sChIJfa34-N9pBUgRWP0IN9ClOXM?authuser=0&hl=fr&rclk=1,5.0,33,Société de construction de piscine,4 All. des Alizés,,0240197456,https://www.lapiscinebauloise.fr/,pisciniste,Saint-Nazaire,gps_7km,1,5a3b7824-9f76-4037-b29b-706cd16320ab,0,{}
pisciniste,Ilot Piscines & Spas,https://www.google.com/maps/place/Ilot+Piscines+%26+Spas/data=!4m7!3m6!1s0x48055c916bb7d531:0x70f9d23b82de939c!8m2!3d47.32515!4d-2.409719!16s%2Fg%2F1tlvnxbr!19sChIJMdW3a5FcBUgRnJPegjvS-XA?authuser=0&hl=fr&rclk=1,4.3,106,Société de construction de piscine,2 Rue de la Pré Neuve,,0251737700,https://ilotpiscines.fr/,pisciniste,Saint-Nazaire,gps_15km,1,6d415cda-c83a-4269-8eb0-ca5df7d06f0b,0,{}
pisciniste,Azureva Piscines EURL,https://www.google.com/maps/place/Azureva+Piscines+EURL/data=!4m7!3m6!1s0x48058131c50ce2d5:0xae00f22a817ed7f1!8m2!3d47.412307!4d-1.913544!16s%2Fg%2F11tx6h585v!19sChIJ1eIMxTGBBUgR8dd-gSryAK4?authuser=0&hl=fr&rclk=1,5.0,23,Société de construction de piscine,4 La Duty,,0664836823,http://www.azurevapiscines.fr/,pisciniste,Saint-Nazaire,gps_27km,1,9e240f9e-9b17-4941-a7d2-613ade1161cf,0,{}
pisciniste,Inspiration Piscine,https://www.google.com/maps/place/Inspiration+Piscine/data=!4m7!3m6!1s0x480f897da974ebb1:0x677ef4a47e9e7a2d!8m2!3d47.520615!4d-2.289819!16s%2Fg%2F11qns0h_nb!19sChIJset0qX2JD0gRLXqefqT0fmc?authuser=0&hl=fr&rclk=1,5.0,71,Société de construction de piscine,2 bis Rue de l'Etang,,0671097354,https://www.inspirationpiscine.fr/,pisciniste,Saint-Nazaire,gps_28km,1,7ebb2750-28b4-4db3-b345-22ba4f3fabc2,1,{}
pisciniste,Rêve de Piscine & Spa - Alliance Piscines® & Jacuzzi®,https://www.google.com/maps/place/R%C3%AAve+de+Piscine+%26+Spa+-+Alliance+Piscines%C2%AE+%26+Jacuzzi%C2%AE/data=!4m7!3m6!1s0x48055cbe7ee0f189:0x90f5fed4f2c158c0!8m2!3d47.2847288!4d-2.3939209!16s%2Fg%2F11g7cts6tl!19sChIJifHgfr5cBUgRwFjB8tT-9ZA?authuser=0&hl=fr&rclk=1,5.0,9,Société de construction de piscine,·,,0251139850,https://www.revedepiscine.com/,pisciniste,Saint-Nazaire,gps_13km,1,820b7efa-646c-41d3-b3b0-aa41372cd353,0,{}
pisciniste,Acp,https://www.google.com/maps/place/Acp/data=!4m7!3m6!1s0x480567850d6ec07b:0x40d27a96c9236ea1!8m2!3d47.2852878!4d-2.3413921!16s%2Fg%2F11btlzq707!19sChIJe8BuDYVnBUgRoW4jyZZ60kA?authuser=0&hl=fr&rclk=1,5.0,3,Société de construction de piscine,La ville Massonnet,,0675070659,http://www.assistance-creation-piscines.com/,pisciniste,Saint-Nazaire,gps_9km,1,434bfd87-a84e-48b4-a06d-edd1e9028309,0,{}
pisciniste,Tac Piscines,https://www.google.com/maps/place/Tac+Piscines/data=!4m7!3m6!1s0x480ff3422ea8d2bf:0x3aab9f3d65593062!8m2!3d47.3302795!4d-2.4239238!16s%2Fg%2F11y4z6smhm!19sChIJv9KoLkLzD0gRYjBZZT2fqzo?authuser=0&hl=fr&rclk=1,5.0,42,Service de réparation de piscines,·,,0240426983,https://tacpiscines.fr/?utm_source=gmb,pisciniste,Saint-Nazaire,gps_17km,1,b3cdde60-b6ec-4c94-b3d8-9e3a161c1f5f,0,{}
pisciniste,Les Piscines De Jade,https://www.google.com/maps/place/Les+Piscines+De+Jade/data=!4m7!3m6!1s0x4805674e8c56ca0b:0x57baab6a59e7189d!8m2!3d47.2817528!4d-2.5701706!16s%2Fg%2F11q9m8fc1h!19sChIJC8pWjE5nBUgRnRjnWWqrulc?authuser=0&hl=fr&rclk=1,5.0,49,Société de construction de piscine,·,,0240013537,https://www.lespiscinesdejade.fr/,pisciniste,Saint-Nazaire,gps_26km,1,76463667-d995-43a6-a446-1d3521b9be6c,0,{}
pisciniste,MSBE - Constructeur de Piscines sur mesure - Pisciniste Conseil,https://www.google.com/maps/place/MSBE+-+Constructeur+de+Piscines+sur+mesure+-+Pisciniste+Conseil/data=!4m7!3m6!1s0x4810172b39f816cd:0xef3b642e4d97633!8m2!3d47.6633962!4d-2.9049549!16s%2Fg%2F11c6f5p800!19sChIJzRb4OSsXEEgRM3bZ5EK28w4?authuser=0&hl=fr&rclk=1,5.0,17,Société de construction de piscine,17 Rue de Belle-Ile,,0668047341,https://msbepiscines.fr/,pisciniste,Vannes,gps_10km,1,d7f21ff2-7bfd-47da-a896-3f22c9ce60cf,1,{}
pisciniste,Verdilignes,https://www.google.com/maps/place/Verdilignes/data=!4m7!3m6!1s0x480567b115de8c37:0x249ecfc3449d80c5!8m2!3d47.294628!4d-2.2921371!16s%2Fg%2F1tph138r!19sChIJN4zeFbFnBUgRxYCdRMPPniQ?authuser=0&hl=fr&rclk=1,4.7,125,Société de construction de piscine,·,,0240703711,http://www.verdilignes.fr/,pisciniste,Saint-Nazaire,gps_6km,1,20e19816-8106-4a3f-a748-f251a3491c15,0,{}
pisciniste,Irripiscine by Irrijardin La Baule - Guérande,https://www.google.com/maps/place/Irripiscine+by+Irrijardin+La+Baule+-+Gu%C3%A9rande/data=!4m7!3m6!1s0x48055df5c93ff795:0xb944971715abcd75!8m2!3d47.3245343!4d-2.4105053!16s%2Fg%2F11qyglz_tf!19sChIJlfc_yfVdBUgRdc2rFReXRLk?authuser=0&hl=fr&rclk=1,4.8,57,Société de construction de piscine,·,,0240199563,https://www.irripiscine.fr/magasins/guerande,pisciniste,Saint-Nazaire,gps_15km,1,dcc59653-ba32-42f0-8589-2a72739e2f9f,0,{}
pisciniste,"GO Piscines - Pisciniste, installation piscine - VANNES -","https://www.google.com/maps/place/GO+Piscines+-+Pisciniste,+installation+piscine+-+VANNES+-/data=!4m7!3m6!1s0xa9ee26ea8eb58411:0x72e71652d25d63e!8m2!3d47.6601891!4d-2.8657983!16s%2Fg%2F11sm72m6x4!19sChIJEYS1juom7qkRPtYlLWVxLgc?authuser=0&hl=fr&rclk=1",5.0,3,Société de construction de piscine,"ZA des 2 moulins, 32 Rue des Deux Moulins",,0695146479,https://www.gopiscines.fr/,pisciniste,Vannes,name,1,0b376cc8-50a3-4ff4-b7f4-35982797b527,1,{}
pisciniste,Aquatica piscines,https://www.google.com/maps/place/Aquatica+piscines/data=!4m7!3m6!1s0x8a7d914c2df9cdf:0x8ecceaaae9200045!8m2!3d47.4105851!4d-1.7640294!16s%2Fg%2F11kj36rrvx!19sChIJ35zfwhTZpwgRRQAg6arqzI4?authuser=0&hl=fr&rclk=1,5.0,10,Société de construction de piscine,La Prte du Gué Géraud,,0785335158,http://aquaticapiscines.com/,pisciniste,Saint-Herblain,gps_22km,1,abc37670-c680-44a0-9f34-a862113a8c7f,1,{}
pisciniste,Morice Paysage,https://www.google.com/maps/place/Morice+Paysage/data=!4m7!3m6!1s0x480fe39cc68a5183:0x6803eb99dabcd5b4!8m2!3d47.619044!4d-2.623782!16s%2Fg%2F1tdq0jlh!19sChIJg1GKxpzjD0gRtNW82pnrA2g?authuser=0&hl=fr&rclk=1,4.5,129,Société de construction de piscine,·,,0297431780,https://www.pepinieresmorice.com/,pisciniste,Vannes,gps_11km,1,93b8901a-60e5-4c8c-9585-cfb02cf2cfcb,0,{}
pisciniste,Grand Ouest Piscine et Spas - Piscines Coques,https://www.google.com/maps/place/Grand+Ouest+Piscine+et+Spas+-+Piscines+Coques/data=!4m7!3m6!1s0x480593d86276da61:0xfa3d945262c8071d!8m2!3d47.3008554!4d-1.7108572!16s%2Fg%2F11nn1gm7b6!19sChIJYdp2YtiTBUgRHQfIYlKUPfo?authuser=0&hl=fr&rclk=1,4.9,73,Société de construction de piscine,6 Rue de la Gaudinière,,0784337514,https://grandouestpiscine.fr/,pisciniste,Saint-Herblain,gps_10km,1,c5a5ab6b-85f4-4724-9dbf-0bafe6662ad5,1,{}
pisciniste,MGW Piscines,https://www.google.com/maps/place/MGW+Piscines/data=!4m7!3m6!1s0x48103794f7a5b6a7:0x9a338dd87c21c342!8m2!3d47.8883768!4d-3.0273112!16s%2Fg%2F11h_6s_0ct!19sChIJp7al95Q3EEgRQsMhfNiNM5o?authuser=0&hl=fr&rclk=1,5.0,56,Société de construction de piscine,La Croix de Crâne,,0603439672,https://www.mgwpiscines.fr/,pisciniste,Lorient,gps_29km,0,c989072e-60ce-46e7-96c4-b8277bd44862,1,{}
pisciniste,BZHPool,https://www.google.com/maps/place/BZHPool/data=!4m7!3m6!1s0x4810fbbd8a386555:0xd64f3fa5c8774ea3!8m2!3d47.8934686!4d-3.6078116!16s%2Fg%2F11qh5bgmrv!19sChIJVWU4ir37EEgRo053yKU_T9Y?authuser=0&hl=fr&rclk=1,5.0,6,Société de construction de piscine,15 La Halte,,0785771032,http://www.bzhpool.fr/,pisciniste,Lorient,gps_24km,0,b985a262-bf0a-4a9b-a5b4-794dcc4aba85,1,{}
pisciniste,Ker'Bomat Paysagiste - piscine- spa- spa de nage - entretien,https://www.google.com/maps/place/Ker%27Bomat+Paysagiste+-+piscine-+spa-+spa+de+nage+-+entretien/data=!4m7!3m6!1s0x48106908b3612c9f:0xd96635b16cac526f!8m2!3d47.6759742!4d-3.1969836!16s%2Fg%2F11btn18prh!19sChIJnyxhswhpEEgRb1KsbLE1Ztk?authuser=0&hl=fr&rclk=1,4.6,67,Société de construction de piscine,·,,0256548207,http://www.groupekerbomat.fr/,pisciniste,Lorient,gps_14km,0,ad58f3c4-b54d-494f-a05f-f530bf2f5cc5,0,{}
pisciniste,Nature Création,https://www.google.com/maps/place/Nature+Cr%C3%A9ation/data=!4m7!3m6!1s0x48105d1f61f3cb11:0x2a01099a71293e22!8m2!3d47.7534002!4d-3.2906515!16s%2Fg%2F11h9__3wrv!19sChIJEcvzYR9dEEgRIj4pcZoJASo?authuser=0&hl=fr&rclk=1,4.6,43,Société de construction de piscine,·,,0297761467,http://www.nature-creation56.com/,pisciniste,Lorient,gps_5km,0,ffabf665-ab0f-47b2-9a6f-6d16d2507b0f,0,{}
pisciniste,Ardesia Création Paysage & Piscines,https://www.google.com/maps/place/Ardesia+Cr%C3%A9ation+Paysage+%26+Piscines/data=!4m7!3m6!1s0xa880d89829e3eeed:0xe3f94512e9c3ebdc!8m2!3d47.860357!4d-4.241092!16s%2Fg%2F11q95t8v7t!19sChIJ7e7jKZjYgKgR3OvD6RJF-eM?authuser=0&hl=fr&rclk=1,5.0,12,Société de construction de piscine,10 Rue des Pins,,0673495584,https://www.ardesiacreation.fr/,pisciniste,Quimper,gps_18km,0,c4794d37-6ebf-4541-a49a-e49f58e2d70d,0,{}
pisciniste,Océance Piscines,https://www.google.com/maps/place/Oc%C3%A9ance+Piscines/data=!4m7!3m6!1s0x4cf5fcf1553549b9:0x6fd32106f8316b71!8m2!3d47.871724!4d-4.062387!16s%2Fg%2F11jzd7k3hf!19sChIJuUk1VfH89UwRcWsx-AYh028?authuser=0&hl=fr&rclk=1,5.0,19,Société de construction de piscine,47 Hent Nod Gwen,,0677942160,http://www.oceance-piscines.fr/?utm_source=gmb,pisciniste,Quimper,gps_14km,0,b9fc253c-164e-4aba-af12-6abc7fd0cbf0,1,{}
pisciniste,SARL Queffelec,https://www.google.com/maps/place/SARL+Queffelec/data=!4m7!3m6!1s0x48172881dd5ffcd9:0x7f9de72d0e822235!8m2!3d47.8533978!4d-4.2042526!16s%2Fg%2F1tdykm7p!19sChIJ2fxf3YEoF0gRNSKCDi3nnX8?authuser=0&hl=fr&rclk=1,4.7,29,Entrepreneur spécialisé dans les clôtures,·,,0298544948,https://www.entreprisequeffelec.com/,cloture,Quimper,gps_17km,1,e8b15d87-cf3f-4d21-a238-68ac94010076,0,{}
pisciniste,EDPS BREST,https://www.google.com/maps/place/EDPS+BREST/data=!4m7!3m6!1s0x4816b115bebcf1b9:0xf71fda1d2a285b0c!8m2!3d48.411504!4d-4.368621!16s%2Fg%2F11l36_csc0!19sChIJufG8vhWxFkgRDFsoKh3aH_c?authuser=0&hl=fr&rclk=1,5.0,7,Service de réparation de piscines,·,,0672989203,https://www.edps-piscine-spa.fr/?utm_medium=referral&utm_source=gmb&utm_campaign=lnk-gmb,pisciniste,Brest,name,0,212910b1-f2fb-4887-9506-f23e9cd6d4bc,0,{}
pisciniste,Daniel Moquet signe vos clôtures - Ent. Lopez,https://www.google.com/maps/place/Daniel+Moquet+signe+vos+cl%C3%B4tures+-+Ent.+Lopez/data=!4m7!3m6!1s0x4816bdc2643e7eb3:0x93ef6a19636c34ce!8m2!3d48.4381623!4d-4.5439345!16s%2Fg%2F11sdt_pb3l!19sChIJs34-ZMK9FkgRzjRsYxlq75M?authuser=0&hl=fr&rclk=1,4.8,16,Maçon,·,,0229627018,https://www.moquet-clotures.com/cloture-portail/,cloture,Brest,gps_6km,1,ad7985cf-da53-481c-b4fa-919905a1ff71,0,{}
pisciniste,Daniel Moquet signe vos clôtures - Ent. Guegan,https://www.google.com/maps/place/Daniel+Moquet+signe+vos+cl%C3%B4tures+-+Ent.+Guegan/data=!4m7!3m6!1s0x4816bb406bf3e453:0x3cfef09e36d1570a!8m2!3d48.470298!4d-4.328291!16s%2Fg%2F11jfbvp4gn!19sChIJU-Tza0C7FkgRClfRNp7w_jw?authuser=0&hl=fr&rclk=1,4.7,58,Paysagiste,"430 Impasse du Marais, Croas Ar Neizic Z.A de",,0221096432,https://www.moquet-clotures.com/cloture-portail/,cloture,Brest,gps_14km,1,7526f987-5f84-41e6-bcc6-1a75ccf29e39,0,{}
pisciniste,Pisc' in moov,https://www.google.com/maps/place/Pisc%27+in+moov/data=!4m7!3m6!1s0x47e5dd897cf74f19:0xe2a2ce0eca03775f!8m2!3d48.6054395!4d2.4260811!16s%2Fg%2F11pzdv20k9!19sChIJGU_3fInd5UcRX3cDyg7OouI?authuser=0&hl=fr&rclk=1,5.0,3,Société de construction de piscine,11 Sq. de l'Enclos,,0615487426,http://piscinmoov.com/,pisciniste,Évry-Courcouronnes,gps_2km,1,d293ede6-f044-43d0-bca2-b6f2941a1d18,0,{}
pisciniste,Revêtement Piscine Polyester,https://www.google.com/maps/place/Rev%C3%AAtement+Piscine+Polyester/data=!4m7!3m6!1s0x47e67b8535e3b27f:0x9bf4114833b1c255!8m2!3d48.7180312!4d2.1542878!16s%2Fg%2F11fjyvrlx0!19sChIJf7LjNYV75kcRVcKxM0gR9Js?authuser=0&hl=fr&rclk=1,5.0,29,Société de construction de piscine,·,,0603022420,https://www.revetement-piscine-polyester.fr/,pisciniste,Versailles,gps_9km,2,4db15c0e-13aa-4230-b122-a2d3d691d9c8,1,{}
pisciniste,HOUDEVILLE CHRISTOPHE HCCP BATI SPECIALISTE PISCINE,https://www.google.com/maps/place/HOUDEVILLE+CHRISTOPHE+HCCP+BATI+SPECIALISTE+PISCINE/data=!4m7!3m6!1s0x47e6897547e11ecb:0xeec71be5e8c267ad!8m2!3d48.93391!4d2.0531171!16s%2Fg%2F11qr4c6txd!19sChIJyx7hR3WJ5kcRrWfC6OUbx-4?authuser=0&hl=fr&rclk=1,4.9,9,Société de construction de piscine,Bd Robespierre,,0699641595,https://www.hccp-piscine.fr/,pisciniste,Saint-Germain-en-Laye,gps_2km,0,69fbc778-c01f-4b18-9e09-69a5c158006c,0,{}
pisciniste,Piscines Desjoyaux Angers,https://www.google.com/maps/place/Piscines+Desjoyaux+Angers/data=!4m7!3m6!1s0x48087fa27e511a4d:0x52c5d482fb8bf1f8!8m2!3d47.467299!4d-0.621906!16s%2Fg%2F11f339rgff!19sChIJTRpRfqJ_CEgR-PGL-4LUxVI?authuser=0&hl=fr&rclk=1,4.3,108,Société de construction de piscine,8 Rue du Pavillon,,0241172598,https://www.google.com/aclk?sa=L&ai=DChsSEwjkkszMx72UAxVAe0ECHY0_MgcYACICCAEQBhoCd3M&ae=2&co=1&ase=2&gclid=CjwKCAjwq6DQBhBVEiwA4ZD5XO3otru_-MRfWRryLUNlQj1oaApAhtm1twYfNAnT4ilsHdnznHLY0hoC7UwQAvD_BwE&cce=2&category=acrcp_v1_71&sig=AOD64_2tnMkNU5hxu54PcP5i63WP2SEc5A&adurl&q&ctype=99&nis=6,pisciniste,Angers,name,0,8cb6b987-ce1c-4c73-9875-5367e506e432,0,{}
pisciniste,Piscinistes associés - Hydrathème,https://www.google.com/maps/place/Piscinistes+associ%C3%A9s+-+Hydrath%C3%A8me/data=!4m7!3m6!1s0x480881b1340df9ab:0x7370f7693fa81c6!8m2!3d47.4717447!4d-0.7034359!16s%2Fg%2F11bv2l1cs_!19sChIJq_kNNLGBCEgRxoH6k3YPNwc?authuser=0&hl=fr&rclk=1,4.9,31,Société de construction de piscine,"Za Les Robinières, 5 Rte du Petit Anjou",,0272798560,https://piscinistes-associes-hydratheme.fr/,pisciniste,Angers,gps_11km,0,e206fd4b-567f-41aa-a9d5-7e9d0a43e437,0,{}
pisciniste,LA PISCINE ANGEVINE,https://www.google.com/maps/place/LA+PISCINE+ANGEVINE/data=!4m7!3m6!1s0x48087f790f9bbc4d:0x52c4b9b5a4bd108!8m2!3d47.4705399!4d-0.6212791!16s%2Fg%2F11rkbt_vvg!19sChIJTbybD3l_CEgRCNFLWptLLAU?authuser=0&hl=fr&rclk=1,4.8,16,Société de construction de piscine,1 Sq. de la Ceriseraie,,0259100375,https://www.lapiscineangevine.com/,pisciniste,Angers,gps_5km,0,848a7586-d866-4857-a604-30767acaa476,0,{}
pisciniste,Id d'eau Constructeur Piscine Rénovation Entretien Pisciniste Angers Saumur,https://www.google.com/maps/place/Id+d%27eau+Constructeur+Piscine+R%C3%A9novation+Entretien+Pisciniste+Angers+Saumur/data=!4m7!3m6!1s0x4807d0ae19bda65b:0x20eb753052d5252d!8m2!3d47.4359553!4d-0.5052739!16s%2Fg%2F1trpq52_!19sChIJW6a9Ga7QB0gRLSXVUjB16yA?authuser=0&hl=fr&rclk=1,4.6,11,Société de construction de piscine,3 Rue Paul Pousset,,0241681673,http://www.piscines-angers-49.com/,pisciniste,Angers,name,0,760340d4-ac7a-4ae1-a979-098c8e01172c,0,{}
pisciniste,Saïd Maçonnerie Piscines,https://www.google.com/maps/place/Sa%C3%AFd+Ma%C3%A7onnerie+Piscines/data=!4m7!3m6!1s0x15ee33bbfea5193:0xa0ffb654044f3a3!8m2!3d47.6370373!4d-0.6652915!16s%2Fg%2F11tfhbqc4k!19sChIJk1HqvzvjXgERo_NEQGX7Dwo?authuser=0&hl=fr&rclk=1,5.0,30,Société de construction de piscine,"5 Rue Vallon du, Rue du Ponceau",,0603547722,https://www.facebook.com/profile.php?id=100085611466137,pisciniste,Angers,gps_20km,0,e5a5082f-1f29-4496-a735-c68bd811bf5f,1,{}
pisciniste,"Les Spas Angevins | Constructeur de piscine, vente de spa","https://www.google.com/maps/place/Les+Spas+Angevins+%7C+Constructeur+de+piscine,+vente+de+spa/data=!4m7!3m6!1s0x633d973b29ffce71:0xed7984ca23d50002!8m2!3d47.2697894!4d-0.377645!16s%2Fg%2F11sxzw93nz!19sChIJcc7_KTuXPWMRAgDVI8qEee0?authuser=0&hl=fr&rclk=1",5.0,6,Société de construction de piscine,6 Rue du Vigneau,,0626824734,https://lesspasangevins.fr/,pisciniste,Angers,gps_26km,0,bd93f186-8ef1-4bf3-aabc-3a72d7c8535d,1,{}
pisciniste,Piscine49,https://www.google.com/maps/place/Piscine49/data=!4m7!3m6!1s0x4806295cf8214f7f:0x67bc549c77a81665!8m2!3d47.4013369!4d-0.7553627!16s%2Fg%2F11p_1ztk70!19sChIJf08h-FwpBkgRZRaod5xUvGc?authuser=0&hl=fr&rclk=1,5.0,16,Société de construction de piscine,Zac les fougères,,0241194831,https://www.piscine-49.com/,pisciniste,Angers,gps_17km,0,db9f3c25-7c38-4fb2-aa45-ff064349e4ff,0,{}
pisciniste,Piscines de France - Pisciniste Angers (49) - Construction de piscine,https://www.google.com/maps/place/Piscines+de+France+-+Pisciniste+Angers+%2849%29+-+Construction+de+piscine/data=!4m7!3m6!1s0x4807d62d148084e9:0x2de2a02251a6ba95!8m2!3d47.4295001!4d-0.5419679!16s%2Fg%2F1hc1cc_9p!19sChIJ6YSAFC3WB0gRlbqmUSKg4i0?authuser=0&hl=fr&rclk=1,4.5,99,Société de construction de piscine,·,,0241575107,https://www.piscines-de-france.fr/,pisciniste,Angers,name,0,1814e22b-cd10-4520-9377-3ca21c64ccb9,0,{}
pisciniste,Anjou Piscines Concept,https://www.google.com/maps/place/Anjou+Piscines+Concept/data=!4m7!3m6!1s0x4806340883e21d07:0x9beb9f789731101e!8m2!3d47.2097299!4d-0.7191817!16s%2Fg%2F11bwm45pwj!19sChIJBx3igwg0BkgRHhAxl3if65s?authuser=0&hl=fr&rclk=1,5.0,19,Société de construction de piscine,11 Rue du Bompas,,0241652280,http://www.anjou-piscines-concept.com/,pisciniste,Cholet,gps_20km,1,a27f30ba-48b5-44f2-be20-7675b73436a2,0,{}
pisciniste,CEPIE CONCEPT,https://www.google.com/maps/place/CEPIE+CONCEPT/data=!4m7!3m6!1s0x480877617ebb2bd7:0xd6cc58f94e6906d8!8m2!3d47.5022181!4d-0.488547!16s%2Fg%2F1hc4r7v79!19sChIJ1yu7fmF3CEgR2AZpTvlYzNY?authuser=0&hl=fr&rclk=1,4.7,58,Société de construction de piscine,Font de l'Épervière,,0241766767,https://www.cepie-concept.com/,pisciniste,Angers,gps_5km,0,3d918007-5781-4e44-bbe2-13bd12ef2eb7,0,{}
pisciniste,"CRE Piscines créations, rénovation et entretien 49 Brissac Angers Maine et Loire","https://www.google.com/maps/place/CRE+Piscines+cr%C3%A9ations,+r%C3%A9novation+et+entretien+49+Brissac+Angers+Maine+et+Loire/data=!4m7!3m6!1s0x4807ddd8e4600fb5:0xd3a6189781de5fcb!8m2!3d47.3138321!4d-0.3873667!16s%2Fg%2F11nz0z4rrf!19sChIJtQ9g5NjdB0gRy1_egZcYptM?authuser=0&hl=fr&rclk=1",4.8,23,Société de construction de piscine,10 Rue des Brosses déléguée,,0784944805,https://www.cre-piscines.fr/,pisciniste,Angers,name,0,3e199060-ca1c-4525-8db0-39438440a1ff,1,{}
pisciniste,Envie Piscine - Pisciniste,https://www.google.com/maps/place/Envie+Piscine+-+Pisciniste/data=!4m7!3m6!1s0x4806412712f55b1b:0x3f5bf6f96d07af54!8m2!3d47.0569963!4d-0.9387929!16s%2Fg%2F11h18klx8t!19sChIJG1v1EidBBkgRVK8Hbfn2Wz8?authuser=0&hl=fr&rclk=1,4.7,30,Société de construction de piscine,18 Rue de la Vendée,,0253690980,https://www.enviepiscine.fr/,pisciniste,Cholet,gps_4km,1,d39c3dc0-cb57-437c-a922-cc7949874f2f,0,{}
pisciniste,SAS Rêva Piscines,https://www.google.com/maps/place/SAS+R%C3%AAva+Piscines/data=!4m7!3m6!1s0x480629a0c0ed7a8d:0xf3670a456d2117db!8m2!3d47.4000257!4d-0.752593!16s%2Fg%2F1vyxhswk!19sChIJjXrtwKApBkgR2xchbUUKZ_M?authuser=0&hl=fr&rclk=1,4.5,86,Société de construction de piscine,"ZA DE LA, Rue de la Mûrie",,0241318484,http://www.revapiscines.com/,pisciniste,Angers,gps_17km,0,bf2d471a-ffb7-4135-9425-bf69bad97c76,0,{}
pisciniste,A.R. Dolbois,https://www.google.com/maps/place/A.R.+Dolbois/data=!4m7!3m6!1s0x48087b545bd510a9:0xbed425bed09592e7!8m2!3d47.5406443!4d-0.5688263!16s%2Fg%2F11h1zw6w9y!19sChIJqRDVW1R7CEgR55KV0L4l1L4?authuser=0&hl=fr&rclk=1,4.9,10,Société de construction de piscine,"Z.A. Croix de Sarthe, 1 Rue de la Chênaie",,0637968548,https://ar-dolbois.fr/,pisciniste,Angers,gps_7km,0,02da4c5a-6575-4712-8e76-0faaa14da88d,1,{}
pisciniste,Les piscines du faubourg / Magiline,https://www.google.com/maps/place/Les+piscines+du+faubourg+%2F+Magiline/data=!4m7!3m6!1s0x480646413faa9219:0x9745be1e8f9ea119!8m2!3d47.077085!4d-0.8333945!16s%2Fg%2F1thsf976!19sChIJGZKqP0FGBkgRGaGejx6-RZc?authuser=0&hl=fr&rclk=1,4.5,120,Société de construction de piscine,"ZAC de l’Ecuyère, Rue de la Nouvelle Écosse",,0241584661,https://www.lespiscinesdufaubourg.fr/,pisciniste,Cholet,gps_3km,1,56f21013-4804-4529-870c-3e23e83accc5,0,{}
pisciniste,Alliance Piscines,https://www.google.com/maps/place/Alliance+Piscines/data=!4m7!3m6!1s0x48064642cb0413a7:0x5a56a3479a58970c!8m2!3d47.0760692!4d-0.8397609!16s%2Fg%2F11bydkjczt!19sChIJpxMEy0JGBkgRDJdYmkejVlo?authuser=0&hl=fr&rclk=1,4.5,73,Société de construction de piscine,4 Rue du Layon,,0241305419,https://www.alliance49.com/,pisciniste,Cholet,gps_3km,1,8da91fbc-d3e7-4e1f-ad17-35a8cbc20db6,0,{}
pisciniste,le généraliste habitat & piscines,https://www.google.com/maps/place/le+g%C3%A9n%C3%A9raliste+habitat+%26+piscines/data=!4m7!3m6!1s0x4807d76837b980b3:0x91f0f85e182d494f!8m2!3d47.3903148!4d-0.5018295!16s%2Fg%2F11hcv18_f9!19sChIJs4C5N2jXB0gRT0ktGF748JE?authuser=0&hl=fr&rclk=1,4.7,16,Société de construction de piscine,10 Rue de Lanserre,,0241690712,http://www.generalistehabitatpiscines.com/contact/,pisciniste,Angers,gps_10km,0,b24297c4-718b-4938-95a1-a914a0af73ed,0,{}
pisciniste,B.l. Piscines,https://www.google.com/maps/place/B.l.+Piscines/data=!4m7!3m6!1s0x48087dcd9eea40c5:0x3f8bfe56e94373f4!8m2!3d47.5367887!4d-0.6188657!16s%2Fg%2F11btmqzzff!19sChIJxUDqns19CEgR9HND6Vb-iz8?authuser=0&hl=fr&rclk=1,5.0,4,Société de construction de piscine,7 Rue Auguste Renoir,,0642261873,,pisciniste,Angers,gps_8km,0,527d08c5-8f89-4f6f-a5d2-a8a88693649d,1,{}
pisciniste,Aquilus Piscines et Spas Angers,https://www.google.com/maps/place/Aquilus+Piscines+et+Spas+Angers/data=!4m7!3m6!1s0x4807d56c1b1a4d97:0x32dbf62d95ef8ee!8m2!3d47.4238908!4d-0.592293!16s%2Fg%2F11fl97v_yj!19sChIJl00aG2zVB0gR7vhe2WK_LQM?authuser=0&hl=fr&rclk=1,5.0,5,Société de construction de piscine,·,,0241444536,https://magasin.aquilus-piscines.com/124-aquilus-piscines-et-spas-angers?utm_source=gmb,pisciniste,Angers,name,0,3fc98d5c-1d9b-477b-9d38-ae878b109bcc,0,{}
pisciniste,aiRPiscine,https://www.google.com/maps/place/aiRPiscine/data=!4m7!3m6!1s0x4807db2139b59ee3:0x756ffa7ffac459d3!8m2!3d47.3495972!4d-0.4391146!16s%2Fg%2F11r9ql86ds!19sChIJ4561OSHbB0gR01nE-n_6b3U?authuser=0&hl=fr&rclk=1,4.7,30,Piscine,·,,0768164594,https://www.airpiscine.fr/?utm_source=gmb&utm_medium=profile,pisciniste,Angers,gps_16km,0,1ddcbd80-2cae-4471-b930-6b373668e533,1,{}
pisciniste,de Boislaville - Jardins Piscines Spas // Paysagiste - Pisciniste - Angers - Saumur,https://www.google.com/maps/place/de+Boislaville+-+Jardins+Piscines+Spas+%2F%2F+Paysagiste+-+Pisciniste+-+Angers+-+Saumur/data=!4m7!3m6!1s0x4807e50046702bb9:0xcf83fb45c5930c15!8m2!3d47.3267391!4d-0.2384164!16s%2Fg%2F1w04jh40!19sChIJuStwRgDlB0gRFQyTxUX7g88?authuser=0&hl=fr&rclk=1,4.8,63,Société de construction de piscine,·,,0241679222,http://www.deboislaville.com/,pisciniste,Angers,name,0,8bc5ef18-ce73-4e10-8101-7f2e482195db,0,{}
pisciniste,Néréides Piscines,https://www.google.com/maps/place/N%C3%A9r%C3%A9ides+Piscines/data=!4m7!3m6!1s0x480879680134b6af:0xff6d689dfe7ce876!8m2!3d47.477077!4d-0.508229!16s%2Fg%2F11tclzvj_d!19sChIJr7Y0AWh5CEgRduh8_p1obf8?authuser=0&hl=fr&rclk=1,5.0,7,Société de construction de piscine,·,,0241391569,http://www.nereides-piscines.fr/,pisciniste,Angers,gps_3km,0,1798902c-d37a-432c-8077-b459186898b6,0,{}
pisciniste,RC NET Piscines,https://www.google.com/maps/place/RC+NET+Piscines/data=!4m7!3m6!1s0x48060bfadc517765:0xb3e90d81e6bcf56e!8m2!3d47.1709192!4d-1.2664909!16s%2Fg%2F11twg68ndt!19sChIJZXdR3PoLBkgRbvW85oEN6bM?authuser=0&hl=fr&rclk=1,5.0,27,Service de réparation de piscines,16 Rue Des Peupliers,,0647040831,https://www.rcnetpiscines.fr/,pisciniste,Nantes,gps_22km,1,a3511515-d78f-44b9-9f09-d64e3b944c6b,1,{}
pisciniste,Quality Piscine Angers,https://www.google.com/maps/place/Quality+Piscine+Angers/data=!4m7!3m6!1s0x4808777be63fbcf5:0x501204e0901da0d8!8m2!3d47.4830578!4d-0.4819018!16s%2Fg%2F11y2cv4vtb!19sChIJ9bw_5nt3CEgR2KAdkOAEElA?authuser=0&hl=fr&rclk=1,5.0,31,Société de construction de piscine,·,,0681764024,https://quality-piscine.fr/entretien-piscine-angers-maine-et-loire/,pisciniste,Angers,name,0,fa5693e0-eb42-487e-b755-4569d4f8d587,1,{}
pisciniste,Piscines L'Instant Bleu,https://www.google.com/maps/place/Piscines+L%27Instant+Bleu/data=!4m7!3m6!1s0x48087ed804088cbf:0x21db3c1b45b5101d!8m2!3d47.3894391!4d-0.559822!16s%2Fg%2F11hb6d4ms5!19sChIJv4wIBNh-CEgRHRC1RRs82yE?authuser=0&hl=fr&rclk=1,4.8,30,Société de construction de piscine,,,0622971007,https://www.linstant-bleu.com/,pisciniste,Angers,gps_9km,0,c63770a7-476a-4fc6-947c-d9ae3cf0e73b,1,{}
pisciniste,Irripiscine by Irrijardin Cholet,https://www.google.com/maps/place/Irripiscine+by+Irrijardin+Cholet/data=!4m7!3m6!1s0x4806479327ef5229:0x77e14649029b933b!8m2!3d47.076343!4d-0.839448!16s%2Fg%2F11rpqby1g_!19sChIJKVLvJ5NHBkgRO5ObAklG4Xc?authuser=0&hl=fr&rclk=1,5.0,28,Société de construction de piscine,·,,0230302020,https://www.irripiscine.fr/magasins/cholet,pisciniste,Cholet,name,1,4a56ae34-be8f-4626-a16f-47968e2966d0,0,{}
pisciniste,Piscines Desjoyaux Cholet,https://www.google.com/maps/place/Piscines+Desjoyaux+Cholet/data=!4m7!3m6!1s0x480647ee10ea273f:0x85b9bea0d4d98a2b!8m2!3d47.0728033!4d-0.8402854!16s%2Fg%2F11s7qny_w1!19sChIJPyfqEO5HBkgRK4rZ1KC-uYU?authuser=0&hl=fr&rclk=1,5.0,7,Société de construction de piscine,·,,0255401040,https://www.desjoyaux.fr/boutiques-desjoyaux/49300--cholet/,pisciniste,Cholet,name,1,e86f5194-3d29-47d5-b996-077f830f4dd3,0,{}
pisciniste,JBE PISCINES,https://www.google.com/maps/place/JBE+PISCINES/data=!4m7!3m6!1s0x47e2f7d84485a989:0x1479759a29f70a79!8m2!3d48.058732!4d0.419966!16s%2Fg%2F11pd512cf6!19sChIJiamFRNj34kcReQr3KZp1eRQ?authuser=0&hl=fr&rclk=1,5.0,7,Société de construction de piscine,697 Rte de Lombron,,0637208927,,pisciniste,Le Mans,gps_17km,0,1843d16f-7a0b-4ee9-8d6a-eb9ae65403b7,1,{}
pisciniste,Maenno Piscine,https://www.google.com/maps/place/Maenno+Piscine/data=!4m7!3m6!1s0x47e2f3c24118361b:0x9fa0792cc4ed389d!8m2!3d47.9399086!4d0.332706!16s%2Fg%2F11k3wrcdcj!19sChIJGzYYQcLz4kcRnTjtxCx5oJ8?authuser=0&hl=fr&rclk=1,4.5,8,Piscine,"890 la, Terre Rouge",,0652545751,https://www.facebook.com/108053348809924,pisciniste,Le Mans,gps_12km,0,8cf073d2-82d6-42f6-b4ca-ec646b441b9c,1,{}
pisciniste,Servic'eau Piscines Tours - Construction & Rénovation Piscine,https://www.google.com/maps/place/Servic%27eau+Piscines+Tours+-+Construction+%26+R%C3%A9novation+Piscine/data=!4m7!3m6!1s0x47fcd49ded94b015:0x2566d797e796093!8m2!3d47.4213582!4d0.7376964!16s%2Fg%2F1tf5d2_z!19sChIJFbCU7Z3U_EcRk2B5fnltVgI?authuser=0&hl=fr&rclk=1,5.0,67,Société de construction de piscine,2 Rue des Internautes,,0608800658,https://serviceaupiscines.fr/,pisciniste,Tours,name,0,e7911b87-df40-4cba-9383-6e354f95813b,2,{}
pisciniste,Les piscines du Somail - Rénovation - Fuites - Narbonne Aude,https://www.google.com/maps/place/Les+piscines+du+Somail+-+R%C3%A9novation+-+Fuites+-+Narbonne+Aude/data=!4m7!3m6!1s0x12b1ac5db5b97b75:0xfd3f3c10a8501f91!8m2!3d43.2481346!4d2.9185095!16s%2Fg%2F11z9l6r00!19sChIJdXu5tV2ssRIRkR9QqBA8P_0?authuser=0&hl=fr&rclk=1,4.7,166,Service de réparation de piscines,·,,0966950042,http://www.lespiscinesdusomail.fr/,pisciniste,Narbonne,name,1,2e6628e7-e011-4cdd-99d0-ec6c3d91084b,0,{}
pisciniste,Abrisud Metz - Showroom - Ouverture sur rendez-vous,https://www.google.com/maps/place/Abrisud+Metz+-+Showroom+-+Ouverture+sur+rendez-vous/data=!4m7!3m6!1s0x4794db3e549d4f5b:0xa4fc7a15183cad41!8m2!3d49.07833!4d6.107828!16s%2Fg%2F11fjzbl4l2!19sChIJW0-dVD7blEcRQa08GBV6_KQ?authuser=0&hl=fr&rclk=1,4.7,163,Société de construction de piscine,508 Rue du Prayon,,0582954949,https://www.google.com/aclk?sa=L&ai=DChsSEwiC2ujE7r2UAxXjbEECHWp8HPsYACICCAEQARoCd3M&co=1&ase=2&gclid=CjwKCAjwq6DQBhBVEiwA4ZD5XF1TDruq9KlmYiPdoIjb3kc4Tw2u-_9Ji_YEQBKqTmtCHNb7tQVUzxoC2HkQAvD_BwE&cce=2&category=acrcp_v1_32&sig=AOD64_2zN0FSSKxfLQiB3zLObhPXOFnlYA&adurl&q&ctype=99&nis=6,pisciniste,Metz,name,0,de517354-6fc7-4568-9b06-c32a6d9a7251,0,{}
pisciniste,CSPiscine34,https://www.google.com/maps/place/CSPiscine34/data=!4m7!3m6!1s0x12b11b1f921b40e3:0xb7b79de1b2f01513!8m2!3d43.2423298!4d3.2792708!16s%2Fg%2F11nmmmzx49!19sChIJ40Abkh8bsRIRExXwsuGdt7c?authuser=0&hl=fr&rclk=1,5.0,38,Société de construction de piscine,2 Imp. Bel air,,0662720988,https://business.google.com/v/cs-piscine34/08195955755692943207/f133/_?%7Bignore%7Dcaid=%7Bcampaignid%7D&agid=%7Badgroupid%7D&gclid=%7Bgclid%7D&utm_source=gmb#location,pisciniste,Béziers,gps_12km,0,8562fdf8-0836-468f-9fb0-f7c0d54a58bd,0,{}
pisciniste,A L'eau Léo Piscine,https://www.google.com/maps/place/A+L%27eau+L%C3%A9o+Piscine/data=!4m7!3m6!1s0x6c51d92dfcdb4af:0x2c01d45d3f23fd89!8m2!3d43.3620347!4d3.4249459!16s%2Fg%2F11rq2dq2_p!19sChIJr7TN35IdxQYRif0jP13UASw?authuser=0&hl=fr&rclk=1,5.0,226,Service de réparation de piscines,19 Bd de la Fraternité,,0652804502,https://www.aleauleo.fr/,pisciniste,Béziers,gps_17km,0,326f8d82-c4a7-4cba-abb1-51172619782b,0,{}
pisciniste,ADN PISCINE,https://www.google.com/maps/place/ADN+PISCINE/data=!4m7!3m6!1s0x12b1749db8e6485f:0xff61fbeaa96a5e64!8m2!3d43.4328093!4d3.1469416!16s%2Fg%2F11b6dpcqfb!19sChIJX0jmuJ10sRIRZF5qqer7Yf8?authuser=0&hl=fr&rclk=1,4.8,5,Société de construction de piscine,3 Rue du Pounchou,,0609582928,https://www.adn-piscine.fr/,pisciniste,Béziers,gps_11km,0,6dd5cf2d-118d-49c9-80b5-c8a534f2f843,1,{}
pisciniste,COTE PISCINE zae les vignes grandes,https://www.google.com/maps/place/COTE+PISCINE+zae+les+vignes+grandes/data=!4m7!3m6!1s0x12b10540e1ad4a21:0xb1fd1d6d7c961bec!8m2!3d43.266646!4d3.241863!16s%2Fg%2F11gbxgny3b!19sChIJIUqt4UAFsRIR7BuWfG0d_bE?authuser=0&hl=fr&rclk=1,4.5,12,Société de construction de piscine,Chem. de Saint-Martin,,0630942103,http://www.cote-piscine-34.fr/,pisciniste,Béziers,gps_8km,0,25b32213-b83c-4fe1-8d25-800a5e053c28,0,{}
pisciniste,Pools Paradise - pisciniste à Bessan,https://www.google.com/maps/place/Pools+Paradise+-+pisciniste+%C3%A0+Bessan/data=!4m7!3m6!1s0x12b13f73a2c89efd:0x9ef9e54a2be15272!8m2!3d43.3564332!4d3.421371!16s%2Fg%2F11j525_scp!19sChIJ_Z7IonM_sRIRclLhK0rl-Z4?authuser=0&hl=fr&rclk=1,4.7,19,Société de construction de piscine,25 bis rue de la chicanette,,0619996628,http://www.poolsparadise.fr/,pisciniste,Béziers,gps_16km,0,add8ee6d-204d-4a14-b355-c456dae6de1f,1,{}
pisciniste,Enjoy Pool | piscines coque polyester,https://www.google.com/maps/place/Enjoy+Pool+%7C+piscines+coque+polyester/data=!4m7!3m6!1s0x12b109b2fa164977:0xdadd3f8e8ce1d6b4!8m2!3d43.3048517!4d3.1623111!16s%2Fg%2F11v5y4ds8_!19sChIJd0kW-rIJsRIRtNbhjI4_3do?authuser=0&hl=fr&rclk=1,4.9,40,Société de construction de piscine,·,,0675336758,https://enjoypool.fr/,pisciniste,Béziers,gps_5km,0,46c378d3-66cf-4706-8067-9d66336656af,0,{}
pisciniste,Super Piscine,https://www.google.com/maps/place/Super+Piscine/data=!4m7!3m6!1s0x12b10ea0555884f5:0x3cbeba0b08a2c63a!8m2!3d43.3588652!4d3.2007795!16s%2Fg%2F11d_wzt8x1!19sChIJ9YRYVaAOsRIROsaiCAu6vjw?authuser=0&hl=fr&rclk=1,4.6,5,Société de construction de piscine,"ch rural N° 13, Rte de Murviel",,0687751152,http://super-piscine34.com/,pisciniste,Béziers,gps_2km,0,30d89332-1483-477c-9a7e-38abc48c7d59,0,{}
pisciniste,Aqualiner34,https://www.google.com/maps/place/Aqualiner34/data=!4m7!3m6!1s0x12b16d1f75faa0fd:0x8cc3ec5ba66ebfd8!8m2!3d43.4567914!4d3.295824!16s%2Fg%2F1q5bv0rt8!19sChIJ_aD6dR9tsRIR2L9uplvsw4w?authuser=0&hl=fr&rclk=1,5.0,34,Société de construction de piscine,9 Rue Clément Ader,,0622856095,http://www.aqualiner34.fr/,pisciniste,Béziers,gps_14km,0,90130af8-7669-4913-8b18-c06c176c4e2d,0,{}
pisciniste,Au Plaisir De L'o SARL,https://www.google.com/maps/place/Au+Plaisir+De+L%27o+SARL/data=!4m7!3m6!1s0x12b10eeddeffb4ff:0xcbf7d14d59ecbf69!8m2!3d43.3348177!4d3.2020979!16s%2Fg%2F1td2qrx8!19sChIJ_7T_3u0OsRIRab_sWU3R98s?authuser=0&hl=fr&rclk=1,4.6,26,Société de construction de piscine,457 Chem. de Fonseranes,,0688684427,https://www.auplaisirdelo.com/,pisciniste,Plaisir,name,0,2a9b99d6-f15e-48bc-81c7-485cd9ddab48,1,{}
pisciniste,Innov'Piscine - Magiline,https://www.google.com/maps/place/Innov%27Piscine+-+Magiline/data=!4m7!3m6!1s0x12b114f8f764f7e1:0x86f18f9de5baa676!8m2!3d43.4472803!4d3.4129704!16s%2Fg%2F11f4_hm07n!19sChIJ4fdk9_gUsRIRdqa65Z2P8YY?authuser=0&hl=fr&rclk=1,4.6,45,Société de construction de piscine,·,,0669169886,https://innovpiscine.fr/,pisciniste,Béziers,gps_19km,0,cade1dc2-b701-415a-adac-2f39e127a1ff,0,{}
pisciniste,Pisciniste82,https://www.google.com/maps/place/Pisciniste82/data=!4m7!3m6!1s0x12ac13cc59f68141:0x6990357201704524!8m2!3d44.0551457!4d1.3982405!16s%2Fg%2F11ww77glr3!19sChIJQYH2WcwTrBIRJEVwAXI1kGk?authuser=0&hl=fr&rclk=1,5.0,8,Société de construction de piscine,Imp. des Lilas,,0604075003,https://www.pisciniste-sud-ouest.fr/,pisciniste,Montauban,gps_5km,1,bf7655d7-98c0-4cd2-8c18-39684509f997,0,{}
pisciniste,SBHM CONCEPT – Créateur de Piscines & Espaces Extérieurs,https://www.google.com/maps/place/SBHM+CONCEPT+%E2%80%93+Cr%C3%A9ateur+de+Piscines+%26+Espaces+Ext%C3%A9rieurs/data=!4m7!3m6!1s0xa09415b325a0f9d9:0x64fc8a4c629b0634!8m2!3d43.7928636!4d1.6055735!16s%2Fg%2F11wh2r3ptd!19sChIJ2fmgJbMVlKARNAabYkyK_GQ?authuser=0&hl=fr&rclk=1,5.0,25,Société de construction de piscine,510 Chem. de la Rivière,,0631346643,https://sbhm-concept.fr/,pisciniste,Toulouse,gps_24km,2,52777d95-781c-4884-84d1-8caa21a5abd7,0,{}
pisciniste,Pisciniste montauban waterline,https://www.google.com/maps/place/Pisciniste+montauban+waterline/data=!4m7!3m6!1s0x12ac1312492cabed:0x44ab27012fe6ac3c!8m2!3d44.0487294!4d1.4085245!16s%2Fg%2F11vzthds1n!19sChIJ7assSRITrBIRPKzmLwEnq0Q?authuser=0&hl=fr&rclk=1,4.9,9,Société de construction de piscine,31 Chem. Monié,,0688471862,https://piscine-waterline.fr/,pisciniste,Montauban,name,1,8d6506ad-c3a9-40e1-a002-1d966b1b7f5d,1,{}
pisciniste,Magellan piscines,https://www.google.com/maps/place/Magellan+piscines/data=!4m7!3m6!1s0x12ae994a970fd9a1:0x3a411acb004cee99!8m2!3d43.6342766!4d1.5219482!16s%2Fg%2F11p6wm_rbp!19sChIJodkPl0qZrhIRme5MAMsaQTo?authuser=0&hl=fr&rclk=1,5.0,172,Société de construction de piscine,1 Rue Marie Curie,,0609051816,https://www.instagram.com/magellan.piscines/,pisciniste,Toulouse,gps_7km,2,7f9489b2-daa8-476b-a93f-347300e44bcd,0,{}
pisciniste,DB Pool,https://www.google.com/maps/place/DB+Pool/data=!4m7!3m6!1s0x12aea17ca52c00c3:0x5d3fd544c8c0d7b7!8m2!3d43.7133263!4d1.4525971!16s%2Fg%2F11sy_4n568!19sChIJwwAspXyhrhIRt9fAyETVP10?authuser=0&hl=fr&rclk=1,5.0,28,Société de construction de piscine,6 Imp. du Genévrier,,0634367503,https://dbpool.fr/,pisciniste,Toulouse,gps_12km,2,87778107-b212-4332-9e37-97156c633d2d,1,{}
pisciniste,MO RENOVATION PISCINE,https://www.google.com/maps/place/MO+RENOVATION+PISCINE/data=!4m7!3m6!1s0x12aeb7c2ac3af8ff:0x1cfbeddcd39ca075!8m2!3d43.5231754!4d1.3336773!16s%2Fg%2F11h71hk_0v!19sChIJ__g6rMK3rhIRdaCc09zt-xw?authuser=0&hl=fr&rclk=1,4.8,29,Société de construction de piscine,3 Imp. des Cygnes,,0615791344,http://morenovationpiscine.fr/,pisciniste,Toulouse,gps_12km,2,7e20e27c-a9f4-4699-8677-11f493c13780,0,{}
pisciniste,TOLOSA PISCINE - Pisciniste toulouse - depannage piscine - rénovation piscine toulouse,https://www.google.com/maps/place/TOLOSA+PISCINE+-+Pisciniste+toulouse+-+depannage+piscine+-+r%C3%A9novation+piscine+toulouse/data=!4m7!3m6!1s0x6b4926d6a5cb53e5:0x1841cb7577f88983!8m2!3d43.5848881!4d1.4479462!16s%2Fg%2F11y3r17tz6!19sChIJ5VPLpdYmSWsRg4n4d3XLQRg?authuser=0&hl=fr&rclk=1,5.0,88,Société de construction de piscine,8 Gd Rue Saint-Michel,,0777915251,https://www.tolosa-piscine-multitravaux.fr/,pisciniste,Toulouse,name,2,ceda4b9f-e42f-4e55-9409-1acd3bd62454,0,{}
pisciniste,Trc-piscine,https://www.google.com/maps/place/Trc-piscine/data=!4m7!3m6!1s0x12ac131394bbc5fd:0xc6dd50cc00133284!8m2!3d44.0611698!4d1.4207636!16s%2Fg%2F1vtkr36l!19sChIJ_cW7lBMTrBIRhDITAMxQ3cY?authuser=0&hl=fr&rclk=1,4.7,6,Société de construction de piscine,560 Chem. de Cabos,,0612326931,http://www.trc-piscines.fr/,pisciniste,Montauban,gps_7km,1,783d9722-7980-4977-b21c-67829d96ff4e,0,{}
pisciniste,ABC CHRISTOPHE PISCINES,https://www.google.com/maps/place/ABC+CHRISTOPHE+PISCINES/data=!4m7!3m6!1s0x12abf67bc07966f3:0x597ad183f4b8eedc!8m2!3d44.00791!4d1.179828!16s%2Fg%2F1tgtzhgr!19sChIJ82Z5wHv2qxIR3O649IPRelk?authuser=0&hl=fr&rclk=1,4.7,18,Société de construction de piscine,7 Imp. des Caminols,,0602236641,http://www.abc-christophe-piscines.fr/,pisciniste,Montauban,gps_14km,1,344c8455-a666-46be-a711-458e5a3e3b08,0,{}
pisciniste,Piscines et Spas Bouquet,https://www.google.com/maps/place/Piscines+et+Spas+Bouquet/data=!4m7!3m6!1s0x12ac0d11e3df438b:0x3a6c16343e5dcd4f!8m2!3d44.0213288!4d1.3524778!16s%2Fg%2F11syfp26bk!19sChIJi0Pf4xENrBIRT81dPjQWbDo?authuser=0&hl=fr&rclk=1,4.7,3,Société de construction de piscine,32 Rue Lassus,,0677406341,https://www.youtube.com/channel/UCgKbidjWmCyIklfPQolFi1w,pisciniste,Montauban,gps_0km,1,d8dc4d6d-933d-4cd6-af3c-b60c1bdbc6ea,0,{}
pisciniste,Création piscines occitanie,https://www.google.com/maps/place/Cr%C3%A9ation+piscines+occitanie/data=!4m7!3m6!1s0x12ae5d68babb0589:0xf9c271cede1d792c!8m2!3d43.317118!4d1.95333!16s%2Fg%2F11kjddyr8n!19sChIJiQW7umhdrhIRLHkd3s5xwvk?authuser=0&hl=fr&rclk=1,4.8,19,Société de construction de piscine,·,,0660787368,https://www.creationpiscinesoccitanie.fr/,pisciniste,Villepinte,gps_11km,1,d634c364-83bc-4618-bdf2-04da6d37a6b8,0,{}
pisciniste,Tib&Eau - Pisciniste,https://www.google.com/maps/place/Tib%26Eau+-+Pisciniste/data=!4m7!3m6!1s0x12ae9ff95dc88d43:0xe88453e58c9050eb!8m2!3d43.7376027!4d1.5951705!16s%2Fg%2F11t4h76_c7!19sChIJQ43IXfmfrhIR61CQjOVThOg?authuser=0&hl=fr&rclk=1,5.0,20,Société de construction de piscine,11 Lotissement du moulin,,0677576789,https://tib-eau.com/,pisciniste,Toulouse,gps_19km,2,2366207a-4342-4532-a258-a46c946232ad,1,{}
pisciniste,O Blue,https://www.google.com/maps/place/O+Blue/data=!4m7!3m6!1s0x12ac02454ca19f49:0x28f75c861ec54413!8m2!3d43.8109141!4d1.3173952!16s%2Fg%2F1tc_ymz6!19sChIJSZ-hTEUCrBIRE0TFHoZc9yg?authuser=0&hl=fr&rclk=1,4.7,42,Société de construction de piscine,390 Rte de Toulouse,,0660975439,https://www.oblue.fr/?utm_medium=referral&utm_source=gmb&utm_campaign=lnk-gmb,pisciniste,Toulouse,name,2,4690999a-e07d-41e3-9bac-302769bcf81d,0,{}
pisciniste,Blueline Technique,https://www.google.com/maps/place/Blueline+Technique/data=!4m7!3m6!1s0x12ae9ea2651dcc65:0x5b20812078afdb76!8m2!3d43.7217257!4d1.5915783!16s%2Fg%2F11g6bjkww6!19sChIJZcwdZaKerhIRdtuveCCBIFs?authuser=0&hl=fr&rclk=1,4.8,47,Société de construction de piscine,24 Rue Villeneuve,,0685200247,http://www.piscine-blueline.fr/,pisciniste,Toulouse,gps_17km,2,a7d77faf-f5b5-4d59-b4c5-17f74140fc38,1,{}
pisciniste,Pisciniste spécialiste de la piscine à coque : ALP EXCEL PISCINES,https://www.google.com/maps/place/Pisciniste+sp%C3%A9cialiste+de+la+piscine+%C3%A0+coque+:+ALP+EXCEL+PISCINES/data=!4m7!3m6!1s0x12ac03afbc39d5b7:0x95e1ee0a5fbe0a3!8m2!3d43.8206445!4d1.2935583!16s%2Fg%2F11gr44xx5l!19sChIJt9U5vK8DrBIRo-D7peAeXgk?authuser=0&hl=fr&rclk=1,4.6,14,Société de construction de piscine,32 Rue des Oliviers,,0617876014,https://www.alp-excel-piscines.fr/,pisciniste,Montauban,gps_22km,1,1b649767-7f3e-4a0a-b4c8-4b090b568319,0,{}
pisciniste,Protech Piscine,https://www.google.com/maps/place/Protech+Piscine/data=!4m7!3m6!1s0x12aec8f4eb546eb1:0x356c0d29c50dec19!8m2!3d43.4347697!4d1.3464534!16s%2Fg%2F11b6dpwzq0!19sChIJsW5U6_TIrhIRGewNxSkNbDU?authuser=0&hl=fr&rclk=1,4.8,5,Société de construction de piscine,"340 Quater A, Rte d'Eaunes",,0624022215,,pisciniste,Toulouse,gps_20km,2,6398b42b-1e85-4eb3-acc8-7a44b9053399,1,{}
pisciniste,Piscines Infinite,https://www.google.com/maps/place/Piscines+Infinite/data=!4m7!3m6!1s0x12aea30f858180e9:0x219b1564da008c48!8m2!3d43.6987463!4d1.4669807!16s%2Fg%2F11l5jrslfd!19sChIJ6YCBhQ-jrhIRSIwA2mQVmyE?authuser=0&hl=fr&rclk=1,5.0,12,Société de construction de piscine,9 Rue d'Irlande,,0765688232,https://piscines-infinite.com/,pisciniste,Toulouse,gps_10km,2,2779d6bf-d616-44e1-a77f-6354247cbbce,1,{}
pisciniste,CTPM Piscine et Terrassement | Toulouse,https://www.google.com/maps/place/CTPM+Piscine+et+Terrassement+%7C+Toulouse/data=!4m7!3m6!1s0x53f10fccc702d99:0xe05e99725b157e0d!8m2!3d43.4131452!4d1.2775757!16s%2Fg%2F11vsbnxdn9!19sChIJmS1wzPwQPwURDX4VW3KZXuA?authuser=0&hl=fr&rclk=1,4.9,20,Société de construction de piscine,·,,0632571764,https://clanet-ctpm.fr/,pisciniste,Toulouse,name,2,bc262fcb-7a8d-40ab-b4cb-8756e661409c,0,{}
pisciniste,servicepiscine,https://www.google.com/maps/place/servicepiscine/data=!4m7!3m6!1s0x12aeaf6c0924c95d:0xae5a54677ba0df8b!8m2!3d43.6478261!4d1.316514!16s%2Fg%2F11fwh_wlg6!19sChIJXckkCWyvrhIRi9-ge2dUWq4?authuser=0&hl=fr&rclk=1,4.8,13,Piscine,·,,0778817781,http://servicepiscine.fr/,pisciniste,Toulouse,gps_11km,2,25a31c48-78c1-4162-ae76-0d6bdd140c2e,2,{}
pisciniste,Alain Piscines,https://www.google.com/maps/place/Alain+Piscines/data=!4m7!3m6!1s0x12aebcdfd399567b:0x319c1c7cb9dad629!8m2!3d43.6147968!4d1.4747251!16s%2Fg%2F1tjry6ys!19sChIJe1aZ09-8rhIRKdbauXwcnDE?authuser=0&hl=fr&rclk=1,4.6,5,Société de construction de piscine,93 Rue Louis Plana,,0622198469,,pisciniste,Toulouse,gps_2km,2,31b54a73-710b-4051-80c1-09e19346ddbf,2,"{'loss_reason': {'date': '2026-04-01T15:47:58.622Z', 'reason': 'pas_de_besoin'}}"
pisciniste,BCL Piscine,https://www.google.com/maps/place/BCL+Piscine/data=!4m7!3m6!1s0x12aeb1c58ddc08a9:0xf92d88c8c4d8ebaf!8m2!3d43.5157199!4d0.9516189!16s%2Fg%2F11c5rstvy9!19sChIJqQjcjcWxrhIRr-vYxMiILfk?authuser=0&hl=fr&rclk=1,4.6,20,Société de construction de piscine,1371 Chem. d'en Ballot,,0684352625,https://www.bclpiscine.com/,pisciniste,Saint-André (974),gps_28km,0,66d88062-76e5-4ac9-bab7-13e8c33afed0,1,{}
pisciniste,MOISSAC PISCINES ET TERRASSEMENT,https://www.google.com/maps/place/MOISSAC+PISCINES+ET+TERRASSEMENT/data=!4m7!3m6!1s0x12ab8cc58bc45d5f:0xae2cf56795e72a2c!8m2!3d44.1003327!4d1.1099545!16s%2Fg%2F11b6d59m5n!19sChIJX13Ei8WMqxIRLCrnlWf1LK4?authuser=0&hl=fr&rclk=1,4.6,14,Société de construction de piscine,401 Chem. des Noses,,0613966803,http://www.moissac-piscines.sitew.fr/,pisciniste,Montauban,gps_21km,1,0550d53a-4063-4e99-8db4-21b09b610637,0,{}
pisciniste,Duckteur Pool,https://www.google.com/maps/place/Duckteur+Pool/data=!4m7!3m6!1s0x12aeca61460bffff:0x10562d9dfd3bdbfe!8m2!3d43.4615134!4d1.2547534!16s%2Fg%2F11l2yq03d1!19sChIJ__8LRmHKrhIR_ts7_Z0tVhA?authuser=0&hl=fr&rclk=1,5.0,3,Société de construction de piscine,12 Rue Antoine de Saint-Exupéry,,0766242593,https://www.duckteurpool.fr/contact,pisciniste,Toulouse,gps_22km,2,9cc918f8-d3fd-47ce-aced-884178ed3df1,0,{}
pisciniste,PISCINES MENDEZ,https://www.google.com/maps/place/PISCINES+MENDEZ/data=!4m7!3m6!1s0x12aebca28e072ccf:0xdfaf04f4cba41f16!8m2!3d43.6748904!4d1.2875073!16s%2Fg%2F11f4x5hmdn!19sChIJzywHjqK8rhIRFh-ky_QEr98?authuser=0&hl=fr&rclk=1,4.8,11,Société de construction de piscine,28 All. des Amandiers,,0682508448,,pisciniste,Toulouse,gps_14km,2,95322c13-67ba-4a21-9a0d-51afdb7689ba,1,{}
pisciniste,Gilbert Piscines,https://www.google.com/maps/place/Gilbert+Piscines/data=!4m7!3m6!1s0x12ac1bdd9b906b27:0x7df3e8ab77d704f5!8m2!3d43.8778435!4d1.4366709!16s%2Fg%2F11b6df7hrx!19sChIJJ2uQm90brBIR9QTXd6vo830?authuser=0&hl=fr&rclk=1,4.5,27,Magasin de matériel pour piscines,·,,0659492938,https://www.gilbert-piscines.fr/,pisciniste,Montauban,gps_16km,1,850f051e-16d7-4402-a9fc-99f76c826c59,0,{}
pisciniste,Piscines Freedom Paris,https://www.google.com/maps/place/Piscines+Freedom+Paris/data=!4m7!3m6!1s0x47e67965048a8e27:0xaae2f1bf83f363d!8m2!3d48.772524!4d2.2583348!16s%2Fg%2F11tg264tlf!19sChIJJ46KBGV55kcRPTY_-Bsvrgo?authuser=0&hl=fr&rclk=1,5.0,6,Société de construction de piscine,2 Av. de Bel air,,0621065964,https://www.piscinesfreedomparis.fr/,pisciniste,Paris,name,2,2922a30f-8a27-4561-96ca-7fee15fa35e3,0,{}
pisciniste,Irripiscine by Irrijardin St Thibault des Vignes,https://www.google.com/maps/place/Irripiscine+by+Irrijardin+St+Thibault+des+Vignes/data=!4m7!3m6!1s0x47e61add84cab65f:0x170e18df2d9b0b2f!8m2!3d48.868173!4d2.678907!16s%2Fg%2F11clv_549b!19sChIJX7bKhN0a5kcRLwubLd8YDhc?authuser=0&hl=fr&rclk=1,4.7,107,Société de construction de piscine,·,,0160935626,https://www.irripiscine.fr/magasins/val-d-europe,pisciniste,Pontault-Combault,gps_9km,0,b44e291d-2931-4ce1-be63-0d02e84e52fb,0,{}
pisciniste,Azurea Piscine,https://www.google.com/maps/place/Azurea+Piscine/data=!4m7!3m6!1s0x47f4edf16385bbcb:0xbfa8c079314d5a67!8m2!3d45.70633!4d4.6959824!16s%2Fg%2F11fx8j15dc!19sChIJy7uFY_Ht9EcRZ1pNMXnAqL8?authuser=0&hl=fr&rclk=1,4.5,56,Société de construction de piscine,"ZA parc du chazeau, 1 allée du chazeau, Les pierres Sauvages",,0664303651,https://www.azureapiscine.fr/,pisciniste,Lyon,gps_12km,1,f72089cf-7693-4104-bdab-73db65ca3560,1,{}
pisciniste,Ycône Piscines,https://www.google.com/maps/place/Yc%C3%B4ne+Piscines/data=!4m7!3m6!1s0x47f4c15723c9bea7:0x8e49a69e080451b2!8m2!3d45.8035775!4d4.7781564!16s%2Fg%2F11n0d_8618!19sChIJp77JI1fB9EcRslEECJ6mSY4?authuser=0&hl=fr&rclk=1,4.9,46,Société de construction de piscine,7 Bis Rue des Aulnes,,0628492870,https://www.ycone-piscines.fr/,pisciniste,Caluire-et-Cuire,gps_5km,0,63b41406-9da0-46cf-99ac-06815a3d9c12,0,{}
pisciniste,Aloha Piscines,https://www.google.com/maps/place/Aloha+Piscines/data=!4m7!3m6!1s0x47f49b008d8caab7:0xb239120290831a63!8m2!3d45.9794911!4d4.742166!16s%2Fg%2F11wnlpz956!19sChIJt6qMjQCb9EcRYxqDkAISObI?authuser=0&hl=fr&rclk=1,5.0,7,Société de construction de piscine,305C Rue Gabriel Voisin,,0761576530,http://alohapiscines.fr/,pisciniste,Caluire-et-Cuire,gps_21km,0,7e239dac-70ea-4a4b-a170-99c38eb77ee1,1,{}
pisciniste,VICA / MAGILINE piscines & spas Villefranche sur saône,https://www.google.com/maps/place/VICA+%2F+MAGILINE+piscines+%26+spas+Villefranche+sur+sa%C3%B4ne/data=!4m7!3m6!1s0x47f485097ca86f6f:0x2eafb24358e67b66!8m2!3d45.9979477!4d4.738561!16s%2Fg%2F11mh9szpx7!19sChIJb2-ofAmF9EcRZnvmWEOyry4?authuser=0&hl=fr&rclk=1,5.0,95,Société de construction de piscine,451 Rue Benoît Mulsant,,0987718889,https://www.vica-piscines.fr/,pisciniste,Villefranche-sur-Saône,name,0,aa9a7813-5e16-464c-8d40-15f21d060675,0,{}
pisciniste,Lagon Piscines,https://www.google.com/maps/place/Lagon+Piscines/data=!4m7!3m6!1s0x47f4e49945c7c8e1:0xa0b9f20645d3565!8m2!3d45.7243381!4d4.7745739!16s%2Fg%2F11f6dlzvwf!19sChIJ4cjHRZnk9EcRZTVdZCCfCwo?authuser=0&hl=fr&rclk=1,5.0,12,Société de construction de piscine,3 Rte de la Pierre Bleue,,0677504946,http://www.lagonpiscines.com/contact,pisciniste,Lyon,gps_5km,1,288fa9f8-a20a-45e6-8bf2-9fc50377351f,0,{}
pisciniste,Pro Piscines Loisirs Services,https://www.google.com/maps/place/Pro+Piscines+Loisirs+Services/data=!4m7!3m6!1s0x47f49a8da708fac9:0x79b200b19809d0b8!8m2!3d45.9737979!4d4.7699955!16s%2Fg%2F1tjthmfs!19sChIJyfoIp42a9EcRuNAJmLEAsnk?authuser=0&hl=fr&rclk=1,4.6,5,Société de construction de piscine,122 All. du Clos des Chênes,,0630853541,,pisciniste,Caluire-et-Cuire,gps_20km,0,bd191859-a8d4-41d9-bbb1-695f8e536415,1,{}
pisciniste,Aménéo Piscines Bois,https://www.google.com/maps/place/Am%C3%A9n%C3%A9o+Piscines+Bois/data=!4m7!3m6!1s0x47f49ad32057f85b:0x97f34308ae16b4c8!8m2!3d45.9893834!4d4.739384!16s%2Fg%2F11gxpl1k9k!19sChIJW_hXINOa9EcRyLQWrghD85c?authuser=0&hl=fr&rclk=1,5.0,5,Société de construction de piscine,·,,0624101033,https://www.ameneo-piscines.fr/,pisciniste,Caluire-et-Cuire,gps_22km,0,b3ee8d07-c0e4-49e2-ba82-35c82b03291e,0,{}
pisciniste,GB PISCINE - Gwenaël BERTHAUD,https://www.google.com/maps/place/GB+PISCINE+-+Gwena%C3%ABl+BERTHAUD/data=!4m7!3m6!1s0x47f49bbc3be84723:0x33d3197d036e25bb!8m2!3d46.0201442!4d4.7586223!16s%2Fg%2F11hdpd66mm!19sChIJI0foO7yb9EcRuyVuA30Z0zM?authuser=0&hl=fr&rclk=1,5.0,6,Société de construction de piscine,226 Chem. du Chassinal,,0618391864,,pisciniste,Caluire-et-Cuire,gps_25km,0,b6c3cb00-4b8a-4ac9-b4c3-770f57b48b71,1,{}
pisciniste,Sarl schifano,https://www.google.com/maps/place/Sarl+schifano/data=!4m7!3m6!1s0x47f4910ef834d08f:0x17cc06b1a1e5f6c0!8m2!3d45.9490452!4d4.7555229!16s%2Fg%2F11jyw38sfh!19sChIJj9A0-A6R9EcRwPblobEGzBc?authuser=0&hl=fr&rclk=1,5.0,7,Société de construction de piscine,18 allée des tanneurs,,0678524837,https://www.schifano-piscine.com/,pisciniste,Caluire-et-Cuire,gps_18km,0,625e92ed-f020-4e92-a54c-040dfb907980,0,{}
pisciniste,Les Piscines Caladoises,https://www.google.com/maps/place/Les+Piscines+Caladoises/data=!4m7!3m6!1s0x47f48fec7f053397:0x6385a2d108df7a3a!8m2!3d45.9416631!4d4.7182838!16s%2Fg%2F11t_wl5qlz!19sChIJlzMFf-yP9EcROnrfCNGihWM?authuser=0&hl=fr&rclk=1,5.0,18,Société de construction de piscine,·,,0612369488,https://www.piscines-caladoises.fr/,pisciniste,Caluire-et-Cuire,gps_18km,0,bee45850-24f2-4340-99e4-3bcc5021041c,0,{}
pisciniste,Sélection Piscines,https://www.google.com/maps/place/S%C3%A9lection+Piscines/data=!4m7!3m6!1s0x47f4977c0c99aa63:0x12bb4c7312ad1f68!8m2!3d45.9233998!4d4.8835636!16s%2Fg%2F11rmx3kd60!19sChIJY6qZDHyX9EcRaB-tEnNMuxI?authuser=0&hl=fr&rclk=1,5.0,92,Société de construction de piscine,Imp. George Sand,,0671397617,https://selection-piscines.fr/,pisciniste,Caluire-et-Cuire,gps_14km,0,77893458-7880-4418-a7b8-969dc32f4d31,0,{}
pisciniste,AQUA INNOV Piscines & Aménagements extérieurs,https://www.google.com/maps/place/AQUA+INNOV+Piscines+%26+Am%C3%A9nagements+ext%C3%A9rieurs/data=!4m7!3m6!1s0x47f4d78a6c421ab9:0x3ec3fb2d736af1d!8m2!3d45.5590525!4d5.0290079!16s%2Fg%2F11q8tjspr0!19sChIJuRpCbIrX9EcRHa8217I_7AM?authuser=0&hl=fr&rclk=1,5.0,37,Société de construction de piscine,180 Chem. Neuf,,0664690674,https://aqua-innov.com/?utm_source=MyBusiness,pisciniste,Vénissieux,gps_19km,1,6802b495-5ab8-41f5-9321-63fb53ff9709,1,{}
pisciniste,Piscines Rittaud: Pisciniste et Spa,https://www.google.com/maps/place/Piscines+Rittaud:+Pisciniste+et+Spa/data=!4m7!3m6!1s0x47f4af0ce96f39e9:0xf8a7bc094721b3bf!8m2!3d45.9820105!4d5.1064812!16s%2Fg%2F11fdx8_gpx!19sChIJ6Tlv6Qyv9EcRv7MhRwm8p_g?authuser=0&hl=fr&rclk=1,5.0,28,Société de construction de piscine,·,,0760101223,https://piscines-rittaud.fr/,pisciniste,Bourg-en-Bresse,gps_26km,0,d311d189-acee-4af5-8dfa-a3c0a06ccdb8,3,{}
pisciniste,Blue 2.0,https://www.google.com/maps/place/Blue+2.0/data=!4m7!3m6!1s0x47f4eb35c7553ad3:0x87837f763576d33a!8m2!3d45.7590194!4d4.8264915!16s%2Fg%2F11tnby81l_!19sChIJ0zpVxzXr9EcROtN2NXZ_g4c?authuser=0&hl=fr&rclk=1,5.0,43,Société de construction de piscine,4 Rue Ferrachat,,0625936096,https://www.blue20.fr/le-reseau-blue-20/blue-2-0-lyon/,pisciniste,Lyon,gps_0km,1,391a5738-37e4-42ec-865b-9cce3079ddcf,2,{}
pisciniste,VG Concept,https://www.google.com/maps/place/VG+Concept/data=!4m7!3m6!1s0x47f4b61b4234cc27:0x70d3983c7ab085f3!8m2!3d45.795853!4d5.1168505!16s%2Fg%2F11gh48q2qj!19sChIJJ8w0Qhu29EcR84WwejyY03A?authuser=0&hl=fr&rclk=1,4.9,34,Société de construction de piscine,·,,0662839235,https://www.vg-concept.com/,pisciniste,Vaulx-en-Velin,gps_15km,1,a0bfdb98-7322-410f-b4e1-6cb870afb236,0,{}
pisciniste,SARL PEP piscines,https://www.google.com/maps/place/SARL+PEP+piscines/data=!4m7!3m6!1s0x478b2f0768990719:0xfef87f3410c1b231!8m2!3d45.590551!4d5.2385849!16s%2Fg%2F11p9w9npsg!19sChIJGQeZaAcvi0cRMbLBEDR_-P4?authuser=0&hl=fr&rclk=1,4.9,31,Société de construction de piscine,6 Chem. de la Botte,,0675728102,https://www.pep-piscine.fr/,pisciniste,Vénissieux,gps_29km,1,8d7adceb-144e-4f6c-b165-9aaf271fae6a,0,{}
pisciniste,Daniel Spagnolo Rénovation & Piscine,https://www.google.com/maps/place/Daniel+Spagnolo+R%C3%A9novation+%26+Piscine/data=!4m7!3m6!1s0x47f54d7aa4990a91:0xf7a130d9b229c6a4!8m2!3d45.0364694!4d5.0598525!16s%2Fg%2F1tgnwkqh!19sChIJkQqZpHpN9UcRpMYpstkwofc?authuser=0&hl=fr&rclk=1,4.9,33,Société de construction de piscine,12 Rue Baptiste Marcet,,0687388993,https://daniel-spagnolo-renovation.com/,pisciniste,Valence,gps_17km,0,340a630f-e3c5-4737-b7a5-0fc14a0ed1a8,1,{}
pisciniste,Belledonne Piscine,https://www.google.com/maps/place/Belledonne+Piscine/data=!4m7!3m6!1s0x478a5edbf222c4d9:0x71e19449b39de22a!8m2!3d45.211465!4d5.851408!16s%2Fg%2F1wc46w9v!19sChIJ2cQi8tteikcRKuKds0mU4XE?authuser=0&hl=fr&rclk=1,4.8,4,Société de construction de piscine,36 Rue de Chartreuse,,0609351696,,pisciniste,Saint-Martin-d'Hères,gps_8km,0,f9147271-b76e-4421-9d83-74cd29cce612,0,{}
pisciniste,Galaxo Piscines,https://www.google.com/maps/place/Galaxo+Piscines/data=!4m7!3m6!1s0x47f54f7c8c5faf7b:0x3d1b49cbbf4d6e15!8m2!3d45.07033!4d4.964095!16s%2Fg%2F11vlrkpyhs!19sChIJe69fjHxP9UcRFW5Nv8tJGz0?authuser=0&hl=fr&rclk=1,5.0,33,Société de construction de piscine,170 Chem. des Carriers,,0626174178,https://galaxo-piscines.fr/,pisciniste,Valence,gps_16km,0,9c53ce6c-f962-49c3-a2c3-91608e0fa156,0,{}
pisciniste,LAURENT PISCINES,https://www.google.com/maps/place/LAURENT+PISCINES/data=!4m7!3m6!1s0x435729a5ce1d648b:0xe25ff41b286dca34!8m2!3d45.0817376!4d5.1452751!16s%2Fg%2F11lnw2r56m!19sChIJi2QdzqUpV0MRNMptKBv0X-I?authuser=0&hl=fr&rclk=1,5.0,10,Société de construction de piscine,985 Péroux,,0635240018,,pisciniste,Valence,gps_25km,0,4eb46c9c-cc61-4cfe-a087-7d9c1beddcbc,1,{}
pisciniste,MUMCULAR PVC. Pose de pvc armé,https://www.google.com/maps/place/MUMCULAR+PVC.+Pose+de+pvc+arm%C3%A9/data=!4m7!3m6!1s0x47f55bc97231be43:0xad37533f5810cf85!8m2!3d45.014898!4d4.943157!16s%2Fg%2F11jpj23ypm!19sChIJQ74xcslb9UcRhc8QWD9TN60?authuser=0&hl=fr&rclk=1,5.0,57,Société de construction de piscine,1 Lot. les Terrasses,,0767710884,https://mumcular.fr/,pisciniste,Valence,gps_9km,0,0d19e60a-7f04-48a1-82d9-fea9e2a2d717,0,{}
pisciniste,SARL AMR,https://www.google.com/maps/place/SARL+AMR/data=!4m7!3m6!1s0x47f54d36df1b2aeb:0x5a72df6b9924de4c!8m2!3d45.0744192!4d5.0671749!16s%2Fg%2F11hyhh42z8!19sChIJ6yob3zZN9UcRTN4kmWvfclo?authuser=0&hl=fr&rclk=1,4.6,9,Société de construction de piscine,23 Rue de Genissieux,,0677038681,https://www.amr-piscines.fr/,pisciniste,Valence,gps_20km,0,c78b8273-e894-44b5-a917-c6cf38e61928,1,{}
pisciniste,o phil de l eau,https://www.google.com/maps/place/o+phil+de+l+eau/data=!4m7!3m6!1s0x47f4d6b0d3498cd9:0x72d419c0be7aa9b0!8m2!3d45.5562628!4d5.0776887!16s%2Fg%2F11rcl9xpzt!19sChIJ2YxJ07DW9EcRsKl6vsAZ1HI?authuser=0&hl=fr&rclk=1,5.0,5,Société de construction de piscine,16 Rue Olympe Perroud,,0636890903,http://ophildeleaupiscine.com/,pisciniste,Vénissieux,gps_21km,1,2bde9d4f-fcfa-47ef-8f48-553941970b75,0,{}
pisciniste,Technique Piscine Concept,https://www.google.com/maps/place/Technique+Piscine+Concept/data=!4m7!3m6!1s0x478b173f03264747:0x859487fc4578aa79!8m2!3d45.317723!4d5.5184437!16s%2Fg%2F11svqzm7g8!19sChIJR0cmAz8Xi0cReap4RfyHlIU?authuser=0&hl=fr&rclk=1,5.0,7,Société de construction de piscine,·,,0659085359,https://www.betd-batitech.fr/?utm_source=gmb,pisciniste,Grenoble,gps_22km,0,32a2bb97-1682-4b3f-8f1f-5fccbfbe3b4f,1,{}
pisciniste,MJM Piscine,https://www.google.com/maps/place/MJM+Piscine/data=!4m7!3m6!1s0x47f5414c522f5a81:0x70dbf09912c95130!8m2!3d45.0258315!4d4.915988!16s%2Fg%2F11klnt78ds!19sChIJgVovUkxB9UcRMFHJEpnw23A?authuser=0&hl=fr&rclk=1,5.0,48,Piscine,·,,0660932233,https://mjmpiscine.fr/,pisciniste,Valence,gps_10km,0,c5312ac7-ae7f-4d31-8619-faffb5bd77fb,0,{}
pisciniste,Service Plus Piscine,https://www.google.com/maps/place/Service+Plus+Piscine/data=!4m7!3m6!1s0x478af56dc41ecefd:0xe63721e66bc01e10!8m2!3d45.1802075!4d5.7778304!16s%2Fg%2F11f3wd3lgd!19sChIJ_c4exG31ikcREB7Aa-YhN-Y?authuser=0&hl=fr&rclk=1,4.5,15,Piscine,·,,0967282269,https://serviceplus38.com/,pisciniste,Saint-Martin-d'Hères,gps_1km,0,9cb409a3-8f24-446c-8595-6c9145c22e3c,0,{}
pisciniste,Tsp Savoie,https://www.google.com/maps/place/Tsp+Savoie/data=!4m7!3m6!1s0x478b033eaf04e269:0x6765475083596e1a!8m2!3d45.532477!4d5.70244!16s%2Fg%2F11tx933pxb!19sChIJaeIErz4Di0cRGm5Zg1BHZWc?authuser=0&hl=fr&rclk=1,5.0,8,Société de construction de piscine,·,,0621538873,http://www.tsp-savoie.com/,pisciniste,Chambéry,gps_17km,0,44d5a4c2-1f37-49d9-8984-a9a8fd24e13f,0,{}
pisciniste,C.M.H - Construction et Rénovation de Piscine,https://www.google.com/maps/place/C.M.H+-+Construction+et+R%C3%A9novation+de+Piscine/data=!4m7!3m6!1s0x12c98d1a29373715:0x74aed8c3a4ebce76!8m2!3d43.5323124!4d5.4145039!16s%2Fg%2F11p5zjnr4_!19sChIJFTc3KRqNyRIRds7rpMPYrnQ?authuser=0&hl=fr&rclk=1,5.0,7,Société de construction de piscine,"Les Hippocampes, 4, 3 Av. Jules Payot",,0677004432,http://cmh-piscine.fr/,pisciniste,Aix-en-Provence,gps_2km,1,42a77874-cd89-44fe-86cc-4a5c897c9e2a,2,{}
pisciniste,OUTDOOR Concept & Solutions,https://www.google.com/maps/place/OUTDOOR+Concept+%26+Solutions/data=!4m7!3m6!1s0x12c97b69c3df684b:0xa7beb1e8748c1106!8m2!3d43.526849!4d5.6862273!16s%2Fg%2F11grpwqnmx!19sChIJS2jfw2l7yRIRBhGMdOixvqc?authuser=0&hl=fr&rclk=1,5.0,43,Société de construction de piscine,84 All. des Cigales,,0650207776,https://outdoorconceptsolutions.fr/,pisciniste,Aix-en-Provence,gps_19km,1,06f7a2f0-4c50-45ac-b4de-a5310947542e,1,{}
pisciniste,HG Piscines,https://www.google.com/maps/place/HG+Piscines/data=!4m7!3m6!1s0x47fcd51a915e7507:0xafa581b76871fedb!8m2!3d47.3920097!4d0.6854965!16s%2Fg%2F11whfklwkn!19sChIJB3VekRrV_EcR2_5xaLeBpa8?authuser=0&hl=fr&rclk=1,5.0,3,Société de construction de piscine,1 Pl. du Chardonnet,,0764533021,https://www.hg-piscines.fr/,pisciniste,Tours,gps_0km,0,96ac7d67-1ba0-4534-9021-1244bc5dcf64,2,{}
pisciniste,Aquaconcept Antibes,https://www.google.com/maps/place/Aquaconcept+Antibes/data=!4m7!3m6!1s0x873ed6c2d889cf:0x30d14823b90ee280!8m2!3d43.6005769!4d7.1131667!16s%2Fg%2F11vx0mx985!19sChIJz4nYwtY-hwARgOIOuSNI0TA?authuser=0&hl=fr&rclk=1,4.8,36,Société de construction de piscine,1536 Av. Jules Grec,,0955074355,https://www.aquaconceptantibes.fr/,pisciniste,Antibes,name,0,8c1baff9-562b-46fe-a0d8-afafccae3b2d,0,{}
pisciniste,Art Piscine Et Spa,https://www.google.com/maps/place/Art+Piscine+Et+Spa/data=!4m7!3m6!1s0x12cc2964dcbf1c8f:0x9d3b8c205a1734a3!8m2!3d43.6256273!4d6.9994003!16s%2Fg%2F11b6d60rm0!19sChIJjxy_3GQpzBIRozQXWiCMO50?authuser=0&hl=fr&rclk=1,5.0,14,Société de construction de piscine,1741 Rte de Cannes,,0663186439,http://art-piscine-et-spa.com/,pisciniste,Cannes,name,0,d7bd5b9c-a122-4298-bedc-8c644ace1e0f,1,"{'loss_reason': {'date': '2026-03-30T10:12:22.756Z', 'reason': 'autre'}}"
pisciniste,"Rénovation, création piscines polyester Var, ADC-polyester","https://www.google.com/maps/place/R%C3%A9novation,+cr%C3%A9ation+piscines+polyester+Var,+ADC-polyester/data=!4m7!3m6!1s0x12cebb33dbefd995:0xd3b1d20f8e665ed7!8m2!3d43.4441237!4d6.6379973!16s%2Fg%2F11txtl67_k!19sChIJldnv2zO7zhIR115mjg_SsdM?authuser=0&hl=fr&rclk=1",4.9,56,Société de construction de piscine,12 Pl. Saint-Pierre,,0762766381,http://www.adc-polyester.com/,pisciniste,Fréjus,gps_8km,1,27143ab7-c97b-464e-9c24-e0be734497b1,1,{}
pisciniste,Expert Piscine Polyester,https://www.google.com/maps/place/Expert+Piscine+Polyester/data=!4m7!3m6!1s0x12cebd2f3e592019:0x11cca07a2cdc0c74!8m2!3d43.4383026!4d6.7339754!16s%2Fg%2F11j0d53vwv!19sChIJGSBZPi-9zhIRdAzcLHqgzBE?authuser=0&hl=fr&rclk=1,4.9,39,Société de construction de piscine,178 Rue Armand Duvivier,,0698362657,https://www.expert-piscine-polyester.com/,pisciniste,Fréjus,gps_0km,1,55922d7f-a63c-462a-8d65-e1ac8f6eb67b,1,{}
pisciniste,06 Kis Jardins | Piscine Bois Terrasse,https://www.google.com/maps/place/06+Kis+Jardins+%7C+Piscine+Bois+Terrasse/data=!4m7!3m6!1s0x12cdc866797d84fb:0xbb804224cd7875e0!8m2!3d43.835776!4d7.248324!16s%2Fg%2F11_t6pvst!19sChIJ-4R9eWbIzRIR4HV4zSRCgLs?authuser=0&hl=fr&rclk=1,4.9,44,Société de construction de piscine,1176 Av. Félix Faure,,0671641022,https://www.06kisjardins.fr/,pisciniste,Nice,gps_15km,1,0d17c5b7-a89c-460b-a12c-7e1e523a39b8,1,{}
pisciniste,Aqua Polyester,https://www.google.com/maps/place/Aqua+Polyester/data=!4m7!3m6!1s0x12cdcfc734c04001:0xef8ea117ae05fd42!8m2!3d43.7323825!4d7.2382262!16s%2Fg%2F11h40zn333!19sChIJAUDANMfPzRIRQv0Frhehju8?authuser=0&hl=fr&rclk=1,4.7,27,Société de construction de piscine,436 Av. de Pessicart,,0492099205,http://www.aqua-polyester.com/,pisciniste,Nice,gps_4km,1,d7146153-c0a8-42ff-8005-fd199d7fdf7b,0,{}
pisciniste,Piscine Soleil Service,https://www.google.com/maps/place/Piscine+Soleil+Service/data=!4m7!3m6!1s0x12cdce8af42d25e1:0x89ad8df1feba8f69!8m2!3d43.7570582!4d7.1995257!16s%2Fg%2F1v_swjf0!19sChIJ4SUt9IrOzRIRaY-6_vGNrYk?authuser=0&hl=fr&rclk=1,4.5,329,Magasin de matériel pour piscines,·,,0493081602,http://www.eauideale.com/,pisciniste,Nice,gps_8km,1,8714132d-550a-4084-9cad-37f330991f0c,0,{}
pisciniste,SSE Piscines et Spas,https://www.google.com/maps/place/SSE+Piscines+et+Spas/data=!4m7!3m6!1s0x12cc2bd266527357:0xa1dc0c0b8ec7e6e6!8m2!3d43.7518477!4d6.8574538!16s%2Fg%2F11sgv1jx0r!19sChIJV3NSZtIrzBIR5ubHjgsM3KE?authuser=0&hl=fr&rclk=1,5.0,5,Société de construction de piscine,244 Mnt Saint-Hubert Canaux,,0603933484,http://www.ssepiscines.fr/,pisciniste,Grasse,gps_11km,0,3500de77-897d-42a6-9960-87f0252deafb,1,{}
pisciniste,PRO PISCINE SERVICE,https://www.google.com/maps/place/PRO+PISCINE+SERVICE/data=!4m7!3m6!1s0x47fad97e16ef28cf:0xaf0d8f0008e8ee3b!8m2!3d47.2148761!4d2.1011033!16s%2Fg%2F11pb1b2lgj!19sChIJzyjvFn7Z-kcRO-7oCACPDa8?authuser=0&hl=fr&rclk=1,5.0,6,Piscine,6 Rue Etienne Dolet,,0636141332,https://propiscineservice.fr/,pisciniste,Bourges,gps_27km,0,9ee598d2-45f6-4eff-a26c-b2ce9cd40e8b,1,{}
pisciniste,Cash Piscines,https://www.google.com/maps/place/Cash+Piscines/data=!4m7!3m6!1s0x47fa979e7749b7b7:0x72ac1748f723d770!8m2!3d47.0976816!4d2.4596605!16s%2Fg%2F11gyc2mtqj!19sChIJt7dJd56X-kcRcNcj90gXrHI?authuser=0&hl=fr&rclk=1,4.4,312,Magasin de matériel pour piscines,·,,0536283030,https://www.cash-piscines.com/?regionId=U1cjY3Bib3VyZ2Vz&whitelabelSeller=cpbourges,pisciniste,Bourges,gps_4km,0,84d4624d-61b0-4ca2-9160-a7a0fb360dff,0,{}
pisciniste,G.L.E PISCINE. Gwenael BAILLY,https://www.google.com/maps/place/G.L.E+PISCINE.+Gwenael+BAILLY/data=!4m7!3m6!1s0x47e84da8077dec81:0x56b88a2d4ad40edc!8m2!3d49.527324!4d3.585233!16s%2Fg%2F11sq54s50d!19sChIJgex9B6hN6EcR3A7USi2KuFY?authuser=0&hl=fr&rclk=1,5.0,7,Société de construction de piscine,6 rue de la Barrière,,0649459882,https://www.facebook.com/GLE-Piscine-Gwenael-Bailly-103282355626489,pisciniste,Bagneux,gps_23km,0,6c1ffb16-6e4e-4e59-9ebb-9a444d7f8547,1,{}
pisciniste,Piscine By Nuno,https://www.google.com/maps/place/Piscine+By+Nuno/data=!4m7!3m6!1s0x47e88f5462b1c465:0x2a84ac1a07972c9e!8m2!3d49.1831858!4d3.1241744!16s%2Fg%2F11k9d7zr7g!19sChIJZcSxYlSP6EcRniyXBxqshCo?authuser=0&hl=fr&rclk=1,4.8,6,Société de construction de piscine,10 Rue des Galets,,0681224113,https://piscine-by-nuno.fr/,pisciniste,Chelles,gps_20km,0,e185a96e-0e2c-4925-9d08-6cc82517c43a,1,{}
pisciniste,Pisciniste Reims | Piscines & Harmonies,https://www.google.com/maps/place/Pisciniste+Reims+%7C+Piscines+%26+Harmonies/data=!4m7!3m6!1s0x60daed6785c36385:0xc23a139badb5e771!8m2!3d49.3422576!4d4.3950853!16s%2Fg%2F11nxsyf2z_!19sChIJhWPDhWft2mARcee1rZsTOsI?authuser=0&hl=fr&rclk=1,4.9,25,Société de construction de piscine,·,,0636371840,https://www.piscines-harmonies.com/,pisciniste,Reims,name,0,c56dcdb2-632b-4bf7-b9b0-d3717b0d1103,1,{}
pisciniste,EMRH Piscines,https://www.google.com/maps/place/EMRH+Piscines/data=!4m7!3m6!1s0x47e86b01c14659d1:0x2d5b2518bb61fcc2!8m2!3d49.6211097!4d3.2255943!16s%2Fg%2F11t9ph5whz!19sChIJ0VlGwQFr6EcRwvxhuxglWy0?authuser=0&hl=fr&rclk=1,5.0,9,Piscine,·,,0601413662,http://www.alliancepiscines.com/?utm_source=gmb,pisciniste,Bagneux,gps_18km,0,54c4df47-b7d1-4f22-9a60-0ac3e51544e2,1,{}
pisciniste,Bati’Jardin – Paysagiste & Maçonnerie Ardennes,https://www.google.com/maps/place/Bati%E2%80%99Jardin+%E2%80%93+Paysagiste+%26+Ma%C3%A7onnerie+Ardennes/data=!4m7!3m6!1s0x2c061edf08921d77:0xccf605f23ea9739a!8m2!3d49.4144549!4d4.289993!16s%2Fg%2F11xgsgwx7h!19sChIJdx2SCN8eBiwRmnOpPvIF9sw?authuser=0&hl=fr&rclk=1,4.8,25,Société de construction de piscine,7 Rue de la Cr Barrée,,0646264918,https://www.facebook.com/batijardin08/,pisciniste,Reims,gps_25km,0,4da0071e-b0c8-47a9-8671-27dda0ab4290,0,{}
pisciniste,Bain de Soleil - Piscine et Spa,https://www.google.com/maps/place/Bain+de+Soleil+-+Piscine+et+Spa/data=!4m7!3m6!1s0x47f3512e3855865f:0x578474c9647e6da7!8m2!3d46.227971!4d5.203302!16s%2Fg%2F11fsjg55pn!19sChIJX4ZVOC5R80cRp21-ZMl0hFc?authuser=0&hl=fr&rclk=1,5.0,192,Société de construction de piscine,·,,0686631076,https://bds-piscine.com/,pisciniste,Bourg-en-Bresse,gps_3km,0,7283c515-763d-4f5f-b579-73d322d86471,0,{}
pisciniste,SARL BLEU-GRIS,https://www.google.com/maps/place/SARL+BLEU-GRIS/data=!4m7!3m6!1s0x47f349cb8d8781a9:0x497e8769b1d91929!8m2!3d46.3572451!4d5.1525317!16s%2Fg%2F11tng5rk1c!19sChIJqYGHjctJ80cRKRnZsWmHfkk?authuser=0&hl=fr&rclk=1,4.9,26,Société de construction de piscine,119 Rte des Orcières,,0659368161,https://www.bleugris-piscines.fr/,pisciniste,Bourg-en-Bresse,gps_17km,0,68855a01-11fa-40f3-bb0e-ae3eee113b4d,0,{}
pisciniste,K Ré Do,https://www.google.com/maps/place/K+R%C3%A9+Do/data=!4m7!3m6!1s0x47f4c52222e0b669:0xeede0a978ebcb8ab!8m2!3d45.7939456!4d5.1340499!16s%2Fg%2F11pzkmppg8!19sChIJabbgIiLF9EcRq7i8jpcK3u4?authuser=0&hl=fr&rclk=1,5.0,46,Société de construction de piscine,7 impasse des Agathes,,0671749425,http://www.kredo-piscines.fr/,pisciniste,Vaulx-en-Velin,gps_16km,1,8b5226f0-0a80-4084-a8f1-af8c6bb238ea,0,{}
pisciniste,FR PISCINES,https://www.google.com/maps/place/FR+PISCINES/data=!4m7!3m6!1s0x47f352442c440001:0x49aa312b7c69c788!8m2!3d46.2103108!4d5.2512778!16s%2Fg%2F11h40z7_w5!19sChIJAQBELERS80cRiMdpfCsxqkk?authuser=0&hl=fr&rclk=1,5.0,3,Société de construction de piscine,160 Rue Léo Ferré,,0682893985,,pisciniste,Bourg-en-Bresse,gps_2km,0,b03cf7a1-7471-4701-83da-8362bedc22f7,1,{}
pisciniste,M2GP Aménagements,https://www.google.com/maps/place/M2GP+Am%C3%A9nagements/data=!4m7!3m6!1s0x478ba7465ebf3cb7:0x7fab2cecf18a84f4!8m2!3d45.6645483!4d5.911987!16s%2Fg%2F1tm1pbyn!19sChIJtzy_Xkani0cR9ISK8ewsq38?authuser=0&hl=fr&rclk=1,4.6,31,Société de construction de piscine,189 Chem. du Cruet,,0608175567,http://www.m2gpamenagements.com/,pisciniste,Chambéry,gps_10km,0,b120d5fe-6dd5-4484-837d-c7bb96716b02,1,{}
pisciniste,Immersion Piscines & Spas 38,https://www.google.com/maps/place/Immersion+Piscines+%26+Spas+38/data=!4m7!3m6!1s0x2e69bc0c893b96f3:0x2296b4ba0a0623f0!8m2!3d45.7574246!4d5.1553702!16s%2Fg%2F11tx6x41t0!19sChIJ85Y7iQy8aS4R8CMGCrq0liI?authuser=0&hl=fr&rclk=1,5.0,14,Société de construction de piscine,6 Chem. du Qur des Bruyères,,0659203943,http://www.immersion-piscines.fr/,pisciniste,Vaulx-en-Velin,gps_18km,1,a9f870dd-42d0-4dc5-bc68-9a7d9b167ebe,1,{}
pisciniste,Piscin'Alpes - Magiline,https://www.google.com/maps/place/Piscin%27Alpes+-+Magiline/data=!4m7!3m6!1s0x478a53788e1e8d17:0x2b4aa41e25b874a3!8m2!3d45.4288239!4d5.9969122!16s%2Fg%2F11j1fcdnr7!19sChIJF40ejnhTikcRo3S4JR6kSis?authuser=0&hl=fr&rclk=1,5.0,29,Société de construction de piscine,30 ZA Belledonne,,0631344322,https://www.piscines-magiline.fr/pisciniste-magasin-piscines/fr-auvergne-rhone-alpes-isere-distributeur-piscines-magiline-barraux/,pisciniste,Chambéry,gps_16km,0,513e254d-0692-439c-9188-9cdf602c49b7,0,{}
pisciniste,DELTA Technique Piscine,https://www.google.com/maps/place/DELTA+Technique+Piscine/data=!4m7!3m6!1s0x416cf6a7b987ccfd:0xe17e36f67a087202!8m2!3d46.1181153!4d6.3195892!16s%2Fg%2F11y4z_jtnc!19sChIJ_cyHuaf2bEERAnIIevY2fuE?authuser=0&hl=fr&rclk=1,4.9,40,Société de construction de piscine,·,,0680347044,,pisciniste,Annemasse,gps_10km,0,33f24660-428e-499e-b7ac-8b5c41494156,0,{}
pisciniste,ISERE CLEAN - PAYSAGISTE - TP - PISCINE & SPA,https://www.google.com/maps/place/ISERE+CLEAN+-+PAYSAGISTE+-+TP+-+PISCINE+%26+SPA/data=!4m7!3m6!1s0x478af53282f7ff5d:0x83613d8fade93b94!8m2!3d45.2338559!4d5.8642964!16s%2Fg%2F1tdq004y!19sChIJXf_3gjL1ikcRlDvprY89YYM?authuser=0&hl=fr&rclk=1,4.7,32,Société de construction de piscine,395 Rue du Dr Marmonnier,,0681537584,https://www.isere-clean.fr/,pisciniste,Saint-Martin-d'Hères,gps_10km,0,32fddf15-6000-42c6-a198-3935a6a970a5,1,{}
pisciniste,Piscines & Eaux,https://www.google.com/maps/place/Piscines+%26+Eaux/data=!4m7!3m6!1s0x47f4b6df9158df85:0xa6deadfbb764c8cb!8m2!3d45.8493352!4d5.1039772!16s%2Fg%2F11g7nrl43m!19sChIJhd9Ykd-29EcRy8hkt_ut3qY?authuser=0&hl=fr&rclk=1,4.5,67,Société de construction de piscine,·,,0981481830,http://www.piscineseteaux.fr/,pisciniste,Vaulx-en-Velin,gps_16km,1,ba82d47b-7e04-4c7d-b454-e141e6542690,0,{}
pisciniste,L'Olympide Recherche de fuite piscine,https://www.google.com/maps/place/L%27Olympide+Recherche+de+fuite+piscine/data=!4m7!3m6!1s0x47969765942a9b39:0x62971c7855ccc215!8m2!3d48.7927961!4d7.5915161!16s%2Fg%2F11ngf3tm1m!19sChIJOZsqlGWXlkcRFcLMVXgcl2I?authuser=0&hl=fr&rclk=1,4.9,76,Piscine,12 Rue du Cerisier,,0749734548,https://lolympide.com/,pisciniste,Strasbourg,gps_25km,0,c2e8d831-5a1e-46bb-b2f4-8487e6b397da,1,{}
pisciniste,"Piscine Coque & SPA - Yell'O, Pisciniste en Alsace","https://www.google.com/maps/place/Piscine+Coque+%26+SPA+-+Yell%27O,+Pisciniste+en+Alsace/data=!4m7!3m6!1s0x4796b595b0a6026f:0xb2c1ffd24d17a8f!8m2!3d48.5427437!4d7.6493826!16s%2Fg%2F11qygkxbb_!19sChIJbwKmsJW1lkcRj3rRJP0fLAs?authuser=0&hl=fr&rclk=1",5.0,96,Société de construction de piscine,3 Rue des Cigognes,,0761038644,https://yello.fun/?utm_source=google&utm_medium=organic&utm_campaign=gbp_woozup&utm_content=lien_principal,pisciniste,Strasbourg,gps_8km,0,fb07bb2e-cc41-4396-b49d-8c5f48054b54,1,{}
pisciniste,Aqua Conception,https://www.google.com/maps/place/Aqua+Conception/data=!4m7!3m6!1s0x4796b90f337d9e4b:0x20583fe9f144b524!8m2!3d48.658678!4d7.7287944!16s%2Fg%2F11np002_r0!19sChIJS559Mw-5lkcRJLVE8ek_WCA?authuser=0&hl=fr&rclk=1,4.7,53,Société de construction de piscine,9 Rue du Commerce,,0980423645,https://www.aqua-conception.com/,pisciniste,Strasbourg,gps_8km,0,c85fa42d-cac0-42aa-80d5-ae82a3346c06,0,{}
pisciniste,ADJ Center,https://www.google.com/maps/place/ADJ+Center/data=!4m7!3m6!1s0x4796b0c25ccd5543:0xf0a04227014f5a04!8m2!3d48.605703!4d7.584427!16s%2Fg%2F1v6p7t47!19sChIJQ1XNXMKwlkcRBFpPASdCoPA?authuser=0&hl=fr&rclk=1,4.5,14,Société de construction de piscine,2 All. Michel Kauffmann,,0616537322,http://www.adj-center-piscines-chalets.fr/,pisciniste,Strasbourg,gps_12km,0,12ac0091-b882-49ca-ad70-48693783b9c7,0,{}
pisciniste,Paysagiste BH élagage abattage deracinage pose de clôture terrassement,https://www.google.com/maps/place/Paysagiste+BH+%C3%A9lagage+abattage+deracinage+pose+de+cl%C3%B4ture+terrassement/data=!4m7!3m6!1s0x4796c9f2408be14f:0xae952a5955e39774!8m2!3d48.5802819!4d7.7334394!16s%2Fg%2F11ksl49qck!19sChIJT-GLQPLJlkcRdJfjVVkqla4?authuser=0&hl=fr&rclk=1,4.8,22,Paysagiste,17 Rue de Rosheim,,0699463228,http://www.paysagistebh.fr/,cloture,Strasbourg,gps_1km,1,3001de6f-350b-4a83-a610-c5eb88893e8e,0,{}
pisciniste,IDEO Piscine - Pour une mise en beauté sur mesure,https://www.google.com/maps/place/IDEO+Piscine+-+Pour+une+mise+en+beaut%C3%A9+sur+mesure/data=!4m7!3m6!1s0x4794e53ac8c023e7:0x433879ded43a3022!8m2!3d49.0504658!4d6.3456717!16s%2Fg%2F11t_k803mj!19sChIJ5yPAyDrllEcRIjA61N55OEM?authuser=0&hl=fr&rclk=1,5.0,18,Société de construction de piscine,·,,0611660638,https://www.ideo-piscine.fr/,pisciniste,Metz,gps_14km,0,50dff91e-6900-424b-a617-f514068bdf0e,0,{}
pisciniste,SANIEST Construction et rénovation piscine Metz,https://www.google.com/maps/place/SANIEST+Construction+et+r%C3%A9novation+piscine+Metz/data=!4m7!3m6!1s0x4794e656f88be9f9:0xc6ea53e09cab02f2!8m2!3d49.0687687!4d6.3084958!16s%2Fg%2F11j8ln0st2!19sChIJ-emL-FbmlEcR8gKrnOBT6sY?authuser=0&hl=fr&rclk=1,4.9,53,Société de construction de piscine,22 Rue de Metz,,0608483640,https://www.piscine-saniest-moselle.com/,pisciniste,Metz,name,0,98579a17-1e4e-4885-9baa-d7a906008f01,1,{}
pisciniste,My Pool Piscines & Spas - Unibeo Metz,https://www.google.com/maps/place/My+Pool+Piscines+%26+Spas+-+Unibeo+Metz/data=!4m7!3m6!1s0x4794e1aa8ef34101:0x1efc25747c377c80!8m2!3d49.0666783!4d6.1409146!16s%2Fg%2F11ph1dtyxv!19sChIJAUHzjqrhlEcRgHw3fHQl_B4?authuser=0&hl=fr&rclk=1,4.9,154,Société de construction de piscine,Rue de la Belle Fontaine 3 ZAC,,0771038719,https://www.mypoolconcept.fr/?utm_source=gmb&utm_medium=profile,pisciniste,Metz,name,0,a3abfb7c-9ef6-4fd0-857b-7aa9c87359e9,1,{}
pisciniste,Nature Piscine,https://www.google.com/maps/place/Nature+Piscine/data=!4m7!3m6!1s0x4794956795b53e77:0x6c5b871111b74831!8m2!3d48.8250602!4d6.2546918!16s%2Fg%2F11sysfqdvs!19sChIJdz61lWeVlEcRMUi3ERGHW2w?authuser=0&hl=fr&rclk=1,4.9,41,Société de construction de piscine,1 Grand Rue,,0981090570,https://www.nature-piscine.com/,pisciniste,Nancy,gps_15km,0,b2ef12e3-7835-4391-a096-cf9f36e0f866,0,{}
pisciniste,Renotech Piscine,https://www.google.com/maps/place/Renotech+Piscine/data=!4m7!3m6!1s0x4794dd2ae7640001:0xf48e9d38b59d6855!8m2!3d49.0381717!4d6.1977785!16s%2Fg%2F11rv6hg0wj!19sChIJAQBk5yrdlEcRVWidtTidjvQ?authuser=0&hl=fr&rclk=1,5.0,3,Société de construction de piscine,25 Rue Notre Dame,,0617355977,https://www.renotechpiscine.fr/contact-devis,pisciniste,Metz,gps_9km,0,42b1f3aa-0ad1-43f5-b3f9-8380ef11e1c1,1,{}
pisciniste,Signature Spas et Piscines,https://www.google.com/maps/place/Signature+Spas+et+Piscines/data=!4m7!3m6!1s0x47949929b8bd5319:0x19808662e9f34683!8m2!3d48.7087127!4d6.2416704!16s%2Fg%2F11w_bty54s!19sChIJGVO9uCmZlEcRg0bz6WKGgBk?authuser=0&hl=fr&rclk=1,4.7,19,Piscine,·,,0605351828,http://www.signature-spas-piscines.fr/,pisciniste,Nancy,gps_4km,0,587ad5d6-f00d-4165-804f-b0dd338d9925,2,{}
pisciniste,M R Création - Paysagiste/ Aménagement extérieur/ Pisciniste - Metz Thionville Luxembourg,https://www.google.com/maps/place/M+R+Cr%C3%A9ation+-+Paysagiste%2F+Am%C3%A9nagement+ext%C3%A9rieur%2F+Pisciniste+-+Metz+Thionville+Luxembourg/data=!4m7!3m6!1s0xb7056a52f4b9707:0xb312208542d000a2!8m2!3d49.1122!4d6.17619!16s%2Fg%2F11k9gn0t0t!19sChIJB5dLL6VWcAsRogDQQoUgErM?authuser=0&hl=fr&rclk=1,5.0,27,Société de construction de piscine,26 Av. Foch,,0617048881,https://mrcreation.fr/,pisciniste,Thionville,name,0,562148c2-abe9-47f5-8215-72c3ad1cf901,0,{}
pisciniste,Piscines Greg 54,https://www.google.com/maps/place/Piscines+Greg+54/data=!4m7!3m6!1s0x479362b4f83f4911:0xef257132257c406!8m2!3d48.528805!4d6.322515!16s%2Fg%2F11flt32t4k!19sChIJEUk_-LRik0cRBsRXIhNX8g4?authuser=0&hl=fr&rclk=1,5.0,8,Société de construction de piscine,11 Rte de Velle,,0659994048,,pisciniste,Nancy,gps_20km,0,61df712a-9dfd-4ee8-b773-a0c3f3e71b94,1,{}
pisciniste,Piscine Spa Shop - Poséidon Spa,https://www.google.com/maps/place/Piscine+Spa+Shop+-+Pos%C3%A9idon+Spa/data=!4m7!3m6!1s0x47e61d178aabbcd1:0x63a62cc0e5d89e58!8m2!3d48.8790388!4d2.7777523!16s%2Fg%2F11qpwm9ym4!19sChIJ0byrihcd5kcRWJ7Y5cAspmM?authuser=0&hl=fr&rclk=1,4.7,45,Société de construction de piscine,·,,0178905050,https://www.piscine-spa-shop.com/,pisciniste,Meaux,gps_11km,1,a750d1b9-e059-45bb-80d0-9f977ac11034,0,{}
pisciniste,MBA Piscine,https://www.google.com/maps/place/MBA+Piscine/data=!4m7!3m6!1s0xa801e5fbfadc6df3:0x8638ab8d466bcee1!8m2!3d47.5272847!4d5.1714701!16s%2Fg%2F11rj01lcd2!19sChIJ823c-vvlAagR4c5rRo2rOIY?authuser=0&hl=fr&rclk=1,4.8,24,Société de construction de piscine,·,,0786150909,http://www.mba-piscine.fr/,pisciniste,Dijon,gps_24km,0,3649adcc-9b6a-4fcf-a1fc-a5a782f63fee,1,{}
pisciniste,Membrane Piscine,https://www.google.com/maps/place/Membrane+Piscine/data=!4m7!3m6!1s0x8989a7da1551c01d:0xc71f39dff9d959d9!8m2!3d48.2408657!4d4.1451037!16s%2Fg%2F11x7gk4t8g!19sChIJHcBRFdqniYkR2VnZ-d85H8c?authuser=0&hl=fr&rclk=1,5.0,8,Société de construction de piscine,14 Rue des Peupliers,,0617253051,https://membranepiscine.fr/,pisciniste,Troyes,gps_8km,1,82113178-268a-465b-9ad9-f22092adc55e,1,{}
pisciniste,Beell Concept Piscine / Troyes / Aube,https://www.google.com/maps/place/Beell+Concept+Piscine+%2F+Troyes+%2F+Aube/data=!4m7!3m6!1s0x47ee9dd5e8b07891:0xda0782ec30bfdf21!8m2!3d48.2135744!4d4.1370241!16s%2Fg%2F11sk3stq2v!19sChIJkXiw6NWd7kcRId-_MOyCB9o?authuser=0&hl=fr&rclk=1,4.8,43,Société de construction de piscine,16 D Rue des Marots Prolongée,,0750228603,https://www.cocktailpiscine.com/,pisciniste,Troyes,name,1,d27b9168-d8bc-4e67-a92f-1f81fcbe8837,1,{}
pisciniste,Environnement créatif | Fabricant de piscine en Seine et Marne,https://www.google.com/maps/place/Environnement+cr%C3%A9atif+%7C+Fabricant+de+piscine+en+Seine+et+Marne/data=!4m7!3m6!1s0x47e61759ea100001:0x52c64b8bbd30edcb!8m2!3d48.915912!4d2.614855!16s%2Fg%2F11hcfndyhm!19sChIJAQAQ6lkX5kcRy-0wvYtLxlI?authuser=0&hl=fr&rclk=1,4.6,7,Société de construction de piscine,·,,0983017847,https://www.specialiste-piscine-77.fr/,pisciniste,Livry-Gargan,gps_6km,0,d03c950d-a329-4140-91d9-b519e059424a,0,{}
pisciniste,Ello Garden Evasion,https://www.google.com/maps/place/Ello+Garden+Evasion/data=!4m7!3m6!1s0x47ed637d10a6b051:0x81eb5f1c606c3c49!8m2!3d47.34889!4d5.028466!16s%2Fg%2F11nxpyyxdz!19sChIJUbCmEH1j7UcRSTxsYBxf64E?authuser=0&hl=fr&rclk=1,5.0,15,Société de construction de piscine,2 Rue de la Petite Fin,,0687082994,https://www.ellogardenevasion.com/,pisciniste,Dijon,gps_3km,0,9070e7c1-5542-4e01-9b44-a7b39649668e,1,{}
pisciniste,Aquilus Piscines et Spas Dijon,https://www.google.com/maps/place/Aquilus+Piscines+et+Spas+Dijon/data=!4m7!3m6!1s0x47f29fc7fe81b65b:0x55ad995f16018262!8m2!3d47.302208!4d5.1143569!16s%2Fg%2F11kpg54_wn!19sChIJW7aB_sef8kcRYoIBFl-ZrVU?authuser=0&hl=fr&rclk=1,4.7,13,Société de construction de piscine,12 Rue Nicolas de Condorcet,,0978809357,https://magasin.aquilus-piscines.com/184-aquilus-piscines-et-spas-dijon?utm_source=gmb,pisciniste,Dijon,name,0,bea05132-d326-49c3-9f63-d6f72783cb51,0,{}
pisciniste,Piscines Des Grands Crus (Distributeur Exclusif Magiline),https://www.google.com/maps/place/Piscines+Des+Grands+Crus+%28Distributeur+Exclusif+Magiline%29/data=!4m7!3m6!1s0x47f2f30761f7eb4d:0x81a21cfb8dcb5d20!8m2!3d47.0213505!4d4.859746!16s%2Fg%2F11jfpt2547!19sChIJTev3YQfz8kcRIF3LjfscooE?authuser=0&hl=fr&rclk=1,5.0,28,Société de construction de piscine,"Pôle de la Mère Denis, 13 Imp. Jean-Baptiste Gambut",,0607892670,https://piscinesdesgrandscrus.fr/,pisciniste,Chalon-sur-Saône,gps_26km,0,5cead1e8-731c-4018-b379-ec4771722a1b,0,{}
pisciniste,Simply Piscine,https://www.google.com/maps/place/Simply+Piscine/data=!4m7!3m6!1s0x496d9c95f398bab5:0x64d5fa879a85d0ae!8m2!3d48.3227025!4d4.0698655!16s%2Fg%2F11ty4twpzw!19sChIJtbqY85WcbUkRrtCFmof61WQ?authuser=0&hl=fr&rclk=1,5.0,29,Société de construction de piscine,5 Rte de Culoison,,0695927393,http://www.simply-piscine.fr/,pisciniste,Troyes,gps_2km,1,e62b0098-e92b-4251-82aa-28d8389d3345,1,{}
pisciniste,Ambiance Piscines Val de Saône,https://www.google.com/maps/place/Ambiance+Piscines+Val+de+Sa%C3%B4ne/data=!4m7!3m6!1s0x47f2c1ce16d461d5:0x76538f9f4cdb04ce!8m2!3d46.9754358!4d5.0962716!16s%2Fg%2F1tw_mk_t!19sChIJ1WHUFs7B8kcRzgTbTJ-PU3Y?authuser=0&hl=fr&rclk=1,4.6,21,Société de construction de piscine,8 Gr Grande Rue,,0666659955,http://www.ambiancepiscines-valdesaone.com/?utm_medium=referral&utm_source=gmb&utm_campaign=lnk-gmb,pisciniste,Chalon-sur-Saône,gps_28km,0,a2d7a171-3527-482c-81ce-af2e19728e0c,0,{}
pisciniste,"SAREPS - Renovation Piscine Municipale, Piscine Joint Epoxy, Injection Resine, Etancheite Piscine Municipale","https://www.google.com/maps/place/SAREPS+-+Renovation+Piscine+Municipale,+Piscine+Joint+Epoxy,+Injection+Resine,+Etancheite+Piscine+Municipale/data=!4m7!3m6!1s0x47e51c7ef872a85d:0xa15dbacf765a37ef!8m2!3d47.8758496!4d2.1315828!16s%2Fg%2F1tdq59bb!19sChIJXahy-H4c5UcR7zdads-6XaE?authuser=0&hl=fr&rclk=1",4.5,25,Société de construction de piscine,·,,0238461747,https://www.sareps-renovation-piscine.fr/,pisciniste,Orléans,gps_16km,0,95589443-bf90-4e17-a0cf-5f6504e479d2,0,{}
pisciniste,LOIRET PISCINES,https://www.google.com/maps/place/LOIRET+PISCINES/data=!4m7!3m6!1s0x47e4e56f417f697d:0x9df7e266c22c91b9!8m2!3d47.8811041!4d1.8663451!16s%2Fg%2F1v1vch0g!19sChIJfWl_QW_l5EcRuZEswmbi950?authuser=0&hl=fr&rclk=1,4.6,81,Société de construction de piscine,2 Rue des 15 Pierres,,0238664104,https://www.loiret-piscines.com/?utm_source=gmb,pisciniste,Orléans,gps_3km,0,b5d680f0-aa83-4758-9de7-412850ed1f11,0,{}
pisciniste,Aquilus Piscines et Spas Orléans,https://www.google.com/maps/place/Aquilus+Piscines+et+Spas+Orl%C3%A9ans/data=!4m7!3m6!1s0x47e4fb1dbae9f423:0x34a09631e3c01d50!8m2!3d47.9454602!4d1.9074965!16s%2Fg%2F11vqh3zf_1!19sChIJI_Tpuh375EcRUB3A4zGWoDQ?authuser=0&hl=fr&rclk=1,5.0,18,Société de construction de piscine,1342 Rue de Montaran,,0238686540,http://www.piscines-spas.com/,pisciniste,Orléans,name,0,de48dde1-4e21-49d0-b43d-19ad892f0038,0,{}
pisciniste,ADH Piscines & Paysages – Paysagiste Pisciniste Spa – Orléans,https://www.google.com/maps/place/ADH+Piscines+%26+Paysages+%E2%80%93+Paysagiste+Pisciniste+Spa+%E2%80%93+Orl%C3%A9ans/data=!4m7!3m6!1s0x47e4eff82c36fac3:0xc7c0c1077460351f!8m2!3d47.89737!4d1.8532578!16s%2Fg%2F11b6zr8h99!19sChIJw_o2LPjv5EcRHzVgdAfBwMc?authuser=0&hl=fr&rclk=1,4.6,160,Société de construction de piscine,·,,0238251030,https://www.adh-paysages.com/,pisciniste,Orléans,name,0,e936d6ed-62f2-4df9-8d8b-9cdfcd7f6b91,0,{}
pisciniste,Auvray Piscines,https://www.google.com/maps/place/Auvray+Piscines/data=!4m7!3m6!1s0xa690e6e1332448fd:0xbb6f17336ad03eeb!8m2!3d47.3878127!4d0.8156225!16s%2Fg%2F11rjvb8x1l!19sChIJ_UgkM-HmkKYR6z7QajMXb7s?authuser=0&hl=fr&rclk=1,4.7,50,Société de construction de piscine,9 Rue Denis Papin,,0658392599,https://auvraypiscines.com/fr/,pisciniste,Tours,gps_9km,0,8e4ecb97-cd45-48bd-87d4-55ccbff7ae29,1,{}
pisciniste,Aqua Piscines,https://www.google.com/maps/place/Aqua+Piscines/data=!4m7!3m6!1s0x47fd29c59d8f191f:0x709b6cc7d2053177!8m2!3d47.340396!4d0.640357!16s%2Fg%2F11syv01kp1!19sChIJHxmPncUp_UcRdzEF0sdsm3A?authuser=0&hl=fr&rclk=1,5.0,3,Société de construction de piscine,26 Rue des Artisans,,0621585640,https://www.aquapiscines.fr/,pisciniste,Joué-lès-Tours,gps_2km,1,3b7462a9-2bb9-487e-9895-22e24edd4c86,1,{}
pisciniste,Piscine Technik,https://www.google.com/maps/place/Piscine+Technik/data=!4m7!3m6!1s0x47fd2feffa2dbdc1:0xe32571c0d79447!8m2!3d47.3333214!4d0.4982168!16s%2Fg%2F11kqr_rv6v!19sChIJwb0t-u8v_UcRR5TXwHEl4wA?authuser=0&hl=fr&rclk=1,5.0,26,Piscine,·,,0638431613,,pisciniste,Joué-lès-Tours,gps_12km,1,dc46f4d3-dcc0-45b0-b894-e8f5971049a3,1,{}
pisciniste,Clairazur Spa Paris,https://www.google.com/maps/place/Clairazur+Spa+Paris/data=!4m7!3m6!1s0x47e6711f4ab23bcf:0xb7dd3c85a3991a5c!8m2!3d48.797535!4d2.322664!16s%2Fg%2F11b6dh2ntc!19sChIJzzuySh9x5kcRXBqZo4U83bc?authuser=0&hl=fr&rclk=1,4.7,248,Magasin de spa,65 Avenue Aristide Briand,,0147409020,https://www.google.com/aclk?sa=L&ai=DChsSEwiPiOS99L2UAxW_nWgJHaABE6oYACICCAEQABoCd2Y&co=1&ase=2&gclid=CjwKCAjwq6DQBhBVEiwA4ZD5XLcQxfXaT_jbYv-DlbE8NrT1YtEu4pVsJwbmeNX5t6R2co4X2p_JEhoCCsgQAvD_BwE&cce=2&category=acrcp_v1_32&sig=AOD64_3RfQaAb8I7OdD733u1NPzXkn4xUA&adurl&q&ctype=99&nis=6,pisciniste,Paris,name,2,bd7bac00-4788-40df-a14d-056da2fb94a8,0,{}
pisciniste,Piscines Ibiza Ville du bois,https://www.google.com/maps/place/Piscines+Ibiza+Ville+du+bois/data=!4m7!3m6!1s0x47e5dd6ed0330be5:0x39950a0e1a572238!8m2!3d48.6531275!4d2.272063!16s%2Fg%2F11qprhbxt8!19sChIJ5Qsz0G7d5UcROCJXGg4KlTk?authuser=0&hl=fr&rclk=1,4.9,101,Société de construction de piscine,2 All. Saint-Fiacre,,0169809526,https://www.essonnepiscineetspa.fr/,pisciniste,Évry-Courcouronnes,gps_12km,1,91dc47ad-c274-4807-8596-c577629d155a,0,{}
pisciniste,Ouest Piscines Services,https://www.google.com/maps/place/Ouest+Piscines+Services/data=!4m7!3m6!1s0x47e66281981299f9:0xaabf1282c306d350!8m2!3d48.8761938!4d2.1265469!16s%2Fg%2F1vh_7pj0!19sChIJ-ZkSmIFi5kcRUNMGw4ISv6o?authuser=0&hl=fr&rclk=1,4.6,69,Société de construction de piscine,·,,0139735374,http://www.ops-ouestpiscines.fr/,pisciniste,Rueil-Malmaison,gps_3km,1,a9285eb5-29b5-49ec-abec-25891780ba2f,0,{}
pisciniste,La Boutique de la Piscine et du Spa 92 - Magiline Rueil-Malmaison,https://www.google.com/maps/place/La+Boutique+de+la+Piscine+et+du+Spa+92+-+Magiline+Rueil-Malmaison/data=!4m7!3m6!1s0x47e663280fc447d7:0x604781cf4c3b97b6!8m2!3d48.8732583!4d2.1640881!16s%2Fg%2F11q1rhc9nk!19sChIJ10fEDyhj5kcRtpc7TM-BR2A?authuser=0&hl=fr&rclk=1,4.8,26,Société de construction de piscine,·,,0147497469,http://www.piscineetspa92.com/,pisciniste,Rueil-Malmaison,name,1,d42fc5b0-efcd-4b66-9893-307baab34a57,0,{}
pisciniste,CRISTAL D'EAU,https://www.google.com/maps/place/CRISTAL+D%27EAU/data=!4m7!3m6!1s0x47e426a83850d73f:0xb4f061939d83bdb3!8m2!3d48.7962117!4d1.7006375!16s%2Fg%2F1tk6v6cp!19sChIJP9dQOKgm5EcRs72DnZNh8LQ?authuser=0&hl=fr&rclk=1,4.7,16,Service de réparation de piscines,"za les sycomores, 333 Av. de Neuville",,0680157567,http://www.cristaldeau.fr/,pisciniste,Mantes-la-Jolie,gps_21km,1,5b26e7e2-926f-46c0-9888-7c5b8691fd17,1,{}
pisciniste,PURE PISCINE,https://www.google.com/maps/place/PURE+PISCINE/data=!4m7!3m6!1s0x47e68d505ba105bd:0x1e4395f62fd668f6!8m2!3d48.937055!4d1.9500142!16s%2Fg%2F11n83vk4ls!19sChIJvQWhW1CN5kcR9mjWL_aVQx4?authuser=0&hl=fr&rclk=1,4.7,6,Société de construction de piscine,68 Rue de la Croix de l'Orme,,0757573923,https://www.purepiscine.com/,pisciniste,Saint-Germain-en-Laye,gps_10km,0,4c67c1a4-9309-4280-af4e-232441757c00,1,{}
pisciniste,ALD Piscines,https://www.google.com/maps/place/ALD+Piscines/data=!4m7!3m6!1s0x47e5f999bb41eaa9:0x2cdba967d953b0e3!8m2!3d48.5687565!4d2.7297869!16s%2Fg%2F11ss_sv7c1!19sChIJqepBu5n55UcR47BT2Wep2yw?authuser=0&hl=fr&rclk=1,5.0,24,Société de construction de piscine,215 La maison blanche,,0186264215,https://www.aldpiscines.fr/,pisciniste,Melun,gps_6km,1,dff704d1-f758-441c-aaa5-909a3eccafe9,0,{}
pisciniste,IDEAL PISCINE,https://www.google.com/maps/place/IDEAL+PISCINE/data=!4m7!3m6!1s0x47e6f5abc961062d:0xa5475b671fe6876a!8m2!3d48.9686233!4d1.9002656!16s%2Fg%2F11rw8z13wy!19sChIJLQZhyav15kcRaofmH2dbR6U?authuser=0&hl=fr&rclk=1,4.9,31,Société de construction de piscine,328 Rue de Flins,,0134929118,https://www.idealpiscine.com/,pisciniste,Cergy,gps_13km,2,4d0b73a4-f187-4277-8c74-25c88e0d8966,0,{}
pisciniste,Entretien Piscine - Dépannage Piscine - Contrat d'entretien Pisicine - DC PISCINE,https://www.google.com/maps/place/Entretien+Piscine+-+D%C3%A9pannage+Piscine+-+Contrat+d%27entretien+Pisicine+-+DC+PISCINE/data=!4m7!3m6!1s0x47e5d95c963badf1:0x993d816704f9d2b0!8m2!3d48.6422837!4d2.2619088!16s%2Fg%2F11k11d253s!19sChIJ8a07llzZ5UcRsNL5BGeBPZk?authuser=0&hl=fr&rclk=1,5.0,3,Service de réparation de piscines,26 Chem. de la Mère Dieu,,0661287202,https://dcpiscine.fr/,pisciniste,Évry-Courcouronnes,gps_13km,1,e49284d6-cf41-4ddc-b673-3f0459cda946,1,{}
pisciniste,Désir d'O Piscines,https://www.google.com/maps/place/D%C3%A9sir+d%27O+Piscines/data=!4m7!3m6!1s0x47e69b83b2cc5f5f:0xe2d54c1e98b21594!8m2!3d48.8147451!4d1.9052187!16s%2Fg%2F11n0m04gyb!19sChIJX1_MsoOb5kcRlBWymB5M1eI?authuser=0&hl=fr&rclk=1,4.9,8,Société de construction de piscine,1 Rés de l'Allée Royale,,0781090969,https://www.desirdopiscines.com/,pisciniste,Versailles,gps_16km,2,0fe64d6f-9b02-4365-b25e-bd17dbe8a183,1,{}
pisciniste,Aquilus Piscines et Spas Rambouillet,https://www.google.com/maps/place/Aquilus+Piscines+et+Spas+Rambouillet/data=!4m7!3m6!1s0x47e683239a500e3d:0x29bdba2b3f0eced6!8m2!3d48.637879!4d1.8269469!16s%2Fg%2F11h4mwbkld!19sChIJPQ5QmiOD5kcR1s4OPyu6vSk?authuser=0&hl=fr&rclk=1,4.8,17,Société de construction de piscine,38 Rue G. Lenotre,,0237319904,https://www.piscines-spas.com/?utm_source=gmb,pisciniste,Versailles,gps_28km,2,f46ec1c0-4333-4623-805d-4b96117e60dc,0,{}
pisciniste,LAGOA Piscines,https://www.google.com/maps/place/LAGOA+Piscines/data=!4m7!3m6!1s0x47e65f55fac493d1:0xfcfba887a810d882!8m2!3d49.0555449!4d2.1385968!16s%2Fg%2F11yf90l63w!19sChIJ0ZPE-lVf5kcRgtgQqIeo-_w?authuser=0&hl=fr&rclk=1,5.0,5,Société de construction de piscine,Av. du Château,,0658389823,https://www.lagoa-piscine.fr/,pisciniste,Cergy,gps_7km,2,364a4ca4-66b9-4bc6-880d-c1c8dcefd2ff,1,{}
pisciniste,Piscines Ibiza Cergy 95,https://www.google.com/maps/place/Piscines+Ibiza+Cergy+95/data=!4m7!3m6!1s0x47e6f524e501a5df:0x17cdd88d3acd0b33!8m2!3d49.0273092!4d2.1040941!16s%2Fg%2F11t2f25fv5!19sChIJ36UB5ST15kcRMwvNOo3YzRc?authuser=0&hl=fr&rclk=1,5.0,57,Société de construction de piscine,·,,0178472333,https://www.piscines-ibiza.com/distributeur/pisciniste-cergy-pontoise-95/,pisciniste,Cergy,name,2,e206794b-6efe-4f05-b113-05f5bdf39056,0,{}
pisciniste,Odyssée Azur Piscines,https://www.google.com/maps/place/Odyss%C3%A9e+Azur+Piscines/data=!4m7!3m6!1s0x47e66356b67374ef:0xccd111574c20eec9!8m2!3d48.906052!4d2.11649!16s%2Fg%2F11lzm4b7gh!19sChIJ73RztlZj5kcRye4gTFcR0cw?authuser=0&hl=fr&rclk=1,4.9,10,Société de construction de piscine,5 Rue du Chant des Oiseaux,,0175261770,https://www.oapiscines.fr/,pisciniste,Saint-Germain-en-Laye,gps_3km,0,96b8fee7-23e9-41e4-9109-3f3e85fea7bc,0,{}
pisciniste,Bleu Tropical Piscine - PISCINES HydroSud Maurepas,https://www.google.com/maps/place/Bleu+Tropical+Piscine+-+PISCINES+HydroSud+Maurepas/data=!4m7!3m6!1s0x47e6833e8cf0b1c9:0x2138186b5e744813!8m2!3d48.7588271!4d1.9319149!16s%2Fg%2F1tg5tcbg!19sChIJybHwjD6D5kcRE0h0XmsYOCE?authuser=0&hl=fr&rclk=1,4.6,70,Société de construction de piscine,·,,0130490068,https://piscine-bleutropical.com/?utm_source=google&utm_medium=organic&utm_campaign=gbp,pisciniste,Versailles,gps_15km,2,e1d9527b-5f7d-4a1e-897d-f600eaab1c3c,0,{}
pisciniste,DECLERCQ PISCINES & SPAS,https://www.google.com/maps/place/DECLERCQ+PISCINES+%26+SPAS/data=!4m7!3m6!1s0x47e0cf9e1cf447a7:0xb43a5fcb1840497c!8m2!3d49.5670286!4d1.2700196!16s%2Fg%2F11_syqrw8!19sChIJp0f0HJ7P4EcRfElAGMtfOrQ?authuser=0&hl=fr&rclk=1,4.6,86,Société de construction de piscine,ZA Moulin D’Ecalles,,0235239600,https://www.declercq-piscines.fr/,pisciniste,Massy,gps_16km,0,3bd18289-01b9-47f6-9870-abe1639e5dd6,0,{}
pisciniste,AKWA PISCINE,https://www.google.com/maps/place/AKWA+PISCINE/data=!4m7!3m6!1s0x47dd31fa0b1b302d:0x4b82dcfd4dda13f1!8m2!3d50.4292439!4d2.8679268!16s%2Fg%2F11nfw1_7js!19sChIJLTAbC_ox3UcR8RPaTf3cgks?authuser=0&hl=fr&rclk=1,4.9,75,Société de construction de piscine,150 Rue du Dr Schaffner,,0667590988,http://www.akwa-piscines.fr/,pisciniste,Lille,gps_26km,0,ba86ee3b-8eec-4eb1-b406-76b440ec6c85,1,{}
pisciniste,Mr Piscine,https://www.google.com/maps/place/Mr+Piscine/data=!4m7!3m6!1s0x47dcd97bbc0f7a81:0x97250e27f2c6550d!8m2!3d50.6356152!4d2.7143592!16s%2Fg%2F11sn_3t03j!19sChIJgXoPvHvZ3EcRDVXG8icOJZc?authuser=0&hl=fr&rclk=1,4.9,28,Société de construction de piscine,37 Rue de la Gare,,0615916820,http://mr-piscine.com/,pisciniste,Lille,gps_24km,0,72ae50ca-a6ad-4fde-befd-a513ed218cf6,1,{}
pisciniste,Selosse Piscine & Spa,https://www.google.com/maps/place/Selosse+Piscine+%26+Spa/data=!4m7!3m6!1s0x8dabd77710b7ae53:0xaee5c69ce16c2273!8m2!3d50.5140009!4d2.8551658!16s%2Fg%2F11s9dlhvs7!19sChIJU663EHfXq40RcyJs4ZzG5a4?authuser=0&hl=fr&rclk=1,4.9,29,Société de construction de piscine,8 Rue Georges Bizet,,0672460201,https://www.selossepiscinespa.fr/,pisciniste,Lille,gps_20km,0,1dc7a1da-fcbc-45e5-a3d0-2424b5af1dbf,2,{}
pisciniste,Garin Paysagiste,https://www.google.com/maps/place/Garin+Paysagiste/data=!4m7!3m6!1s0x8471fbd2e8d30bd:0x31847b676edfd25c!8m2!3d50.5395191!4d2.7651267!16s%2Fg%2F11rn4p5wnr!19sChIJvTCNLr0fRwgRXNLfbmd7hDE?authuser=0&hl=fr&rclk=1,5.0,16,Société de construction de piscine,36 Rue d'Ouvert,,0699153904,https://www.garinpaysagiste.fr/,pisciniste,Lille,gps_23km,0,45a30442-b11e-42bf-9768-5649a3910337,1,{}
pisciniste,Piscinez-moi,https://www.google.com/maps/place/Piscinez-moi/data=!4m7!3m6!1s0x47dd2dc8ffffffff:0x1dc70d658930d483!8m2!3d50.5108297!4d2.9138653!16s%2Fg%2F11g2z24kml!19sChIJ_____8gt3UcRg9QwiWUNxx0?authuser=0&hl=fr&rclk=1,4.7,3,Société de construction de piscine,8 Rue Henri Catoire,,0648596971,https://piscinezmoi.fr/,pisciniste,Lille,gps_17km,0,a51d5d4d-c2f4-4d9b-aaea-009623f1c8ec,1,{}
pisciniste,Alfa Piscine,https://www.google.com/maps/place/Alfa+Piscine/data=!4m7!3m6!1s0x47dc3f1f26548561:0x1193d5a64fd6d053!8m2!3d50.9445445!4d1.8660809!16s%2Fg%2F11t34j67f_!19sChIJYYVUJh8_3EcRU9DWT6bVkxE?authuser=0&hl=fr&rclk=1,5.0,3,Service de réparation de piscines,·,,0665147892,http://www.alfa-piscine.fr/,pisciniste,Calais,gps_1km,0,8c418d11-d9f2-4de6-a230-f11831003f47,1,{}
pisciniste,Daniel Moquet signe vos clôtures - Ent. Dubus,https://www.google.com/maps/place/Daniel+Moquet+signe+vos+cl%C3%B4tures+-+Ent.+Dubus/data=!4m7!3m6!1s0x47dcd7255dab219d:0xd51e9f5b77df9098!8m2!3d50.6871693!4d2.8490653!16s%2Fg%2F11p10vryjf!19sChIJnSGrXSXX3EcRmJDfd1ufHtU?authuser=0&hl=fr&rclk=1,4.9,61,Paysagiste,·,,0320854306,https://www.moquet-clotures.com/entreprise-portail/59-armentieres,cloture,Lille,gps_16km,0,e79ce5a5-f399-4d6d-972b-6139ef55ca29,0,{}
pisciniste,Unik Piscine,https://www.google.com/maps/place/Unik+Piscine/data=!4m7!3m6!1s0x47e0dd0613892b97:0x15cea2116d7c731a!8m2!3d49.4694211!4d1.1076929!16s%2Fg%2F11nz0yhp_7!19sChIJlyuJEwbd4EcRGnN8bRGizhU?authuser=0&hl=fr&rclk=1,5.0,12,Société de construction de piscine,1927 Chem. de Clères,,0676347696,http://www.unikpiscine.fr/,pisciniste,Rouen,gps_3km,0,77c3c798-a893-4ff4-94e2-01e846c66dce,0,{}
pisciniste,Techniques Piscine,https://www.google.com/maps/place/Techniques+Piscine/data=!4m7!3m6!1s0x695c5d1d40754ce9:0xa66fb1c31014678b!8m2!3d49.5059607!4d0.0882367!16s%2Fg%2F11tdqb28jv!19sChIJ6Ux1QB1dXGkRi2cUEMOxb6Y?authuser=0&hl=fr&rclk=1,5.0,4,Société de construction de piscine,24 Rue Bellevue,,0609099516,https://techniquespiscine.fr/,pisciniste,Le Havre,gps_1km,0,d7e17b40-4de9-4707-b29d-3aa1e6a4256f,1,{}
pisciniste,Ets JP Moreau Piscine,https://www.google.com/maps/place/Ets+JP+Moreau+Piscine/data=!4m7!3m6!1s0x47e0d94e9d441b6b:0xee1bd44028bfbbde!8m2!3d49.3978445!4d1.1759536!16s%2Fg%2F11qfm7psrm!19sChIJaxtEnU7Z4EcR3ru_KEDUG-4?authuser=0&hl=fr&rclk=1,4.6,33,Société de construction de piscine,1093 Rte de Paris,,0235800365,http://www.lespiscinesmoreau.com/,pisciniste,Paris,name,2,9b0317c9-b6a4-4c13-b009-44c57029f640,0,{}
pisciniste,Piscines Du Pays D'Auge,https://www.google.com/maps/place/Piscines+Du+Pays+D%27Auge/data=!4m7!3m6!1s0x47e1d1a910032ceb:0x944b012398bf2eb3!8m2!3d49.2637227!4d0.1372366!16s%2Fg%2F1v7pxs08!19sChIJ6ywDEKnR4UcRsy6_mCMBS5Q?authuser=0&hl=fr&rclk=1,4.6,18,Société de construction de piscine,Le Lieu Allais,,0684590142,http://www.piscines-pays-dauge.fr/?utm_source=gmb,pisciniste,Le Havre,gps_25km,0,24be4098-d51d-4ffd-bfa2-582ee6094a4a,1,{}
pisciniste,Everblue - ARTECH PISCINES,https://www.google.com/maps/place/Everblue+-+ARTECH+PISCINES/data=!4m7!3m6!1s0x47e028b58bfb5809:0x7c87e9272a6f0ce2!8m2!3d49.5088803!4d0.0844313!16s%2Fg%2F1tdmd511!19sChIJCVj7i7Uo4EcR4gxvKifph3w?authuser=0&hl=fr&rclk=1,4.6,18,Société de construction de piscine,9 Rue Edith Cavell,,0235469744,https://www.everblue.com/concessionnaires/everblue-sainte-adresse/,pisciniste,Le Havre,gps_2km,0,aea22a19-c0e0-4149-a98a-4bcc9147ad2c,0,{}
pisciniste,Irripiscine by Irrijardin Rouen - Barentin,https://www.google.com/maps/place/Irripiscine+by+Irrijardin+Rouen+-+Barentin/data=!4m7!3m6!1s0x47e0ef2872194139:0x7798da3509220485!8m2!3d49.532413!4d0.964859!16s%2Fg%2F11m9t19ypz!19sChIJOUEZcijv4EcRhQQiCTXamHc?authuser=0&hl=fr&rclk=1,4.8,53,Société de construction de piscine,·,,0235663663,https://www.irripiscine.fr/magasins/rouen-barentin,pisciniste,Rouen,name,0,f1d944c5-2ba6-43fd-9ec9-8b18370d5dbe,0,{}
pisciniste,Bluelagoonspas France - Planète Spas et Piscines,https://www.google.com/maps/place/Bluelagoonspas+France+-+Plan%C3%A8te+Spas+et+Piscines/data=!4m7!3m6!1s0x47e120f780ae4a4d:0x8c79e7c16cf22bb2!8m2!3d49.3300267!4d1.1008533!16s%2Fg%2F11cjj1m6ts!19sChIJTUqugPcg4UcRsivybMHneYw?authuser=0&hl=fr&rclk=1,4.7,237,Société de construction de piscine,·,,0235650324,https://www.planete-spa.fr/,pisciniste,Rouen,gps_12km,0,96607268-0f87-45ca-b8c6-0cc5876cebef,0,{}
pisciniste,Piscines Desjoyaux,https://www.google.com/maps/place/Piscines+Desjoyaux/data=!4m7!3m6!1s0x47e0efd6e3a66021:0xa908f65baac469fe!8m2!3d49.5403028!4d0.966606!16s%2Fg%2F11p073t3qh!19sChIJIWCm49bv4EcR_mnEqlv2CKk?authuser=0&hl=fr&rclk=1,4.5,10,Magasin de matériel pour piscines,·,,0640304041,https://www.desjoyaux.fr/,pisciniste,Rouen,gps_14km,0,b07a3568-90d1-4795-955d-973133819408,1,{}
pisciniste,Daniel Moquet signe vos clôtures - Ent. Berthou,https://www.google.com/maps/place/Daniel+Moquet+signe+vos+cl%C3%B4tures+-+Ent.+Berthou/data=!4m7!3m6!1s0x47e1031289ac1307:0xdb61215590f7b7d!8m2!3d49.289294!4d0.878188!16s%2Fg%2F11wx8rp_x_!19sChIJBxOsiRID4UcRfXsPWRUStg0?authuser=0&hl=fr&rclk=1,5.0,3,Architecte paysagiste,"Zone Artisanale de, 17",,0610486942,https://www.moquet-clotures.com/,cloture,Rouen,gps_22km,2,10b0a64e-f962-4f68-a94b-39b521e35276,0,{}
pisciniste,BioValue BioPoolTech Calvados - piscine naturelle en bois immergé et filtration biologique connectée,https://www.google.com/maps/place/BioValue+BioPoolTech+Calvados+-+piscine+naturelle+en+bois+immerg%C3%A9+et+filtration+biologique+connect%C3%A9e/data=!4m7!3m6!1s0x480a7dff1660cb75:0x68c077d600e70a86!8m2!3d49.2866509!4d-0.1069816!16s%2Fg%2F11vlhcw3j4!19sChIJdctgFv99CkgRhgrnANZ3wGg?authuser=0&hl=fr&rclk=1,5.0,12,Société de construction de piscine,12 Pl. Marius Trefouel,,0642775917,https://www.biovalue.fr/details-votre+constructeur+de+piscine+naturelle+et+ecologique+a+proximite+de+caen+en+normandie-405,pisciniste,Caen,gps_22km,0,3803704c-fd5d-4852-92d0-96775ca32428,1,{}
pisciniste,SAS Hydrotek - Constructeur de Piscines et Spas,https://www.google.com/maps/place/SAS+Hydrotek+-+Constructeur+de+Piscines+et+Spas/data=!4m7!3m6!1s0x480a40a360d07939:0xaa270015a02046e7!8m2!3d49.2364326!4d-0.2874057!16s%2Fg%2F11c6ddctll!19sChIJOXnQYKNACkgR50YgoBUAJ6o?authuser=0&hl=fr&rclk=1,4.9,31,Société de construction de piscine,·,,0214402477,https://www.hydrotek.fr/,pisciniste,Caen,gps_8km,0,99de1745-962d-4991-895f-d26f2d2e12df,0,{}
pisciniste,Piscines Delente,https://www.google.com/maps/place/Piscines+Delente/data=!4m7!3m6!1s0x480a6e01342cb347:0x4118199d03bf0694!8m2!3d49.124852!4d-0.183785!16s%2Fg%2F1tf6g0cz!19sChIJR7MsNAFuCkgRlAa_A50ZGEE?authuser=0&hl=fr&rclk=1,4.5,82,Société de construction de piscine,17 Rte de Vimont,,0231239160,https://www.piscines-delente.fr/,pisciniste,Caen,gps_14km,0,e16b61d1-4589-4b34-881b-9eea7e76eecd,0,{}
pisciniste,PAUL BAILLY PISCINES & SPAS,https://www.google.com/maps/place/PAUL+BAILLY+PISCINES+%26+SPAS/data=!4m7!3m6!1s0x480a15146c334067:0x373a6af3c5ad5dbe!8m2!3d49.0086244!4d-0.2950185!16s%2Fg%2F11sz1bx5p1!19sChIJZ0AzbBQVCkgRvl2txfNqOjc?authuser=0&hl=fr&rclk=1,5.0,12,Société de construction de piscine,10 Rue de la Paix,,0695730335,https://www.paulbaillypiscines.com/?utm_medium=referral&utm_source=gmb&utm_campaign=lnk-gmb,pisciniste,Caen,gps_19km,0,0baa3493-2870-4b73-b318-da7a3826751b,1,{}
pisciniste,Normandie aqua paysage,https://www.google.com/maps/place/Normandie+aqua+paysage/data=!4m7!3m6!1s0x480a176da7ee3199:0xa425fddcc80c20b7!8m2!3d48.957688!4d-0.274845!16s%2Fg%2F11t1bz06y_!19sChIJmTHup20XCkgRtyAMyNz9JaQ?authuser=0&hl=fr&rclk=1,5.0,4,Société de construction de piscine,71 Rue du 7 Juin 1944,,0611667950,https://www.facebook.com/106607092408194,pisciniste,Caen,gps_25km,0,a9a0d0f7-e504-4e72-8f22-2ada1a48452b,0,{}
pisciniste,Aquastil Piscines - Constructeur de Piscines et Spas,https://www.google.com/maps/place/Aquastil+Piscines+-+Constructeur+de+Piscines+et+Spas/data=!4m7!3m6!1s0x480b940375b14e11:0xf119751f61b8651!8m2!3d49.2705636!4d-0.6842185!16s%2Fg%2F1tj7vs8z!19sChIJEU6xdQOUC0gRUYYb9lGXEQ8?authuser=0&hl=fr&rclk=1,4.5,86,Société de construction de piscine,30 Rte de Caen,,0231214266,http://www.aquastilpiscines.com/,pisciniste,Caen,name,0,279da95b-d4ad-4e63-893a-a9cc3a3c4376,0,{}
pisciniste,Pisci Line,https://www.google.com/maps/place/Pisci+Line/data=!4m7!3m6!1s0xb64a2f9e888d9ed:0xf3cf839116e84f4!8m2!3d48.6684663!4d-1.9400449!16s%2Fg%2F11k9k22__b!19sChIJ7dmI6PmiZAsR9IRuETn4PA8?authuser=0&hl=fr&rclk=1,4.9,52,Société de construction de piscine,"Lieu-dit, 54 Catenabat",,0614227435,https://pisciline.fr/,pisciniste,Saint-Malo,gps_6km,1,c95e866c-4f79-4c82-b76a-cfe2c1da9efd,1,{}
pisciniste,Piscines Solutions,https://www.google.com/maps/place/Piscines+Solutions/data=!4m7!3m6!1s0x480e6032edec60bd:0x1ae7f7cd085d4485!8m2!3d48.4092898!4d-2.0290887!16s%2Fg%2F11gg95pjqc!19sChIJvWDs7TJgDkgRhURdCM335xo?authuser=0&hl=fr&rclk=1,4.5,26,Société de construction de piscine,"Siege social, 31 Rte de Dinan",,0689112808,https://piscines-solutions-dinan.fr/,pisciniste,Saint-Malo,gps_26km,1,6906778e-645c-4450-90cc-da38892c9aba,1,{}
pisciniste,Unibeo22,https://www.google.com/maps/place/Unibeo22/data=!4m7!3m6!1s0x480e0fed5d4b09af:0xc99f27717978b2ae!8m2!3d48.5393791!4d-2.5075502!16s%2Fg%2F11nxtfg1m1!19sChIJrwlLXe0PDkgRrrJ4eXEnn8k?authuser=0&hl=fr&rclk=1,4.9,8,Société de construction de piscine,12bis Les Rigaudais,,0677489752,,pisciniste,Saint-Brieuc,gps_18km,0,2429dcbd-aa9c-421c-830b-ad8b68b4b78b,1,{}
pisciniste,I.D.E PISCINES - Pisciniste 35 Ille-et-Vilaine,https://www.google.com/maps/place/I.D.E+PISCINES+-+Pisciniste+35+Ille-et-Vilaine/data=!4m7!3m6!1s0x480ee59bac9bf8d9:0x422cc62380da44b0!8m2!3d48.223151!4d-1.8728715!16s%2Fg%2F11jrvnrhl5!19sChIJ2fibrJvlDkgRsETagCPGLEI?authuser=0&hl=fr&rclk=1,5.0,25,Société de construction de piscine,16 Launay Pigeon,,0660668657,https://www.ide-piscines.fr/,pisciniste,Rennes,gps_18km,1,a5bb7f33-e242-43c4-805a-e8700a840185,1,{}
pisciniste,JSPISCINES - Sylvain JAMET,https://www.google.com/maps/place/JSPISCINES+-+Sylvain+JAMET/data=!4m7!3m6!1s0x480efbbde2fd1f05:0x1614c8629379e4de!8m2!3d48.2486436!4d-1.9501282!16s%2Fg%2F11lg40pnkl!19sChIJBR_94r37DkgR3uR5k2LIFBY?authuser=0&hl=fr&rclk=1,5.0,24,Société de construction de piscine,22 Rue de Rennes,,0782590129,https://www.jspiscines35.fr/,pisciniste,Rennes,name,1,2287426b-87ab-4cbe-b5a2-5aebf3f494fc,1,{}
pisciniste,Aqua'Jardin,https://www.google.com/maps/place/Aqua%27Jardin/data=!4m7!3m6!1s0x81e9f77e02e1bc41:0x4f55417e43483460!8m2!3d48.5849911!4d-2.5405282!16s%2Fg%2F11y9pvfrt3!19sChIJQbzhAn736YERYDRIQ35BVU8?authuser=0&hl=fr&rclk=1,5.0,7,Société de construction de piscine,27 Rue de L Hôtel de ville,,0634369256,https://www.aqua-jardin.com/,pisciniste,Saint-Brieuc,gps_17km,0,d6b886bd-fce1-4e38-8dba-f67a35da65a1,0,{}
pisciniste,JC BÂTI PISCINE - PAYSAGE,https://www.google.com/maps/place/JC+B%C3%82TI+PISCINE+-+PAYSAGE/data=!4m7!3m6!1s0x480ee9e526b45d05:0xb4e468dded6c4058!8m2!3d48.2521569!4d-1.763851!16s%2Fg%2F11t6n6ryp6!19sChIJBV20JuXpDkgRWEBs7d1o5LQ?authuser=0&hl=fr&rclk=1,5.0,12,Société de construction de piscine,Le Breil,,0665175605,,pisciniste,Rennes,gps_16km,1,733167a6-169b-4398-9532-0b96f299c45d,2,{}
pisciniste,GSP Galland Services Piscine,https://www.google.com/maps/place/GSP+Galland+Services+Piscine/data=!4m7!3m6!1s0x638201b7f263c92d:0x2d892845c5778112!8m2!3d48.4667078!4d-2.7874682!16s%2Fg%2F11v0xbpnt5!19sChIJLclj8rcBgmMREoF3xUUoiS0?authuser=0&hl=fr&rclk=1,5.0,19,Société de construction de piscine,·,,0972106867,https://www.gsp-piscine.fr/,pisciniste,Saint-Brieuc,gps_5km,0,e544fb8f-b584-4820-8cc0-0e7170f55f75,0,{}
pisciniste,Maçonnerie Rénova Construction-Rénovation-création aménagement extérieur,https://www.google.com/maps/place/Ma%C3%A7onnerie+R%C3%A9nova+Construction-R%C3%A9novation-cr%C3%A9ation+am%C3%A9nagement+ext%C3%A9rieur/data=!4m7!3m6!1s0x480e7d40f72a5c5d:0xa30d7a3f65ed3f48!8m2!3d48.6181328!4d-2.0691907!16s%2Fg%2F11vf1sqcty!19sChIJXVwq90B9DkgRSD_tZT96DaM?authuser=0&hl=fr&rclk=1,5.0,19,Société de construction de piscine,48 Bd Jules Verger,,0659249033,https://maconnerie-renova.fr/,pisciniste,Saint-Malo,gps_4km,1,f2dfebc2-4607-4324-9572-a6f9ab75cbb4,0,{}
pisciniste,Irripiscine by Irrijardin Nantes Orvault,https://www.google.com/maps/place/Irripiscine+by+Irrijardin+Nantes+Orvault/data=!4m7!3m6!1s0x4805ed3b13b4041b:0x7bd34b3643e7db96!8m2!3d47.254662!4d-1.617717!16s%2Fg%2F11k9s6z2jw!19sChIJGwS0EzvtBUgRltvnQzZL03s?authuser=0&hl=fr&rclk=1,4.9,105,Société de construction de piscine,·,,0788610311,https://www.irripiscine.fr/magasins/nantes-orvault,pisciniste,Nantes,name,1,98686589-1e42-491d-9e29-8e70a5307644,0,{}
