niche_source,company_name,google_maps_url,google_rating,google_review_count,category_google,address,city,phone,website,niche_strict,confidence_score,city_matched,phone_norm,competitors_count_lsa
bardage,Couvreur Reims Toiture,https://www.google.com/maps/place/Couvreur+Reims+Toiture/data=!4m7!3m6!1s0x47e97599cf98fe4b:0xbc811044ad4b6b3f!8m2!3d49.2560138!4d4.0274079!16s%2Fg%2F11nmrdkjgl!19sChIJS_6Yz5l16UcRP2tLrUQQgbw?authuser=0&hl=fr&rclk=1,5.0,8,Entrepreneur spécialisé dans l'isolation,52 Pl. Drouet d'Erlon,,0355405289,,bardage,7,Reims,0355405289,2
bardage,Toiture Béthel,https://www.google.com/maps/place/Toiture+B%C3%A9thel/data=!4m7!3m6!1s0x47e02f278c457963:0x5d4d571478fb8ed2!8m2!3d49.4930526!4d0.1152274!16s%2Fg%2F11nc10q4rq!19sChIJY3lFjCcv4EcR0o77eBRXTV0?authuser=0&hl=fr&rclk=1,5.0,3,Services de nettoyage,113 Bd de Strasbourg,,0628364039,,bardage,3,Strasbourg,0628364039,2
bardage,Toiture Jacquin - Couvreur Le Havre 76600,https://www.google.com/maps/place/Toiture+Jacquin+-+Couvreur+Le+Havre+76600/data=!4m7!3m6!1s0x47e02f5f646c3eed:0xcb3c77094999ad3c!8m2!3d49.5159103!4d0.169489!16s%2Fg%2F11vlm6h7rs!19sChIJ7T5sZF8v4EcRPK2ZSQl3PMs?authuser=0&hl=fr&rclk=1,4.9,131,Couvreur,88 Av. du 8 Mai 1945,,0603844998,https://www.facebook.com/213677405162549?utm_source=gmb,bardage,6,Le Havre,0603844998,2
bardage,Cadiou Couverture (couvreur Dijon 21),https://www.google.com/maps/place/Cadiou+Couverture+%28couvreur+Dijon+21%29/data=!4m7!3m6!1s0x47f29fbd1da05cb5:0xf5ccc625a15eb06f!8m2!3d47.2765408!4d5.1167589!16s%2Fg%2F11rtm43_wf!19sChIJtVygHb2f8kcRb7BeoSXGzPU?authuser=0&hl=fr&rclk=1,4.8,17,Couvreur,5 Rue Alexandra David Neel,,0633211868,https://www.facebook.com/profile.php?id=100077162592218&sk=about,bardage,6,Dijon,0633211868,2
bardage,F.T Couverture Rénovation à Dijon - Couvreur 21 : Réparation Nettoyage Dépannage Fuites Remplacement Toiture Côte-d'Or,https://www.google.com/maps/place/F.T+Couverture+R%C3%A9novation+%C3%A0+Dijon+-+Couvreur+21+:+R%C3%A9paration+Nettoyage+D%C3%A9pannage+Fuites+Remplacement+Toiture+C%C3%B4te-d%27Or/data=!4m7!3m6!1s0x47ed63213df8e085:0x44697b1838f9eeb7!8m2!3d47.3712668!4d5.0509537!16s%2Fg%2F11r_thr4dz!19sChIJheD4PSFj7UcRt-75OBh7aUQ?authuser=0&hl=fr&rclk=1,5.0,10,Couvreur,200 Rte de Langres,,0640732610,https://www.ft-couverturerenovation.fr/,bardage,13,Dijon,0640732610,2
bardage,Artisan toiture - Couvreur Zingueur - Adrien RAMES - Nimes (30),https://www.google.com/maps/place/Artisan+toiture+-+Couvreur+Zingueur+-+Adrien+RAMES+-+Nimes+%2830%29/data=!4m7!3m6!1s0x12b42fe89df0f433:0x108a721bd14b31f1!8m2!3d43.820086!4d4.300583!16s%2Fg%2F11nccxk1wm!19sChIJM_TwnegvtBIR8TFL0RtyihA?authuser=0&hl=fr&rclk=1,5.0,48,Couvreur,300 Chemin du Mas de Vedelin,,0612957234,https://www.google.com/aclk?sa=L&ai=DChsSEwiYz7H-g76UAxU3X0ECHdpOBLIYACICCAEQCBoCd3M&co=1&ase=2&gclid=CjwKCAjwq6DQBhBVEiwA4ZD5XEM0sCeUrf6BpXQt8yWaJARoLuCl6pnmv4luIc5QQl7Ia0Z2GEdCEhoCdFUQAvD_BwE&cce=2&category=acrcp_v1_32&sig=AOD64_1-xAqgbx_1juqvz9I4wAfKTOzyRg&adurl&q&ctype=99&nis=6,bardage,6,Nîmes,0612957234,2
bardage,"Masclaux Toiture - Charpentier, Couvreur, Zingueur - Nîmes, Alès, Uzès","https://www.google.com/maps/place/Masclaux+Toiture+-+Charpentier,+Couvreur,+Zingueur+-+N%C3%AEmes,+Al%C3%A8s,+Uz%C3%A8s/data=!4m7!3m6!1s0x12b43b1f6c43d66b:0xb93e593f191bd917!8m2!3d43.9428155!4d4.0798688!16s%2Fg%2F11c209rvfj!19sChIJa9ZDbB87tBIRF9kbGT9ZPrk?authuser=0&hl=fr&rclk=1",4.9,17,Charpentier,route de Quissac,,0466351943,https://www.masclauxtoiture.fr/,bardage,6,Nîmes,0466351943,2
bardage,LJ Couverture-Couvreur Le Mans 72 Sarthe Nettoyage toiture-Étanchéité-fuites-traitement de charpente,https://www.google.com/maps/place/LJ+Couverture-Couvreur+Le+Mans+72+Sarthe+Nettoyage+toiture-%C3%89tanch%C3%A9it%C3%A9-fuites-traitement+de+charpente/data=!4m7!3m6!1s0x47e289fedc9e640b:0xdfc9f8be64afafc7!8m2!3d48.0243018!4d0.2027295!16s%2Fg%2F11wwzd2ybf!19sChIJC2Se3P6J4kcRx6-vZL74yd8?authuser=0&hl=fr&rclk=1,5.0,134,Entrepreneur spécialisé dans l'isolation,5 Rue de la Paix,,0628573196,https://ets-leffray.e-monsite.com/,bardage,16,Le Mans,0628573196,2
bardage,Ets Gronier Père et Fils Couverture Zinguerie Vélux Gouttière Bac acier Couvreur Amiens Vignacourt Longueau Camon Boves Dury,https://www.google.com/maps/place/Ets+Gronier+P%C3%A8re+et+Fils+Couverture+Zinguerie+V%C3%A9lux+Goutti%C3%A8re+Bac+acier+Couvreur+Amiens+Vignacourt+Longueau+Camon+Boves+Dury/data=!4m7!3m6!1s0x47dd8d2579fe93c7:0xafed475e6ea03d82!8m2!3d49.8938567!4d2.3041294!16s%2Fg%2F11mbq15hbh!19sChIJx5P-eSWN3UcRgj2gbl5H7a8?authuser=0&hl=fr&rclk=1,4.9,65,Couvreur,1 Rue Adéodat Lefevre,,0618290432,https://etsgronierpereetfils.wixsite.com/couvreuramiens,bardage,9,Amiens,0618290432,2
bardage,David Etanchéité - Amiens (80),https://www.google.com/maps/place/David+Etanch%C3%A9it%C3%A9+-+Amiens+%2880%29/data=!4m7!3m6!1s0x47e7eff603a57901:0x6ff811b006eb24d5!8m2!3d49.8141542!4d2.7117018!16s%2Fg%2F11h6dhtmwn!19sChIJAXmlA_bv50cR1STrBrAR-G8?authuser=0&hl=fr&rclk=1,4.8,21,Couvreur,1 Rue Edith Piaf,,0686608209,http://www.david-etancheite.fr/,bardage,9,Amiens,0686608209,2
bardage,Couvreur Rouen Toiture,https://www.google.com/maps/place/Couvreur+Rouen+Toiture/data=!4m7!3m6!1s0x47e0dd2d1491a74d:0xf129cdce380d239!8m2!3d49.4444925!4d1.0968031!16s%2Fg%2F11rsqq7flb!19sChIJTaeRFC3d4EcROdKA49ycEg8?authuser=0&hl=fr&rclk=1,5.0,14,Couvreur,62 Rue Beauvoisine,,0272245322,,bardage,6,Rouen,0272245322,2
bardage,"Brochard Renovation : couverture Zinguerie,demoussage toiture,ravalement de façade,bardage,Illzach Mulhouse et haut Rhin","https://www.google.com/maps/place/Brochard+Renovation+:+couverture+Zinguerie,demoussage+toiture,ravalement+de+fa%C3%A7ade,bardage,Illzach+Mulhouse+et+haut+Rhin/data=!4m7!3m6!1s0x47919c756f96bf45:0xd27f55a3422555cc!8m2!3d47.7659969!4d7.3683315!16s%2Fg%2F11csc74lp0!19sChIJRb-Wb3WckUcRzFUlQqNVf9I?authuser=0&hl=fr&rclk=1",4.8,13,Entrepreneur spécialisé dans l'isolation,9 Av. d'Italie,,0389310306,http://www.facebook.com/BROCHARD-RENOVATION-100951788031853/,bardage,23,Mulhouse,0389310306,2
bardage,BNC Bois Charpente Couverture Caen Normandie,https://www.google.com/maps/place/BNC+Bois+Charpente+Couverture+Caen+Normandie/data=!4m7!3m6!1s0x64faa53dcff6acbd:0x68e9021f936daed4!8m2!3d49.3295884!4d-0.5324755!16s%2Fg%2F11t6ljz1sx!19sChIJvaz2zz2l-mQR1K5tkx8C6Wg?authuser=0&hl=fr&rclk=1,5.0,17,Charpentier,39bis Rue de la Libération,,0749700848,http://bncbois.fr/,bardage,3,Caen,0749700848,2
bardage,Dillée Charpente - Charpentier et Couvreur à Caen dans le Calvados en Normandie,https://www.google.com/maps/place/Dill%C3%A9e+Charpente+-+Charpentier+et+Couvreur+%C3%A0+Caen+dans+le+Calvados+en+Normandie/data=!4m7!3m6!1s0x480a41f0e0ca4b61:0x4f274f9d3c8c8679!8m2!3d49.1549897!4d-0.2998689!16s%2Fg%2F11t1dkjqnw!19sChIJYUvK4PBBCkgReYaMPJ1PJ08?authuser=0&hl=fr&rclk=1,5.0,8,Charpentier,19 Rue Nicéphore Niépce,,0682595928,https://www.dillee-charpente.fr/,bardage,3,Caen,0682595928,2
bardage,"SIRAM Caen - Installation Fenêtres, Portes, Portails, Pergolas, Carports, Volets Menuiserie extérieure PVC, alu et bois","https://www.google.com/maps/place/SIRAM+Caen+-+Installation+Fen%C3%AAtres,+Portes,+Portails,+Pergolas,+Carports,+Volets+Menuiserie+ext%C3%A9rieure+PVC,+alu+et+bois/data=!4m7!3m6!1s0x480a6ffb50c7c949:0x6872bab7fd348c4f!8m2!3d49.1787348!4d-0.2174157!16s%2Fg%2F1v0lk4tb!19sChIJScnHUPtvCkgRT4w0_be6cmg?authuser=0&hl=fr&rclk=1",4.5,201,Menuisier,·,,0231390808,https://www.siram.fr/,cloture,3,Caen,0231390808,2
bardage,Ravalement de Facade & Couverture Caen,https://www.google.com/maps/place/Ravalement+de+Facade+%26+Couverture+Caen/data=!4m7!3m6!1s0x480a434d288df8f5:0x2d6b643f427f4acb!8m2!3d49.184696!4d-0.3518781!16s%2Fg%2F11w3rt6dm3!19sChIJ9fiNKE1DCkgRy0p_Qj9kay0?authuser=0&hl=fr&rclk=1,5.0,3,Façadier,13 Rue Varignon,,0252563000,https://ravalement-caen.fr/,bardage,12,Caen,0252563000,2
bardage,Couvreur Caen Toiture,https://www.google.com/maps/place/Couvreur+Caen+Toiture/data=!4m7!3m6!1s0x480a43459ce5d82f:0x63af4985bf81e30e!8m2!3d49.1754272!4d-0.3545297!16s%2Fg%2F11fvlfqp79!19sChIJL9jlnEVDCkgRDuOBv4VJr2M?authuser=0&hl=fr&rclk=1,5.0,8,Couvreur,42 Rue Saint-Michel,,0272051289,,bardage,6,Caen,0272051289,2
bardage,Pulv&Drone | Nettoyage Toiture et Façade | Traitement par Drone - Caen,https://www.google.com/maps/place/Pulv%26Drone+%7C+Nettoyage+Toiture+et+Fa%C3%A7ade+%7C+Traitement+par+Drone+-+Caen/data=!4m7!3m6!1s0x480a652b8b20bac1:0xfd2f2a356f5eb304!8m2!3d49.2209391!4d-0.2447856!16s%2Fg%2F11ltfdp244!19sChIJwbogiytlCkgRBLNebzUqL_0?authuser=0&hl=fr&rclk=1,5.0,40,Service de nettoyage et d'entretien,18 Rue de Verdun,,0668868968,https://pulvdrone14.fr/,bardage,12,Caen,0668868968,2
bardage,Jean Debard Couvreur Caen,https://www.google.com/maps/place/Jean+Debard+Couvreur+Caen/data=!4m7!3m6!1s0x480a455cf6d5713f:0x32d3ea713c65649e!8m2!3d49.1530684!4d-0.4722171!16s%2Fg%2F11vb50c8l5!19sChIJP3HV9lxFCkgRnmRlPHHq0zI?authuser=0&hl=fr&rclk=1,5.0,12,Couvreur,210 Rue de l'Avenir,,0651028974,,bardage,3,Caen,0651028974,2
bardage,Asturienne Poitiers - Matériaux de couverture pour toitures,https://www.google.com/maps/place/Asturienne+Poitiers+-+Mat%C3%A9riaux+de+couverture+pour+toitures/data=!4m7!3m6!1s0x47fdbdfb8be2fe7f:0x840abca207f0219e!8m2!3d46.5976943!4d0.3211332!16s%2Fg%2F1vm79tz8!19sChIJf_7ii_u9_UcRniHwB6K8CoQ?authuser=0&hl=fr&rclk=1,4.6,30,Magasin de materiaux de construction,·,,0549035380,https://www.asturienne.fr/infos-agence/poitiers-asturienne-4366,bardage,7,Poitiers,0549035380,2
paysagiste,Gp elagage espaces verts - elagueur poitiers : paysagiste jardinier buxerolles neuville du poitou,https://www.google.com/maps/place/Gp+elagage+espaces+verts+-+elagueur+poitiers+:+paysagiste+jardinier+buxerolles+neuville+du+poitou/data=!4m7!3m6!1s0x47fdbd9639b6b86d:0x629fa5a1ad7ac8e9!8m2!3d46.5952047!4d0.3352617!16s%2Fg%2F11lkxbm7y3!19sChIJbbi2OZa9_UcR6ch6raGln2I?authuser=0&hl=fr&rclk=1,5.0,8,Paysagiste,"2 bis, Chem. du Trait Tabouleau rue du",,0611430816,,paysagiste,20,Poitiers,0611430816,1
bardage,Mv rénovation - Couvreur - Trignac - Saint-Nazaire,https://www.google.com/maps/place/Mv+r%C3%A9novation+-+Couvreur+-+Trignac+-+Saint-Nazaire/data=!4m7!3m6!1s0x6fe2420036200e4b:0xbcd82308b462d785!8m2!3d47.304074!4d-2.189533!16s%2Fg%2F11rtf6smvq!19sChIJSw4gNgBC4m8RhdditAgj2Lw?authuser=0&hl=fr&rclk=1,5.0,103,Couvreur,65 ter Rue Pierre Brossolette,,0768404027,https://www.google.com/aclk?sa=L&ai=DChsSEwjrhvKUh76UAxXGoGgJHY-NMTsYACICCAEQCBoCd2Y&co=1&ase=2&gclid=CjwKCAjwq6DQBhBVEiwA4ZD5XImqAua27KfYp5MQZOFgVCzTeQOu7r5cqEJ5y_ymJVsEi-Je8D0gtBoCUTAQAvD_BwE&cce=2&category=acrcp_v1_32&sig=AOD64_3ZqOi4cw38XtJVYnFfZxUp8Ce2BQ&adurl&q&ctype=99&nis=6,bardage,4,Saint-Nazaire,0768404027,2
bardage,Dj Habitat - Couvreur Saint-Nazaire,https://www.google.com/maps/place/Dj+Habitat+-+Couvreur+Saint-Nazaire/data=!4m7!3m6!1s0x480565276d2f8edd:0x902a108fc7e577da!8m2!3d47.2828225!4d-2.2156141!16s%2Fg%2F11q4cfkcmw!19sChIJ3Y4vbSdlBUgR2nflx48QKpA?authuser=0&hl=fr&rclk=1,4.9,68,Couvreur,96 Bd Victor Hugo,,0784599824,,bardage,3,Saint-Nazaire,0784599824,2
bardage,Renovcouverture44 couvreur à Saint-Nazaire,https://www.google.com/maps/place/Renovcouverture44+couvreur+%C3%A0+Saint-Nazaire/data=!4m7!3m6!1s0x48056551ecd1f119:0x9acbddccd24e8908!8m2!3d47.319969!4d-2.1852748!16s%2Fg%2F11rcpqnnwg!19sChIJGfHR7FFlBUgRCIlO0szdy5o?authuser=0&hl=fr&rclk=1,5.0,61,Entrepreneur spécialisé dans l'isolation,9 Bis Chem. de la Petite ville,,0785202515,https://renov-couverture-44.fr/,bardage,7,Saint-Nazaire,0785202515,2
bardage,Couvreur Saint-Nazaire,https://www.google.com/maps/place/Couvreur+Saint-Nazaire/data=!4m7!3m6!1s0x4805690892f73dab:0x790ee5e064330904!8m2!3d47.2595825!4d-2.2720309!16s%2Fg%2F11pzs9njgf!19sChIJqz33kghpBUgRBAkzZODlDnk?authuser=0&hl=fr&rclk=1,5.0,3,Couvreur,25 Rue de l'Étoile du Matin,,0777239641,,bardage,3,Saint-Nazaire,0777239641,2
bardage,COUVREURS DE L'OUEST Quimper,https://www.google.com/maps/place/COUVREURS+DE+L%27OUEST+Quimper/data=!4m7!3m6!1s0x4810d50bf2a07cb5:0x7395823e797b5eaf!8m2!3d47.986593!4d-4.1250846!16s%2Fg%2F11ygqwkd4p!19sChIJtXyg8gvVEEgRr157eT6ClXM?authuser=0&hl=fr&rclk=1,4.8,6,Couvreur,14 Rue du Maine,,0680026151,,bardage,3,Quimper,0680026151,2
bardage,GRILLOT COUVREUR ERGUE GABERIC QUIMPER RAVALEMENT PEINTURE,https://www.google.com/maps/place/GRILLOT+COUVREUR+ERGUE+GABERIC+QUIMPER+RAVALEMENT+PEINTURE/data=!4m7!3m6!1s0x4810d78a5a29eb1b:0xe23386455aada93d!8m2!3d48.2273955!4d-4.2639352!16s%2Fg%2F11j4ww0550!19sChIJG-spWorXEEgRPamtWkWGM-I?authuser=0&hl=fr&rclk=1,4.9,15,Couvreur,·,,0662567123,http://www.grillotpeinture29.com/,bardage,6,Quimper,0662567123,2
bardage,PARTEDIS Couverture - Lorient,https://www.google.com/maps/place/PARTEDIS+Couverture+-+Lorient/data=!4m7!3m6!1s0x48105e485c527921:0x882e7b34eb3af0a!8m2!3d47.7373373!4d-3.3599566!16s%2Fg%2F11bwhbg6y_!19sChIJIXlSXEheEEgRCq-zTrPnggg?authuser=0&hl=fr&rclk=1,4.6,14,Fournisseur de matériaux de construction,·,,0297898055,http://www.partedis.com/agence/lorient-couverture/,bardage,4,Lorient,0297898055,2
bardage,Toiture façade Fréjus - Sch toiture et façade,https://www.google.com/maps/place/Toiture+fa%C3%A7ade+Fr%C3%A9jus+-+Sch+toiture+et+fa%C3%A7ade/data=!4m7!3m6!1s0x47949907794bf609:0x3479211dc652b3f!8m2!3d43.419282!4d6.715131!16s%2Fg%2F11n_2szyll!19sChIJCfZLeQeZlEcRPytl3BGSRwM?authuser=0&hl=fr&rclk=1,4.8,17,Couvreur,"la, Chem. de la Palissade",,0611900156,https://www.sch-toiture.fr/,bardage,12,Fréjus,0611900156,1
bardage,Couvreur Certifié Toiture,https://www.google.com/maps/place/Couvreur+Certifi%C3%A9+Toiture/data=!4m7!3m6!1s0x12cea5a123ed430f:0x13a18d0ddd2ffee1!8m2!3d43.468008!4d6.5906035!16s%2Fg%2F11yskh8xgd!19sChIJD0PtI6GlzhIR4f4v3Q2NoRM?authuser=0&hl=fr&rclk=1,5.0,17,Couvreur,Rte de Fréjus,,0423460121,,bardage,6,Fréjus,0423460121,1
bardage,Couvreur à Clamart : DEMSAY Couverture,https://www.google.com/maps/place/Couvreur+%C3%A0+Clamart+:+DEMSAY+Couverture/data=!4m7!3m6!1s0x47e67b27417425c5:0x2b75a1bf48a702a3!8m2!3d48.8095224!4d2.2718374!16s%2Fg%2F11vzf9tnbt!19sChIJxSV0QSd75kcRowKnSL-hdSs?authuser=0&hl=fr&rclk=1,4.9,21,Couvreur,175 Av. Victor Hugo,,0695171104,https://couvreur-clamart-demsay.com/,bardage,6,Clamart,0695171104,2
bardage,TOITURE RICHARD - Couvreur Narbonne | Réparation étanchéité Nettoyage Toiture Couverture Gouttières Aude 11 Gruissan Fleury,https://www.google.com/maps/place/TOITURE+RICHARD+-+Couvreur+Narbonne+%7C+R%C3%A9paration+%C3%A9tanch%C3%A9it%C3%A9+Nettoyage+Toiture+Couverture+Goutti%C3%A8res+Aude+11+Gruissan+Fleury/data=!4m7!3m6!1s0x12b1ad81830dbcc1:0xbdb3c2cb4be5b7c3!8m2!3d43.1865944!4d2.9749715!16s%2Fg%2F11r3z5zqlw!19sChIJwbwNg4GtsRIRw7flS8vCs70?authuser=0&hl=fr&rclk=1,4.9,190,Couvreur,38 Rue du Trapel,,0642013544,https://toiturerichard11100.wixsite.com/couvreur11100,bardage,15,Narbonne,0642013544,2
bardage,Albi Profils SAS,https://www.google.com/maps/place/Albi+Profils+SAS/data=!4m7!3m6!1s0x12ade87e66b0de39:0xc097ffd482b08afc!8m2!3d43.9270162!4d2.1823326!16s%2Fg%2F1tdj7h8t!19sChIJOd6wZn7orRIR_IqwgtT_l8A?authuser=0&hl=fr&rclk=1,4.5,21,Atelier de métallerie,·,,0563476660,https://www.albi-profils.fr/,cloture,3,Albi,0563476660,2
bardage,"ICZ Couvreur-Zingueur Carmaux 81400, Albi 81000, Saint juery 81160, Marssac-sur-Tarn 81150","https://www.google.com/maps/place/ICZ+Couvreur-Zingueur+Carmaux+81400,+Albi+81000,+Saint+juery+81160,+Marssac-sur-Tarn+81150/data=!4m7!3m6!1s0x2357b547364dce89:0x61965616da333be!8m2!3d44.0466112!4d2.1104551!16s%2Fg%2F11sw0vdp5q!19sChIJic5NNke1VyMRvjOjbWFlGQY?authuser=0&hl=fr&rclk=1",5.0,31,Couvreur,·,,0631750219,https://iczcouvreurzingueur.wixsite.com/icz-artisan-couvreur,bardage,3,Albi,0631750219,2
bardage,Art et Toitures,https://www.google.com/maps/place/Art+et+Toitures/data=!4m7!3m6!1s0x12ade78a67e839d9:0xe7ed493e329646f3!8m2!3d43.9014299!4d2.1460867!16s%2Fg%2F11b6wl1fkr!19sChIJ2TnoZ4rnrRIR80aWMj5J7ec?authuser=0&hl=fr&rclk=1,4.9,44,Couvreur,155 Rte de Castres,,0986200428,https://www.art-et-toitures.fr/,bardage,6,Castres,0986200428,2
bardage,Janselme Garry couvreur 71 Chalon sur saone,https://www.google.com/maps/place/Janselme+Garry+couvreur+71+Chalon+sur+saone/data=!4m7!3m6!1s0x47f2fd01effa4bfd:0xeb0bb493ecf3d192!8m2!3d46.77836!4d4.8586699!16s%2Fg%2F11ssk2q_js!19sChIJ_Uv67wH98kcRktHz7JO0C-s?authuser=0&hl=fr&rclk=1,4.6,45,Couvreur,Quai Jules Chambion,,0359288296,https://www.janselme-garry-couvreur.fr/,bardage,3,Chalon-sur-Saône,0359288296,1
bardage,"Komilfo Miroiterie des Alpes à Gap - Pergolas, Stores, Fenêtres, Menuiseries","https://www.google.com/maps/place/Komilfo+Miroiterie+des+Alpes+%C3%A0+Gap+-+Pergolas,+Stores,+Fen%C3%AAtres,+Menuiseries/data=!4m7!3m6!1s0x12cb404f9053a36b:0x34250d5355ddbf2c!8m2!3d44.564843!4d6.100846!16s%2Fg%2F1ttthxz4!19sChIJa6NTkE9AyxIRLL_dVVMNJTQ?authuser=0&hl=fr&rclk=1",4.8,130,Menuisier,2 Boulevard d'Orient,,0492510213,https://www.google.com/aclk?sa=L&ai=DChsSEwihtefbjb6UAxUip2gJHf49NZUYACICCAEQARoCd2Y&co=1&ase=2&gclid=CjwKCAjwq6DQBhBVEiwA4ZD5XI--Fy7niWRKMLdGuX539TqdlJxYR9jpDxp0p8xJm-FRHBEf-3DZDxoCUZ4QAvD_BwE&cce=2&category=acrcp_v1_32&sig=AOD64_1uSxKYDKoEVLLpeDrGFA473PPpwQ&adurl&q&ctype=99&nis=6,bardage,3,Gap,0492510213,2
bardage,CD TOITURE,https://www.google.com/maps/place/CD+TOITURE/data=!4m7!3m6!1s0x12ae6db098de1c0f:0xb2bc81c520f9e637!8m2!3d43.5617533!4d2.1218883!16s%2Fg%2F11rsh2nlc0!19sChIJDxzemLBtrhIRN-b5IMWBvLI?authuser=0&hl=fr&rclk=1,5.0,30,Couvreur,756 Av. de Castres,,0650607002,,bardage,6,Castres,0650607002,2
bardage,Batif Arles,https://www.google.com/maps/place/Batif+Arles/data=!4m7!3m6!1s0x12b677411fca90df:0x7d77bc03eb2a4068!8m2!3d43.6693253!4d4.6018817!16s%2Fg%2F11v9xy28lx!19sChIJ35DKH0F3thIRaEAq6wO8d30?authuser=0&hl=fr&rclk=1,4.9,77,Couvreur,Av. de l'Abbé Pierre,,0619756823,https://www.batif.fr/,bardage,3,Arles,0619756823,2
bardage,Blondel Couverture - Couvreur zingueur Melun,https://www.google.com/maps/place/Blondel+Couverture+-+Couvreur+zingueur+Melun/data=!4m7!3m6!1s0x47e5fa651f17bd5b:0x2d9246b5f7fb002c!8m2!3d48.5394362!4d2.6617731!16s%2Fg%2F11ddxqgn8v!19sChIJW70XH2X65UcRLAD797VGki0?authuser=0&hl=fr&rclk=1,4.7,114,Couvreur,·,,0625825409,http://www.couvreurblondel.fr/,bardage,6,Melun,0625825409,2
bardage,COUVREUR KLIN à Bezons 95 dans le Val-d'Oise,https://www.google.com/maps/place/COUVREUR+KLIN+%C3%A0+Bezons+95+dans+le+Val-d%27Oise/data=!4m7!3m6!1s0x47e6643cb077d56d:0x36d885aface1460b!8m2!3d48.92773!4d2.2159687!16s%2Fg%2F11f6dlrzzz!19sChIJbdV3sDxk5kcRC0bhrK-F2DY?authuser=0&hl=fr&rclk=1,4.8,37,Couvreur,64 Rue Francis de Pressensé,,0658484462,https://www.klin-couvreur-95.fr/,bardage,3,Bezons,0658484462,1
bardage,Norman PRIN - Couvreur à Bezons,https://www.google.com/maps/place/Norman+PRIN+-+Couvreur+%C3%A0+Bezons/data=!4m7!3m6!1s0x47e665bcdc0dc80d:0x989730edc5b80e88!8m2!3d48.9360027!4d2.210309!16s%2Fg%2F11rfq17rql!19sChIJDcgN3Lxl5kcRiA64xe0wl5g?authuser=0&hl=fr&rclk=1,5.0,5,Couvreur,58 Rue Fernand Durbec,,0185537354,,bardage,3,Bezons,0185537354,1
bardage,couvreurs de Meudon m.godiche,https://www.google.com/maps/place/couvreurs+de+Meudon+m.godiche/data=!4m7!3m6!1s0x47e67b70c8528b49:0xb11f6b1ca152204a!8m2!3d48.7902315!4d2.212474!16s%2Fg%2F11fr3jj5c1!19sChIJSYtSyHB75kcRSiBSoRxrH7E?authuser=0&hl=fr&rclk=1,4.5,10,Couvreur,17 Rue Jeanne Braconnier,,0662411202,https://www.couvreur-92-godiche.fr/,bardage,3,Meudon,0662411202,2
chauffagiste,A2G- Plombier a Rennes,https://www.google.com/maps/place/A2G-+Plombier+a+Rennes/data=!4m7!3m6!1s0x12b5ec46e3a93d13:0x32c7afedc92fa78b!8m2!3d48.1205077!4d-1.6657872!16s%2Fg%2F1tg2gwcf!19sChIJEz2p40bstRIRi6cvye2vxzI?authuser=0&hl=fr&rclk=1,4.6,38,Plombier,Rue de Fougères bis 90,,0679621725,http://www.a2gplomberie.fr/,chauffagiste,3,Rennes,0679621725,2
chauffagiste,"RG Énergies 35 – Plomberie, Chauffage, Électricité – Cintré / Rennes.","https://www.google.com/maps/place/RG+%C3%89nergies+35+%E2%80%93+Plomberie,+Chauffage,+%C3%89lectricit%C3%A9+%E2%80%93+Cintr%C3%A9+%2F+Rennes./data=!4m7!3m6!1s0x411895cb48a663a3:0x81d2af3c3dbfa448!8m2!3d48.103808!4d-1.886057!16s%2Fg%2F11vf0zdf5g!19sChIJo2OmSMuVGEERSKS_PTyv0oE?authuser=0&hl=fr&rclk=1",5.0,12,Plombier,20 La Barbais,,0602521579,https://www.google.com/aclk?sa=L&ai=DChsSEwiV4-mZvL2UAxUojWgJHQetCOcYACICCAEQAhoCd2Y&co=1&ase=2&gclid=CjwKCAjwq6DQBhBVEiwA4ZD5XM465eYn_-Io2X0jXn45-R4sg3asVcT2J2FNWtuWfvgakc4tAgyY2hoCVhwQAvD_BwE&cce=2&category=acrcp_v1_32&sig=AOD64_0eJK8WX90Q3WZ_YGhfapB7QLVs6A&adurl&q&ctype=99&nis=6,chauffagiste,9,Rennes,0602521579,2
chauffagiste,LR ENERGY - Rennes Ouest,https://www.google.com/maps/place/LR+ENERGY+-+Rennes+Ouest/data=!4m7!3m6!1s0x480ee73c2839c2fb:0x449812f201dca785!8m2!3d48.21526!4d-1.776014!16s%2Fg%2F11yg8gk667!19sChIJ-8I5KDznDkgRhafcAfISmEQ?authuser=0&hl=fr&rclk=1,4.6,9,Chauffagiste,3 Rue des Entrepreneurs,,0230962571,https://www.google.com/aclk?sa=L&ai=DChsSEwip98XyvL2UAxXK8XkEHeQ4GN4YACICCAEQARoCd2Y&co=1&ase=2&gclid=CjwKCAjwq6DQBhBVEiwA4ZD5XMMVQ_F4xuz5welBXQ837s5rWSC5IupQbCdhCS5u0nmcqouSWAdLnhoCnQgQAvD_BwE&cce=2&category=acrcp_v1_32&sig=AOD64_1p7GHIEXaKnedU-k6AP7C_PZWimg&adurl&q&ctype=99&nis=6,chauffagiste,3,Rennes,0230962571,2
chauffagiste,"ELITHERME : Plombier, Chauffagiste, Électricien, Carreleur, Salle de bain - Rennes","https://www.google.com/maps/place/ELITHERME+:+Plombier,+Chauffagiste,+%C3%89lectricien,+Carreleur,+Salle+de+bain+-+Rennes/data=!4m7!3m6!1s0x480edfd2165da26d:0xea6d4a06c6b399a6!8m2!3d48.137999!4d-1.6722948!16s%2Fg%2F11k2k3vlfl!19sChIJbaJdFtLfDkgRppmzxgZKbeo?authuser=0&hl=fr&rclk=1",4.8,40,Plombier,4 All. de l'équinoxe,,0788076996,http://elitherme.fr/,chauffagiste,6,Rennes,0788076996,2
chauffagiste,Clim+ Rennes : Climatisation - Ventilation - Chauffage,https://www.google.com/maps/place/Clim%2B+Rennes+:+Climatisation+-+Ventilation+-+Chauffage/data=!4m7!3m6!1s0x480edf2fac07a845:0x557740e28846a07!8m2!3d48.1050604!4d-1.6291648!16s%2Fg%2F11fz9xtlfp!19sChIJRagHrC_fDkgRB2qEKA50VwU?authuser=0&hl=fr&rclk=1,4.7,26,Fournisseur de systèmes de climatisation,14 Rue de Bray,,0299227151,https://www.climplus.com/infos-agence/rennes-clim-5275,chauffagiste,9,Rennes,0299227151,2
chauffagiste,Urgence Plomberie Rennes,https://www.google.com/maps/place/Urgence+Plomberie+Rennes/data=!4m7!3m6!1s0x480f1f723b68ed43:0xcf056920f0c73dcf!8m2!3d48.0196889!4d-1.7078447!16s%2Fg%2F11g0tlf230!19sChIJQ-1oO3IfD0gRzz3H8CBpBc8?authuser=0&hl=fr&rclk=1,5.0,3,Plombier,2 Av. Colette Besson,,0663739066,http://www.plomberie-rennes.fr/,chauffagiste,6,Rennes,0663739066,2
chauffagiste,LAK plomberie Reims,https://www.google.com/maps/place/LAK+plomberie+Reims/data=!4m7!3m6!1s0x87288551cd6c26ed:0xdb3feed3be19023f!8m2!3d49.267999!4d4.02641!16s%2Fg%2F11tr_2wdgq!19sChIJ7SZszVGFKIcRPwIZvtPuP9s?authuser=0&hl=fr&rclk=1,5.0,99,Plombier,77 Rue Émile Zola,,0634451916,https://www.google.com/aclk?sa=L&ai=DChsSEwjYusWRvb2UAxVRf0ECHQjGF8kYACICCAEQARoCd3M&co=1&ase=2&gclid=CjwKCAjwq6DQBhBVEiwA4ZD5XAz8xdrCTlcakR5wSRoJ7W0X2lAyD3H-nBwnGpX0AQSWxDYvUsNBHxoC6-wQAvD_BwE&cce=2&category=acrcp_v1_32&sig=AOD64_2rHbIf38S40qVqZQVTM4DiaS6Ocg&adurl&q&ctype=99&nis=6,chauffagiste,6,Reims,0634451916,2
chauffagiste,REIMS PLOMBERIE Eurl Dumont Laurent,https://www.google.com/maps/place/REIMS+PLOMBERIE+Eurl+Dumont+Laurent/data=!4m7!3m6!1s0x47e97512831686af:0x9e40a6f23eacc221!8m2!3d49.2642366!4d4.0177106!16s%2Fg%2F1tfrwtr8!19sChIJr4YWgxJ16UcRIcKsPvKmQJ4?authuser=0&hl=fr&rclk=1,4.9,115,Plombier,·,,0628947342,http://www.reimsplomberie.net/,chauffagiste,6,Reims,0628947342,2
chauffagiste,Piskorski Bois & énergie Reims,https://www.google.com/maps/place/Piskorski+Bois+%26+%C3%A9nergie+Reims/data=!4m7!3m6!1s0x47e97522ecb56391:0xafa8772b73f78b81!8m2!3d49.2567157!4d3.9833792!16s%2Fg%2F11sn3vhdvy!19sChIJkWO17CJ16UcRgYv3cyt3qK8?authuser=0&hl=fr&rclk=1,4.9,699,Magasin de bois de chauffage,·,,0645830617,https://www.piskorski-bois-energie.fr/,chauffagiste,3,Reims,0645830617,2
chauffagiste,Rolesco Reims,https://www.google.com/maps/place/Rolesco+Reims/data=!4m7!3m6!1s0x47e976a96332b45d:0xf8c161725ebe1b1d!8m2!3d49.2178683!4d4.0699216!16s%2Fg%2F11f37ld158!19sChIJXbQyY6l26UcRHRu-XnJhwfg?authuser=0&hl=fr&rclk=1,4.8,11,Entrepreneur spécialisé dans les systèmes de CVC,10 bis Rue du Commerce,,0326612910,https://www.rolesco.fr/,chauffagiste,3,Reims,0326612910,2
chauffagiste,Etablissement Schuler | Couvreur à Reims Dépannage fuite,https://www.google.com/maps/place/Etablissement+Schuler+%7C+Couvreur+%C3%A0+Reims+D%C3%A9pannage+fuite/data=!4m7!3m6!1s0x47e975eafe73a27f:0xa87b9ff22249791f!8m2!3d49.2594128!4d4.0445243!16s%2Fg%2F11m_m38kbl!19sChIJf6Jz_up16UcRH3lJIvKfe6g?authuser=0&hl=fr&rclk=1,4.7,114,Couvreur,69 bis Av. Jean Jaurès,,0678815767,http://reims-couvreur.fr/,bardage,6,Reims,0678815767,2
chauffagiste,APC - ANGERS PLOMBERIE CHAUFFAGE,https://www.google.com/maps/place/APC+-+ANGERS+PLOMBERIE+CHAUFFAGE/data=!4m7!3m6!1s0x48087920f2a6385d:0x98aaf19e5144db57!8m2!3d47.3894391!4d-0.559822!16s%2Fg%2F11fhl3yqqd!19sChIJXTim8iB5CEgRV9tEUZ7xqpg?authuser=0&hl=fr&rclk=1,4.6,50,Chauffagiste,,,0647286951,,chauffagiste,9,Angers,0647286951,2
chauffagiste,Entreprise Le Mener - Plombier Chauffagiste - Angers,https://www.google.com/maps/place/Entreprise+Le+Mener+-+Plombier+Chauffagiste+-+Angers/data=!4m7!3m6!1s0x480879d7317a77bd:0x320e9761a733b907!8m2!3d47.5071666!4d-0.5081458!16s%2Fg%2F11q43nwtg2!19sChIJvXd6Mdd5CEgRB7kzp2GXDjI?authuser=0&hl=fr&rclk=1,4.7,39,Chauffagiste,·,,0241257400,http://www.lemener.fr/,chauffagiste,6,Angers,0241257400,2
chauffagiste,Societe Nicolas HUCHET,https://www.google.com/maps/place/Societe+Nicolas+HUCHET/data=!4m7!3m6!1s0x48087a2e619c565f:0x1bf8adfce645e1a2!8m2!3d47.5080218!4d-0.5158786!16s%2Fg%2F11btlsq77p!19sChIJX1acYS56CEgRouFF5vyt-Bs?authuser=0&hl=fr&rclk=1,4.9,129,Chauffagiste,25 bis Rte d'Angers,,0241937439,https://www.nicolas-huchet.fr/,chauffagiste,3,Angers,0241937439,2
chauffagiste,Bicycl'eau Angers - Votre plombier à vélo (dépannage et installation),https://www.google.com/maps/place/Bicycl%27eau+Angers+-+Votre+plombier+%C3%A0+v%C3%A9lo+%28d%C3%A9pannage+et+installation%29/data=!4m7!3m6!1s0x25030197c7fa8b5:0x36123c1b3675e193!8m2!3d47.4713371!4d-0.5235602!16s%2Fg%2F11lcq2mnrx!19sChIJtah_fBkwUAIRk-F1Nhs8EjY?authuser=0&hl=fr&rclk=1,5.0,94,Plombier,"Ateliers partagés Pepina, 6 Rue Guillaume Lekeu",,0651782923,http://www.angers.bicycleau.fr/,chauffagiste,3,Angers,0651782923,2
chauffagiste,"Poêle, insert, chaudière - MJ Poêle Angers","https://www.google.com/maps/place/Po%C3%AAle,+insert,+chaudi%C3%A8re+-+MJ+Po%C3%AAle+Angers/data=!4m7!3m6!1s0x480879aed0ec793b:0x545e612451c0c339!8m2!3d47.4755669!4d-0.5203582!16s%2Fg%2F11fpgh0v8q!19sChIJO3ns0K55CEgROcPAUSRhXlQ?authuser=0&hl=fr&rclk=1",4.6,286,Magasin de poêles à bois,·,,0243968655,https://mj-poele.fr/,chauffagiste,3,Angers,0243968655,2
chauffagiste,Froid Express - Frigoriste - Pompe à Chaleur Le Mans 72,https://www.google.com/maps/place/Froid+Express+-+Frigoriste+-+Pompe+%C3%A0+Chaleur+Le+Mans+72/data=!4m7!3m6!1s0x47e2889b6965fa25:0x78eab19b55fd4924!8m2!3d47.9495122!4d0.180693!16s%2Fg%2F1tvdj24d!19sChIJJfplaZuI4kcRJEn9VZux6ng?authuser=0&hl=fr&rclk=1,4.8,213,Chauffagiste,·,,0243248017,http://www.froid-express.fr/,chauffagiste,6,Le Mans,0243248017,2
chauffagiste,Téréva Le Mans,https://www.google.com/maps/place/T%C3%A9r%C3%A9va+Le+Mans/data=!4m7!3m6!1s0x47e28f636eee28b3:0xc8e1e514f907a777!8m2!3d47.972736!4d0.170153!16s%2Fg%2F1tdmjs4q!19sChIJsyjubmOP4kcRd6cH-RTl4cg?authuser=0&hl=fr&rclk=1,4.6,16,Fournisseur d'équipements de chauffage,·,,0243502600,https://www.tereva.fr/document/A-540098-tereva-agence-tereva-le-mans,chauffagiste,3,Le Mans,0243502600,2
chauffagiste,TN Plomberie Tours,https://www.google.com/maps/place/TN+Plomberie+Tours/data=!4m7!3m6!1s0x61ab2e59ca0a5bd1:0x64a1cf24f5b1b26c!8m2!3d47.3831964!4d0.6826601!16s%2Fg%2F11rgx1c5nz!19sChIJ0VsKylkuq2ERbLKx9STPoWQ?authuser=0&hl=fr&rclk=1,4.8,95,Plombier,14 Rue du Général Faidherbe,,0988018965,,chauffagiste,6,Tours,0988018965,2
chauffagiste,Energie Pajon Confort - Climatisation à Tours nord,https://www.google.com/maps/place/Energie+Pajon+Confort+-+Climatisation+%C3%A0+Tours+nord/data=!4m7!3m6!1s0x47e32b3565dcd6b5:0x9d057f11f55649a8!8m2!3d47.4586465!4d0.7113534!16s%2Fg%2F11fn7lc70x!19sChIJtdbcZTUr40cRqElW9RF_BZ0?authuser=0&hl=fr&rclk=1,4.7,44,Chauffagiste,16 Rue de l'Égalité,,0246678832,http://www.e-p-c-37.com/,chauffagiste,6,Tours,0246678832,2
chauffagiste,ALLTHERMIC - Tours,https://www.google.com/maps/place/ALLTHERMIC+-+Tours/data=!4m7!3m6!1s0x47fcd6a8efcd6969:0x670f7962aa3a7228!8m2!3d47.3652069!4d0.7270519!16s%2Fg%2F11b6dgjrkt!19sChIJaWnN76jW_EcRKHI6qmJ5D2c?authuser=0&hl=fr&rclk=1,5.0,9,Chauffagiste,·,,0247520041,,chauffagiste,3,Tours,0247520041,2
chauffagiste,Rolesco Tours,https://www.google.com/maps/place/Rolesco+Tours/data=!4m7!3m6!1s0x47fcd7f9d223a21f:0x5fec9eafa1c66c2f!8m2!3d47.3341571!4d0.6977749!16s%2Fg%2F11k18735c_!19sChIJH6Ij0vnX_EcRL2zGoa-e7F8?authuser=0&hl=fr&rclk=1,5.0,9,Fournisseur de systèmes de climatisation,24 Rue Michael Faraday,,0247210734,https://www.rolesco.fr/,chauffagiste,3,Tours,0247210734,2
chauffagiste,Celsius Vadala: Climatisation - Pompe à chaleur - Plomberie - Chauffage - 37 - Tours - Chinon - Installation,https://www.google.com/maps/place/Celsius+Vadala:+Climatisation+-+Pompe+%C3%A0+chaleur+-+Plomberie+-+Chauffage+-+37+-+Tours+-+Chinon+-+Installation/data=!4m7!3m6!1s0x47fd28fd29e9fa65:0x48e3e16e0967fc6!8m2!3d47.269211!4d0.47224!16s%2Fg%2F1tqnkz_5!19sChIJZfrpKf0o_UcRxn-W4BY-jgQ?authuser=0&hl=fr&rclk=1,4.9,109,Entrepreneur spécialisé dans les systèmes de CVC,"III, ZA LA LOGE, 2 All. Chalmin",,0247531621,http://www.froid-pompeachaleur.fr/,chauffagiste,15,Tours,0247531621,2
chauffagiste,MH Plomberie Tours,https://www.google.com/maps/place/MH+Plomberie+Tours/data=!4m7!3m6!1s0x47fcd5d3ca6724bd:0x6b6223e8be1aff92!8m2!3d47.6608209!4d1.3044368!16s%2Fg%2F11hf7kxdgc!19sChIJvSRnytPV_EcRkv8avugjYms?authuser=0&hl=fr&rclk=1,4.8,85,Plombier,·,,0668422317,,chauffagiste,6,Tours,0668422317,2
chauffagiste,REM Plomberie & Chauffage - Amiens,https://www.google.com/maps/place/REM+Plomberie+%26+Chauffage+-+Amiens/data=!4m7!3m6!1s0x47e78756864a7825:0xb0f51bf2bdcac99f!8m2!3d49.9145757!4d2.3015068!16s%2Fg%2F11t516p2p8!19sChIJJXhKhlaH50cRn8nKvfIb9bA?authuser=0&hl=fr&rclk=1,4.9,43,Chauffagiste,2 All. de la Belle Saison,,0625999883,http://www.rem-plomberie-amiens.fr/,chauffagiste,9,Amiens,0625999883,2
chauffagiste,H2eau plomberie - chauffage - dépannage - recherche de fuite enterrée - climatisation,https://www.google.com/maps/place/H2eau+plomberie+-+chauffage+-+d%C3%A9pannage+-+recherche+de+fuite+enterr%C3%A9e+-+climatisation/data=!4m7!3m6!1s0xd5932cf56dfeab7:0xb10359cdaf65603b!8m2!3d49.8829518!4d2.3299262!16s%2Fg%2F11kk07rjtl!19sChIJt-rfVs8yWQ0RO2Blr81ZA7E?authuser=0&hl=fr&rclk=1,5.0,105,Chauffagiste,"H2eau.amiens@gmail.com, 71 Rue de l'Étoile",,0745185282,,chauffagiste,12,Amiens,0745185282,2
chauffagiste,PARTEDIS Pièces Détachées - Limoges,https://www.google.com/maps/place/PARTEDIS+Pi%C3%A8ces+D%C3%A9tach%C3%A9es+-+Limoges/data=!4m7!3m6!1s0x47f935734ba93ced:0xac47d6586b19b84e!8m2!3d45.8771041!4d1.2836924!16s%2Fg%2F11g8vpn99_!19sChIJ7TypS3M1-UcRTrgZa1jWR6w?authuser=0&hl=fr&rclk=1,4.6,12,Fournisseur d'équipements de chauffage,·,,0555024175,http://www.partedis.com/agence/limoges-pieces-detachees/,chauffagiste,3,Limoges,0555024175,3
chauffagiste,A Poêle Limoges,https://www.google.com/maps/place/A+Po%C3%AAle+Limoges/data=!4m7!3m6!1s0x47f935df4f0a8cab:0xfc5f3b25a6cc5081!8m2!3d45.8851076!4d1.2907953!16s%2Fg%2F11nsv9nvgr!19sChIJq4wKT981-UcRgVDMpiU7X_w?authuser=0&hl=fr&rclk=1,4.8,268,Chauffagiste,·,,0544201947,https://www.apoele-limoges.fr/,chauffagiste,3,Limoges,0544201947,3
chauffagiste,Rolesco Limoges,https://www.google.com/maps/place/Rolesco+Limoges/data=!4m7!3m6!1s0x47f9356d5b6d99a9:0xae09379c565e249d!8m2!3d45.8787597!4d1.2786568!16s%2Fg%2F11bbyh3d0g!19sChIJqZltW201-UcRnSReVpw3Ca4?authuser=0&hl=fr&rclk=1,4.5,16,Entrepreneur spécialisé dans les systèmes de CVC,54 Rue Nicolas Appert,,0555490077,https://www.rolesco.fr/,chauffagiste,3,Limoges,0555490077,3
chauffagiste,CLIMAX - Climatisation à Perpignan,https://www.google.com/maps/place/CLIMAX+-+Climatisation+%C3%A0+Perpignan/data=!4m7!3m6!1s0x12b06f22e9b78c55:0x65a423e8b19a8ee8!8m2!3d42.7315999!4d2.9064697!16s%2Fg%2F11c1v0m8p9!19sChIJVYy36SJvsBIR6I6asegjpGU?authuser=0&hl=fr&rclk=1,4.9,98,Entrepreneur spécialisé dans les systèmes de CVC,248 Rue Ettore Bugatti,,0468525280,https://climax-perpignan.fr/,chauffagiste,6,Perpignan,0468525280,2
chauffagiste,Baille Climatisation Perpignan,https://www.google.com/maps/place/Baille+Climatisation+Perpignan/data=!4m7!3m6!1s0x260905d9b4bd5b83:0x1384b49e89009d24!8m2!3d42.6987436!4d2.9451938!16s%2Fg%2F11lf4gvryg!19sChIJg1u9tNkFCSYRJJ0AiZ60hBM?authuser=0&hl=fr&rclk=1,5.0,28,Service de réparation de systèmes de climatisation,11 Rue georges lavagne,,0781323356,https://www.bailleclimatisation.fr/,chauffagiste,3,Perpignan,0781323356,2
chauffagiste,"Renov&Sun - Photovoltaïque, Chauffage, Climatisation & Rénovation énergétique à Perpignan","https://www.google.com/maps/place/Renov%26Sun+-+Photovolta%C3%AFque,+Chauffage,+Climatisation+%26+R%C3%A9novation+%C3%A9nerg%C3%A9tique+%C3%A0+Perpignan/data=!4m7!3m6!1s0x12b0714b05d2123b:0x28c09d21a8f1c748!8m2!3d42.6679997!4d2.9171976!16s%2Fg%2F11x1_716nw!19sChIJOxLSBUtxsBIRSMfxqCGdwCg?authuser=0&hl=fr&rclk=1",5.0,19,Entreprise d'énergie solaire,·,,0468072677,https://www.renovandsun.com/,chauffagiste,6,Perpignan,0468072677,2
chauffagiste,SARP - SOUCAS Perpignan,https://www.google.com/maps/place/SARP+-+SOUCAS+Perpignan/data=!4m7!3m6!1s0x12b06f6a8dc1ab1d:0xf86ee373d7e82bfe!8m2!3d42.7305171!4d2.8725555!16s%2Fg%2F11j8zs4s7s!19sChIJHavBjWpvsBIR_ivo13Pjbvg?authuser=0&hl=fr&rclk=1,5.0,42,Plombier,·,,0468546978,https://agence.sarp-assainissement.fr/167-soucas-perpignan,chauffagiste,3,Perpignan,0468546978,2
chauffagiste,Allo Débouchage Perpignan - Débouchage canalisations,https://www.google.com/maps/place/Allo+D%C3%A9bouchage+Perpignan+-+D%C3%A9bouchage+canalisations/data=!4m7!3m6!1s0x12b06fa9605500c7:0xc40bff19152a9bdd!8m2!3d42.6835304!4d2.9021482!16s%2Fg%2F11rq7s96y8!19sChIJxwBVYKlvsBIR3ZsqFRn_C8Q?authuser=0&hl=fr&rclk=1,4.9,69,Plombier,7 Pass. de l'Université,,0763643905,https://www.allodebouchage.com/nos-zones-dintervention/occitanie/66-pyrenees-orientales/perpignan/,chauffagiste,3,Perpignan,0763643905,2
chauffagiste,AZ Dépannage Plomberie Chauffage Besançon,https://www.google.com/maps/place/AZ+D%C3%A9pannage+Plomberie+Chauffage+Besan%C3%A7on/data=!4m7!3m6!1s0x68722da109d94b85:0x14e6f60c812e220b!8m2!3d47.2373367!4d6.0082032!16s%2Fg%2F11y5vgt9xq!19sChIJhUvZCaEtcmgRCyIugQz25hQ?authuser=0&hl=fr&rclk=1,4.9,65,Chauffagiste,·,,0665495815,https://adilzakaryanahnah.wixsite.com/my-site-1,chauffagiste,9,Besançon,0665495815,2
chauffagiste,LERICHE Energies Renouvelables Solutions chauffagiste climaticien pompe à chaleur climatisation à La Rochelle,https://www.google.com/maps/place/LERICHE+Energies+Renouvelables+Solutions+chauffagiste+climaticien+pompe+%C3%A0+chaleur+climatisation+%C3%A0+La+Rochelle/data=!4m7!3m6!1s0x48015560715b1f61:0x8a870d7a6c04a637!8m2!3d46.165029!4d-1.19264!16s%2Fg%2F11tp16m6z_!19sChIJYR9bcWBVAUgRN6YEbHoNh4o?authuser=0&hl=fr&rclk=1,4.9,36,Chauffagiste,61 Avenue Denfert-Rochereau,,0516590362,https://www.google.com/aclk?sa=L&ai=DChsSEwicsor6v72UAxUekWgJHSa8Gg4YACICCAEQAxoCd2Y&co=1&ase=2&gclid=CjwKCAjwq6DQBhBVEiwA4ZD5XCbq6YnUhjlTzbSmyUVHtX7TKFfEfPvvTRw3wc0TjV_nWEPwAcJUMBoC5agQAvD_BwE&cce=2&category=acrcp_v1_32&sig=AOD64_299GCyINJ7skW6IT4bW8keenzJWw&adurl&q&ctype=99&nis=6,chauffagiste,9,La Rochelle,0516590362,2
chauffagiste,Clim+ La Rochelle : Climatisation - Ventilation - Chauffage,https://www.google.com/maps/place/Clim%2B+La+Rochelle+:+Climatisation+-+Ventilation+-+Chauffage/data=!4m7!3m6!1s0x48014de355bdb0e1:0xe86cb9d3e478d482!8m2!3d46.1576337!4d-1.1078895!16s%2Fg%2F11b5ys4w56!19sChIJ4bC9VeNNAUgRgtR45NO5bOg?authuser=0&hl=fr&rclk=1,4.6,14,Fournisseur de systèmes de climatisation,Av. Joliot-Curie,,0546565401,https://www.climplus.com/infos-agence/clim-la-rochelle-4419,chauffagiste,9,La Rochelle,0546565401,2
chauffagiste,"MAXENERGIES - Pompes à chaleur, chaudières, climatisation La Rochelle","https://www.google.com/maps/place/MAXENERGIES+-+Pompes+%C3%A0+chaleur,+chaudi%C3%A8res,+climatisation+La+Rochelle/data=!4m7!3m6!1s0x480153213f9858c5:0x43be688076655afb!8m2!3d46.157095!4d-1.1056869!16s%2Fg%2F11lrfwlzvx!19sChIJxViYPyFTAUgR-1pldoBovkM?authuser=0&hl=fr&rclk=1",4.6,9,Chauffagiste,·,,0698293498,http://www.maxenergies.fr/,chauffagiste,9,La Rochelle,0698293498,2
chauffagiste,AS CHAUFFAGE - Dépannage de chaudière à Teurthéville-Bocage près de Cherbourg-en-Cotentin,https://www.google.com/maps/place/AS+CHAUFFAGE+-+D%C3%A9pannage+de+chaudi%C3%A8re+%C3%A0+Teurth%C3%A9ville-Bocage+pr%C3%A8s+de+Cherbourg-en-Cotentin/data=!4m7!3m6!1s0x480b63c6b206a6a3:0xda821b9b928750a8!8m2!3d49.5971104!4d-1.4087657!16s%2Fg%2F11mv5f5rcz!19sChIJo6YGssZjC0gRqFCHkpsbgto?authuser=0&hl=fr&rclk=1,5.0,24,Chauffagiste,12 La Clerauderie,,0663020194,https://www.as-chauffage.fr/,chauffagiste,9,Cherbourg-en-Cotentin,0663020194,2
chauffagiste,ARKAM Plomberie et climatisation Béziers,https://www.google.com/maps/place/ARKAM+Plomberie+et+climatisation+B%C3%A9ziers/data=!4m7!3m6!1s0x42d91962d0a872f1:0xf66b8e6d937c522a!8m2!3d43.348103!4d3.234228!16s%2Fg%2F11lyz2l8cj!19sChIJ8XKo0GIZ2UIRKlJ8k22Oa_Y?authuser=0&hl=fr&rclk=1,4.8,24,Chauffagiste,·,,0774550823,,chauffagiste,9,Béziers,0774550823,2
chauffagiste,"Plombier Trav'eau Renov Saint Nazaire Dépannage, Chauffe-Eau Rénovation Salle de Bains","https://www.google.com/maps/place/Plombier+Trav%27eau+Renov+Saint+Nazaire+D%C3%A9pannage,+Chauffe-Eau+R%C3%A9novation+Salle+de+Bains/data=!4m7!3m6!1s0x4805693a8ccce351:0x9b281f0ad9681edc!8m2!3d47.3113534!4d-2.3246799!16s%2Fg%2F11qp56zvnw!19sChIJUePMjDppBUgR3B5o2QofKJs?authuser=0&hl=fr&rclk=1",4.9,436,Chauffagiste,·,,0624060604,https://www.plombierdepannage44600.fr/?utm_source=gmb,chauffagiste,6,Saint-Nazaire,0624060604,2
chauffagiste,NEO-RESSOURCES Bourges,https://www.google.com/maps/place/NEO-RESSOURCES+Bourges/data=!4m7!3m6!1s0x47fa958ab7740ab5:0x534dded79dcac205!8m2!3d47.0802371!4d2.3913763!16s%2Fg%2F11sfrt062n!19sChIJtQp0t4qV-kcRBcLKndfeTVM?authuser=0&hl=fr&rclk=1,4.6,29,Chauffagiste,93 Rue d'Auron,,0246969560,,chauffagiste,3,Bourges,0246969560,2
chauffagiste,Litka vmc neuilly sur seine - installation vmc - nettoyage vmc,https://www.google.com/maps/place/Litka+vmc+neuilly+sur+seine+-+installation+vmc+-+nettoyage+vmc/data=!4m7!3m6!1s0x47e665a0eb63a2b1:0x40ad0b367730f4af!8m2!3d48.8829044!4d2.2710469!16s%2Fg%2F11vl381j8n!19sChIJsaJj66Bl5kcRr_QwdzYLrUA?authuser=0&hl=fr&rclk=1,5.0,18,Service de nettoyage de conduits de ventilation,17 Rue Saint-Pierre,,0184202940,http://litka-vmc-neuilly-sur-seine.com/,chauffagiste,3,Neuilly-sur-Seine,0184202940,2
chauffagiste,Aidotravo Pessac,https://www.google.com/maps/place/Aidotravo+Pessac/data=!4m7!3m6!1s0xd54d900f278738d:0x500948e8f8c58498!8m2!3d44.801787!4d-0.662608!16s%2Fg%2F11q48dv04x!19sChIJjXN48gDZVA0RmITF-OhICVA?authuser=0&hl=fr&rclk=1,5.0,51,Chauffagiste,5 All. Léon Tolstoï,,0626466757,http://aidotravo.fr/?utm_source=gmb,chauffagiste,3,Pessac,0626466757,2
chauffagiste,Maison Butaud - Vénissieux,https://www.google.com/maps/place/Maison+Butaud+-+V%C3%A9nissieux/data=!4m7!3m6!1s0x47f4c2028f2ed42d:0x6ab85f1042013c51!8m2!3d45.710382!4d4.8661655!16s%2Fg%2F1w96g296!19sChIJLdQujwLC9EcRUTwBQhBfuGo?authuser=0&hl=fr&rclk=1,4.7,68,Plombier,·,,0478743136,https://www.jean-butaud.fr/?utm_source=gmb,chauffagiste,3,Vénissieux,0478743136,2
chauffagiste,PCM Habitat Plomberie Chauffage Pompe à chaleur Lorient,https://www.google.com/maps/place/PCM+Habitat+Plomberie+Chauffage+Pompe+%C3%A0+chaleur+Lorient/data=!4m7!3m6!1s0x48105f76220c5dc9:0xe8a2e0a445672433!8m2!3d47.789307!4d-3.332004!16s%2Fg%2F11jbp128kf!19sChIJyV0MInZfEEgRMyRnRaTgoug?authuser=0&hl=fr&rclk=1,4.4,128,Plombier,200 Rue François Groult,,0255990007,https://www.google.com/aclk?sa=L&ai=DChsSEwidj4TVwr2UAxVCi2gJHaJtKIoYACICCAEQABoCd2Y&co=1&ase=2&gclid=CjwKCAjwq6DQBhBVEiwA4ZD5XCMsLxbL_n9hfDuZOYdSCM6TXR3Bb8ySlMp6LyBSU5oJaqV-W9ajZhoC3E4QAvD_BwE&cce=2&category=acrcp_v1_32&sig=AOD64_1_UogivGgQtKGuRzHgg-kadqDXeA&adurl&q&ctype=99&nis=6,chauffagiste,12,Lorient,0255990007,2
chauffagiste,Rexel Hyeres,https://www.google.com/maps/place/Rexel+Hyeres/data=!4m7!3m6!1s0x12c923eeab255805:0x75f2ae940fc70622!8m2!3d43.1085938!4d6.1056021!16s%2Fg%2F11gy1lpt88!19sChIJBVglq-4jyRIRIgbHD5Su8nU?authuser=0&hl=fr&rclk=1,4.9,14,Fournisseur d'équipements de chauffage,·,,0494007040,http://www.rexel.fr/frx,chauffagiste,3,Hyères,0494007040,2
chauffagiste,HOMMAGES Pompes Funèbres - Hyères - URGENCE Décès PACA 24H/7J,https://www.google.com/maps/place/HOMMAGES+Pompes+Fun%C3%A8bres+-+Hy%C3%A8res+-+URGENCE+D%C3%A9c%C3%A8s+PACA+24H%2F7J/data=!4m7!3m6!1s0x12c92337dce9f8f5:0x85f8d155cecd23d!8m2!3d43.1214492!4d6.1315135!16s%2Fg%2F11fmp7mqhs!19sChIJ9fjp3DcjyRIRPdLsXBWNXwg?authuser=0&hl=fr&rclk=1,4.9,124,Entreprise de pompes funèbres,·,,0483421962,https://www.pompes-funebres-varoises.fr/,chauffagiste,3,Hyères,0483421962,2
chauffagiste,ALEXPERIMMO DIAGNOSTIC & EXPERTISES HYERES VAR PACA,https://www.google.com/maps/place/ALEXPERIMMO+DIAGNOSTIC+%26+EXPERTISES+HYERES+VAR+PACA/data=!4m7!3m6!1s0x12c923a049f1d217:0xb0c4e5e3ca2d143!8m2!3d43.1248138!4d6.1302773!16s%2Fg%2F11_dqy0h8!19sChIJF9LxSaAjyRIRQ9GiPF5ODAs?authuser=0&hl=fr&rclk=1,4.9,100,Expert immobilier,6 Mnt de Noailles,,0658281789,http://www.alexperimmo.fr/?utm_source=gmb,chauffagiste,3,Hyères,0658281789,2
chauffagiste,Clim+ Pantin : Climatisation - Ventilation - Chauffage,https://www.google.com/maps/place/Clim%2B+Pantin+:+Climatisation+-+Ventilation+-+Chauffage/data=!4m7!3m6!1s0x47e66d52a5079a43:0xb9d6df71166a3df4!8m2!3d48.9016195!4d2.4175789!16s%2Fg%2F11ft423hmt!19sChIJQ5oHpVJt5kcR9D1qFnHf1rk?authuser=0&hl=fr&rclk=1,5.0,88,Fournisseur de systèmes de climatisation,110 bis Av. du Général Leclerc,,0156960692,https://www.climplus.com/infos-agence/pantin-clim-5452,chauffagiste,9,Pantin,0156960692,2
chauffagiste,Pereira Plombier Meaux,https://www.google.com/maps/place/Pereira+Plombier+Meaux/data=!4m7!3m6!1s0x47e8a1c62cde2abd:0x5a33a9ca1a6f6b70!8m2!3d48.9660583!4d2.9135128!16s%2Fg%2F11hf19vn06!19sChIJvSreLMah6EcRcGtvGsqpM1o?authuser=0&hl=fr&rclk=1,4.8,144,Chauffagiste,·,,0673878861,https://pereiraplomberiechauffage.fr/,chauffagiste,6,Meaux,0673878861,2
chauffagiste,Cheminées Seguin Meaux - Adopte une Flamme,https://www.google.com/maps/place/Chemin%C3%A9es+Seguin+Meaux+-+Adopte+une+Flamme/data=!4m7!3m6!1s0x47e8a1222bc40001:0xb561e82aae060da6!8m2!3d48.942813!4d2.8791636!16s%2Fg%2F11ggkf6spk!19sChIJAQDEKyKh6EcRpg0GriroYbU?authuser=0&hl=fr&rclk=1,4.5,54,Fournisseur d'équipements de chauffage,·,,0160382726,https://www.seguin-meaux.com/,chauffagiste,3,Meaux,0160382726,2
chauffagiste,Plombier Sevran - BDS SERVICE,https://www.google.com/maps/place/Plombier+Sevran+-+BDS+SERVICE/data=!4m7!3m6!1s0x47e617a92b217ec5:0x2b29ace242c047c7!8m2!3d48.9411527!4d2.5301542!16s%2Fg%2F11xgj6j5_l!19sChIJxX4hK6kX5kcRx0fAQuKsKSs?authuser=0&hl=fr&rclk=1,4.8,19,Chauffagiste,18 Rue Henri Martin,,0783288076,,chauffagiste,6,Sevran,0783288076,2
chauffagiste,ARTISAN PLOMBIER VINCENNES E.L.P.F ASSISTANCE,https://www.google.com/maps/place/ARTISAN+PLOMBIER+VINCENNES+E.L.P.F+ASSISTANCE/data=!4m7!3m6!1s0x47e672abee5a6c0b:0x33dbf00f4bde60cd!8m2!3d48.8497275!4d2.4516659!16s%2Fg%2F119twyh5l!19sChIJC2xa7qty5kcRzWDeSw_w2zM?authuser=0&hl=fr&rclk=1,4.8,139,Plombier,160 Rue de la Jarry,,0143744060,http://artisan-plombier-vincennes.fr/,chauffagiste,3,Vincennes,0143744060,2
chauffagiste,Donald plombier clamart,https://www.google.com/maps/place/Donald+plombier+clamart/data=!4m7!3m6!1s0x47e67be40ec66393:0xc2ed9fa624171864!8m2!3d48.8099443!4d2.2674044!16s%2Fg%2F11x8v2zm9x!19sChIJk2PGDuR75kcRZBgXJKaf7cI?authuser=0&hl=fr&rclk=1,5.0,4,Plombier,90 Rue du Moulin de Pierre,,0756946789,https://www.societe.com/societe/monsieur-clamart-donald-plombier-939267233.html,chauffagiste,3,Clamart,0756946789,2
chauffagiste,Therma Pro | Plombier Chauffagiste Climatiseur à Martigues,https://www.google.com/maps/place/Therma+Pro+%7C+Plombier+Chauffagiste+Climatiseur+%C3%A0+Martigues/data=!4m7!3m6!1s0x2d7d82e1f766dbbd:0x8242cf6d9bd4ee70!8m2!3d43.3917162!4d5.0356763!16s%2Fg%2F11rzgpm44y!19sChIJvdtm9-GCfS0RcO7Um23PQoI?authuser=0&hl=fr&rclk=1,4.6,18,Chauffagiste,12 Rue Vaucanson,,0647452374,https://thermapro.fr/,chauffagiste,6,Martigues,0647452374,2
chauffagiste,SMCE Société Martégale de Climatisation & d'électricité martigues Fos Sur Mer istres,https://www.google.com/maps/place/SMCE+Soci%C3%A9t%C3%A9+Mart%C3%A9gale+de+Climatisation+%26+d%27%C3%A9lectricit%C3%A9+martigues+Fos+Sur+Mer+istres/data=!4m7!3m6!1s0x12b620383b97e77b:0x6d59cf478eb9a644!8m2!3d43.3557986!4d5.0291251!16s%2Fg%2F11g9mbl9wl!19sChIJe-eXOzggthIRRKa5jkfPWW0?authuser=0&hl=fr&rclk=1,5.0,74,Chauffagiste,"QUARTIER DES, Rue des Laurons",,0442430322,,chauffagiste,6,Martigues,0442430322,2
chauffagiste,AC Services et Énergies Chauffage - Climatisation - Plomberie Martigues,https://www.google.com/maps/place/AC+Services+et+%C3%89nergies+Chauffage+-+Climatisation+-+Plomberie+Martigues/data=!4m7!3m6!1s0x12c9e1279f967f2b:0xf87a684b374c8f2c!8m2!3d43.3904257!4d5.139717!16s%2Fg%2F11vf8rkhmq!19sChIJK3-WnyfhyRIRLI9MN0toevg?authuser=0&hl=fr&rclk=1,5.0,25,Plombier,29 Av. de Lardière,,0618184645,https://www.ac-services-energies.com/,chauffagiste,12,Martigues,0618184645,2
chauffagiste,OuiENR - Climatisation - Pompe à chaleur - Electricité à Martigues,https://www.google.com/maps/place/OuiENR+-+Climatisation+-+Pompe+%C3%A0+chaleur+-+Electricit%C3%A9+%C3%A0+Martigues/data=!4m7!3m6!1s0x12b61fd8380f1bc5:0xd498bebe489ef5d6!8m2!3d43.4156355!4d5.0306605!16s%2Fg%2F11vz2pl82s!19sChIJxRsPONgfthIR1vWeSL6-mNQ?authuser=0&hl=fr&rclk=1,5.0,4,Fournisseur de systèmes de climatisation,47 Bd des Espigau,,0629695025,https://ouienr.com/,chauffagiste,6,Martigues,0629695025,2
chauffagiste,SONEPAR CLIMATE SOLUTIONS MARTIGUES : Distributeur de pompes à chaleur,https://www.google.com/maps/place/SONEPAR+CLIMATE+SOLUTIONS+MARTIGUES+:+Distributeur+de+pompes+%C3%A0+chaleur/data=!4m7!3m6!1s0x12b61f36e685978f:0x78e0dc20a4915f2e!8m2!3d43.3986952!4d5.0389443!16s%2Fg%2F11gl289yrl!19sChIJj5eF5jYfthIRLl-RpCDc4Hg?authuser=0&hl=fr&rclk=1,4.5,15,Fournisseur de systèmes de climatisation,25 Av. José Nobre,,0486570925,https://climate.sonepar.fr/,chauffagiste,3,Martigues,0486570925,2
chauffagiste,Ça Bûche! - Bois de chauffage Saint Brieuc,https://www.google.com/maps/place/%C3%87a+B%C3%BBche!+-+Bois+de+chauffage+Saint+Brieuc/data=!4m7!3m6!1s0x4811e326b1f22855:0x96d99e509ef7dc7f!8m2!3d48.4700131!4d-2.8018801!16s%2Fg%2F11gr710ls7!19sChIJVSjysSbjEUgRf9z3nlCe2ZY?authuser=0&hl=fr&rclk=1,4.9,277,Magasin de bois de chauffage,·,,0296730318,https://www.cabuche.fr/?utm_source=gmb,chauffagiste,3,Saint-Brieuc,0296730318,2
chauffagiste,ARTISANS CHALON-SUR-SAONE PAC CLIM PANNEAUX SOLAIRES PHOTOVOLTAIQUES - AXENTIS GROUPE SAS,https://www.google.com/maps/place/ARTISANS+CHALON-SUR-SAONE+PAC+CLIM+PANNEAUX+SOLAIRES+PHOTOVOLTAIQUES+-+AXENTIS+GROUPE+SAS/data=!4m7!3m6!1s0x47f2fd5238c44b25:0xfc81c32a57e6b67d!8m2!3d46.779194!4d4.8522728!16s%2Fg%2F11ydhmj27h!19sChIJJUvEOFL98kcRfbbmVyrDgfw?authuser=0&hl=fr&rclk=1,4.9,63,Chauffagiste,3 Rue Caumartin,,0782611128,http://www.artisanspaclimchalon.com/,chauffagiste,6,Chalon-sur-Saône,0782611128,2
chauffagiste,KOZÉO CHALON-SUR-SAÔNE | Confort & Énergie | Climatisation - Pompe à chaleur - Panneaux solaires,https://www.google.com/maps/place/KOZ%C3%89O+CHALON-SUR-SA%C3%94NE+%7C+Confort+%26+%C3%89nergie+%7C+Climatisation+-+Pompe+%C3%A0+chaleur+-+Panneaux+solaires/data=!4m7!3m6!1s0x47f2fd0df106f39d:0x558b1376cc45edf0!8m2!3d46.763404!4d4.8440009!16s%2Fg%2F11lty7jqsh!19sChIJnfMG8Q398kcR8O1FzHYTi1U?authuser=0&hl=fr&rclk=1,5.0,56,Fournisseur de systèmes de climatisation,·,,0385947502,https://kozeo.fr/?utm_source=gmb&utm_medium=organic,chauffagiste,6,Chalon-sur-Saône,0385947502,2
chauffagiste,TILKEO Rénovation Chalon-sur-Saône et Le Creusot - Rénovation énergétique,https://www.google.com/maps/place/TILKEO+R%C3%A9novation+Chalon-sur-Sa%C3%B4ne+et+Le+Creusot+-+R%C3%A9novation+%C3%A9nerg%C3%A9tique/data=!4m7!3m6!1s0x47f2fda8aa15bc01:0x53bc570f5b152f9a!8m2!3d46.77747!4d4.8494!16s%2Fg%2F11wvgqrk8z!19sChIJAbwVqqj98kcRmi8VWw9XvFM?authuser=0&hl=fr&rclk=1,5.0,56,Chauffagiste,14 Quai Saint-Cosme,,0615303174,,chauffagiste,3,Chalon-sur-Saône,0615303174,2
chauffagiste,Macon Solaire Clim Chauffage Chalon-Sur-Saône | Pompe à chaleur & Rénovation globale | Photovoltaïque,https://www.google.com/maps/place/Macon+Solaire+Clim+Chauffage+Chalon-Sur-Sa%C3%B4ne+%7C+Pompe+%C3%A0+chaleur+%26+R%C3%A9novation+globale+%7C+Photovolta%C3%AFque/data=!4m7!3m6!1s0x47f2ff5574478b87:0xf8c1164b069e1a3!8m2!3d46.7542161!4d4.7089891!16s%2Fg%2F11kr_cfq29!19sChIJh4tHdFX_8kcRo-FpsGQRjA8?authuser=0&hl=fr&rclk=1,5.0,9,Entrepreneur spécialisé dans les systèmes de CVC,46 Av. de Bourgogne,,0359285109,https://macon.solaireclimchauffage.fr/?utm_source=gmb&utm_medium=organic&utm_campaign=macon,chauffagiste,9,Chalon-sur-Saône,0359285109,2
chauffagiste,Sagélec - Garrigues Electricité-climatisation-vmc-chauffage-castres-mazamet,https://www.google.com/maps/place/Sag%C3%A9lec+-+Garrigues+Electricit%C3%A9-climatisation-vmc-chauffage-castres-mazamet/data=!4m7!3m6!1s0x12ae1329397c7027:0xfdb59e7f3f526ea9!8m2!3d43.5901333!4d2.2083892!16s%2Fg%2F11q_c3wkp7!19sChIJJ3B8OSkTrhIRqW5SP3-etf0?authuser=0&hl=fr&rclk=1,4.5,15,Électricien,35 Rue de l'Industrie,,0563597513,,chauffagiste,6,Castres,0563597513,2
chauffagiste,Climair - Climatisation Arles - Vente et pose de clim Arles,https://www.google.com/maps/place/Climair+-+Climatisation+Arles+-+Vente+et+pose+de+clim+Arles/data=!4m7!3m6!1s0x12b60ae6e0ba9adb:0x2d553088bfced627!8m2!3d43.6616031!4d4.7428002!16s%2Fg%2F1vx70mn9!19sChIJ25q64OYKthIRJ9bOv4gwVS0?authuser=0&hl=fr&rclk=1,5.0,66,Fournisseur de systèmes de climatisation,183 Rte de Corse,,0612453279,https://www.climair-arles.fr/,chauffagiste,3,Arles,0612453279,3
chauffagiste,SONEPAR CLIMATE SOLUTIONS ARLES : Distributeur de pompes à chaleur,https://www.google.com/maps/place/SONEPAR+CLIMATE+SOLUTIONS+ARLES+:+Distributeur+de+pompes+%C3%A0+chaleur/data=!4m7!3m6!1s0x12b5d8a58f717805:0x13a2deea02532ec2!8m2!3d43.7036474!4d4.63425!16s%2Fg%2F11j2yqmvnq!19sChIJBXhxj6XYtRIRwi5TAureohM?authuser=0&hl=fr&rclk=1,4.9,14,Fournisseur de systèmes de climatisation,36 Rue Nicolas Copernic,,0413947035,https://climate.sonepar.fr/,chauffagiste,3,Arles,0413947035,3
chauffagiste,Arles Froid Camargue,https://www.google.com/maps/place/Arles+Froid+Camargue/data=!4m7!3m6!1s0x12b67611ff5eebcb:0xae14a23cd569b0e4!8m2!3d43.7046138!4d4.6345866!16s%2Fg%2F1tdfqb6q!19sChIJy-te_xF2thIR5LBp1TyiFK4?authuser=0&hl=fr&rclk=1,5.0,9,Entrepreneur spécialisé dans les systèmes de CVC,42 Rue Nicolas Copernic,,0490967981,https://arles-froid-camargue.fr/,chauffagiste,3,Arles,0490967981,3
chauffagiste,ENC Chauffage - Dépannage Chaudière Gaz et Pompe a Chaleur à Grasse,https://www.google.com/maps/place/ENC+Chauffage+-+D%C3%A9pannage+Chaudi%C3%A8re+Gaz+et+Pompe+a+Chaleur+%C3%A0+Grasse/data=!4m7!3m6!1s0x12cc29aa887cf249:0x3bd2b791c828a4a5!8m2!3d43.646016!4d6.929445!16s%2Fg%2F11pfrppqgh!19sChIJSfJ8iKopzBIRpaQoyJG30js?authuser=0&hl=fr&rclk=1,5.0,125,Chauffagiste,81 Av. Henri Dunant BAT E3,,0489729350,https://www.encchauffage.com/,chauffagiste,12,Grasse,0489729350,2
chauffagiste,CSM (Chauffage Sanitaire Mayennais),https://www.google.com/maps/place/CSM+%28Chauffage+Sanitaire+Mayennais%29/data=!4m7!3m6!1s0x4808fe752217beeb:0x687e149734280a18!8m2!3d48.0565925!4d-0.750834!16s%2Fg%2F1twyyycd!19sChIJ674XInX-CEgRGAooNJcUfmg?authuser=0&hl=fr&rclk=1,4.6,16,Plombier,91 Av. d'Angers,,0243532101,,chauffagiste,9,Angers,0243532101,2
chauffagiste,ARTISAN PLOMBIER MEUDON E.L.P.F ASSISTANCE,https://www.google.com/maps/place/ARTISAN+PLOMBIER+MEUDON+E.L.P.F+ASSISTANCE/data=!4m7!3m6!1s0x47e67a5f3cf11321:0x842c26aaac59bdbf!8m2!3d48.8160588!4d2.2468588!16s%2Fg%2F11btm7s9_9!19sChIJIRPxPF965kcRv71ZrKomLIQ?authuser=0&hl=fr&rclk=1,4.8,117,Plombier,2 Bis Rue Robert Julien Lanen,,0146304612,http://www.artisans-plombiers-meudon.fr/,chauffagiste,3,Meudon,0146304612,2
chauffagiste,Musset entreprise-plomberie-chauffage-sanitaire-Reze-Bouguenais-les sorinieres-Vertou,https://www.google.com/maps/place/Musset+entreprise-plomberie-chauffage-sanitaire-Reze-Bouguenais-les+sorinieres-Vertou/data=!4m7!3m6!1s0x4805e96a33a7683d:0x8f6c13ca18e9844a!8m2!3d47.1821799!4d-1.5415451!16s%2Fg%2F1tfpz6hf!19sChIJPWinM2rpBUgRSoTpGMoTbI8?authuser=0&hl=fr&rclk=1,4.9,44,Plombier,27 Av. de la Sermonière,,0681818883,,chauffagiste,12,Rezé,0681818883,2
chauffagiste,Plombier Maurice Plaisir,https://www.google.com/maps/place/Plombier+Maurice+Plaisir/data=!4m7!3m6!1s0x47e68545b7e93e71:0x678b230dfce317f3!8m2!3d48.8252789!4d1.9675224!16s%2Fg%2F11wfp7rm7c!19sChIJcT7pt0WF5kcR8xfj_A0ji2c?authuser=0&hl=fr&rclk=1,5.0,77,Plombier,5 Av. Lucie Aubrac,,0184191223,https://plombiermauriceplaisir.shop/,chauffagiste,3,Plaisir,0184191223,2
cloture,Rideaux Métalliques Marseille - Installation et dépannage des rideaux métalliques,https://www.google.com/maps/place/Rideaux+M%C3%A9talliques+Marseille+-+Installation+et+d%C3%A9pannage+des+rideaux+m%C3%A9talliques/data=!4m7!3m6!1s0x12c9c106445665bb:0x1cda68ba5927f19!8m2!3d43.2838292!4d5.3835616!16s%2Fg%2F11l2dvsqp7!19sChIJu2VWRAbByRIRGX-SpYumzQE?authuser=0&hl=fr&rclk=1,4.9,64,Atelier de métallerie,37 Rue Saint-Sébastien,,0484895051,https://rideaux-metalliques-marseille.fr/,cloture,3,Marseille,0484895051,3
cloture,Ax'eau - Recherche de fuites Marseille,https://www.google.com/maps/place/Ax%27eau+-+Recherche+de+fuites+Marseille/data=!4m7!3m6!1s0x12c9c1cfb6d7af49:0xbb1133b2f97a5ab6!8m2!3d43.5407656!4d5.0218248!16s%2Fg%2F11fqzt79d3!19sChIJSa_Xts_ByRIRtlp6-bIzEbs?authuser=0&hl=fr&rclk=1,4.9,128,Service de réparation de piscines,·,,0484890356,https://particuliers.ax-eau.com/nos-implantations/marseille/,pisciniste,3,Marseille,0484890356,0
cloture,Green Aluminium - Garde-corps aluminium Nice,https://www.google.com/maps/place/Green+Aluminium+-+Garde-corps+aluminium+Nice/data=!4m7!3m6!1s0x12cdd127410df757:0xe1a515f2489ba012!8m2!3d43.685392!4d7.18627!16s%2Fg%2F11h18zr4pt!19sChIJV_cNQSfRzRIREqCbSPIVpeE?authuser=0&hl=fr&rclk=1,4.7,56,Atelier de métallerie,"38, allée des pêcheurs Secteur A3",,0616107181,https://www.google.com/aclk?sa=L&ai=DChsSEwidvaeE7r2UAxWwl2gJHVA2IvwYACICCAEQABoCd2Y&co=1&ase=2&gclid=CjwKCAjwq6DQBhBVEiwA4ZD5XD07iuG1zinqeXenHpcIVrqtE5qZDmAdHDDPQWQDN-GXJEpYx5FUyRoC9b8QAvD_BwE&cce=2&category=acrcp_v1_32&sig=AOD64_2UHqO70fQX7RAGFTKnsNkBwBsaTg&adurl&q&ctype=99&nis=6,cloture,3,Nice,0616107181,2
cloture,Ets. Piscinco: magasin d'accessoires de piscine à Nice,https://www.google.com/maps/place/Ets.+Piscinco:+magasin+d%27accessoires+de+piscine+%C3%A0+Nice/data=!4m7!3m6!1s0x12cdd00a4014d1e5:0x8ca8fe5c7ab56191!8m2!3d43.699616!4d7.2257524!16s%2Fg%2F1tkf31bz!19sChIJ5dEUQArQzRIRkWG1elz-qIw?authuser=0&hl=fr&rclk=1,4.7,38,Service de réparation de piscines,·,,0988502979,https://pisciniste-nice.fr/,pisciniste,3,Nice,0988502979,1
cloture,ESPACE CLOTURE NANTES,https://www.google.com/maps/place/ESPACE+CLOTURE+NANTES/data=!4m7!3m6!1s0x48060bb10cde956d:0xcc8209e9772ef9f!8m2!3d47.1812875!4d-1.259352!16s%2Fg%2F1tftqgk2!19sChIJbZXeDLELBkgRn-9yl54gyAw?authuser=0&hl=fr&rclk=1,4.6,7,Entrepreneur spécialisé dans les clôtures,10 Rue des Potiers,,0251717676,https://www.espace-cloture.fr/,cloture,6,Nantes,0251717676,2
cloture,RENOV HABITAT 67 Couvreur strasbourg,https://www.google.com/maps/place/RENOV+HABITAT+67+Couvreur+strasbourg/data=!4m7!3m6!1s0x4796c9fbfc910321:0x72b05b7421b378c4!8m2!3d48.5572324!4d7.7472818!16s%2Fg%2F11fvckf2w5!19sChIJIQOR_PvJlkcRxHizIXRbsHI?authuser=0&hl=fr&rclk=1,4.7,61,Couvreur,204 Av. de Colmar,,0651701705,https://www.renov-habitat67.fr/,bardage,3,Strasbourg,0651701705,2
cloture,Notes de Styles - Agence Architecte d'intérieur Strasbourg,https://www.google.com/maps/place/Notes+de+Styles+-+Agence+Architecte+d%27int%C3%A9rieur+Strasbourg/data=!4m7!3m6!1s0x4796b7cbd94a12a3:0x55774f45b87a2b6!8m2!3d48.5433638!4d7.7673368!16s%2Fg%2F1tjs3wrf!19sChIJoxJK2cu3lkcRtqKHW_R0VwU?authuser=0&hl=fr&rclk=1,4.8,105,Agence d'architecture,16 Rue Riehl,,0662737806,https://www.notesdestyles.com/nos-agences/architecte-dinterieur-bas-rhin/agence-notes-de-styles-strasbourg/,bardage,3,Strasbourg,0662737806,2
cloture,SPE Paysagiste Saint-André-Lez-Lille,https://www.google.com/maps/place/SPE+Paysagiste+Saint-Andr%C3%A9-Lez-Lille/data=!4m7!3m6!1s0x47c32b6d69a2bbfb:0xdafef1254d47cf0d!8m2!3d50.6538905!4d3.0539463!16s%2Fg%2F11f6z7nzgp!19sChIJ-7uiaW0rw0cRDc9HTSXx_to?authuser=0&hl=fr&rclk=1,4.7,14,Paysagiste,13 Rue Victor Hugo,,0320218450,http://spe-paysagiste.fr/,paysagiste,6,Lille,0320218450,2
cloture,Ets BARBEIRA Lille - Dépannage de Rideaux métalliques et Réparation de Volets roulants,https://www.google.com/maps/place/Ets+BARBEIRA+Lille+-+D%C3%A9pannage+de+Rideaux+m%C3%A9talliques+et+R%C3%A9paration+de+Volets+roulants/data=!4m7!3m6!1s0x47c2d5d80f3414ab:0xdb1ac03c037b2e3b!8m2!3d50.6233807!4d3.0483975!16s%2Fg%2F11vrlqmctm!19sChIJqxQ0D9jVwkcROy57AzzAGts?authuser=0&hl=fr&rclk=1,5.0,31,Atelier de métallerie,32 Rue d'Arcole,,0320739099,https://lille.etsbarbeira.fr/,cloture,3,Lille,0320739099,0
cloture,Ambition piscines et spas - Magiline Rennes,https://www.google.com/maps/place/Ambition+piscines+et+spas+-+Magiline+Rennes/data=!4m7!3m6!1s0x480f1f629460543f:0x56d3371f4d656a82!8m2!3d48.1545689!4d-1.7069366!16s%2Fg%2F11s4w7f_4w!19sChIJP1RglGIfD0gRgmplTR8301Y?authuser=0&hl=fr&rclk=1,5.0,42,Société de construction de piscine,6 Rue Newton,,0299040741,http://www.ambition35.fr/,pisciniste,7,Rennes,0299040741,1
cloture,BS Entreprise Reims / Travaux de Rénovation,https://www.google.com/maps/place/BS+Entreprise+Reims+%2F+Travaux+de+R%C3%A9novation/data=!4m7!3m6!1s0x47e976a96d409573:0xd680782bb27fd807!8m2!3d49.2145339!4d4.0672862!16s%2Fg%2F11c54nbtks!19sChIJc5VAbal26UcRB9h_sit4gNY?authuser=0&hl=fr&rclk=1,4.5,82,Entrepreneur spécialisé dans les clôtures,·,,0326876224,https://bs-entreprise-renovation-51.com/,cloture,6,Reims,0326876224,0
cloture,DAP Paysagiste - Spécialiste des espaces verts à Reims,https://www.google.com/maps/place/DAP+Paysagiste+-+Sp%C3%A9cialiste+des+espaces+verts+%C3%A0+Reims/data=!4m7!3m6!1s0x47e9759d1f0a7e0d:0xa030b1d57ae667ce!8m2!3d49.2616634!4d4.0097723!16s%2Fg%2F11js2j77tm!19sChIJDX4KH5116UcRzmfmetWxMKA?authuser=0&hl=fr&rclk=1,4.9,87,Paysagiste,215 Bd Charles Arnould,,0767383154,https://www.dap-paysagiste-reims.fr/,paysagiste,7,Reims,0767383154,1
cloture,BRISSET CLÔTURES/PORTAILS & PAYSAGES,https://www.google.com/maps/place/BRISSET+CL%C3%94TURES%2FPORTAILS+%26+PAYSAGES/data=!4m7!3m6!1s0x47e102a97d49151f:0xd7080cc4e2ea1e9e!8m2!3d49.3590064!4d0.8761787!16s%2Fg%2F11fzb226y9!19sChIJHxVJfakC4UcRnh7q4sQMCNc?authuser=0&hl=fr&rclk=1,4.7,53,Entrepreneur spécialisé dans les clôtures,26 Rte de Rouen,,0232568980,http://www.distributeur-cloture.com/,cloture,9,Rouen,0232568980,2
cloture,Les Fidèles Compagnons du Toit,https://www.google.com/maps/place/Les+Fid%C3%A8les+Compagnons+du+Toit/data=!4m7!3m6!1s0x6253fb90eb8232b5:0x77272b562dd5135e!8m2!3d43.1251095!4d5.9305171!16s%2Fg%2F11vs4qs6g3!19sChIJtTKC65D7U2IRXhPVLVYrJ3c?authuser=0&hl=fr&rclk=1,4.9,79,Couvreur,9 Bd de Strasbourg,,0465846197,https://les-fideles-compagnons-du-toit.fr/,bardage,3,Strasbourg,0465846197,2
cloture,"APEF Toulon Est - Aide à domicile, Ménage, Jardinage et Garde d'enfants","https://www.google.com/maps/place/APEF+Toulon+Est+-+Aide+%C3%A0+domicile,+M%C3%A9nage,+Jardinage+et+Garde+d%27enfants/data=!4m7!3m6!1s0x12c91b1c4baf72bf:0x2b261ba910de9673!8m2!3d43.1118979!4d5.9353777!16s%2Fg%2F11y1748ydz!19sChIJv3KvSxwbyRIRc5beEKkbJis?authuser=0&hl=fr&rclk=1",5.0,20,Agence de services d'aide à domicile,·,,0494382435,https://www.apef.fr/nos-agences/apef-toulon-est/?utm_source=gmb,paysagiste,4,Toulon,0494382435,2
cloture,Elite renov Dijon,https://www.google.com/maps/place/Elite+renov+Dijon/data=!4m7!3m6!1s0x47f29d552242cb5b:0x3c3acd91731a55b3!8m2!3d47.3184035!4d5.0362858!16s%2Fg%2F11xg5pznr2!19sChIJW8tCIlWd8kcRs1Uac5HNOjw?authuser=0&hl=fr&rclk=1,4.9,52,Entrepreneur,74 Rue Berbisey,,0380608949,https://eliterenov21.fr/,bardage,3,Dijon,0380608949,2
cloture,BPF Pisciniste Dijon,https://www.google.com/maps/place/BPF+Pisciniste+Dijon/data=!4m7!3m6!1s0x47f29df31d41af53:0xae6655aca18c8b66!8m2!3d47.3323033!4d5.0388685!16s%2Fg%2F11yq61cxd8!19sChIJU69BHfOd8kcRZouMoaxVZq4?authuser=0&hl=fr&rclk=1,5.0,7,Société de construction de piscine,52 Rue de Jouvence,,0663575552,https://bpf-store.com/,pisciniste,9,Dijon,0663575552,0
cloture,Technitoit Dijon,https://www.google.com/maps/place/Technitoit+Dijon/data=!4m7!3m6!1s0x47f29c65cf65a25f:0x7f94c8e89020586!8m2!3d47.2905464!4d5.0163572!16s%2Fg%2F11fzbkpt18!19sChIJX6Jlz2Wc8kcRhgUCiY5M-Qc?authuser=0&hl=fr&rclk=1,4.9,248,Couvreur,5A Rue Joseph Jacquard,,0366883663,https://www.technitoit.com/agence/cote-d-or-21-dijon?utm_source=google&utm_medium=gmb,bardage,3,Dijon,0366883663,2
cloture,AAGROUP Dijon,https://www.google.com/maps/place/AAGROUP+Dijon/data=!4m7!3m6!1s0x47f29deceae1bd63:0x7cea4f02821223aa!8m2!3d47.3321578!4d5.0529027!16s%2Fg%2F11f2sdfw7z!19sChIJY73h6uyd8kcRqiMSggJP6nw?authuser=0&hl=fr&rclk=1,4.6,5,Agence d'architecture,22 Av. de Marbotte,,0380305641,http://www.aagroup.fr/,bardage,3,Dijon,0380305641,2
cloture,"Ent. COSKUN DIJON Isolation Extérieure, Ravalement de façade","https://www.google.com/maps/place/Ent.+COSKUN+DIJON+Isolation+Ext%C3%A9rieure,+Ravalement+de+fa%C3%A7ade/data=!4m7!3m6!1s0x47f29c4659c00001:0x21b5a95a6d850f16!8m2!3d47.2879543!4d5.0230043!16s%2Fg%2F11g0tl0wsf!19sChIJAQDAWUac8kcRFg-FbVqptSE?authuser=0&hl=fr&rclk=1",4.9,38,Peintre en bâtiment,10 Rue Antoine Becquerel,,0611711555,https://www.coskunfacades.fr/,bardage,13,Dijon,0611711555,2
cloture,Daniel Moquet signe vos clôtures - Angers Ouest,https://www.google.com/maps/place/Daniel+Moquet+signe+vos+cl%C3%B4tures+-+Angers+Ouest/data=!4m7!3m6!1s0x48088130fe51bdb9:0x67e31172448bb958!8m2!3d47.4500971!4d-0.673394!16s%2Fg%2F11hz9lh0lk!19sChIJub1R_jCBCEgRWLmLRHIR42c?authuser=0&hl=fr&rclk=1,4.8,19,Entrepreneur spécialisé dans les clôtures,·,,0241339179,https://www.moquet-clotures.com/cloture-portail/,cloture,6,Angers,0241339179,1
cloture,Verthème Paysage | Paysagiste à Angers (49),https://www.google.com/maps/place/Verth%C3%A8me+Paysage+%7C+Paysagiste+%C3%A0+Angers+%2849%29/data=!4m7!3m6!1s0x4808800c2003c039:0xdbd2fd185f3bf851!8m2!3d47.4716975!4d-0.7035428!16s%2Fg%2F1tx1sl4n!19sChIJOcADIAyACEgRUfg7Xxj90ts?authuser=0&hl=fr&rclk=1,4.7,47,Architecte paysagiste,·,,0241200500,https://www.vertheme-paysagiste.com/,paysagiste,7,Angers,0241200500,2
cloture,Wiss Toiture & Rénovation | Brest Quimper,https://www.google.com/maps/place/Wiss+Toiture+%26+R%C3%A9novation+%7C+Brest+Quimper/data=!4m7!3m6!1s0x4394c40d84568bed:0xacb89e1e278365e5!8m2!3d48.406579!4d-4.4966567!16s%2Fg%2F11w_y1pd5w!19sChIJ7YtWhA3ElEMR5WWDJx6euKw?authuser=0&hl=fr&rclk=1,4.9,8,Couvreur,2 Rue Maurice le Flem,,0666370506,https://www.wisstoiture.fr/,bardage,7,Quimper,0666370506,2
cloture,PICARDIE RENOVATION AMIENS,https://www.google.com/maps/place/PICARDIE+RENOVATION+AMIENS/data=!4m7!3m6!1s0xa74dc43bbcb94e27:0x60d8be0c8e79cc2b!8m2!3d49.9273641!4d2.2837938!16s%2Fg%2F11y3l06c3p!19sChIJJ065vDvETacRK8x5jgy-2GA?authuser=0&hl=fr&rclk=1,4.9,96,Couvreur,19 Rue André Durouchez,,0310455000,https://picardie-renovation.fr/,bardage,4,Amiens,0310455000,2
cloture,Mister Toiture Limoges,https://www.google.com/maps/place/Mister+Toiture+Limoges/data=!4m7!3m6!1s0x47f9357829e86995:0xdfeab14fb6a12180!8m2!3d45.8711156!4d1.2687925!16s%2Fg%2F11spnykl1d!19sChIJlWnoKXg1-UcRgCGhtk-x6t8?authuser=0&hl=fr&rclk=1,4.6,70,Couvreur,1 Rue Pierre Michaux,,0533522952,https://mistertoiture.com/agence/mister-toiture-limoges/?utm_source=gmb&utm_medium=gmb,bardage,6,Limoges,0533522952,1
cloture,Couvreur Limoges - DGC Couverture,https://www.google.com/maps/place/Couvreur+Limoges+-+DGC+Couverture/data=!4m7!3m6!1s0x47f935cd9fabf521:0xbef496791587399e!8m2!3d45.8704257!4d1.3078092!16s%2Fg%2F11pyc3fl67!19sChIJIfWrn801-UcRnjmHFXmW9L4?authuser=0&hl=fr&rclk=1,5.0,53,Couvreur,22 Rue du Châtenet,,0611932237,https://dgccouverture.com/,bardage,6,Limoges,0611932237,1
cloture,David Deslauriers - couvreur zingueur Limoges,https://www.google.com/maps/place/David+Deslauriers+-+couvreur+zingueur+Limoges/data=!4m7!3m6!1s0x47f935e76c46c5c3:0xc55d7914314af72f!8m2!3d45.8362952!4d1.3051196!16s%2Fg%2F11gh9q2c17!19sChIJw8VGbOc1-UcRL_dKMRR5XcU?authuser=0&hl=fr&rclk=1,4.8,67,Couvreur,·,,0642232212,https://couvreur-limoges-87.fr/,bardage,3,Limoges,0642232212,1
cloture,Technitoit Limoges,https://www.google.com/maps/place/Technitoit+Limoges/data=!4m7!3m6!1s0x47f9354452a69283:0x76d48b1e2086d1c5!8m2!3d45.8363816!4d1.2508966!16s%2Fg%2F11h320lc50!19sChIJg5KmUkQ1-UcRxdGGIB6L1HY?authuser=0&hl=fr&rclk=1,4.4,205,Couvreur,33 Av. Marcellin Berthelot,,0533522943,https://www.technitoit.com/agence/haute-vienne-87-limoges-renovation?utm_source=gmb&utm_medium=gmb,bardage,3,Limoges,0533522943,1
cloture,ATTILA Limoges Nord,https://www.google.com/maps/place/ATTILA+Limoges+Nord/data=!4m7!3m6!1s0x47f93582a5befad5:0x5cecb44edc0fc868!8m2!3d45.8728014!4d1.3063231!16s%2Fg%2F11b6dq3vqm!19sChIJ1fq-pYI1-UcRaMgP3E607Fw?authuser=0&hl=fr&rclk=1,4.7,82,Couvreur,·,,0555304250,http://www.attila.fr/nos-agences/attila-limoges-nord,bardage,3,Limoges,0555304250,1
pisciniste,Irripiscine by Irrijardin Limoges,https://www.google.com/maps/place/Irripiscine+by+Irrijardin+Limoges/data=!4m7!3m6!1s0x47f935a7042ac301:0x2ae53939144017ed!8m2!3d45.883581!4d1.280641!16s%2Fg%2F11h6crx30x!19sChIJAcMqBKc1-UcR7RdAFDk55So?authuser=0&hl=fr&rclk=1,4.6,96,Société de construction de piscine,·,,0544225374,https://www.irripiscine.fr/magasins/limoges,pisciniste,6,Limoges,0544225374,1
cloture,"Aqua Piscines – Construction, rénovation, magasin et entretien de piscines à Perpignan","https://www.google.com/maps/place/Aqua+Piscines+%E2%80%93+Construction,+r%C3%A9novation,+magasin+et+entretien+de+piscines+%C3%A0+Perpignan/data=!4m7!3m6!1s0x12b0701ff5dcf973:0x3f0c2630aadab3dc!8m2!3d42.6686893!4d2.9177916!16s%2Fg%2F1hhv_cynl!19sChIJc_nc9R9wsBIR3LPaqjAmDD8?authuser=0&hl=fr&rclk=1",4.5,220,Société de construction de piscine,·,,0468735261,http://www.aqua-piscines.com/,pisciniste,6,Perpignan,0468735261,1
pisciniste,ADH Piscines & Paysages – Paysagiste Pisciniste Spa – Orléans,https://www.google.com/maps/place/ADH+Piscines+%26+Paysages+%E2%80%93+Paysagiste+Pisciniste+Spa+%E2%80%93+Orl%C3%A9ans/data=!4m7!3m6!1s0x47e4eff82c36fac3:0xc7c0c1077460351f!8m2!3d47.89737!4d1.8532578!16s%2Fg%2F11b6zr8h99!19sChIJw_o2LPjv5EcRHzVgdAfBwMc?authuser=0&hl=fr&rclk=1,4.6,160,Société de construction de piscine,·,,0238251030,https://www.adh-paysages.com/,pisciniste,7,Orléans,0238251030,0
cloture,"Loiret Fermetures : Portail Orléans, Portail Aluminium, Installateur Portail, Volet Roulant Orléans","https://www.google.com/maps/place/Loiret+Fermetures+:+Portail+Orl%C3%A9ans,+Portail+Aluminium,+Installateur+Portail,+Volet+Roulant+Orl%C3%A9ans/data=!4m7!3m6!1s0x47e4e01e61c6fe85:0x10b883b4a20849d5!8m2!3d47.762052!4d2.016101!16s%2Fg%2F11bc96qcmq!19sChIJhf7GYR7g5EcR1UkIorSDuBA?authuser=0&hl=fr&rclk=1",4.7,18,Fournisseur de portes,·,,0238593920,https://www.loiret-fermetures.fr/,cloture,4,Orléans,0238593920,2
cloture,AmenExter,https://www.google.com/maps/place/AmenExter/data=!4m7!3m6!1s0x47919ceebd401169:0xffd18e5d6bbb30c0!8m2!3d47.7922062!4d7.336297!16s%2Fg%2F11clzgyhcv!19sChIJaRFAve6ckUcRwDC7a12O0f8?authuser=0&hl=fr&rclk=1,4.8,92,Paysagiste,100 Fbg de Mulhouse,,0389504234,https://www.amenexter.fr/?utm_source=Google&utm_medium=My%20Business,paysagiste,6,Mulhouse,0389504234,2
cloture,AE élagage Colmar 68 Paysagiste Mulhouse Jardinier Taille de haie Tonte Pelouse Gazon,https://www.google.com/maps/place/AE+%C3%A9lagage+Colmar+68+Paysagiste+Mulhouse+Jardinier+Taille+de+haie+Tonte+Pelouse+Gazon/data=!4m7!3m6!1s0x47917fa0b331f02b:0xe4c9df4791b9770c!8m2!3d47.8912001!4d7.2261488!16s%2Fg%2F11qntvqy0w!19sChIJK_Axs6B_kUcRDHe5kUffyeQ?authuser=0&hl=fr&rclk=1,5.0,57,Service d'élagage,59 Rte de Guebwiller,,0771009612,https://elagage-68.fr/,paysagiste,16,Mulhouse,0771009612,2
cloture,Étanchéité Moderne | Couvreur Mulhouse,https://www.google.com/maps/place/%C3%89tanch%C3%A9it%C3%A9+Moderne+%7C+Couvreur+Mulhouse/data=!4m7!3m6!1s0x47919b840411b5f5:0x33d683a3be0c5b63!8m2!3d47.7559129!4d7.3701038!16s%2Fg%2F11xmvkh6n3!19sChIJ9bURBISbkUcRY1sMvqOD1jM?authuser=0&hl=fr&rclk=1,5.0,8,Couvreur,19 Rue de la Hardt,,0698347832,http://www.etancheite-moderne.fr/,bardage,9,Mulhouse,0698347832,2
cloture,BLAVAIT Menuiseries - Caen,https://www.google.com/maps/place/BLAVAIT+Menuiseries+-+Caen/data=!4m7!3m6!1s0x480a42e2c8044a67:0x38eb9cda1240a9a4!8m2!3d49.1726097!4d-0.3889476!16s%2Fg%2F11c1s_2xgj!19sChIJZ0oEyOJCCkgRpKlAEtqc6zg?authuser=0&hl=fr&rclk=1,4.7,30,Entrepreneur spécialisé dans les clôtures,·,,0231158000,https://www.blavait.fr/,cloture,6,Caen,0231158000,2
cloture,MURETANCHE CAEN,https://www.google.com/maps/place/MURETANCHE+CAEN/data=!4m7!3m6!1s0x480a4387164d6f3f:0xc82fdd3d3564fa7a!8m2!3d49.1747406!4d-0.3540423!16s%2Fg%2F11w4gd4596!19sChIJP29NFodDCkgRevpkNT3dL8g?authuser=0&hl=fr&rclk=1,5.0,21,Entreprise d'étanchéité,62 Rue de Vaucelles,,0255993545,https://www.muretanche.fr/,bardage,6,Caen,0255993545,2
cloture,Entreprise Couvreur HUE - Nettoyage de toiture Demoussage de toiture Peinture de façade Carpiquet Caen Bayeux,https://www.google.com/maps/place/Entreprise+Couvreur+HUE+-+Nettoyage+de+toiture+Demoussage+de+toiture+Peinture+de+fa%C3%A7ade+Carpiquet+Caen+Bayeux/data=!4m7!3m6!1s0x480a43cc51a8b2d9:0x6def7749955b8e9f!8m2!3d49.1893684!4d-0.4185845!16s%2Fg%2F11sqj4l9vt!19sChIJ2bKoUcxDCkgRn45blUl3720?authuser=0&hl=fr&rclk=1,5.0,41,Couvreur,32 Rte de Bayeux,,0670492114,https://www.entreprise-hue.com/,bardage,12,Caen,0670492114,2
cloture,Briand Electricité | Électricien à Caen,https://www.google.com/maps/place/Briand+Electricit%C3%A9+%7C+%C3%89lectricien+%C3%A0+Caen/data=!4m7!3m6!1s0x480a43f49ae8b419:0x7a023695609ab125!8m2!3d49.1654708!4d-0.4227859!16s%2Fg%2F11h7kvr_l9!19sChIJGbTomvRDCkgRJbGaYJU2Ano?authuser=0&hl=fr&rclk=1,4.9,145,Électricien,10 Av. du Fresne,,0608621212,https://www.electricite-briand.fr/?utm_source=google&utm_medium=google_my_business&utm_campaign=page_accueil,bardage,3,Caen,0608621212,2
cloture,Entreprise PETIT CRÉA'EST | Travaux Rénovation intérieure extérieur | Vente et pose de Portail et Clôture Nancy,https://www.google.com/maps/place/Entreprise+PETIT+CR%C3%89A%27EST+%7C+Travaux+R%C3%A9novation+int%C3%A9rieure+ext%C3%A9rieur+%7C+Vente+et+pose+de+Portail+et+Cl%C3%B4ture+Nancy/data=!4m7!3m6!1s0x47949cd1371cb551:0xca2f3a75a327cbe5!8m2!3d48.5909684!4d6.331447!16s%2Fg%2F11f1fsy8wp!19sChIJUbUcN9GclEcR5csno3U6L8o?authuser=0&hl=fr&rclk=1,4.8,44,Entrepreneur spécialisé dans les clôtures,4 Chem. du Samson,,0689739922,https://petitcreaest.fr/,cloture,9,Nancy,0689739922,1
cloture,"Élagage, Abattage & Taille de Haie Tourcoing - Élagueur Grimpeur Nord 59","https://www.google.com/maps/place/%C3%89lagage,+Abattage+%26+Taille+de+Haie+Tourcoing+-+%C3%89lagueur+Grimpeur+Nord+59/data=!4m7!3m6!1s0x47c32f778ef1c0b7:0x85141a33b3affb71!8m2!3d50.7270146!4d3.1694828!16s%2Fg%2F11ywg0fj7m!19sChIJt8Dxjncvw0cRcfuvszMaFIU?authuser=0&hl=fr&rclk=1",5.0,6,Service d'élagage,32 Rue du Chêne Houpline A,,0376270358,https://elagage-tourcoing.fr/,paysagiste,9,Tourcoing,0376270358,2
cloture,HESTIA Clôtures et Garde-corps,https://www.google.com/maps/place/HESTIA+Cl%C3%B4tures+et+Garde-corps/data=!4m7!3m6!1s0x12b5edade86f627d:0x21834ff8dd586b77!8m2!3d43.9358889!4d4.8528358!16s%2Fg%2F11h5rzxwv9!19sChIJfWJv6K3ttRIRd2tY3fhPgyE?authuser=0&hl=fr&rclk=1,4.9,9,Entrepreneur spécialisé dans les clôtures,1585 Av. d'Avignon,,0490885301,https://hestia-garde-corps.com/,cloture,6,Avignon,0490885301,0
cloture,L'Art et la Matière Paysagiste - Poitiers - Vienne,https://www.google.com/maps/place/L%27Art+et+la+Mati%C3%A8re+Paysagiste+-+Poitiers+-+Vienne/data=!4m7!3m6!1s0x47fd95217c639769:0x19bef56ca9d9b796!8m2!3d46.53193!4d0.282185!16s%2Fg%2F1tkkt6sq!19sChIJaZdjfCGV_UcRlrfZqWz1vhk?authuser=0&hl=fr&rclk=1,4.5,170,Paysagiste,11 Rue de l'Audemont,,0549379328,https://www.google.com/aclk?sa=L&ai=DChsSEwi81cmD-L2UAxW3a0ECHU-bEGUYACICCAEQARoCd3M&co=1&ase=2&gclid=CjwKCAjwq6DQBhBVEiwA4ZD5XOOR7UY-V0rJknfyheGwdFz4pXCqdYgSFuBKls8Dn2Imit6nHTDsNBoC6YIQAvD_BwE&cce=2&category=acrcp_v1_32&sig=AOD64_111EBIEg5tR8GlprYIAENHrfvmwA&adurl&q&ctype=99&nis=6,paysagiste,6,Poitiers,0549379328,1
cloture,PICTAVERT PAYSAGISTE - POITIERS - Vienne - Pironnet Paysage et Services,https://www.google.com/maps/place/PICTAVERT+PAYSAGISTE+-+POITIERS+-+Vienne+-+Pironnet+Paysage+et+Services/data=!4m7!3m6!1s0x47fdbc22ad8d92eb:0x5820591cbf712fa5!8m2!3d46.6018177!4d0.3759117!16s%2Fg%2F1tg34l59!19sChIJ65KNrSK8_UcRpS9xvxxZIFg?authuser=0&hl=fr&rclk=1,4.7,208,Paysagiste,·,,0549441076,http://www.pironnet-paysagiste.com/,paysagiste,7,Poitiers,0549441076,1
cloture,Couvreur poitiers - rénovation de toiture : fuite de toiture demoussage de toiture buxerolles Fontaine-le-Comte,https://www.google.com/maps/place/Couvreur+poitiers+-+r%C3%A9novation+de+toiture+:+fuite+de+toiture+demoussage+de+toiture+buxerolles+Fontaine-le-Comte/data=!4m7!3m6!1s0x47fdbd6e988827fd:0xb025be234e26898d!8m2!3d46.5952084!4d0.3352914!16s%2Fg%2F11vlhq015r!19sChIJ_SeImG69_UcRjYkmTiO-JbA?authuser=0&hl=fr&rclk=1,5.0,31,Couvreur,2 Chem. du Trait Tabouleau,,0549457649,https://www.couvreur-alyconfort.com/,bardage,10,Poitiers,0549457649,2
cloture,Piscine Plaisir,https://www.google.com/maps/place/Piscine+Plaisir/data=!4m7!3m6!1s0x47fd96001890c877:0xac47bb4b02694716!8m2!3d46.609124!4d0.34206!16s%2Fg%2F1tj88t29!19sChIJd8iQGACW_UcRFkdpAku7R6w?authuser=0&hl=fr&rclk=1,4.7,156,Société de construction de piscine,·,,0549004000,https://piscine-plaisir.fr/?utm_source=gmb,pisciniste,6,Plaisir,0549004000,0
pisciniste,Irripiscine by Irrijardin Poitiers,https://www.google.com/maps/place/Irripiscine+by+Irrijardin+Poitiers/data=!4m7!3m6!1s0x47fdbf2aac8495e7:0x4ae9683ca3155b1b!8m2!3d46.602692!4d0.32724!16s%2Fg%2F11shx62msj!19sChIJ55WErCq__UcRG1sVozxo6Uo?authuser=0&hl=fr&rclk=1,5.0,33,Société de construction de piscine,·,,0549383780,https://www.irripiscine.fr/magasins/poitiers,pisciniste,6,Poitiers,0549383780,0
cloture,"Maison et Services Poitiers | Ménage, repassage, jardinage, nettoyage de vitres","https://www.google.com/maps/place/Maison+et+Services+Poitiers+%7C+M%C3%A9nage,+repassage,+jardinage,+nettoyage+de+vitres/data=!4m7!3m6!1s0x47fdbe27c1284697:0x77fa96dcfaf49814!8m2!3d46.6011699!4d0.3055037!16s%2Fg%2F1vvr5l92!19sChIJl0YowSe-_UcRFJj0-tyW-nc?authuser=0&hl=fr&rclk=1",4.6,12,Service de ménage,·,,0549614257,https://www.maison-et-services.com/trouver-mon-prestataire/france/nouvelle-aquitaine/vienne/maison-services-poitiers?utm_source=GoogleMyBusiness&utm_medium=organic,paysagiste,4,Poitiers,0549614257,1
cloture,Aquaconcept Antibes,https://www.google.com/maps/place/Aquaconcept+Antibes/data=!4m7!3m6!1s0x873ed6c2d889cf:0x30d14823b90ee280!8m2!3d43.6005769!4d7.1131667!16s%2Fg%2F11vx0mx985!19sChIJz4nYwtY-hwARgOIOuSNI0TA?authuser=0&hl=fr&rclk=1,4.8,36,Société de construction de piscine,1536 Av. Jules Grec,,0955074355,https://www.aquaconceptantibes.fr/,pisciniste,6,Antibes,0955074355,0
cloture,Symbi Om Paysages | Paysagiste Antibes,https://www.google.com/maps/place/Symbi+Om+Paysages+%7C+Paysagiste+Antibes/data=!4m7!3m6!1s0x12cdd5183fcfb72b:0xe1d3cb8e5220292e!8m2!3d43.5990054!4d7.1158117!16s%2Fg%2F11fsmvmldg!19sChIJK7fPPxjVzRIRLikgUo7L0-E?authuser=0&hl=fr&rclk=1,4.9,32,Paysagiste,260 All. des Cigales,,0625703873,https://symbiompaysages.fr/,paysagiste,6,Antibes,0625703873,2
cloture,Piscines Ibiza Antibes,https://www.google.com/maps/place/Piscines+Ibiza+Antibes/data=!4m7!3m6!1s0x12cc2ab5849d7e41:0x7a7a3c9b74099acc!8m2!3d43.6018262!4d7.0822697!16s%2Fg%2F1wzqw6bx!19sChIJQX6dhLUqzBIRzJoJdJs8eno?authuser=0&hl=fr&rclk=1,4.4,110,Magasin de matériel pour piscines,·,,0493655510,https://www.piscines-ibiza.com/distributeur/pisciniste-antibes-grasse-nice-cannes/,pisciniste,3,Antibes,0493655510,0
cloture,Agence Cannes - Mirror Pool Concept,https://www.google.com/maps/place/Agence+Cannes+-+Mirror+Pool+Concept/data=!4m7!3m6!1s0x12ce819237900001:0x5493aeb40582204f!8m2!3d43.5526975!4d7.0196455!16s%2Fg%2F11g_qprl41!19sChIJAQCQN5KBzhIRTyCCBbSuk1Q?authuser=0&hl=fr&rclk=1,4.9,9,Société de construction de piscine,37 Rue d'Antibes,,0661865459,https://mirror-pool-concept.com/,pisciniste,6,Antibes,0661865459,0
cloture,Azur arrosage et piscine,https://www.google.com/maps/place/Azur+arrosage+et+piscine/data=!4m7!3m6!1s0x12ce81243b777097:0x92dc54913b746a7c!8m2!3d43.5526975!4d7.0196455!16s%2Fg%2F11qhfqyhkn!19sChIJl3B3OySBzhIRfGp0O5FU3JI?authuser=0&hl=fr&rclk=1,4.6,11,Société de construction de piscine,37 Rue d'Antibes,,0699788462,,pisciniste,6,Antibes,0699788462,0
cloture,"Azur Fermetures - Réparation & Dépannage Porte de Garage, Réparateur Portail Electrique","https://www.google.com/maps/place/Azur+Fermetures+-+R%C3%A9paration+%26+D%C3%A9pannage+Porte+de+Garage,+R%C3%A9parateur+Portail+Electrique/data=!4m7!3m6!1s0x12ce81adef27e7a7:0x5536640b6626ee8c!8m2!3d43.5526975!4d7.0196455!16s%2Fg%2F11l264p6nx!19sChIJp-cn762BzhIRjO4mZgtkNlU?authuser=0&hl=fr&rclk=1",5.0,9,Entreprise d'automatisation,37 Rue d'Antibes,,0422462541,,cloture,4,Antibes,0422462541,2
cloture,Pisciniste Cannes - New Pool,https://www.google.com/maps/place/Pisciniste+Cannes+-+New+Pool/data=!4m7!3m6!1s0x21127923665b6da3:0x5cfb29fca8f40e7d!8m2!3d43.73117!4d6.7992406!16s%2Fg%2F11ygq9t281!19sChIJo21bZiN5EiERfQ70qPwp-1w?authuser=0&hl=fr&rclk=1,5.0,10,Société de construction de piscine,,,0603568734,https://www.newpool.fr/,pisciniste,9,Cannes,0603568734,0
cloture,Technitoit Saint-Nazaire,https://www.google.com/maps/place/Technitoit+Saint-Nazaire/data=!4m7!3m6!1s0x48056592836a1ba5:0xa42663a5b9f14efe!8m2!3d47.29428!4d-2.28105!16s%2Fg%2F1tgb_3_b!19sChIJpRtqg5JlBUgR_k7xuaVjJqQ?authuser=0&hl=fr&rclk=1,4.5,196,Couvreur,"Parc d'activités de Brais, 3 Chem. de la Métairie",,0249883442,https://www.technitoit.com/agence/loire-atlantique-44-saint-nazaire?utm_source=google&utm_medium=gmb,bardage,3,Saint-Nazaire,0249883442,2
cloture,POUTIER Architectures & maîtrise d'œuvre - Saint-Nazaire,https://www.google.com/maps/place/POUTIER+Architectures+%26+ma%C3%AEtrise+d%27%C5%93uvre+-+Saint-Nazaire/data=!4m7!3m6!1s0x48056891ef7dbb2f:0x54d05cb828c44456!8m2!3d47.2549501!4d-2.2673949!16s%2Fg%2F1hc47ktnd!19sChIJL7t975FoBUgRVkTEKLhc0FQ?authuser=0&hl=fr&rclk=1,4.6,23,Architecte,34 Bd de l'Université,,0240009276,http://www.poutier-architectures.com/,bardage,3,Saint-Nazaire,0240009276,2
cloture,Point de départ de visite en bus des chantiers navals de Saint-Nazaire,https://www.google.com/maps/place/Point+de+d%C3%A9part+de+visite+en+bus+des+chantiers+navals+de+Saint-Nazaire/data=!4m7!3m6!1s0x4805657e74d52319:0x7578c429e0d4af6d!8m2!3d47.2761583!4d-2.2034451!16s%2Fg%2F11h067crby!19sChIJGSPVdH5lBUgRba_U4CnEeHU?authuser=0&hl=fr&rclk=1,4.5,525,Agence de visites touristiques,·,,0228540640,https://www.saint-nazaire-tourisme.com/les-visites/les-visites-industrielles/chantiers-navals/,bardage,3,Saint-Nazaire,0228540640,2
cloture,LT Renov couverture-couvreur à Trignac & Saint-Nazaire,https://www.google.com/maps/place/LT+Renov+couverture-couvreur+%C3%A0+Trignac+%26+Saint-Nazaire/data=!4m7!3m6!1s0x4bb925eb465b2f67:0x162940290f8ba220!8m2!3d47.3035219!4d-2.1932376!16s%2Fg%2F11kpdx49zr!19sChIJZy9bRusluUsRIKKLDylAKRY?authuser=0&hl=fr&rclk=1,5.0,54,Couvreur,·,,0615327153,https://lt-renov.com/,bardage,6,Saint-Nazaire,0615327153,2
cloture,ATTILA Saint-Nazaire,https://www.google.com/maps/place/ATTILA+Saint-Nazaire/data=!4m7!3m6!1s0x480569711812c7cb:0x684aa48638aeee6e!8m2!3d47.2597034!4d-2.3073473!16s%2Fg%2F11v5j82sj1!19sChIJy8cSGHFpBUgRbu6uOIakSmg?authuser=0&hl=fr&rclk=1,5.0,6,Couvreur,·,,0251162503,https://www.attila.fr/nos-agences/attila-saint-nazaire,bardage,3,Saint-Nazaire,0251162503,2
pisciniste,Piscines Ibiza Cergy 95,https://www.google.com/maps/place/Piscines+Ibiza+Cergy+95/data=!4m7!3m6!1s0x47e6f524e501a5df:0x17cdd88d3acd0b33!8m2!3d49.0273092!4d2.1040941!16s%2Fg%2F11t2f25fv5!19sChIJ36UB5ST15kcRMwvNOo3YzRc?authuser=0&hl=fr&rclk=1,5.0,57,Société de construction de piscine,·,,0178472333,https://www.piscines-ibiza.com/distributeur/pisciniste-cergy-pontoise-95/,pisciniste,6,Cergy,0178472333,2
cloture,Clinitex Cergy - Agence de nettoyage professionnel,https://www.google.com/maps/place/Clinitex+Cergy+-+Agence+de+nettoyage+professionnel/data=!4m7!3m6!1s0x47e6f535f039b5af:0xa7d151cd280035a5!8m2!3d49.0531562!4d2.0298636!16s%2Fg%2F11l6wkjxrr!19sChIJr7U58DX15kcRpTUAKM1R0ac?authuser=0&hl=fr&rclk=1,4.7,3,Service de nettoyage et d'entretien,18 Bd de la Paix,,0344963636,https://www.clinitex.fr/agence/cergy?utm_source=GMB&utm_medium=lien&utm_campaign=Clinitex,bardage,3,Cergy,0344963636,2
cloture,UNIBEO Piscines - Troyes,https://www.google.com/maps/place/UNIBEO+Piscines+-+Troyes/data=!4m7!3m6!1s0x47eea289720ee7e7:0xb1f0048e08c43378!8m2!3d48.2915043!4d4.013648!16s%2Fg%2F1tdxvbtl!19sChIJ5-cOcomi7kcReDPECI4E8LE?authuser=0&hl=fr&rclk=1,4.5,103,Société de construction de piscine,3 Rue Robert Schuman,,0325403911,https://www.unibeo-piscines-troyes.fr/?utm_source=gmb&utm_medium=profile,pisciniste,6,Troyes,0325403911,1
cloture,Clamens Technologies - Portails - Alarmes - Automatismes - Montauban,https://www.google.com/maps/place/Clamens+Technologies+-+Portails+-+Alarmes+-+Automatismes+-+Montauban/data=!4m7!3m6!1s0x12ac126be015757f:0x88c16b96b9e8e4e5!8m2!3d44.0356051!4d1.3835029!16s%2Fg%2F1tk40hb5!19sChIJf3UV4GsSrBIR5eTouZZrwYg?authuser=0&hl=fr&rclk=1,4.6,50,Magasin de matériel de surveillance,·,,0563220202,https://clamenstechnologies.com/,cloture,4,Montauban,0563220202,2
cloture,Pisciniste montauban waterline,https://www.google.com/maps/place/Pisciniste+montauban+waterline/data=!4m7!3m6!1s0x12ac1312492cabed:0x44ab27012fe6ac3c!8m2!3d44.0487294!4d1.4085245!16s%2Fg%2F11vzthds1n!19sChIJ7assSRITrBIRPKzmLwEnq0Q?authuser=0&hl=fr&rclk=1,4.9,9,Société de construction de piscine,31 Chem. Monié,,0688471862,https://piscine-waterline.fr/,pisciniste,9,Montauban,0688471862,1
cloture,AQUA PENSEZ-VOUS ? Pisciniste MONTAUBAN,https://www.google.com/maps/place/AQUA+PENSEZ-VOUS+%3F+Pisciniste+MONTAUBAN/data=!4m7!3m6!1s0x12ac12640c053815:0x123a7d18da1b415d!8m2!3d44.0446651!4d1.3799739!16s%2Fg%2F11gg64vr44!19sChIJFTgFDGQSrBIRXUEb2hh9OhI?authuser=0&hl=fr&rclk=1,4.8,48,Société de construction de piscine,850 Rte de la Vitarelle,,0532092164,https://aquapensezvous.com/agence-montauban/?utm_source=google&utm_medium=organic&utm_campaign=gbp-montauban,pisciniste,9,Montauban,0532092164,1
cloture,Irripiscine by Irrijardin Montauban,https://www.google.com/maps/place/Irripiscine+by+Irrijardin+Montauban/data=!4m7!3m6!1s0x12ac127287f98f11:0x4121c9b83d749d30!8m2!3d44.032506!4d1.375859!16s%2Fg%2F1vgrcfd_!19sChIJEY_5h3ISrBIRMJ10PbjJIUE?authuser=0&hl=fr&rclk=1,4.3,117,Magasin de matériel pour piscines,·,,0563205896,https://www.irripiscine.fr/magasins/montauban,pisciniste,3,Montauban,0563205896,1
cloture,"EXTERALU : pergola, portail, store banne, carport, véranda à Saint-Quentin","https://www.google.com/maps/place/EXTERALU+:+pergola,+portail,+store+banne,+carport,+v%C3%A9randa+%C3%A0+Saint-Quentin/data=!4m7!3m6!1s0x47e819e43881d26b:0xb0d0796ab4a93480!8m2!3d49.8418334!4d3.2850726!16s%2Fg%2F11j22srhy4!19sChIJa9KBOOQZ6EcRgDSptGp50LA?authuser=0&hl=fr&rclk=1",4.8,159,Fabricant d'abris voiture et de pergolas,·,,0323053576,https://www.exteralu.fr/,cloture,3,Saint-Quentin,0323053576,0
cloture,Ma clôture SANIEZ - Saint-Quentin,https://www.google.com/maps/place/Ma+cl%C3%B4ture+SANIEZ+-+Saint-Quentin/data=!4m7!3m6!1s0x47e8192f83b74bc7:0xbd0a8a3dbbc730e8!8m2!3d49.854829!4d3.261289!16s%2Fg%2F11xkqx9m10!19sChIJx0u3gy8Z6EcR6DDHuz2KCr0?authuser=0&hl=fr&rclk=1,5.0,7,Entrepreneur spécialisé dans les clôtures,Rue Charles Naudin,,0327720813,https://www.macloture-saniez.com/,cloture,6,Saint-Quentin,0327720813,0
cloture,Asturienne Saint-Quentin - Matériaux de couverture pour toitures,https://www.google.com/maps/place/Asturienne+Saint-Quentin+-+Mat%C3%A9riaux+de+couverture+pour+toitures/data=!4m7!3m6!1s0x47e81865627386d5:0x9c33553b64259704!8m2!3d49.8499449!4d3.2640052!16s%2Fg%2F11btxh37bf!19sChIJ1YZzYmUY6EcRBJclZDtVM5w?authuser=0&hl=fr&rclk=1,4.5,34,Magasin de materiaux de construction,·,,0323065035,https://www.asturienne.fr/infos-agence/saint-quentin-asturienne-4924,bardage,7,Saint-Quentin,0323065035,2
cloture,Veiss Couverture - Couvreur à Evry-Courcouronnes,https://www.google.com/maps/place/Veiss+Couverture+-+Couvreur+%C3%A0+Evry-Courcouronnes/data=!4m7!3m6!1s0x47e5df4ba310d081:0xf258424e2a6d8c3b!8m2!3d48.6277061!4d2.4220642!16s%2Fg%2F11y3xg8xsb!19sChIJgdAQo0vf5UcRO4xtKk5CWPI?authuser=0&hl=fr&rclk=1,5.0,13,Couvreur,16 Rue Jacques Tati,,0658105775,https://www.veiss-couverture.fr/,bardage,6,Évry-Courcouronnes,0658105775,1
cloture,Tschoeppé Création Nantes,https://www.google.com/maps/place/Tschoepp%C3%A9+Cr%C3%A9ation+Nantes/data=!4m7!3m6!1s0x4805e57d900a3e19:0xfdeee10b46130b8e!8m2!3d47.277496!4d-1.462878!16s%2Fg%2F11kqn1wd9x!19sChIJGT4KkH3lBUgRjgsTRgvh7v0?authuser=0&hl=fr&rclk=1,5.0,52,Entrepreneur spécialisé dans les clôtures,9 Rue Jean Mermoz,,0255101330,https://www.google.com/aclk?sa=L&ai=DChsSEwj8udzj_72UAxUbrmgJHT1wIqQYACICCAEQABoCd2Y&co=1&ase=2&gclid=CjwKCAjwq6DQBhBVEiwA4ZD5XIeFZTDqdx5CqwyNQVTaBgkvZvWtxXtFm2eb_rZ5yVzXJAr2udg7CRoCqZEQAvD_BwE&cce=2&category=acrcp_v1_32&sig=AOD64_2hP4L9Jca564fG0zKCS_0flgS3Ag&adurl&q&ctype=99&nis=6,cloture,6,Nantes,0255101330,2
cloture,ID Environnement - Agence de Saint-Herblain (44),https://www.google.com/maps/place/ID+Environnement+-+Agence+de+Saint-Herblain+%2844%29/data=!4m7!3m6!1s0x4805eca7c4a809c7:0x4fc3c581f59e14c8!8m2!3d47.2025299!4d-1.6344157!16s%2Fg%2F119w7jf7c!19sChIJxwmoxKfsBUgRyBSe9YHFw08?authuser=0&hl=fr&rclk=1,4.6,23,Magasin de matériel pour clôtures,·,,0240634363,https://www.idenvironnement.fr/?utm_source=google&utm_medium=gmb&utm_campaign=Stherblain,cloture,6,Saint-Herblain,0240634363,2
cloture,Portails CPO - Portails et clôtures à Vannes,https://www.google.com/maps/place/Portails+CPO+-+Portails+et+cl%C3%B4tures+%C3%A0+Vannes/data=!4m7!3m6!1s0x480fe24823b19e21:0xb953a360a4d697d3!8m2!3d47.6339264!4d-2.6661162!16s%2Fg%2F1tgx1dxc!19sChIJIZ6xI0jiD0gR05fWpGCjU7k?authuser=0&hl=fr&rclk=1,4.8,26,Fournisseur de portes,·,,0297432626,http://www.portail-cpo.com/?utm_source=gmb,cloture,9,Vannes,0297432626,0
cloture,NARBONNE SECURITE SERRURERIE,https://www.google.com/maps/place/NARBONNE+SECURITE+SERRURERIE/data=!4m7!3m6!1s0x12b1ad971593a7b5:0xdcdbe83d63e0b05e!8m2!3d43.1909505!4d3.0070561!16s%2Fg%2F11sx55ph6t!19sChIJtaeTFZetsRIRXrDgYz3o29w?authuser=0&hl=fr&rclk=1,5.0,6,Service de serrurerie d'urgence,10 BIS Av. Carnot,,0650674543,https://www.serrurerienarbonnaise.fr/,bardage,3,Narbonne,0650674543,2
cloture,ELAGUEUR EXPRESS JARDINIER PAYSAGISTE TAILLE DE HAIES MASSY PALAISEAU VERRIERES LES BUISSONS ANTONY,https://www.google.com/maps/place/ELAGUEUR+EXPRESS+JARDINIER+PAYSAGISTE+TAILLE+DE+HAIES+MASSY+PALAISEAU+VERRIERES+LES+BUISSONS+ANTONY/data=!4m7!3m6!1s0x47e677dd9607163d:0x988717805a22f98a!8m2!3d48.7165238!4d2.2972001!16s%2Fg%2F11sdbcv9t9!19sChIJPRYHlt135kcRivkiWoAXh5g?authuser=0&hl=fr&rclk=1,4.9,18,Service d'élagage,35 Rue Henri Lenoble,,0630642907,https://www.elagage-express-massy.fr/,paysagiste,19,Massy,0630642907,2
cloture,Alligator,https://www.google.com/maps/place/Alligator/data=!4m7!3m6!1s0x47e677af7e50e1b9:0x1181a547759d5358!8m2!3d48.7282698!4d2.3017611!16s%2Fg%2F1tglgmwx!19sChIJueFQfq935kcRWFOddUelgRE?authuser=0&hl=fr&rclk=1,4.6,8,Fournisseur de systèmes de sécurité,"5 Rue Saule Trapu, Parc d'activités du Moulin de Massy",,0160135470,http://alligator-sas.fr/,bardage,3,Massy,0160135470,2
cloture,Frigoriste MASSY-PALAISEAU,https://www.google.com/maps/place/Frigoriste+MASSY-PALAISEAU/data=!4m7!3m6!1s0x47e679d5c523e201:0xd6c8147e7ce92d85!8m2!3d48.6189909!4d2.7367774!16s%2Fg%2F11lgm975v6!19sChIJAeIjxdV55kcRhS3pfH4UyNY?authuser=0&hl=fr&rclk=1,5.0,9,Fournisseur de systèmes de climatisation,·,,0695265593,https://frigoriste91.jimdofree.com/,chauffagiste,3,Massy,0695265593,2
cloture,"BTBJ - Aménagement extérieur, assainissement et terrassement à Albi, Tarn (81)","https://www.google.com/maps/place/BTBJ+-+Am%C3%A9nagement+ext%C3%A9rieur,+assainissement+et+terrassement+%C3%A0+Albi,+Tarn+%2881%29/data=!4m7!3m6!1s0x12ade64dbc90b931:0xf5ac253e38e947fc!8m2!3d43.884628!4d2.1546768!16s%2Fg%2F1tvrf6t1!19sChIJMbmQvE3mrRIR_EfpOD4lrPU?authuser=0&hl=fr&rclk=1",4.5,19,Entreprise de terrassement,·,,0664256460,http://www.btbj.fr/,paysagiste,3,Albi,0664256460,2
cloture,"David Services 81 — Peintre en bâtiment Albi (peinture intérieure, ravalement)","https://www.google.com/maps/place/David+Services+81+%E2%80%94+Peintre+en+b%C3%A2timent+Albi+%28peinture+int%C3%A9rieure,+ravalement%29/data=!4m7!3m6!1s0x12addd685b001d7d:0x26ccc5d58558d5ba!8m2!3d43.904454!4d2.143473!16s%2Fg%2F11t1j91796!19sChIJfR0AW2jdrRIRutVYhdXFzCY?authuser=0&hl=fr&rclk=1",5.0,61,Peintre en bâtiment,64 Cité de Ranteil,,0699551207,https://davidservice.fr/?utm_source=gmb,bardage,3,Albi,0699551207,2
cloture,GS Artisan Couvreur Albi - Entreprise de couverture et rénovation de toiture,https://www.google.com/maps/place/GS+Artisan+Couvreur+Albi+-+Entreprise+de+couverture+et+r%C3%A9novation+de+toiture/data=!4m7!3m6!1s0x23fe2d0caaeda25f:0xd2e398bf93bf2c31!8m2!3d43.7918754!4d2.2363386!16s%2Fg%2F11mdq88bc4!19sChIJX6Ltqgwt_iMRMSy_k7-Y49I?authuser=0&hl=fr&rclk=1,5.0,49,Couvreur,·,,0768100955,https://gs-artisan-couvreur-albi.fr/,bardage,10,Albi,0768100955,2
cloture,Locamex - Recherche Fuite Piscine Montpellier,https://www.google.com/maps/place/Locamex+-+Recherche+Fuite+Piscine+Montpellier/data=!4m7!3m6!1s0x12b135aa28842c0b:0x50dcdbd212e52019!8m2!3d43.4109551!4d3.7077961!16s%2Fg%2F11sdx_d7zx!19sChIJCyyEKKo1sRIRGSDlEtLb3FA?authuser=0&hl=fr&rclk=1,5.0,186,Entrepreneur,547 Quai des Moulins,,0672734737,https://www.locamex.org/agence/herault/,pisciniste,3,Montpellier,0672734737,1
cloture,GR Paysage,https://www.google.com/maps/place/GR+Paysage/data=!4m7!3m6!1s0x12b14d5c5c5ffc37:0xc0e2b71956cda147!8m2!3d43.484942!4d3.6712359!16s%2Fg%2F11hdt47pm2!19sChIJN_xfXFxNsRIRR6HNVhm34sA?authuser=0&hl=fr&rclk=1,4.7,20,Paysagiste,13 Av. de Sète,,0683430814,http://grpaysage.fr/,paysagiste,6,Sète,0683430814,3
cloture,"EXTERALU : pergola, portail, store banne, carport, véranda à Compiègne","https://www.google.com/maps/place/EXTERALU+:+pergola,+portail,+store+banne,+carport,+v%C3%A9randa+%C3%A0+Compi%C3%A8gne/data=!4m7!3m6!1s0x47e7d79445d1e13d:0x687df37ad9c82698!8m2!3d49.4257557!4d2.8435353!16s%2Fg%2F11q8g11lyx!19sChIJPeHRRZTX50cRmCbI2XrzfWg?authuser=0&hl=fr&rclk=1",5.0,17,Menuisier,24 TER Rue du Bataillon de France,,0365980794,https://www.exteralu.fr/,cloture,3,Compiègne,0365980794,0
cloture,Teddy Muntsch Paysagiste Gap 05 Élagueur,https://www.google.com/maps/place/Teddy+Muntsch+Paysagiste+Gap+05+%C3%89lagueur/data=!4m7!3m6!1s0x6ccb813630df59bd:0x203b36224fb4a5a2!8m2!3d44.3975854!4d6.247759!16s%2Fg%2F11y062tn1d!19sChIJvVnfMDaBy2wRoqW0TyI2OyA?authuser=0&hl=fr&rclk=1,4.8,4,Service d'élagage,·,,0643581844,https://teddy-muntsch.fr/,paysagiste,15,Gap,0643581844,2
cloture,Agence immobilière PACFA IMMOBILIER Castres,https://www.google.com/maps/place/Agence+immobili%C3%A8re+PACFA+IMMOBILIER+Castres/data=!4m7!3m6!1s0x12ae11c2ec497125:0xb852c9e9cbbc20fd!8m2!3d43.608619!4d2.239828!16s%2Fg%2F1v5wd6jv!19sChIJJXFJ7MIRrhIR_SC8y-nJUrg?authuser=0&hl=fr&rclk=1,4.8,86,Agence immobilière,·,,0563514999,http://www.pacfa-immobilier.com/,chauffagiste,3,Castres,0563514999,2
cloture,CS Terrassement Paysagiste - Aménagement extérieur Montreau-Fault-Yonne Cannes-Écluse,https://www.google.com/maps/place/CS+Terrassement+Paysagiste+-+Am%C3%A9nagement+ext%C3%A9rieur+Montreau-Fault-Yonne+Cannes-%C3%89cluse/data=!4m7!3m6!1s0x47ef438faebd1215:0x8f42d979c1db27fa!8m2!3d48.365157!4d2.9829802!16s%2Fg%2F11y19hw9rg!19sChIJFRK9ro9D70cR-ifbwXnZQo8?authuser=0&hl=fr&rclk=1,5.0,14,Entreprise de terrassement,67 Rue Désiré Thoison,,0675255215,https://www.cs-terrassement-paysagiste.com/,paysagiste,9,Cannes,0675255215,2
cloture,LOCHIN ESPACE PISCINES - Piscines et Spa en Mayenne Laval 53,https://www.google.com/maps/place/LOCHIN+ESPACE+PISCINES+-+Piscines+et+Spa+en+Mayenne+Laval+53/data=!4m7!3m6!1s0x4808fd6538810b47:0xbbbc231d7816724a!8m2!3d48.0692877!4d-0.8077286!16s%2Fg%2F1v44pt4y!19sChIJRwuBOGX9CEgRSnIWeB0jvLs?authuser=0&hl=fr&rclk=1,4.5,17,Société de construction de piscine,67 Av. de Paris,,0243690102,https://www.lochin-piscines-abrisjardin.com/,pisciniste,7,Paris,0243690102,2
cloture,Élagueur 53 - AD Espaces-Verts: Abattage Taille Élagage Arbres Haies Terrassement Clôture Mayenne Laval Rennes Angers,https://www.google.com/maps/place/%C3%89lagueur+53+-+AD+Espaces-Verts:+Abattage+Taille+%C3%89lagage+Arbres+Haies+Terrassement+Cl%C3%B4ture+Mayenne+Laval+Rennes+Angers/data=!4m7!3m6!1s0x4808ffa6c70c448f:0x48c005a85290cdf8!8m2!3d48.0417484!4d-0.738831!16s%2Fg%2F11tmhztgl1!19sChIJj0QMx6b_CEgR-M2QUqgFwEg?authuser=0&hl=fr&rclk=1,4.6,8,Service d'élagage,103 Chem. de Sainte-Hélène,,0787582751,https://adespacesverts53000.wixsite.com/elagueur,cloture,6,Rennes,0787582751,1
cloture,Abrisud Bordeaux - Showroom ouverture sur rendez-vous le samedi,https://www.google.com/maps/place/Abrisud+Bordeaux+-+Showroom+ouverture+sur+rendez-vous+le+samedi/data=!4m7!3m6!1s0xd5526b9c4bc121b:0x8dde4fba986e6550!8m2!3d44.7852687!4d-0.541177!16s%2Fg%2F11bxb9q8_p!19sChIJGxK8xLkmVQ0RUGVumLpP3o0?authuser=0&hl=fr&rclk=1,4.3,274,Société de construction de piscine,·,,0535543774,https://www.abrisud.com/,pisciniste,6,Bordeaux,0535543774,1
cloture,Couvreur Meudon - Les Ateliers de la Couverture,https://www.google.com/maps/place/Couvreur+Meudon+-+Les+Ateliers+de+la+Couverture/data=!4m7!3m6!1s0x47e67bac1645e921:0xc63aece90aa49148!8m2!3d48.8135755!4d2.2407206!16s%2Fg%2F11kk18hbfm!19sChIJIelFFqx75kcRSJGkCunsOsY?authuser=0&hl=fr&rclk=1,5.0,220,Couvreur,6 Rue Claude Dalsème,,0649575392,https://www.lesateliersdelacouverture.com/couvreur-meudon.html,bardage,6,Meudon,0649575392,2
cloture,AS Élagueur Rezé Paysagiste,https://www.google.com/maps/place/AS+%C3%89lagueur+Rez%C3%A9+Paysagiste/data=!4m7!3m6!1s0x4805e9449d87dce9:0x3898328fefc1bfc8!8m2!3d47.2263624!4d-1.5411369!16s%2Fg%2F11kp9g8g6j!19sChIJ6dyHnUTpBUgRyL_B748ymDg?authuser=0&hl=fr&rclk=1,5.0,24,Service d'élagage,·,,0780482431,https://as-elagueur-reze.fr/,paysagiste,15,Rezé,0780482431,2
paysagiste,SAM MS entreprise Elagage Paysagiste Lille,https://www.google.com/maps/place/SAM+MS+entreprise+Elagage+Paysagiste+Lille/data=!4m7!3m6!1s0x47c32b003b73f9d5:0x83b4366d3468d707!8m2!3d50.6645187!4d3.0267196!16s%2Fg%2F11vzbbg7_1!19sChIJ1flzOwArw0cRB9doNG02tIM?authuser=0&hl=fr&rclk=1,5.0,9,Paysagiste,41 Rue Simon Vollant,,0637378691,https://www.ms-elagage-paysagiste.fr/,paysagiste,9,Lille,0637378691,2
paysagiste,Du bruit dans les branches - Coach jardin | Lille,https://www.google.com/maps/place/Du+bruit+dans+les+branches+-+Coach+jardin+%7C+Lille/data=!4m7!3m6!1s0x47c329d6cb658779:0x10b65d4b802f1895!8m2!3d50.6464242!4d3.1040358!16s%2Fg%2F11rc9s9cck!19sChIJeYdly9Ypw0cRlRgvgEtdthA?authuser=0&hl=fr&rclk=1,5.0,4,Paysagiste,3 Rue Pasteur,,0769958660,https://www.dubruitdanslesbranches.fr/,paysagiste,7,Lille,0769958660,2
paysagiste,paysagiste,https://www.google.com/maps/place/paysagiste/data=!4m7!3m6!1s0x47c2d5caebfd9699:0x5720aa766a0be55f!8m2!3d50.5988015!4d3.0729588!16s%2Fg%2F1hm3lh2n7!19sChIJmZb968rVwkcRX-ULanaqIFc?authuser=0&hl=fr&rclk=1,5.0,4,Paysagiste,60 Rue de Dunkerque,,0320598147,,paysagiste,6,Dunkerque,0320598147,2
paysagiste,Designer Végétal Tourcoing - UN PETIT COIN DE NATURE,https://www.google.com/maps/place/Designer+V%C3%A9g%C3%A9tal+Tourcoing+-+UN+PETIT+COIN+DE+NATURE/data=!4m7!3m6!1s0x47c328deee4d6ae5:0x20c7be1b2111bc80!8m2!3d50.6209404!4d3.0527568!16s%2Fg%2F11f3tkdt3y!19sChIJ5WpN7t4ow0cRgLwRIRu-xyA?authuser=0&hl=fr&rclk=1,5.0,6,Jardinier,8 R. Kuhlmann,,0689643463,http://www.unpetitcoindenature.fr/,paysagiste,5,Tourcoing,0689643463,2
paysagiste,Envilan Lille Métropole,https://www.google.com/maps/place/Envilan+Lille+M%C3%A9tropole/data=!4m7!3m6!1s0x4adf2ee02ad14667:0xc797084fd5c3db84!8m2!3d50.585668!4d3.1297099!16s%2Fg%2F11vm0199mr!19sChIJZ0bRKuAu30oRhNvD1U8Il8c?authuser=0&hl=fr&rclk=1,5.0,4,Paysagiste,5031 Chem. de Phalempin,,0782864149,,paysagiste,6,Lille,0782864149,2
paysagiste,O2 Jardinage Troyes,https://www.google.com/maps/place/O2+Jardinage+Troyes/data=!4m7!3m6!1s0x47ee993b4f2dc9db:0xa5855c29ddd42599!8m2!3d48.298346!4d4.044361!16s%2Fg%2F11ghnct_t2!19sChIJ28ktTzuZ7kcRmSXU3SlchaU?authuser=0&hl=fr&rclk=1,4.9,15,Jardinier,9 Avenue Gabriel Thierry,,0214006890,https://www.google.com/aclk?sa=L&ai=DChsSEwiqwPrN272UAxUxlWgJHXEhOwAYACICCAEQAhoCd2Y&co=1&ase=2&gclid=CjwKCAjwq6DQBhBVEiwA4ZD5XHf1ZUWxWW5spi93a7tTHUFTl7RY1gKh1O_IsSQbhSTr1wZEWBItrRoCaH4QAvD_BwE&cce=2&category=acrcp_v1_32&sig=AOD64_18kk85znqoNqTMb_hVq0EdVFQoaw&adurl&q&ctype=99&nis=6,paysagiste,7,Troyes,0214006890,1
paysagiste,Chti-Elagage - Élagueur Services entretien création pelouse espaces vert abattage arbres NORD 59 Lille Faches-Thumesnil,https://www.google.com/maps/place/Chti-Elagage+-+%C3%89lagueur+Services+entretien+cr%C3%A9ation+pelouse+espaces+vert+abattage+arbres+NORD+59+Lille+Faches-Thumesnil/data=!4m7!3m6!1s0x47c2d436e9385779:0xfe5c67a6cfa83270!8m2!3d50.5904702!4d3.0744482!16s%2Fg%2F11c0w01mrc!19sChIJeVc46TbUwkcRcDKoz6ZnXP4?authuser=0&hl=fr&rclk=1,4.8,120,Service d'élagage,198 Rue Henri Dillies,,0662955147,https://contact169839.wixsite.com/elagueur59,paysagiste,7,Lille,0662955147,2
paysagiste,LS Elag | Élagage et abattage d'arbres - Rennes,https://www.google.com/maps/place/LS+Elag+%7C+%C3%89lagage+et+abattage+d%27arbres+-+Rennes/data=!4m7!3m6!1s0x480edff709c23c1f:0x414c514b0a1c86e1!8m2!3d48.1265506!4d-1.6830597!16s%2Fg%2F11xh2c33zx!19sChIJHzzCCfffDkgR4YYcCktRTEE?authuser=0&hl=fr&rclk=1,4.9,25,Paysagiste,65 Av. Gros Malhon,,0662244771,https://ls-elag.e-monsite.com/,paysagiste,9,Rennes,0662244771,2
paysagiste,"VIVASERVICES RENNES - Ménage, Aide aux personnes âgées et handicapées, Jardinage, Bricolage à Rennes","https://www.google.com/maps/place/VIVASERVICES+RENNES+-+M%C3%A9nage,+Aide+aux+personnes+%C3%A2g%C3%A9es+et+handicap%C3%A9es,+Jardinage,+Bricolage+%C3%A0+Rennes/data=!4m7!3m6!1s0x480edf489ddbb4c3:0x29b2147760ef8355!8m2!3d48.1096076!4d-1.6561338!16s%2Fg%2F11h3mtcyfl!19sChIJw7TbnUjfDkgRVYPvYHcUsik?authuser=0&hl=fr&rclk=1",4.9,84,Agence de services d'aide à domicile,·,,0299278572,https://www.vivaservices.fr/agences/rennes-est?source=98&utm_source=GMB&utm_campaign=GMB-rennes,paysagiste,4,Rennes,0299278572,2
paysagiste,SENSÉA PAYSAGE - Votre paysagiste à Reims,https://www.google.com/maps/place/SENS%C3%89A+PAYSAGE+-+Votre+paysagiste+%C3%A0+Reims/data=!4m7!3m6!1s0x47e975dc3c2ce9d3:0xf90c20857d039e6e!8m2!3d49.2737564!4d4.0898318!16s%2Fg%2F1txfngvx!19sChIJ0-ksPNx16UcRbp4DfYUgDPk?authuser=0&hl=fr&rclk=1,4.8,97,Paysagiste,·,,0326976112,http://www.senseapaysage.fr/,paysagiste,6,Reims,0326976112,1
paysagiste,Entourage Vert Paysagiste Épernay-Reims,https://www.google.com/maps/place/Entourage+Vert+Paysagiste+%C3%89pernay-Reims/data=!4m7!3m6!1s0x47e96b8708b7f8d9:0xfe60b9121f4f8be1!8m2!3d49.0488597!4d3.9527292!16s%2Fg%2F11bccjvr79!19sChIJ2fi3CIdr6UcR4YtPHxK5YP4?authuser=0&hl=fr&rclk=1,4.9,39,Paysagiste,·,,0677279108,http://www.entouragevert.com/,paysagiste,7,Reims,0677279108,1
paysagiste,Elagage Pierrot - Services Espaces Verts Reims,https://www.google.com/maps/place/Elagage+Pierrot+-+Services+Espaces+Verts+Reims/data=!4m7!3m6!1s0x4d1a7fe6dbbb30df:0x23694fbac55701d7!8m2!3d48.872864!4d4.6373455!16s%2Fg%2F11sn7qk0w8!19sChIJ3zC72-Z_Gk0R1wFXxbpPaSM?authuser=0&hl=fr&rclk=1,4.8,33,Service d'élagage,·,,0619776279,,paysagiste,4,Reims,0619776279,1
paysagiste,M. Corand - Elagage - Taille De Haies - Espaces Verts - Elagueur - Jardinier - Reims,https://www.google.com/maps/place/M.+Corand+-+Elagage+-+Taille+De+Haies+-+Espaces+Verts+-+Elagueur+-+Jardinier+-+Reims/data=!4m7!3m6!1s0x8272c874dbf0676d:0x7b9207e2e32b32b0!8m2!3d48.96153!4d4.2177832!16s%2Fg%2F11wxkqcdyv!19sChIJbWfw23TIcoIRsDIr4-IHkns?authuser=0&hl=fr&rclk=1,5.0,15,Paysagiste,·,,0779493396,,paysagiste,20,Reims,0779493396,1
paysagiste,"Élagage, Abattage & Taille de Haie Reims - Élagueur Grimpeur Marne 51","https://www.google.com/maps/place/%C3%89lagage,+Abattage+%26+Taille+de+Haie+Reims+-+%C3%89lagueur+Grimpeur+Marne+51/data=!4m7!3m6!1s0x47e975f71a7d5ead:0xf9cb4bb1c153c50c!8m2!3d49.2562314!4d4.0341509!16s%2Fg%2F11n3lmbttn!19sChIJrV59Gvd16UcRDMVTwbFLy_k?authuser=0&hl=fr&rclk=1",5.0,5,Paysagiste,8 Rue Bertin A,,0359284572,https://reims-elagage.fr/,paysagiste,15,Reims,0359284572,1
paysagiste,Decovrac Reims-Muizon,https://www.google.com/maps/place/Decovrac+Reims-Muizon/data=!4m7!3m6!1s0x47e90b8423ccb043:0xcaa19aba59b1549f!8m2!3d49.2790206!4d3.9223484!16s%2Fg%2F11jcjcz448!19sChIJQ7DMI4QL6UcRn1SxWbqaoco?authuser=0&hl=fr&rclk=1,4.9,76,Magasin d'articles pour l'aménagement paysager,·,,0624241840,https://www.decovrac.net/decovrac-reims/?utm_source=google&utm_medium=GoogleBusinessProfile&utm_campaign=reims-gmb-acces-site,paysagiste,6,Reims,0624241840,1
paysagiste,REnovMOI - Architecte d'intérieur et Décoratrice à Reims,https://www.google.com/maps/place/REnovMOI+-+Architecte+d%27int%C3%A9rieur+et+D%C3%A9coratrice+%C3%A0+Reims/data=!4m7!3m6!1s0x61bf3ee372cf6799:0x7a40a6ef2c17ee39!8m2!3d49.267579!4d4.01172!16s%2Fg%2F11smjbf6n4!19sChIJmWfPcuM-v2EROe4XLO-mQHo?authuser=0&hl=fr&rclk=1,5.0,28,Cabinet d'architecte d'intérieur,Rue Michel Ange,,0681855331,https://renovmoi-reims.com/,bardage,3,Reims,0681855331,2
paysagiste,PLANDA Architectes Reims D.P.L.G,https://www.google.com/maps/place/PLANDA+Architectes+Reims+D.P.L.G/data=!4m7!3m6!1s0x47e97504e1fdfb97:0x1d7a60d442df96be!8m2!3d49.2530727!4d4.0253365!16s%2Fg%2F124stvsrr!19sChIJl_v94QR16UcRvpbfQtRgeh0?authuser=0&hl=fr&rclk=1,5.0,12,Architecte,51 Rue de Thillois,,0326052450,http://www.instagram.com/planda.architectes,bardage,3,Reims,0326052450,2
paysagiste,Ideal Services Reims,https://www.google.com/maps/place/Ideal+Services+Reims/data=!4m7!3m6!1s0x47e9769f0e6aa29d:0x8e9f9e26410edcf7!8m2!3d49.2342136!4d4.0717543!16s%2Fg%2F1tgq5zld!19sChIJnaJqDp926UcR99wOQSaen44?authuser=0&hl=fr&rclk=1,4.7,3,Paysagiste,6 Rue Clément Ader,,0310730090,http://www.idealservices.fr/,paysagiste,6,Reims,0310730090,1
paysagiste,MTS élagage Le Havre,https://www.google.com/maps/place/MTS+%C3%A9lagage+Le+Havre/data=!4m7!3m6!1s0x47e031747bd35add:0x99f77ef6a5dc8778!8m2!3d49.4959176!4d0.1813641!16s%2Fg%2F11r_gl24mm!19sChIJ3VrTe3Qx4EcReIfcpfZ-95k?authuser=0&hl=fr&rclk=1,5.0,60,Service d'élagage,430 Blvd. Jules Durand,,0768008309,https://www.mts-elagage.fr/,paysagiste,3,Le Havre,0768008309,2
paysagiste,"VIVASERVICES LE HAVRE, MONTIVILLIERS - Ménage, Nounou, Jardinage","https://www.google.com/maps/place/VIVASERVICES+LE+HAVRE,+MONTIVILLIERS+-+M%C3%A9nage,+Nounou,+Jardinage/data=!4m7!3m6!1s0x47e02f78c65085bb:0x21759340daeeae73!8m2!3d49.4913508!4d0.1015519!16s%2Fg%2F11spx8c3td!19sChIJu4VQxngv4EcRc67u2kCTdSE?authuser=0&hl=fr&rclk=1",4.8,103,Agence de services d'aide à domicile,·,,0278930506,https://www.vivaservices.fr/agences/le-havre/?source=98&utm_source=GMB&utm_campaign=GMB-le-havre,paysagiste,4,Le Havre,0278930506,2
paysagiste,"Maison et Services Saint-Étienne | Ménage, repassage, jardinage, nettoyage des vitres","https://www.google.com/maps/place/Maison+et+Services+Saint-%C3%89tienne+%7C+M%C3%A9nage,+repassage,+jardinage,+nettoyage+des+vitres/data=!4m7!3m6!1s0x47f5ab05ceee0b03:0x10af4da3893aa133!8m2!3d45.481685!4d4.385644!16s%2Fg%2F1tdqswxb!19sChIJAwvuzgWr9UcRM6E6iaNNrxA?authuser=0&hl=fr&rclk=1",4.9,153,Service de ménage,4 Rue du Moulin Picon,,0477536503,https://www.maison-et-services.com/trouver-mon-prestataire/france/auvergne-rhone-alpes/loire/maison-services-saint-etienne?utm_source=GoogleMyBusiness&utm_medium=organic,paysagiste,4,Saint-Étienne,0477536503,2
paysagiste,HYDRALIANS SOMAIR GERVAT Saint-Étienne,https://www.google.com/maps/place/HYDRALIANS+SOMAIR+GERVAT+Saint-%C3%89tienne/data=!4m7!3m6!1s0x47f5abf3f251d4ab:0x28564e91c1e5c601!8m2!3d45.4580884!4d4.4024356!16s%2Fg%2F1tj5khkk!19sChIJq9RR8vOr9UcRAcblwZFOVig?authuser=0&hl=fr&rclk=1,4.8,18,Magasin de matériel pour piscines,26 Rue Victor Grignard,,0477439440,https://www.hydralians.fr/?y_source=1_NDU4NTUxNTctNzE1LWxvY2F0aW9uLndlYnNpdGU%3D,pisciniste,3,Saint-Étienne,0477439440,1
paysagiste,Par Nature - Paysagiste Angers,https://www.google.com/maps/place/Par+Nature+-+Paysagiste+Angers/data=!4m7!3m6!1s0x938bbe1c7ecf8c9:0x7601a5322dedf18a!8m2!3d47.4480469!4d-0.5554961!16s%2Fg%2F11nyqqjq6t!19sChIJyfjsx-G7OAkRivHtLTKlAXY?authuser=0&hl=fr&rclk=1,5.0,5,Paysagiste,Rue de Salpinte,,0633460485,,paysagiste,6,Angers,0633460485,2
paysagiste,Michaël JAUNET - Mon jardinier conseil - Coach jardin et guide botanique,https://www.google.com/maps/place/Micha%C3%ABl+JAUNET+-+Mon+jardinier+conseil+-+Coach+jardin+et+guide+botanique/data=!4m7!3m6!1s0x480879bdee7be217:0xe647c49507c40891!8m2!3d47.5061737!4d-0.5185608!16s%2Fg%2F11c6db7lqk!19sChIJF-J77r15CEgRkQjEB5XER-Y?authuser=0&hl=fr&rclk=1,4.9,93,Architecte paysagiste,54 Rte d'Angers,,0681257185,https://www.mon-jardinier-conseil.fr/,paysagiste,10,Angers,0681257185,2
paysagiste,Cré-actif - Paysagiste jardinier - entretien et création - Angers,https://www.google.com/maps/place/Cr%C3%A9-actif+-+Paysagiste+jardinier+-+entretien+et+cr%C3%A9ation+-+Angers/data=!4m7!3m6!1s0x4808792d19649c11:0xe2d620e37e643b14!8m2!3d47.5300413!4d-0.6466273!16s%2Fg%2F11c6cqx7fp!19sChIJEZxkGS15CEgRFDtkfuMg1uI?authuser=0&hl=fr&rclk=1,4.9,7,Paysagiste,Lieu dit les bois,,0677147179,https://cre-actif49.fr/,paysagiste,10,Angers,0677147179,2
paysagiste,Arboriste & co - Élagueur à Angers,https://www.google.com/maps/place/Arboriste+%26+co+-+%C3%89lagueur+%C3%A0+Angers/data=!4m7!3m6!1s0x4a2f975fb0fd2ef5:0x14627ed82469534d!8m2!3d47.4719934!4d-0.5513209!16s%2Fg%2F11m6bdp5yk!19sChIJ9S79sF-XL0oRTVNpJNh-YhQ?authuser=0&hl=fr&rclk=1,5.0,8,Paysagiste,25 Rue Lenepveu,,0667318325,http://www.arboristeandco.fr/,paysagiste,15,Angers,0667318325,2
paysagiste,Piscines de France - Pisciniste Angers (49) - Construction de piscine,https://www.google.com/maps/place/Piscines+de+France+-+Pisciniste+Angers+%2849%29+-+Construction+de+piscine/data=!4m7!3m6!1s0x4807d62d148084e9:0x2de2a02251a6ba95!8m2!3d47.4295001!4d-0.5419679!16s%2Fg%2F1hc1cc_9p!19sChIJ6YSAFC3WB0gRlbqmUSKg4i0?authuser=0&hl=fr&rclk=1,4.5,99,Société de construction de piscine,·,,0241575107,https://www.piscines-de-france.fr/,pisciniste,9,Angers,0241575107,0
paysagiste,"JR Elagage, abattage, dessouchage, paysagiste taille","https://www.google.com/maps/place/JR+Elagage,+abattage,+dessouchage,+paysagiste+taille/data=!4m7!3m6!1s0x4808791d48a090eb:0x9bc8153b963f8f31!8m2!3d47.4968436!4d-0.5258839!16s%2Fg%2F11p9snht5h!19sChIJ65CgSB15CEgRMY8_ljsVyJs?authuser=0&hl=fr&rclk=1",5.0,21,Service d'élagage,163 Rte d'Angers,,0682207532,https://www.jrelagageabattage.fr/,paysagiste,9,Angers,0682207532,2
paysagiste,COCAULT MAÇONNERIE ANGERS,https://www.google.com/maps/place/COCAULT+MA%C3%87ONNERIE+ANGERS/data=!4m7!3m6!1s0x48087dd0ea1348eb:0xf0d24dc2202cb8fb!8m2!3d47.5319665!4d-0.6243748!16s%2Fg%2F1vc6csld!19sChIJ60gT6tB9CEgR-7gsIMJN0vA?authuser=0&hl=fr&rclk=1,4.9,45,Paysagiste,·,,0241427079,https://cocault-maconnerie-angers.fr/,paysagiste,6,Angers,0241427079,2
paysagiste,"Maison et Services Clermont-Ferrand | Ménage, repassage, jardinage & nettoyage des vitres","https://www.google.com/maps/place/Maison+et+Services+Clermont-Ferrand+%7C+M%C3%A9nage,+repassage,+jardinage+%26+nettoyage+des+vitres/data=!4m7!3m6!1s0x47f71dbd824a5b83:0x2a11eac32c2e916f!8m2!3d45.7441733!4d3.1684334!16s%2Fg%2F11gjzmbyx5!19sChIJg1tKgr0d90cRb5EuLMPqESo?authuser=0&hl=fr&rclk=1",4.7,63,Service de ménage,7 Rue Maurice Bellonte,,0473593842,https://www.maison-et-services.com/trouver-mon-prestataire/france/auvergne-rhone-alpes/puy-de-dome/maison-services-clermont-ferrand?utm_source=GoogleMyBusiness&utm_medium=organic,paysagiste,4,Clermont-Ferrand,0473593842,1
paysagiste,"VIVASERVICES Clermont-Ferrand | Service d'aide à domicile, Ménage, aide aux personnes âgées, Jardinage","https://www.google.com/maps/place/VIVASERVICES+Clermont-Ferrand+%7C+Service+d%27aide+%C3%A0+domicile,+M%C3%A9nage,+aide+aux+personnes+%C3%A2g%C3%A9es,+Jardinage/data=!4m7!3m6!1s0x47f71b7167cba78b:0xc0ef24dca58d2196!8m2!3d45.776099!4d3.088981!16s%2Fg%2F11t29m41v3!19sChIJi6fLZ3Eb90cRliGNpdwk78A?authuser=0&hl=fr&rclk=1",5.0,84,Agence de services d'aide à domicile,·,,0415540350,https://www.vivaservices.fr/agences/clermont-ferrand/?source=98&utm_source=GMB&utm_campaign=GMB-clermont-ferrand,paysagiste,4,Clermont-Ferrand,0415540350,1
paysagiste,LEROY PAYSAGES Le Mans,https://www.google.com/maps/place/LEROY+PAYSAGES+Le+Mans/data=!4m7!3m6!1s0x47e28610466ac8eb:0x5e243c1b0e10b870!8m2!3d48.0125767!4d0.1540567!16s%2Fg%2F11fj2fs2xy!19sChIJ68hqRhCG4kcRcLgQDhs8JF4?authuser=0&hl=fr&rclk=1,5.0,5,Paysagiste,·,,0243533012,http://www.leroypaysages.fr/,paysagiste,6,Le Mans,0243533012,3
paysagiste,Mc Espaces Verts Le Mans 72 - arboriste-Sarthe 72 paysagiste-espace vert-entretien de vos jardin-Élagage -Abattage-Jardinier,https://www.google.com/maps/place/Mc+Espaces+Verts+Le+Mans+72+-+arboriste-Sarthe+72+paysagiste-espace+vert-entretien+de+vos+jardin-%C3%89lagage+-Abattage-Jardinier/data=!4m7!3m6!1s0x47e29b72e4553d03:0x1d0b7fee80864b75!8m2!3d47.9050191!4d0.1639676!16s%2Fg%2F11lkdzchw5!19sChIJAz1V5HKb4kcRdUuGgO5_Cx0?authuser=0&hl=fr&rclk=1,5.0,4,Paysagiste,24 Bd Sirius,,0624729504,https://www.facebook.com/profile.php?id=100075943628357,paysagiste,17,Le Mans,0624729504,3
paysagiste,Garden Park Concept - Agence de Brest - Revêtements extérieurs de qualité,https://www.google.com/maps/place/Garden+Park+Concept+-+Agence+de+Brest+-+Rev%C3%AAtements+ext%C3%A9rieurs+de+qualit%C3%A9/data=!4m7!3m6!1s0x4816bb85d4fd0bb9:0xbfd879d1a32cf4a1!8m2!3d48.4304169!4d-4.451703!16s%2Fg%2F11t2ydjsmc!19sChIJuQv91IW7FkgRofQso9F52L8?authuser=0&hl=fr&rclk=1,4.9,51,Paysagiste,·,,0675325481,https://gardenparkconcept.com/agences-amenagements-exterieurs/garden-park-concept-brest/,paysagiste,6,Brest,0675325481,1
paysagiste,"Ti Liorzh Services - Ménage, repassage et jardinage à domicile à Brest","https://www.google.com/maps/place/Ti+Liorzh+Services+-+M%C3%A9nage,+repassage+et+jardinage+%C3%A0+domicile+%C3%A0+Brest/data=!4m7!3m6!1s0x4816bbde67b9edcd:0x8d65b2181228763f!8m2!3d48.3878065!4d-4.4885126!16s%2Fg%2F11f5bns16s!19sChIJze25Z967FkgRP3YoEhiyZY0?authuser=0&hl=fr&rclk=1",4.8,125,Service de ménage,8 Rue J-B Boussingault,,0298444035,https://www.ti-liorzh-services.fr/,paysagiste,4,Brest,0298444035,1
paysagiste,"APEF Brest Est - Aide à domicile, Ménage, Jardinage et Garde d'enfants","https://www.google.com/maps/place/APEF+Brest+Est+-+Aide+%C3%A0+domicile,+M%C3%A9nage,+Jardinage+et+Garde+d%27enfants/data=!4m7!3m6!1s0x4816bbfbea0f4d75:0xe406ba65f1e8b946!8m2!3d48.3978627!4d-4.4541962!16s%2Fg%2F11rtd793k2!19sChIJdU0P6vu7FkgRRrno8WW6BuQ?authuser=0&hl=fr&rclk=1",4.9,11,Agence de services d'aide à domicile,8 Rue la Bruyère,,0298341082,https://www.apef.fr/nos-agences/apef-brest-est?utm_source=gmb,paysagiste,4,Brest,0298341082,1
paysagiste,MT PAYSAGE - Amiens,https://www.google.com/maps/place/MT+PAYSAGE+-+Amiens/data=!4m7!3m6!1s0xa78aa8fac66cc9af:0xc5ceb7191fc2ed0f!8m2!3d49.90375!4d2.2724!16s%2Fg%2F11vzbd7s3n!19sChIJr8lsxvqoiqcRD-3CHxm3zsU?authuser=0&hl=fr&rclk=1,5.0,12,Paysagiste,18 Rue Petin,,0682696131,https://www.paysagiste-amiens.fr/,paysagiste,6,Amiens,0682696131,2
paysagiste,"M.sauzer Service, Paysagiste sur Amiens et ces alentours, élagage, taille de haie, abattage d’arbres.","https://www.google.com/maps/place/M.sauzer+Service,+Paysagiste+sur+Amiens+et+ces+alentours,+%C3%A9lagage,+taille+de+haie,+abattage+d%E2%80%99arbres./data=!4m7!3m6!1s0xb9d65a491aea303:0xff156ab94c81a236!8m2!3d49.8987104!4d2.2846814!16s%2Fg%2F11wg8ddhsx!19sChIJA6OukaRlnQsRNqKBTLlqFf8?authuser=0&hl=fr&rclk=1",5.0,11,Paysagiste,·,,0641114465,https://m-sauzer-service.fr/,paysagiste,9,Amiens,0641114465,2
paysagiste,"Le Vieux Chêne-Elagage Abattage taille d’arbres fruitiers entretien de jardin taille de haie rognage de souche, Amiens","https://www.google.com/maps/place/Le+Vieux+Ch%C3%AAne-Elagage+Abattage+taille+d%E2%80%99arbres+fruitiers+entretien+de+jardin+taille+de+haie+rognage+de+souche,+Amiens/data=!4m7!3m6!1s0x47e785227da3a659:0x301d1936837a8d8e!8m2!3d49.8624517!4d2.3417797!16s%2Fg%2F11rrprq0vx!19sChIJWaajfSKF50cRjo16gzYZHTA?authuser=0&hl=fr&rclk=1",4.5,41,Service d'élagage,33 rue de la Tapie,,0611591605,https://www.entreprise-vieux-chene.fr/,paysagiste,4,Amiens,0611591605,2
paysagiste,BS-SERVICE couvreur toiture amiens,https://www.google.com/maps/place/BS-SERVICE+couvreur+toiture+amiens/data=!4m7!3m6!1s0x82884023fded099f:0x96bd419ba83600a!8m2!3d49.9052832!4d2.2724076!16s%2Fg%2F11s786q0gf!19sChIJnwnt_SNAiIIRCmCDuhnUawk?authuser=0&hl=fr&rclk=1,5.0,16,Paysagiste,349 Rue Fbg de Hem,,0612536327,https://www.tiktok.com/@bsservice.amiens,bardage,3,Amiens,0612536327,2
paysagiste,ROCKO ÉLAGAGE - Élagueur Amiens | Taille Abattage d'Arbres Haies Débroussaillage Entretien Espaces-Verts 80 Somme Boves,https://www.google.com/maps/place/ROCKO+%C3%89LAGAGE+-+%C3%89lagueur+Amiens+%7C+Taille+Abattage+d%27Arbres+Haies+D%C3%A9broussaillage+Entretien+Espaces-Verts+80+Somme+Boves/data=!4m7!3m6!1s0x47e78f5e707caae5:0x63164ec5948f7efe!8m2!3d49.7154543!4d1.2649846!16s%2Fg%2F11sgkyrjv8!19sChIJ5ap8cF6P50cR_n6PlMVOFmM?authuser=0&hl=fr&rclk=1,4.9,16,Service d'élagage,·,,0628833497,https://weisschennzy.wixsite.com/accueil,paysagiste,7,Amiens,0628833497,2
paysagiste,Artisan Merchier limoges jardinier Elagage abattage taille de haie Multi services,https://www.google.com/maps/place/Artisan+Merchier+limoges+jardinier+Elagage+abattage+taille+de+haie+Multi+services/data=!4m7!3m6!1s0x4d58eee709b24759:0xcea63b8304f2367!8m2!3d45.9378654!4d1.1862167!16s%2Fg%2F11t9wqlgz5!19sChIJWUeyCefuWE0RZyNPMLhj6gw?authuser=0&hl=fr&rclk=1,5.0,5,Service d'élagage,·,,0652212829,,paysagiste,7,Limoges,0652212829,0
paysagiste,Tom Pouce Vert,https://www.google.com/maps/place/Tom+Pouce+Vert/data=!4m7!3m6!1s0x47f92fb87d081709:0xf14bebdaea282c6!8m2!3d45.7759154!4d1.3224919!16s%2Fg%2F11fxz_xjsp!19sChIJCRcIfbgv-UcRxoKirr2-FA8?authuser=0&hl=fr&rclk=1,4.7,31,Paysagiste,11 Rte de Limoges,,0782412745,http://www.tompoucevert.com/,paysagiste,7,Limoges,0782412745,0
paysagiste,Jardinier limoges entreprise Instants-verts87,https://www.google.com/maps/place/Jardinier+limoges+entreprise+Instants-verts87/data=!4m7!3m6!1s0x4686e04768aab129:0xa5df58a4f9c60c9d!8m2!3d45.2548483!4d0.7031742!16s%2Fg%2F11yn6n1y35!19sChIJKbGqaEfghkYRnQzG-aRY36U?authuser=0&hl=fr&rclk=1,4.7,3,Jardinier,·,,0603906090,,paysagiste,5,Limoges,0603906090,0
paysagiste,JEFF SERVICES,https://www.google.com/maps/place/JEFF+SERVICES/data=!4m7!3m6!1s0x47fecbb65d980947:0xfe29921b8b8e90ae!8m2!3d45.833619!4d1.261105!16s%2Fg%2F11vwjfwlh5!19sChIJRwmYXbbL_kcRrpCOixuSKf4?authuser=0&hl=fr&rclk=1,5.0,4,Jardinier,111 Av. de Limoges,,0652314718,https://www.jeff-services.fr/,paysagiste,4,Limoges,0652314718,0
paysagiste,Entreprise ROUTYA Artisan Jardinier Paysagiste Perpignan,https://www.google.com/maps/place/Entreprise+ROUTYA+Artisan+Jardinier+Paysagiste+Perpignan/data=!4m7!3m6!1s0x12b06f4a0781394f:0x934c37d8d14ca6d9!8m2!3d42.7402569!4d2.9173577!16s%2Fg%2F11gv0wwl2_!19sChIJTzmBB0pvsBIR2aZM0dg3TJM?authuser=0&hl=fr&rclk=1,4.7,33,Paysagiste,3 Rue Alexis Danan,,0677371485,http://www.artisan-routya-espaces-verts.com/,paysagiste,10,Perpignan,0677371485,1
paysagiste,Élagage Perpignan 66,https://www.google.com/maps/place/%C3%89lagage+Perpignan+66/data=!4m7!3m6!1s0x12b06f4eacf29ac3:0x437aae410eb1a95d!8m2!3d30.6959409!4d-49.8171262!16s%2Fg%2F11gxnv_yq4!19sChIJw5ryrE5vsBIRXamxDkGuekM?authuser=0&hl=fr&rclk=1,4.9,74,Service d'élagage,·,,0622707675,,paysagiste,3,Perpignan,0622707675,1
paysagiste,Coupe Feuilles Jardinier Perpignan 66,https://www.google.com/maps/place/Coupe+Feuilles+Jardinier+Perpignan+66/data=!4m7!3m6!1s0x2f9cf10643c38091:0x66f4c6fb1dff5f4f!8m2!3d42.6257304!4d2.449662!16s%2Fg%2F11y19qqwlv!19sChIJkYDDQwbxnC8RT1__HfvG9GY?authuser=0&hl=fr&rclk=1,5.0,12,Jardinier,·,,0615814498,https://www.instagram.com/coupefeuilles/,paysagiste,4,Perpignan,0615814498,1
paysagiste,"Maison et Services Perpignan | Ménage, repassage, jardinage et nettoyage de vitres","https://www.google.com/maps/place/Maison+et+Services+Perpignan+%7C+M%C3%A9nage,+repassage,+jardinage+et+nettoyage+de+vitres/data=!4m7!3m6!1s0x12b06fb142e00be1:0xe5a829e2abce3fa8!8m2!3d42.7306185!4d2.8952646!16s%2Fg%2F1wfz14bg!19sChIJ4QvgQrFvsBIRqD_Oq-IpqOU?authuser=0&hl=fr&rclk=1",4.6,51,Service de ménage,·,,0688081541,https://www.maison-et-services.com/trouver-mon-prestataire/france/occitanie/pyrenees-orientales/maison-services-perpignan,paysagiste,4,Perpignan,0688081541,1
paysagiste,Paysagiste Perpignan (Gazon synthétique),https://www.google.com/maps/place/Paysagiste+Perpignan+%28Gazon+synth%C3%A9tique%29/data=!4m7!3m6!1s0x12b06f21fc09f40f:0x16b702569e1cc7b7!8m2!3d42.6257304!4d2.449662!16s%2Fg%2F11nh99z9bx!19sChIJD_QJ_CFvsBIRt8ccnlYCtxY?authuser=0&hl=fr&rclk=1,5.0,5,Paysagiste,·,,0667702449,,paysagiste,6,Perpignan,0667702449,1
paysagiste,"APEF Perpignan Ouest - Aide à domicile, Ménage, Jardinage et Garde d'enfants","https://www.google.com/maps/place/APEF+Perpignan+Ouest+-+Aide+%C3%A0+domicile,+M%C3%A9nage,+Jardinage+et+Garde+d%27enfants/data=!4m7!3m6!1s0x12b06f6774a7da5f:0xda713d3eb6c5f241!8m2!3d42.6961786!4d2.8894866!16s%2Fg%2F11s4rv6pcr!19sChIJX9qndGdvsBIRQfLFtj49cdo?authuser=0&hl=fr&rclk=1",4.9,41,Agence de services d'aide à domicile,·,,0430440280,https://www.apef.fr/nos-agences/apef-perpignan-ouest?utm_source=gmb,paysagiste,4,Perpignan,0430440280,1
paysagiste,Quentin Labous Espaces Verts Besançon,https://www.google.com/maps/place/Quentin+Labous+Espaces+Verts+Besan%C3%A7on/data=!4m7!3m6!1s0x6a60c3e23d56c819:0xef91ae1fc1686356!8m2!3d47.2778163!4d6.1160254!16s%2Fg%2F11tjw9zm1c!19sChIJGchWPeLDYGoRVmNowR-uke8?authuser=0&hl=fr&rclk=1,5.0,8,Jardinier,1 Rue des Groseilliers,,0674827685,https://www.facebook.com/share/1JsDXHQVZE/?mibextid=LQQJ4d,paysagiste,5,Besançon,0674827685,1
pisciniste,Loon Piscines & Spas - Hydro Sud Besançon,https://www.google.com/maps/place/Loon+Piscines+%26+Spas+-+Hydro+Sud+Besan%C3%A7on/data=!4m7!3m6!1s0x478d63d26ba1e8b1:0x478da77f716b9e8a!8m2!3d47.2513008!4d5.9652948!16s%2Fg%2F124sxxmvc!19sChIJseiha9JjjUcRip5rcX-njUc?authuser=0&hl=fr&rclk=1,4.4,176,Société de construction de piscine,·,,0381590047,https://www.loon-piscines.fr/?utm_source=gmb,pisciniste,8,Besançon,0381590047,0
paysagiste,Vert & Net Besançon,https://www.google.com/maps/place/Vert+%26+Net+Besan%C3%A7on/data=!4m7!3m6!1s0x272a15a0f2c34633:0x2712a1e25ee823fb!8m2!3d47.261379!4d6.044831!16s%2Fg%2F11x_1s_bbd!19sChIJM0bD8qAVKicR-yPoXuKhEic?authuser=0&hl=fr&rclk=1,5.0,13,Paysagiste,·,,0652172610,https://www.vert-et-net.com/,paysagiste,7,Besançon,0652172610,1
paysagiste,"Instinct Jardin, paysagiste Rouen","https://www.google.com/maps/place/Instinct+Jardin,+paysagiste+Rouen/data=!4m7!3m6!1s0x47e0d214ce7590d9:0xad443a6c758cb1ef!8m2!3d49.5031467!4d1.3516598!16s%2Fg%2F11clw72tvf!19sChIJ2ZB1zhTS4EcR77GMdWw6RK0?authuser=0&hl=fr&rclk=1",5.0,59,Paysagiste,168 Rue Sainte-Anne,,0616776516,https://www.instinct-jardin.fr/,paysagiste,7,Rouen,0616776516,2
paysagiste,Simon Elagage - Paysagiste Rouen,https://www.google.com/maps/place/Simon+Elagage+-+Paysagiste+Rouen/data=!4m7!3m6!1s0x47e0dd954d5f4013:0xcafaf03b89645f5f!8m2!3d49.4830961!4d1.1053819!16s%2Fg%2F1tg9rztt!19sChIJE0BfTZXd4EcRX19kiTvw-so?authuser=0&hl=fr&rclk=1,5.0,6,Service d'élagage,43 Chem. des Coquets,,0285730113,http://simon-elagage.com/,paysagiste,9,Rouen,0285730113,2
paysagiste,"SAMUEL R. Elagage Abattage : Rouen 76 Abattage d'arbres, Taille de dessouchage Étêtage entretien de jardin","https://www.google.com/maps/place/SAMUEL+R.+Elagage+Abattage+:+Rouen+76+Abattage+d%27arbres,+Taille+de+dessouchage+%C3%89t%C3%AAtage+entretien+de+jardin/data=!4m7!3m6!1s0x47e0df686ae7b0ab:0xbe4a3b301ad71035!8m2!3d49.4317232!4d1.0841703!16s%2Fg%2F11n1238m93!19sChIJq7Dnamjf4EcRNRDXGjA7Sr4?authuser=0&hl=fr&rclk=1",4.6,19,Service d'élagage,57 Av. de Bretagne,,0630887401,https://www.elagueur-paysagiste-76.fr/,paysagiste,4,Rouen,0630887401,2
paysagiste,WISS ELAGAGE 76 Sotteville-Lès-Rouen,https://www.google.com/maps/place/WISS+ELAGAGE+76+Sotteville-L%C3%A8s-Rouen/data=!4m7!3m6!1s0x47e0df3e54dfe3c3:0x7181a762ca0ed00!8m2!3d49.4239554!4d1.1077531!16s%2Fg%2F11pv9h9bq0!19sChIJw-PfVD7f4EcRAO2gLHYaGAc?authuser=0&hl=fr&rclk=1,4.7,15,Service d'élagage,4 Chem. de Halage,,0631023139,https://www.wiss-andre-elagage.fr/,paysagiste,3,Rouen,0631023139,2
paysagiste,ENTREPRISE S.G.E: Élagueur grimpeur paysagiste Rouen Abattage d'arbres Entretien jardin Taille élagage 76 Seine-Maritime,https://www.google.com/maps/place/ENTREPRISE+S.G.E:+%C3%89lagueur+grimpeur+paysagiste+Rouen+Abattage+d%27arbres+Entretien+jardin+Taille+%C3%A9lagage+76+Seine-Maritime/data=!4m7!3m6!1s0xa2cae9634cb1e247:0x89e5bbb045d87e13!8m2!3d49.6130493!4d1.5458831!16s%2Fg%2F11pdvxppny!19sChIJR-KxTGPpyqIRE37YRbC75Yk?authuser=0&hl=fr&rclk=1,5.0,8,Service d'élagage,Rue David Douillet,,0663173052,,paysagiste,19,Rouen,0663173052,2
paysagiste,Paysagiste en Seine - Élagage Rouen - Abattage arbre,https://www.google.com/maps/place/Paysagiste+en+Seine+-+%C3%89lagage+Rouen+-+Abattage+arbre/data=!4m7!3m6!1s0x47e12123560d0d2f:0xa7d9736f8e211e99!8m2!3d49.4016944!4d1.0797418!16s%2Fg%2F11q3_s05x5!19sChIJLw0NViMh4UcRmR4hjm9z2ac?authuser=0&hl=fr&rclk=1,4.8,23,Service d'élagage,·,,0785883424,https://www.paysagiste-en-seine.fr/,paysagiste,9,Rouen,0785883424,2
paysagiste,Centre Services Rouen Sud - Ménage et Repassage - Jardinage,https://www.google.com/maps/place/Centre+Services+Rouen+Sud+-+M%C3%A9nage+et+Repassage+-+Jardinage/data=!4m7!3m6!1s0x47e0de3efe040001:0x4d6cc0bb814b9a7f!8m2!3d49.4184286!4d1.0769755!16s%2Fg%2F11g6mzffjn!19sChIJAQAE_j7e4EcRf5pLgbvAbE0?authuser=0&hl=fr&rclk=1,4.7,48,Service de ménage,·,,0278940546,https://centreservices.fr/rouen-sud?source=CSGMB,paysagiste,4,Rouen,0278940546,2
paysagiste,Mr adrien jardinier élagueur,https://www.google.com/maps/place/Mr+adrien+jardinier+%C3%A9lagueur/data=!4m7!3m6!1s0x47e60dd3ad03bae9:0x72a448c6217dc3a5!8m2!3d48.8242345!4d2.5433382!16s%2Fg%2F11m68sj5s3!19sChIJ6boDrdMN5kcRpcN9IcZIpHI?authuser=0&hl=fr&rclk=1,5.0,26,Paysagiste,5 Bd de Mulhouse,,0785647449,,paysagiste,16,Mulhouse,0785647449,2
paysagiste,AP Création & Paysage,https://www.google.com/maps/place/AP+Cr%C3%A9ation+%26+Paysage/data=!4m7!3m6!1s0x47919ba2e4f98047:0x8ba0313656ad580!8m2!3d47.7373!4d7.2787171!16s%2Fg%2F11fsrhlgjk!19sChIJR4D55KKbkUcRgNVqZRMDugg?authuser=0&hl=fr&rclk=1,4.8,20,Paysagiste,47 Rue de Mulhouse,,0745296013,https://www.ap-creation-paysage.com/?utm_source=Google&utm_medium=My%20Business,paysagiste,6,Mulhouse,0745296013,2
paysagiste,"Élagage, Abattage & Taille de Haie Mulhouse - Élagueur Grimpeur Haut-Rhin 68","https://www.google.com/maps/place/%C3%89lagage,+Abattage+%26+Taille+de+Haie+Mulhouse+-+%C3%89lagueur+Grimpeur+Haut-Rhin+68/data=!4m7!3m6!1s0x47919bc6b2f14eaf:0x517b4e3443d8e435!8m2!3d47.7558499!4d7.3275974!16s%2Fg%2F11yzwfy8yz!19sChIJr07xssabkUcRNeTYQzROe1E?authuser=0&hl=fr&rclk=1",5.0,4,Paysagiste,21b Quai du Forst A,,0359283657,https://elagage-mulhouse.fr/,paysagiste,15,Mulhouse,0359283657,2
paysagiste,Les jardins de Jonathan,https://www.google.com/maps/place/Les+jardins+de+Jonathan/data=!4m7!3m6!1s0x47919de28fbf7171:0x56cd9bf73fcb02a2!8m2!3d47.797668!4d7.3393753!16s%2Fg%2F11yftvwznc!19sChIJcXG_j-KdkUcRogLLP_ebzVY?authuser=0&hl=fr&rclk=1,5.0,7,Paysagiste,17 Rue de Rennes,,0765260679,,paysagiste,7,Rennes,0765260679,2
paysagiste,Wirtz David,https://www.google.com/maps/place/Wirtz+David/data=!4m7!3m6!1s0x47919ce556ae2755:0x3ed04f088741f84c!8m2!3d47.7962206!4d7.3414632!16s%2Fg%2F1w9y00jj!19sChIJVSeuVuWckUcRTPhBhwhP0D4?authuser=0&hl=fr&rclk=1,5.0,6,Paysagiste,71 Rue de Colmar,,0950359074,,paysagiste,6,Colmar,0950359074,2
paysagiste,Gardineo Nancy - Jardinier Paysagiste,https://www.google.com/maps/place/Gardineo+Nancy+-+Jardinier+Paysagiste/data=!4m7!3m6!1s0x4794a34e7951fafd:0xbfa7c48c53a1c549!8m2!3d48.6602917!4d6.1066169!16s%2Fg%2F11trxs4gzg!19sChIJ_fpReU6jlEcRScWhU4zEp78?authuser=0&hl=fr&rclk=1,5.0,12,Paysagiste,·,,0621595536,http://www.gardineo.fr/,paysagiste,10,Nancy,0621595536,2
paysagiste,L'Ecrin Vert - Paysagiste Bayon Nancy,https://www.google.com/maps/place/L%27Ecrin+Vert+-+Paysagiste+Bayon+Nancy/data=!4m7!3m6!1s0x47937d12f62fe9a3:0x4c3ec7ab3ca18029!8m2!3d48.4886353!4d6.3520829!16s%2Fg%2F11j9j0133g!19sChIJo-kv9hJ9k0cRKYChPKvHPkw?authuser=0&hl=fr&rclk=1,5.0,35,Paysagiste,8 Rue des Mirabelliers,,0676897671,http://www.lecrin-vert.fr/,paysagiste,7,Nancy,0676897671,2
paysagiste,Mathieu Roth Paysage Paysagiste Nancy,https://www.google.com/maps/place/Mathieu+Roth+Paysage+Paysagiste+Nancy/data=!4m7!3m6!1s0x47949d83490162c9:0xeba6c406eca5b50f!8m2!3d48.5952399!4d6.3327471!16s%2Fg%2F11h804hxtk!19sChIJyWIBSYOdlEcRD7Wl7AbEpus?authuser=0&hl=fr&rclk=1,4.8,6,Paysagiste,13 Rue Gambetta,,0607367244,http://mathieurothpaysage.fr/,paysagiste,6,Nancy,0607367244,2
paysagiste,Jardinier - Paysagiste Nancy / Gisquet Création,https://www.google.com/maps/place/Jardinier+-+Paysagiste+Nancy+%2F+Gisquet+Cr%C3%A9ation/data=!4m7!3m6!1s0x44feb2eb2e2cdb15:0x638074f7d1af36f3!8m2!3d48.715081!4d6.264212!16s%2Fg%2F11lzndmddk!19sChIJFdssLuuy_kQR8zav0fd0gGM?authuser=0&hl=fr&rclk=1,5.0,5,Paysagiste,·,,0673600057,,paysagiste,10,Nancy,0673600057,2
paysagiste,"VIVASERVICES NANCY - Ménage, Jardinage, Garde d'enfants, Aide aux personnes âgées, Bricolage, Aide informatique","https://www.google.com/maps/place/VIVASERVICES+NANCY+-+M%C3%A9nage,+Jardinage,+Garde+d%27enfants,+Aide+aux+personnes+%C3%A2g%C3%A9es,+Bricolage,+Aide+informatique/data=!4m7!3m6!1s0x4794999ad290b703:0x3491880ca7f9ceb5!8m2!3d48.6876263!4d6.184592!16s%2Fg%2F11rkc36g92!19sChIJA7eQ0pqZlEcRtc75pwyIkTQ?authuser=0&hl=fr&rclk=1",4.9,59,Agence de services d'aide à domicile,·,,0357545000,https://www.vivaservices.fr/agences/nancy/?source=98&utm_source=GMB&utm_campaign=GMB-nancy,paysagiste,4,Nancy,0357545000,2
paysagiste,Paysagiste Nancy - Simzo Paysage,https://www.google.com/maps/place/Paysagiste+Nancy+-+Simzo+Paysage/data=!4m7!3m6!1s0x418b303a9cfde969:0x89a460ae6def1eb6!8m2!3d48.7120711!4d6.0740914!16s%2Fg%2F11xp4x30ys!19sChIJaen9nDowi0ERth7vba5gpIk?authuser=0&hl=fr&rclk=1,5.0,7,Paysagiste,·,,0668507208,http://simzopaysage.fr/,paysagiste,6,Nancy,0668507208,2
paysagiste,Les saisons de la Lys,https://www.google.com/maps/place/Les+saisons+de+la+Lys/data=!4m7!3m6!1s0x47c32e9a99e0ed65:0x69938755d4ac116a!8m2!3d50.7477338!4d3.119533!16s%2Fg%2F11g7zfb0gl!19sChIJZe3gmZouw0cRahGs1FWHk2k?authuser=0&hl=fr&rclk=1,4.9,118,Paysagiste,222 Rue de Lille,,0320739106,http://www.lessaisonsdelalys.fr/,paysagiste,6,Lille,0320739106,2
paysagiste,Designer végétal Roubaix - Sensiatys,https://www.google.com/maps/place/Designer+v%C3%A9g%C3%A9tal+Roubaix+-+Sensiatys/data=!4m7!3m6!1s0x47c3292001337a23:0x988edc6ecea3df5f!8m2!3d50.6907782!4d3.1894126!16s%2Fg%2F11j7rc60n2!19sChIJI3ozASApw0cRX9-jzm7cjpg?authuser=0&hl=fr&rclk=1,4.9,27,Paysagiste,·,,0624573773,https://www.sensiatys.com/,paysagiste,7,Roubaix,0624573773,2
paysagiste,"APEF Tourcoing - Aide à domicile, Ménage, Jardinage et Garde d'enfants","https://www.google.com/maps/place/APEF+Tourcoing+-+Aide+%C3%A0+domicile,+M%C3%A9nage,+Jardinage+et+Garde+d%27enfants/data=!4m7!3m6!1s0x47c329ccfc2baad3:0x7f249e4b464edcc7!8m2!3d50.7184294!4d3.1399538!16s%2Fg%2F11qwr9xj01!19sChIJ06or_Mwpw0cRx9xORkueJH8?authuser=0&hl=fr&rclk=1",4.7,31,Agence de services d'aide à domicile,·,,0952876222,https://www.apef.fr/agence/apef-tourcoing?utm_source=gmb,paysagiste,4,Tourcoing,0952876222,2
paysagiste,Jardinage élagage rognage dunkerque,https://www.google.com/maps/place/Jardinage+%C3%A9lagage+rognage+dunkerque/data=!4m7!3m6!1s0x47dc8b713fdd0a11:0x4e0293876671784c!8m2!3d51.0330748!4d2.3591096!16s%2Fg%2F11t1bzjw86!19sChIJEQrdP3GL3EcRTHhxZoeTAk4?authuser=0&hl=fr&rclk=1,5.0,6,Paysagiste,14 Rue Alfred Caulier Appartement 55,,0627426613,,paysagiste,13,Dunkerque,0627426613,2
paysagiste,Allium jardin,https://www.google.com/maps/place/Allium+jardin/data=!4m7!3m6!1s0x4f735a7e2bbb409b:0x691f49cc4e8cc54c!8m2!3d50.7254851!4d2.520426!16s%2Fg%2F11y3h4wmnl!19sChIJm0C7K35ac08RTMWMTsxJH2k?authuser=0&hl=fr&rclk=1,4.9,21,Paysagiste,353 Rue de Calais,,0667926889,https://www.alliumjardin.com/,paysagiste,7,Calais,0667926889,2
paysagiste,Paysagiste Poitiers - MLG paysage,https://www.google.com/maps/place/Paysagiste+Poitiers+-+MLG+paysage/data=!4m7!3m6!1s0x86ad0931f9c837b9:0x6a647326886b2b17!8m2!3d46.5846304!4d0.3714621!16s%2Fg%2F11k4ypgrp7!19sChIJuTfI-TEJrYYRFytriCZzZGo?authuser=0&hl=fr&rclk=1,4.8,25,Paysagiste,·,,0644198506,,paysagiste,6,Poitiers,0644198506,1
paysagiste,L' Artisan du Paysage Poitiers 86,https://www.google.com/maps/place/L%27+Artisan+du+Paysage+Poitiers+86/data=!4m7!3m6!1s0x825b5adf655f52f7:0x6e19be5e954a9e84!8m2!3d46.6637491!4d0.3986976!16s%2Fg%2F11lw0g_dh_!19sChIJ91JfZd9aW4IRhJ5KlV6-GW4?authuser=0&hl=fr&rclk=1,5.0,11,Paysagiste,·,,0676884846,,paysagiste,6,Poitiers,0676884846,1
paysagiste,TERRASSTEEL Concessionnaire POITIERS,https://www.google.com/maps/place/TERRASSTEEL+Concessionnaire+POITIERS/data=!4m7!3m6!1s0x47fd954a370a8ff1:0xaab3439574b161a8!8m2!3d46.5537815!4d0.2978999!16s%2Fg%2F11rq7t3m7k!19sChIJ8Y8KN0qV_UcRqGGxdJVDs6o?authuser=0&hl=fr&rclk=1,5.0,16,Magasin d'articles pour l'aménagement paysager,·,,0549565975,https://carrebleupoitiers.fr/terrasse-metallique-terrassteel/,paysagiste,6,Poitiers,0549565975,1
paysagiste,AUGER PISCINE & PAYSAGE - Piscines Ibiza Poitiers,https://www.google.com/maps/place/AUGER+PISCINE+%26+PAYSAGE+-+Piscines+Ibiza+Poitiers/data=!4m7!3m6!1s0x47fd903939e059af:0x370e4d8d5b2c6a3e!8m2!3d46.6457171!4d0.1752161!16s%2Fg%2F1tnpkcdn!19sChIJr1ngOTmQ_UcRPmosW41NDjc?authuser=0&hl=fr&rclk=1,4.6,70,Paysagiste,20 Rue de la Belle Étoile,,0549545290,https://www.augersarl.com/,paysagiste,3,Poitiers,0549545290,1
paysagiste,Pisciniste Poitiers - Piscines de France (86) - Construction de piscine,https://www.google.com/maps/place/Pisciniste+Poitiers+-+Piscines+de+France+%2886%29+-+Construction+de+piscine/data=!4m7!3m6!1s0x47fd99dab3e0e4f3:0x9fd97624efae6cd6!8m2!3d46.681689!4d0.266123!16s%2Fg%2F11hb6xt55f!19sChIJ8-Tgs9qZ_UcR1myu7yR22Z8?authuser=0&hl=fr&rclk=1,4.9,16,Société de construction de piscine,·,,0549572768,https://www.piscines-de-france.fr/,pisciniste,9,Poitiers,0549572768,0
paysagiste,"jardin des dalles, paysagiste La Rochelle","https://www.google.com/maps/place/jardin+des+dalles,+paysagiste+La+Rochelle/data=!4m7!3m6!1s0x4801531c9383146b:0x56e2a1bb4cb4d935!8m2!3d46.1639364!4d-1.1062437!16s%2Fg%2F11hz8xd4td!19sChIJaxSDkxxTAUgRNdm0TLuh4lY?authuser=0&hl=fr&rclk=1",5.0,28,Paysagiste,1 Rue Jacques de Vaucanson,,0659340014,https://jardindesdalles.fr/,paysagiste,7,La Rochelle,0659340014,0
paysagiste,Quadra Terra La Rochelle,https://www.google.com/maps/place/Quadra+Terra+La+Rochelle/data=!4m7!3m6!1s0x48014df6f08dfed3:0x13ae7f045101952d!8m2!3d46.171287!4d-1.1024075!16s%2Fg%2F11z21yrt64!19sChIJ0_6N8PZNAUgRLZUBUQR_rhM?authuser=0&hl=fr&rclk=1,5.0,3,Paysagiste,85c Rue de Chagnolet,,0517811488,https://quadra-terra.com/nos-agences/paysagiste-la-rochelle/,paysagiste,6,La Rochelle,0517811488,0
paysagiste,Ozaé Matériaux Paysagers La Rochelle (Anciennement Ozaé Graviers Déco),https://www.google.com/maps/place/Oza%C3%A9+Mat%C3%A9riaux+Paysagers+La+Rochelle+%28Anciennement+Oza%C3%A9+Graviers+D%C3%A9co%29/data=!4m7!3m6!1s0x4801536da814da35:0xe5b73475931cf90b!8m2!3d46.160548!4d-1.1226219!16s%2Fg%2F11ls6bpp_8!19sChIJNdoUqG1TAUgRC_kck3U0t-U?authuser=0&hl=fr&rclk=1,4.8,43,Magasin d'articles pour l'aménagement paysager,·,,0516590164,https://www.ozae-graviersdeco.com/,paysagiste,6,La Rochelle,0516590164,0
paysagiste,"Place Nette - Débarras Vide Maison - La Rochelle, 17 et alentours","https://www.google.com/maps/place/Place+Nette+-+D%C3%A9barras+Vide+Maison+-+La+Rochelle,+17+et+alentours/data=!4m7!3m6!1s0x4801530e075f507f:0x6f37cfc9c2004ef9!8m2!3d45.7301098!4d-0.7783401!16s%2Fg%2F11fy4qgwyc!19sChIJf1BfBw5TAUgR-U4AwsnPN28?authuser=0&hl=fr&rclk=1",5.0,81,Paysagiste,·,,0669665311,https://www.facebook.com/PlaceNetteLaRochelle/,paysagiste,6,La Rochelle,0669665311,0
paysagiste,"VIVASERVICES LA ROCHELLE I Ménage, Repassage, Jardinage, Bricolage, Garde d'enfants","https://www.google.com/maps/place/VIVASERVICES+LA+ROCHELLE+I+M%C3%A9nage,+Repassage,+Jardinage,+Bricolage,+Garde+d%27enfants/data=!4m7!3m6!1s0x48015336cbc7d8cf:0x4e3c3e26dc735e2b!8m2!3d46.1860676!4d-1.117286!16s%2Fg%2F11yjg0r005!19sChIJz9jHyzZTAUgRK15z3CY-PE4?authuser=0&hl=fr&rclk=1",5.0,10,Agence de services d'aide à domicile,·,,0516077301,https://www.vivaservices.fr/agences/la-rochelle?source=98&utm_source=GMB&utm_campaign=GMB-la-rochelle,paysagiste,4,La Rochelle,0516077301,0
paysagiste,EDEN EXPRESS - Jardinier indépendant à Cannes,https://www.google.com/maps/place/EDEN+EXPRESS+-+Jardinier+ind%C3%A9pendant+%C3%A0+Cannes/data=!4m7!3m6!1s0x4f8ca8515dde9d1d:0x67e8ddab18554b61!8m2!3d43.9208006!4d7.1772014!16s%2Fg%2F11xmjygh1b!19sChIJHZ3eXVGojE8RYUtVGKvd6Gc?authuser=0&hl=fr&rclk=1,5.0,19,Jardinier,·,,0602422383,https://eden-express.fr/,paysagiste,4,Cannes,0602422383,2
paysagiste,Les Bourgeons de Calais,https://www.google.com/maps/place/Les+Bourgeons+de+Calais/data=!4m7!3m6!1s0x47dc3fbc16fc40ad:0x995c92e1baae4a24!8m2!3d50.9532993!4d1.8099154!16s%2Fg%2F11v66339sm!19sChIJrUD8Frw_3EcRJEquuuGSXJk?authuser=0&hl=fr&rclk=1,5.0,5,Paysagiste,3 All. Gounod Charles,,0789586952,https://www.lesbourgeonsdecalais.fr/,paysagiste,6,Calais,0789586952,2
paysagiste,Les Jardins de Fabien Jardinier Paysagiste Saint-Raphael Fréjus Création & Entretien Jardin,https://www.google.com/maps/place/Les+Jardins+de+Fabien+Jardinier+Paysagiste+Saint-Raphael+Fr%C3%A9jus+Cr%C3%A9ation+%26+Entretien+Jardin/data=!4m7!3m6!1s0x12ce995a6613473d:0xf4ffce852366b737!8m2!3d43.4569203!4d6.7956663!16s%2Fg%2F11lkyxrf0v!19sChIJPUcTZlqZzhIRN7dmI4XO__Q?authuser=0&hl=fr&rclk=1,5.0,29,Paysagiste,1205 Av. des Golfs,,0666028686,https://www.lesjardinsfabien.fr/,paysagiste,13,Fréjus,0666028686,1
paysagiste,JR Garden Cannes,https://www.google.com/maps/place/JR+Garden+Cannes/data=!4m7!3m6!1s0xc565cd9db64a84b:0x1f5087502190ed28!8m2!3d43.5566162!4d6.9763259!16s%2Fg%2F11z0gjc8mh!19sChIJS6hk29lcVgwRKO2QIVCHUB8?authuser=0&hl=fr&rclk=1,5.0,3,Jardinier,·,,0634483257,,paysagiste,4,Cannes,0634483257,2
paysagiste,SOZER David Artisan Elagueur Paysagiste 18 Bourges,https://www.google.com/maps/place/SOZER+David+Artisan+Elagueur+Paysagiste+18+Bourges/data=!4m7!3m6!1s0x47fa979d020aa5a1:0x9eb8e030462019e8!8m2!3d47.073663!4d2.4022316!16s%2Fg%2F11rjn1nmnv!19sChIJoaUKAp2X-kcR6BkgRjDguJ4?authuser=0&hl=fr&rclk=1,4.9,194,Service d'élagage,50 Bd de la Liberté,,0626991394,https://www.paysagiste-18-cher.fr/,paysagiste,15,Bourges,0626991394,2
paysagiste,José Brac Élagage 18 Paysagiste Bourges,https://www.google.com/maps/place/Jos%C3%A9+Brac+%C3%89lagage+18+Paysagiste+Bourges/data=!4m7!3m6!1s0x8604708a19b52e45:0x18132a20a00d7454!8m2!3d47.1112838!4d2.370858!16s%2Fg%2F11w4mzq2d5!19sChIJRS61GYpwBIYRVHQNoCAqExg?authuser=0&hl=fr&rclk=1,5.0,59,Paysagiste,Rue du Colombier,,0668691500,https://jose-brac-elagage-18.fr/,paysagiste,9,Bourges,0668691500,2
paysagiste,Schartier James Elagage Bourges,https://www.google.com/maps/place/Schartier+James+Elagage+Bourges/data=!4m7!3m6!1s0x47fa97040815bb27:0xcae37ef1fe31b39a!8m2!3d47.497987!4d2.8721448!16s%2Fg%2F11k66qtcbd!19sChIJJ7sVCASX-kcRmrMx_vF-48o?authuser=0&hl=fr&rclk=1,4.9,178,Service d'élagage,·,,0658810457,https://schartier-james.fr/,paysagiste,3,Bourges,0658810457,2
paysagiste,Bourges Espaces Services,https://www.google.com/maps/place/Bourges+Espaces+Services/data=!4m7!3m6!1s0x47fa954873ee7521:0x3ff3c296ba41cea4!8m2!3d47.0809826!4d2.3732677!16s%2Fg%2F11sysclk1b!19sChIJIXXuc0iV-kcRpM5BupbC8z8?authuser=0&hl=fr&rclk=1,4.8,5,Paysagiste,99 Rue Louis Mallet,,0684337860,http://www.bourgesespacesverts.fr/,paysagiste,3,Bourges,0684337860,2
paysagiste,Gelu Espaces Verts Élagueur Bourges,https://www.google.com/maps/place/Gelu+Espaces+Verts+%C3%89lagueur+Bourges/data=!4m7!3m6!1s0xa1db439ba88f43b5:0xc9b79e4ef84d1364!8m2!3d47.0780351!4d2.398298!16s%2Fg%2F11y7kmn5vk!19sChIJtUOPqJtD26ERZBNN-E6et8k?authuser=0&hl=fr&rclk=1,5.0,20,Service d'élagage,·,,0761962414,https://gelu-espace-vert-18.fr/,paysagiste,10,Bourges,0761962414,2
paysagiste,Hoffmann Brandon - Entreprise d'Elagage & Paysagiste à Bourges,https://www.google.com/maps/place/Hoffmann+Brandon+-+Entreprise+d%27Elagage+%26+Paysagiste+%C3%A0+Bourges/data=!4m7!3m6!1s0xaccd7b36c71bbe7d:0x95c58dd60972e3cd!8m2!3d47.0421394!4d2.4520441!16s%2Fg%2F11st67qnvt!19sChIJfb4bxzZ7zawRzeNyCdaNxZU?authuser=0&hl=fr&rclk=1,5.0,48,Service d'élagage,·,,0675324571,,paysagiste,9,Bourges,0675324571,2
paysagiste,"VIVASERVICES La Seyne-sur-Mer - Six-Fours | Ménage, Jardinage, Garde d'enfants, Bricolage","https://www.google.com/maps/place/VIVASERVICES+La+Seyne-sur-Mer+-+Six-Fours+%7C+M%C3%A9nage,+Jardinage,+Garde+d%27enfants,+Bricolage/data=!4m7!3m6!1s0x12c9037284ec4853:0x8e8ec8145ce1ea0d!8m2!3d43.0826985!4d5.890857!16s%2Fg%2F11ks69d70v!19sChIJU0jshHIDyRIRDerhXBTIjo4?authuser=0&hl=fr&rclk=1",5.0,26,Agence de services d'aide à domicile,·,,0412052860,https://www.vivaservices.fr/agences/la-seyne-sur-mer/?source=98&utm_source=GMB&utm_campaign=GMB-la-seyne-sur-mer,paysagiste,4,La Seyne-sur-Mer,0412052860,2
paysagiste,WB ELAGAGE / ELAGUEUR JARDINIER PAYSAGISTE TROYES LA RIVIÈRE DE CORPS,https://www.google.com/maps/place/WB+ELAGAGE+%2F+ELAGUEUR+JARDINIER+PAYSAGISTE+TROYES+LA+RIVI%C3%88RE+DE+CORPS/data=!4m7!3m6!1s0x47ee97c40dd7e62f:0xbd06c6c205160a16!8m2!3d48.2750799!4d3.9845855!16s%2Fg%2F11hk7tkw85!19sChIJL-bXDcSX7kcRFgoWBcLGBr0?authuser=0&hl=fr&rclk=1,4.9,36,Paysagiste,31 AVENUE DU GENERAL LECLERC,,0612036242,http://wb-elagage.e-monsite.com/,paysagiste,19,Troyes,0612036242,1
paysagiste,West Paysages Lorient,https://www.google.com/maps/place/West+Paysages+Lorient/data=!4m7!3m6!1s0x48105e19a0f6c727:0x5f7e70d3d7ca5352!8m2!3d47.7228274!4d-3.3202293!16s%2Fg%2F11h9_x2ykf!19sChIJJ8f2oBleEEgRUlPK19Nwfl8?authuser=0&hl=fr&rclk=1,4.6,30,Paysagiste,"ZA Villemarion, 10 Rue du Commandant Charcot",,0297316283,https://www.westpaysages.com/,paysagiste,6,Lorient,0297316283,2
paysagiste,La Côte Verte – Paysagiste à Lorient,https://www.google.com/maps/place/La+C%C3%B4te+Verte+%E2%80%93+Paysagiste+%C3%A0+Lorient/data=!4m7!3m6!1s0x8f34c8d6a936a52f:0xccceb86c10974b25!8m2!3d47.8361298!4d-3.4066783!16s%2Fg%2F11ydw40__3!19sChIJL6U2qdbINI8RJUuXEGy4zsw?authuser=0&hl=fr&rclk=1,4.9,8,Paysagiste,·,,0612164216,https://la-cote-verte.sumupstore.com/produits?category=ef290af8-b35e-496a-9f94-270ce30dda1b,paysagiste,7,Lorient,0612164216,2
paysagiste,"VIVASERVICES Lorient, Lanester - Ménage, Jardinage, Aide aux personnes âgées, Garde d'enfants......","https://www.google.com/maps/place/VIVASERVICES+Lorient,+Lanester+-+M%C3%A9nage,+Jardinage,+Aide+aux+personnes+%C3%A2g%C3%A9es,+Garde+d%27enfants....../data=!4m7!3m6!1s0x48105e52361819e5:0xa68cc08c228cf377!8m2!3d47.7461901!4d-3.3666762!16s%2Fg%2F11gc9h23rm!19sChIJ5RkYNlJeEEgRd_OMIozAjKY?authuser=0&hl=fr&rclk=1",4.7,40,Agence de services d'aide à domicile,·,,0297809024,https://www.vivaservices.fr/agences/lorient?source=98&utm_source=GMB&utm_campaign=GMB-lorient,paysagiste,4,Lorient,0297809024,2
paysagiste,Élagueur R.Michelet - Élagage Abattage Chambéry,https://www.google.com/maps/place/%C3%89lagueur+R.Michelet+-+%C3%89lagage+Abattage+Chamb%C3%A9ry/data=!4m7!3m6!1s0x624943e4dc25c65f:0xb5b525bc455c3b8a!8m2!3d45.5883228!4d5.9075341!16s%2Fg%2F11vm5y9lls!19sChIJX8Yl3ORDSWIRijtcRbwltbU?authuser=0&hl=fr&rclk=1,5.0,25,Paysagiste,220 Rue de la Balme,,0662518144,https://elagueur-rmichelet.fr/,paysagiste,15,Chambéry,0662518144,2
paysagiste,Daguier Multiservices,https://www.google.com/maps/place/Daguier+Multiservices/data=!4m7!3m6!1s0x663e070997a4d57d:0x4d4a96f67c396632!8m2!3d45.5789446!4d5.9013712!16s%2Fg%2F11txtmbmbj!19sChIJfdWklwkHPmYRMmY5fPaWSk0?authuser=0&hl=fr&rclk=1,4.6,11,Jardinier,16 All. du Fréjus,,0745383990,,paysagiste,4,Fréjus,0745383990,1
paysagiste,"Maison et Services Chambéry | Ménage, repassage, jardinage, nettoyage des vitres","https://www.google.com/maps/place/Maison+et+Services+Chamb%C3%A9ry+%7C+M%C3%A9nage,+repassage,+jardinage,+nettoyage+des+vitres/data=!4m7!3m6!1s0x478c8675cd8a7dc3:0xc532bfdc4c1d79f9!8m2!3d45.5590153!4d5.9625465!16s%2Fg%2F1vnnh928!19sChIJw32KzXWGjEcR-XkdTNy_MsU?authuser=0&hl=fr&rclk=1",4.9,52,Service de ménage,·,,0479444170,https://www.maison-et-services.com/trouver-mon-prestataire/france/auvergne-rhone-alpes/savoie/maison-services-chambery,paysagiste,4,Chambéry,0479444170,2
paysagiste,"VIVASERVICES CHAMBÉRY I Ménage, Repassage, Jardinage, Garde d'enfants","https://www.google.com/maps/place/VIVASERVICES+CHAMB%C3%89RY+I+M%C3%A9nage,+Repassage,+Jardinage,+Garde+d%27enfants/data=!4m7!3m6!1s0x478ba9415e39ebb1:0xdd765292a8cde6ca!8m2!3d45.5696216!4d5.920392!16s%2Fg%2F11x6bzblph!19sChIJses5XkGpi0cRyubNqJJSdt0?authuser=0&hl=fr&rclk=1",4.6,22,Agence de services d'aide à domicile,·,,0412059290,https://www.vivaservices.fr/agences/chambery/?source=98&utm_source=GMB&utm_campaign=GMB-chambery,paysagiste,4,Chambéry,0412059290,2
paysagiste,Artisan Esteves Paysagiste Meaux Élagueur 77 Jardinier,https://www.google.com/maps/place/Artisan+Esteves+Paysagiste+Meaux+%C3%89lagueur+77+Jardinier/data=!4m7!3m6!1s0xf03876d4571e1b5:0xea87013c0d096573!8m2!3d48.9569327!4d2.8514244!16s%2Fg%2F11n9rz3045!19sChIJteFxRW2HAw8Rc2UJDTwBh-o?authuser=0&hl=fr&rclk=1,5.0,4,Paysagiste,·,,0607667263,http://artisan-esteves.fr/,paysagiste,16,Meaux,0607667263,2
paysagiste,artisan duval elagueur Meaux,https://www.google.com/maps/place/artisan+duval+elagueur+Meaux/data=!4m7!3m6!1s0x47e8a1da5055cfa5:0x5eabb254bb7fb2ad!8m2!3d48.9432953!4d2.8738755!16s%2Fg%2F11xc_srbp3!19sChIJpc9VUNqh6EcRrbJ_u1Syq14?authuser=0&hl=fr&rclk=1,5.0,10,Service d'élagage,108 Rue Georges Renard,,0617055405,https://artisan-duval.e-monsite.com/,paysagiste,9,Meaux,0617055405,2
paysagiste,Meinhard Pierre Elagage 93 Aubervilliers,https://www.google.com/maps/place/Meinhard+Pierre+Elagage+93+Aubervilliers/data=!4m7!3m6!1s0x47e66df9647caeb5:0x880318601db83ca3!8m2!3d48.9192276!4d2.3750814!16s%2Fg%2F11pd337r9r!19sChIJta58ZPlt5kcRozy4HWAYA4g?authuser=0&hl=fr&rclk=1,5.0,5,Service d'élagage,22 Rue du Chemin Vert,,0630339991,https://www.meinhard-elagage-abattage.fr/,paysagiste,3,Aubervilliers,0630339991,2
paysagiste,Daniel Moquet signe vos allées - Ent. Chaillou,https://www.google.com/maps/place/Daniel+Moquet+signe+vos+all%C3%A9es+-+Ent.+Chaillou/data=!4m7!3m6!1s0x12ceaf9d17c7042d:0xea92b80d8213dff4!8m2!3d43.470375!4d6.575805!16s%2Fg%2F11pkjcz_k6!19sChIJLQTHF52vzhIR9N8Tgg24kuo?authuser=0&hl=fr&rclk=1,4.9,74,Paysagiste,262 Route de Fréjus,,0494706258,https://www.google.com/aclk?sa=L&ai=DChsSEwjgtvK03r2UAxX6QkECHd42HooYACICCAEQABoCd3M&co=1&ase=2&gclid=CjwKCAjwq6DQBhBVEiwA4ZD5XMV_CZpBsHHviEJWqE2Nljq3ylRLMR46oJxLUeCxseziSJuplEbEZhoCm8kQAvD_BwE&cce=2&category=acrcp_v1_32&sig=AOD64_2uhXZ5jyiSaZh54qSJY2heGO1iNw&adurl&q&ctype=99&nis=6,paysagiste,6,Fréjus,0494706258,1
paysagiste,Jardins d'Azur Varois Frejus Saint-Raphaël,https://www.google.com/maps/place/Jardins+d%27Azur+Varois+Frejus+Saint-Rapha%C3%ABl/data=!4m7!3m6!1s0x12ce9745f824df8f:0xeacf5680986d9b40!8m2!3d43.4248208!4d6.7580595!16s%2Fg%2F11m9t2fjfg!19sChIJj98k-EWXzhIRQJttmIBWz-o?authuser=0&hl=fr&rclk=1,5.0,31,Jardinier,150 Rue de la République,,0675836672,https://jardinsdazurvarois.fr/,paysagiste,4,Fréjus,0675836672,1
paysagiste,Garden Park Concept - Agence Fréjus - Revêtements extérieurs de qualité,https://www.google.com/maps/place/Garden+Park+Concept+-+Agence+Fr%C3%A9jus+-+Rev%C3%AAtements+ext%C3%A9rieurs+de+qualit%C3%A9/data=!4m7!3m6!1s0x12cea37123e5786d:0xa94569a9febb41d7!8m2!3d43.4426782!4d6.7185092!16s%2Fg%2F11l23rx0p4!19sChIJbXjlI3GjzhIR10G7_qlpRak?authuser=0&hl=fr&rclk=1,4.9,30,Paysagiste,386 Rue Rudolf Diesel,,0633162171,https://gardenparkconcept.com/agences-amenagements-exterieurs/garden-park-concept-frejus/,paysagiste,6,Fréjus,0633162171,1
paysagiste,"CRISCI Benjamin - Paysagiste - Entretien de Jardin - Terrasse en bois - Frejus, Saint-Raphaël et alentours","https://www.google.com/maps/place/CRISCI+Benjamin+-+Paysagiste+-+Entretien+de+Jardin+-+Terrasse+en+bois+-+Frejus,+Saint-Rapha%C3%ABl+et+alentours/data=!4m7!3m6!1s0x12cea33ca7953a9b:0x2955657fabfb8ad2!8m2!3d43.4690136!4d6.7457178!16s%2Fg%2F11y2swwtzp!19sChIJmzqVpzyjzhIR0or7q39lVSk?authuser=0&hl=fr&rclk=1",5.0,7,Paysagiste,2691 Rte de Malpasset,,0634468183,,paysagiste,7,Fréjus,0634468183,1
paysagiste,Piscines de France - Pisciniste Fréjus (83) - Construction de piscine,https://www.google.com/maps/place/Piscines+de+France+-+Pisciniste+Fr%C3%A9jus+%2883%29+-+Construction+de+piscine/data=!4m7!3m6!1s0x12cea3c614343ff7:0xae674e4249b7e2e7!8m2!3d43.4456027!4d6.6998688!16s%2Fg%2F11h_1k_5ws!19sChIJ9z80FMajzhIR5-K3SUJOZ64?authuser=0&hl=fr&rclk=1,5.0,5,Société de construction de piscine,"Espace, Les Plaines",,0603799910,http://www.piscines-de-france.fr/,pisciniste,9,Fréjus,0603799910,1
paysagiste,Elagage et Abattage Cagnes-sur-Mer,https://www.google.com/maps/place/Elagage+et+Abattage+Cagnes-sur-Mer/data=!4m7!3m6!1s0x12cdd36e3e79079b:0x7b49010a31e378da!8m2!3d43.6692017!4d7.1411361!16s%2Fg%2F11lmhfhlff!19sChIJmwd5Pm7TzRIR2njjMQoBSXs?authuser=0&hl=fr&rclk=1,5.0,6,Paysagiste,14 Chem. de Sainte-Colombe,,0482297678,https://elagage-cagnes-sur-mer.fr/,paysagiste,9,Cagnes-sur-Mer,0482297678,1
paysagiste,Les Jardins de Lou-Do - Paysagiste à Brive-la-Gaillarde,https://www.google.com/maps/place/Les+Jardins+de+Lou-Do+-+Paysagiste+%C3%A0+Brive-la-Gaillarde/data=!4m7!3m6!1s0x47f8bf4330ecd547:0xc2141b73e9b6284d!8m2!3d45.264694!4d1.486467!16s%2Fg%2F11l29j8vj1!19sChIJR9XsMEO_-EcRTSi26XMbFMI?authuser=0&hl=fr&rclk=1,5.0,4,Paysagiste,4 Rte du Vieux Village,,0749421210,,paysagiste,7,Brive-la-Gaillarde,0749421210,2
paysagiste,"Maison et Services Brive la Gaillarde| Ménage, repassage, jardinage, nettoyage des vitres","https://www.google.com/maps/place/Maison+et+Services+Brive+la+Gaillarde%7C+M%C3%A9nage,+repassage,+jardinage,+nettoyage+des+vitres/data=!4m7!3m6!1s0x47f8a5e2d4154451:0x783acc243d84f621!8m2!3d45.1588342!4d1.478046!16s%2Fg%2F11fqb2y1xt!19sChIJUUQV1OKl-EcRIfaEPSTMOng?authuser=0&hl=fr&rclk=1",5.0,28,Service de ménage,8 Av. du 4 Juillet 1776,,0587497400,https://www.maison-et-services.com/trouver-mon-prestataire/france/nouvelle-aquitaine/correze/maison-services-brive-la-gaillarde?utm_source=GoogleMyBusiness&utm_medium%20organic,paysagiste,4,Brive-la-Gaillarde,0587497400,2
paysagiste,"VIVASERVICES BRIVE-LA-GAILLARDE - Ménage, Garde d'enfants, Jardinage, Bricolage","https://www.google.com/maps/place/VIVASERVICES+BRIVE-LA-GAILLARDE+-+M%C3%A9nage,+Garde+d%27enfants,+Jardinage,+Bricolage/data=!4m7!3m6!1s0x47f897bd3f1235c1:0x3fcc1113b0dc5bdc!8m2!3d45.1570705!4d1.5364502!16s%2Fg%2F11r9f74fkk!19sChIJwTUSP72X-EcR3FvcsBMRzD8?authuser=0&hl=fr&rclk=1",4.8,80,Agence de services d'aide à domicile,·,,0555925914,https://www.vivaservices.fr/agences/brive-la-gaillarde?source=98&utm_source=GMB&utm_campaign=GMB-brive-la-gaillarde,paysagiste,4,Brive-la-Gaillarde,0555925914,2
paysagiste,COURT Gérôme Travaux Publics CARCASSONNE,https://www.google.com/maps/place/COURT+G%C3%A9r%C3%B4me+Travaux+Publics+CARCASSONNE/data=!4m7!3m6!1s0x12ae2549f8376249:0xcf88a6982f823f16!8m2!3d43.3378724!4d2.3081636!16s%2Fg%2F11jq80m96j!19sChIJSWI3-EklrhIRFj-CL5imiM8?authuser=0&hl=fr&rclk=1,5.0,11,Paysagiste,11 Chem. de Villande,,0660066013,http://www.facebook.com/CGTP.TravauxPublicsEtForestiers,paysagiste,6,Carcassonne,0660066013,1
paysagiste,Pierre et Nature,https://www.google.com/maps/place/Pierre+et+Nature/data=!4m7!3m6!1s0x12ae49850746426d:0x33eaabab06620104!8m2!3d43.2399278!4d2.1134412!16s%2Fg%2F1thszmll!19sChIJbUJGB4VJrhIRBAFiBqur6jM?authuser=0&hl=fr&rclk=1,4.7,15,Paysagiste,14 Rue Bourges,,0468769603,,paysagiste,6,Bourges,0468769603,2
paysagiste,"VIVASERVICES SAINT-PRIEST - Ménage, Aide à domicile, Garde d'enfants, Jardinage","https://www.google.com/maps/place/VIVASERVICES+SAINT-PRIEST+-+M%C3%A9nage,+Aide+%C3%A0+domicile,+Garde+d%27enfants,+Jardinage/data=!4m7!3m6!1s0x47f4c39a77acd3d1:0xfeb9cdd4e0388d56!8m2!3d45.6950701!4d4.9343563!16s%2Fg%2F11b682szgx!19sChIJ0dOsd5rD9EcRVo044NTNuf4?authuser=0&hl=fr&rclk=1",4.5,35,Agence de services d'aide à domicile,·,,0426030538,https://www.vivaservices.fr/agences/lyon-sud-st-priest?source=98&utm_source=GMB&utm_campaign=GMB-lyonsudstpriest,paysagiste,4,Saint-Priest,0426030538,2
paysagiste,Bauer - Élagueur Albi : Entretien Espaces Verts Tarn-et-Garonne Albi Gaillac Carmaux,https://www.google.com/maps/place/Bauer+-+%C3%89lagueur+Albi+:+Entretien+Espaces+Verts+Tarn-et-Garonne+Albi+Gaillac+Carmaux/data=!4m7!3m6!1s0x12ade9fbe250f71d:0xe087ed3082146455!8m2!3d43.917353!4d2.0793167!16s%2Fg%2F11n60qzdp7!19sChIJHfdQ4vvprRIRVWQUgjDth-A?authuser=0&hl=fr&rclk=1,5.0,100,Service d'élagage,8 Av. de la Martelle,,0531819798,https://bauerelagage.wixsite.com/elagueuralbi81,paysagiste,10,Albi,0531819798,2
paysagiste,"Maison et Services Albi-Carmaux | Ménage, repassage, jardinage, nettoyage de vitres","https://www.google.com/maps/place/Maison+et+Services+Albi-Carmaux+%7C+M%C3%A9nage,+repassage,+jardinage,+nettoyage+de+vitres/data=!4m7!3m6!1s0x12ade9bcf84880dd:0xf86273237e9ecff!8m2!3d43.9408291!4d2.148618!16s%2Fg%2F11w9r3kq9c!19sChIJ3YBI-LzprRIR_-zpNzInhg8?authuser=0&hl=fr&rclk=1",5.0,36,Service de ménage,"109 bis, Av. Albert Thomas",,0563521812,https://www.maison-et-services.com/trouver-mon-prestataire/france/occitanie/tarn/maison-services-albi-carmaux,paysagiste,4,Albi,0563521812,2
paysagiste,Entreprise Jack Bayonne,https://www.google.com/maps/place/Entreprise+Jack+Bayonne/data=!4m7!3m6!1s0x878a1c30424989b5:0xfade07c07754bd64!8m2!3d43.1873574!4d-0.881118!16s%2Fg%2F11rj3yhtl6!19sChIJtYlJQjAciocRZL1Ud8AH3vo?authuser=0&hl=fr&rclk=1,4.9,12,Jardinier,·,,0602774718,https://lagrenetjack7.wixsite.com/entretiendesarbres,paysagiste,4,Bayonne,0602774718,2
paysagiste,Alain Hervé – Élagage & Abattage à Saint-Brieuc et Lamballe,https://www.google.com/maps/place/Alain+Herv%C3%A9+%E2%80%93+%C3%89lagage+%26+Abattage+%C3%A0+Saint-Brieuc+et+Lamballe/data=!4m7!3m6!1s0x480e13fb65c72bb3:0x80ff02877b66a4dc!8m2!3d48.4501444!4d-2.4844102!16s%2Fg%2F1tdmt__v!19sChIJsyvHZfsTDkgR3KRme4cC_4A?authuser=0&hl=fr&rclk=1,4.9,30,Service d'élagage,·,,0296313480,https://www.alainherve.fr/?utm_source=google&utm_medium=organic&utm_campaign=fiche_google&utm_content=bouton_site_web,paysagiste,3,Saint-Brieuc,0296313480,1
paysagiste,Au Coeur du Jardin - Paysagiste Sète,https://www.google.com/maps/place/Au+Coeur+du+Jardin+-+Paysagiste+S%C3%A8te/data=!4m7!3m6!1s0x12b1359793006807:0x43f05ef71bbe78dd!8m2!3d43.4061357!4d3.6896681!16s%2Fg%2F1hg4xtggv!19sChIJB2gAk5c1sRIR3Xi-G_de8EM?authuser=0&hl=fr&rclk=1,5.0,8,Paysagiste,Rue Montmorency,,0651892652,http://www.aucoeurdujardin.net/,paysagiste,7,Sète,0651892652,3
paysagiste,🍀 GREENPEPS 🍀 - Aménagement de jardin - Paysagiste Designer d’extérieurs - Conception - Belfort - Franche-Comté - Alsace,https://www.google.com/maps/place/%F0%9F%8D%80+GREENPEPS+%F0%9F%8D%80+-+Am%C3%A9nagement+de+jardin+-+Paysagiste+Designer+d%E2%80%99ext%C3%A9rieurs+-+Conception+-+Belfort+-+Franche-Comt%C3%A9+-+Alsace/data=!4m7!3m6!1s0xa44b0f6c88dd477:0x5604751d99c8c8c7!8m2!3d30.6959409!4d-49.8171262!16s%2Fg%2F11sn_4j82z!19sChIJd9SNyPawRAoRx8jImR11BFY?authuser=0&hl=fr&rclk=1,5.0,13,Architecte paysagiste,·,,0685799897,https://www.greenpeps.fr/,paysagiste,10,Belfort,0685799897,0
paysagiste,Elagage Belfort,https://www.google.com/maps/place/Elagage+Belfort/data=!4m7!3m6!1s0x47923daca3f53853:0x23f2f74f66b85987!8m2!3d47.6359701!4d6.8563566!16s%2Fg%2F11ygmmy5bz!19sChIJUzj1o6w9kkcRh1m4Zk_38iM?authuser=0&hl=fr&rclk=1,5.0,22,Service d'élagage,6 Rue des Capucins,,0359284571,https://elagage-belfort.fr/,paysagiste,3,Belfort,0359284571,0
paysagiste,DG EspaceVert,https://www.google.com/maps/place/DG+EspaceVert/data=!4m7!3m6!1s0x87d1517c9e322811:0xb4466646a80730a1!8m2!3d47.6521568!4d6.7595508!16s%2Fg%2F11w1q22tfn!19sChIJESgynnxR0YcRoTAHqEZmRrQ?authuser=0&hl=fr&rclk=1,5.0,5,Paysagiste,60 Rue de Belfort,,0650502548,https://www.facebook.com/profile.php?id=61560110699206,paysagiste,4,Belfort,0650502548,0
paysagiste,"APEF Belfort - Aide à domicile, Ménage, Jardinage et Garde d'enfants","https://www.google.com/maps/place/APEF+Belfort+-+Aide+%C3%A0+domicile,+M%C3%A9nage,+Jardinage+et+Garde+d%27enfants/data=!4m7!3m6!1s0x47923b467ba80bb3:0x25dda9a08a9407ff!8m2!3d47.6438596!4d6.8564311!16s%2Fg%2F11kj2nb93l!19sChIJswuoe0Y7kkcR_weUiqCp3SU?authuser=0&hl=fr&rclk=1",4.7,15,Agence de services d'aide à domicile,·,,0384580884,https://www.apef.fr/nos-agences/apef-belfort?utm_source=gmb,paysagiste,4,Belfort,0384580884,0
paysagiste,Lantana Paysage Chalon sur Saône,https://www.google.com/maps/place/Lantana+Paysage+Chalon+sur+Sa%C3%B4ne/data=!4m7!3m6!1s0x47f2ffd1654e3195:0x7d38594491a612b2!8m2!3d46.733508!4d4.855934!16s%2Fg%2F11j48rc_3v!19sChIJlTFOZdH_8kcRshKmkURZOH0?authuser=0&hl=fr&rclk=1,4.8,66,Paysagiste,RN6 Rue Martoire,,0385416941,https://www.google.com/aclk?sa=L&ai=DChsSEwj7q8Lg4b2UAxWHMAYAHSU-IggYACICCAEQABoCd3M&co=1&ase=2&gclid=CjwKCAjwq6DQBhBVEiwA4ZD5XC_bUCsK_tYxg0M7jR5o56HOc3AwII2PFEgEO4WRSRud7M02-IBLOhoCDXoQAvD_BwE&cce=2&category=acrcp_v1_32&sig=AOD64_1ONmRLq7rnTHS2SKNC_eyA9-4XXw&adurl&q&ctype=99&nis=6,paysagiste,6,Chalon-sur-Saône,0385416941,1
paysagiste,Paysagiste Melun,https://www.google.com/maps/place/Paysagiste+Melun/data=!4m7!3m6!1s0x47e5f080795913cd:0x8d8e07277d919095!8m2!3d48.5261044!4d2.6523753!16s%2Fg%2F11fmddp9dy!19sChIJzRNZeYDw5UcRlZCRfScHjo0?authuser=0&hl=fr&rclk=1,5.0,4,Paysagiste,4 Av. Général Leclerc,,0164792660,,paysagiste,6,Melun,0164792660,3
paysagiste,Entretien espaces verts - Paysagiste 77 Melun - Élagueur Melun 77 - Espaces Verts Trenier,https://www.google.com/maps/place/Entretien+espaces+verts+-+Paysagiste+77+Melun+-+%C3%89lagueur+Melun+77+-+Espaces+Verts+Trenier/data=!4m7!3m6!1s0x47e5fb23c5342419:0xa1dc9f58e334d24d!8m2!3d48.533463!4d2.6493687!16s%2Fg%2F11rf8btxbw!19sChIJGSQ0xSP75UcRTdI041if3KE?authuser=0&hl=fr&rclk=1,4.5,12,Paysagiste,11 Bis Rue Félix Poyez,,0164375952,https://elagueur-77.fr/,paysagiste,13,Melun,0164375952,3
paysagiste,Mille paysages - MELUN - FONTAINEBLEAU,https://www.google.com/maps/place/Mille+paysages+-+MELUN+-+FONTAINEBLEAU/data=!4m7!3m6!1s0x47e5f7999cbf9e4d:0x9e8e02ce4507a167!8m2!3d48.4865831!4d2.7195515!16s%2Fg%2F11y105jnkg!19sChIJTZ6_nJn35UcRZ6EHRc4Cjp4?authuser=0&hl=fr&rclk=1,5.0,12,Paysagiste,17 Quai du Maréchal Leclerc,,0609937103,,paysagiste,6,Melun,0609937103,3
paysagiste,Jardin Terre de Provence - Paysagiste,https://www.google.com/maps/place/Jardin+Terre+de+Provence+-+Paysagiste/data=!4m7!3m6!1s0x12cc29b67ee72e2d:0xbc48a88aed7b2a0!8m2!3d43.6269065!4d6.9617792!16s%2Fg%2F11b6__4585!19sChIJLS7nfrYpzBIRoLLXroiKxAs?authuser=0&hl=fr&rclk=1,4.5,27,Paysagiste,279 Rte de Cannes,,0493602132,https://jardin-terredeprovence.fr/,paysagiste,7,Cannes,0493602132,2
paysagiste,RS Elagage & Paysage,https://www.google.com/maps/place/RS+Elagage+%26+Paysage/data=!4m7!3m6!1s0x12cc28dea403262b:0x2bed117ebc8cc040!8m2!3d43.6341699!4d6.9515143!16s%2Fg%2F11f554vwbb!19sChIJKyYDpN4ozBIRQMCMvH4R7Ss?authuser=0&hl=fr&rclk=1,5.0,26,Jardinier,160 Rte de Cannes,,0619060182,,paysagiste,10,Cannes,0619060182,2
paysagiste,TG Services - jardinier / services à la personne,https://www.google.com/maps/place/TG+Services+-+jardinier+%2F+services+%C3%A0+la+personne/data=!4m7!3m6!1s0x4e16fb2269bda239:0xf8c7b3c13072f696!8m2!3d43.6493057!4d6.8602817!16s%2Fg%2F11rr7lkd0t!19sChIJOaK9aSL7Fk4RlvZyMMGzx_g?authuser=0&hl=fr&rclk=1,5.0,15,Jardinier,587 Rte de Grasse,,0613413194,http://tgservices06.com/,paysagiste,4,Grasse,0613413194,2
paysagiste,Nettua - Marcq-en-Barœul - Aide à domicile - Ménage - Jardinage,https://www.google.com/maps/place/Nettua+-+Marcq-en-Bar%C5%93ul+-+Aide+%C3%A0+domicile+-+M%C3%A9nage+-+Jardinage/data=!4m7!3m6!1s0x47c32bd7225efeab:0x8236db1aab8f4d00!8m2!3d50.6569845!4d3.1008155!16s%2Fg%2F11kx4s5k77!19sChIJq_5eItcrw0cRAE2PqxrbNoI?authuser=0&hl=fr&rclk=1,4.8,101,Service de ménage,·,,0320755493,https://www.nettua.fr/,paysagiste,4,Marcq-en-Barœul,0320755493,1
paysagiste,EL Élagage Rezé paysagiste 44 jardinier élagueur Taille de haie,https://www.google.com/maps/place/EL+%C3%89lagage+Rez%C3%A9+paysagiste+44+jardinier+%C3%A9lagueur+Taille+de+haie/data=!4m7!3m6!1s0x4805e96ee65effff:0x2749642853c22cea!8m2!3d47.1782601!4d-1.5445336!16s%2Fg%2F11vt7t1_6k!19sChIJ__9e5m7pBUgR6izCUyhkSSc?authuser=0&hl=fr&rclk=1,5.0,26,Paysagiste,102 Rue Aristide Briand,,0614057552,https://el-elagage.fr/,paysagiste,19,Rezé,0614057552,2
paysagiste,Zimmer Élagage Rezé Jardinier Paysagiste Taille de haie,https://www.google.com/maps/place/Zimmer+%C3%89lagage+Rez%C3%A9+Jardinier+Paysagiste+Taille+de+haie/data=!4m7!3m6!1s0x58b9a4bbc05f263:0x61ed538ffec8d9a9!8m2!3d47.3480106!4d-1.7860657!16s%2Fg%2F11wwfb0dgq!19sChIJY_IFvEuaiwURqdnI_o9T7WE?authuser=0&hl=fr&rclk=1,5.0,30,Paysagiste,·,,0766943820,https://www.zimmer-elagage-reze.fr/,paysagiste,13,Rezé,0766943820,2
paysagiste,"Maison et Services Rezé | Ménage, repassage, jardinage, nettoyage de vitres","https://www.google.com/maps/place/Maison+et+Services+Rez%C3%A9+%7C+M%C3%A9nage,+repassage,+jardinage,+nettoyage+de+vitres/data=!4m7!3m6!1s0x4805e9b5be15cac7:0xd5c4e0f6e5588864!8m2!3d47.1879375!4d-1.5467903!16s%2Fg%2F11w9zclb7k!19sChIJx8oVvrXpBUgRZIhY5fbgxNU?authuser=0&hl=fr&rclk=1",4.6,12,Service de ménage,53 Rue Jean Jaurès,,0249622293,https://www.maison-et-services.com/trouver-mon-prestataire/france/pays-de-la-loire/loire-atlantique/maison-services-reze,paysagiste,4,Rezé,0249622293,2
paysagiste,DUVAL JARDIN ELAGUEUR PLAISIR VIROFLAY THOIRY CRESPIERES CHAVENAY CHAMBOURCY ETANG LA VILLE 78,https://www.google.com/maps/place/DUVAL+JARDIN+ELAGUEUR+PLAISIR+VIROFLAY+THOIRY+CRESPIERES+CHAVENAY+CHAMBOURCY+ETANG+LA+VILLE+78/data=!4m7!3m6!1s0x47e6855cbe7a7ae5:0x7d70c243bf5e63ee!8m2!3d48.8221576!4d1.9608608!16s%2Fg%2F11gwh7tntv!19sChIJ5Xp6vlyF5kcR7mNev0PCcH0?authuser=0&hl=fr&rclk=1,4.7,23,Service d'élagage,59 Rue Claude Chappe,,0659421969,http://duval-jardin.e-monsite.com/,paysagiste,10,Plaisir,0659421969,1
paysagiste,BT ARROSAGE AUTOMATIQUE BARBIER PAYSAGISTE,https://www.google.com/maps/place/BT+ARROSAGE+AUTOMATIQUE+BARBIER+PAYSAGISTE/data=!4m7!3m6!1s0x47e6610c8e641e7f:0xcd11cb229b4d0551!8m2!3d48.9423934!4d2.1827634!16s%2Fg%2F11px0yzkgn!19sChIJfx5kjgxh5kcRUQVNmyLLEc0?authuser=0&hl=fr&rclk=1,4.8,18,Paysagiste,75 Bd de Bezons,,0666596790,http://www.barbierpaysagiste.fr/,paysagiste,6,Bezons,0666596790,1
pisciniste,SolidPool Tarbes - Tout Pour L'eau,https://www.google.com/maps/place/SolidPool+Tarbes+-+Tout+Pour+L%27eau/data=!4m7!3m6!1s0x12a9d38d9ce09039:0x2c57bedd814b0e37!8m2!3d43.2192974!4d0.0584679!16s%2Fg%2F1wf4ql9t!19sChIJOZDgnI3TqRIRNw5Lgd2-Vyw?authuser=0&hl=fr&rclk=1,4.9,32,Société de construction de piscine,·,,0562561410,https://solidpool.com/fr/magasin/6521-tarbes?utm_source=google&utm_medium=gmb&utm_campaign=FicheGMB,pisciniste,6,Tarbes,0562561410,0
pisciniste,Côté Piscine,https://www.google.com/maps/place/C%C3%B4t%C3%A9+Piscine/data=!4m7!3m6!1s0x12a9d4340835aeed:0x7af2731dfb5cb28e!8m2!3d43.237847!4d0.041412!16s%2Fg%2F11h9x4klhj!19sChIJ7a41CDTUqRIRjrJc-x1z8no?authuser=0&hl=fr&rclk=1,5.0,4,Société de construction de piscine,"1 Rue Garounère, Rte de Pau",,0562343981,http://www.facebook.com/cotepiscine65/?eid=ARCGa74AELzMLuXc7nOxXXF8QNJq-_3dsKRckoSrWzBBiFwCAwmDPm3KbIJfUWKQTEASbz1Eaw_ED1Tx,pisciniste,6,Pau,0562343981,1
pisciniste,AQUA PENSEZ-VOUS ? Pisciniste à TARBES,https://www.google.com/maps/place/AQUA+PENSEZ-VOUS+%3F+Pisciniste+%C3%A0+TARBES/data=!4m7!3m6!1s0x12a9d53ca179c339:0xd51125f9a8a70483!8m2!3d43.2395914!4d0.0268571!16s%2Fg%2F11vw_j3rpt!19sChIJOcN5oTzVqRIRgwSnqPklEdU?authuser=0&hl=fr&rclk=1,5.0,4,Société de construction de piscine,5452 Rte de Pau,,0554547030,https://aquapensezvous.com/pisciniste-tarbes/?utm_source=google&utm_medium=organic&utm_campaign=gbp-tarbes,pisciniste,9,Tarbes,0554547030,0
pisciniste,Piscines et Spas Cenac proche de Pau,https://www.google.com/maps/place/Piscines+et+Spas+Cenac+proche+de+Pau/data=!4m7!3m6!1s0xd5637f1ef2635bd:0x14848978dd84d1f5!8m2!3d43.32442!4d-0.294319!16s%2Fg%2F1tr18x8h!19sChIJvTUm7_E3Vg0R9dGE3XiJhBQ?authuser=0&hl=fr&rclk=1,4.8,88,Société de construction de piscine,7 Rue Henri Giffard,,0559840923,http://www.piscines-cenac.com/,pisciniste,7,Pau,0559840923,1
pisciniste,Atelier Piscine et Spa Pau Bearn,https://www.google.com/maps/place/Atelier+Piscine+et+Spa+Pau+Bearn/data=!4m7!3m6!1s0xd5653c177692e29:0x25c6b86a05e30573!8m2!3d43.2312649!4d-0.4651096!16s%2Fg%2F11t1h6zrj8!19sChIJKS5pd8FTVg0RcwXjBWq4xiU?authuser=0&hl=fr&rclk=1,4.7,12,Société de construction de piscine,1460 Chem. Courrouilh,,0788874141,https://atelier-piscine-spa.fr/,pisciniste,7,Pau,0788874141,1
pisciniste,"Piscines - Spas - Pau - Lescar - DELALANDE - Spas haut de gamme, relaxants et thérapeutiques - 64 Pyrénées Atlantiques","https://www.google.com/maps/place/Piscines+-+Spas+-+Pau+-+Lescar+-+DELALANDE+-+Spas+haut+de+gamme,+relaxants+et+th%C3%A9rapeutiques+-+64+Pyr%C3%A9n%C3%A9es+Atlantiques/data=!4m7!3m6!1s0xd564fd8717a0c95:0xce0040d9cbdf67c6!8m2!3d43.3192381!4d-0.4375985!16s%2Fg%2F11y35n0wvm!19sChIJlQx6cdhPVg0Rxmffy9lAAM4?authuser=0&hl=fr&rclk=1",5.0,4,Société de construction de piscine,30 Rue du Souvenir Français,,0559810387,http://www.piscine-delalande.fr/,pisciniste,7,Pau,0559810387,1
pisciniste,Piscines de France Pau,https://www.google.com/maps/place/Piscines+de+France+Pau/data=!4m7!3m6!1s0xd5623654e669b13:0x13b28e25a1b2a46e!8m2!3d43.4668233!4d-0.119627!16s%2Fg%2F11lnztxbmf!19sChIJE5tmTmUjVg0RbqSyoSWOshM?authuser=0&hl=fr&rclk=1,4.9,74,Société de construction de piscine,12 Chem. des Pyrénées,,0681185165,https://www.piscines-de-france.fr/,pisciniste,6,Pau,0681185165,1
pisciniste,Aquilus Piscines et Spas Pontault-Combault,https://www.google.com/maps/place/Aquilus+Piscines+et+Spas+Pontault-Combault/data=!4m7!3m6!1s0x47e60f44e5db0c97:0xb2c4e3dc31a0ca29!8m2!3d48.7796807!4d2.6108729!16s%2Fg%2F11q_3cpvk8!19sChIJlwzb5UQP5kcRKcqgMdzjxLI?authuser=0&hl=fr&rclk=1,4.8,28,Société de construction de piscine,·,,0160293197,https://magasin.aquilus-piscines.com/160-aquilus-piscines-et-spas-pontault-combault?utm_source=gmb,pisciniste,7,Pontault-Combault,0160293197,0
pisciniste,"La Piscine Container, Constructeur de piscines container Paris et Ile de France - LPC","https://www.google.com/maps/place/La+Piscine+Container,+Constructeur+de+piscines+container+Paris+et+Ile+de+France+-+LPC/data=!4m7!3m6!1s0x47e5fb69e102aaa3:0x9cf6707a66970e3d!8m2!3d48.5360955!4d2.6846499!16s%2Fg%2F11rhm5kfdz!19sChIJo6oC4Wn75UcRPQ6XZnpw9pw?authuser=0&hl=fr&rclk=1",4.7,39,Société de construction de piscine,·,,0973894839,https://www.lapiscinecontainer.fr/,pisciniste,6,Paris,0973894839,2
pisciniste,Irripiscine by Irrijardin Lescar Pau,https://www.google.com/maps/place/Irripiscine+by+Irrijardin+Lescar+Pau/data=!4m7!3m6!1s0xd5645d01e4ad8e1:0x3df91ed5ea45c1f4!8m2!3d43.330542!4d-0.447201!16s%2Fg%2F11sq4x1gh3!19sChIJ4dhKHtBFVg0R9MFF6tUe-T0?authuser=0&hl=fr&rclk=1,4.5,55,Société de construction de piscine,·,,0983235870,https://www.irripiscine.fr/magasins/lescar-pau,pisciniste,6,Pau,0983235870,1
pisciniste,Aqua pensez-vous ? - Pisciniste Anglet,https://www.google.com/maps/place/Aqua+pensez-vous+%3F+-+Pisciniste+Anglet/data=!4m7!3m6!1s0xd513ff672061ba1:0x7d3bef432e1446b8!8m2!3d43.4587338!4d-1.4971802!16s%2Fg%2F11z1y2bmt3!19sChIJoRsGcvY_UQ0RuEYULkPvO30?authuser=0&hl=fr&rclk=1,4.8,6,Société de construction de piscine,4 Av. de Cambo,,0554542480,https://www.aquapensezvous.com/,pisciniste,9,Anglet,0554542480,1
pisciniste,Piscines Courrej - Pisciniste Anglet,https://www.google.com/maps/place/Piscines+Courrej+-+Pisciniste+Anglet/data=!4m7!3m6!1s0xd516b5bc5d62aa3:0xaf345cd9db8ccec!8m2!3d43.4633301!4d-1.5115504!16s%2Fg%2F11rs2vf8l_!19sChIJoyrWxVtrUQ0R7My4nc1F8wo?authuser=0&hl=fr&rclk=1,5.0,16,Société de construction de piscine,27 Rte de Pitoys,,0524330862,https://piscine-courrej.fr/pisciniste-anglet/?utm_source=google&utm_medium=organic&utm_campaign=GBP,pisciniste,9,Anglet,0524330862,1
pisciniste,AQUANOV piscines - Pisciniste constructeur de piscine - Rénovation et Services en Gironde,https://www.google.com/maps/place/AQUANOV+piscines+-+Pisciniste+constructeur+de+piscine+-+R%C3%A9novation+et+Services+en+Gironde/data=!4m7!3m6!1s0xd54dbc5cb33eeb7:0x84630aa94ec95802!8m2!3d44.8121112!4d-0.7457534!16s%2Fg%2F11b6dh32q4!19sChIJt-4zy8XbVA0RAljJTqkKY4Q?authuser=0&hl=fr&rclk=1,4.6,85,Société de construction de piscine,2844 Av. de Bordeaux,,0533891630,https://aquanov.fr/,pisciniste,9,Bordeaux,0533891630,1
pisciniste,Piscines Ibiza La Rochelle,https://www.google.com/maps/place/Piscines+Ibiza+La+Rochelle/data=!4m7!3m6!1s0x48014dae40d01aeb:0x3406b1af2d4cdf6c!8m2!3d46.2265771!4d-0.867711!16s%2Fg%2F11kc6bvrdf!19sChIJ6xrQQK5NAUgRbN9MLa-xBjQ?authuser=0&hl=fr&rclk=1,4.9,112,Société de construction de piscine,"105 b, Rue de la Juillerie",,0516852667,https://www.piscines-ibiza.com/,pisciniste,6,La Rochelle,0516852667,0
pisciniste,Piscine Ambiances La Rochelle,https://www.google.com/maps/place/Piscine+Ambiances+La+Rochelle/data=!4m7!3m6!1s0x4801538ddbc838e3:0xa33127b0182d18dd!8m2!3d46.1739281!4d-1.1205241!16s%2Fg%2F11j269dy99!19sChIJ4zjI241TAUgR3RgtGLAnMaM?authuser=0&hl=fr&rclk=1,4.7,69,Société de construction de piscine,"C.C. Beaulieu La Rochelle, 4 Rue du 11 Novembre",,0519080000,https://piscineambiances.fr/magasin-piscine-la-rochelle/,pisciniste,6,La Rochelle,0519080000,0
pisciniste,Piscinocéan - Alliance Piscines La Rochelle,https://www.google.com/maps/place/Piscinoc%C3%A9an+-+Alliance+Piscines+La+Rochelle/data=!4m7!3m6!1s0x480153092a024967:0xa2a4b3608c731dfc!8m2!3d46.1786945!4d-1.1064258!16s%2Fg%2F11vxqsy4hv!19sChIJZ0kCKglTAUgR_B1zjGCzpKI?authuser=0&hl=fr&rclk=1,4.6,36,Société de construction de piscine,45 Rue du 8 Mai,,0548172722,http://www.alliance17.fr/,pisciniste,6,La Rochelle,0548172722,0
pisciniste,Mondial piscine La Rochelle Mp17,https://www.google.com/maps/place/Mondial+piscine+La+Rochelle+Mp17/data=!4m7!3m6!1s0x4806b57d40dc7d6f:0x360e0448fc52062d!8m2!3d46.2077146!4d-1.0130494!16s%2Fg%2F11q1n56bt8!19sChIJb33cQH21BkgRLQZS_EgEDjY?authuser=0&hl=fr&rclk=1,5.0,37,Société de construction de piscine,17 Rte de Paris,,0546372410,https://la-rochelle.mondial-piscine.eu/,pisciniste,6,La Rochelle,0546372410,0
pisciniste,Piscines de France (17) - Construction de piscine (L'Univers de l'Eau),https://www.google.com/maps/place/Piscines+de+France+%2817%29+-+Construction+de+piscine+%28L%27Univers+de+l%27Eau%29/data=!4m7!3m6!1s0x480140c22655825f:0xd3b70636565a4d8e!8m2!3d45.970061!4d-0.9826364!16s%2Fg%2F11cmhc7mt0!19sChIJX4JVJsJAAUgRjk1aVjYGt9M?authuser=0&hl=fr&rclk=1,4.8,110,Société de construction de piscine,18B Rte de la Rochelle,,0546995822,https://www.piscines-de-france.fr/,pisciniste,6,La Rochelle,0546995822,0
pisciniste,PISCINISTES ASSOCIÉS Aquasystèmes LA ROCHELLE,https://www.google.com/maps/place/PISCINISTES+ASSOCI%C3%89S+Aquasyst%C3%A8mes+LA+ROCHELLE/data=!4m7!3m6!1s0x4801529b654026eb:0xc4d02571fa101344!8m2!3d46.1784698!4d-1.1061053!16s%2Fg%2F1tgfcqzx!19sChIJ6yZAZZtSAUgRRBMQ-nEl0MQ?authuser=0&hl=fr&rclk=1,4.5,153,Société de construction de piscine,·,,0546681938,https://www.aquasystemes17.com/,pisciniste,9,La Rochelle,0546681938,0
pisciniste,AMBIANCE PISCINE 85 - Piscines Desjoyaux La Roche sur Yon,https://www.google.com/maps/place/AMBIANCE+PISCINE+85+-+Piscines+Desjoyaux+La+Roche+sur+Yon/data=!4m7!3m6!1s0x480430086a681711:0xb86c5d83228cefde!8m2!3d46.6630123!4d-1.4597199!16s%2Fg%2F11cr_7nb4_!19sChIJERdoaggwBEgR3u-MIoNdbLg?authuser=0&hl=fr&rclk=1,4.7,23,Société de construction de piscine,·,,0251349314,https://www.desjoyaux.fr/boutiques-desjoyaux/85000--la-roche-sur-yon/,pisciniste,6,La Roche-sur-Yon,0251349314,0
pisciniste,RECIF PISCINES Constructeur Installation Rénovation de Piscines & Spa Pisciniste Challans,https://www.google.com/maps/place/RECIF+PISCINES+Constructeur+Installation+R%C3%A9novation+de+Piscines+%26+Spa+Pisciniste+Challans/data=!4m7!3m6!1s0x4805ac77676d3ff1:0x2df7469ea558e9e4!8m2!3d46.8589489!4d-1.868631!16s%2Fg%2F11dx93lm_6!19sChIJ8T9tZ3esBUgR5OlYpZ5G9y0?authuser=0&hl=fr&rclk=1,5.0,3,Société de construction de piscine,135 Rte de Nantes,,0251606613,http://www.recifpiscines.fr/,pisciniste,10,Nantes,0251606613,1
pisciniste,Irripiscine by Irrijardin La Roche sur Yon,https://www.google.com/maps/place/Irripiscine+by+Irrijardin+La+Roche+sur+Yon/data=!4m7!3m6!1s0x480424d4e7436101:0x81c628d9804ae565!8m2!3d46.618185!4d-1.444111!16s%2Fg%2F11clyg_rbd!19sChIJAWFD59QkBEgRZeVKgNkoxoE?authuser=0&hl=fr&rclk=1,4.6,116,Société de construction de piscine,·,,0228150054,https://www.irripiscine.fr/magasins/la-roche-sur-yon,pisciniste,6,La Roche-sur-Yon,0228150054,0
pisciniste,"GO Piscines - Pisciniste, installation piscine - VANNES -","https://www.google.com/maps/place/GO+Piscines+-+Pisciniste,+installation+piscine+-+VANNES+-/data=!4m7!3m6!1s0xa9ee26ea8eb58411:0x72e71652d25d63e!8m2!3d47.6601891!4d-2.8657983!16s%2Fg%2F11sm72m6x4!19sChIJEYS1juom7qkRPtYlLWVxLgc?authuser=0&hl=fr&rclk=1",5.0,3,Société de construction de piscine,"ZA des 2 moulins, 32 Rue des Deux Moulins",,0695146479,https://www.gopiscines.fr/,pisciniste,9,Vannes,0695146479,1
pisciniste,General chantier pro 44 Expert en étanchéité et Urgence couverture,https://www.google.com/maps/place/General+chantier+pro+44+Expert+en+%C3%A9tanch%C3%A9it%C3%A9+et+Urgence+couverture/data=!4m7!3m6!1s0x480579d1acd995cb:0xe896c8703535f72b!8m2!3d47.3272774!4d-2.0437218!16s%2Fg%2F11xgd6m2bn!19sChIJy5XZrNF5BUgRK_c1NXDIlug?authuser=0&hl=fr&rclk=1,5.0,117,Couvreur,"et, 30 Le Tertre Casso, 44480 Donges Saint Nazaire Saint-Nazaire FR",Donges Saint Nazaire Saint-Nazaire Fr,0780332592,https://general-chantier-pro44.fr/,bardage,12,Saint-Nazaire,0780332592,2
pisciniste,"NEXEAU Recherche de fuites, Lorient, Vannes, Saint-Nazaire - Bretagne Sud","https://www.google.com/maps/place/NEXEAU+Recherche+de+fuites,+Lorient,+Vannes,+Saint-Nazaire+-+Bretagne+Sud/data=!4m7!3m6!1s0x639bf2e66af9262d:0xb79f15b3d01a0f68!8m2!3d47.722095!4d-2.8851227!16s%2Fg%2F11k3v3nyx3!19sChIJLSb5aubym2MRaA8a0LMVn7c?authuser=0&hl=fr&rclk=1",5.0,156,Plombier,·,,0756333543,https://www.nexeau.eu/5601-bretagne-sud,chauffagiste,3,Saint-Nazaire,0756333543,2
pisciniste,Piscines Dugain Quimper,https://www.google.com/maps/place/Piscines+Dugain+Quimper/data=!4m7!3m6!1s0x4810d50b30e117ff:0xcdc582f49c91f469!8m2!3d47.9698216!4d-4.1431643!16s%2Fg%2F11qyg7m4h7!19sChIJ_xfhMAvVEEgRafSRnPSCxc0?authuser=0&hl=fr&rclk=1,5.0,17,Société de construction de piscine,3 Rue de Bel air,,0298876016,https://www.piscines-dugain-quimper.fr/,pisciniste,6,Quimper,0298876016,0
pisciniste,Irripiscine by Irrijardin Quimper,https://www.google.com/maps/place/Irripiscine+by+Irrijardin+Quimper/data=!4m7!3m6!1s0x4810d5a44520debd:0x8e49251e49400841!8m2!3d48.0187666!4d-4.0833825!16s%2Fg%2F11k3fx23kl!19sChIJvd4gRaTVEEgRQQhASR4lSY4?authuser=0&hl=fr&rclk=1,4.7,32,Société de construction de piscine,·,,0230999418,https://www.irripiscine.fr/magasins/quimper,pisciniste,6,Quimper,0230999418,0
pisciniste,EDPS BREST,https://www.google.com/maps/place/EDPS+BREST/data=!4m7!3m6!1s0x4816b115bebcf1b9:0xf71fda1d2a285b0c!8m2!3d48.411504!4d-4.368621!16s%2Fg%2F11l36_csc0!19sChIJufG8vhWxFkgRDFsoKh3aH_c?authuser=0&hl=fr&rclk=1,5.0,7,Service de réparation de piscines,·,,0672989203,https://www.edps-piscine-spa.fr/?utm_medium=referral&utm_source=gmb&utm_campaign=lnk-gmb,pisciniste,3,Brest,0672989203,0
pisciniste,Piscines Desjoyaux Angers,https://www.google.com/maps/place/Piscines+Desjoyaux+Angers/data=!4m7!3m6!1s0x48087fa27e511a4d:0x52c5d482fb8bf1f8!8m2!3d47.467299!4d-0.621906!16s%2Fg%2F11f339rgff!19sChIJTRpRfqJ_CEgR-PGL-4LUxVI?authuser=0&hl=fr&rclk=1,4.3,108,Société de construction de piscine,8 Rue du Pavillon,,0241172598,https://www.google.com/aclk?sa=L&ai=DChsSEwjkkszMx72UAxVAe0ECHY0_MgcYACICCAEQBhoCd3M&ae=2&co=1&ase=2&gclid=CjwKCAjwq6DQBhBVEiwA4ZD5XO3otru_-MRfWRryLUNlQj1oaApAhtm1twYfNAnT4ilsHdnznHLY0hoC7UwQAvD_BwE&cce=2&category=acrcp_v1_71&sig=AOD64_2tnMkNU5hxu54PcP5i63WP2SEc5A&adurl&q&ctype=99&nis=6,pisciniste,6,Angers,0241172598,0
pisciniste,Id d'eau Constructeur Piscine Rénovation Entretien Pisciniste Angers Saumur,https://www.google.com/maps/place/Id+d%27eau+Constructeur+Piscine+R%C3%A9novation+Entretien+Pisciniste+Angers+Saumur/data=!4m7!3m6!1s0x4807d0ae19bda65b:0x20eb753052d5252d!8m2!3d47.4359553!4d-0.5052739!16s%2Fg%2F1trpq52_!19sChIJW6a9Ga7QB0gRLSXVUjB16yA?authuser=0&hl=fr&rclk=1,4.6,11,Société de construction de piscine,3 Rue Paul Pousset,,0241681673,http://www.piscines-angers-49.com/,pisciniste,9,Angers,0241681673,0
pisciniste,"CRE Piscines créations, rénovation et entretien 49 Brissac Angers Maine et Loire","https://www.google.com/maps/place/CRE+Piscines+cr%C3%A9ations,+r%C3%A9novation+et+entretien+49+Brissac+Angers+Maine+et+Loire/data=!4m7!3m6!1s0x4807ddd8e4600fb5:0xd3a6189781de5fcb!8m2!3d47.3138321!4d-0.3873667!16s%2Fg%2F11nz0z4rrf!19sChIJtQ9g5NjdB0gRy1_egZcYptM?authuser=0&hl=fr&rclk=1",4.8,23,Société de construction de piscine,10 Rue des Brosses déléguée,,0784944805,https://www.cre-piscines.fr/,pisciniste,6,Angers,0784944805,0
pisciniste,Aquilus Piscines et Spas Angers,https://www.google.com/maps/place/Aquilus+Piscines+et+Spas+Angers/data=!4m7!3m6!1s0x4807d56c1b1a4d97:0x32dbf62d95ef8ee!8m2!3d47.4238908!4d-0.592293!16s%2Fg%2F11fl97v_yj!19sChIJl00aG2zVB0gR7vhe2WK_LQM?authuser=0&hl=fr&rclk=1,5.0,5,Société de construction de piscine,·,,0241444536,https://magasin.aquilus-piscines.com/124-aquilus-piscines-et-spas-angers?utm_source=gmb,pisciniste,7,Angers,0241444536,0
pisciniste,de Boislaville - Jardins Piscines Spas // Paysagiste - Pisciniste - Angers - Saumur,https://www.google.com/maps/place/de+Boislaville+-+Jardins+Piscines+Spas+%2F%2F+Paysagiste+-+Pisciniste+-+Angers+-+Saumur/data=!4m7!3m6!1s0x4807e50046702bb9:0xcf83fb45c5930c15!8m2!3d47.3267391!4d-0.2384164!16s%2Fg%2F1w04jh40!19sChIJuStwRgDlB0gRFQyTxUX7g88?authuser=0&hl=fr&rclk=1,4.8,63,Société de construction de piscine,·,,0241679222,http://www.deboislaville.com/,pisciniste,7,Angers,0241679222,0
pisciniste,Quality Piscine Angers,https://www.google.com/maps/place/Quality+Piscine+Angers/data=!4m7!3m6!1s0x4808777be63fbcf5:0x501204e0901da0d8!8m2!3d47.4830578!4d-0.4819018!16s%2Fg%2F11y2cv4vtb!19sChIJ9bw_5nt3CEgR2KAdkOAEElA?authuser=0&hl=fr&rclk=1,5.0,31,Société de construction de piscine,·,,0681764024,https://quality-piscine.fr/entretien-piscine-angers-maine-et-loire/,pisciniste,6,Angers,0681764024,0
pisciniste,Irripiscine by Irrijardin Cholet,https://www.google.com/maps/place/Irripiscine+by+Irrijardin+Cholet/data=!4m7!3m6!1s0x4806479327ef5229:0x77e14649029b933b!8m2!3d47.076343!4d-0.839448!16s%2Fg%2F11rpqby1g_!19sChIJKVLvJ5NHBkgRO5ObAklG4Xc?authuser=0&hl=fr&rclk=1,5.0,28,Société de construction de piscine,·,,0230302020,https://www.irripiscine.fr/magasins/cholet,pisciniste,6,Cholet,0230302020,1
pisciniste,Piscines Desjoyaux Cholet,https://www.google.com/maps/place/Piscines+Desjoyaux+Cholet/data=!4m7!3m6!1s0x480647ee10ea273f:0x85b9bea0d4d98a2b!8m2!3d47.0728033!4d-0.8402854!16s%2Fg%2F11s7qny_w1!19sChIJPyfqEO5HBkgRK4rZ1KC-uYU?authuser=0&hl=fr&rclk=1,5.0,7,Société de construction de piscine,·,,0255401040,https://www.desjoyaux.fr/boutiques-desjoyaux/49300--cholet/,pisciniste,6,Cholet,0255401040,1
pisciniste,Servic'eau Piscines Tours - Construction & Rénovation Piscine,https://www.google.com/maps/place/Servic%27eau+Piscines+Tours+-+Construction+%26+R%C3%A9novation+Piscine/data=!4m7!3m6!1s0x47fcd49ded94b015:0x2566d797e796093!8m2!3d47.4213582!4d0.7376964!16s%2Fg%2F1tf5d2_z!19sChIJFbCU7Z3U_EcRk2B5fnltVgI?authuser=0&hl=fr&rclk=1,5.0,67,Société de construction de piscine,2 Rue des Internautes,,0608800658,https://serviceaupiscines.fr/,pisciniste,9,Tours,0608800658,0
pisciniste,Aquastyles,https://www.google.com/maps/place/Aquastyles/data=!4m7!3m6!1s0x12b1ca15058dde4d:0x289b471112ddefa3!8m2!3d43.2023706!4d2.7791815!16s%2Fg%2F1tt5p3w1!19sChIJTd6NBRXKsRIRo-_dEhFHmyg?authuser=0&hl=fr&rclk=1,4.5,85,Société de construction de piscine,"Route départementale, Rte de Narbonne",,0468275282,http://www.aquastyles.fr/,pisciniste,6,Narbonne,0468275282,1
pisciniste,Les piscines du Somail - Rénovation - Fuites - Narbonne Aude,https://www.google.com/maps/place/Les+piscines+du+Somail+-+R%C3%A9novation+-+Fuites+-+Narbonne+Aude/data=!4m7!3m6!1s0x12b1ac5db5b97b75:0xfd3f3c10a8501f91!8m2!3d43.2481346!4d2.9185095!16s%2Fg%2F11z9l6r00!19sChIJdXu5tV2ssRIRkR9QqBA8P_0?authuser=0&hl=fr&rclk=1,4.7,166,Service de réparation de piscines,·,,0966950042,http://www.lespiscinesdusomail.fr/,pisciniste,3,Narbonne,0966950042,1
pisciniste,Irripiscine by Irrijardin Perpignan,https://www.google.com/maps/place/Irripiscine+by+Irrijardin+Perpignan/data=!4m7!3m6!1s0x12b06e2373696929:0x24ebb5ffeffb39b0!8m2!3d42.679463!4d2.881206!16s%2Fg%2F124yg15nc!19sChIJKWlpcyNusBIRsDn77_-16yQ?authuser=0&hl=fr&rclk=1,4.4,218,Société de construction de piscine,·,,0468555084,https://www.irripiscine.fr/magasins/perpignan,pisciniste,6,Perpignan,0468555084,1
pisciniste,Abrisud Metz - Showroom - Ouverture sur rendez-vous,https://www.google.com/maps/place/Abrisud+Metz+-+Showroom+-+Ouverture+sur+rendez-vous/data=!4m7!3m6!1s0x4794db3e549d4f5b:0xa4fc7a15183cad41!8m2!3d49.07833!4d6.107828!16s%2Fg%2F11fjzbl4l2!19sChIJW0-dVD7blEcRQa08GBV6_KQ?authuser=0&hl=fr&rclk=1,4.7,163,Société de construction de piscine,508 Rue du Prayon,,0582954949,https://www.google.com/aclk?sa=L&ai=DChsSEwiC2ujE7r2UAxXjbEECHWp8HPsYACICCAEQARoCd3M&co=1&ase=2&gclid=CjwKCAjwq6DQBhBVEiwA4ZD5XF1TDruq9KlmYiPdoIjb3kc4Tw2u-_9Ji_YEQBKqTmtCHNb7tQVUzxoC2HkQAvD_BwE&cce=2&category=acrcp_v1_32&sig=AOD64_2zN0FSSKxfLQiB3zLObhPXOFnlYA&adurl&q&ctype=99&nis=6,pisciniste,6,Metz,0582954949,0
pisciniste,Excel Piscines Béziers,https://www.google.com/maps/place/Excel+Piscines+B%C3%A9ziers/data=!4m7!3m6!1s0x12b111a2a2bad2c9:0xbcf5f1f0fac0518c!8m2!3d43.3495463!4d3.259164!16s%2Fg%2F11ry9948nq!19sChIJydK6oqIRsRIRjFHA-vDx9bw?authuser=0&hl=fr&rclk=1,4.8,34,Société de construction de piscine,Rte de Bessan,,0764543617,https://www.pinterest.fr/excelpiscines?utm_source=gmb,pisciniste,6,Béziers,0764543617,0
pisciniste,AGR PISCINE BEZIERS,https://www.google.com/maps/place/AGR+PISCINE+BEZIERS/data=!4m7!3m6!1s0x12b111c7bc277291:0xb459dfb3178822a0!8m2!3d43.3290361!4d3.2889957!16s%2Fg%2F11ftghp6_8!19sChIJkXInvMcRsRIRoCKIF7PfWbQ?authuser=0&hl=fr&rclk=1,4.5,137,Société de construction de piscine,12 Av. des Colombes,,0467983602,https://agrpiscine.fr/,pisciniste,6,Colombes,0467983602,2
pisciniste,Piscine Horizons | Entretien de piscine Beziers (34),https://www.google.com/maps/place/Piscine+Horizons+%7C+Entretien+de+piscine+Beziers+%2834%29/data=!4m7!3m6!1s0x550a5c05393fa69:0xba475ef80fe810eb!8m2!3d43.3473725!4d3.2160271!16s%2Fg%2F11y434pt40!19sChIJafqTU8ClUAUR6xDoD_heR7o?authuser=0&hl=fr&rclk=1,4.9,45,Service de nettoyage de piscines,67 Av. Maréchal Foch,,0647767723,https://www.facebook.com/people/Piscine-Horizons/61558304645120/,pisciniste,3,Béziers,0647767723,0
pisciniste,Au Plaisir De L'o SARL,https://www.google.com/maps/place/Au+Plaisir+De+L%27o+SARL/data=!4m7!3m6!1s0x12b10eeddeffb4ff:0xcbf7d14d59ecbf69!8m2!3d43.3348177!4d3.2020979!16s%2Fg%2F1td2qrx8!19sChIJ_7T_3u0OsRIRab_sWU3R98s?authuser=0&hl=fr&rclk=1,4.6,26,Société de construction de piscine,457 Chem. de Fonseranes,,0688684427,https://www.auplaisirdelo.com/,pisciniste,6,Plaisir,0688684427,0
pisciniste,Irripiscine by Irrijardin Béziers,https://www.google.com/maps/place/Irripiscine+by+Irrijardin+B%C3%A9ziers/data=!4m7!3m6!1s0x12b10e2a8e678329:0x21179ba4519de5b3!8m2!3d43.3239265!4d3.2575834!16s%2Fg%2F1yh9ts1yr!19sChIJKYNnjioOsRIRs-WdUaSbFyE?authuser=0&hl=fr&rclk=1,4.5,126,Société de construction de piscine,·,,0467001139,https://www.irripiscine.fr/magasins/beziers,pisciniste,6,Béziers,0467001139,0
pisciniste,TOLOSA PISCINE - Pisciniste toulouse - depannage piscine - rénovation piscine toulouse,https://www.google.com/maps/place/TOLOSA+PISCINE+-+Pisciniste+toulouse+-+depannage+piscine+-+r%C3%A9novation+piscine+toulouse/data=!4m7!3m6!1s0x6b4926d6a5cb53e5:0x1841cb7577f88983!8m2!3d43.5848881!4d1.4479462!16s%2Fg%2F11y3r17tz6!19sChIJ5VPLpdYmSWsRg4n4d3XLQRg?authuser=0&hl=fr&rclk=1,5.0,88,Société de construction de piscine,8 Gd Rue Saint-Michel,,0777915251,https://www.tolosa-piscine-multitravaux.fr/,pisciniste,12,Toulouse,0777915251,2
pisciniste,Aqua Pensez Vous Albi,https://www.google.com/maps/place/Aqua+Pensez+Vous+Albi/data=!4m7!3m6!1s0x12addd286e093565:0xb10a5756da2fd6be!8m2!3d43.8983044!4d2.1505753!16s%2Fg%2F11ggs33nr8!19sChIJZTUJbijdrRIRvtYv2lZXCrE?authuser=0&hl=fr&rclk=1,4.8,98,Société de construction de piscine,·,,0563540738,https://aquapensezvous.com/agence-albi/?utm_source=google&utm_medium=organic&utm_campaign=gbp-albi,pisciniste,6,Albi,0563540738,0
pisciniste,CPA Création Piscines & Aménagements Montauban Pisciniste,https://www.google.com/maps/place/CPA+Cr%C3%A9ation+Piscines+%26+Am%C3%A9nagements+Montauban+Pisciniste/data=!4m7!3m6!1s0x12ac0f770d7ad9fd:0xe564a4890fb320f3!8m2!3d43.9468208!4d1.3248007!16s%2Fg%2F11f4ldwc_q!19sChIJ_dl6DXcPrBIR8yCzD4mkZOU?authuser=0&hl=fr&rclk=1,4.9,16,Société de construction de piscine,·,,0563230193,,pisciniste,9,Montauban,0563230193,1
pisciniste,O Blue,https://www.google.com/maps/place/O+Blue/data=!4m7!3m6!1s0x12ac02454ca19f49:0x28f75c861ec54413!8m2!3d43.8109141!4d1.3173952!16s%2Fg%2F1tc_ymz6!19sChIJSZ-hTEUCrBIRE0TFHoZc9yg?authuser=0&hl=fr&rclk=1,4.7,42,Société de construction de piscine,390 Rte de Toulouse,,0660975439,https://www.oblue.fr/?utm_medium=referral&utm_source=gmb&utm_campaign=lnk-gmb,pisciniste,6,Toulouse,0660975439,2
pisciniste,CTPM Piscine et Terrassement | Toulouse,https://www.google.com/maps/place/CTPM+Piscine+et+Terrassement+%7C+Toulouse/data=!4m7!3m6!1s0x53f10fccc702d99:0xe05e99725b157e0d!8m2!3d43.4131452!4d1.2775757!16s%2Fg%2F11vsbnxdn9!19sChIJmS1wzPwQPwURDX4VW3KZXuA?authuser=0&hl=fr&rclk=1,4.9,20,Société de construction de piscine,·,,0632571764,https://clanet-ctpm.fr/,pisciniste,6,Toulouse,0632571764,2
pisciniste,Aquilus Piscines et Spas Toulouse,https://www.google.com/maps/place/Aquilus+Piscines+et+Spas+Toulouse/data=!4m7!3m6!1s0x12aeb19aac5fdb5d:0x93e6bb16e2acb740!8m2!3d43.6009578!4d1.3005107!16s%2Fg%2F11b8vc6fjt!19sChIJXdtfrJqxrhIRQLes4ha75pM?authuser=0&hl=fr&rclk=1,4.9,69,Société de construction de piscine,3 Chem. de la Ménude,,0534590000,https://magasin.aquilus-piscines.com/137-aquilus-piscines-et-spas-toulouse?utm_source=gmb,pisciniste,7,Toulouse,0534590000,2
pisciniste,AQUA PENSEZ VOUS ? Pisciniste TOULOUSE,https://www.google.com/maps/place/AQUA+PENSEZ+VOUS+%3F+Pisciniste+TOULOUSE/data=!4m7!3m6!1s0x12aea53bf79c92c9:0xbe36a1520e8f6360!8m2!3d43.6878946!4d1.4056079!16s%2Fg%2F11vrkpks0t!19sChIJyZKc9zulrhIRYGOPDlKhNr4?authuser=0&hl=fr&rclk=1,4.7,13,Société de construction de piscine,52 BIS Rue de Fenouillet,,0554543545,https://aquapensezvous.com/pisciniste-toulouse/?utm_source=google&utm_medium=organic&utm_campaign=gbp-toulouse,pisciniste,9,Toulouse,0554543545,2
pisciniste,DCMEV Maçonnerie Générale (Maçon Albi Tarn),https://www.google.com/maps/place/DCMEV+Ma%C3%A7onnerie+G%C3%A9n%C3%A9rale+%28Ma%C3%A7on+Albi+Tarn%29/data=!4m7!3m6!1s0x12ade5e3aaa70b29:0xea22326a00b686b3!8m2!3d43.919852!4d2.2564427!16s%2Fg%2F11ld5bmzd_!19sChIJKQunquPlrRIRs4a2AGoyIuo?authuser=0&hl=fr&rclk=1,5.0,8,Société de construction de piscine,475 Rte de Millau,,0686054571,https://www.dcmev.fr/,pisciniste,6,Albi,0686054571,0
pisciniste,Aqua Pensez Vous Bias - Pisciniste Villeneuve-sur-Lot,https://www.google.com/maps/place/Aqua+Pensez+Vous+Bias+-+Pisciniste+Villeneuve-sur-Lot/data=!4m7!3m6!1s0x12ab076b37f07799:0x5ddcbb98bd233b7!8m2!3d44.4039509!4d0.6881559!16s%2Fg%2F11srglhj18!19sChIJmXfwN2sHqxIRtzPSi7nL3QU?authuser=0&hl=fr&rclk=1,5.0,44,Société de construction de piscine,233 Av. de Bordeaux,,0554548580,https://aquapensezvous.com/pisciniste-villeneuve-sur-lot/?utm_source=google&utm_medium=organic&utm_campaign=gbp-villeneuve,pisciniste,9,Bordeaux,0554548580,1
pisciniste,Laurent Piscine Service,https://www.google.com/maps/place/Laurent+Piscine+Service/data=!4m7!3m6!1s0x12aba625928cf3eb:0x3617aadededda1f!8m2!3d44.4024424!4d0.6536099!16s%2Fg%2F1vfvcpw5!19sChIJ6_OMkiWmqxIRH9rt7a16YQM?authuser=0&hl=fr&rclk=1,4.5,22,Société de construction de piscine,2980 Av. de Bordeaux,,0553716313,https://laurent-piscine-service.com/,pisciniste,6,Bordeaux,0553716313,1
pisciniste,Génération Sud Piscines,https://www.google.com/maps/place/G%C3%A9n%C3%A9ration+Sud+Piscines/data=!4m7!3m6!1s0x12ac0df73a27d881:0x64bd81a6e22ca553!8m2!3d44.046928!4d1.365004!16s%2Fg%2F11x1syz_kk!19sChIJgdgnOvcNrBIRU6Us4qaBvWQ?authuser=0&hl=fr&rclk=1,5.0,14,Piscine,555 Chem. Prax Paris,,0648116411,,pisciniste,3,Paris,0648116411,2
pisciniste,"Magi Piscines, Spas et Abris Châteauroux (36)","https://www.google.com/maps/place/Magi+Piscines,+Spas+et+Abris+Ch%C3%A2teauroux+%2836%29/data=!4m7!3m6!1s0x47fba735d9401657:0xc032143c049d7f21!8m2!3d46.7974433!4d1.7267486!16s%2Fg%2F1tfnsc6c!19sChIJVxZA2TWn-0cRIX-dBDwUMsA?authuser=0&hl=fr&rclk=1",4.5,77,Société de construction de piscine,388 Av. de La Châtre,,0254080865,https://www.magi-piscines.fr/,pisciniste,7,Châteauroux,0254080865,1
pisciniste,Piscines Freedom Paris,https://www.google.com/maps/place/Piscines+Freedom+Paris/data=!4m7!3m6!1s0x47e67965048a8e27:0xaae2f1bf83f363d!8m2!3d48.772524!4d2.2583348!16s%2Fg%2F11tg264tlf!19sChIJJ46KBGV55kcRPTY_-Bsvrgo?authuser=0&hl=fr&rclk=1,5.0,6,Société de construction de piscine,2 Av. de Bel air,,0621065964,https://www.piscinesfreedomparis.fr/,pisciniste,6,Paris,0621065964,2
pisciniste,VICA / MAGILINE piscines & spas Villefranche sur saône,https://www.google.com/maps/place/VICA+%2F+MAGILINE+piscines+%26+spas+Villefranche+sur+sa%C3%B4ne/data=!4m7!3m6!1s0x47f485097ca86f6f:0x2eafb24358e67b66!8m2!3d45.9979477!4d4.738561!16s%2Fg%2F11mh9szpx7!19sChIJb2-ofAmF9EcRZnvmWEOyry4?authuser=0&hl=fr&rclk=1,5.0,95,Société de construction de piscine,451 Rue Benoît Mulsant,,0987718889,https://www.vica-piscines.fr/,pisciniste,7,Villefranche-sur-Saône,0987718889,0
pisciniste,Aquilus Piscines Brignais,https://www.google.com/maps/place/Aquilus+Piscines+Brignais/data=!4m7!3m6!1s0x47f4e977318674ff:0xfe03b3e017635f7c!8m2!3d45.6535137!4d4.7498658!16s%2Fg%2F11svvv7kd4!19sChIJ_3SGMXfp9EcRfF9jF-CzA_4?authuser=0&hl=fr&rclk=1,4.9,30,Société de construction de piscine,37 Rte de Lyon,,0955856942,https://magasin.aquilus-piscines.com/185-aquilus-piscines-brignais?utm_source=gmb,pisciniste,6,Lyon,0955856942,1
pisciniste,Abrisud Lyon,https://www.google.com/maps/place/Abrisud+Lyon/data=!4m7!3m6!1s0x47f4e7a98d5f9c23:0x1d835da0b2114cd2!8m2!3d45.614297!4d4.810208!16s%2Fg%2F11g6lw_8sz!19sChIJI5xfjann9EcR0kwRsqBdgx0?authuser=0&hl=fr&rclk=1,4.3,279,Société de construction de piscine,41,,0428299374,https://www.google.com/aclk?sa=L&ai=DChsSEwit_riA4L2UAxUCZUECHX6cAtIYACICCAEQABoCd3M&co=1&ase=2&gclid=CjwKCAjwq6DQBhBVEiwA4ZD5XOzbsMjbt3cF0AHkUH38MFx5mcpQD6N-yJw-Zb7JrQe5WQ88gtfZqxoCfjMQAvD_BwE&cce=2&category=acrcp_v1_32&sig=AOD64_1c4cfyICj1-i0y32FkKr4Wjb6SVg&adurl&q&ctype=99&nis=6,pisciniste,6,Lyon,0428299374,1
pisciniste,Piscines Desjoyaux,https://www.google.com/maps/place/Piscines+Desjoyaux/data=!4m7!3m6!1s0x478ae5ffc72a03e1:0x6846e0cf5d9d61ff!8m2!3d45.314948!4d5.622517!16s%2Fg%2F11fjtym6kx!19sChIJ4QMqx__likcR_2GdXc_gRmg?authuser=0&hl=fr&rclk=1,4.5,129,Société de construction de piscine,2143 Route de Grenoble,,0428570010,https://www.google.com/aclk?sa=L&ai=DChsSEwikqqiv4L2UAxUfl2gJHTzXGXsYACICCAEQCBoCd2Y&ae=2&co=1&ase=2&gclid=CjwKCAjwq6DQBhBVEiwA4ZD5XKsIn6gIPE8QTdQbNQNGC7VrIWmx15ZvCYFX5dmDafOzOhD9i3DA3xoCa_YQAvD_BwE&cce=2&category=acrcp_v1_71&sig=AOD64_0pzFUchy9fg7xAHRPQh2Le0O0Y2w&adurl&q&ctype=99&nis=6,pisciniste,6,Grenoble,0428570010,0
pisciniste,Exp'Eau Val -detection fuite piscine - spas valence,https://www.google.com/maps/place/Exp%27Eau+Val+-detection+fuite+piscine+-+spas+valence/data=!4m7!3m6!1s0x12b54d9af6153f55:0x7510b91d835d464c!8m2!3d44.8473078!4d4.8816974!16s%2Fg%2F1tfvw0m5!19sChIJVT8V9ppNtRIRTEZdgx25EHU?authuser=0&hl=fr&rclk=1,4.5,32,Société de construction de piscine,"ZA de la blacheronde, 465 Chem. des Colzas",,0475440422,http://www.expeau-piscine-valence.fr/,pisciniste,7,Valence,0475440422,0
pisciniste,Générale Piscines | Spécialiste piscine coque à Avignon et dans le luberon,https://www.google.com/maps/place/G%C3%A9n%C3%A9rale+Piscines+%7C+Sp%C3%A9cialiste+piscine+coque+%C3%A0+Avignon+et+dans+le+luberon/data=!4m7!3m6!1s0x12ca16c591b7d3c7:0xdcd08201f9c86ba9!8m2!3d43.868703!4d5.3192395!16s%2Fg%2F113gbfp77!19sChIJx9O3kcUWyhIRqWvI-QGC0Nw?authuser=0&hl=fr&rclk=1,4.6,42,Société de construction de piscine,2272 D900,,0490745863,https://www.generale-piscines.fr/,pisciniste,6,Avignon,0490745863,0
pisciniste,Art Piscine Et Spa,https://www.google.com/maps/place/Art+Piscine+Et+Spa/data=!4m7!3m6!1s0x12cc2964dcbf1c8f:0x9d3b8c205a1734a3!8m2!3d43.6256273!4d6.9994003!16s%2Fg%2F11b6d60rm0!19sChIJjxy_3GQpzBIRozQXWiCMO50?authuser=0&hl=fr&rclk=1,5.0,14,Société de construction de piscine,1741 Rte de Cannes,,0663186439,http://art-piscine-et-spa.com/,pisciniste,7,Cannes,0663186439,0
pisciniste,Aquilus Piscines et Spas Bourges,https://www.google.com/maps/place/Aquilus+Piscines+et+Spas+Bourges/data=!4m7!3m6!1s0x47fa95e79366f82f:0x3b5d46a5a00007ab!8m2!3d47.0930425!4d2.385294!16s%2Fg%2F11gf626c7r!19sChIJL_hmk-eV-kcRqwcAoKVGXTs?authuser=0&hl=fr&rclk=1,4.7,87,Société de construction de piscine,55 bis Av. des Prés le Roi,,0248242502,https://magasin.aquilus-piscines.com/110-aquilus-piscines-et-spas-bourges?utm_source=gmb,pisciniste,7,Bourges,0248242502,0
pisciniste,Piscines Ibiza Bourges,https://www.google.com/maps/place/Piscines+Ibiza+Bourges/data=!4m7!3m6!1s0x47fac17bbb2a6d85:0xc94f7a70f4e7c96c!8m2!3d47.1408523!4d2.2449098!16s%2Fg%2F11tx5h8gnd!19sChIJhW0qu3vB-kcRbMnn9HB6T8k?authuser=0&hl=fr&rclk=1,5.0,53,Magasin,·,,0259163704,https://www.piscines-ibiza.com/distributeur/pisciniste-bourges-mehun-sur-yevre/,pisciniste,3,Bourges,0259163704,0
pisciniste,Pisciniste Reims | Piscines & Harmonies,https://www.google.com/maps/place/Pisciniste+Reims+%7C+Piscines+%26+Harmonies/data=!4m7!3m6!1s0x60daed6785c36385:0xc23a139badb5e771!8m2!3d49.3422576!4d4.3950853!16s%2Fg%2F11nxsyf2z_!19sChIJhWPDhWft2mARcee1rZsTOsI?authuser=0&hl=fr&rclk=1,4.9,25,Société de construction de piscine,·,,0636371840,https://www.piscines-harmonies.com/,pisciniste,9,Reims,0636371840,0
pisciniste,SolidPool Reims - Piscines SP2M,https://www.google.com/maps/place/SolidPool+Reims+-+Piscines+SP2M/data=!4m7!3m6!1s0x47e975328a2d5d7b:0xaeacf2a23bf3ad09!8m2!3d49.2168136!4d4.0642016!16s%2Fg%2F11m5crmlrb!19sChIJe10tijJ16UcRCa3zO6LyrK4?authuser=0&hl=fr&rclk=1,5.0,15,Société de construction de piscine,·,,0356940126,https://solidpool.com/fr/magasin/5121-reims?utm_source=google&utm_medium=gmb&utm_campaign=FicheGMB,pisciniste,6,Reims,0356940126,0
pisciniste,Irripiscine by Irrijardin Reims-Tinqueux,https://www.google.com/maps/place/Irripiscine+by+Irrijardin+Reims-Tinqueux/data=!4m7!3m6!1s0x47e97598c9d8fce5:0xacca3160c65c2754!8m2!3d49.250744!4d3.978613!16s%2Fg%2F11j5c99mqs!19sChIJ5fzYyZh16UcRVCdcxmAxyqw?authuser=0&hl=fr&rclk=1,4.6,90,Société de construction de piscine,·,,0326502520,https://www.irripiscine.fr/magasins/reims-tinqueux,pisciniste,6,Reims,0326502520,0
pisciniste,Savoie Piscines & Spas,https://www.google.com/maps/place/Savoie+Piscines+%26+Spas/data=!4m7!3m6!1s0x478b9fee2573e4f7:0xe145487b01fcf351!8m2!3d45.7566703!4d5.9310572!16s%2Fg%2F11b6lh01b0!19sChIJ9-RzJe6fi0cRUfP8AXtIReE?authuser=0&hl=fr&rclk=1,4.9,149,Société de construction de piscine,1763 Rte d'Annecy,,0479346531,http://www.savoiepiscines.fr/,pisciniste,7,Annecy,0479346531,1
pisciniste,ALP Piscine - PISCINES HydroSud Annecy,https://www.google.com/maps/place/ALP+Piscine+-+PISCINES+HydroSud+Annecy/data=!4m7!3m6!1s0x478b85109e3c7f89:0xf87eaad8f39a7772!8m2!3d45.8853005!4d6.065706!16s%2Fg%2F1v_z7t4m!19sChIJiX88nhCFi0cRcnea89iqfvg?authuser=0&hl=fr&rclk=1,4.5,33,Société de construction de piscine,·,,0450101122,https://www.facebook.com/PiscinesHydroSud?utm_source=gmb,pisciniste,7,Annecy,0450101122,1
pisciniste,Aquilus Piscines et Spas Lons le Saunier,https://www.google.com/maps/place/Aquilus+Piscines+et+Spas+Lons+le+Saunier/data=!4m7!3m6!1s0x478d29905ff38665:0x6676b8449f869b9d!8m2!3d46.691769!4d5.560893!16s%2Fg%2F11swp9q9ps!19sChIJZYbzX5ApjUcRnZuGn0S4dmY?authuser=0&hl=fr&rclk=1,4.9,17,Société de construction de piscine,1545 Rte de Besançon,,0384850131,https://magasin.aquilus-piscines.com/175-aquilus-piscines-et-spas-lons-le-saunier?utm_source=gmb,pisciniste,7,Besançon,0384850131,0
pisciniste,Aquilus Piscines et Spas Besançon,https://www.google.com/maps/place/Aquilus+Piscines+et+Spas+Besan%C3%A7on/data=!4m7!3m6!1s0x478d63039de4ed4f:0x430422c054b01c1c!8m2!3d47.2855478!4d5.9922621!16s%2Fg%2F11twq6s169!19sChIJT-3knQNjjUcRHBywVMAiBEM?authuser=0&hl=fr&rclk=1,4.8,31,Société de construction de piscine,Rue des Bolons,,0978800997,https://magasin.aquilus-piscines.com/182-aquilus-piscines-et-spas-besancon?utm_source=gmb,pisciniste,7,Besançon,0978800997,0
pisciniste,ÉVASION PISCINES ET SPAS,https://www.google.com/maps/place/%C3%89VASION+PISCINES+ET+SPAS/data=!4m7!3m6!1s0x478d656dab95b3d5:0x40931bfb6f0f05a2!8m2!3d47.2100336!4d6.0010068!16s%2Fg%2F11wnltzf8c!19sChIJ1bOVq21ljUcRogUPb_sbk0A?authuser=0&hl=fr&rclk=1,4.5,15,Société de construction de piscine,17 Rue de Lyon,,0608450338,,pisciniste,7,Lyon,0608450338,1
pisciniste,Irripiscine by Irrijardin Besançon,https://www.google.com/maps/place/Irripiscine+by+Irrijardin+Besan%C3%A7on/data=!4m7!3m6!1s0x478d635219a9bd29:0xddfd29f4f253c20!8m2!3d47.22098!4d5.9543!16s%2Fg%2F11yc6f83px!19sChIJKb2pGVJjjUcRIDwlT5_S3w0?authuser=0&hl=fr&rclk=1,4.6,22,Société de construction de piscine,·,,0381269225,https://www.irripiscine.fr/magasins/besancon,pisciniste,6,Besançon,0381269225,0
pisciniste,Irripiscine by Irrijardin Mulhouse - Wittenheim,https://www.google.com/maps/place/Irripiscine+by+Irrijardin+Mulhouse+-+Wittenheim/data=!4m7!3m6!1s0x47919cd42c2d83fd:0x2444c124995bd821!8m2!3d47.805058!4d7.313483!16s%2Fg%2F11g6mdwr1n!19sChIJ_YMtLNSckUcRIdhbmSTBRCQ?authuser=0&hl=fr&rclk=1,4.4,258,Magasin de matériel pour piscines,·,,0389325156,https://www.irripiscine.fr/magasins/mulhouse,pisciniste,3,Mulhouse,0389325156,1
pisciniste,Aquilus Piscines et Spas Colmar,https://www.google.com/maps/place/Aquilus+Piscines+et+Spas+Colmar/data=!4m7!3m6!1s0x4791671adef4eb51:0xe330dd9134e83b77!8m2!3d48.1263395!4d7.3516871!16s%2Fg%2F11yxg5dlsv!19sChIJUev03hpnkUcRdzvoNJHdMOM?authuser=0&hl=fr&rclk=1,5.0,3,Société de construction de piscine,7 Rue de l'Étang,,0389231935,https://magasin.aquilus-piscines.com/158-aquilus-piscines-et-spas-colmar?utm_source=gmb,pisciniste,7,Colmar,0389231935,1
pisciniste,SANIEST Construction et rénovation piscine Metz,https://www.google.com/maps/place/SANIEST+Construction+et+r%C3%A9novation+piscine+Metz/data=!4m7!3m6!1s0x4794e656f88be9f9:0xc6ea53e09cab02f2!8m2!3d49.0687687!4d6.3084958!16s%2Fg%2F11j8ln0st2!19sChIJ-emL-FbmlEcR8gKrnOBT6sY?authuser=0&hl=fr&rclk=1,4.9,53,Société de construction de piscine,22 Rue de Metz,,0608483640,https://www.piscine-saniest-moselle.com/,pisciniste,9,Metz,0608483640,0
pisciniste,My Pool Piscines & Spas - Unibeo Metz,https://www.google.com/maps/place/My+Pool+Piscines+%26+Spas+-+Unibeo+Metz/data=!4m7!3m6!1s0x4794e1aa8ef34101:0x1efc25747c377c80!8m2!3d49.0666783!4d6.1409146!16s%2Fg%2F11ph1dtyxv!19sChIJAUHzjqrhlEcRgHw3fHQl_B4?authuser=0&hl=fr&rclk=1,4.9,154,Société de construction de piscine,Rue de la Belle Fontaine 3 ZAC,,0771038719,https://www.mypoolconcept.fr/?utm_source=gmb&utm_medium=profile,pisciniste,7,Metz,0771038719,0
pisciniste,LYATERA METZ,https://www.google.com/maps/place/LYATERA+METZ/data=!4m7!3m6!1s0x4794df28a28fd67f:0x9b835d2f919caae7!8m2!3d49.1173883!4d6.2476594!16s%2Fg%2F11z5v5p7lb!19sChIJf9aPoijflEcR56qckS9dg5s?authuser=0&hl=fr&rclk=1,5.0,7,Société de construction de piscine,41 Rue des Drapiers,,0387524243,https://www.instagram.com/lyatera_/,pisciniste,6,Metz,0387524243,0
pisciniste,Irripiscine by Irrijardin Metz-Augny,https://www.google.com/maps/place/Irripiscine+by+Irrijardin+Metz-Augny/data=!4m7!3m6!1s0x4794dafe1e5756b3:0xfd30ac27a37011cd!8m2!3d49.0783667!4d6.107814!16s%2Fg%2F1q5bpc0qr!19sChIJs1ZXHv7alEcRzRFwoyesMP0?authuser=0&hl=fr&rclk=1,4.3,166,Société de construction de piscine,·,,0387369000,https://www.irripiscine.fr/magasins/augny,pisciniste,6,Metz,0387369000,0
pisciniste,Vitres’Eco Nancy | Nettoyage de vitres,https://www.google.com/maps/place/Vitres%E2%80%99Eco+Nancy+%7C+Nettoyage+de+vitres/data=!4m7!3m6!1s0x8f870826535558bf:0x8eb269c15af43e02!8m2!3d48.7026977!4d6.2019148!16s%2Fg%2F11rqky87kw!19sChIJv1hVUyYIh48RAj70WsFpso4?authuser=0&hl=fr&rclk=1,4.9,139,Service de nettoyage de piscines,9 Rue Masson,,0660694744,http://www.ecovitres-nancy.fr/,pisciniste,3,Nancy,0660694744,0
pisciniste,Beell Concept Piscine / Troyes / Aube,https://www.google.com/maps/place/Beell+Concept+Piscine+%2F+Troyes+%2F+Aube/data=!4m7!3m6!1s0x47ee9dd5e8b07891:0xda0782ec30bfdf21!8m2!3d48.2135744!4d4.1370241!16s%2Fg%2F11sk3stq2v!19sChIJkXiw6NWd7kcRId-_MOyCB9o?authuser=0&hl=fr&rclk=1,4.8,43,Société de construction de piscine,16 D Rue des Marots Prolongée,,0750228603,https://www.cocktailpiscine.com/,pisciniste,6,Troyes,0750228603,1
pisciniste,Aquilus Piscines et Spas Dijon,https://www.google.com/maps/place/Aquilus+Piscines+et+Spas+Dijon/data=!4m7!3m6!1s0x47f29fc7fe81b65b:0x55ad995f16018262!8m2!3d47.302208!4d5.1143569!16s%2Fg%2F11kpg54_wn!19sChIJW7aB_sef8kcRYoIBFl-ZrVU?authuser=0&hl=fr&rclk=1,4.7,13,Société de construction de piscine,12 Rue Nicolas de Condorcet,,0978809357,https://magasin.aquilus-piscines.com/184-aquilus-piscines-et-spas-dijon?utm_source=gmb,pisciniste,7,Dijon,0978809357,0
pisciniste,Gien Kit Piscine,https://www.google.com/maps/place/Gien+Kit+Piscine/data=!4m7!3m6!1s0x47e55e99d304d5c9:0xbf1d7e833a4caa13!8m2!3d47.6685365!4d2.6221327!16s%2Fg%2F11b6dqfywq!19sChIJydUE05le5UcRE6pMOoN-Hb8?authuser=0&hl=fr&rclk=1,4.5,31,Société de construction de piscine,150 Rte de Bourges,,0238050082,,pisciniste,6,Bourges,0238050082,0
pisciniste,Aquilus Piscines et Spas Orléans,https://www.google.com/maps/place/Aquilus+Piscines+et+Spas+Orl%C3%A9ans/data=!4m7!3m6!1s0x47e4fb1dbae9f423:0x34a09631e3c01d50!8m2!3d47.9454602!4d1.9074965!16s%2Fg%2F11vqh3zf_1!19sChIJI_Tpuh375EcRUB3A4zGWoDQ?authuser=0&hl=fr&rclk=1,5.0,18,Société de construction de piscine,1342 Rue de Montaran,,0238686540,http://www.piscines-spas.com/,pisciniste,7,Orléans,0238686540,0
pisciniste,Amboise Paysage by ADH - Paysagiste Pisciniste Pergola - Tours,https://www.google.com/maps/place/Amboise+Paysage+by+ADH+-+Paysagiste+Pisciniste+Pergola+-+Tours/data=!4m7!3m6!1s0x47fcca9251de066f:0xfc10ddcae2f02d13!8m2!3d47.4181803!4d0.9621323!16s%2Fg%2F1tj20xfp!19sChIJbwbeUZLK_EcREy3w4srdEPw?authuser=0&hl=fr&rclk=1,4.7,101,Société de construction de piscine,·,,0247571972,https://www.amboisepaysage.com/,pisciniste,6,Tours,0247571972,0
pisciniste,Irripiscine by Irrijardin Tours,https://www.google.com/maps/place/Irripiscine+by+Irrijardin+Tours/data=!4m7!3m6!1s0x47fcd4e90af38561:0x7233d485b7cd7b3e!8m2!3d47.424594!4d0.710483!16s%2Fg%2F12xq69st0!19sChIJYYXzCunU_EcRPnvNt4XUM3I?authuser=0&hl=fr&rclk=1,4.5,94,Société de construction de piscine,·,,0247631756,https://www.irripiscine.fr/magasins/tours,pisciniste,6,Tours,0247631756,0
pisciniste,La Boutique de la Piscine et du Spa 92 - Magiline Rueil-Malmaison,https://www.google.com/maps/place/La+Boutique+de+la+Piscine+et+du+Spa+92+-+Magiline+Rueil-Malmaison/data=!4m7!3m6!1s0x47e663280fc447d7:0x604781cf4c3b97b6!8m2!3d48.8732583!4d2.1640881!16s%2Fg%2F11q1rhc9nk!19sChIJ10fEDyhj5kcRtpc7TM-BR2A?authuser=0&hl=fr&rclk=1,4.8,26,Société de construction de piscine,·,,0147497469,http://www.piscineetspa92.com/,pisciniste,7,Rueil-Malmaison,0147497469,1
pisciniste,Piscines Ibiza Amiens,https://www.google.com/maps/place/Piscines+Ibiza+Amiens/data=!4m7!3m6!1s0x47e78551f1a39cb3:0xf04eaff8f4fe9575!8m2!3d49.8586824!4d2.2756891!16s%2Fg%2F11q4jqwb1f!19sChIJs5yj8VGF50cRdZX-9PivTvA?authuser=0&hl=fr&rclk=1,4.6,53,Société de construction de piscine,·,,0322099087,http://www.picardiepiscines.fr/,pisciniste,6,Amiens,0322099087,0
pisciniste,Maison Piscine intérieure privée sans vis à vis,https://www.google.com/maps/place/Maison+Piscine+int%C3%A9rieure+priv%C3%A9e+sans+vis+%C3%A0+vis/data=!4m7!3m6!1s0x47e0b54a8f43c99b:0x19b6e43d90289d98!8m2!3d49.7266534!4d1.4260636!16s%2Fg%2F11h717rmg1!19sChIJm8lDj0q14EcRmJ0okD3kthk?authuser=0&hl=fr&rclk=1,4.9,17,Piscine,1 bis ROUTE DE ROUEN,,0633599866,https://app.superhote.com/#/rental/propertyKeyQjg1QeFh9fxjw2rbhOU7BoDg8?startDate=2025-10-10&endDate=2025-10-12&adultsNumber=4&childrenNumber=0&lang=fr,pisciniste,3,Rouen,0633599866,0
pisciniste,Ets JP Moreau Piscine,https://www.google.com/maps/place/Ets+JP+Moreau+Piscine/data=!4m7!3m6!1s0x47e0d94e9d441b6b:0xee1bd44028bfbbde!8m2!3d49.3978445!4d1.1759536!16s%2Fg%2F11qfm7psrm!19sChIJaxtEnU7Z4EcR3ru_KEDUG-4?authuser=0&hl=fr&rclk=1,4.6,33,Société de construction de piscine,1093 Rte de Paris,,0235800365,http://www.lespiscinesmoreau.com/,pisciniste,6,Paris,0235800365,2
pisciniste,Irripiscine by Irrijardin Rouen - Barentin,https://www.google.com/maps/place/Irripiscine+by+Irrijardin+Rouen+-+Barentin/data=!4m7!3m6!1s0x47e0ef2872194139:0x7798da3509220485!8m2!3d49.532413!4d0.964859!16s%2Fg%2F11m9t19ypz!19sChIJOUEZcijv4EcRhQQiCTXamHc?authuser=0&hl=fr&rclk=1,4.8,53,Société de construction de piscine,·,,0235663663,https://www.irripiscine.fr/magasins/rouen-barentin,pisciniste,6,Rouen,0235663663,0
pisciniste,"FUITO - Recherche de fuites Le Havre, Rouen, Yvetot, Évreux - Normandie","https://www.google.com/maps/place/FUITO+-+Recherche+de+fuites+Le+Havre,+Rouen,+Yvetot,+%C3%89vreux+-+Normandie/data=!4m7!3m6!1s0x47e0df8c73a33943:0xbe89fc727283ade!8m2!3d49.4242213!4d1.0735024!16s%2Fg%2F11sysg017z!19sChIJQzmjc4zf4EcR3jooJ8ef6As?authuser=0&hl=fr&rclk=1",5.0,86,Inspecteur en bâtiment,11 Rue de l'Impératrice Mathilde,,0278776129,https://www.nexeau.eu/rouen,bardage,3,Le Havre,0278776129,2
pisciniste,Aquastil Piscines - Constructeur de Piscines et Spas,https://www.google.com/maps/place/Aquastil+Piscines+-+Constructeur+de+Piscines+et+Spas/data=!4m7!3m6!1s0x480b940375b14e11:0xf119751f61b8651!8m2!3d49.2705636!4d-0.6842185!16s%2Fg%2F1tj7vs8z!19sChIJEU6xdQOUC0gRUYYb9lGXEQ8?authuser=0&hl=fr&rclk=1,4.5,86,Société de construction de piscine,30 Rte de Caen,,0231214266,http://www.aquastilpiscines.com/,pisciniste,7,Caen,0231214266,0
pisciniste,JSPISCINES - Sylvain JAMET,https://www.google.com/maps/place/JSPISCINES+-+Sylvain+JAMET/data=!4m7!3m6!1s0x480efbbde2fd1f05:0x1614c8629379e4de!8m2!3d48.2486436!4d-1.9501282!16s%2Fg%2F11lg40pnkl!19sChIJBR_94r37DkgR3uR5k2LIFBY?authuser=0&hl=fr&rclk=1,5.0,24,Société de construction de piscine,22 Rue de Rennes,,0782590129,https://www.jspiscines35.fr/,pisciniste,6,Rennes,0782590129,1
pisciniste,Aquilus Piscines Saint-Malo,https://www.google.com/maps/place/Aquilus+Piscines+Saint-Malo/data=!4m7!3m6!1s0x480e852e9082a379:0xd463434aaab8c1c8!8m2!3d48.6198308!4d-1.9862452!16s%2Fg%2F11t3n2xd4m!19sChIJeaOCkC6FDkgRyMG4qkpDY9Q?authuser=0&hl=fr&rclk=1,4.7,11,Société de construction de piscine,32 Rue de la Grassinais,,0299822536,https://magasin.aquilus-piscines.com/180-aquilus-piscines-saint-malo?utm_source=gmb,pisciniste,6,Saint-Malo,0299822536,1
pisciniste,Paysage Concept - Paysagiste - Terrasse - Gazon - Plantation - Création,https://www.google.com/maps/place/Paysage+Concept+-+Paysagiste+-+Terrasse+-+Gazon+-+Plantation+-+Cr%C3%A9ation/data=!4m7!3m6!1s0x480ee38fd0df3a41:0xa5c453503e52fcb0!8m2!3d48.1226711!4d-1.8033822!16s%2Fg%2F11tfg4hnsm!19sChIJQTrf0I_jDkgRsPxSPlBTxKU?authuser=0&hl=fr&rclk=1,5.0,6,Paysagiste,52 Rue de Rennes,,0299644311,,paysagiste,6,Rennes,0299644311,2
pisciniste,Passion Piscine Rennes,https://www.google.com/maps/place/Passion+Piscine+Rennes/data=!4m7!3m6!1s0x2515613ce1e8207b:0x1c704777a30c376d!8m2!3d48.2662284!4d-2.3407504!16s%2Fg%2F11xl612b31!19sChIJeyDo4TxhFSURbTcMo3dHcBw?authuser=0&hl=fr&rclk=1,5.0,6,Société de construction de piscine,·,,0299305713,https://www.passionpiscine-rennes.fr/,pisciniste,6,Rennes,0299305713,1
pisciniste,Irripiscine by Irrijardin Nantes Orvault,https://www.google.com/maps/place/Irripiscine+by+Irrijardin+Nantes+Orvault/data=!4m7!3m6!1s0x4805ed3b13b4041b:0x7bd34b3643e7db96!8m2!3d47.254662!4d-1.617717!16s%2Fg%2F11k9s6z2jw!19sChIJGwS0EzvtBUgRltvnQzZL03s?authuser=0&hl=fr&rclk=1,4.9,105,Société de construction de piscine,·,,0788610311,https://www.irripiscine.fr/magasins/nantes-orvault,pisciniste,6,Nantes,0788610311,1
