id,company_name,phone,best_email,best_email_quality,dirigeant_prenom,dirigeant_nom,dirigeant_full,dirigeant_source,ville,niche,niche_source_csv,competitors_count_lsa,google_rating,google_review_count,category_google,website,google_maps_url,code_naf,siret,date_creation,tranche_effectif
38adf4d5-6694-4c49-9c61-33b1a39a5483,Aube Etanche,0326823352,aube.etanche@gmail.com,medium,Aube,Étanche,AUBE ÉTANCHE,mentions_legales,Reims,bardage,bardage,2,4.5,8,Couvreur,https://www.aube-etanche.fr/,https://www.google.com/maps/place/Aube+Etanche/data=!4m7!3m6!1s0x47e9755aba2c7b17:0xa8af61a25c0d882a!8m2!3d49.2679594!4d3.995371!16s%2Fg%2F11llylqh9f!19sChIJF3ssulp16UcRKogNXKJhr6g?authuser=0&hl=fr&rclk=1,,,,
6dd02eff-2c73-4a97-bf9e-99438cf57319,Lariviere,0326098883,info-lariviere@lariviere.fr,high,,,,,Reims,bardage,bardage,2,4.8,29,Magasin de materiaux de construction,https://www.lariviere.fr/trouver-votre-agence/lariviere-SEB/entry-445-lariviere-reims.html,https://www.google.com/maps/place/Lariviere/data=!4m7!3m6!1s0x47e9752bcad1577b:0xf26ff122a23fc364!8m2!3d49.258015!4d3.980695!16s%2Fg%2F1thw1h0v!19sChIJe1fRyit16UcRZMM_oiLxb_I?authuser=0&hl=fr&rclk=1,,,,
a3c4ca28-a29c-4e14-aee1-9289b31df33a,BK BATIMENT 93 - Entreprise au Havre Façadier spécialiste du ravalement de façade et rejointoiement de brique - LE HAVRE,0769575268,bkbati93@gmail.com,medium,Murat,Okcu,MURAT OKCU,siret_insee,Noisy-Le-Sec,bardage,bardage,2,4.9,64,Entrepreneur spécialisé dans l'isolation,http://www.bkbatiment.com/,https://www.google.com/maps/place/BK+BATIMENT+93+-+Entreprise+au+Havre+Fa%C3%A7adier+sp%C3%A9cialiste+du+ravalement+de+fa%C3%A7ade+et+rejointoiement+de+brique+-+LE+HAVRE/data=!4m7!3m6!1s0x47e02fcac8f21671:0xeaa1ee6f456c1a36!8m2!3d49.5173865!4d0.1121902!16s%2Fg%2F11nt2n3t0z!19sChIJcRbyyMov4EcRNhpsRW_uoeo?authuser=0&hl=fr&rclk=1,43.99C,92879772900029,2024-05-06,NN
1080338d-e399-4ab7-8651-4217d4f36cc4,SMC bois,0326500322,contact@smcbois.com,high,,,,,Reims,bardage,bardage,2,4.8,157,Couvreur,http://www.smcbois.com/,https://www.google.com/maps/place/SMC+bois/data=!4m7!3m6!1s0x47e9770c20d0d7d3:0x392042bf232d32d8!8m2!3d49.2392431!4d4.0946062!16s%2Fg%2F11rzbg5nwc!19sChIJ09fQIAx36UcR2DItI79CIDk?authuser=0&hl=fr&rclk=1,,,,
2aca875d-cfa2-4174-abe3-24580c6de2e2,Sarabela,0634251078,contact@sarabela.fr,high,,,,,Reims,bardage,bardage,2,5.0,7,Couvreur,http://www.sarabela.fr/?utm_source=gmb,https://www.google.com/maps/place/Sarabela/data=!4m7!3m6!1s0x47e97521cfb262a7:0x594e4864dc68f7e5!8m2!3d49.2410148!4d4.0573482!16s%2Fg%2F11vssdkpqj!19sChIJp2KyzyF16UcR5fdo3GRITlk?authuser=0&hl=fr&rclk=1,,,,
312f6ebd-3911-4d3c-a16f-4e23cf5a419f,ATTILA Reims Est,0352626263,contact@attila.fr,high,Nicolas,Etienne Nous Recrutons Du,Nicolas Etienne Nous recrutons Du,mentions_legales,Reims,bardage,bardage,2,4.6,10,Couvreur,http://www.attila.fr/nos-agences/attila-reims-est?utm_source=Google&utm_medium=MyBusiness,https://www.google.com/maps/place/ATTILA+Reims+Est/data=!4m7!3m6!1s0x47e976bd2afa60d1:0xf7d9a178aecf4fd5!8m2!3d49.239049!4d4.091452!16s%2Fg%2F11fzf8pyct!19sChIJ0WD6Kr126UcR1U_Prnih2fc?authuser=0&hl=fr&rclk=1,,,,
0ac7421c-4908-410f-9b11-af97c83f131b,S.R.B.Isolation,0667719884,contact.srbi51@gmail.com,medium,Mahmut,Kum,MAHMUT KUM,siret_insee,Cernay-Les-Reims,bardage,bardage,2,4.9,159,Entrepreneur spécialisé dans l'isolation,https://www.isolation-51.fr/,https://www.google.com/maps/place/S.R.B.Isolation/data=!4m7!3m6!1s0x47e977fad808558b:0xc72042a2e9fbfc4f!8m2!3d49.238873!4d4.090165!16s%2Fg%2F11kp_8v1gt!19sChIJi1UI2Pp36UcRT_z76aJCIMc?authuser=0&hl=fr&rclk=1,43.99C,80496071400041,2014-10-01,11
50b54399-2340-4699-a3b1-6a4aa891be07,EM BATIMENT - RGE ISOLATION PAR L'EXTÉRIEUR ET RAVALEMENT DE FAÇADE,0232851596,contact@embatiment.com,high,Mustapha,Aga,MUSTAPHA AGA,siret_insee,Le Havre,bardage,bardage,2,4.9,110,Entrepreneur spécialisé dans l'isolation,https://www.embatiment.com/,https://www.google.com/maps/place/EM+BATIMENT+-+RGE+ISOLATION+PAR+L%27EXT%C3%89RIEUR+ET+RAVALEMENT+DE+FA%C3%87ADE/data=!4m7!3m6!1s0x47e02fde590e2dcf:0xd1e45e007f403568!8m2!3d49.5203189!4d0.0818575!16s%2Fg%2F11fmd97cm9!19sChIJzy0OWd4v4EcRaDVAfwBe5NE?authuser=0&hl=fr&rclk=1,43.99C,84540011800038,2018-12-21,03
849c097d-fdda-4cbd-97a0-ca41f2cc7179,Cibetanche - Reims 10,0326853549,contact04@cibetanche.fr,high,Denis Rene Charles,Cannard,DENIS RENE CHARLES CANNARD,siret_insee,Bar-Sur-Aube,bardage,bardage,2,4.6,8,Entreprise de construction,http://cibetanche.fr/,https://www.google.com/maps/place/Cibetanche+-+Reims+10/data=!4m7!3m6!1s0x47e976a297554d2d:0xd9979885c426a04!8m2!3d49.2318202!4d4.0807117!16s%2Fg%2F1thx_3mr!19sChIJLU1Vl6J26UcRBGpCXIh5mQ0?authuser=0&hl=fr&rclk=1,43.99A,34925956400012,1989-01-07,11
d2726368-42a1-4bdd-aa74-fa4bdffe60a2,"DRM Rénovation Spécialiste isolation extérieure, Ravalement enduit projeté, Menuiseries et Carport proche LE HAVRE 76 RGE",0235240954,contact@drmrenovation.fr,high,,,,,Le Havre,bardage,bardage,2,4.8,167,Entrepreneur spécialisé dans l'isolation,https://www.drmrenovation.fr/,"https://www.google.com/maps/place/DRM+R%C3%A9novation+Sp%C3%A9cialiste+isolation+ext%C3%A9rieure,+Ravalement+enduit+projet%C3%A9,+Menuiseries+et+Carport+proche+LE+HAVRE+76+RGE/data=!4m7!3m6!1s0x47e0306592f276b1:0xfc3c8ab0aba66c70!8m2!3d49.5102499!4d0.2278141!16s%2Fg%2F11j2yq79vh!19sChIJsXbykmUw4EcRcGymq7CKPPw?authuser=0&hl=fr&rclk=1",,,,
dba66d48-f07b-423b-84c9-079bf6e49aaf,Face Champagne-Ardenne,0326778185,contact@face-sa.fr,high,Nicolas,Petit,Nicolas Petit,mentions_legales,Reims,bardage,bardage,2,4.8,4,Entreprise de construction,https://www.face-sa.fr/filiales/face-champagne-ardenne/,https://www.google.com/maps/place/Face+Champagne-Ardenne/data=!4m7!3m6!1s0x47e9753dbe6474f7:0x5a70bb2c4f9713fb!8m2!3d49.2692816!4d4.0011576!16s%2Fg%2F11gg67y6zq!19sChIJ93Rkvj116UcR-xOXTyy7cFo?authuser=0&hl=fr&rclk=1,,,,
1ffbbe4b-309e-4d50-83c2-61e5ae21f0cb,Jaloux Habitat Evolution,0326854832,kp.design@orange.fr,medium,Yannick Rene Maurice Luc,Bertaux,YANNICK RENE MAURICE LUC BERTAUX,siret_insee,Reims,bardage,bardage,2,4.8,16,Entrepreneur spécialisé dans l'isolation,https://www.jaloux-peinture.fr/,https://www.google.com/maps/place/Jaloux+Habitat+Evolution/data=!4m7!3m6!1s0x47e9744eaeecd5ef:0x67edbbf3d69e2293!8m2!3d49.2486092!4d4.0404866!16s%2Fg%2F11b6dph6xk!19sChIJ79Xsrk506UcRkyKe1vO77Wc?authuser=0&hl=fr&rclk=1,43.34Z,53217869600029,2011-05-09,11
4b9498d7-6561-4e9d-a04a-eaede391c75e,SD Couverture Reims,0776238373,sdcouverture51@gmail.com,medium,,,,,Reims,bardage,bardage,2,5.0,8,Couvreur,https://www.sdcouverture51.fr/,https://www.google.com/maps/place/SD+Couverture+Reims/data=!4m7!3m6!1s0x47e975898d100ed5:0xbca417ad3b6e4ca8!8m2!3d49.2342112!4d4.0682661!16s%2Fg%2F11rb9mdlzq!19sChIJ1Q4QjYl16UcRqExuO60XpLw?authuser=0&hl=fr&rclk=1,,,,
21678e02-0224-4357-86e9-f628b8941f7e,Bourgogne Couverture,0380720134,contact@bourgognecouverture.fr,high,,,,,Dijon,bardage,bardage,2,4.6,13,Couvreur,http://www.bourgognecouverture.fr/,https://www.google.com/maps/place/Bourgogne+Couverture/data=!4m7!3m6!1s0x47ed61f6d8228cf3:0x5f9b74c8464e433e!8m2!3d47.3497443!4d5.065822!16s%2Fg%2F1tkjkjkd!19sChIJ84wi2PZh7UcRPkNORsh0m18?authuser=0&hl=fr&rclk=1,,,,
c2a8c014-7b6e-489e-ae67-12daeb120ac0,ECO'HABITAT,0221814681,contact@ecohabitat76.fr,high,,,,,Le Havre,bardage,bardage,2,4.9,8,Entrepreneur spécialisé dans l'isolation,https://www.ecohabitat76.fr/,https://www.google.com/maps/place/ECO%27HABITAT/data=!4m7!3m6!1s0x47e031693dea9d3b:0x3d750e0feebce0c8!8m2!3d49.506972!4d0.1993915!16s%2Fg%2F11msxyp6_m!19sChIJO53qPWkx4EcRyOC87g8OdT0?authuser=0&hl=fr&rclk=1,,,,
ebcf20b3-29bc-415e-b026-35cadd1d8308,Delacotte-Lapert SARL,0235555122,entdelacotte@orange.fr,medium,Stephane Gilles Jean-Charles,Delacotte,STEPHANE GILLES JEAN-CHARLES DELACOTTE (DELACOTTE),siret_insee,Epretot,bardage,bardage,2,4.9,76,Couvreur,https://www.delacotte-lapert-couverture.fr/,https://www.google.com/maps/place/Delacotte-Lapert+SARL/data=!4m7!3m6!1s0x47e037620b3a486b:0xe7b297a47252b174!8m2!3d49.5282342!4d0.2967805!16s%2Fg%2F1tdhl2zv!19sChIJa0g6C2I34EcRdLFScqSXsuc?authuser=0&hl=fr&rclk=1,43.91B,31922919100030,1980-04-01,03
5885a174-8f27-4066-a0a0-b9703847e317,SR Couverture Zinguerie,0235459969,srcouverture@orange.fr,medium,Sebastien Jean Bernard,Raymond,SEBASTIEN JEAN BERNARD RAYMOND,siret_insee,Le Havre,bardage,bardage,2,4.5,6,Couvreur,http://www.sr-couverture-zinguerie.fr/,https://www.google.com/maps/place/SR+Couverture+Zinguerie/data=!4m7!3m6!1s0x47e02f4beb57461b:0x7df69606eedbd74c!8m2!3d49.4990417!4d0.1510118!16s%2Fg%2F11f62mt9sx!19sChIJG0ZX60sv4EcRTNfb7gaW9n0?authuser=0&hl=fr&rclk=1,43.91B,81997234000015,2016-05-02,02
41b32492-eda3-48af-8f23-22b43ba2b7d5,"DUFOUR SAS - Couverture, Bardage, Plomberie",0235243436,contact@dufour.fr,high,Daniel,De Beaurepaire,DANIEL DE BEAUREPAIRE,siret_insee,Le Havre,chauffagiste,chauffagiste,2,4.3,165,Chauffagiste,https://dufour.fr/,"https://www.google.com/maps/place/DUFOUR+SAS+-+Couverture,+Bardage,+Plomberie/data=!4m7!3m6!1s0x47e02faa2efaaaab:0xfa356e461e4db2a2!8m2!3d49.4919311!4d0.132997!16s%2Fg%2F11g0tl0wmk!19sChIJq6r6Lqov4EcRorJNHkZuNfo?authuser=0&hl=fr&rclk=1",43.91B,35750287100027,1957-01-01,21
59f9d685-0d56-4208-be36-6cde68b8a3d1,IDEPRO Habitat,0380663437,contact@idepro-habitat.fr,high,Joffrey Louis Marc,Malaclet - Sirdey,JOFFREY LOUIS MARC MALACLET - SIRDEY,siret_insee,Longvic,bardage,bardage,2,5.0,430,Entrepreneur spécialisé dans l'isolation,http://www.idepro-habitat.fr/,https://www.google.com/maps/place/IDEPRO+Habitat/data=!4m7!3m6!1s0x47f29faa2b0168cd:0x601aa3cf01467f6b!8m2!3d47.2684602!4d5.0461515!16s%2Fg%2F11f24x8m02!19sChIJzWgBK6qf8kcRa39GAc-jGmA?authuser=0&hl=fr&rclk=1,43.29A,83346291400023,2017-11-16,11
8b5f9485-6159-41ca-9996-d09fa94636d6,Collin Burdy - Couverture Zinguerie Désamiantage,0380543199,collin.burdy.secretariat@gmail.com,medium,,,,,Dijon,bardage,bardage,2,4.8,37,Entrepreneur spécialisé dans l'isolation,http://www.couverture-desamiantage-dijon.fr/?utm_source=gmb,https://www.google.com/maps/place/Collin+Burdy+-+Couverture+Zinguerie+D%C3%A9samiantage/data=!4m7!3m6!1s0x47ed627aba2f6f07:0x1fd444cb320b4d6!8m2!3d47.2780591!4d4.9941289!16s%2Fg%2F1tgxswbw!19sChIJB28vunpi7UcR1rQgs0xE_QE?authuser=0&hl=fr&rclk=1,,,,
f0bd52ca-b3f3-4399-bb52-df528cbd1ad1,Adibat 21,0380522413,adibat21@hotmail.fr,medium,Johann Raoul,Benoist,JOHANN RAOUL BENOIST,siret_insee,Marsannay-La-Cote,bardage,bardage,2,4.9,81,Entrepreneur spécialisé dans l'isolation,http://www.adibat.com/,https://www.google.com/maps/place/Adibat+21/data=!4m7!3m6!1s0x47f29c85c272d62b:0x623c92bb53b648bd!8m2!3d47.2777367!4d5.0089781!16s%2Fg%2F1tqtx6nx!19sChIJK9ZywoWc8kcRvUi2U7uSPGI?authuser=0&hl=fr&rclk=1,43.91B,52423385500021,2010-08-06,02
0f392d6b-4012-4475-9081-5187678f8902,21 Toitures,0380397720,contact@21toitures.com,high,Damien Marc,Mansot,DAMIEN MARC MANSOT,siret_insee,Dijon,bardage,bardage,2,4.9,124,Couvreur,https://www.21toitures.com/,https://www.google.com/maps/place/21+Toitures/data=!4m7!3m6!1s0x47f29de409308021:0xdc2aba2351f9bc2e!8m2!3d47.305444!4d5.024378!16s%2Fg%2F1v6wnnqp!19sChIJIYAwCeSd8kcRLrz5USO6Ktw?authuser=0&hl=fr&rclk=1,43.91A,51340275000014,2009-07-01,11
4d4ecf09-3dba-4295-916d-2e9b95ebed3a,Isole Plus Energies,0380273152,contact@isoleplus.com,low,,,,,Dijon,bardage,bardage,2,4.5,257,Entrepreneur spécialisé dans l'isolation,https://www.isole-plus.fr/?utm_source=gmb,https://www.google.com/maps/place/Isole+Plus+Energies/data=!4m7!3m6!1s0x47f29c64032dfb53:0x32158d63681c36ea!8m2!3d47.2747708!4d5.0085448!16s%2Fg%2F1tj5q20t!19sChIJU_stA2Sc8kcR6jYcaGONFTI?authuser=0&hl=fr&rclk=1,,,,
ba7c37c9-6f00-4dd0-8d3b-49326cf245a1,Bâti-Tech Rénovation & Aménagement à Dijon,0380435663,contact@bati-tech.fr,high,Est Dimitri Ci-Après L,Pierre,est PIERRE Dimitri ci-après l,mentions_legales,Dijon,bardage,bardage,2,5.0,4,Entreprise de construction,https://bati-tech.fr/,https://www.google.com/maps/place/B%C3%A2ti-Tech+R%C3%A9novation+%26+Am%C3%A9nagement+%C3%A0+Dijon/data=!4m7!3m6!1s0x47ed63255f29e201:0xba41c06a2b3f3b0!8m2!3d47.3433528!4d4.997278!16s%2Fg%2F11tt8fwp8r!19sChIJAeIpXyVj7UcRsPOzogYcpAs?authuser=0&hl=fr&rclk=1,,,,
ce0ae2d9-4a88-416c-ae23-6e44f71687bd,ATTILA Dijon Nord,0392030066,contact@attila.fr,high,Internet.,De Même,internet. De même,mentions_legales,Dijon,bardage,bardage,2,4.8,19,Couvreur,https://www.attila.fr/nos-agences/attila-dijon-nord,https://www.google.com/maps/place/ATTILA+Dijon+Nord/data=!4m7!3m6!1s0x47ed61fccb844693:0xe196e5b6f5cad808!8m2!3d47.3377322!4d5.100993!16s%2Fg%2F11y4lq8cxg!19sChIJk0aEy_xh7UcRCNjK9bblluE?authuser=0&hl=fr&rclk=1,,,,
f231a00f-15ae-4446-98bf-32e65d512ce3,SARL Cascarra Frères,0607508037,contact@cascarra-charpente-couverture.fr,high,Anthony Michel Antoine,Cascarra,ANTHONY MICHEL ANTOINE CASCARRA,siret_insee,Lux,bardage,bardage,2,5.0,3,Couvreur,https://www.cascarra-charpente-couverture.fr/,https://www.google.com/maps/place/SARL+Cascarra+Fr%C3%A8res/data=!4m7!3m6!1s0xca162b5ce2a7e4d:0x63e174a16c38e961!8m2!3d47.4835416!4d5.1001665!16s%2Fg%2F11xn3ky2b5!19sChIJTX4qzrVioQwRYek4bKF04WM?authuser=0&hl=fr&rclk=1,43.91A,98944654700014,2025-08-11,NN
3478a525-6192-4bb3-b602-b05bbab1a338,Jacquin renovation,0766133231,digitalagencyonline.contact@gmail.com,medium,Est,Www.digitalagencyonline.fr,est www.digitalagencyonline.fr,mentions_legales,Le Havre,bardage,bardage,2,5.0,22,Couvreur,https://jacquinrenovation.fr/,https://www.google.com/maps/place/Jacquin+renovation/data=!4m7!3m6!1s0x47e03120d3e95055:0x12c75e5f0a7fd781!8m2!3d49.511557!4d0.1897565!16s%2Fg%2F11j2wlw4tl!19sChIJVVDp0yAx4EcRgdd_Cl9exxI?authuser=0&hl=fr&rclk=1,,,,
d49a752e-b7d8-49b5-adda-34ea61681a63,Isolation by Tryba,0367806298,contact@isolationbytryba.fr,high,,,,,Dijon,bardage,bardage,2,5.0,4,Entrepreneur spécialisé dans l'isolation,https://www.isolationbytryba.fr/agence/isolation-by-tryba-a-saint-apollinaire-21/?utm_source=GMB&utm_medium=CTA-WEB&utm_campaign=IBTStApollinaire,https://www.google.com/maps/place/Isolation+by+Tryba/data=!4m7!3m6!1s0x47f29f5445a0ceab:0xd287c0b83c48b240!8m2!3d47.3319498!4d5.0921868!16s%2Fg%2F11nsmj7stn!19sChIJq86gRVSf8kcRQLJIPLjAh9I?authuser=0&hl=fr&rclk=1,,,,
7d26145f-e6eb-44e9-b2ea-dc5a7bf0ea40,Pratlong Toitures,0466235771,pratlongtoitures@outlook.fr,medium,,,,,Nîmes,bardage,bardage,2,4.6,9,Couvreur,http://www.pratlong-toitures-couvertures-charpentes.fr/?utm_source=gmb,https://www.google.com/maps/place/Pratlong+Toitures/data=!4m7!3m6!1s0x12b42e74c37fcf27:0x947740d7fcebab2!8m2!3d43.8502435!4d4.3455679!16s%2Fg%2F1tg2gkgh!19sChIJJ89_w3QutBIRsrrOfw10Rwk?authuser=0&hl=fr&rclk=1,,,,
f4493bd7-84ef-4520-af52-1174a51a9f88,ISOREX 76 - RGE ISOLATION PAR L'EXTÉRIEUR ET RAVALEMENT DE FAÇADE,0981484968,contact@isorex.fr,high,Ekbal,El Shazly,EKBAL EL SHAZLY (NASEF),siret_insee,Le Havre,bardage,bardage,2,4.6,20,Entrepreneur spécialisé dans l'isolation,https://www.isorex.fr/,https://www.google.com/maps/place/ISOREX+76+-+RGE+ISOLATION+PAR+L%27EXT%C3%89RIEUR+ET+RAVALEMENT+DE+FA%C3%87ADE/data=!4m7!3m6!1s0x47e02f2d5b2da591:0x2e9c31b0ccb494d7!8m2!3d49.4807435!4d0.1518024!16s%2Fg%2F11kxptr20r!19sChIJkaUtWy0v4EcR15S0zLAxnC4?authuser=0&hl=fr&rclk=1,43.99C,88779946800012,2020-07-20,12
a63bae19-709d-460d-bb06-42ce74182513,SOPREMA Entreprises et services SOPRASSISTANCE,0466755164,contact@soprema-entreprises.fr,high,,,,,Nîmes,bardage,bardage,2,4.8,26,Entrepreneur spécialisé dans l'isolation,https://www.soprema-entreprises.fr/entite/agence/entreprise-etancheite-nimes/?utm_source=gmb,https://www.google.com/maps/place/SOPREMA+Entreprises+et+services+SOPRASSISTANCE/data=!4m7!3m6!1s0x12b5cd81a110da67:0x487aa7d9046d9993!8m2!3d43.8613182!4d4.4412424!16s%2Fg%2F1thjqnxz!19sChIJZ9oQoYHNtRIRk5ltBNmnekg?authuser=0&hl=fr&rclk=1,,,,
38464d6c-0155-417e-9ae2-bb0509e6da2e,France Revet GARD,0484140442,contact@france-revet.fr,low,Yann,Guerid,YANN GUERID,mentions_legales,Nîmes,bardage,bardage,2,4.6,9,Entrepreneur spécialisé dans l'isolation,http://www.france-revet-gard.fr/,https://www.google.com/maps/place/France+Revet+GARD/data=!4m7!3m6!1s0x12b42d863cf47265:0x2b47d134562357ca!8m2!3d43.8418894!4d4.3943985!16s%2Fg%2F11fk4l6fz8!19sChIJZXL0PIYttBIRylcjVjTRRys?authuser=0&hl=fr&rclk=1,,,,
43834920-3092-4a54-bf21-d26c9ca90bf0,BCF Habitat - UNISO - Le Mans,0243013671,communication@groupebcf.fr,low,Laurent,Allard,LAURENT ALLARD (ALLARD),siret_insee,Roubaix,bardage,bardage,2,4.9,30,Entreprise de construction,https://www.bcfhabitat.fr/,https://www.google.com/maps/place/BCF+Habitat+-+UNISO+-+Le+Mans/data=!4m7!3m6!1s0x47e28f3def8d0fd7:0x3d880877cf118c4b!8m2!3d47.980168!4d0.1938127!16s%2Fg%2F11c53020qz!19sChIJ1w-N7z2P4kcRS4wRz3cIiD0?authuser=0&hl=fr&rclk=1,63.11Z,42476141900045,1999-10-15,42
f185cebe-022c-434d-a46e-3df60be8cf53,Chris couverture,0652431761,protegetoitbatiment@icloud.com,medium,Richard,Christol,Richard Christol,mentions_legales,Le Mans,bardage,bardage,2,4.8,93,Couvreur,https://www.chriscouverture.fr/,https://www.google.com/maps/place/Chris+couverture/data=!4m7!3m6!1s0x47e28fe4bbbeb211:0x4627645b7a15e1cd!8m2!3d47.9995383!4d0.2057821!16s%2Fg%2F11fwzg6z6_!19sChIJEbK-u-SP4kcRzeEVeltkJ0Y?authuser=0&hl=fr&rclk=1,,,,
cd07f2c3-0617-4145-a8c9-9865a8d6b727,LJR Couverture - NÎMES LOPES 🏠,0631504283,lopesrenovation@yahoo.com,medium,Jainhson,Lopez,JAINHSON LOPEZ,siret_insee,Nimes,bardage,bardage,2,4.9,59,Couvreur,http://toituresgard.fr/,https://www.google.com/maps/place/LJR+Couverture+-+N%C3%8EMES+LOPES+%F0%9F%8F%A0/data=!4m7!3m6!1s0x12b42d33b1d44ec3:0x387698a7f31ff54f!8m2!3d43.8336023!4d4.3944101!16s%2Fg%2F11c2l422_0!19sChIJw07UsTMttBIRT_Uf86eYdjg?authuser=0&hl=fr&rclk=1,43.99C,51208891500024,2009-04-27,NN
c87f11bf-fae8-4e4f-895a-6ddbc791d35d,Darthevel Charpente & Couverture,0243813055,darbat@darthevel-couverture.fr,high,Sebastien,Leblanc,SEBASTIEN LEBLANC (LEBLANC),siret_insee,Cerans-Foulletourte,bardage,bardage,2,5.0,11,Couvreur,https://www.darthevel-couverture.fr/,https://www.google.com/maps/place/Darthevel+Charpente+%26+Couverture/data=!4m7!3m6!1s0x47e2898fb6ebe567:0xf9d2dbe3b6904fbf!8m2!3d48.0267156!4d0.2342972!16s%2Fg%2F11qnzmnfv0!19sChIJZ-Xrto-J4kcRv0-QtuPb0vk?authuser=0&hl=fr&rclk=1,43.91B,80994695700010,2015-02-24,01
7d301a5c-0459-4df2-8621-679abfd0fb2d,ATTILA Le Mans Sud,0243860537,contact@attila.fr,high,Laure,Saillour Nous Recrutons Du,Laure Saillour Nous recrutons Du,mentions_legales,Le Mans,bardage,bardage,2,4.8,18,Couvreur,http://www.attila.fr/nos-agences/attila-le-mans-sud?utm_source=Google&utm_medium=MyBusiness,https://www.google.com/maps/place/ATTILA+Le+Mans+Sud/data=!4m7!3m6!1s0x47e28f630bd2e0a7:0x409c55fa62276dbc!8m2!3d47.9630884!4d0.215936!16s%2Fg%2F11f37kvqlf!19sChIJp-DSC2OP4kcRvG0nYvpVnEA?authuser=0&hl=fr&rclk=1,,,,
1e0d2319-fa00-420b-956a-c96f182bbb3d,Couvreur / Charpentier / Constructeur Bois - SARL Arts et Bois,0764190099,contact@artsetbois.fr,high,Flavien,Plessis,Flavien Plessis,mentions_legales,Le Mans,bardage,bardage,2,5.0,17,Couvreur,https://artsetbois.fr/,https://www.google.com/maps/place/Couvreur+%2F+Charpentier+%2F+Constructeur+Bois+-+SARL+Arts+et+Bois/data=!4m7!3m6!1s0x695cd7587a17f679:0x74cd5a3c63dc9367!8m2!3d48.0268278!4d0.2422413!16s%2Fg%2F11x2815__3!19sChIJefYXeljXXGkRZ5PcYzxazXQ?authuser=0&hl=fr&rclk=1,,,,
e647c919-9702-43c0-ba2a-7a4306f7efa3,Métamorphose Toit – Couvreur Facadier Nîmes,0448065070,contact@metamorphose-toit.fr,high,Gregory,Horn,GREGORY HORN,siret_insee,Nimes,bardage,bardage,2,4.9,51,Entrepreneur spécialisé dans l'isolation,https://www.metamorphose-toit.fr/,https://www.google.com/maps/place/M%C3%A9tamorphose+Toit+%E2%80%93+Couvreur+Facadier+N%C3%AEmes/data=!4m7!3m6!1s0x12b42dbc18649083:0xa7b663f1db793925!8m2!3d43.8064097!4d4.3268653!16s%2Fg%2F11jsph_4dd!19sChIJg5BkGLwttBIRJTl52_Fjtqc?authuser=0&hl=fr&rclk=1,43.91B,44288955600035,2002-05-20,NN
ebd08de4-f5a4-46fa-b996-cd98a31ce076,PPF Le Mans,0285521949,contact@medimmoconso.fr,low,,,,,Le Mans,bardage,bardage,2,4.6,232,Entrepreneur spécialisé dans l'isolation,https://ppf.fr/reseau-ppf/ppf-ou-nous-trouver/agence-ppf-72-le-mans/?utm_source=gmb,https://www.google.com/maps/place/PPF+Le+Mans/data=!4m7!3m6!1s0x47e2893d0f168003:0x3b42ab7a65531ce3!8m2!3d48.0267754!4d0.1945037!16s%2Fg%2F11fct8g6fp!19sChIJA4AWDz2J4kcR4xxTZXqrQjs?authuser=0&hl=fr&rclk=1,,,,
a6150f46-d10e-4a33-9802-c2b5e8b15f84,Ets BOBET,0243478268,commercial@charpentebobet.fr,low,,,,,Le Mans,bardage,bardage,2,4.5,8,Entreprise de construction métallique,https://www.charpentemetallique-bobet.fr/,https://www.google.com/maps/place/Ets+BOBET/data=!4m7!3m6!1s0x47e284e8368fd31b:0x3022705c667f1698!8m2!3d47.9429283!4d0.1105252!16s%2Fg%2F1tgdbq0_!19sChIJG9OPNuiE4kcRmBZ_ZlxwIjA?authuser=0&hl=fr&rclk=1,,,,
c507c008-1429-4979-9cc2-2ea2a43d432f,"HAR COUVREUR SARTHE Couvreur Charpentier étanchéité, recherche de fuite, velux, entretien, gouttière",0637709195,har.couvreur.sarthe@gmail.com,medium,Mickael,Hardy,MICKAEL HARDY,siret_insee,Change,bardage,bardage,2,4.5,30,Entrepreneur spécialisé dans l'isolation,https://har-couvreur-sarthe.fr/,"https://www.google.com/maps/place/HAR+COUVREUR+SARTHE+Couvreur+Charpentier+%C3%A9tanch%C3%A9it%C3%A9,+recherche+de+fuite,+velux,+entretien,+goutti%C3%A8re/data=!4m7!3m6!1s0x47e28d07ed8f0c99:0xd328844e86262016!8m2!3d48.0113612!4d0.2015271!16s%2Fg%2F11pyc30hj8!19sChIJmQyP7QeN4kcRFiAmhk6EKNM?authuser=0&hl=fr&rclk=1",47.89Z,43157580200027,2000-06-01,NN
5de8a3b2-2a6a-44ac-9d50-75f1057e213a,Jory charpente couverture,0629205036,alexandre.jory@gmail.com,medium,,,,,Le Mans,bardage,bardage,2,5.0,8,Couvreur,https://jory-couverture.com/,https://www.google.com/maps/place/Jory+charpente+couverture/data=!4m7!3m6!1s0x47e28d0006307805:0xf115fba7bae27080!8m2!3d47.9703526!4d0.2546659!16s%2Fg%2F11wqzb_q5b!19sChIJBXgwBgCN4kcRgHDiuqf7FfE?authuser=0&hl=fr&rclk=1,,,,
7989a587-b594-4db9-b677-19323f72ec0f,"Ternus Couverture | Couvreur, rénovation dans la Sarthe | Le mans (72)",0645120752,ternuscouverture@gmail.com,medium,,,,,Le Mans,bardage,bardage,2,4.9,8,Couvreur,https://ternusrenovation.fr/,"https://www.google.com/maps/place/Ternus+Couverture+%7C+Couvreur,+r%C3%A9novation+dans+la+Sarthe+%7C+Le+mans+%2872%29/data=!4m7!3m6!1s0x47e28fade2abe1d9:0x471dece3c3dbf0f3!8m2!3d47.9995383!4d0.2057821!16s%2Fg%2F11sp723phs!19sChIJ2eGr4q2P4kcR8_Dbw-PsHUc?authuser=0&hl=fr&rclk=1",,,,
8469c6a7-33d4-4d39-b49a-c7fd6a746a77,Briard Habitat | Rénovation Maison Le Mans,0243408724,florentbriard@gmail.com,medium,Briard,Florent,Briard Florent,mentions_legales,Le Mans,bardage,bardage,2,4.9,32,Entrepreneur spécialisé dans l'isolation,https://briard-habitat.fr/,https://www.google.com/maps/place/Briard+Habitat+%7C+R%C3%A9novation+Maison+Le+Mans/data=!4m7!3m6!1s0x47e28f95d888285b:0x6470ae7565d2fe87!8m2!3d47.9949166!4d0.2139145!16s%2Fg%2F11sfqn0nvg!19sChIJWyiI2JWP4kcRh_7SZXWucGQ?authuser=0&hl=fr&rclk=1,,,,
7c27bd66-97cc-4bf8-ab78-98c0979f3393,L.c.b. Louis Couvert Bardage (SAS),0243404936,contact@face-sa.fr,high,Nicolas,Petit,Nicolas Petit,mentions_legales,Le Mans,bardage,bardage,2,5.0,3,Couvreur,https://www.face-sa.fr/filiales/lcb/,https://www.google.com/maps/place/L.c.b.+Louis+Couvert+Bardage+%28SAS%29/data=!4m7!3m6!1s0x47e28d2268204daf:0xa02240c4fc1a1e50!8m2!3d47.9555308!4d0.3129795!16s%2Fg%2F1tfb18jd!19sChIJr00gaCKN4kcRUB4a_MRAIqA?authuser=0&hl=fr&rclk=1,,,,
96a80105-d572-4a8a-9525-878dca938517,ATTILA Le Mans Nord,0243861166,contact@attila.fr,high,Internet.,De Même,internet. De même,mentions_legales,Le Mans,bardage,bardage,2,5.0,4,Couvreur,https://www.attila.fr/nos-agences/attila-le-mans-nord,https://www.google.com/maps/place/ATTILA+Le+Mans+Nord/data=!4m7!3m6!1s0x47e287bb1e51ecad:0xe47093d78699c23d!8m2!3d48.0485899!4d0.1650062!16s%2Fg%2F11xl84k0j0!19sChIJrexRHruH4kcRPcKZhteTcOQ?authuser=0&hl=fr&rclk=1,,,,
05340588-efb6-4399-958d-4b35cc3671aa,Bayer couverture Amiens,0787139478,m.bayer.couverture@gmail.com,medium,Sony Lucky Jovany Dominique,Bayer,SONY LUCKY JOVANY DOMINIQUE BAYER (BAYER),siret_insee,Amiens,bardage,bardage,2,4.6,18,Couvreur,https://www.bayer-couverture.com/,https://www.google.com/maps/place/Bayer+couverture+Amiens/data=!4m7!3m6!1s0x47e78378e504738d:0x3dc432bfd32f75f2!8m2!3d49.9000488!4d2.2627155!16s%2Fg%2F11shs97q93!19sChIJjXME5XiD50cR8nUv078yxD0?authuser=0&hl=fr&rclk=1,43.91B,89359682500024,2021-02-05,NN
22c1c73e-dbf6-45f6-8e7e-5249d1c67e95,APOK Amiens,0322666868,info@fedrusinternational.com,low,,,,,Amiens,bardage,bardage,2,4.5,44,Magasin de materiaux de construction,https://www.apok.fr/,https://www.google.com/maps/place/APOK+Amiens/data=!4m7!3m6!1s0x47e786ceca25da5f:0xeb76969b7c2c9fec!8m2!3d49.9342936!4d2.2687549!16s%2Fg%2F11h2f71hm5!19sChIJX9olys6G50cR7J8sfJuWdus?authuser=0&hl=fr&rclk=1,,41904254400025,,
6f21b9cf-1242-419c-a785-b071fd72c1a1,Perfect'Toit,0756877056,contact@perfecttoit.fr,high,Catherine Marie Veronique,Pezim,CATHERINE MARIE VERONIQUE PEZIM (LEVEQUE),siret_insee,Frechencourt,bardage,bardage,2,5.0,24,Couvreur,http://www.perfecttoit.fr/,https://www.google.com/maps/place/Perfect%27Toit/data=!4m7!3m6!1s0x2f55d755be6a04b7:0xf5296b3818888855!8m2!3d49.8779855!4d2.3279711!16s%2Fg%2F11t7t04y09!19sChIJtwRqvlXXVS8RVYiIGDhrKfU?authuser=0&hl=fr&rclk=1,43.91B,91750421900010,2022-07-08,01
75bed303-6d3d-463f-81ac-0bf798f0862e,ATTILA Amiens,0322485100,contact@attila.fr,high,Internet.,De Même,internet. De même,mentions_legales,Amiens,bardage,bardage,2,5.0,5,Couvreur,https://www.attila.fr/nos-agences/attila-amiens/,https://www.google.com/maps/place/ATTILA+Amiens/data=!4m7!3m6!1s0x47e783431e409e67:0xd98230b2608b7af7!8m2!3d49.8617958!4d2.2306008!16s%2Fg%2F11q9r6_g_m!19sChIJZ55AHkOD50cR93qLYLIwgtk?authuser=0&hl=fr&rclk=1,,,,
bc735c00-6db6-49ca-900e-94918cbfca3d,La Maison Des Travaux,0322488575,contact@lamaisondestravaux.com,high,Est,Valentin Baudoin. L,est Valentin Baudoin. L,mentions_legales,Amiens,bardage,bardage,2,4.5,26,Entrepreneur spécialisé dans l'isolation,https://amiens.lamaisondestravaux.com/,https://www.google.com/maps/place/La+Maison+Des+Travaux/data=!4m7!3m6!1s0x47e7850e5f0385f5:0x55dce4b6e3049117!8m2!3d49.8871243!4d2.3159658!16s%2Fg%2F11mxwkj68w!19sChIJ9YUDXw6F50cRF5EE47bk3FU?authuser=0&hl=fr&rclk=1,,,,
861ceee4-42ca-4d7f-b2e3-51cfcf29b754,SARL Buschinski,0322933432,sarl.buschinski@gmail.com,medium,,,,,Amiens,bardage,bardage,2,4.6,28,Entrepreneur spécialisé dans l'isolation,http://www.couvreur-buschinski-amiens.fr/?utm_source=gmb,https://www.google.com/maps/place/SARL+Buschinski/data=!4m7!3m6!1s0x47dd62c627556cd3:0xa80edd5348374fd4!8m2!3d50.0184766!4d2.3841075!16s%2Fg%2F1tfl8yg1!19sChIJ02xVJ8Zi3UcR1E83SFPdDqg?authuser=0&hl=fr&rclk=1,,,,
7f159abe-f276-4b0b-b34f-aa0de5ffefb5,RGT Couverture / Rénovation habitat,0322470053,contact@rgt-couverture.fr,high,Julien,Regnault,JULIEN REGNAULT (REGNAULT),siret_insee,Bacouel-Sur-Selle,bardage,bardage,2,4.8,15,Couvreur,https://rgt-couverture.fr/,https://www.google.com/maps/place/RGT+Couverture+%2F+R%C3%A9novation+habitat/data=!4m7!3m6!1s0x47e79db8a385e607:0xdb66bec015766bf7!8m2!3d49.8317128!4d2.2231679!16s%2Fg%2F11h6p1bkmc!19sChIJB-aFo7id50cR92t2FcC-Zts?authuser=0&hl=fr&rclk=1,43.91B,84975180500011,2019-04-01,NN
3bc5750c-f4d9-4bed-bc0a-4358a32e3ff3,SAS JOB BRUNO,0243297606,contact@job72.fr,high,,,,,Le Mans,bardage,bardage,2,4.6,9,Entrepreneur spécialisé dans l'isolation,https://www.job72.fr/,https://www.google.com/maps/place/SAS+JOB+BRUNO/data=!4m7!3m6!1s0x47e28bd667b2e68f:0xad672cf69e35367a!8m2!3d48.0637555!4d0.2811114!16s%2Fg%2F11tjpxrx5p!19sChIJj-ayZ9aL4kcRejY1nvYsZ60?authuser=0&hl=fr&rclk=1,,,,
ffaf037d-0256-4929-9f19-18b210a8c152,FERNAGUT - FLIXECOURT,0322086192,web@ets-fernagut.fr,low,Gregory,Loyez,GREGORY LOYEZ,siret_insee,Saint-Michel-Sur-Ternoise,bardage,bardage,2,5.0,14,Magasin de materiaux de construction,http://www.fernagut.com/,https://www.google.com/maps/place/FERNAGUT+-+FLIXECOURT/data=!4m7!3m6!1s0x47dd87ce45c6826d:0x7cb795beb0dd633d!8m2!3d50.0357866!4d2.0638516!16s%2Fg%2F11tjzyql2_!19sChIJbYLGRc6H3UcRPWPdsL6Vt3w?authuser=0&hl=fr&rclk=1,46.74A,38148036700014,1991-03-01,22
c409f275-e579-4110-bd79-ffb454275137,Mézière SAS,0243253325,sas.meziere@orange.fr,medium,,,,,Le Mans,bardage,bardage,2,4.7,48,Entrepreneur spécialisé dans l'isolation,http://www.couverture-meziere.fr/?utm_source=gmb,https://www.google.com/maps/place/M%C3%A9zi%C3%A8re+SAS/data=!4m7!3m6!1s0x47e28808da7500af:0xb6249383b816549!8m2!3d47.9819046!4d0.1957012!16s%2Fg%2F11xg0j574!19sChIJrwB12giI4kcRSWWBOzhJYgs?authuser=0&hl=fr&rclk=1,,,,
ebad2275-1a0f-46f0-bb6b-5d38c79b4e1c,"Art et Fenêtres 🏡 Menuiserie Alu PVC, portail, volet, pergola, porte de garage, porte d'entrée, store, moustiquaire Perpignan",0448070677,fb.artdesign@hotmail.com,medium,Franck,Beringue,FRANCK BERINGUE,siret_insee,Saleilles,cloture,bardage,1,4.8,561,Atelier de menuiserie,https://www.art-design-groupe.fr/,"https://www.google.com/maps/place/Art+et+Fen%C3%AAtres+%F0%9F%8F%A1+Menuiserie+Alu+PVC,+portail,+volet,+pergola,+porte+de+garage,+porte+d%27entr%C3%A9e,+store,+moustiquaire+Perpignan/data=!4m7!3m6!1s0x12b071a2ccdf7d33:0xc022e189fe51f50c!8m2!3d42.6691214!4d2.8978915!16s%2Fg%2F11b6sdwdcw!19sChIJM33fzKJxsBIRDPVR_onhIsA?authuser=0&hl=fr&rclk=1",43.32A,50773625400057,2008-09-01,02
47b8ef90-d599-4d53-8616-8c4664a92a6b,Bati80 - Couvreur,0762726965,jasonbatie02@gmail.com,medium,,Bati,BATI,mentions_legales,Amiens,bardage,bardage,2,4.7,3,Couvreur,https://bati80.fr/,https://www.google.com/maps/place/Bati80+-+Couvreur/data=!4m7!3m6!1s0x89f8660105b4e36d:0xbdc777d06640f081!8m2!3d49.7290096!4d2.351345!16s%2Fg%2F11y6j76rf1!19sChIJbeO0BQFm-IkRgfBAZtB3x70?authuser=0&hl=fr&rclk=1,,,,
2d401444-1271-4942-8dd4-1a91fab6aa2e,MPM,0681677324,monprojetmenuiserie@gmail.com,medium,,,,,Perpignan,bardage,bardage,2,5.0,8,Atelier de menuiserie,https://www.monprojetmenuiserie.fr/,https://www.google.com/maps/place/MPM/data=!4m7!3m6!1s0x12b0731a8a856667:0xbc7146abb1006783!8m2!3d42.658866!4d2.8306973!16s%2Fg%2F11vq3vlv1y!19sChIJZ2aFihpzsBIRg2cAsatGcbw?authuser=0&hl=fr&rclk=1,,,,
173d5cfb-7fef-460e-be99-0761031975ee,Entreprise BEAR - Couvreur Maçon,0468809236,accueil@entreprise-bear.fr,high,,,,,Perpignan,bardage,bardage,2,5.0,45,Entrepreneur spécialisé dans l'isolation,http://www.entreprise-bear.fr/?utm_source=gmb,https://www.google.com/maps/place/Entreprise+BEAR+-+Couvreur+Ma%C3%A7on/data=!4m7!3m6!1s0x12b06e4cd7881e3f:0x95f27a57f029acf!8m2!3d42.6826482!4d2.8701851!16s%2Fg%2F11clyfpz5x!19sChIJPx6I10xusBIRz5oCf6UnXwk?authuser=0&hl=fr&rclk=1,,,,
0661dac9-20c2-4e99-bd47-d0ec3672ebf8,MARBREIL CHARPENTE SARL,0243810256,charpentemarbreil@gmail.com,medium,Marbreil,Charpente,Marbreil charpente,mentions_legales,Le Mans,bardage,bardage,2,5.0,25,Entrepreneur spécialisé dans l'isolation,https://marbreil-charpente.fr/,https://www.google.com/maps/place/MARBREIL+CHARPENTE+SARL/data=!4m7!3m6!1s0x47e28b62210e9edd:0xae90d304f096e495!8m2!3d48.0080807!4d0.332097!16s%2Fg%2F11bwkhlfh0!19sChIJ3Z4OIWKL4kcRleSW8ATTkK4?authuser=0&hl=fr&rclk=1,,,,
6939fefe-9696-4752-8934-870c266dee6f,Groupe Le Carré Besançon (CCH),0381535983,groupelecarre@gmail.com,medium,,,,,Besançon,bardage,bardage,2,4.7,22,Entrepreneur spécialisé dans l'isolation,https://www.groupelecarre-besancon.fr/?utm_source=gmb,https://www.google.com/maps/place/Groupe+Le+Carr%C3%A9+Besan%C3%A7on+%28CCH%29/data=!4m7!3m6!1s0x478d63be30ce7d23:0x47ae16586c18f6cd!8m2!3d47.2354573!4d5.9780824!16s%2Fg%2F11b6d5l7hm!19sChIJI33OML5jjUcRzfYYbFgWrkc?authuser=0&hl=fr&rclk=1,,,,
25396efe-822d-4487-b393-f55d0690956b,SAS SEC France Etanchéité Couvertures,0635253227,sec.france061@orange.fr,medium,,,,,Limoges,bardage,bardage,1,4.6,33,Couvreur,https://sas-sec-france.fr/,https://www.google.com/maps/place/SAS+SEC+France+Etanch%C3%A9it%C3%A9+Couvertures/data=!4m7!3m6!1s0x47f9352a864ac8bf:0x87b64f342b9cfa36!8m2!3d45.8823409!4d1.2825946!16s%2Fg%2F1tfw2d18!19sChIJv8hKhio1-UcRNvqcKzRPtoc?authuser=0&hl=fr&rclk=1,,,,
78554968-4a8e-478e-a6cf-8d6905e1f5b6,PPF Besançon,0374098373,contact@medimmoconso.fr,low,,,,,Besançon,bardage,bardage,2,4.7,57,Entrepreneur spécialisé dans l'isolation,https://ppf.fr/reseau-ppf/ppf-notre-reseau/agence-ppf-25-besancon/,https://www.google.com/maps/place/PPF+Besan%C3%A7on/data=!4m7!3m6!1s0x478d618ce06b8af3:0xd6e05009c98d10f9!8m2!3d47.257993!4d5.922457!16s%2Fg%2F11r113j5n7!19sChIJ84pr4IxhjUcR-RCNyQlQ4NY?authuser=0&hl=fr&rclk=1,,,,
1a742eac-bf9b-46c7-974c-b6a03f1413c0,Bidal Toiture,0381637475,contact@bidal-toiture.com,high,Fabrice,Bidal Hã,Fabrice BIDAL HÃ,mentions_legales,Besançon,bardage,bardage,2,4.8,19,Couvreur,https://www.bidal-toiture.com/,https://www.google.com/maps/place/Bidal+Toiture/data=!4m7!3m6!1s0x478d6f4f6bd5ff61:0x34934e7659974d10!8m2!3d47.1242775!4d5.9427668!16s%2Fg%2F1tjth54p!19sChIJYf_Va09vjUcREE2XWXZOkzQ?authuser=0&hl=fr&rclk=1,,,,
902ebdec-beb2-4558-bd57-ee3dbc84dc67,Nova-Toit,0784312732,novatoit25@gmail.com,medium,Maxime,Goriot,MAXIME GORIOT,siret_insee,Devecey,bardage,bardage,2,5.0,37,Couvreur,https://www.nova-toit.fr/,https://www.google.com/maps/place/Nova-Toit/data=!4m7!3m6!1s0x4589387c82096a33:0xe01745b5bb8bb851!8m2!3d47.3276937!4d6.0068186!16s%2Fg%2F11kk7w4ws_!19sChIJM2oJgnw4iUURUbiLu7VFF-A?authuser=0&hl=fr&rclk=1,43.91B,94002774100013,2025-01-23,NN
5a0cd879-09bd-48ed-a579-922f9771152d,Colombus Habitat,0699954969,colombushabitat@gmail.com,medium,,,,,Perpignan,bardage,bardage,2,4.6,47,Couvreur,http://couvreur-colombushabitat.fr/,https://www.google.com/maps/place/Colombus+Habitat/data=!4m7!3m6!1s0x12b06da15f472921:0x44dee82fd9938f93!8m2!3d42.6998194!4d2.8894175!16s%2Fg%2F11fstm5drx!19sChIJISlHX6FtsBIRk4-T2S_o3kQ?authuser=0&hl=fr&rclk=1,,,,
39fbe572-44f3-49cb-a1c2-cb04c0676fa5,Dpr 45,0238553983,contact@dpr45.fr,low,Cedric,Ribeiro,CEDRIC RIBEIRO (RIBEIRO),siret_insee,Saint-Jean-Le-Blanc,bardage,bardage,1,4.6,50,Entrepreneur spécialisé dans l'isolation,https://www.dpr45.com/,https://www.google.com/maps/place/Dpr+45/data=!4m7!3m6!1s0x47e4e4c038f1eccf:0x134f63b3e11ed3f1!8m2!3d47.8934839!4d1.9156001!16s%2Fg%2F11ghpp6hnq!19sChIJz-zxOMDk5EcR8dMe4bNjTxM?authuser=0&hl=fr&rclk=1,43.29A,83043891700023,2017-06-09,12
7290ae57-7762-4db1-b433-6fa6ba738e01,DB BAT,0234597057,dbbat45@gmail.com,medium,Db,Bat,DB BAT,mentions_legales,Orléans,bardage,bardage,1,5.0,7,Entrepreneur spécialisé dans l'isolation,https://dbbat45.fr/,https://www.google.com/maps/place/DB+BAT/data=!4m7!3m6!1s0x47e4f06b60a8c103:0x7fd969536e35d83f!8m2!3d47.9132912!4d1.8574664!16s%2Fg%2F11g0hp0gpz!19sChIJA8GoYGvw5EcRP9g1blNp2X8?authuser=0&hl=fr&rclk=1,,,,
0433a331-c35a-4418-83c7-cb72d5b812af,SMAC,0238708950,annecy@smac-sa.com,high,,,,,Orléans,bardage,bardage,1,4.8,4,Entrepreneur spécialisé dans l'isolation,https://www.smac-sa.com/agence/smac-orleans/?utm_source=gmb&utm_medium=CTA-WEB&utm_campaign=Orl%C3%A9ans,https://www.google.com/maps/place/SMAC/data=!4m7!3m6!1s0x47e4f000550f5e07:0x16fc6c36ab4bf40a!8m2!3d47.9095402!4d1.8534822!16s%2Fg%2F11b6dj25h9!19sChIJB14PVQDw5EcRCvRLqzZs_BY?authuser=0&hl=fr&rclk=1,,,,
2e5fc8de-b707-4038-ac35-db8bd02de891,PPF Orléans,0249882879,contact@medimmoconso.fr,low,,,,,Orléans,bardage,bardage,1,4.6,376,Entrepreneur spécialisé dans l'isolation,https://ppf.fr/reseau-ppf/ppf-ou-nous-trouver/agence-ppf-45-orleans/,https://www.google.com/maps/place/PPF+Orl%C3%A9ans/data=!4m7!3m6!1s0x47e4e3a90a2807f1:0xf7c660783aed0dab!8m2!3d47.8658804!4d1.9649379!16s%2Fg%2F11g1vh7mwn!19sChIJ8QcoCqnj5EcRqw3tOnhgxvc?authuser=0&hl=fr&rclk=1,,,,
ca4d1893-edc3-40a4-8e2b-fc9db80dc992,Perdoux Sarl,0238750764,couverture-perdoux@orange.fr,medium,,,,,Orléans,bardage,bardage,1,5.0,3,Couvreur,https://www.couverture-perdoux.fr/?utm_medium=referral&utm_source=gmb&utm_campaign=lnk-gmb,https://www.google.com/maps/place/Perdoux+Sarl/data=!4m7!3m6!1s0x47e5025d4d4bf6e5:0xbf90ac1dc19d10e6!8m2!3d47.9714118!4d2.0523018!16s%2Fg%2F1tj6t3h4!19sChIJ5fZLTV0C5UcR5hCdwR2skL8?authuser=0&hl=fr&rclk=1,,,,
40d8d1de-08ca-4d50-be49-9e08a1121957,Isoltec SARL,0953315981,info@isoltec.fr,high,Laurent,Allard,LAURENT ALLARD (ALLARD),siret_insee,Roubaix,bardage,bardage,1,4.7,94,Entrepreneur spécialisé dans l'isolation,http://www.isoltec.fr/,https://www.google.com/maps/place/Isoltec+SARL/data=!4m7!3m6!1s0x47f933453c499905:0x33c0607bf2c250cf!8m2!3d45.8106749!4d1.2589897!16s%2Fg%2F11c1v24qkb!19sChIJBZlJPEUz-UcRz1DC8ntgwDM?authuser=0&hl=fr&rclk=1,63.11Z,42476141900045,1999-10-15,42
59cea63a-9f88-4789-983b-fa8e711a2087,C.C.T.,0974564016,cctsarl@orange.fr,medium,,,,,Besançon,bardage,bardage,2,4.5,6,Couvreur,http://www.couvreur-besancon.fr/?utm_medium=referral&utm_source=gmb&utm_campaign=lnk-gmb,https://www.google.com/maps/place/C.C.T./data=!4m7!3m6!1s0x47929ddb6e255555:0x221bb159734ea668!8m2!3d47.3012202!4d5.9398244!16s%2Fg%2F11dz1k4v19!19sChIJVVUlbtudkkcRaKZOc1mxGyI?authuser=0&hl=fr&rclk=1,,,,
0e1a861b-a1dd-48a9-8a6d-c2a47dfbf7f9,C.I.M.E. Normandie Couverture Isolation Membrane d'Etanchéité,0235031525,info@cime-rouen.fr,high,Georges,Duwiquet Ressources Graphiques,Georges Duwiquet Ressources graphiques,mentions_legales,Rouen,bardage,bardage,2,4.5,10,Entrepreneur spécialisé dans l'isolation,http://www.cime-rouen.fr/,https://www.google.com/maps/place/C.I.M.E.+Normandie+Couverture+Isolation+Membrane+d%27Etanch%C3%A9it%C3%A9/data=!4m7!3m6!1s0x47e0de67038d0671:0x8207b50cff2f5c84!8m2!3d49.4862062!4d1.0229145!16s%2Fg%2F1tn052cp!19sChIJcQaNA2fe4EcRhFwv_wy1B4I?authuser=0&hl=fr&rclk=1,,,,
2705aa5e-e4c7-4610-a306-f00d0ba5343c,Loubry Andjy Rénovation - Couvreur Zingueur et peintre en bâtiment,0627342649,contact@la-renovation25.fr,high,Andjy,Loubry,ANDJY LOUBRY (LOUBRY),siret_insee,Vercel-Villedieu-Le-Camp,bardage,bardage,2,5.0,37,Couvreur,https://la-renovation25.fr/,https://www.google.com/maps/place/Loubry+Andjy+R%C3%A9novation+-+Couvreur+Zingueur+et+peintre+en+b%C3%A2timent/data=!4m7!3m6!1s0x478d84e4bdf295cf:0x15419630a78cd03!8m2!3d47.1899292!4d6.3907251!16s%2Fg%2F11b6d07sqh!19sChIJz5XyveSEjUcRA814CmMZVAE?authuser=0&hl=fr&rclk=1,43.91B,48902209500033,2006-03-27,NN
180647f7-4861-47f0-b8bd-a1b6afaaa87c,legrein couverture,0279930003,legreindavid@yahoo.com,medium,,,,,Rouen,bardage,bardage,2,4.6,39,Couvreur,https://legrein-couverture.fr/,https://www.google.com/maps/place/legrein+couverture/data=!4m7!3m6!1s0x47e0df16c7d94337:0x12e16af27f3332e6!8m2!3d49.4232188!4d1.1075311!16s%2Fg%2F11g187m2_8!19sChIJN0PZxxbf4EcR5jIzf_Jq4RI?authuser=0&hl=fr&rclk=1,,,,
2de45345-28b0-46d5-9200-7d38c045546d,LP RENOV TOITURE: Artisan couvreur Rouen - Réparation Rénovation Nettoyage Couverture Velux Gouttières 76 Seine-Maritime,0699975627,levequecouveture76@gmail.com,medium,,,,,Rouen,bardage,bardage,2,4.8,93,Couvreur,https://lp-couvreur-grand-quevilly.fr/,https://www.google.com/maps/place/LP+RENOV+TOITURE:+Artisan+couvreur+Rouen+-+R%C3%A9paration+R%C3%A9novation+Nettoyage+Couverture+Velux+Goutti%C3%A8res+76+Seine-Maritime/data=!4m7!3m6!1s0x47e0e1233c4e1709:0x5131763f788cc2ca!8m2!3d49.4010845!4d1.030593!16s%2Fg%2F11h3g9wxkf!19sChIJCRdOPCPh4EcRysKMeD92MVE?authuser=0&hl=fr&rclk=1,,,,
7678c4b7-bf9e-4a7b-9314-b21093e1541f,Dos Santos Couverture 45,0624857523,contact@ds-couverture.com,high,Dos,Santos,Dos Santos,mentions_legales,Orléans,bardage,bardage,1,5.0,3,Couvreur,https://ds-couverture.com/contact/,https://www.google.com/maps/place/Dos+Santos+Couverture+45/data=!4m7!3m6!1s0x47e4ecdd312e6645:0x3b39dc84208bf8f!8m2!3d47.860241!4d1.701194!16s%2Fg%2F11vk2rd2sm!19sChIJRWYuMd3s5EcRj78IQsidswM?authuser=0&hl=fr&rclk=1,,,,
2cbaa589-f008-41b0-b833-7b4550b6649f,ATTILA Rouen Est,0278089494,contact@attila.fr,high,,,,,Rouen,bardage,bardage,2,5.0,5,Couvreur,https://www.attila.fr/nos-agences/attila-rouen-est?utm_source=Google&utm_medium=MyBusiness,https://www.google.com/maps/place/ATTILA+Rouen+Est/data=!4m7!3m6!1s0x47e0d9274846dd67:0xde8727a11c8c983!8m2!3d49.4392988!4d1.1796326!16s%2Fg%2F11rhqvhn2m!19sChIJZ91GSCfZ4EcRg8nIEXpy6A0?authuser=0&hl=fr&rclk=1,,,,
81bb7977-aa77-4456-a419-1691d4e1a46e,Ls Couverture SARL,0235601081,mathieu@lscouverture.fr,high,Laurent,Sublard,LAURENT SUBLARD (SUBLARD),siret_insee,Saint-Jacques-Sur-Darnetal,bardage,bardage,2,4.6,27,Couvreur,http://lscouverture.fr/,https://www.google.com/maps/place/Ls+Couverture+SARL/data=!4m7!3m6!1s0x47e0dbd6252443df:0x200059838e1e4062!8m2!3d49.4394348!4d1.1813814!16s%2Fg%2F1xg5rz4n!19sChIJ30MkJdbb4EcRYkAejoNZACA?authuser=0&hl=fr&rclk=1,43.91B,45340305700012,2004-05-03,03
ee7cc9b6-2891-40c7-81ef-52252c6cc558,Godefroy couverture,0684752814,godefroybruno@gmail.com,medium,Bruno,Godefroy,Bruno Godefroy,mentions_legales,Rouen,bardage,bardage,2,4.7,40,Couvreur,http://www.godefroycouverture.fr/,https://www.google.com/maps/place/Godefroy+couverture/data=!4m7!3m6!1s0x47e0de69b9d2083b:0x97158710786d3bf3!8m2!3d49.4232958!4d1.0872253!16s%2Fg%2F11byyhnnx8!19sChIJOwjSuWne4EcR8ztteBCHFZc?authuser=0&hl=fr&rclk=1,,,,
b2670198-8d15-4dc9-abf9-1a1281186e85,WENDLING couverture zinguerie isolation réparations,0389505188,wendling.sarl@gmail.com,medium,,,,,Mulhouse,bardage,bardage,2,4.9,24,Entrepreneur spécialisé dans l'isolation,https://www.wendling-couverture-zinguerie.fr/,https://www.google.com/maps/place/WENDLING+couverture+zinguerie+isolation+r%C3%A9parations/data=!4m7!3m6!1s0x4791832ace117703:0x493e5e9cd396bc34!8m2!3d47.806352!4d7.307956!16s%2Fg%2F11b6dg88b0!19sChIJA3cRziqDkUcRNLyW05xePkk?authuser=0&hl=fr&rclk=1,,,,
e72962c6-bc2b-484c-b021-03471ffa7ecd,Entreprise mayer - couvreur caen - ravalement façade - peinture,0669528925,entreprisemayer@yahoo.com,medium,,,,,Caen,bardage,bardage,2,4.9,48,Couvreur,http://entreprisemayer.fr/,https://www.google.com/maps/place/Entreprise+mayer+-+couvreur+caen+-+ravalement+fa%C3%A7ade+-+peinture/data=!4m7!3m6!1s0x480a4309eea6ee6f:0x1ff1bfd082b0fa48!8m2!3d49.1622759!4d-0.3462208!16s%2Fg%2F11f7s0wxh9!19sChIJb-6m7glDCkgRSPqwgtC_8R8?authuser=0&hl=fr&rclk=1,,,,
fae8211d-afc8-4821-a13b-90089eae9597,Couverture Sellamine,0658052103,contact@sellamine-couverture.fr,high,,,,,Caen,bardage,bardage,2,5.0,111,Couvreur,http://sellamine-couverture.fr/,https://www.google.com/maps/place/Couverture+Sellamine/data=!4m7!3m6!1s0x480a4325505ed993:0x57282104429b62ac!8m2!3d49.1918176!4d-0.400764!16s%2Fg%2F11cs68g0f_!19sChIJk9leUCVDCkgRrGKbQgQhKFc?authuser=0&hl=fr&rclk=1,,,,
8edbff17-fcb1-4df0-942e-3e25b509a9c9,IsoPack Confort,0768341898,contact@isopack-confort.com,high,,,,,Rouen,bardage,bardage,2,5.0,87,Entrepreneur spécialisé dans l'isolation,http://www.isopack-confort.com/,https://www.google.com/maps/place/IsoPack+Confort/data=!4m7!3m6!1s0x47e0dfa0b5c6ec17:0x7954233517c0d68b!8m2!3d49.3806206!4d1.035933!16s%2Fg%2F11h57gq__6!19sChIJF-zGtaDf4EcRi9bAFzUjVHk?authuser=0&hl=fr&rclk=1,,,,
55460829-358f-4d61-814c-0aa2bf71030e,2C Couvertures,0259229930,contact@2ccouvertures.fr,high,,,,,Rouen,bardage,bardage,2,5.0,10,Couvreur,https://2ccouvertures.fr/,https://www.google.com/maps/place/2C+Couvertures/data=!4m7!3m6!1s0x47e0e9a84c1528e5:0x92b761291b31b5c5!8m2!3d49.6614262!4d0.928212!16s%2Fg%2F11h23_25kq!19sChIJ5SgVTKjp4EcRxbUxGylht5I?authuser=0&hl=fr&rclk=1,,,,
3bf930c7-0bff-482c-9d14-723567a5f055,Caen Couverture,0231351765,info@caencouverture.fr,low,,,,,Caen,bardage,bardage,2,4.7,35,Couvreur,http://www.caencouverture.com/,https://www.google.com/maps/place/Caen+Couverture/data=!4m7!3m6!1s0x480a683fc61c0447:0xb8c0f4f2dfd657ad!8m2!3d49.1714167!4d-0.2900183!16s%2Fg%2F1tm11_gf!19sChIJRwQcxj9oCkgRrVfW3_L0wLg?authuser=0&hl=fr&rclk=1,,,,
2f4db665-30d5-4593-b2ae-949aa34bceb2,Les Bois d'Ensisheim,0389763427,contact@lesboisdensisheim.fr,high,,,,,Mulhouse,bardage,bardage,2,4.6,46,Magasin de materiaux de construction,https://www.lesboisdensisheim.fr/,https://www.google.com/maps/place/Les+Bois+d%27Ensisheim/data=!4m7!3m6!1s0x479177803a55c617:0xe592d2631b3d98e4!8m2!3d47.875705!4d7.3349803!16s%2Fg%2F11h4kx97g6!19sChIJF8ZVOoB3kUcR5Jg9G2PSkuU?authuser=0&hl=fr&rclk=1,,,,
569be710-1c9f-47ce-921e-dc638f95e060,GUILLOUX MATERIAUX AGENCE DE ROUEN,0232121180,admin@solaris-informatique.com,low,François-Xavier Armand Jean-Marie,Guillou,FRANÇOIS-XAVIER ARMAND JEAN-MARIE GUILLOU,siret_insee,Sartilly-Baie-Bocage,bardage,bardage,2,4.5,34,Magasin de materiaux de construction,http://www.guillouxmateriaux.com/,https://www.google.com/maps/place/GUILLOUX+MATERIAUX+AGENCE+DE+ROUEN/data=!4m7!3m6!1s0x47e0dffb7bc98be5:0xd4dcf9e76bf67fa1!8m2!3d49.4372303!4d1.1317172!16s%2Fg%2F11h4g7nfhw!19sChIJ5YvJe_vf4EcRoX_2a-f53NQ?authuser=0&hl=fr&rclk=1,46.73A,31089637800109,1977-01-01,22
82e7262a-4c6b-48c7-8402-95d908062a43,"PRESTI FACADE/ Ravalement de Façade, Isolation Thermique Extérieure, Isolation des Combles, Isolation des Planchers, RGE",0389451225,contact@olwe.fr,low,Presti,Façade,PRESTI FAÇADE,mentions_legales,Mulhouse,bardage,bardage,2,4.8,204,Entrepreneur spécialisé dans l'isolation,http://presti-facade.fr/,"https://www.google.com/maps/place/PRESTI+FACADE%2F+Ravalement+de+Fa%C3%A7ade,+Isolation+Thermique+Ext%C3%A9rieure,+Isolation+des+Combles,+Isolation+des+Planchers,+RGE/data=!4m7!3m6!1s0x47919b3b336041a5:0x7dde95508d30e471!8m2!3d47.7906914!4d7.3058702!16s%2Fg%2F11gx_nlln2!19sChIJpUFgMzubkUcRceQwjVCV3n0?authuser=0&hl=fr&rclk=1",,,,
da3cbe50-f08c-4621-b3df-66dfe085168d,Lariviere,0231475609,info-lariviere@lariviere.fr,high,,,,,Caen,bardage,bardage,2,4.6,11,Magasin de materiaux de construction,https://www.lariviere.fr/trouver-votre-agence/lariviere-SEB/entry-379-lariviere-caen.html,https://www.google.com/maps/place/Lariviere/data=!4m7!3m6!1s0x480a5d564756412d:0x60461dff969874a4!8m2!3d49.208578!4d-0.34785!16s%2Fg%2F1v16ppn0!19sChIJLUFWR1ZdCkgRpHSYlv8dRmA?authuser=0&hl=fr&rclk=1,,,,
4d20ebe4-6fa4-4b67-95b7-afd027976100,A Net Renovation - Isolation & Ravalement de Façades Mulhouse,0652650764,contact.anetrenovation@gmail.com,medium,,,,,Mulhouse,bardage,bardage,2,5.0,85,Entrepreneur spécialisé dans l'isolation,https://anetrenovation.fr/,https://www.google.com/maps/place/A+Net+Renovation+-+Isolation+%26+Ravalement+de+Fa%C3%A7ades+Mulhouse/data=!4m7!3m6!1s0x479181859cecc4b9:0x81e3f43fdc889737!8m2!3d47.8170194!4d7.1783341!16s%2Fg%2F11gj0x9dt6!19sChIJucTsnIWBkUcRN5eI3D_044E?authuser=0&hl=fr&rclk=1,,,,
6ca2eebd-7ab6-4c10-8d2b-05e86a01cf3c,Couverture Langlois Caen,0231244246,entrepriselanglois@gmail.com,medium,,,,,Caen,bardage,bardage,2,4.9,35,Couvreur,https://couverturelangloiscaen.fr/,https://www.google.com/maps/place/Couverture+Langlois+Caen/data=!4m7!3m6!1s0x480a67e1c853b203:0x72d2089936a11fc9!8m2!3d49.1577869!4d-0.2988259!16s%2Fg%2F11b6d5x307!19sChIJA7JTyOFnCkgRyR-hNpkI0nI?authuser=0&hl=fr&rclk=1,,,,
8b468137-10fb-40a4-9515-e742b3c3b4ed,RL NETTOYAGE,0652843835,rlnettoyage14@gmail.com,medium,Rudy,La Marte-Blasco-Mayer,RUDY LA MARTE-BLASCO-MAYER,siret_insee,Bretteville-Sur-Odon,bardage,bardage,2,4.9,51,Couvreur,http://www.rl-nettoyage-couvertur.fr/,https://www.google.com/maps/place/RL+NETTOYAGE/data=!4m7!3m6!1s0x480a432b9c0cc2bd:0x558040d8f07fc34a!8m2!3d49.1660337!4d-0.4180502!16s%2Fg%2F11jz9_dw2h!19sChIJvcIMnCtDCkgRSsN_8NhAgFU?authuser=0&hl=fr&rclk=1,43.91B,83111149700028,2017-05-24,NN
5f4c558d-5df4-4040-af7d-75f1799a457f,ISOLATION 68,0389508850,contact@isolation68.fr,high,,,,,Mulhouse,bardage,bardage,2,4.6,9,Entrepreneur spécialisé dans l'isolation,https://isolation68.fr/,https://www.google.com/maps/place/ISOLATION+68/data=!4m7!3m6!1s0x47919b28b7e2add5:0x33ea8d812499c45!8m2!3d47.7940602!4d7.3128172!16s%2Fg%2F11jzsbpc9l!19sChIJ1a3ityibkUcRRZxJEtioPgM?authuser=0&hl=fr&rclk=1,,,,
b4d4397a-b6b1-4c13-9caa-cb55d276b3f4,Boidiscount SAS,0231400973,bois.discount@outlook.fr,medium,Gilles Georges,Bailleul,GILLES GEORGES BAILLEUL,siret_insee,Mezidon Vallee D'auge,bardage,bardage,2,4.5,48,Magasin de materiaux de construction,http://www.boidiscount.com/,https://www.google.com/maps/place/Boidiscount+SAS/data=!4m7!3m6!1s0x480a7476061d0bc7:0xd4309f3b1a536127!8m2!3d49.094198!4d-0.09183!16s%2Fg%2F1tdxpvk2!19sChIJxwsdBnZ0CkgRJ2FTGjufMNQ?authuser=0&hl=fr&rclk=1,46.73A,51766833100013,2009-10-12,02
d66aa1b1-cdcf-4bf6-a7c8-2eeb08461b26,Lamarta Blasco Couverture - Couvreur près de Caen,0617712405,contact@calvados-toiture.fr,high,Wilson,La Marta Blasco,WILSON LA MARTA BLASCO (LA MARTA BLASCO),siret_insee,Bourg-Achard,bardage,bardage,2,5.0,40,Couvreur,https://calvados-toiture.fr/,https://www.google.com/maps/place/Lamarta+Blasco+Couverture+-+Couvreur+pr%C3%A8s+de+Caen/data=!4m7!3m6!1s0x480a6fa688fa224d:0x369d97d44b932d8d!8m2!3d49.1782661!4d-0.229837!16s%2Fg%2F11lffxl9ts!19sChIJTSL6iKZvCkgRjS2TS9SXnTY?authuser=0&hl=fr&rclk=1,43.91B,52824695200022,2010-11-03,NN
bfdf2a5a-f185-4822-94d1-271b6194eaf6,ATTILA Caen Ouest,0261100222,contact@attila.fr,high,Internet.,De Même,internet. De même,mentions_legales,Caen,bardage,bardage,2,5.0,5,Couvreur,https://www.attila.fr/nos-agences/attila-caen-ouest,https://www.google.com/maps/place/ATTILA+Caen+Ouest/data=!4m7!3m6!1s0x480a45542d6ee1e3:0x52e43ba26ba94f2d!8m2!3d49.1581597!4d-0.4595791!16s%2Fg%2F11lcc9n4mk!19sChIJ4-FuLVRFCkgRLU-pa6I75FI?authuser=0&hl=fr&rclk=1,,,,
f7679d5a-defc-4f93-94cf-6a8649b494bf,Desloges Façades,0231837472,contact@enduiseur.fr,high,,,,,Caen,bardage,bardage,2,5.0,39,Entrepreneur spécialisé dans l'isolation,https://www.enduiseur.fr/desloges-facades-demouville-14,https://www.google.com/maps/place/Desloges+Fa%C3%A7ades/data=!4m7!3m6!1s0x480a6975c540fb6d:0x6f9c0b27e5f6010e!8m2!3d49.1715283!4d-0.2676132!16s%2Fg%2F11btmqs_fy!19sChIJbftAxXVpCkgRDgH25ScLnG8?authuser=0&hl=fr&rclk=1,,,,
99d2f36c-d093-4b7e-b3b4-611ac6dd8ee8,Gevrey,0231725654,contact@couverturegevrey.fr,high,Martial Francois Marc,Etienne,MARTIAL FRANCOIS MARC ETIENNE (ETIENNE),siret_insee,Colombelles,bardage,bardage,2,4.5,41,Couvreur,http://couverturegevrey.fr/,https://www.google.com/maps/place/Gevrey/data=!4m7!3m6!1s0x480a6885236723a7:0x8f7c82958831855c!8m2!3d49.1946094!4d-0.2937775!16s%2Fg%2F1tdvp429!19sChIJpyNnI4VoCkgRXIUxiJWCfI8?authuser=0&hl=fr&rclk=1,43.91B,49930293300019,2007-07-26,11
c262d1d1-8884-400f-91a2-fecd01d22450,Gonthier Couverture - Couvreur Caen,0231236074,gonthier-lilian@outlook.fr,medium,Alain,Gonthier,ALAIN GONTHIER (GONTHIER),siret_insee,Bourguebus,bardage,bardage,2,4.5,19,Couvreur,https://www.gonthiercouverture.fr/,https://www.google.com/maps/place/Gonthier+Couverture+-+Couvreur+Caen/data=!4m7!3m6!1s0x480a6983ca2fc4e3:0x3ba30aa9a00a82c9!8m2!3d49.1264627!4d-0.306156!16s%2Fg%2F1wt3mt39!19sChIJ48QvyoNpCkgRyYIKoKkKozs?authuser=0&hl=fr&rclk=1,43.91B,39400517700032,1994-01-01,03
2eac5ebe-7abf-442e-97b8-62d42520cde7,SAPA 86 Traitement Bois Termites,0549506494,contact@sapahabitat.com,low,Romain Alexandre Luc,Launois,ROMAIN ALEXANDRE LUC LAUNOIS,siret_insee,Saint-Georges-Du-Bois,bardage,bardage,2,5.0,12,Entrepreneur spécialisé dans l'isolation,https://www.sapa-traitement.com/vienne-86.html,https://www.google.com/maps/place/SAPA+86+Traitement+Bois+Termites/data=!4m7!3m6!1s0x47fdbfe10161c315:0xf908d2803471b127!8m2!3d46.5672321!4d0.3195226!16s%2Fg%2F11fnwx9xkh!19sChIJFcNhAeG__UcRJ7FxNIDSCPk?authuser=0&hl=fr&rclk=1,81.29A,33332147900243,1985-07-22,21
b8c338c8-3226-4983-9c4b-e37982e54777,Lariviere,0549502486,info-lariviere@lariviere.fr,high,,,,,Poitiers,bardage,bardage,2,4.8,15,Magasin de materiaux de construction,https://www.lariviere.fr/trouver-votre-agence/lariviere-SEB/entry-442-lariviere-poitiers.html,https://www.google.com/maps/place/Lariviere/data=!4m7!3m6!1s0x47fd962012e4b307:0x588776c236d9ddca!8m2!3d46.612861!4d0.315574!16s%2Fg%2F1xfsn35_!19sChIJB7PkEiCW_UcRyt3ZNsJ2h1g?authuser=0&hl=fr&rclk=1,,,,
14fec299-38ee-4760-a56f-13c8c92a2c5e,Prêt Sarl Construction Métallique Charpente Couverture Bardage,0549521728,info@constructionpret.com,low,,,,,Poitiers,bardage,bardage,2,4.7,7,Entreprise de construction,http://www.constructions-metalliques-poitou-charentes.com/,https://www.google.com/maps/place/Pr%C3%AAt+Sarl+Construction+M%C3%A9tallique+Charpente+Couverture+Bardage/data=!4m7!3m6!1s0x47fda337303f8811:0x30c73e093925de9d!8m2!3d46.6863545!4d0.3596071!16s%2Fg%2F1tq6jfpm!19sChIJEYg_MDej_UcRnd4lOQk-xzA?authuser=0&hl=fr&rclk=1,,35357907100013,,
52c7555d-4dda-43f7-b218-ccc2ad26442c,Technitoit Poitiers,0533522949,collober.v@technitoit.com,high,,,,,Poitiers,bardage,bardage,2,4.4,209,Entrepreneur spécialisé dans l'isolation,https://www.technitoit.com/agence/vienne-86-poitiers?utm_source=google&utm_medium=gmb,https://www.google.com/maps/place/Technitoit+Poitiers/data=!4m7!3m6!1s0x47fdbcffdadcac29:0x6edd049d3e1956af!8m2!3d46.6318503!4d0.3572762!16s%2Fg%2F1tczjvkh!19sChIJKazc2v-8_UcRr1YZPp0E3W4?authuser=0&hl=fr&rclk=1,,,,
7fb91206-97fa-4c96-b19d-15d668380f29,Lariviere,0233924480,info-lariviere@lariviere.fr,high,,,,,Cherbourg-en-Cotentin,bardage,bardage,2,4.5,11,Magasin de materiaux de construction,https://www.lariviere.fr/trouver-votre-agence/lariviere-SEB/entry-386-lariviere-cherbourg.html,https://www.google.com/maps/place/Lariviere/data=!4m7!3m6!1s0x480c998f8f9efabd:0x3ff067d9bb5dafcd!8m2!3d49.601853!4d-1.595595!16s%2Fg%2F1tdjwdg4!19sChIJvfqej4-ZDEgRza9du9ln8D8?authuser=0&hl=fr&rclk=1,,,,
6ac71d8f-ca01-4a8c-9a7d-16dc68f3deca,ATCZ Couverture,0665274878,contact@couverture-atcz.fr,high,,,,,Caen,bardage,bardage,2,5.0,3,Couvreur,http://couverture-atcz.fr/,https://www.google.com/maps/place/ATCZ+Couverture/data=!4m7!3m6!1s0x8200da9ff10ea1d1:0xa3cb2ffa427f5cae!8m2!3d49.0340439!4d-0.0221127!16s%2Fg%2F11yd8_ndl9!19sChIJ0aEO8Z_aAIIRrlx_Qvovy6M?authuser=0&hl=fr&rclk=1,,,,
b9434454-e262-4dd3-9c65-4763006582ab,ATTILA Poitiers,0579650030,contact@attila.fr,high,Matthieu,Denis Nous Recrutons Du,Matthieu Denis Nous recrutons Du,mentions_legales,Poitiers,bardage,bardage,2,4.9,16,Couvreur,http://www.attila.fr/nos-agences/attila-poitiers-nord?utm_source=Google&utm_medium=MyBusiness,https://www.google.com/maps/place/ATTILA+Poitiers/data=!4m7!3m6!1s0x47fdbcc4e44e391d:0x87a5cbcd8f830947!8m2!3d46.6110243!4d0.3400741!16s%2Fg%2F11c5_tfrft!19sChIJHTlO5MS8_UcRRwmDj83LpYc?authuser=0&hl=fr&rclk=1,,,,
d715d28b-ee5e-4cec-baaa-5a68bad65220,AEC Couverture - Couvreur à Caen,0768653293,jonathanchelly@hotmail.fr,medium,,,,,Caen,bardage,bardage,2,4.9,45,Couvreur,https://aide-energie-conseil.fr/,https://www.google.com/maps/place/AEC+Couverture+-+Couvreur+%C3%A0+Caen/data=!4m7!3m6!1s0x8c6beb1a6b5db079:0xf4b08632f2c5e233!8m2!3d49.3315872!4d-0.2233181!16s%2Fg%2F11m6dhpt20!19sChIJebBdaxrra4wRM-LF8jKGsPQ?authuser=0&hl=fr&rclk=1,,,,
5ff23ce5-60c7-4c1b-9762-bbf8c22ea218,Couvreur Cherbourg - CHERBOURG TOITURE,0255024938,valle.richard@live.fr,medium,Richard,Valle,RICHARD VALLE (VALLE),siret_insee,Pavilly,bardage,bardage,2,4.8,15,Entrepreneur spécialisé dans l'isolation,https://www.couvreurcherbourg.com/,https://www.google.com/maps/place/Couvreur+Cherbourg+-+CHERBOURG+TOITURE/data=!4m7!3m6!1s0x480c97f05f7afb99:0x831246874a6920ab!8m2!3d49.6290731!4d-1.6324402!16s%2Fg%2F11pwfgg0mq!19sChIJmft6X_CXDEgRqyBpSodGEoM?authuser=0&hl=fr&rclk=1,43.33Z,51219232900021,2009-04-28,01
17fa6209-1e6c-4259-a343-e36e0097a1b4,Manche Rénovation,0232820464,contact@manche-renov.fr,high,Est Belkacem Ci-Aprã,Hammouda,est Belkacem HAMMOUDA ci-aprÃ,mentions_legales,Cherbourg-en-Cotentin,bardage,bardage,2,5.0,66,Couvreur,http://www.manche-renov.fr/,https://www.google.com/maps/place/Manche+R%C3%A9novation/data=!4m7!3m6!1s0x480c97e563ef8d27:0x439ff31ce34b4cf0!8m2!3d49.6244959!4d-1.626969!16s%2Fg%2F11wj3lz8pb!19sChIJJ43vY-WXDEgR8ExL4xzzn0M?authuser=0&hl=fr&rclk=1,,,,
34df1f6f-0f91-497b-9ca7-a5613c5eddc1,Entreprise Leprince & Fils,0620080260,leprincedan@gmail.com,medium,Dany Claude Gaston,Leprince,DANY CLAUDE GASTON LEPRINCE,siret_insee,Cherbourg-En-Cotentin,bardage,bardage,2,4.6,40,Entrepreneur spécialisé dans l'isolation,https://entreprise-leprince.com/,https://www.google.com/maps/place/Entreprise+Leprince+%26+Fils/data=!4m7!3m6!1s0x480c99b6a25c5fc7:0x3a0a89f098de1a19!8m2!3d49.6452937!4d-1.5899064!16s%2Fg%2F11tcjppw9c!19sChIJx19coraZDEgRGRremPCJCjo?authuser=0&hl=fr&rclk=1,43.91B,81282612100012,2015-07-27,NN
81d64d38-4d83-49aa-a12e-62414fa638b3,P. Groult Couverture,0749841065,contact@couverture-groult.com,high,Julien Stéphane Olivier,Coispel,JULIEN STÉPHANE OLIVIER COISPEL,siret_insee,Tollevast,bardage,bardage,2,5.0,9,Couvreur,https://www.couverture-groult.com/,https://www.google.com/maps/place/P.+Groult+Couverture/data=!4m7!3m6!1s0x480c9b001464e813:0xf38fceed2c2523f9!8m2!3d49.5886353!4d-1.5976987!16s%2Fg%2F11x85sbv13!19sChIJE-hkFACbDEgR-SMlLO3Oj_M?authuser=0&hl=fr&rclk=1,43.99C,87895913900022,2019-11-06,03
0f3d19de-baa2-4f80-8f35-6ae0196c6fc8,Nettoyage toiture hydrofuge - CHERBOURG TOITURE,0255604629,valle.richard@live.fr,medium,Richard,Valle,RICHARD VALLE (VALLE),siret_insee,Pavilly,bardage,bardage,2,5.0,4,Couvreur,https://www.couvreurcherbourg.com/nettoyage-de-toiture,https://www.google.com/maps/place/Nettoyage+toiture+hydrofuge+-+CHERBOURG+TOITURE/data=!4m7!3m6!1s0x480c97c988a91df7:0x848e91053c00921a!8m2!3d49.6558155!4d-1.7442778!16s%2Fg%2F11nff7zxls!19sChIJ9x2piMmXDEgRGpIAPAWRjoQ?authuser=0&hl=fr&rclk=1,43.33Z,51219232900021,2009-04-28,01
c84ea399-5985-4a2c-945c-441853602e69,PS RENOVE: Artisan Peintre Couvreur Façade Peinture Toiture Étanchéité Rénovation Traitement Résine,0745025170,psrenove.cotentin@gmail.com,medium,Samy Dosson,Prestot,SAMY DOSSON PRESTOT (PRESTOT),siret_insee,Brix,bardage,bardage,2,5.0,21,Couvreur,https://www.ps-renove-cotentin.fr/,https://www.google.com/maps/place/PS+RENOVE:+Artisan+Peintre+Couvreur+Fa%C3%A7ade+Peinture+Toiture+%C3%89tanch%C3%A9it%C3%A9+R%C3%A9novation+Traitement+R%C3%A9sine/data=!4m7!3m6!1s0x480c9bde31a71197:0x2d2594d2c65856ef!8m2!3d49.5736458!4d-1.5727245!16s%2Fg%2F11s5nrjfrq!19sChIJlxGnMd6bDEgR71ZYxtKUJS0?authuser=0&hl=fr&rclk=1,81.21Z,83507709000016,2018-02-01,NN
e9d538a9-22df-43e5-91a2-c97162ea5f1a,LEDUC,0233018383,leduc@sasleduc.fr,low,,,,,Cherbourg-en-Cotentin,bardage,bardage,2,4.5,15,Entreprise de construction,http://www.leduc-batiment.fr/,https://www.google.com/maps/place/LEDUC/data=!4m7!3m6!1s0x480c93e85cc70d81:0xb374f93df743ecf0!8m2!3d49.578512!4d-1.7084305!16s%2Fg%2F1wl4p_5j!19sChIJgQ3HXOiTDEgR8OxD9z35dLM?authuser=0&hl=fr&rclk=1,,,,
ee7b2eb6-774e-4f41-9cbe-c38387e2ebf7,Mister Toit,0231788317,mistertoit@gmail.com,medium,Nom,De L,Nom de l,mentions_legales,Caen,bardage,bardage,2,5.0,72,Couvreur,https://www.mistertoit.com/,https://www.google.com/maps/place/Mister+Toit/data=!4m7!3m6!1s0x480a69d6aa67094d:0x1505a0b954ecb479!8m2!3d49.1672231!4d-0.3644519!16s%2Fg%2F11bzv4fjkj!19sChIJTQlnqtZpCkgRebTsVLmgBRU?authuser=0&hl=fr&rclk=1,,,,
29b9813d-8154-4e7f-a6f1-3ba50e94c6bb,Quéguiner Matériaux,0240915363,communication@queguiner.fr,high,Clément,Quéguiner,Clément Quéguiner,mentions_legales,Saint-Nazaire,bardage,bardage,2,4.5,48,Magasin de materiaux de construction,https://www.queguiner.fr/nos-agences/saint-nazaire,https://www.google.com/maps/place/Qu%C3%A9guiner+Mat%C3%A9riaux/data=!4m7!3m6!1s0x480567b9aaa2936d:0xbcf86f507127ea04!8m2!3d47.2908318!4d-2.2948599!16s%2Fg%2F11bbwq9kvg!19sChIJbZOiqrlnBUgRBOoncVBv-Lw?authuser=0&hl=fr&rclk=1,,,,
60d5509b-defc-4abf-96d5-d41312f85209,Ascargorta habitat,0783819551,ascargortahabitat@outlook.fr,medium,Scott Freddy Marry Jackie,Ascargorta,SCOTT FREDDY MARRY JACKIE ASCARGORTA (ASCARGORTA),siret_insee,Virsac,bardage,bardage,2,5.0,11,Couvreur,http://www.ascargorta-habitat.com/,https://www.google.com/maps/place/Ascargorta+habitat/data=!4m7!3m6!1s0x480565d00e88571d:0x6e555b1f41c0ecb4!8m2!3d47.3008403!4d-2.1842315!16s%2Fg%2F11x1cpn3z6!19sChIJHVeIDtBlBUgRtOzAQR9bVW4?authuser=0&hl=fr&rclk=1,43.34Z,80152848000024,2014-04-04,NN
d98cdb79-a9c4-41b8-9908-6414d03a7008,Soprema,0251754427,contact@soprema-entreprises.fr,high,,,,,Saint-Nazaire,bardage,bardage,2,5.0,8,Entrepreneur spécialisé dans l'isolation,https://www.soprema-entreprises.fr/entite/agence/entreprise-etancheite-saint-nazaire/?utm_source=gmb,https://www.google.com/maps/place/Soprema/data=!4m7!3m6!1s0x48056734cba48267:0xe8e150b6abe47ed5!8m2!3d47.304197!4d-2.306013!16s%2Fg%2F11ght1mpj6!19sChIJZ4KkyzRnBUgR1X7kq7ZQ4eg?authuser=0&hl=fr&rclk=1,,,,
bdc708b6-5c56-4789-938e-e85988c521b2,Couvreur à Saint-Nazaire,0756875173,contact@couvreur-saintnazaire.com,high,,,,,Saint-Nazaire,bardage,bardage,2,4.9,35,Couvreur,https://www.couvreur-saintnazaire.com/?utm_source=google&utm_medium=organic&utm_campaign=gbp&utm_content=couvreur-saint-nazaire,https://www.google.com/maps/place/Couvreur+%C3%A0+Saint-Nazaire/data=!4m7!3m6!1s0x48056574c7aeaaab:0x423220a5c045a711!8m2!3d47.2902619!4d-2.1938494!16s%2Fg%2F11h_zmr6gd!19sChIJq6qux3RlBUgREadFwKUgMkI?authuser=0&hl=fr&rclk=1,,,,
62731805-d3a5-448a-9502-a8c816b5939f,Sarl Sitolle,0233030102,aubertwilliam@orange.fr,medium,,,,,Cherbourg-en-Cotentin,bardage,bardage,2,4.8,6,Couvreur,https://www.sarlsitolle.fr/,https://www.google.com/maps/place/Sarl+Sitolle/data=!4m7!3m6!1s0x480c82d41b553623:0xb46ba3a4bc79b584!8m2!3d49.519795!4d-1.501932!16s%2Fg%2F1vgx0410!19sChIJIzZVG9SCDEgRhLV5vKSja7Q?authuser=0&hl=fr&rclk=1,,,,
9ae9dd87-bbe5-4637-bd8e-6838179355c4,Performance Habitat - Menuiserie - Charpente - Solution d'Isolation,0233442515,contact@performance-habitat.fr,high,Emmanuel,Lepresle,LEPRESLE Emmanuel,mentions_legales,Cherbourg-en-Cotentin,bardage,bardage,2,4.8,9,Entrepreneur spécialisé dans l'isolation,http://www.performance-habitat.fr/,https://www.google.com/maps/place/Performance+Habitat+-+Menuiserie+-+Charpente+-+Solution+d%27Isolation/data=!4m7!3m6!1s0x480c9ba03267e7dd:0x693bcdd62d1ac31b!8m2!3d49.5488349!4d-1.567525!16s%2Fg%2F11g1b09bdd!19sChIJ3ednMqCbDEgRG8MaLdbNO2k?authuser=0&hl=fr&rclk=1,,,,
b4cd4c70-d8cd-4cb8-a016-66763f45931a,A.J Entreprise maçonnerie - Génie civil,0240018889,direction@aj-entreprise.fr,high,,,,,Saint-Nazaire,bardage,bardage,2,4.8,17,Entreprise de construction,https://aj-entreprise.fr/construction-renovation-saint-nazaire-a-propos/?utm_source=gmb,https://www.google.com/maps/place/A.J+Entreprise+ma%C3%A7onnerie+-+G%C3%A9nie+civil/data=!4m7!3m6!1s0x480565a086d587e5:0x858a0bc0fec8a010!8m2!3d47.2917174!4d-2.1980241!16s%2Fg%2F1tgtdwkg!19sChIJ5YfVhqBlBUgREKDI_sALioU?authuser=0&hl=fr&rclk=1,,,,
143a7735-ad93-4944-b9ef-069898d06286,Isolation by Tryba,0221833753,contact@isolationbytryba.fr,high,,,,,Saint-Nazaire,bardage,bardage,2,4.9,80,Entrepreneur spécialisé dans l'isolation,https://www.isolationbytryba.fr/agence/isolation-by-tryba-a-saint-nazaire-44/?utm_campaign=IBT_Pornichet&utm_medium=CTA-WEB&utm_source=GMB-IBT,https://www.google.com/maps/place/Isolation+by+Tryba/data=!4m7!3m6!1s0x48055d098aea6ecd:0x91b1a492e2f59be2!8m2!3d47.2698123!4d-2.3453953!16s%2Fg%2F11k3hjhv3p!19sChIJzW7qigldBUgR4pv14pKksZE?authuser=0&hl=fr&rclk=1,,,,
5331b06b-48d6-4e9c-9347-d35a47c69025,LV Rénovation,0297486331,contact@lv-renovation.fr,high,Rénovation,Lv,LV Rénovation,mentions_legales,Quimper,bardage,bardage,2,4.6,46,Entrepreneur spécialisé dans l'isolation,https://www.lv-renovation.fr/,https://www.google.com/maps/place/LV+R%C3%A9novation/data=!4m7!3m6!1s0x4810d7769dab1a43:0xeef62e5f2fdaa04d!8m2!3d47.997688!4d-4.04656!16s%2Fg%2F11ghv8lpq2!19sChIJQxqrnXbXEEgRTaDaL18u9u4?authuser=0&hl=fr&rclk=1,,,,
5ddf7e72-abc6-4c41-8934-0591d91b3591,Tyzol,0298640839,contact@tyzol.fr,high,Mark Jean Baptiste,Souetre,MARK JEAN BAPTISTE SOUETRE,siret_insee,Quimper,bardage,bardage,2,4.7,55,Entrepreneur spécialisé dans l'isolation,http://tyzol.fr/,https://www.google.com/maps/place/Tyzol/data=!4m7!3m6!1s0x4810d42529e2c237:0x4cebf97bbd5817ce!8m2!3d47.95749!4d-4.0819313!16s%2Fg%2F11hyl5_t19!19sChIJN8LiKSXUEEgRzhdYvXv560w?authuser=0&hl=fr&rclk=1,43.32A,84873466100012,2019-02-20,03
7e5cd584-7f77-40df-916c-7269906003d4,RTR COUVERTURE PEINTRE QUIMPER,0750037182,contact@rtr-couverture.fr,high,Thitane,Ricordel,THITANE RICORDEL (RICORDEL),siret_insee,Quimper,bardage,bardage,2,4.7,57,Couvreur,https://www.rtr-couverture.fr/,https://www.google.com/maps/place/RTR+COUVERTURE+PEINTRE+QUIMPER/data=!4m7!3m6!1s0x4810d53f70268093:0x4cd8a4944e7cd1b2!8m2!3d47.9923256!4d-4.0802834!16s%2Fg%2F11rtqw0fdh!19sChIJk4AmcD_VEEgRstF8TpSk2Ew?authuser=0&hl=fr&rclk=1,43.91B,90463336900031,2021-09-22,NN
6f4ba5e0-641f-44fa-955c-90c35e4126e4,OB EGA,0298902236,quimper@ob-ega.fr,high,Yves,Mazetier,YVES MAZETIER,siret_insee,Quimper,bardage,bardage,2,4.6,40,Entreprise de construction,https://www.ob-ega.fr/,https://www.google.com/maps/place/OB+EGA/data=!4m7!3m6!1s0x4810d5d71e9995dd:0x8b37278d9262bbd4!8m2!3d47.9750862!4d-4.0758399!16s%2Fg%2F1tkv94x3!19sChIJ3ZWZHtfVEEgR1Ltiko0nN4s?authuser=0&hl=fr&rclk=1,41.20A,33756240900025,1986-04-15,11
c21e707f-2114-4077-96a5-c5b2b5b4cba0,BOUGAIN,0660555241,philippeletty@orange.fr,medium,Bougain,Couverture,BOUGAIN COUVERTURE,mentions_legales,Quimper,bardage,bardage,2,5.0,5,Couvreur,https://www.couverture-isolation-quimper.fr/,https://www.google.com/maps/place/BOUGAIN/data=!4m7!3m6!1s0x48112a2e1fda5581:0x5a38b613d723c63c!8m2!3d48.0485637!4d-4.0958472!16s%2Fg%2F1vgqch8v!19sChIJgVXaHy4qEUgRPMYj1xO2OFo?authuser=0&hl=fr&rclk=1,,,,
0b707427-5a0b-4339-9fde-91a7357a6279,Lariviere,0298907400,info-lariviere@lariviere.fr,high,,,,,Quimper,bardage,bardage,2,4.5,10,Magasin de materiaux de construction,https://www.lariviere.fr/trouver-votre-agence/lariviere-SEB/entry-444-lariviere-quimper.html,https://www.google.com/maps/place/Lariviere/data=!4m7!3m6!1s0x4810d607f5da85b9:0x39320964c7e3de60!8m2!3d47.997708!4d-4.077227!16s%2Fg%2F1tptp_xd!19sChIJuYXa9QfWEEgRYN7jx2QJMjk?authuser=0&hl=fr&rclk=1,,,,
4b4922cf-6cb3-4945-96a6-e68b9fac645b,Le Baron,0298946768,contact@lebaron.bzh,high,Rene,Le Baron,RENE LE BARON,siret_insee,Quimper,bardage,bardage,2,4.8,4,Entreprise de construction,https://lebaron.bzh/,https://www.google.com/maps/place/Le+Baron/data=!4m7!3m6!1s0x4810d7ac11ed3ed3:0x179fb273298c5fd0!8m2!3d47.9766513!4d-4.0232463!16s%2Fg%2F1tct83g0!19sChIJ0z7tEazXEEgR0F-MKXOynxc?authuser=0&hl=fr&rclk=1,43.99B,39382518700031,1994-01-18,12
50386b96-df50-4b6a-b6c2-d83909efb76d,SMAC,0296787462,annecy@smac-sa.com,high,,,,,Quimper,bardage,bardage,2,5.0,22,Entrepreneur spécialisé dans l'isolation,https://www.smac-sa.com/agence/smac-quimper/?utm_source=gmb,https://www.google.com/maps/place/SMAC/data=!4m7!3m6!1s0x4810d5b2bd462a5f:0xebd1f332d54684ff!8m2!3d47.9626742!4d-4.1484935!16s%2Fg%2F11ychrfz_q!19sChIJXypGvbLVEEgR_4RG1TLz0es?authuser=0&hl=fr&rclk=1,,,,
2b8af002-b226-4cdb-a63c-c7095e166645,DN Rénovation couvreur,0603795652,contact@renovationdn.fr,high,,,,,Saint-Nazaire,bardage,bardage,2,4.9,47,Entrepreneur spécialisé dans l'isolation,https://renovationdn.fr/,https://www.google.com/maps/place/DN+R%C3%A9novation+couvreur/data=!4m7!3m6!1s0x4805652587898ef1:0xe9575282d7b5e294!8m2!3d47.31949!4d-2.212246!16s%2Fg%2F11q83bkg6z!19sChIJ8Y6JhyVlBUgRlOK114JSV-k?authuser=0&hl=fr&rclk=1,,,,
de235986-f670-432b-9970-774bd402197e,Lecaplain Couverture,0686911793,gly.lecaplain@gmail.com,medium,,,,,Quimper,bardage,bardage,2,4.8,16,Couvreur,https://www.lecaplain-couverture.fr/contact?utm_source=gmb,https://www.google.com/maps/place/Lecaplain+Couverture/data=!4m7!3m6!1s0x4810d6e91c779add:0x3b73e109f0a65190!8m2!3d47.9981634!4d-4.0971964!16s%2Fg%2F1xcbp0bb!19sChIJ3Zp3HOnWEEgRkFGm8Anhczs?authuser=0&hl=fr&rclk=1,,,,
8c0f428e-db9c-4d59-9233-2545b996bad1,AR Peinture - Ravalement - Isolation,0252410125,contact@ar-peinture.fr,high,,,,,Saint-Nazaire,bardage,bardage,2,4.8,40,Entrepreneur spécialisé dans l'isolation,http://ar-peinture.fr/?utm_source=gmb,https://www.google.com/maps/place/AR+Peinture+-+Ravalement+-+Isolation/data=!4m7!3m6!1s0x48056fc465f8f5ad:0xd8e566b779a9024d!8m2!3d47.2953324!4d-2.280884!16s%2Fg%2F1w15yth9!19sChIJrfX4ZcRvBUgRTQKpebdm5dg?authuser=0&hl=fr&rclk=1,,,,
1ad80488-3d13-4b8e-9cc5-fb704563dfd3,TANGUY GÉRARD,0661406016,tanguy.gerard@orange.fr,medium,,,,,Quimper,bardage,bardage,2,5.0,10,Entreprise de construction,https://www.menuiserietanguy.com/?utm_medium=referral&utm_source=gmb&utm_campaign=lnk-gmb,https://www.google.com/maps/place/TANGUY+G%C3%89RARD/data=!4m7!3m6!1s0x4816d55d98b78885:0x9f9b6eedb63c8c86!8m2!3d48.0119217!4d-4.1910204!16s%2Fg%2F1tklpz53!19sChIJhYi3mF3VFkgRhow8tu1um58?authuser=0&hl=fr&rclk=1,,,,
89ff6251-f423-4c89-96ea-cbfffbc3df10,D.Jcouverture,0763715480,decoudujohan@outlook.fr,medium,Johan,Decoudu,JOHAN DECOUDU (DECOUDU),siret_insee,Pluguffan,bardage,bardage,2,5.0,8,Couvreur,https://www.djcouverture.fr/,https://www.google.com/maps/place/D.Jcouverture/data=!4m7!3m6!1s0x48172b9480c44b45:0x5706014318d74c35!8m2!3d47.8836625!4d-4.1473898!16s%2Fg%2F11qp55f67n!19sChIJRUvEgJQrF0gRNUzXGEMBBlc?authuser=0&hl=fr&rclk=1,43.91B,88994251200019,2020-10-16,01
27c97e6f-77bb-400d-94b1-7c69cd5be2e6,KORNOG,0298826425,contact@kornog-couverture.com,high,,,,,Quimper,bardage,bardage,2,4.8,18,Couvreur,http://kornog-couverture.com/,https://www.google.com/maps/place/KORNOG/data=!4m7!3m6!1s0x48172bfed2dad587:0x3055cdc818994ee2!8m2!3d47.9611242!4d-4.1513492!16s%2Fg%2F11fjtqhf0c!19sChIJh9Xa0v4rF0gR4k6ZGMjNVTA?authuser=0&hl=fr&rclk=1,,,,
c18f0d94-7a3e-4288-8779-6af1f2a56442,Teckto SARL,0298548930,g.philippe@teckto.fr,high,Elodie Jocelyne,Le Toullec,ELODIE JOCELYNE LE TOULLEC,siret_insee,Concarneau,bardage,bardage,2,4.8,152,Entrepreneur spécialisé dans l'isolation,http://www.teckto.fr/,https://www.google.com/maps/place/Teckto+SARL/data=!4m7!3m6!1s0x4810d623a22c3b23:0xba407c35e073782e!8m2!3d47.9002463!4d-3.9083575!16s%2Fg%2F11bysjsm65!19sChIJIzssoiPWEEgRLnhz4DV8QLo?authuser=0&hl=fr&rclk=1,43.99D,81258444900027,2015-08-03,12
d81840c0-e815-4bb3-932c-219f97840bd4,Tole-Armor,0297027264,contact@tole-armor.fr,high,,,,,Lorient,bardage,bardage,2,4.7,72,Magasin de materiaux de construction,http://www.tole-armor.fr/?utm_source=gmb,https://www.google.com/maps/place/Tole-Armor/data=!4m7!3m6!1s0x4810f69aa45cb73d:0xd6d02f84905e885a!8m2!3d47.807381!4d-3.4780658!16s%2Fg%2F1tfz9lhb!19sChIJPbdcpJr2EEgRWohekIQv0NY?authuser=0&hl=fr&rclk=1,,,,
915b50b4-8f3b-44e4-af32-e241a9997d8d,Écologie et Matériaux,0972520993,brest@ecologie-materiaux.fr,high,,,,,Quimper,bardage,bardage,2,4.9,22,Magasin de materiaux de construction,https://www.ecologie-materiaux.fr/,https://www.google.com/maps/place/%C3%89cologie+et+Mat%C3%A9riaux/data=!4m7!3m6!1s0x4811281f65f8e233:0xf9386780b69a28f4!8m2!3d47.9817948!4d-4.0314243!16s%2Fg%2F11btysvsmb!19sChIJM-L4ZR8oEUgR9CiatoBnOPk?authuser=0&hl=fr&rclk=1,,,,
6dd500f8-293a-4ea1-8aa2-bfc21003bf4d,Isologique,0663176279,administration@isologique.fr,high,Cedric Jean Philippe,Valdenaire,CEDRIC JEAN PHILIPPE VALDENAIRE (VALDENAIRE),siret_insee,Venissieux,bardage,bardage,2,5.0,5,Entrepreneur spécialisé dans l'isolation,http://www.isologique.fr/,https://www.google.com/maps/place/Isologique/data=!4m7!3m6!1s0x47f4eaac23e48b61:0x7dabe707119d2ced!8m2!3d45.7085228!4d4.8650956!16s%2Fg%2F11btmr51tl!19sChIJYYvkI6zq9EcR7SydEQfnq30?authuser=0&hl=fr&rclk=1,43.29A,78980600700025,2012-12-05,03
83ce311e-dd43-42ea-9c99-ca3a7858ecb1,ATLANTIQUE - BOUILLOT - COUVERTURE - 44,0252591147,contact@abc44.fr,low,Mr,Ludovic Bouillot Bouillot Couverture,Mr Ludovic Bouillot Bouillot Couverture,mentions_legales,Saint-Nazaire,bardage,bardage,2,5.0,6,Couvreur,https://www.abcouverture44.fr/,https://www.google.com/maps/place/ATLANTIQUE+-+BOUILLOT+-+COUVERTURE+-+44/data=!4m7!3m6!1s0x4805677576163219:0x6d8822a69879114d!8m2!3d47.2989026!4d-2.2958232!16s%2Fg%2F11rkl86vyr!19sChIJGTIWdnVnBUgRTRF5mKYiiG0?authuser=0&hl=fr&rclk=1,,,,
260607ca-583f-4c25-b88b-dbfc4145df62,Protechabitat Couvreur à Lorient,0788455826,protechabitacle@gmail.com,medium,,,,,Lorient,bardage,bardage,2,4.8,19,Couvreur,https://protechabitat.com/,https://www.google.com/maps/place/Protechabitat+Couvreur+%C3%A0+Lorient/data=!4m7!3m6!1s0xa085f5fab7a9a513:0x7c1fb6b6d2e44fbf!8m2!3d47.7552493!4d-3.3294822!16s%2Fg%2F11y8jgrrq5!19sChIJE6Wpt_r1haARv0_k0ra2H3w?authuser=0&hl=fr&rclk=1,,,,
a227e5ef-295a-4f3f-829b-732812dc5682,ATTILA Cergy-Pontoise,0180929360,contact@attila.fr,high,Sébastien,Fourcade Nous Recrutons Du,Sébastien Fourcade Nous recrutons Du,mentions_legales,Cergy,bardage,bardage,2,4.9,16,Couvreur,https://www.attila.fr/nos-agences/attila-cergy-pontoise?utm_source=gmb,https://www.google.com/maps/place/ATTILA+Cergy-Pontoise/data=!4m7!3m6!1s0x47e6f5b5cd0de8cf:0x322baef7f61dea6f!8m2!3d49.049751!4d2.071222!16s%2Fg%2F11y5yyq1tj!19sChIJz-gNzbX15kcRb-od9veuKzI?authuser=0&hl=fr&rclk=1,,,,
ecc7bea4-8bae-42b0-85c4-b628207da233,Couvreur 60 BS Artisan Couvreur dans l'Oise Recherche de Fuites Réparation de Toiture,0625708272,entreprisebs95@gmail.com,medium,Martine,Cassagrande,MARTINE CASSAGRANDE,siret_insee,Montigny-Les-Cormeilles,bardage,bardage,2,4.5,21,Couvreur,https://couvreur60.fr/,https://www.google.com/maps/place/Couvreur+60+BS+Artisan+Couvreur+dans+l%27Oise+Recherche+de+Fuites+R%C3%A9paration+de+Toiture/data=!4m7!3m6!1s0x47e7072bd65dcca9:0xb98dde8d729a707f!8m2!3d49.4319239!4d2.0830844!16s%2Fg%2F11gc6yng_7!19sChIJqcxd1isH50cRf3Caco3ejbk?authuser=0&hl=fr&rclk=1,43.91B,93837083000011,2024-11-04,NN
634f0926-6030-41bb-8949-a9ea71c2339e,Kenavo toiture,0783111526,kenavo.toiture@gmail.com,medium,Claude,Le Dez,CLAUDE LE DEZ,siret_insee,Pleyben,bardage,bardage,2,5.0,3,Couvreur,http://kenavo-toiture.fr/,https://www.google.com/maps/place/Kenavo+toiture/data=!4m7!3m6!1s0x48105f6fb7bc3d87:0x978705fbabc612f!8m2!3d47.7476093!4d-3.364322!16s%2Fg%2F11xnvhttph!19sChIJhz28t29fEEgRL2G8ul9weAk?authuser=0&hl=fr&rclk=1,74.10Z,81053645800013,2015-04-01,NN
bfe8cfaa-1f37-43b9-8e75-fdad262ba314,Technitoit Beauvais,0366883651,collober.v@technitoit.com,high,,,,,Beauvais,bardage,bardage,2,4.6,323,Entrepreneur spécialisé dans l'isolation,https://www.technitoit.com/agence/oise-60-beauvais?utm_source=google&utm_medium=gmb,https://www.google.com/maps/place/Technitoit+Beauvais/data=!4m7!3m6!1s0x47e706d456d85a41:0x8a0521830ed1d815!8m2!3d49.4410103!4d2.1012966!16s%2Fg%2F12lkw4n3g!19sChIJQVrYVtQG50cRFdjRDoMhBYo?authuser=0&hl=fr&rclk=1,,,,
69522343-7bf2-4c9b-88d0-f02aec729315,La Façade du Beauvaisis - Votre façadier dans l'Oise,0344079999,lafacadedubeauvaisis@orange.fr,medium,,,,mentions_legales,Beauvais,bardage,bardage,2,4.7,200,Entrepreneur spécialisé dans l'isolation,http://www.la-facade-du-beauvaisis.fr/,https://www.google.com/maps/place/La+Fa%C3%A7ade+du+Beauvaisis+-+Votre+fa%C3%A7adier+dans+l%27Oise/data=!4m7!3m6!1s0x47e7072c32a59b59:0x9dfea654bbc2f560!8m2!3d49.4320108!4d2.1085431!16s%2Fg%2F1vqtg38b!19sChIJWZulMiwH50cRYPXCu1Sm_p0?authuser=0&hl=fr&rclk=1,,,,
82e5a2fb-8dab-4c1c-ac1d-ccf6dfb712e0,QUALI ECO,0478406088,contact@qualieco.fr,high,,,,,Vénissieux,bardage,bardage,2,5.0,9,Entreprise de construction,http://www.qualieco.fr/,https://www.google.com/maps/place/QUALI+ECO/data=!4m7!3m6!1s0x47f4c3c371db6979:0x1123558b76106891!8m2!3d45.6895916!4d4.9318266!16s%2Fg%2F1td64ngn!19sChIJeWnbccPD9EcRkWgQdotVIxE?authuser=0&hl=fr&rclk=1,,51843707400033,,
014380c1-6cc1-4f45-9f45-cc2da0aafdee,AJC+ Isolation,0344025906,contact@ajc-plus.fr,high,Antoine Dominique Paul,Cannizzaro,ANTOINE DOMINIQUE PAUL CANNIZZARO,siret_insee,Beauvais,bardage,bardage,2,4.8,98,Entrepreneur spécialisé dans l'isolation,https://www.ajc-plus.fr/,https://www.google.com/maps/place/AJC%2B+Isolation/data=!4m7!3m6!1s0x47e706b2b192a04b:0x734086e04fa7202a!8m2!3d49.425318!4d2.094159!16s%2Fg%2F1tdc93k1!19sChIJS6CSsbIG50cRKiCnT-CGQHM?authuser=0&hl=fr&rclk=1,43.29A,38752535500039,1992-04-01,03
441c088a-117f-4d32-9a28-79aa705b6443,Groupe Le Carré Beauvais (CRPH),0344226032,groupelecarre@gmail.com,medium,,,,,Beauvais,bardage,bardage,2,4.6,64,Entrepreneur spécialisé dans l'isolation,https://www.groupelecarre-beauvais.fr/?utm_source=gmb,https://www.google.com/maps/place/Groupe+Le+Carr%C3%A9+Beauvais+%28CRPH%29/data=!4m7!3m6!1s0x47e707b2b961de71:0x783f5aa9b3db0378!8m2!3d49.4133956!4d2.1184982!16s%2Fg%2F11h_z835wj!19sChIJcd5hubIH50cReAPbs6laP3g?authuser=0&hl=fr&rclk=1,,,,
7399476f-f79f-4af0-8cf5-9a543d1be07b,Buquet couverture,0644799833,contact@buquet-couverture.fr,high,Laurent,Allard,LAURENT ALLARD (ALLARD),siret_insee,Roubaix,bardage,bardage,2,5.0,3,Couvreur,https://www.buquet-couverture.fr/,https://www.google.com/maps/place/Buquet+couverture/data=!4m7!3m6!1s0x84835840cb2425f9:0xb7a92853188b7306!8m2!3d49.442542!4d2.0876978!16s%2Fg%2F11x1gzsbyx!19sChIJ-SUky0BYg4QRBnOLGFMoqbc?authuser=0&hl=fr&rclk=1,63.11Z,42476141900045,1999-10-15,42
c6b92e36-6942-4a9d-97d3-4396b2a64429,Robba couverture,0663123799,contact@robba-couverture.com,high,Betty,Diard,Betty Diard,mentions_legales,Maisons-Alfort,bardage,bardage,2,4.7,118,Couvreur,https://robba-couverture.com/,https://www.google.com/maps/place/Robba+couverture/data=!4m7!3m6!1s0x47e5d9b1e9ac3f6d:0x6146f10f5837b261!8m2!3d48.7955511!4d2.4256092!16s%2Fg%2F11nx5lj36b!19sChIJbT-s6bHZ5UcRYbI3WA_xRmE?authuser=0&hl=fr&rclk=1,,,,
77ed491d-2894-4954-9f8e-0458b65c8622,Couvreur à Beauvais (60) – Les couvreurs Picard,0602371341,lescouvreurspicard@gmail.com,medium,,,,,Beauvais,bardage,bardage,2,5.0,21,Entrepreneur spécialisé dans l'isolation,http://www.lescouvreurspicard.com/,https://www.google.com/maps/place/Couvreur+%C3%A0+Beauvais+%2860%29+%E2%80%93+Les+couvreurs+Picard/data=!4m7!3m6!1s0x40e60d5d0c0bf627:0x4dfa0812684c2c98!8m2!3d49.4276364!4d2.0820718!16s%2Fg%2F11xkw8b017!19sChIJJ_YLDF0N5kARmCxMaBII-k0?authuser=0&hl=fr&rclk=1,,,,
43942479-4b30-4f88-a54d-b5677363db3d,MENACHÉ Couverture | Couvreur 80 Péronne,0650043581,menache.couverture@gmail.com,medium,,,,,Castres,bardage,bardage,2,5.0,12,Couvreur,https://menache-couverture.fr/,https://www.google.com/maps/place/MENACH%C3%89+Couverture+%7C+Couvreur+80+P%C3%A9ronne/data=!4m7!3m6!1s0x47e800905af218d9:0xb55f624b78bb7348!8m2!3d49.9282574!4d2.941241!16s%2Fg%2F1tgvcz66!19sChIJ2RjyWpAA6EcRSHO7eEtiX7U?authuser=0&hl=fr&rclk=1,,,,
c29b602c-33c3-4dee-b9b7-0ecc2a83b8bc,Compagnon ZUGETTA - Couverture 93,0625345371,couvreurzugetta93@yahoo.fr,medium,Compagnon,Zugetta,Compagnon zugetta,mentions_legales,Livry-Gargan,bardage,bardage,2,5.0,15,Couvreur,https://www.compagnon-zugetta-93.fr/,https://www.google.com/maps/place/Compagnon+ZUGETTA+-+Couverture+93/data=!4m7!3m6!1s0x47e61321c9020549:0x1121964f138509e6!8m2!3d48.9119102!4d2.5058132!16s%2Fg%2F11sr60xt_2!19sChIJSQUCySET5kcR5gmFE0-WIRE?authuser=0&hl=fr&rclk=1,,,,
ecf8c742-d5dc-4b62-86d3-5ecb496eccd5,FCA Beauvais - isolation thermique et ravalement dans l'Oise ( 60 ),0344115000,formulaire@fcaweb.fr,low,,,,,Beauvais,bardage,bardage,2,4.7,47,Entrepreneur spécialisé dans l'isolation,https://fca-renovation.com/,https://www.google.com/maps/place/FCA+Beauvais+-+isolation+thermique+et+ravalement+dans+l%27Oise+%28+60+%29/data=!4m7!3m6!1s0x47e706d3c3f2c503:0x563fc8b03feac209!8m2!3d49.431962!4d2.0876855!16s%2Fg%2F119vqwyv7!19sChIJA8Xyw9MG50cRCcLqP7DIP1Y?authuser=0&hl=fr&rclk=1,,49317804000041,,
f3b7cb80-0af3-431e-b113-f5a908d3e888,Ba'Tec France,0494814224,batectoitures@batectoitures.com,low,Herve,Bressand,HERVE BRESSAND,siret_insee,Puget-Sur-Argens,bardage,bardage,1,4.8,17,Couvreur,http://www.batecfrance.fr/,https://www.google.com/maps/place/Ba%27Tec+France/data=!4m7!3m6!1s0x12cea338fc2ba327:0xb51d9dc45ca8d049!8m2!3d43.4550262!4d6.6947837!16s%2Fg%2F1tggqr11!19sChIJJ6Mr_DijzhIRSdCoXMSdHbU?authuser=0&hl=fr&rclk=1,43.91B,34538063800048,1988-05-01,11
8dbb60b4-d375-4f5b-840d-8517819ada74,Techni Confort,0494521748,contact@techni-confort.com,high,Boris Aime,Sciandra,BORIS AIME SCIANDRA,siret_insee,Frejus,cloture,cloture,2,4.9,244,Entrepreneur spécialisé dans les clôtures,http://www.techni-confort.com/,https://www.google.com/maps/place/Techni+Confort/data=!4m7!3m6!1s0x12cebd2cd93ccb85:0xc520b7d9ad225bed!8m2!3d43.44133!4d6.71458!16s%2Fg%2F1tl1f28f!19sChIJhcs82Sy9zhIR7Vsirdm3IMU?authuser=0&hl=fr&rclk=1,43.32B,44359441100037,2002-10-01,11
02067fc9-b417-45c5-b53e-dd3fe623c5d0,Réseau AC 2.0,0256543775,agencelorient@ac-2.fr,high,Christophe,Boyer,Christophe BOYER,mentions_legales,Lorient,bardage,bardage,2,4.9,8,Entreprise de construction,https://ac-2.fr/,https://www.google.com/maps/place/R%C3%A9seau+AC+2.0/data=!4m7!3m6!1s0x48105e5779f40001:0x994b9141fcc6cab8!8m2!3d47.7513839!4d-3.3610353!16s%2Fg%2F11vbsl3x9w!19sChIJAQD0eVdeEEgRuMrG_EGRS5k?authuser=0&hl=fr&rclk=1,,,,
414e177e-5528-45f1-aaae-acb8ee55d4a2,🥇Couvreur Fréjus Compagnons de France,0680214428,toiture.cdf@gmail.com,medium,,,,,Fréjus,bardage,bardage,1,5.0,8,Couvreur,https://www.compagnondefrance-frejus.fr/,https://www.google.com/maps/place/%F0%9F%A5%87Couvreur+Fr%C3%A9jus+Compagnons+de+France/data=!4m7!3m6!1s0x65dd9ce78cd1fb43:0xc6b6ee3e69bd913d!8m2!3d43.414328!4d6.707896!16s%2Fg%2F11xcf0wss5!19sChIJQ_vRjOec3WURPZG9aT7utsY?authuser=0&hl=fr&rclk=1,,,,
76d7abda-1f05-454d-a889-af1f7aa21389,COSTA Entreprise générale du bâtiment,0240360606,contact@costa-expert.com,low,Ladislau Jose,Guerreiro Costa,LADISLAU JOSE GUERREIRO COSTA,siret_insee,Nantes,bardage,bardage,2,4.7,26,Entreprise de construction,http://www.costa-expert.fr/,https://www.google.com/maps/place/COSTA+Entreprise+g%C3%A9n%C3%A9rale+du+b%C3%A2timent/data=!4m7!3m6!1s0x4805ec822efe1d81:0xc884d65263a09969!8m2!3d47.2049867!4d-1.6071231!16s%2Fg%2F11fjmcj5p0!19sChIJgR3-LoLsBUgRaZmgY1LWhMg?authuser=0&hl=fr&rclk=1,43.22A,49991494300026,2007-07-17,01
5e4e2028-b04f-40eb-bed8-4d5bb0ec6aea,G.S Nettoyage & Rénovation – Couvreur Façadier Clamart 92,0623144408,g.s.nettoyage.renovation@gmail.com,medium,Nettoyage Et Rénovation,G.s,G.S Nettoyage et Rénovation,mentions_legales,Clamart,bardage,bardage,2,5.0,38,Entrepreneur spécialisé dans l'isolation,https://www.gs-nettoyage-renovation.fr/,https://www.google.com/maps/place/G.S+Nettoyage+%26+R%C3%A9novation+%E2%80%93+Couvreur+Fa%C3%A7adier+Clamart+92/data=!4m7!3m6!1s0x47e67b6b87764263:0xc90fbda10e243f6f!8m2!3d48.8001331!4d2.2642118!16s%2Fg%2F11w3ls4bb6!19sChIJY0J2h2t75kcRbz8kDqG9D8k?authuser=0&hl=fr&rclk=1,,,,
8ed32f2d-a9ee-4b3f-aae8-7ef2ed7e02c9,HDF FACADE - Entreprise Isolation thermique extérieur RGE - Rénovation de façade - Ravalement - Façadier,0375892574,contact@hdf-facade.fr,high,Martin,Cankaya,MARTIN CANKAYA (CANKAYA),siret_insee,Beauvais,bardage,bardage,2,5.0,83,Entrepreneur spécialisé dans l'isolation,https://hdf-facade.fr/,https://www.google.com/maps/place/HDF+FACADE+-+Entreprise+Isolation+thermique+ext%C3%A9rieur+RGE+-+R%C3%A9novation+de+fa%C3%A7ade+-+Ravalement+-+Fa%C3%A7adier/data=!4m7!3m6!1s0x47e70751008e4f0f:0xd257cb0275c59ed9!8m2!3d49.4409312!4d2.0989721!16s%2Fg%2F11j3n38r0j!19sChIJD0-OAFEH50cR2Z7FdQLLV9I?authuser=0&hl=fr&rclk=1,43.99C,89781645000026,2021-03-13,NN
839cf909-4a5b-4a9d-a941-ebc61b9ec7db,"Pamther Fréjus : Toiture, Couverture, Charpente et Etanchéité",0494952281,contact@pamther.fr,high,,,,,Fréjus,bardage,bardage,1,4.7,29,Entrepreneur spécialisé dans l'isolation,https://www.pamther.fr/nos-agences/frejus/?utm_source=google&utm_medium=my-business&utm_campaign=frejus,"https://www.google.com/maps/place/Pamther+Fr%C3%A9jus+:+Toiture,+Couverture,+Charpente+et+Etanch%C3%A9it%C3%A9/data=!4m7!3m6!1s0x12ce9828503e8db7:0x7fbcb5f3db0e308a!8m2!3d43.474846!4d6.7396508!16s%2Fg%2F1tx75l5c!19sChIJt40-UCiYzhIRijAO2_O1vH8?authuser=0&hl=fr&rclk=1",,,,
f3735cb5-f927-4e5e-999b-2e852017d9db,COUVREUR 92 - IDF Couverture & Toiture,0645139047,contact@idf-couverture-toiture.fr,high,Nom,Du Dirigeant,Nom du dirigeant,mentions_legales,Clamart,bardage,bardage,2,4.8,215,Entrepreneur spécialisé dans l'isolation,https://idf-couverture-toiture.fr/,https://www.google.com/maps/place/COUVREUR+92+-+IDF+Couverture+%26+Toiture/data=!4m7!3m6!1s0x47e67b7fc35e7485:0xc5650cd96c268c60!8m2!3d48.8038099!4d2.2671491!16s%2Fg%2F11n17jbby3!19sChIJhXRew3975kcRYIwmbNkMZcU?authuser=0&hl=fr&rclk=1,,,,
6ac68608-29bc-47dd-a30f-710022a843e6,CG Couverture - Couvreur - Zinguerie - Toiture,0602215961,cgcouverture56600@gmail.com,medium,Gaetan Pierre Alain,Cougoulat,GAETAN PIERRE ALAIN COUGOULAT (COUGOULAT),siret_insee,Lanester,bardage,bardage,2,4.7,18,Couvreur,https://cgcouverture56.fr/,https://www.google.com/maps/place/CG+Couverture+-+Couvreur+-+Zinguerie+-+Toiture/data=!4m7!3m6!1s0x48dad419d81d1f01:0x4b411a0d6f18a07!8m2!3d47.7626794!4d-3.3200578!16s%2Fg%2F11t_lj_jp4!19sChIJAR8d2BnU2kgRB4rx1qARtAQ?authuser=0&hl=fr&rclk=1,43.91B,87782394800014,2019-10-04,NN
ec423f68-0c73-4311-9238-27b32839bf83,Couverture Olivier,0619572893,contact@couverture-olivier.com,high,,,,,Fréjus,bardage,bardage,1,5.0,24,Couvreur,https://www.couverture-olivier.com/?utm_source=gmb,https://www.google.com/maps/place/Couverture+Olivier/data=!4m7!3m6!1s0x12cea3a56184f59f:0x29255da8c2d622fb!8m2!3d43.4682966!4d6.5964035!16s%2Fg%2F11j49sw_d8!19sChIJn_WEYaWjzhIR-yLWwqhdJSk?authuser=0&hl=fr&rclk=1,,,,
8a7cefaa-3c2d-4f8f-91ca-c6a8e15b7fe0,couvreur Ods toiture,0605548093,contact.expert.toiture@gmail.com,medium,Laurent,Allard,LAURENT ALLARD (ALLARD),siret_insee,Roubaix,bardage,bardage,2,5.0,46,Couvreur,https://ods-toiture-maisons-alfort.fr/,https://www.google.com/maps/place/couvreur+Ods+toiture/data=!4m7!3m6!1s0x47e673688f8cbbf1:0x73dc5b79bf68b6fe!8m2!3d48.8060001!4d2.4410437!16s%2Fg%2F11ycln37f9!19sChIJ8buMj2hz5kcR_rZov3lb3HM?authuser=0&hl=fr&rclk=1,63.11Z,42476141900045,1999-10-15,42
0b4463a5-2bba-48f8-a438-f96dcca517fe,Entreprise DV,0610352081,entreprisecouverturedv@gmail.com,medium,,,,mentions_legales,Saint-Herblain,bardage,bardage,2,5.0,41,Couvreur,https://entreprisecouverturedv.fr/,https://www.google.com/maps/place/Entreprise+DV/data=!4m7!3m6!1s0x480593518e9f7b1b:0x2449ee3607154ddb!8m2!3d47.250541!4d-1.7028505!16s%2Fg%2F11m75r1qtf!19sChIJG3ufjlGTBUgR200VBzbuSSQ?authuser=0&hl=fr&rclk=1,,,,
f4574a49-75e6-43d2-8f43-d8b5a6e3bdfd,MJF BATIMENT | Entreprise générale de rénovation Clamart,0145072855,contact@mjfbatiment.com,high,Joao,Carvalho Martins,JOAO CARVALHO MARTINS (CARVALHO MARTINS),siret_insee,Clamart,bardage,bardage,2,4.6,37,Entreprise de construction,https://www.mjfbatiment.com/,https://www.google.com/maps/place/MJF+BATIMENT+%7C+Entreprise+g%C3%A9n%C3%A9rale+de+r%C3%A9novation+Clamart/data=!4m7!3m6!1s0x47e67a51b6055537:0x178d7f382104e08c!8m2!3d48.7796628!4d2.2254022!16s%2Fg%2F11c1ny81l0!19sChIJN1UFtlF65kcRjOAEITh_jRc?authuser=0&hl=fr&rclk=1,41.20A,82245149800023,2016-09-09,03
e4f47ca4-ce21-4a0b-9a59-82c0d8a10f3d,Delgado Couverture,0782105332,delgadocouverture@gmail.com,medium,Nicolas,Delgado Rojas,NICOLAS DELGADO ROJAS (DELGADO ROJAS),siret_insee,Clamart,bardage,bardage,2,4.9,34,Couvreur,http://delgado-couvertures.fr/,https://www.google.com/maps/place/Delgado+Couverture/data=!4m7!3m6!1s0x47e66491768432d1:0xd522190f9afa48a1!8m2!3d48.8007126!4d2.2661565!16s%2Fg%2F11g6p8d3g0!19sChIJ0TKEdpFk5kcRoUj6mg8ZItU?authuser=0&hl=fr&rclk=1,43.91B,80373268400029,2014-07-25,03
f142af2d-d938-4370-9f7c-3b38dc9059e6,Monsieur Store - Fenêtres - Volets - Portails - Narbonne - Courcières,0468417550,contact@monsieur-store.net,low,,,,,Narbonne,cloture,bardage,0,4.6,68,Magasin de stores et de rideaux,https://monsieurstore.com/magasin/narbonne-11100/?utm_source=google&utm_medium=organic&utm_campaign=gmb-listing,https://www.google.com/maps/place/Monsieur+Store+-+Fen%C3%AAtres+-+Volets+-+Portails+-+Narbonne+-+Courci%C3%A8res/data=!4m7!3m6!1s0x12b1acf38665f619:0x61864136b2b06007!8m2!3d43.169762!4d2.9928932!16s%2Fg%2F1v1m91np!19sChIJGfZlhvOssRIRB2CwsjZBhmE?authuser=0&hl=fr&rclk=1,,,,
0ff2ee3f-411a-4e12-ad0a-5cac5acc51ab,One Toiture,0756810607,contact@onetoiture.fr,high,Tony,Joseph,TONY JOSEPH (JOSEPH),siret_insee,Marseillan,bardage,bardage,2,4.9,72,Couvreur,https://onetoiture.fr/,https://www.google.com/maps/place/One+Toiture/data=!4m7!3m6!1s0x12b1adb99478b6d3:0xdfe351e86296c1a2!8m2!3d43.196629!4d3.01033!16s%2Fg%2F11y98j5r3j!19sChIJ07Z4lLmtsRIRosGWYuhR498?authuser=0&hl=fr&rclk=1,43.91B,79746113400026,2013-09-18,NN
ad9fdae1-d862-40f9-b411-005ab9c866db,ENDUIT FACADE NARBONNAIS,0615186205,contact@enduitfacadenarbonnais.com,high,Baki,Oztas,BAKI OZTAS,siret_insee,Coursan,bardage,bardage,2,4.9,14,Entrepreneur spécialisé dans l'isolation,http://www.enduitfacadenarbonnais.com/,https://www.google.com/maps/place/ENDUIT+FACADE+NARBONNAIS/data=!4m7!3m6!1s0x12b1a96d74c997fb:0xbe1c4748121a67f1!8m2!3d43.2289035!4d3.0464345!16s%2Fg%2F11b7k0v6l7!19sChIJ-5fJdG2psRIR8WcaEkhHHL4?authuser=0&hl=fr&rclk=1,43.99C,87846712500018,2019-10-21,03
ed6b8e63-4cd6-4f00-a134-9b615c14e17b,ADS Toitures,0467461615,contact@adstoitures.fr,high,,,,,Sète,bardage,bardage,2,4.5,40,Entrepreneur spécialisé dans l'isolation,http://www.adstoitures.fr/?utm_source=gmb,https://www.google.com/maps/place/ADS+Toitures/data=!4m7!3m6!1s0x12b14b776fe439c3:0xfae7f5608d12a934!8m2!3d43.4205603!4d3.7082174!16s%2Fg%2F11cn0qcxm6!19sChIJwznkb3dLsRIRNKkSjWD15_o?authuser=0&hl=fr&rclk=1,,,,
1c5d2fb9-0dc6-4a47-bfd6-cf240721c9cf,Entreprise Creasud Etanchéité & Piscine,0766491879,entreprise.creasud@gmail.com,medium,,,,,Narbonne,bardage,bardage,2,5.0,9,Société de construction de piscine,https://creasud-etancheite-piscine.fr/?utm_source=gmb,https://www.google.com/maps/place/Entreprise+Creasud+Etanch%C3%A9it%C3%A9+%26+Piscine/data=!4m7!3m6!1s0x12b053302ed1dff7:0xb4d1f7d101e195e3!8m2!3d43.1350004!4d2.9587065!16s%2Fg%2F11h1m56wnf!19sChIJ99_RLjBTsBIR45XhAdH30bQ?authuser=0&hl=fr&rclk=1,,,,
2bab822b-90d7-4f95-afe7-67ddcb65904f,BMC 81 GALY,0563792220,g.galy@bmc81.com,low,Web,Premiere,WEB PREMIERE,mentions_legales,Albi,bardage,bardage,2,4.7,12,Entreprise de construction métallique,https://www.bm81-construction.com/,https://www.google.com/maps/place/BMC+81+GALY/data=!4m7!3m6!1s0x12ae762e9d89e67d:0x76bda2bf0a3a0636!8m2!3d43.6743533!4d2.2272119!16s%2Fg%2F11bccd5jt7!19sChIJfeaJnS52rhIRNgY6Cr-ivXY?authuser=0&hl=fr&rclk=1,,84855185900038,,
73f8f9b8-3135-4e88-8cf0-8418bb5c9e7a,Atout Piscine Narbonne,0468937336,contact@atout-piscine.fr,high,Bruno,Bodson,Bruno Bodson,mentions_legales,Narbonne,bardage,bardage,2,4.5,120,Société de construction de piscine,https://atout-piscine.fr/,https://www.google.com/maps/place/Atout+Piscine+Narbonne/data=!4m7!3m6!1s0x12b1ace09aca844b:0xccdd65a458d0ffed!8m2!3d43.1580194!4d2.9769939!16s%2Fg%2F1pxqbjjqp!19sChIJS4TKmuCssRIR7f_QWKRl3cw?authuser=0&hl=fr&rclk=1,,,,
5784b7d5-aa2b-4e7b-b131-34ce4c32060f,Raval'Construction,0698782505,contact@ravalconstruction34.fr,high,Aneta,Aydan,ANETA AYDAN (RANGELOVA),siret_insee,Sete,bardage,bardage,2,5.0,3,Entreprise de construction,http://www.ravalconstruction34.fr/,https://www.google.com/maps/place/Raval%27Construction/data=!4m7!3m6!1s0x12b13500c7552709:0x96b45db6a096363f!8m2!3d43.4214591!4d3.7072718!16s%2Fg%2F11tgggkcjn!19sChIJCSdVxwA1sRIRPzaWoLZdtJY?authuser=0&hl=fr&rclk=1,43.99C,98506142300010,2024-01-30,NN
edc9b3e9-d089-4ff2-9076-3943b76ef33a,MENUISERIE FERTON,0321333352,sarlferton@wanadoo.fr,medium,,,,,Boulogne-sur-Mer,bardage,bardage,2,4.6,64,Entrepreneur spécialisé dans l'isolation,https://www.menuiserie-ferton.fr/,https://www.google.com/maps/place/MENUISERIE+FERTON/data=!4m7!3m6!1s0x47dc2c31a32f3abd:0x9898d9269e11e68!8m2!3d50.7389888!4d1.617333!16s%2Fg%2F1tdzf850!19sChIJvTovozEs3EcRaB7haZKNiQk?authuser=0&hl=fr&rclk=1,,39094815600034,,
c151b01d-40f0-4b68-8f1b-fb7f7875bf81,Paul Noel Artisan,0321830319,paulnoel763@gmail.com,medium,Paul,Noel,PAUL NOEL (NOEL),siret_insee,Boulogne-Sur-Mer,bardage,bardage,2,4.5,60,Couvreur,https://www.paulnoel.fr/,https://www.google.com/maps/place/Paul+Noel+Artisan/data=!4m7!3m6!1s0x47dc2c575ec3274f:0xb7b011c4f2faa7e2!8m2!3d50.7140991!4d1.6118044!16s%2Fg%2F1th7xmj4!19sChIJTyfDXlcs3EcR4qf68sQRsLc?authuser=0&hl=fr&rclk=1,43.34Z,39498392800026,1994-05-03,NN
d2e0a836-0bbf-494f-a5b3-4a09c03b83b7,Opale Façade (RGE),0321332309,contact@opale-facade.com,high,,,,,Boulogne-sur-Mer,bardage,bardage,2,4.8,22,Entrepreneur spécialisé dans l'isolation,https://www.opale-facade.com/,https://www.google.com/maps/place/Opale+Fa%C3%A7ade+%28RGE%29/data=!4m7!3m6!1s0x47dc316cba0b5a47:0xf7923e4d22c8622e!8m2!3d50.7155386!4d1.5939587!16s%2Fg%2F11s19rh50q!19sChIJR1oLumwx3EcRLmLIIk0-kvc?authuser=0&hl=fr&rclk=1,,,,
c2064dd2-2c84-459b-accb-a598d0757d39,Horus Couverture - Zinguerie,0759672907,horus.couv@gmail.com,medium,,,,,Sète,bardage,bardage,2,5.0,10,Couvreur,https://www.horus-couverture.com/,https://www.google.com/maps/place/Horus+Couverture+-+Zinguerie/data=!4m7!3m6!1s0x416d065213ecbfbd:0xd4142a504d62675c!8m2!3d43.4126456!4d3.6821919!16s%2Fg%2F11n3wrnkxm!19sChIJvb_sE1IGbUERXGdiTVAqFNQ?authuser=0&hl=fr&rclk=1,,,,
828195f6-d749-4d27-b5a6-01d911924321,Thermie France - Isolation Marquise,0321966293,contact@thermiefrance.com,high,Laurent,Neveu L,Laurent Neveu L,mentions_legales,Boulogne-sur-Mer,bardage,bardage,2,4.9,101,Entrepreneur spécialisé dans l'isolation,https://www.thermiefrance.com/,https://www.google.com/maps/place/Thermie+France+-+Isolation+Marquise/data=!4m7!3m6!1s0x47dc2c42575472a3:0x6e044567bfe38bab!8m2!3d50.825041!4d1.714196!16s%2Fg%2F11fx8jqkm8!19sChIJo3JUV0Is3EcRq4vjv2dFBG4?authuser=0&hl=fr&rclk=1,,,,
c7214a94-b5f6-41e8-be2b-ed520a0dce51,SB Construction Isolation,0763620485,sbco05260@gmail.com,medium,,,,,Gap,bardage,bardage,2,5.0,32,Entrepreneur spécialisé dans l'isolation,http://www.sb-construction05.fr/,https://www.google.com/maps/place/SB+Construction+Isolation/data=!4m7!3m6!1s0x12cb4196c4df228b:0x7a16ef2425703d2f!8m2!3d44.5648768!4d6.0912003!16s%2Fg%2F11nmm0ktst!19sChIJiyLfxJZByxIRLz1wJSTvFno?authuser=0&hl=fr&rclk=1,,,,
b24dc413-1275-49a1-8d71-9bd587624609,Normes et rénovation,0385419886,bourgogne-agence@normesrenovation.fr,high,Sylvain,Duvernoy,SYLVAIN DUVERNOY,siret_insee,Chalon-Sur-Saone,bardage,bardage,1,4.9,154,Entrepreneur spécialisé dans l'isolation,https://www.normesrenovation.fr/,https://www.google.com/maps/place/Normes+et+r%C3%A9novation/data=!4m7!3m6!1s0x47f2fb9bbb0224c5:0x68dfdb187accecf2!8m2!3d46.8099254!4d4.8527711!16s%2Fg%2F11rsh30wps!19sChIJxSQCu5v78kcR8uzMehjb32g?authuser=0&hl=fr&rclk=1,43.91B,90057169600013,2021-06-18,11
6eccbc9e-c48d-4295-86e4-c69f669fd77a,Arti Rénovation Conseil 71,0385423588,contact@sas-arc.fr,low,,,,,Chalon-sur-Saône,bardage,bardage,1,4.8,124,Entrepreneur spécialisé dans l'isolation,https://arti-renovation-conseil.fr/?utm_source=gmb,https://www.google.com/maps/place/Arti+R%C3%A9novation+Conseil+71/data=!4m7!3m6!1s0x47f2fb4e9803b771:0xd97a757f398ce072!8m2!3d46.7955716!4d4.8298731!16s%2Fg%2F11hbt754c6!19sChIJcbcDmE778kcRcuCMOX91etk?authuser=0&hl=fr&rclk=1,,,,
52816c1f-ae53-4b0b-8797-3a693eb5a62c,Heugebaert Mario,0624660285,couvreurheugebaert@gmail.com,medium,Mario,Heugebaert,Mario Heugebaert,mentions_legales,Clamart,bardage,bardage,2,4.9,49,Entrepreneur spécialisé dans l'isolation,https://www.couvreur-heugebaert.fr/,https://www.google.com/maps/place/Heugebaert+Mario/data=!4m7!3m6!1s0x47e67bc830fec50f:0x5f00d19e5548ac82!8m2!3d48.8001331!4d2.2642118!16s%2Fg%2F11tc8y7fv0!19sChIJD8X-MMh75kcRgqxIVZ7RAF8?authuser=0&hl=fr&rclk=1,,,,
718e80fc-4dbd-4a34-8a7f-0f128a792b38,ATTILA Chalon-sur-Saône,0385424636,contact@attila.fr,high,Internet.,De Même,internet. De même,mentions_legales,Chalon-sur-Saône,bardage,bardage,1,4.9,32,Couvreur,https://www.attila.fr/nos-agences/attila-chalon-sur-saone,https://www.google.com/maps/place/ATTILA+Chalon-sur-Sa%C3%B4ne/data=!4m7!3m6!1s0x47f31b0407ac66bf:0xff73daab89872fbb!8m2!3d46.6292776!4d4.8781871!16s%2Fg%2F11lcdhmbzf!19sChIJv2asBwQb80cRuy-Hiavac_8?authuser=0&hl=fr&rclk=1,,,,
b1bfb4f7-843d-4bed-b24e-5d53efb8e2ef,Technitoit Gap,0481682648,collober.v@technitoit.com,high,,,,,Gap,bardage,bardage,2,4.7,112,Entrepreneur spécialisé dans l'isolation,https://www.technitoit.com/agence/hautes-alpes-05-gap-renovation?utm_source=gmb&utm_medium=gmb,https://www.google.com/maps/place/Technitoit+Gap/data=!4m7!3m6!1s0x12cb13294a253c09:0xb0e19bc20eb609a9!8m2!3d44.4518581!4d6.0314488!16s%2Fg%2F11rbfkxzq3!19sChIJCTwlSikTyxIRqQm2DsKb4bA?authuser=0&hl=fr&rclk=1,,,,
1363eaea-b689-44ce-90e4-5a3dff1fc49d,PB Les Ateliers du Toit,0559854217,lesateliersdutoit@gmail.com,medium,Laurent,Belluchon,LAURENT BELLUCHON (BELLUCHON),siret_insee,Anglet,bardage,bardage,2,5.0,23,Entrepreneur spécialisé dans l'isolation,https://www.les-ateliers-du-toit.com/,https://www.google.com/maps/place/PB+Les+Ateliers+du+Toit/data=!4m7!3m6!1s0xd51145937e666f7:0x6a769f3d32e4600f!8m2!3d43.467851!4d-1.4967389!16s%2Fg%2F11bw2g9mqf!19sChIJ92bmN1kUUQ0RD2DkMj2fdmo?authuser=0&hl=fr&rclk=1,43.29A,79742860400038,2013-09-02,02
9d2ed802-661b-4acf-962b-5f76acf50c7c,SAS KOS,0321854943,saskos6259@gmail.com,medium,,,,,Boulogne-sur-Mer,bardage,bardage,2,4.7,62,Entrepreneur spécialisé dans l'isolation,https://www.kos-group.fr/,https://www.google.com/maps/place/SAS+KOS/data=!4m7!3m6!1s0x47dc3f77ba90e1bf:0x47a34efdf7703c58!8m2!3d50.8147848!4d1.7017453!16s%2Fg%2F11jlyhbqkw!19sChIJv-GQunc_3EcRWDxw9_1Oo0c?authuser=0&hl=fr&rclk=1,,,,
d00a3364-3934-4c57-b82c-df6143dc9844,GPPS,0563627896,eurl-gpps@orange.fr,medium,Stephane,Garcia,STEPHANE GARCIA,siret_insee,Castres,bardage,bardage,2,5.0,4,Entrepreneur spécialisé dans l'isolation,http://www.plaquiste-castres.com/,https://www.google.com/maps/place/GPPS/data=!4m7!3m6!1s0x12ae0c4d226df391:0x183a439a9033288!8m2!3d43.7918754!4d2.2363386!16s%2Fg%2F11c6w0ct9d!19sChIJkfNtIk0MrhIRiDIDqTmkgwE?authuser=0&hl=fr&rclk=1,43.31Z,52992390600018,2011-01-17,NN
73e36856-764e-4548-a6b2-cc75cee838a2,Monsieur Store Castres- ETS TECHNIC BAIE- Fenêtres- Volets- Moustiquaires- Portes- Pergolas- Portails.,0563721414,contact@monsieur-store.net,low,,,,,Castres,cloture,bardage,2,4.9,68,Magasin de stores et de rideaux,https://monsieurstore.com/magasin/castres-81100/?utm_source=google&utm_medium=organic&utm_campaign=gmb-listing,https://www.google.com/maps/place/Monsieur+Store+Castres-+ETS+TECHNIC+BAIE-+Fen%C3%AAtres-+Volets-+Moustiquaires-+Portes-+Pergolas-+Portails./data=!4m7!3m6!1s0x12ae12396c404077:0xc5bef0925c5204a0!8m2!3d43.5906028!4d2.2060248!16s%2Fg%2F1v3z_vmp!19sChIJd0BAbDkSrhIRoARSXJLwvsU?authuser=0&hl=fr&rclk=1,,,,
dc86cae7-a425-49b6-89b4-c97da4de188b,Les compagnons de melun show-room,0783404441,lescompagnonsdemelun@gmail.com,medium,Nicolas Kléber,Renaud,NICOLAS KLÉBER RENAUD,siret_insee,Melun,bardage,bardage,2,5.0,57,Couvreur,http://www.lescompagnonsdemelun.fr/,https://www.google.com/maps/place/Les+compagnons+de+melun+show-room/data=!4m7!3m6!1s0x47e5fb14add18a65:0x4c325e9677af95dc!8m2!3d48.5365393!4d2.6587151!16s%2Fg%2F11w8yfv991!19sChIJZYrRrRT75UcR3JWvd5ZeMkw?authuser=0&hl=fr&rclk=1,43.91B,92992944600011,2024-06-13,NN
dff54c9c-e14a-41d2-98f5-d8bd5b52b7fb,Caron Construction,0164376800,caronconstruction@orange.fr,medium,,,,,Melun,bardage,bardage,2,4.6,44,Entrepreneur spécialisé dans l'isolation,http://www.caron-construction.fr/,https://www.google.com/maps/place/Caron+Construction/data=!4m7!3m6!1s0x47e5fb0a269a2219:0x5d81397f80dfb3bd!8m2!3d48.5424338!4d2.6548692!16s%2Fg%2F11gyz5sjsz!19sChIJGSKaJgr75UcRvbPfgH85gV0?authuser=0&hl=fr&rclk=1,,,,
5a757c4c-a729-4516-a234-aed5ddbb79e1,Renoba,0559437714,contact@renoba.fr,high,,,,,Anglet,bardage,bardage,2,4.7,114,Entreprise de construction,http://www.renoba.fr/?utm_source=gmb,https://www.google.com/maps/place/Renoba/data=!4m7!3m6!1s0xd51419c76eb0a51:0x5b70f5f7247a1beb!8m2!3d43.4609995!4d-1.5387419!16s%2Fg%2F1tf7z0yj!19sChIJUQrrdpxBUQ0R6xt6JPf1cFs?authuser=0&hl=fr&rclk=1,,,,
b5f6f2ce-478d-4002-b7ec-7e3700f45b5b,Couvreur Zingueur FREDERIC - Charpentier - Maçonnerie - Ravalement façade 77,0659635801,contact@frederic-couverture.fr,high,Laurent,Allard,LAURENT ALLARD (ALLARD),siret_insee,Roubaix,bardage,bardage,2,4.6,161,Entrepreneur spécialisé dans l'isolation,https://www.frederic-couverture.fr/,https://www.google.com/maps/place/Couvreur+Zingueur+FREDERIC+-+Charpentier+-+Ma%C3%A7onnerie+-+Ravalement+fa%C3%A7ade+77/data=!4m7!3m6!1s0x47ef5949f536fc35:0x3a8970bc5073e751!8m2!3d48.4964352!4d2.7974247!16s%2Fg%2F11rkptqqty!19sChIJNfw29UlZ70cRUedzULxwiTo?authuser=0&hl=fr&rclk=1,63.11Z,42476141900045,1999-10-15,42
e38cfad8-98b7-45a1-9351-4812b772ed5b,Les partenaires rénovation,0188607607,contact@lespartenairesrenovation.fr,high,,,,,Corbeil-Essonnes,bardage,bardage,2,5.0,102,Entrepreneur spécialisé dans l'isolation,https://www.lespartenairesrenovation.fr/contact,https://www.google.com/maps/place/Les+partenaires+r%C3%A9novation/data=!4m7!3m6!1s0x47e5e345603b8a6f:0x6baed666ba4d47db!8m2!3d48.6186631!4d2.5642237!16s%2Fg%2F11qycy8vg8!19sChIJb4o7YEXj5UcR20dNumbWrms?authuser=0&hl=fr&rclk=1,,,,
bf8b6f48-75bb-4cf3-a74a-983f215f3170,La Maison Des Travaux Melun 77 – Rénovation & Extension de Maison,0164416178,contact@lamaisondestravaux.com,high,Est Jérôme L,Collet.,est Jérôme COLLET. L,mentions_legales,Melun,bardage,bardage,2,4.9,207,Entrepreneur spécialisé dans l'isolation,https://melun.lamaisondestravaux.com/,https://www.google.com/maps/place/La+Maison+Des+Travaux+Melun+77+%E2%80%93+R%C3%A9novation+%26+Extension+de+Maison/data=!4m7!3m6!1s0x47e5f7548b29523b:0x699619d0efe1c334!8m2!3d48.5318165!4d2.6561628!16s%2Fg%2F1tx1shcm!19sChIJO1Ipi1T35UcRNMPh79AZlmk?authuser=0&hl=fr&rclk=1,,,,
9af9f876-6ae8-4918-9fe8-7ea199d9758d,Jp Vissuzanne - Couvreur Bezons (95),0671586124,contact@couvreur-rv-95.fr,high,Laurent,Allard,LAURENT ALLARD (ALLARD),siret_insee,Roubaix,bardage,bardage,1,5.0,226,Couvreur,https://www.couvreur-rv-95.fr/,https://www.google.com/maps/place/Jp+Vissuzanne+-+Couvreur+Bezons+%2895%29/data=!4m7!3m6!1s0x47e665b8acd2ab51:0xf3065450f599ba10!8m2!3d48.9345981!4d2.2169275!16s%2Fg%2F11fjxsfpx9!19sChIJUavSrLhl5kcRELqZ9VBUBvM?authuser=0&hl=fr&rclk=1,63.11Z,42476141900045,1999-10-15,42
91bc12ea-0d7f-4f3d-868f-a6f177935323,Efitek,0321871693,padmont@efitek.fr,high,Pascal,Admont,Pascal ADMONT,mentions_legales,Boulogne-sur-Mer,bardage,bardage,2,5.0,4,Entrepreneur spécialisé dans l'isolation,http://www.efitek.fr/,https://www.google.com/maps/place/Efitek/data=!4m7!3m6!1s0x47dc2d30db12b62f:0xc2f8dd814610a39!8m2!3d50.7710359!4d1.646728!16s%2Fg%2F11b5pjt748!19sChIJL7YS2zAt3EcROQphFNiNLww?authuser=0&hl=fr&rclk=1,,,,
8be40478-4ba5-48fa-b531-9f6682d69a6e,Veranda Design,0164256590,contact@veranda-design77.fr,high,Lorentina,Da Silva Fernandes,LORENTINA DA SILVA FERNANDES (RODRIGUEZ FREITAS),siret_insee,Yebles,bardage,bardage,2,4.5,41,Atelier de menuiserie,https://www.veranda-design77.fr/,https://www.google.com/maps/place/Veranda+Design/data=!4m7!3m6!1s0x47ef549be1ea595b:0xf75fe2ba78de3385!8m2!3d48.6362705!4d2.7813164!16s%2Fg%2F1tfkvn4d!19sChIJW1nq4ZtU70cRhTPeeLriX_c?authuser=0&hl=fr&rclk=1,43.32A,49163434100037,2006-08-24,03
39a48a55-695d-4362-9782-dfff767ddbb6,AIRR,0169436003,airr@airr.fr,high,,,,,Corbeil-Essonnes,bardage,bardage,2,4.8,56,Entrepreneur spécialisé dans l'isolation,http://airr.fr/,https://www.google.com/maps/place/AIRR/data=!4m7!3m6!1s0x47e5e1660a136519:0x39df4cb09119b4e7!8m2!3d48.6268676!4d2.5168644!16s%2Fg%2F1tsr2hk8!19sChIJGWUTCmbh5UcR57QZkbBM3zk?authuser=0&hl=fr&rclk=1,,,,
e7dd0e86-22a4-4acb-92b4-bbf48578698d,Renove Concept Melun,0164879042,contact@renove-concept.com,high,,,,,Melun,bardage,bardage,2,5.0,4,Entreprise de construction,http://www.renove-concept.com/,https://www.google.com/maps/place/Renove+Concept+Melun/data=!4m7!3m6!1s0x47e5fa7f0936b23b:0x8760398e2c6935d8!8m2!3d48.5337782!4d2.6786277!16s%2Fg%2F11clwkfw02!19sChIJO7I2CX_65UcR2DVpLI45YIc?authuser=0&hl=fr&rclk=1,,,,
1e0016e6-874e-45a3-8410-8574e3845d69,TONI CAZEAUD,0756883837,couvreur.seineetmarne77@gmail.com,medium,Toni,Cazeaud,TONI CAZEAUD (CAZEAUD),siret_insee,Limeil-Brevannes,bardage,bardage,2,5.0,57,Couvreur,https://couvreur-seineetmarne77.fr/,https://www.google.com/maps/place/TONI+CAZEAUD/data=!4m7!3m6!1s0x47e5e5d563cbb68b:0xf946e20663cc30a3!8m2!3d48.5555229!4d2.5838958!16s%2Fg%2F11lqnjnzct!19sChIJi7bLY9Xl5UcRozDMYwbiRvk?authuser=0&hl=fr&rclk=1,43.39Z,42924523600022,2000-01-20,NN
26458e5a-ce91-4486-a6d2-6a4ef912d2c6,Renove Toiture,0650875483,paulrenovetoiture@gmail.com,medium,,,,,Melun,bardage,bardage,2,4.8,17,Couvreur,https://renove-toitures.fr/?utm_source=gmb,https://www.google.com/maps/place/Renove+Toiture/data=!4m7!3m6!1s0x8f7c6c81947805f1:0xf9e34cf087f7246d!8m2!3d48.6189909!4d2.9756834!16s%2Fg%2F11r_dn_2b_!19sChIJ8QV4lIFsfI8RbST3h_BM4_k?authuser=0&hl=fr&rclk=1,,,,
ad0f715b-e083-4a07-9f4a-66f3488f46fd,LB Concept,0134108440,contact.lbconcept@gmail.com,medium,,,,,Bezons,bardage,bardage,1,4.6,17,Entreprise de construction,https://www.lbconcept.net/?utm_source=gmb,https://www.google.com/maps/place/LB+Concept/data=!4m7!3m6!1s0x47e6637d7416a43d:0x569d964ca1f1f0c7!8m2!3d48.9182622!4d2.2110551!16s%2Fg%2F11flt309j0!19sChIJPaQWdH1j5kcRx_DxoUyWnVY?authuser=0&hl=fr&rclk=1,,,,
c41b6302-7ec1-4116-bc39-a1f41a38599c,Alliance Rénovation 41 Couvreur Blois,0778406003,micheletjohnny0@gmail.com,medium,,,,,Blois,bardage,bardage,2,4.9,44,Couvreur,https://www.alliance-renovation-41-artisan.fr/?utm_source=gmb,https://www.google.com/maps/place/Alliance+R%C3%A9novation+41+Couvreur+Blois/data=!4m7!3m6!1s0x47e357ad5bb78055:0x748c9e558bdf6a0e!8m2!3d47.5836663!4d1.3049515!16s%2Fg%2F11s7qsk68h!19sChIJVYC3W61X40cRDmrfi1WejHQ?authuser=0&hl=fr&rclk=1,,,,
16448f72-a50b-4726-948a-5c69c1a24f97,Michelet Matt Couverture,0626708411,mmtoiturerenov@gmail.com,medium,Matt,Michelet,MATT MICHELET (MICHELET),siret_insee,Blois,bardage,bardage,2,4.8,54,Couvreur,http://www.michelet-matt-couverture.fr/,https://www.google.com/maps/place/Michelet+Matt+Couverture/data=!4m7!3m6!1s0x47e3577599f26b39:0x96959d4e0475b4c1!8m2!3d47.5834661!4d1.3052418!16s%2Fg%2F11fj6vrkwk!19sChIJOWvymXVX40cRwbR1BE6dlZY?authuser=0&hl=fr&rclk=1,43.91B,83931862300023,2018-05-02,NN
08c1dc45-1b63-4680-ad4d-68c5de721612,ETS Grateau Couverture,0638489009,etsgrateau95@gmail.com,medium,,,,,Bezons,bardage,bardage,1,4.9,30,Couvreur,https://contact.ets-grateau.site/,https://www.google.com/maps/place/ETS+Grateau+Couverture/data=!4m7!3m6!1s0x47e665d7aacab43d:0x561a68e6db0f3b46!8m2!3d48.9291328!4d2.2143526!16s%2Fg%2F11kc3s3why!19sChIJPbTKqtdl5kcRRjsP2-ZoGlY?authuser=0&hl=fr&rclk=1,,,,
038588d6-4923-493c-94ff-1d1b05ee8826,Couvreur Bezons | Robert Couverture | Ravalement Façade & Toitures,0615855199,davybindepro@gmail.com,medium,,Robert,Robert,mentions_legales,Bezons,bardage,bardage,1,4.7,63,Couvreur,https://robertcouverture.fr/,https://www.google.com/maps/place/Couvreur+Bezons+%7C+Robert+Couverture+%7C+Ravalement+Fa%C3%A7ade+%26+Toitures/data=!4m7!3m6!1s0x47e665b62980eae1:0x54a4199c5449b8d8!8m2!3d48.9360027!4d2.210309!16s%2Fg%2F11f612x6m5!19sChIJ4eqAKbZl5kcR2LhJVJwZpFQ?authuser=0&hl=fr&rclk=1,,,,
9dbd8cae-de56-4cb7-8ad0-b6b5d918af1f,LVPE Les Vrais pros de l’Étanchéité,0641522266,lvpetancheite@outlook.com,medium,,,,,Bezons,bardage,bardage,1,4.9,32,Couvreur,https://lvpe.fr/,https://www.google.com/maps/place/LVPE+Les+Vrais+pros+de+l%E2%80%99%C3%89tanch%C3%A9it%C3%A9/data=!4m7!3m6!1s0x47e6673faf4cd4d9:0xf10997da8aa206bd!8m2!3d48.9443426!4d2.213857!16s%2Fg%2F11fjyw2hrp!19sChIJ2dRMrz9n5kcRvQaiitqXCfE?authuser=0&hl=fr&rclk=1,,,,
df204cc9-657b-42e5-bd57-3d2ff206d3e3,Bigot et Fils,0254810245,sarl.bigot@wanadoo.fr,medium,,,,,Blois,bardage,bardage,2,5.0,5,Couvreur,http://www.bigot-toiture.com/,https://www.google.com/maps/place/Bigot+et+Fils/data=!4m7!3m6!1s0x47e4bccf6b298961:0xefa39f47ecd39796!8m2!3d47.7139093!4d1.5130358!16s%2Fg%2F1tfcbgmg!19sChIJYYkpa8-85EcRlpfT7Eefo-8?authuser=0&hl=fr&rclk=1,,,,
f2421bf8-726f-4371-b05c-abce163e5d3c,Ararat,0254442675,contact@ararat41.com,low,Karen,Grigorian,KAREN GRIGORIAN (GRIGORIAN),siret_insee,Blois,bardage,bardage,2,4.6,11,Entrepreneur spécialisé dans l'isolation,http://www.ararat41-construction-renovation-blois.fr/,https://www.google.com/maps/place/Ararat/data=!4m7!3m6!1s0x47e357f3fa0cced3:0x91996f4c8458ae8!8m2!3d47.6076338!4d1.324034!16s%2Fg%2F1tq6jcd9!19sChIJ084M-vNX40cR6IpFyPSWGQk?authuser=0&hl=fr&rclk=1,43.99C,49296596700044,2006-11-20,11
1e989117-68fb-4632-93db-a8439f89b176,Dégremont rénovation Meudon,0661416693,a.degremont@hotmail.fr,medium,,,,,Meudon,bardage,bardage,2,4.9,32,Entrepreneur spécialisé dans l'isolation,https://www.renovation-meudon.fr/contact-devis-gratuit-peinture-parquet-meudon-92190-92360,https://www.google.com/maps/place/D%C3%A9gremont+r%C3%A9novation+Meudon/data=!4m7!3m6!1s0x47e67af7ef3ebb77:0xedae6115d123ab9e!8m2!3d48.8140694!4d2.2481906!16s%2Fg%2F11g_qpx1p9!19sChIJd7s-7_d65kcRnqsj0RVhru0?authuser=0&hl=fr&rclk=1,,,,
199c8cb1-2e98-457b-ac09-89186a23df6f,Allo Mario,0666894073,contact@refpro.fr,low,,Bouffart,Bouffart,mentions_legales,Rennes,chauffagiste,chauffagiste,2,4.5,137,Plombier,http://www.allomario.fr/,https://www.google.com/maps/place/Allo+Mario/data=!4m7!3m6!1s0x480ede2b3edd6663:0x11b95ca28f775e92!8m2!3d48.1084803!4d-1.6923843!16s%2Fg%2F1tx14s1k!19sChIJY2bdPiveDkgRkl53j6JcuRE?authuser=0&hl=fr&rclk=1,,,,
cbcca8d3-0829-45a6-b5ef-39b1c4b85da9,jbmlg installation vmc - reparation vmc -maintenance vmc meudon,0189705631,info@jbmlg-isolation-exerieur-meudon.com,high,,,,,Meudon,bardage,bardage,2,5.0,19,Entrepreneur spécialisé dans l'isolation,https://jbmlg-isolation-exerieur-meudon.com/,https://www.google.com/maps/place/jbmlg+installation+vmc+-+reparation+vmc+-maintenance+vmc+meudon/data=!4m7!3m6!1s0x47e67b7bfc7defff:0xbf765454a4807fc!8m2!3d48.8122686!4d2.2385083!16s%2Fg%2F11y7thv7ln!19sChIJ_-99_Ht75kcR_AdISkVl9ws?authuser=0&hl=fr&rclk=1,,,,
4d2f80f9-cdc5-4107-a31f-256f2ca82d77,CANTIN S.A.S - couverture zinguerie,0660431309,contactgabrimi@gmail.com,medium,Pierre-Elie,Gossé,Pierre-Elie Gossé,mentions_legales,Meudon,bardage,bardage,2,5.0,17,Entrepreneur spécialisé dans l'isolation,https://societe-cantin.fr/,https://www.google.com/maps/place/CANTIN+S.A.S+-+couverture+zinguerie/data=!4m7!3m6!1s0x47e67be0975c0dcf:0x5df92da714306c37!8m2!3d48.8154863!4d2.249001!16s%2Fg%2F11l2by6ff_!19sChIJzw1cl-B75kcRN2wwFKct-V0?authuser=0&hl=fr&rclk=1,,,,
461f9ec4-5e83-4212-b02c-344af883f16f,ST COUVERTURE,0601167344,stcouverture.idf@gmail.com,medium,Smiley,Toutain,SMILEY TOUTAIN,siret_insee,Bezons,bardage,bardage,1,4.9,40,Couvreur,https://st-couverture-95.fr/,https://www.google.com/maps/place/ST+COUVERTURE/data=!4m7!3m6!1s0x47e6651cabcd90b3:0x8123bec3e8a7b435!8m2!3d48.931571!4d2.2238509!16s%2Fg%2F11yldg83h3!19sChIJs5DNqxxl5kcRNbSn6MO-I4E?authuser=0&hl=fr&rclk=1,43.91B,94011489500029,2025-01-27,NN
182b6b84-63c2-4365-a47d-6a823a7eb02e,Penia P,0160651546,gmaziol@hotmail.com,medium,,,,,Melun,bardage,bardage,2,4.9,7,Couvreur,https://penia-couverture-melun.fr/,https://www.google.com/maps/place/Penia+P/data=!4m7!3m6!1s0x801704b947d1269f:0x1115f3301e91dd8b!8m2!3d48.5334617!4d2.6493572!16s%2Fg%2F11xn9c7hvm!19sChIJnybRR7kEF4ARi92RHjDzFRE?authuser=0&hl=fr&rclk=1,,,,
1b539c22-a3be-4cf4-91c2-8a936caa5788,EFR Entreprise étanchéité,0749651761,contact@efr-entreprise.fr,high,Sara Â,Erdogan,Sara ERDOGAN â,mentions_legales,Clamart,bardage,bardage,2,5.0,26,Entrepreneur spécialisé dans l'isolation,http://www.efr-entreprise.fr/,https://www.google.com/maps/place/EFR+Entreprise+%C3%A9tanch%C3%A9it%C3%A9/data=!4m7!3m6!1s0x3ddde6e312215e5:0x33edf2081e28ee32!8m2!3d48.7839784!4d2.2302685!16s%2Fg%2F11t6s8h16t!19sChIJ5RUiMW7e3QMRMu4oHgjy7TM?authuser=0&hl=fr&rclk=1,,,,
ab1874ba-db51-4f3f-aaad-94d713c1fabb,Entretien et dépannage chaudière gaz et fioul - RITTER SAV 35,0659587698,contact@rittersav.fr,high,,,,,Rennes,chauffagiste,chauffagiste,2,4.9,98,Chauffagiste,http://rittersav.fr/,https://www.google.com/maps/place/Entretien+et+d%C3%A9pannage+chaudi%C3%A8re+gaz+et+fioul+-+RITTER+SAV+35/data=!4m7!3m6!1s0x480ede2a5edf8001:0xf9554f3cc4173089!8m2!3d48.1044712!4d-1.6757993!16s%2Fg%2F11c3zn936d!19sChIJAYDfXireDkgRiTAXxDxPVfk?authuser=0&hl=fr&rclk=1,,,,
995dd6e5-f719-44b9-b53c-5941ec0caa7a,BEN ASSISTANCE 35,0637681755,ben.assistance35@gmail.com,medium,,,,,Rennes,chauffagiste,chauffagiste,2,4.8,25,Chauffagiste,http://www.benassistance92.fr/,https://www.google.com/maps/place/BEN+ASSISTANCE+35/data=!4m7!3m6!1s0x3dea2129a276f35:0x70fd94cea5c36d92!8m2!3d48.1152151!4d-1.6787976!16s%2Fg%2F11ybd4qj9_!19sChIJNW8nmhKi3gMRkm3Dpc6U_XA?authuser=0&hl=fr&rclk=1,,,,
9afafa2a-a941-4450-93eb-f01b7f79aa89,Bains & Solutions,0299691748,gerard@bainsetsolutions.fr,high,Gerard Didier Victor,Herbel,GERARD DIDIER VICTOR HERBEL (HERBEL),siret_insee,Rennes,chauffagiste,chauffagiste,2,4.9,78,Chauffagiste,http://www.bainsetsolutions.fr/,https://www.google.com/maps/place/Bains+%26+Solutions/data=!4m7!3m6!1s0x480ee14cc2809e79:0xff5ed0a506c384cc!8m2!3d48.1070549!4d-1.7290564!16s%2Fg%2F11bbwyt_hw!19sChIJeZ6AwkzhDkgRzITDBqXQXv8?authuser=0&hl=fr&rclk=1,43.22A,45173688800053,2004-01-05,02
df91321a-621e-4d2f-a313-751da3799407,Globale Energie,0760897333,globaleenergies@gmail.com,medium,Emilie,Brueziere,EMILIE BRUEZIERE,mentions_legales,Rennes,chauffagiste,chauffagiste,2,4.9,39,Chauffagiste,https://scop-globale-energie.fr/,https://www.google.com/maps/place/Globale+Energie/data=!4m7!3m6!1s0x480edf8c9135b9a5:0xfe7365176df1f4bd!8m2!3d48.0735526!4d-1.626009!16s%2Fg%2F11ff53x2n3!19sChIJpbk1kYzfDkgRvfTxbRdlc_4?authuser=0&hl=fr&rclk=1,,,,
bda6135b-8348-45d6-beb4-300bbbc25a2a,MPC Morgan Plomberie Chauffage,0763903535,mpc.plomberie@gmail.com,medium,,,,,Rennes,chauffagiste,chauffagiste,2,5.0,90,Chauffagiste,http://www.mpc-plomberie-chauffage.fr/?utm_source=gmb,https://www.google.com/maps/place/MPC+Morgan+Plomberie+Chauffage/data=!4m7!3m6!1s0x480f27bde860c057:0x62ef5fc7f81369fe!8m2!3d48.0768638!4d-1.6283192!16s%2Fg%2F11j4czcz30!19sChIJV8Bg6L0nD0gR_mkT-Mdf72I?authuser=0&hl=fr&rclk=1,,,,
c5494b57-fb3e-46cf-a9e0-065c1d4c6afd,Le Grand Plombier Chauffagiste - Salle de bain Rennes,0647886322,legrandthomas.plombier@gmail.com,medium,Simon,Et Thomas Le Grand,Simon et Thomas Le Grand,mentions_legales,Rennes,chauffagiste,chauffagiste,2,4.5,69,Chauffagiste,http://salledebainlegrandrennes.fr/,https://www.google.com/maps/place/Le+Grand+Plombier+Chauffagiste+-+Salle+de+bain+Rennes/data=!4m7!3m6!1s0x480ee087697e03d1:0x317bf50220ece384!8m2!3d48.1066566!4d-1.7426039!16s%2Fg%2F12mm8401q!19sChIJ0QN-aYfgDkgRhOPsIAL1ezE?authuser=0&hl=fr&rclk=1,,,,
5d11686a-c406-42fe-aab0-8881a0d195fa,MEN IN PAC,0221812118,contact@meninpac.fr,high,,,,,Rennes,chauffagiste,chauffagiste,2,5.0,33,Chauffagiste,https://meninpac.fr/,https://www.google.com/maps/place/MEN+IN+PAC/data=!4m7!3m6!1s0x480edfc767ef457f:0x180894b88901c35!8m2!3d48.1015018!4d-1.6312825!16s%2Fg%2F11y86vsrcd!19sChIJf0XvZ8ffDkgRNRyQiEuJgAE?authuser=0&hl=fr&rclk=1,,,,
6cd412b8-ccf2-4ed4-bdd1-5052dbba456b,Chauffage Ecoplus,0665343969,chauffage.ecoplus35@gmail.com,medium,,,,,Rennes,chauffagiste,chauffagiste,2,5.0,15,Chauffagiste,https://www.chauffage-ecoplus-rennes.fr/,https://www.google.com/maps/place/Chauffage+Ecoplus/data=!4m7!3m6!1s0x480edf70935daf2d:0xeba7bce4772fb45a!8m2!3d48.134541!4d-1.6641108!16s%2Fg%2F11rw_p4tnf!19sChIJLa9dk3DfDkgRWrQvd-S8p-s?authuser=0&hl=fr&rclk=1,,,,
ae8a83ab-8097-43f3-a018-2965afaaa396,TECHNI-MURS 41,0254745252,info@techni-murs.com,high,Chloe Camille Pauline Augustine,Tricou,CHLOE CAMILLE PAULINE AUGUSTINE TRICOU (BELLOY),siret_insee,Saint-Maur,bardage,bardage,2,5.0,67,Entrepreneur spécialisé dans l'isolation,https://www.techni-murs.com/notre-reseau/techni-murs-41/,https://www.google.com/maps/place/TECHNI-MURS+41/data=!4m7!3m6!1s0x47e4a7f85b40af03:0x27e2089f9681eda9!8m2!3d47.5685005!4d1.3666076!16s%2Fg%2F1tdfbdjb!19sChIJA69AW_in5EcRqe2Blp8I4ic?authuser=0&hl=fr&rclk=1,70.10Z,34816175300028,1988-07-01,02
5d2c5a59-dc3c-440a-a75d-e55601392bab,GROUPE M.A.,0223421773,contact@groupe-ma35.fr,high,Laurent,Allard,LAURENT ALLARD (ALLARD),siret_insee,Roubaix,chauffagiste,chauffagiste,2,4.8,40,Chauffagiste,http://groupe-ma35.fr/,https://www.google.com/maps/place/GROUPE+M.A./data=!4m7!3m6!1s0x480efa9b33a79c21:0xdf794d3081cb2951!8m2!3d48.1039758!4d-1.7278602!16s%2Fg%2F11btlntdmm!19sChIJIZynM5v6DkgRUSnLgTBNed8?authuser=0&hl=fr&rclk=1,63.11Z,42476141900045,1999-10-15,42
0a429a61-2da4-44ec-bb74-a3b7a5acad31,Genie Plomberie,0647833451,genieplomberiechauffage@gmail.com,medium,Mathis Xavier Claude,Leprince,MATHIS XAVIER CLAUDE LEPRINCE,siret_insee,Rennes,chauffagiste,chauffagiste,2,5.0,62,Chauffagiste,https://www.genieplomberie.fr/?utm_source=gmb,https://www.google.com/maps/place/Genie+Plomberie/data=!4m7!3m6!1s0x25ff5bccc8cdf285:0xa2f055b893b1a3c6!8m2!3d48.0993594!4d-1.6555685!16s%2Fg%2F11y98t195c!19sChIJhfLNyMxb_yURxqOxk7hV8KI?authuser=0&hl=fr&rclk=1,43.22A,93334133100017,2024-10-01,NN
a354076a-c515-4c02-9c83-f22d10f4d39d,Artema Chauffage Plomberie,0643760803,contact@mkpremiumauto.fr,low,Kolya,Mkhitaryan,KOLYA MKHITARYAN,siret_insee,La Saulce,chauffagiste,chauffagiste,2,5.0,34,Chauffagiste,https://artemahome.fr/,https://www.google.com/maps/place/Artema+Chauffage+Plomberie/data=!4m7!3m6!1s0x47e975b281eb6dc5:0x73b2e54f8d56a189!8m2!3d49.2393714!4d4.0337146!16s%2Fg%2F11trrhj855!19sChIJxW3rgbJ16UcRiaFWjU_lsnM?authuser=0&hl=fr&rclk=1,45.11Z,10195446900025,2026-02-09,NN
b5fc22c1-601c-431f-a309-d66ce163290c,La Maison Du Chauffage Reims,0983078687,lamaisonduchauffage@chauffage-reims.fr,low,,,,,Reims,chauffagiste,chauffagiste,2,4.6,79,Chauffagiste,https://www.lamaisonduchauffage51.fr/?utm_source=gmb,https://www.google.com/maps/place/La+Maison+Du+Chauffage+Reims/data=!4m7!3m6!1s0x47e9772ba8d2f88d:0x3fc3e5009df0f7ae!8m2!3d49.2380771!4d4.0887715!16s%2Fg%2F11h01wyly2!19sChIJjfjSqCt36UcRrvfwnQDlwz8?authuser=0&hl=fr&rclk=1,,,,
60574ff2-772f-40ce-9ff1-eb5884474fea,SOGEX RENNES,0299237443,lorient@sogex-nw.fr,high,,,,,Rennes,chauffagiste,chauffagiste,2,4.8,5,Chauffagiste,http://www.sogex-nw.fr/,https://www.google.com/maps/place/SOGEX+RENNES/data=!4m7!3m6!1s0x480edf23150bdfbd:0xe2198a8c225e02c2!8m2!3d48.1001142!4d-1.623696!16s%2Fg%2F11df3xg9dv!19sChIJvd8LFSPfDkgRwgJeIoyKGeI?authuser=0&hl=fr&rclk=1,,,,
59351366-a4d6-42d6-bbbd-f1ab157dc0ea,EM ENERGIE - Chauffagiste Reims,0326051510,contact@em-energie.fr,high,,,,,Reims,chauffagiste,chauffagiste,2,4.9,346,Chauffagiste,http://em-energie.fr/,https://www.google.com/maps/place/EM+ENERGIE+-+Chauffagiste+Reims/data=!4m7!3m6!1s0x24fb276134876e7f:0x95363c16aa8be3b5!8m2!3d49.250871!4d4.0497316!16s%2Fg%2F11t9kwym75!19sChIJf26HNGEn-yQRteOLqhY8NpU?authuser=0&hl=fr&rclk=1,,91781543300011,,
c36428e8-00a7-42b7-b655-257f388777e0,Sf Service Plombier Chauffagiste,0666107736,sf.service@yahoo.com,medium,,,,,Reims,chauffagiste,chauffagiste,2,4.8,143,Chauffagiste,http://sfservices.fr/?utm_source=gmb,https://www.google.com/maps/place/Sf+Service+Plombier+Chauffagiste/data=!4m7!3m6!1s0x47e9752a020eca4d:0xa87815b3c1a121a3!8m2!3d49.2148798!4d4.0300704!16s%2Fg%2F11fszr63yr!19sChIJTcoOAip16UcRoyGhwbMVeKg?authuser=0&hl=fr&rclk=1,,,,
bcf97aea-eafe-495f-a9a8-e57383807dcd,A.B PLOMBERIE CHAUFFAGE REIMS,0625873315,contact@abentreprise.com,high,,,,,Reims,chauffagiste,chauffagiste,2,5.0,36,Chauffagiste,http://abentreprise.com/,https://www.google.com/maps/place/A.B+PLOMBERIE+CHAUFFAGE+REIMS/data=!4m7!3m6!1s0x8ee11abff7f00ce7:0xcc036d25e83cc56f!8m2!3d49.2330941!4d4.0302335!16s%2Fg%2F11m78skjld!19sChIJ5wzw978a4Y4Rb8U86CVtA8w?authuser=0&hl=fr&rclk=1,,,,
8d9b2b32-4964-4052-941d-9d9a4f918c03,BARP,0223626628,contact@barp.fr,high,,,,,Rennes,chauffagiste,chauffagiste,2,4.5,26,Plombier,http://www.barp.fr/,https://www.google.com/maps/place/BARP/data=!4m7!3m6!1s0x480ed89560cd2ca7:0xb0d8d6266314eb29!8m2!3d48.1014525!4d-1.6287461!16s%2Fg%2F1tj4gfsp!19sChIJpyzNYJXYDkgRKesUYybW2LA?authuser=0&hl=fr&rclk=1,,,,
895f2a95-a92f-43ee-9970-5a1dcdf0a118,CPCS Cesson Plomberie Chauffage Sanitaire,0299860887,cpcsplomberie@gmail.com,medium,,,,,Rennes,chauffagiste,chauffagiste,2,4.5,24,Plombier,http://www.cpcs-plomberie-chauffage.fr/,https://www.google.com/maps/place/CPCS+Cesson+Plomberie+Chauffage+Sanitaire/data=!4m7!3m6!1s0x480ed92f2ed190bd:0xa143a4b8c7dbc99c!8m2!3d48.1163183!4d-1.6054179!16s%2Fg%2F11h4fhrf_z!19sChIJvZDRLi_ZDkgRnMnbx7ikQ6E?authuser=0&hl=fr&rclk=1,,,,
38a43520-a46e-44ab-bc52-a5a3d5ed10ee,Equinoxe Reims,0326506464,contact@algorel.fr,low,Dimitri,Both,Dimitri Both,mentions_legales,Reims,chauffagiste,chauffagiste,2,4.5,27,Fournisseur d'équipements de chauffage,https://www.bleurouge.fr/agence-equinoxe-saint-brice-courcelles,https://www.google.com/maps/place/Equinoxe+Reims/data=!4m7!3m6!1s0x47e975384be640b9:0x4084d50993bbbbf6!8m2!3d49.272312!4d3.993919!16s%2Fg%2F1tf15615!19sChIJuUDmSzh16UcR9ru7kwnVhEA?authuser=0&hl=fr&rclk=1,,,,
05bed4b2-aa56-4294-b0de-88fd51ffa76a,VIVRECO CHAMPAGNE,0750590974,commercial.eu@vivreco.fr,high,,,,,Reims,chauffagiste,chauffagiste,2,5.0,5,Chauffagiste,https://vivreco.fr/regions/fabricant-et-installateur-de-pompes-a-chaleur-en-champagne-ardenne-reims-chalons-en-champagne-troyes-epernay-charleville-mezieres-grandville/,https://www.google.com/maps/place/VIVRECO+CHAMPAGNE/data=!4m7!3m6!1s0x47e974215eb10841:0xd29e4689bd20f72f!8m2!3d49.2342136!4d4.0717543!16s%2Fg%2F11btmqycnk!19sChIJQQixXiF06UcRL_cgvYlGntI?authuser=0&hl=fr&rclk=1,,,,
a42e26b5-141a-4b0f-878b-3f8c747af416,Plombier Reims - AJ Plomberie,0631881158,ajikni@yahoo.fr,medium,,,,,Reims,chauffagiste,chauffagiste,2,4.9,19,Plombier,https://plombierreims51.fr/,https://www.google.com/maps/place/Plombier+Reims+-+AJ+Plomberie/data=!4m7!3m6!1s0x47e975be50e20439:0x9179348836b023cb!8m2!3d49.2328019!4d4.0143921!16s%2Fg%2F11nnvrl1mb!19sChIJOQTiUL516UcRyyOwNog0eZE?authuser=0&hl=fr&rclk=1,,,,
e4f284ce-2f5e-4e15-971d-dec4a4984be6,Vriet Négoce Bois,0254707106,accueil@mgsinfo.com,low,Théo,Jan,Théo Jan,mentions_legales,Blois,bardage,bardage,2,4.5,106,Magasin de materiaux de construction,http://www.vriet-negoce-bois.fr/,https://www.google.com/maps/place/Vriet+N%C3%A9goce+Bois/data=!4m7!3m6!1s0x47e4af035e4d6c4f:0xc7f6b814f32907fa!8m2!3d47.5552299!4d1.4434981!16s%2Fg%2F11btmqb14v!19sChIJT2xNXgOv5EcR-gcp8xS49sc?authuser=0&hl=fr&rclk=1,,,,
980cb08e-3bab-459a-83b2-722c9a84cb0f,Technitoit Reims,0366883677,collober.v@technitoit.com,high,,,,,Reims,chauffagiste,chauffagiste,2,4.7,267,Chauffagiste,https://www.technitoit.com/agence/marne-51-reims-renovation?utm_source=gmb&utm_medium=gmb,https://www.google.com/maps/place/Technitoit+Reims/data=!4m7!3m6!1s0x47e90b54c9d13c47:0x443c1a305fa625f9!8m2!3d49.2348051!4d4.0859492!16s%2Fg%2F11h0spzftn!19sChIJRzzRyVQL6UcR-SWmXzAaPEQ?authuser=0&hl=fr&rclk=1,,,,
e3767499-3216-4f73-9e9f-00a892712d37,DTS,0629501686,decotravauxservices@gmail.com,medium,,,,,Reims,chauffagiste,chauffagiste,2,4.5,29,Plombier,https://www.dtsrenovation.fr/,https://www.google.com/maps/place/DTS/data=!4m7!3m6!1s0x47e974f604bb1cdf:0x9ea9066a953fcb26!8m2!3d49.2645444!4d4.0552668!16s%2Fg%2F11c59xkdcz!19sChIJ3xy7BPZ06UcRJss_lWoGqZ4?authuser=0&hl=fr&rclk=1,,,,
dd973095-a1f4-4b44-aaeb-40187d5d320e,Entreprise de rénovation Reims - EURL ROZAFA,0768029451,contact.rozafa@gmail.com,medium,Jamal,Bendaoud,Jamal Bendaoud,mentions_legales,Reims,chauffagiste,chauffagiste,2,4.9,33,Plombier,https://rozafa.fr/,https://www.google.com/maps/place/Entreprise+de+r%C3%A9novation+Reims+-+EURL+ROZAFA/data=!4m7!3m6!1s0x47e975990d6f38e5:0xefe10bfae10415c9!8m2!3d49.2620978!4d4.0210523!16s%2Fg%2F11k5bq0xqb!19sChIJ5ThvDZl16UcRyRUE4foL4e8?authuser=0&hl=fr&rclk=1,,,,
5fed5530-5d32-4e2c-b501-c15b26d69d2f,Coutiez,0326820564,contact@coutiezsas.fr,high,Aurélien,Coutiez,AURÉLIEN COUTIEZ,siret_insee,Cormontreuil,chauffagiste,chauffagiste,2,4.7,50,Ramonage et entretien de chaudière et de cheminée,https://www.coutiezsas.fr/,https://www.google.com/maps/place/Coutiez/data=!4m7!3m6!1s0x47e976aa131f9cc1:0xa70f473a7a181d8f!8m2!3d49.2164577!4d4.0667261!16s%2Fg%2F1vv2rkwh!19sChIJwZwfE6p26UcRjx0YejpHD6c?authuser=0&hl=fr&rclk=1,47.78B,39933819300010,1994-10-01,11
c9116ac8-ec4a-45fd-ab6a-ea26b47dded0,Patinet Climatisation Chauffage,0326363656,contact@patinet.fr,high,,,,,Reims,chauffagiste,chauffagiste,2,4.9,194,Fournisseur d'équipements de chauffage,https://www.patinet.fr/,https://www.google.com/maps/place/Patinet+Climatisation+Chauffage/data=!4m7!3m6!1s0x47e97381f59af9a7:0xacc00902687797a5!8m2!3d49.2092779!4d4.0183956!16s%2Fg%2F1vzqrl73!19sChIJp_ma9YFz6UcRpZd3aAIJwKw?authuser=0&hl=fr&rclk=1,,,,
2c9ceaf2-e0ec-4293-8a7c-1e06d329a079,Sarl Durand Pierre,0777301669,sarldurandpierre@gmail.com,medium,Pierre,Durand,PIERRE DURAND (DURAND),siret_insee,Le Havre,chauffagiste,chauffagiste,2,5.0,22,Chauffagiste,https://www.sarldurandpierre.fr/,https://www.google.com/maps/place/Sarl+Durand+Pierre/data=!4m7!3m6!1s0x47e03bffe944bf19:0x75932a6f8755ed33!8m2!3d49.5268273!4d0.087137!16s%2Fg%2F11g4cxj17s!19sChIJGb9E6f874EcRM-1Vh28qk3U?authuser=0&hl=fr&rclk=1,43.22A,84179135300029,2018-09-03,01
fe042529-cd5b-4e57-86a4-24013a328fb6,Plomberie Moronval,0614962625,plomberie.moronval@gmail.com,medium,,,,,Reims,chauffagiste,chauffagiste,2,4.8,26,Plombier,https://www.plomberie-moronval.fr/,https://www.google.com/maps/place/Plomberie+Moronval/data=!4m7!3m6!1s0x47e975c4b6c26f73:0x595e1fd7edaaf5ba!8m2!3d49.2592661!4d4.0350302!16s%2Fg%2F11hzh811sy!19sChIJc2_CtsR16UcRuvWq7dcfXlk?authuser=0&hl=fr&rclk=1,,,,
8630116b-7af0-4294-9dfe-c9743647a722,TECHNI’GAZ76,0669369316,contact@technigaz76.fr,high,Romain Anthony Laurent,Saint Jore,ROMAIN ANTHONY LAURENT SAINT JORE (SAINT JORE),siret_insee,Le Havre,chauffagiste,chauffagiste,2,4.9,201,Chauffagiste,https://www.technigaz76.fr/,https://www.google.com/maps/place/TECHNI%E2%80%99GAZ76/data=!4m7!3m6!1s0x47e02e52acc1f9d1:0x93a8854806651a17!8m2!3d49.5268134!4d0.0871332!16s%2Fg%2F11f_dwjf_0!19sChIJ0fnBrFIu4EcRFxplBkiFqJM?authuser=0&hl=fr&rclk=1,43.22B,83282291000028,2017-09-22,03
a409c3fc-3e40-4998-9b36-9ad67c12a56c,"JCM Confort - Chauffagiste Spécialiste Pompe à chaleur, Climatisation, Chaudière",0241726738,contact@jcmconfort.fr,high,,,,,Angers,chauffagiste,chauffagiste,2,4.9,547,Chauffagiste,https://www.jcmconfort.fr/?utm_source=gmb&utm_medium=organic,"https://www.google.com/maps/place/JCM+Confort+-+Chauffagiste+Sp%C3%A9cialiste+Pompe+%C3%A0+chaleur,+Climatisation,+Chaudi%C3%A8re/data=!4m7!3m6!1s0x48087f09483b2d3b:0x18a1050fc3247258!8m2!3d47.4726506!4d-0.610438!16s%2Fg%2F1twyyy9g!19sChIJOy07SAl_CEgRWHIkww8FoRg?authuser=0&hl=fr&rclk=1",,,,
101628af-a57d-4e61-9348-b911d47e61fb,A.D.G. Angers Dépannage Gaz,0241348000,contact@axenergie.eu,high,Est Julien,Philippe,est Julien PHILIPPE,mentions_legales,Angers,chauffagiste,chauffagiste,2,4.8,1387,Chauffagiste,https://www.axenergie.eu/agences/5-angers-depannage-gaz-,https://www.google.com/maps/place/A.D.G.+Angers+D%C3%A9pannage+Gaz/data=!4m7!3m6!1s0x48087840a221eaa9:0xfd989de8c50ef2e5!8m2!3d47.4924777!4d-0.4917626!16s%2Fg%2F1tj1rg96!19sChIJqeohokB4CEgR5fIOxeidmP0?authuser=0&hl=fr&rclk=1,,,,
8522fecc-6db1-433d-9f99-aa3a3253f29f,Star Management,0749114586,starmanagement.marne@gmail.com,medium,,,,,Reims,chauffagiste,chauffagiste,2,5.0,27,Plombier,https://starmanagementplomberie.sitew.org/,https://www.google.com/maps/place/Star+Management/data=!4m7!3m6!1s0x47e975002818af69:0x2e599150f9fd21f4!8m2!3d49.2260647!4d4.0381434!16s%2Fg%2F11ydh66fp8!19sChIJaa8YKAB16UcR9CH9-VCRWS4?authuser=0&hl=fr&rclk=1,,,,
6fba552c-1dd8-4a3a-a86e-05d8e15bc17d,Les Gars des Eaux,0970723973,contact@lesgarsdeseaux.com,high,Anthony,Darrieumerlou,ANTHONY DARRIEUMERLOU,siret_insee,Nivillac,chauffagiste,chauffagiste,2,4.5,46,Plombier,https://www.lesgarsdeseaux.com/agence/solution-degats-des-eaux-maine-et-loire-49,https://www.google.com/maps/place/Les+Gars+des+Eaux/data=!4m7!3m6!1s0x4808793d83ef7c17:0x735dfdd15fcc310c!8m2!3d47.4631993!4d-0.5394221!16s%2Fg%2F11rbyjm45q!19sChIJF3zvgz15CEgRDDHMX9H9XXM?authuser=0&hl=fr&rclk=1,70.10Z,80107290100037,2014-01-27,22
2f10f400-5e73-41da-9236-98d8c97a67a8,Domos Énergie,0763743607,contact@domos-energie.fr,high,,Prébin,Prébin,mentions_legales,Reims,chauffagiste,chauffagiste,2,5.0,6,Chauffagiste,http://www.domos-energie.fr/,https://www.google.com/maps/place/Domos+%C3%89nergie/data=!4m7!3m6!1s0x47e975c03967d157:0xbc1cd603dedb2bbd!8m2!3d49.2697638!4d4.0395077!16s%2Fg%2F11st85x5pd!19sChIJV9FnOcB16UcRvSvb3gPWHLw?authuser=0&hl=fr&rclk=1,,,,
733d494e-ad28-4ec0-a741-2b0151d69808,ECS Angers,0241320218,ecs.angers@gmail.com,medium,,,,,Angers,chauffagiste,chauffagiste,2,4.7,40,Chauffagiste,https://ecs-chauffage.fr/,https://www.google.com/maps/place/ECS+Angers/data=!4m7!3m6!1s0x4808784eff39554f:0xb064353f7a505712!8m2!3d47.4799176!4d-0.5192224!16s%2Fg%2F1tdjwd60!19sChIJT1U5_054CEgREldQej81ZLA?authuser=0&hl=fr&rclk=1,,,,
8bf7a56d-8caf-41f4-b03a-a1576e9193da,IK ENERGIE,0618706504,ik.energie@hotmail.com,medium,Mohamed,Derbel,MOHAMED DERBEL,siret_insee,Les Ponts-De-Ce,chauffagiste,chauffagiste,2,5.0,9,Chauffagiste,http://www.ik-energie.fr/,https://www.google.com/maps/place/IK+ENERGIE/data=!4m7!3m6!1s0x48087fe5cca7d579:0xc5e4708f3bc583bd!8m2!3d47.437402!4d-0.5065233!16s%2Fg%2F11px2c22kj!19sChIJedWnzOV_CEgRvYPFO49w5MU?authuser=0&hl=fr&rclk=1,43.22B,89261093200022,2020-12-14,02
09775cbc-8620-44b0-9189-0affdae7880d,EFFICIENCE,0252600237,contact@efficience49.com,low,,,,,Angers,chauffagiste,chauffagiste,2,5.0,7,Chauffagiste,http://www.efficience-chauffage.com/,https://www.google.com/maps/place/EFFICIENCE/data=!4m7!3m6!1s0x48087954b9a4edb1:0x9b624294de50b323!8m2!3d47.510015!4d-0.499232!16s%2Fg%2F11n1l4p75w!19sChIJse2kuVR5CEgRI7NQ3pRCYps?authuser=0&hl=fr&rclk=1,,,,
e7f79d07-34d9-45c8-a74c-f127d0cd3069,Ambiances Flammes Magasin de Poêles-Cheminées à Angers,0272731177,contact@soluflam.fr,low,,,,,Angers,chauffagiste,chauffagiste,2,4.8,661,Fournisseur d'équipements de chauffage,https://www.ambiances-flammes.fr/?utm_source=Gmb&utm_medium=google&utm_campaign=gmb-angers,https://www.google.com/maps/place/Ambiances+Flammes+Magasin+de+Po%C3%AAles-Chemin%C3%A9es+%C3%A0+Angers/data=!4m7!3m6!1s0x4807d7e5c0318b0f:0xb47204e0abb7eb!8m2!3d47.4292037!4d-0.5419617!16s%2Fg%2F1tctl52h!19sChIJD4sxwOXXB0gR67er4ARytAA?authuser=0&hl=fr&rclk=1,,,,
4162cc86-6786-4c62-8e25-dd9563671cb4,AB Thermic 49 Pompe a chaleur-Climatisation,0750641415,ab.thermic@gmail.com,medium,,,,,Angers,chauffagiste,chauffagiste,2,4.9,49,Chauffagiste,https://abthermic.fr/,https://www.google.com/maps/place/AB+Thermic+49+Pompe+a+chaleur-Climatisation/data=!4m7!3m6!1s0x480879420c8dae6d:0x273b954ed723d993!8m2!3d47.510886!4d-0.615417!16s%2Fg%2F11fvd3_4d_!19sChIJba6NDEJ5CEgRk9kj106VOyc?authuser=0&hl=fr&rclk=1,,,,
b5471719-201a-4965-a7a7-8d30785e180a,Anjou Maine Chauffage - Pompes à chaleur - Panneaux photovoltaïques - Chaudières,0241602121,contact@amchauffage.com,high,,,,,Angers,chauffagiste,chauffagiste,2,4.6,81,Chauffagiste,https://www.amchauffage.com/,https://www.google.com/maps/place/Anjou+Maine+Chauffage+-+Pompes+%C3%A0+chaleur+-+Panneaux+photovolta%C3%AFques+-+Chaudi%C3%A8res/data=!4m7!3m6!1s0x4808791d9867b3c3:0xcc1217d8f3eea000!8m2!3d47.4878666!4d-0.545022!16s%2Fg%2F1tfkq44k!19sChIJw7NnmB15CEgRAKDu89gXEsw?authuser=0&hl=fr&rclk=1,,,,
1ac14777-6c4c-476f-b1de-4a121fe7ab43,Terra Nova,0800717897,info@terranova-france.fr,high,Sebastien,Bonnin,SEBASTIEN BONNIN,siret_insee,Ecouflant,chauffagiste,chauffagiste,2,4.3,138,Chauffagiste,https://terranova-france.fr/,https://www.google.com/maps/place/Terra+Nova/data=!4m7!3m6!1s0x480879c179ce8ac3:0xb9751bb319f3748f!8m2!3d47.5041612!4d-0.5074612!16s%2Fg%2F11gzpw52y0!19sChIJw4rOecF5CEgRj3TzGbMbdbk?authuser=0&hl=fr&rclk=1,71.12B,79505093900011,2013-09-02,12
a99561e4-1444-4997-beea-8bb86bf3e00f,Lin'ergie ( Spécialise Pompes à chaleur air/eau - air/air ),0613723047,jl.linergie@gmail.com,medium,,,,,Angers,chauffagiste,chauffagiste,2,4.5,16,Chauffagiste,https://lin-ergie.fr/?utm_source=gmb,https://www.google.com/maps/place/Lin%27ergie+%28+Sp%C3%A9cialise+Pompes+%C3%A0+chaleur+air%2Feau+-+air%2Fair+%29/data=!4m7!3m6!1s0x480879c5739dced9:0x5ed13bb3a6cceff7!8m2!3d47.4173067!4d-0.8544096!16s%2Fg%2F11pvctgb92!19sChIJ2c6dc8V5CEgR9-_MprM70V4?authuser=0&hl=fr&rclk=1,,,,
9c2d67c2-f37b-4a4a-8f82-91a40f2a79d7,Anjou Maitrise Plomberie,0607173684,contact@anjou-mp.fr,high,,,,,Angers,chauffagiste,chauffagiste,2,5.0,28,Plombier,https://anjou-mp.fr/,https://www.google.com/maps/place/Anjou+Maitrise+Plomberie/data=!4m7!3m6!1s0x4e6339837c2bc477:0xc312b6a22aca9836!8m2!3d47.3894391!4d-0.559822!16s%2Fg%2F11z3z91b9l!19sChIJd8QrfIM5Y04RNpjKKqK2EsM?authuser=0&hl=fr&rclk=1,,,,
74dbc27d-453b-471d-92c7-e935a3bf0b7c,Désembouage 49,0744415757,contact@desembouage49.fr,high,,,,,Angers,chauffagiste,chauffagiste,2,5.0,8,Chauffagiste,https://desembouage49.fr/,https://www.google.com/maps/place/D%C3%A9sembouage+49/data=!4m7!3m6!1s0xb3d55b5c80ca3b1:0x3ffa934a170f0ef3!8m2!3d47.4988834!4d-0.5802396!16s%2Fg%2F11lz3fvbn2!19sChIJsaMMyLVVPQsR8w4PF0qT-j8?authuser=0&hl=fr&rclk=1,,,,
d0eef59b-df6f-4e17-8754-334f42f12fc1,Plumas SAS,0243284355,contact@plumas.fr,high,David Robert Jean-Francois,Camus,DAVID ROBERT JEAN-FRANCOIS CAMUS,siret_insee,Le Mans,chauffagiste,chauffagiste,2,4.6,39,Chauffagiste,http://www.plumas.fr/,https://www.google.com/maps/place/Plumas+SAS/data=!4m7!3m6!1s0x47e2861070655555:0x23e5fcb5b9844b07!8m2!3d48.012623!4d0.155189!16s%2Fg%2F11hbbq2mlm!19sChIJVVVlcBCG4kcRB0uEubX85SM?authuser=0&hl=fr&rclk=1,43.22B,32441904300025,1964-01-01,11
d42dbc80-ff88-483c-9377-024a7ee27d42,Degreo,0625897427,contact@degreo.fr,high,,,,,Le Mans,chauffagiste,chauffagiste,2,4.8,57,Chauffagiste,http://www.degreo.fr/?utm_source=google&utm_medium=wix_google_business_profile&utm_campaign=14007172124593504030,https://www.google.com/maps/place/Degreo/data=!4m7!3m6!1s0x47e28597a1aba1cd:0xb96ad2c0364bc914!8m2!3d47.9841303!4d0.1580774!16s%2Fg%2F11tmg59kt7!19sChIJzaGroZeF4kcRFMlLNsDSark?authuser=0&hl=fr&rclk=1,,,,
75f2e826-0089-44f2-a6be-c5e65caf25e5,ENERGETYS,0243848015,contact@energetys.fr,high,Sébastien,Fourmond,Sébastien Fourmond,mentions_legales,Le Mans,chauffagiste,chauffagiste,2,5.0,27,Chauffagiste,https://energetys.fr/,https://www.google.com/maps/place/ENERGETYS/data=!4m7!3m6!1s0x47e28f1a4c1f9e05:0x9590be350eca0931!8m2!3d47.9629401!4d0.2134619!16s%2Fg%2F11j0hhxcx9!19sChIJBZ4fTBqP4kcRMQnKDjW-kJU?authuser=0&hl=fr&rclk=1,,,,
25028ab1-f335-469a-ac77-b5a9909d6bca,EDI - Chauffage & Climatisation - Dépannage - Installation,0767343189,contact@edi-service.fr,high,,,,,Le Mans,chauffagiste,chauffagiste,2,4.8,41,Chauffagiste,https://edi-service.fr/,https://www.google.com/maps/place/EDI+-+Chauffage+%26+Climatisation+-+D%C3%A9pannage+-+Installation/data=!4m7!3m6!1s0x47f46ebea00bf1e5:0xc4fc657a913d56b8!8m2!3d48.0203798!4d0.1671703!16s%2Fg%2F11tjmrcwv1!19sChIJ5fELoL5u9EcRuFY9kXpl_MQ?authuser=0&hl=fr&rclk=1,,,,
261919d1-dbac-4315-a802-d0f5e11e650f,AG2L,0624200378,guillaume@sarl-ag2l-lemans.fr,high,Beatrice Anne-Claire,Le Goffic,BEATRICE ANNE-CLAIRE LE GOFFIC (BENOIT),siret_insee,Le Mans,chauffagiste,chauffagiste,2,5.0,14,Plombier,https://sarl-ag2l-lemans.fr/,https://www.google.com/maps/place/AG2L/data=!4m7!3m6!1s0x47e28f755500aed1:0xca1ae72f63f3b850!8m2!3d47.982075!4d0.2249909!16s%2Fg%2F11fj2f5qg6!19sChIJ0a4AVXWP4kcRULjzYy_nGso?authuser=0&hl=fr&rclk=1,43.21A,53490953600037,2011-10-10,01
c872e158-d121-488c-bec4-3a6ad3473807,HELP Confort,0243857489,rgpd@helpconfort.com,high,Julien,Moineau,Julien Moineau,mentions_legales,Le Mans,chauffagiste,chauffagiste,2,4.8,65,Plombier,https://www.helpconfort.com/agency/82-help-confort-le-mans,https://www.google.com/maps/place/HELP+Confort/data=!4m7!3m6!1s0x47e28fc272811c69:0xdb5a54b285dac305!8m2!3d47.9933724!4d0.2152919!16s%2Fg%2F11h91lmn9w!19sChIJaRyBcsKP4kcRBcPahbJUWts?authuser=0&hl=fr&rclk=1,,,,
a15bb058-bc50-4708-bbe9-31c258a7007f,MK Plomberie,0677373355,mkplomberie@hotmail.com,medium,,,,,Le Mans,chauffagiste,chauffagiste,2,4.7,33,Chauffagiste,http://www.mk-plomberie-72.fr/,https://www.google.com/maps/place/MK+Plomberie/data=!4m7!3m6!1s0x47e288cd0ec8666b:0x590f50ad56dc3ddb!8m2!3d48.0030745!4d0.1958267!16s%2Fg%2F11bz0nch9k!19sChIJa2bIDs2I4kcR2z3cVq1QD1k?authuser=0&hl=fr&rclk=1,,,,
7c279d61-cd79-4282-8f72-8448b47b4a19,ROUVRAY Entreprise,0624062706,mattrouv@gmail.com,medium,,,,mentions_legales,Reims,chauffagiste,chauffagiste,2,4.9,83,Plombier,https://www.depannage-rouvray.fr/,https://www.google.com/maps/place/ROUVRAY+Entreprise/data=!4m7!3m6!1s0x3e2f7e43759ff3d:0xd3024e1137eaae7d!8m2!3d49.2083438!4d4.0784163!16s%2Fg%2F11pcl0qg6c!19sChIJPf9ZN-T34gMRfa7qNxFOAtM?authuser=0&hl=fr&rclk=1,,,,
8772c80f-7bec-4dcb-9fef-e485f1d618a1,Tilyo - Isolation et chauffage,0243427712,c.massal@tilyo.fr,high,Nicolas,Leroy,Nicolas Leroy,mentions_legales,Le Mans,chauffagiste,chauffagiste,2,4.7,385,Chauffagiste,https://tilyo.fr/,https://www.google.com/maps/place/Tilyo+-+Isolation+et+chauffage/data=!4m7!3m6!1s0x47e291f2580d54bb:0xa195b0fcd162eb77!8m2!3d47.9414449!4d0.228306!16s%2Fg%2F11c72l5wdy!19sChIJu1QNWPKR4kcRd-ti0fywlaE?authuser=0&hl=fr&rclk=1,,,,
455a20bf-7ae3-4c44-ab7d-d127a10db58a,Compagnie des Déboucheurs Le Mans,0757405487,contacteznous@compagnie-deboucheurs.com,high,Laurent,Allard,LAURENT ALLARD (ALLARD),siret_insee,Roubaix,chauffagiste,chauffagiste,2,5.0,534,Plombier,https://www.compagnie-deboucheurs.com/sarthe/le-mans/,https://www.google.com/maps/place/Compagnie+des+D%C3%A9boucheurs+Le+Mans/data=!4m7!3m6!1s0x47e28957c38531fd:0xabc04dfbc843fe40!8m2!3d48.0073648!4d0.1878018!16s%2Fg%2F11ry3jk6cb!19sChIJ_TGFw1eJ4kcRQP5DyPtNwKs?authuser=0&hl=fr&rclk=1,63.11Z,42476141900045,1999-10-15,42
02c04f3b-3e10-4605-a91d-ba1510aee465,Homelio,0241455076,contact@homelio.fr,high,Homelio,Photos,Homelio Photos,mentions_legales,Angers,chauffagiste,chauffagiste,2,4.8,24,Chauffagiste,http://www.homelio.fr/,https://www.google.com/maps/place/Homelio/data=!4m7!3m6!1s0x4808745b1c0d052f:0xdf4f7bd5c80298d1!8m2!3d47.4712581!4d-0.5117826!16s%2Fg%2F11h40z22n4!19sChIJLwUNHFt0CEgR0ZgCyNV7T98?authuser=0&hl=fr&rclk=1,,,,
007e5669-851a-4932-9434-5e3cccb80d8d,S EAU S Plomberie Dépannage,0687002802,s.eau.s37@gmail.com,medium,Sabrina,Vion,SABRINA VION (VION),siret_insee,Tours,chauffagiste,chauffagiste,2,4.4,149,Chauffagiste,https://www.s-eau-s-plomberie.fr/,https://www.google.com/maps/place/S+EAU+S+Plomberie+D%C3%A9pannage/data=!4m7!3m6!1s0x47fcd59295aa5ded:0x85fe539d70bbe8eb!8m2!3d47.3847133!4d0.6914118!16s%2Fg%2F11df04rf8x!19sChIJ7V2qlZLV_EcR6-i7cJ1T_oU?authuser=0&hl=fr&rclk=1,43.22A,83764344400016,2018-02-01,02
d5b9fdfc-f596-4fd7-808f-4419e509d859,IDF,0243855998,contact@idf-service.fr,high,Baptiste,Leclou,BAPTISTE LECLOU (LECLOU),siret_insee,Le Mans,chauffagiste,chauffagiste,2,4.7,12,Plombier,http://www.idf-service.fr/,https://www.google.com/maps/place/IDF/data=!4m7!3m6!1s0x47e28f52ddb89cdf:0x1c31c74b436cb901!8m2!3d47.9975367!4d0.2317836!16s%2Fg%2F11fj9cm8ry!19sChIJ35y43VKP4kcRAblsQ0vHMRw?authuser=0&hl=fr&rclk=1,43.22A,84151940800014,2018-07-12,03
55663416-4da0-4500-8ff2-e0ced8833804,Ipec,0241247870,ipecanjou@gmail.com,medium,,,,,Angers,chauffagiste,chauffagiste,2,4.7,53,Chauffagiste,https://www.ipec-energies.fr/,https://www.google.com/maps/place/Ipec/data=!4m7!3m6!1s0x48087800af2a74d3:0x5af451fd17ada2c6!8m2!3d47.4396781!4d-0.5094698!16s%2Fg%2F11gy1bbt24!19sChIJ03QqrwB4CEgRxqKtF_1R9Fo?authuser=0&hl=fr&rclk=1,,,,
7e8e344a-096d-4b73-9570-daac7f67387f,"SAV-TECH Chauffage | Plombier Chauffagiste Angers | Chaudière, Chauffe-eau, Pompe à Chaleur, Climatisation",0241662152,contact@sav-techchauffage.fr,high,Thomas,Bosse,Thomas BOSSE,mentions_legales,Angers,chauffagiste,chauffagiste,2,4.8,40,Chauffagiste,https://www.sav-techchauffage.fr/,"https://www.google.com/maps/place/SAV-TECH+Chauffage+%7C+Plombier+Chauffagiste+Angers+%7C+Chaudi%C3%A8re,+Chauffe-eau,+Pompe+%C3%A0+Chaleur,+Climatisation/data=!4m7!3m6!1s0x4807d7d44b89e02f:0x8a0a5e59b23abf15!8m2!3d47.4267702!4d-0.547492!16s%2Fg%2F11t2rcm2qq!19sChIJL-CJS9TXB0gRFb86slleCoo?authuser=0&hl=fr&rclk=1",,,,
660f15b1-078a-4749-abbd-e0d370b3d096,Heracles Énergies,0243299389,heraclesenergies@gmail.com,medium,Pierre,Lambert,PIERRE LAMBERT,siret_insee,Guecelard,chauffagiste,chauffagiste,2,4.9,109,Chauffagiste,https://www.heraclesenergies.fr/,https://www.google.com/maps/place/Heracles+%C3%89nergies/data=!4m7!3m6!1s0x47e28fe3f8723baf:0xcb43cb75354f9ce7!8m2!3d47.9001703!4d0.159224!16s%2Fg%2F11khh_8crj!19sChIJrzty-OOP4kcR55xPNXXLQ8s?authuser=0&hl=fr&rclk=1,43.22B,92250888200011,2022-12-01,02
17480bdf-999d-45e3-8b15-05f2500f0709,Entreprise Potier,0247054645,contact@potier37.fr,high,Julien,Fumoux,JULIEN FUMOUX (FUMOUX),siret_insee,Esvres,chauffagiste,chauffagiste,2,4.8,35,Chauffagiste,https://www.potier37.fr/,https://www.google.com/maps/place/Entreprise+Potier/data=!4m7!3m6!1s0x47fcd5b4ebd1a777:0x55725aa4ceaf1293!8m2!3d47.3915983!4d0.6937906!16s%2Fg%2F1tj8461z!19sChIJd6fR67TV_EcRkxKvzqRaclU?authuser=0&hl=fr&rclk=1,43.22A,83099435600012,2017-07-19,03
0b03ac03-407a-4b1b-980d-4007a7d045ca,Teploenergies,0247673922,contact@teploenergies.com,high,Simon,Lembeye,SIMON LEMBEYE,siret_insee,Mettray,chauffagiste,chauffagiste,2,4.9,161,Chauffagiste,https://teploenergies.com/,https://www.google.com/maps/place/Teploenergies/data=!4m7!3m6!1s0x8e28e40ca9b8238d:0x325561fc6774f6c0!8m2!3d47.4572966!4d0.6733125!16s%2Fg%2F11vll16xr2!19sChIJjSO4qQzkKI4RwPZ0Z_xhVTI?authuser=0&hl=fr&rclk=1,43.21A,51951659500047,2010-01-11,02
6b5943e5-81e1-4c1a-b039-30707762909d,Compagnie des Déboucheurs Indre-et-Loire,0247399126,contacteznous@compagnie-deboucheurs.com,high,Laurent,Allard,LAURENT ALLARD (ALLARD),siret_insee,Roubaix,chauffagiste,chauffagiste,2,4.9,964,Plombier,https://www.compagnie-deboucheurs.com/indre-et-loire/,https://www.google.com/maps/place/Compagnie+des+D%C3%A9boucheurs+Indre-et-Loire/data=!4m7!3m6!1s0x47fcd52683c82483:0xffa59a840ee4d706!8m2!3d47.4083342!4d0.6812656!16s%2Fg%2F11mvwr3g3c!19sChIJgyTIgybV_EcRBtfkDoSapf8?authuser=0&hl=fr&rclk=1,63.11Z,42476141900045,1999-10-15,42
c27aa2b6-e7bc-48a6-8e1a-bbb00f3681c8,AES 37 / Gaz Service Chaudière - Axenergie Tours Nord,0247408931,contact@axenergie.eu,high,Est Julien,Philippe,est Julien PHILIPPE,mentions_legales,Tours,chauffagiste,chauffagiste,2,5.0,3,Chauffagiste,https://www.axenergie.eu/agences/2-aes-37,https://www.google.com/maps/place/AES+37+%2F+Gaz+Service+Chaudi%C3%A8re+-+Axenergie+Tours+Nord/data=!4m7!3m6!1s0x47e3293046f732d7:0x3f8cb6870c14bd1c!8m2!3d47.544303!4d0.736254!16s%2Fg%2F11qntwm_28!19sChIJ1zL3RjAp40cRHL0UDIe2jD8?authuser=0&hl=fr&rclk=1,,,,
af239714-ea77-4066-8914-4b28ca72e7c0,"Gaz Service 37 / Plombier Chauffagiste, Pompe à chaleur et chaudière gaz, Tours",0247561569,contact@gazservice37.fr,high,Thomas Francois,Tanchoux,THOMAS FRANCOIS TANCHOUX,siret_insee,Monnaie,chauffagiste,chauffagiste,2,4.9,31,Chauffagiste,http://www.gazservice37.fr/,"https://www.google.com/maps/place/Gaz+Service+37+%2F+Plombier+Chauffagiste,+Pompe+%C3%A0+chaleur+et+chaudi%C3%A8re+gaz,+Tours/data=!4m7!3m6!1s0x47e32db39f40d77f:0xd11b5e504ba631a3!8m2!3d47.5012605!4d0.7887846!16s%2Fg%2F1vmr0p31!19sChIJf9dAn7Mt40cRozGmS1BeG9E?authuser=0&hl=fr&rclk=1",43.22B,44037226600021,2002-01-01,02
4f78b460-3467-4965-8ce1-2085ade6eade,Bureau Concept Habitat,0272915742,contact.bch@bureau-concept-habitat.fr,high,,,,,Le Mans,chauffagiste,chauffagiste,2,4.3,191,Chauffagiste,https://www.bureau-concept-habitat.fr/?utm_source=gmb,https://www.google.com/maps/place/Bureau+Concept+Habitat/data=!4m7!3m6!1s0x47e28ed055555555:0x9bb047e88bb62d8f!8m2!3d47.9704578!4d0.1754306!16s%2Fg%2F11h3g3q0zr!19sChIJVVVVVdCO4kcRjy22i-hHsJs?authuser=0&hl=fr&rclk=1,,,,
61fa9416-ec22-42bb-8bf7-2b83c18adf25,Aäsgard Tours - Poêle à bois - Poêle à granulés - Poêle de masse - Insert cheminée,0247273000,communication@aasgard.fr,high,,,,,Tours,chauffagiste,chauffagiste,2,4.9,498,Chauffagiste,https://www.aasgard.fr/magasins/aasgard-tours,https://www.google.com/maps/place/A%C3%A4sgard+Tours+-+Po%C3%AAle+%C3%A0+bois+-+Po%C3%AAle+%C3%A0+granul%C3%A9s+-+Po%C3%AAle+de+masse+-+Insert+chemin%C3%A9e/data=!4m7!3m6!1s0x47fcd6e30cdb6a23:0x3e05ce4799fc45a3!8m2!3d47.332413!4d0.7069129!16s%2Fg%2F11c2jpyw2r!19sChIJI2rbDOPW_EcRo0X8mUfOBT4?authuser=0&hl=fr&rclk=1,,,,
de81000e-811e-4323-9953-30f485a29fd3,Dépannage plombier 37,0672443414,aryahabitat@gmail.com,medium,,Coty,Coty,mentions_legales,Tours,chauffagiste,chauffagiste,2,5.0,168,Plombier,https://depannage-plombier-37.fr/,https://www.google.com/maps/place/D%C3%A9pannage+plombier+37/data=!4m7!3m6!1s0x47fcd565e2fffd0f:0x4178b0f7920fd35d!8m2!3d47.4264415!4d0.683512!16s%2Fg%2F11v42fclll!19sChIJD_3_4mXV_EcRXdMPkveweEE?authuser=0&hl=fr&rclk=1,,,,
bcad8127-5a87-4ae3-8633-738bc17d5ae8,Energie Plus,0247270011,energieplusldpc@gmail.com,medium,Romain,Loinard,ROMAIN LOINARD (LOINARD),siret_insee,Truyes,chauffagiste,chauffagiste,2,4.6,7,Plombier,http://www.energie-plus-37.fr/,https://www.google.com/maps/place/Energie+Plus/data=!4m7!3m6!1s0x47fcd25aa7fee8a1:0xccf433322dc63bb8!8m2!3d47.388703!4d0.7466828!16s%2Fg%2F11g6b0tdty!19sChIJoej-p1rS_EcRuDvGLTIz9Mw?authuser=0&hl=fr&rclk=1,43.22A,87913081300014,2019-12-01,02
fed925fe-f670-4537-8858-02bd00c20bcb,PPF Tours,0285521979,contact@medimmoconso.fr,low,,,,,Tours,chauffagiste,chauffagiste,2,4.7,510,Chauffagiste,https://ppf.fr/reseau-ppf/ppf-notre-reseau/agence-ppf-37-tours/,https://www.google.com/maps/place/PPF+Tours/data=!4m7!3m6!1s0x47fd29eb24b0f503:0x72a6d6c62be4e6d7!8m2!3d47.340254!4d0.629886!16s%2Fg%2F11gjx04w9s!19sChIJA_WwJOsp_UcR1-bkK8bWpnI?authuser=0&hl=fr&rclk=1,,,,
9b9e412d-997d-4b3f-8db0-419aa693611f,Daussy & Martin SARL,0360247773,entreprise.daussy@gmail.com,medium,,,,,Amiens,chauffagiste,chauffagiste,2,4.7,120,Chauffagiste,http://www.daussy-martin.fr/,https://www.google.com/maps/place/Daussy+%26+Martin+SARL/data=!4m7!3m6!1s0x47e7891245c27013:0xcbddd169ca8b6ef9!8m2!3d49.9005273!4d2.3558906!16s%2Fg%2F11f004pdjk!19sChIJE3DCRRKJ50cR-W6LymnR3cs?authuser=0&hl=fr&rclk=1,,,,
fa0d7fb6-63fd-4512-8080-23d79a581311,SAS Df,0962518985,contact@sasdf.fr,high,Freddy,Dacheux,FREDDY DACHEUX,siret_insee,Valines,chauffagiste,chauffagiste,2,5.0,3,Chauffagiste,http://www.sasdf.fr/,https://www.google.com/maps/place/SAS+Df/data=!4m7!3m6!1s0x47e783dc89be12bf:0x124a0e45db4050c2!8m2!3d49.9133758!4d2.2314512!16s%2Fg%2F11vzyc3rf6!19sChIJvxK-idyD50cRwlBA20UOShI?authuser=0&hl=fr&rclk=1,43.21A,98420369500015,2024-01-30,NN
503396cf-6753-40dc-b90e-bb44da4c53a2,Lim-Pac,0555086967,accueil@lim-pac.fr,high,Marc Jerome,Dominguez,MARC JEROME DOMINGUEZ,siret_insee,Limoges,chauffagiste,chauffagiste,3,4.5,163,Chauffagiste,https://www.lim-pac.fr/,https://www.google.com/maps/place/Lim-Pac/data=!4m7!3m6!1s0x47f9347efe28ca6f:0x8ba060c858b9090d!8m2!3d45.8852815!4d1.2767178!16s%2Fg%2F11g6b3ztf9!19sChIJb8oo_n40-UcRDQm5WMhgoIs?authuser=0&hl=fr&rclk=1,41.10B,81745003400019,2016-01-04,11
c17f1909-1719-49fa-90cb-2ed3d8f7561c,BABARIT ECO-ENERGIES,0247446032,contact@babarit-ecoenergies.fr,high,,,,,Tours,chauffagiste,chauffagiste,2,4.5,44,Chauffagiste,http://www.babarit-ecoenergies.fr/,https://www.google.com/maps/place/BABARIT+ECO-ENERGIES/data=!4m7!3m6!1s0x47fcd3c3f35c244f:0x13087f2a909db05a!8m2!3d47.4431647!4d0.7025167!16s%2Fg%2F11b8_p9qrm!19sChIJTyRc88PT_EcRWrCdkCp_CBM?authuser=0&hl=fr&rclk=1,,,,
1701e070-63d3-47d9-a8b7-0366649ccedf,LIMOUSIN DEPANNAGE,0555345458,contact@limousin-depannage.fr,low,,,,,Limoges,chauffagiste,chauffagiste,3,4.7,25,Chauffagiste,http://www.limousindepannage.wordpress.com/,https://www.google.com/maps/place/LIMOUSIN+DEPANNAGE/data=!4m7!3m6!1s0x47f93570045e2a45:0x90af6b2e7268647!8m2!3d45.8272667!4d1.2582661!16s%2Fg%2F11q1s4kswd!19sChIJRSpeBHA1-UcRR4Ym57L2Cgk?authuser=0&hl=fr&rclk=1,,,,
7af9ad29-2eda-460c-bbe0-aa3fd01e8d1e,Global Energie,0375005969,contact@global-energie.eu,high,,,,,Amiens,chauffagiste,chauffagiste,2,4.6,9,Chauffagiste,https://global-energie.eu/,https://www.google.com/maps/place/Global+Energie/data=!4m7!3m6!1s0x47e785f6d2836e0f:0x85a786b8969bc35c!8m2!3d49.9127239!4d2.3018522!16s%2Fg%2F11fsmv_zzm!19sChIJD26D0vaF50cRXMOblriGp4U?authuser=0&hl=fr&rclk=1,,,,
66849d9c-9a6b-4035-abd9-02447f2ceab5,LE PLOMBIER - MOKHBERIAN ALAIN,0670498257,leplombier.am@gmail.com,medium,Alain,Mokhberian,ALAIN MOKHBERIAN (MOKHBERIAN),siret_insee,Amiens,chauffagiste,chauffagiste,2,5.0,305,Plombier,https://leplombier-amiens.fr/,https://www.google.com/maps/place/LE+PLOMBIER+-+MOKHBERIAN+ALAIN/data=!4m7!3m6!1s0x47e7853f482310c9:0x3c44c9d6fa4984cb!8m2!3d49.8783653!4d2.279936!16s%2Fg%2F11m9sb444z!19sChIJyRAjSD-F50cRy4RJ-tbJRDw?authuser=0&hl=fr&rclk=1,43.22A,51011299800024,2009-02-01,NN
9f9acad6-312e-42f7-b0ba-874eee5fd49e,Vevaud Delta Services,0555480541,vevaud@wanadoo.fr,medium,,,,,Limoges,chauffagiste,chauffagiste,3,4.8,72,Plombier,http://www.vevaud-plomberie-electricite-limoges.fr/?utm_source=gmb,https://www.google.com/maps/place/Vevaud+Delta+Services/data=!4m7!3m6!1s0x47feca238f34a7f9:0xfdc3d7d861edca48!8m2!3d45.8744617!4d1.1782137!16s%2Fg%2F1vlk0ygb!19sChIJ-ac0jyPK_kcRSMrtYdjXw_0?authuser=0&hl=fr&rclk=1,,,,
f01247be-1707-4140-a4a5-49115c935306,H48 Plomberie Le Mans,0642782481,direction@h48.fr,high,Est,Bastien Allary Ci-Après L,est Bastien Allary ci-après l,mentions_legales,Le Mans,chauffagiste,chauffagiste,2,5.0,115,Plombier,https://www.h48.fr/,https://www.google.com/maps/place/H48+Plomberie+Le+Mans/data=!4m7!3m6!1s0x47e291cede93c8bf:0xa85b1815fdd1f741!8m2!3d48.0267156!4d0.2342972!16s%2Fg%2F11hzwh6q81!19sChIJv8iT3s6R4kcRQffR_RUYW6g?authuser=0&hl=fr&rclk=1,,,,
d0ecc88a-4b8e-4d00-b9b9-8f69fb5276dc,Novaservices,0247721894,contact@novaservices.fr,high,,Gicaillaud,Gicaillaud,mentions_legales,Tours,chauffagiste,chauffagiste,2,4.8,68,Chauffagiste,http://www.novaservices.fr/,https://www.google.com/maps/place/Novaservices/data=!4m7!3m6!1s0x47fcd5c82f44cce7:0x82ad4eada230c8bb!8m2!3d47.4369928!4d0.6979615!16s%2Fg%2F11b6djkbss!19sChIJ58xEL8jV_EcRu8gwoq1OrYI?authuser=0&hl=fr&rclk=1,,,,
76cc174a-b8a7-4a65-a367-47a0699a41ae,IDR 37 - Atelier et siège social,0247710007,audriclauzier@gmail.com,medium,,,,,Tours,chauffagiste,chauffagiste,2,4.7,251,Chauffagiste,http://idr37.fr/?utm_source=gmb,https://www.google.com/maps/place/IDR+37+-+Atelier+et+si%C3%A8ge+social/data=!4m7!3m6!1s0x47fcd3c643a12423:0x269c078c029819d8!8m2!3d47.3844022!4d0.764379!16s%2Fg%2F1tmxdy1p!19sChIJIyShQ8bT_EcR2BmYAowHnCY?authuser=0&hl=fr&rclk=1,,,,
71311e5d-0e0b-4b4f-b5a3-813665c4864a,Greenpac,0555494636,contact@greenpac.fr,high,Faical,Bougdraoui,FAICAL BOUGDRAOUI,siret_insee,Limoges,chauffagiste,chauffagiste,3,5.0,13,Chauffagiste,https://greenpac.fr/,https://www.google.com/maps/place/Greenpac/data=!4m7!3m6!1s0x47f935e88644f9a7:0xa4e1ab5916e4566f!8m2!3d45.8866138!4d1.2913163!16s%2Fg%2F11wwx44dhr!19sChIJp_lEhug1-UcRb1bkFlmr4aQ?authuser=0&hl=fr&rclk=1,43.22B,98400860700017,2024-01-19,NN
ade3ddac-6933-4c37-8fe7-260edaa9ecce,Aäsgard Limoges,0586880103,communication@aasgard.fr,high,,,,,Limoges,chauffagiste,chauffagiste,3,4.9,248,Chauffagiste,https://www.aasgard.fr/magasins/aasgard-limoges,https://www.google.com/maps/place/A%C3%A4sgard+Limoges/data=!4m7!3m6!1s0x47f935e5a24d7d43:0x5d50ca2c1c317183!8m2!3d45.8835488!4d1.2847834!16s%2Fg%2F11sgz4bc4z!19sChIJQ31NouU1-UcRg3ExHCzKUF0?authuser=0&hl=fr&rclk=1,,,,
f3d94725-eb56-41b2-95c3-ecc2054052d5,Ami Bat Renov,0555774058,contact@amibat-renov.com,high,,,,,Limoges,chauffagiste,chauffagiste,3,4.6,77,Chauffagiste,https://www.amibat-renov.com/?utm_source=gmb,https://www.google.com/maps/place/Ami+Bat+Renov/data=!4m7!3m6!1s0x47f9357f7fa2f075:0xd2cda945bbfa5d52!8m2!3d45.8808508!4d1.2645713!16s%2Fg%2F11gzs1gwnw!19sChIJdfCif381-UcRUl36u0WpzdI?authuser=0&hl=fr&rclk=1,,,,
04adc5c9-d3e8-4483-9285-392e9325c8f4,ACBP 87,0765699425,acbp.87000@gmail.com,medium,,,,,Limoges,chauffagiste,chauffagiste,3,5.0,13,Chauffagiste,http://www.acbp-87.fr/?utm_source=gmb,https://www.google.com/maps/place/ACBP+87/data=!4m7!3m6!1s0x47f9350001b931f7:0xb2fee2335b0dbb0e!8m2!3d45.8569395!4d1.2520132!16s%2Fg%2F11y8hqk6bn!19sChIJ9zG5AQA1-UcRDrsNWzPi_rI?authuser=0&hl=fr&rclk=1,,,,
15ff8ba0-96c0-40a4-b753-b6a9bcffa3a8,Ben Interieur,0627542249,ben.interieur@outlook.fr,medium,Benoit,Lermitte,BENOIT LERMITTE,siret_insee,Limoges,chauffagiste,chauffagiste,3,4.8,50,Plombier,https://www.beninterieur.fr/,https://www.google.com/maps/place/Ben+Interieur/data=!4m7!3m6!1s0x47f935bac22b7ff9:0x2ce0b3e97b82d4bc!8m2!3d45.8367762!4d1.2498656!16s%2Fg%2F11hsxdsgks!19sChIJ-X8rwro1-UcRvNSCe-mz4Cw?authuser=0&hl=fr&rclk=1,43.22A,87810610300012,2019-10-16,NN
c28fb4f2-3aea-4557-bc1f-471cb84c9e56,Tempo +,0555394031,contact.pac@tempoplus-limoges.fr,low,Laurent,David,LAURENT DAVID,siret_insee,Couzeix,chauffagiste,chauffagiste,3,5.0,17,Chauffagiste,https://www.tempoplus-plomberie.fr/contact,https://www.google.com/maps/place/Tempo+%2B/data=!4m7!3m6!1s0x40211a2b62130b61:0x549a6b9ba3deb208!8m2!3d45.8948692!4d1.1346853!16s%2Fg%2F11m5grw10t!19sChIJYQsTYisaIUARCLLeo5trmlQ?authuser=0&hl=fr&rclk=1,43.22B,94927546500019,2023-02-22,NN
85bce4aa-f0ca-4491-ab1f-0d38817aa2e9,Maciejowski Services,0555360000,contact@maciejowski.fr,high,Christophe,Argueyrolles,Christophe ARGUEYROLLES,mentions_legales,Limoges,chauffagiste,chauffagiste,3,4.3,286,Chauffagiste,https://maciejowski.fr/,https://www.google.com/maps/place/Maciejowski+Services/data=!4m7!3m6!1s0x47f93573259361e3:0xb08a59ac9bb9e3ff!8m2!3d45.8780452!4d1.2824373!16s%2Fg%2F1td7sk1y!19sChIJ42GTJXM1-UcR_-O5m6xZirA?authuser=0&hl=fr&rclk=1,,,,
efb896a2-ea20-4fcc-985b-bfd86ec9e006,Chauffage Sanitaire Catalan,0468547222,chauffage.sanitaire@cegetel.net,low,Thierry,Dousse,THIERRY DOUSSE,siret_insee,Perpignan,chauffagiste,chauffagiste,2,4.9,25,Plombier,https://chauffage-sanitaire-catalan.fr/,https://www.google.com/maps/place/Chauffage+Sanitaire+Catalan/data=!4m7!3m6!1s0x12b06fea6fb1b93f:0x2cf8681ff21ab8be!8m2!3d42.697098!4d2.9134263!16s%2Fg%2F11j3jjmbrw!19sChIJP7mxb-pvsBIRvrga8h9o-Cw?authuser=0&hl=fr&rclk=1,43.22A,38883306300067,1992-09-01,03
38392300-7a7b-478f-9678-235cea240949,Thermie gaz,0468500404,contact@axenergie.eu,high,Est Julien,Philippe,est Julien PHILIPPE,mentions_legales,Perpignan,chauffagiste,chauffagiste,2,4.8,96,Chauffagiste,https://www.axenergie.eu/agences/25-thermie-gaz,https://www.google.com/maps/place/Thermie+gaz/data=!4m7!3m6!1s0x12b06fd73e0ef889:0xff5685d7afa49658!8m2!3d42.6754382!4d2.9078705!16s%2Fg%2F1td5tb58!19sChIJifgOPtdvsBIRWJakr9eFVv8?authuser=0&hl=fr&rclk=1,,,,
d6e3d1cd-a20d-440b-b5b1-f7311f552afc,Bailloeuil SAS,0468544936,contact@bailloeuil.com,high,,,,,Perpignan,chauffagiste,chauffagiste,2,4.3,133,Chauffagiste,http://www.bailloeuil.com/,https://www.google.com/maps/place/Bailloeuil+SAS/data=!4m7!3m6!1s0x12b06e3c72077871:0xafcff2ea3d92512a!8m2!3d42.684348!4d2.881844!16s%2Fg%2F1tl1f19w!19sChIJcXgHcjxusBIRKlGSPeryz68?authuser=0&hl=fr&rclk=1,,35334090400013,,
0ac88ecf-0b29-4e4c-af06-145f34485e18,EURL Clavaud Dépannage,0603966632,clavaud.depannage@gmail.com,medium,,,,,Limoges,chauffagiste,chauffagiste,3,5.0,21,Chauffagiste,http://www.clavaud-depannage.com/,https://www.google.com/maps/place/EURL+Clavaud+D%C3%A9pannage/data=!4m7!3m6!1s0x8a789ea14bd3c465:0x5706287186b24079!8m2!3d45.835062!4d1.3832975!16s%2Fg%2F11vb5htw5h!19sChIJZcTTS6GeeIoReUCyhnEoBlc?authuser=0&hl=fr&rclk=1,,,,
1249c2ae-65ef-42ab-bb17-8db0802c27e3,IPC-Travaux,0616680336,ychekli@ipc-travaux.fr,high,,,,,Perpignan,chauffagiste,chauffagiste,2,4.5,46,Chauffagiste,http://www.ipc-travaux.fr/,https://www.google.com/maps/place/IPC-Travaux/data=!4m7!3m6!1s0x4801a84cdc0d80d1:0xf7902921004d912e!8m2!3d42.6832616!4d2.8717453!16s%2Fg%2F11xbkwv71!19sChIJ0YAN3EyoAUgRLpFNACEpkPc?authuser=0&hl=fr&rclk=1,,,,
961bcf26-5fbb-4fb2-b819-cdc16e2dd571,Air Force Chauffage,0782013916,airforcechauffage@gmail.com,medium,,,,,Perpignan,chauffagiste,chauffagiste,2,4.6,16,Chauffagiste,http://www.air-force-chauffage.fr/?utm_source=gmb,https://www.google.com/maps/place/Air+Force+Chauffage/data=!4m7!3m6!1s0x12b072152fa89a11:0x25d1f2a6d2244f13!8m2!3d42.6550759!4d2.8383504!16s%2Fg%2F11fzp632jl!19sChIJEZqoLxVysBIRE08k0qby0SU?authuser=0&hl=fr&rclk=1,,,,
3a21a2b8-245c-4329-82fa-fcc630871262,SARL MARC PLOMBERIE : CHAUFFAGE - CLIMATISATION - PHOTOVOLTAÏQUE,0468853717,marcplomberie@wanadoo.fr,medium,Mathieu,Marc,MATHIEU MARC,siret_insee,Toulouges,chauffagiste,chauffagiste,2,4.9,33,Chauffagiste,https://www.marc-plomberie.fr/,https://www.google.com/maps/place/SARL+MARC+PLOMBERIE+:+CHAUFFAGE+-+CLIMATISATION+-+PHOTOVOLTA%C3%8FQUE/data=!4m7!3m6!1s0x12b07271eebf4d53:0xf5ebb606c28084eb!8m2!3d42.6638226!4d2.8318071!16s%2Fg%2F11fswbbjxz!19sChIJU02_7nFysBIR64SAwga26_U?authuser=0&hl=fr&rclk=1,43.22A,33470794000030,1986-01-01,11
7d5fb884-e448-4e3d-88a8-a8fe977509b5,Nrj Plomberie Chauffage,0468673700,contact@nrj-plomberie.com,high,Stéphane,Regnier Rédacteur En Chef,Stéphane Regnier Rédacteur en chef,mentions_legales,Perpignan,chauffagiste,chauffagiste,2,4.9,54,Chauffagiste,http://www.nrj-plomberie.com/,https://www.google.com/maps/place/Nrj+Plomberie+Chauffage/data=!4m7!3m6!1s0x12b06fb0507c1fbd:0xb8fabd74dbd29dd1!8m2!3d42.731586!4d2.9092525!16s%2Fg%2F1wjspjt0!19sChIJvR98ULBvsBIR0Z3S23S9-rg?authuser=0&hl=fr&rclk=1,,,,
453cdb1c-ff45-42a6-92e2-e330baf8afcf,O2 TOIT PERPIGNAN - Installateur de panneaux solaires & pompes à chaleur,0800222202,contact@o2toit.fr,high,Romain,Deguffroy,Romain DEGUFFROY,mentions_legales,Perpignan,chauffagiste,chauffagiste,2,4.5,44,Chauffagiste,https://o2toit.fr/nos-agences/o2-toit-perpignan/,https://www.google.com/maps/place/O2+TOIT+PERPIGNAN+-+Installateur+de+panneaux+solaires+%26+pompes+%C3%A0+chaleur/data=!4m7!3m6!1s0x12b0737c9d8994f5:0x14d8049d3c3980d5!8m2!3d42.6628158!4d2.9086909!16s%2Fg%2F11r6kngd2r!19sChIJ9ZSJnXxzsBIR1YA5PJ0E2BQ?authuser=0&hl=fr&rclk=1,,,,
52306706-cbfc-4981-b676-bc04d5594a29,GAIA L'ENERGIE DE DEMAIN,0430190746,gaialenergiededemain@gmail.com,medium,Stephane David,Lascar,STEPHANE DAVID LASCAR,siret_insee,Saleilles,chauffagiste,chauffagiste,2,4.9,111,Chauffagiste,https://www.gaialenergiededemain.fr/,https://www.google.com/maps/place/GAIA+L%27ENERGIE+DE+DEMAIN/data=!4m7!3m6!1s0x2a1e78493a750405:0x5e2363d8b3cca6ef!8m2!3d42.6536258!4d2.9427073!16s%2Fg%2F11sh47ln_v!19sChIJBQR1Okl4HioR76bMs9hjI14?authuser=0&hl=fr&rclk=1,43.22B,90126256800024,2021-07-08,03
b93df565-81ab-4cbc-b597-78e3c53dafd5,HOMEA MENUISERIE PERPIGNAN - Fenêtre-Volet-Porte-Portail-Pergola Bioclimatique,0468229311,fkilic@melizel.fr,low,Ferhat,Kiliç,FERHAT KILIÇ,siret_insee,Baho,cloture,chauffagiste,1,4.9,601,Atelier de menuiserie,https://www.homea66.fr/,https://www.google.com/maps/place/HOMEA+MENUISERIE+PERPIGNAN+-+Fen%C3%AAtre-Volet-Porte-Portail-Pergola+Bioclimatique/data=!4m7!3m6!1s0x12b06d2c83477ffd:0xbd45f62886b715cf!8m2!3d42.703263!4d2.8288627!16s%2Fg%2F11p0bm3_c4!19sChIJ_X9HgyxtsBIRzxW3hij2Rb0?authuser=0&hl=fr&rclk=1,64.20Z,90110281400018,2021-07-01,03
a95328d5-908c-4143-8e2e-2dac5b78094a,RenoSafe,0554545419,contact@renosafe.fr,high,Laurent,Allard,LAURENT ALLARD (ALLARD),siret_insee,Roubaix,chauffagiste,chauffagiste,3,5.0,72,Chauffagiste,https://www.renosafe.fr/,https://www.google.com/maps/place/RenoSafe/data=!4m7!3m6!1s0x27033f54e3d7b79f:0xd1a78251d0d1bec3!8m2!3d45.8416991!4d1.255171!16s%2Fg%2F11wqw2_d1c!19sChIJn7fX41Q_AycRw77R0FGCp9E?authuser=0&hl=fr&rclk=1,63.11Z,42476141900045,1999-10-15,42
ff79ce69-f3bd-4a30-b634-f56f63c6f18e,FA2I PLOMBERIE CHAUFFAGE,0672657151,fa2i.plomberie.chauffage@gmail.com,medium,Abdellatif,Labassi,ABDELLATIF LABASSI (LABASSI),siret_insee,Besancon,chauffagiste,chauffagiste,2,4.8,155,Plombier,http://fa2i.com/,https://www.google.com/maps/place/FA2I+PLOMBERIE+CHAUFFAGE/data=!4m7!3m6!1s0x478d638d7c59ebeb:0x9a077a7676ab240c!8m2!3d47.2247002!4d5.9747484!16s%2Fg%2F1yg56gt4b!19sChIJ6-tZfI1jjUcRDCSrdnZ6B5o?authuser=0&hl=fr&rclk=1,43.22B,78987373400014,2013-01-02,NN
d96f4d41-fd5a-41cc-b9dd-73fa8502cdde,SASU COMES,0626726158,sasucomes@gmail.com,medium,,,,,Perpignan,chauffagiste,chauffagiste,2,4.7,54,Chauffagiste,https://plomberie-comes.fr/,https://www.google.com/maps/place/SASU+COMES/data=!4m7!3m6!1s0x12b06fee6a030493:0xf5e9e1a716d4d9e6!8m2!3d42.6988586!4d2.8873306!16s%2Fg%2F11fnwdcfp1!19sChIJkwQDau5vsBIR5tnUFqfh6fU?authuser=0&hl=fr&rclk=1,,,,
6a7cb80b-4f89-49da-92bf-9e7192203d1e,Entreprise Condamine,0381889405,stecondamine@stecondamine.fr,low,Eric,Lepage,Eric LEPAGE,mentions_legales,Besançon,chauffagiste,chauffagiste,2,4.5,32,Plombier,http://www.condamine-entreprise.fr/,https://www.google.com/maps/place/Entreprise+Condamine/data=!4m7!3m6!1s0x478d62f4ab3ac7c7:0x92ef293833244173!8m2!3d47.2716793!4d6.0104326!16s%2Fg%2F1tqydd9n!19sChIJx8c6q_RijUcRc0EkMzgp75I?authuser=0&hl=fr&rclk=1,,,,
79d0c9c1-19ee-4465-9eba-a80c2af0a0c5,Water Plomberie,0549922309,waterplomberie86@gmail.com,medium,,,,,Poitiers,chauffagiste,chauffagiste,2,4.7,99,Chauffagiste,http://www.water-plomberie.fr/?utm_source=gmb,https://www.google.com/maps/place/Water+Plomberie/data=!4m7!3m6!1s0x47fdbf550c75b9dd:0x260bc868a1adf429!8m2!3d46.5722742!4d0.3569248!16s%2Fg%2F11rm_6_ksb!19sChIJ3bl1DFW__UcRKfStoWjICyY?authuser=0&hl=fr&rclk=1,,,,
af7fb479-289f-4f45-8420-175571812428,ELETER CONFORT - Menuiserie - Électricité - Climatisation - Plomberie - Photovoltaïque,0468552363,eleter@orange.fr,medium,Ercilio,Da Conceicao Goncalves,ERCILIO DA CONCEICAO GONCALVES,siret_insee,Pia,chauffagiste,chauffagiste,2,4.6,66,Plombier,http://www.eleterconfort.fr/,https://www.google.com/maps/place/ELETER+CONFORT+-+Menuiserie+-+%C3%89lectricit%C3%A9+-+Climatisation+-+Plomberie+-+Photovolta%C3%AFque/data=!4m7!3m6!1s0x12b0690db0975c5d:0x56531387153e3ac2!8m2!3d42.7317163!4d2.9088516!16s%2Fg%2F11ghpp3m2d!19sChIJXVyXsA1psBIRwjo-FYcTU1Y?authuser=0&hl=fr&rclk=1,43.22B,84468205400011,2018-11-20,11
74aae8d5-3ac9-4d54-9842-29daff2618d7,Entreprise FICHET,0549410674,contact@entreprise-fichet.com,high,Nicolas Albert Maurice,Lamaire,NICOLAS ALBERT MAURICE LAMAIRE,siret_insee,Poitiers,chauffagiste,chauffagiste,2,4.6,45,Chauffagiste,http://www.entreprise-fichet.com/,https://www.google.com/maps/place/Entreprise+FICHET/data=!4m7!3m6!1s0x47fdbe08d82e16cd:0x6b06f5b9a6d5c231!8m2!3d46.5547231!4d0.2960898!16s%2Fg%2F1tc_dmjt!19sChIJzRYu2Ai-_UcRMcLVprn1Bms?authuser=0&hl=fr&rclk=1,43.22B,32688032500039,1968-01-01,11
a32967bd-fcce-4c52-9314-9e20dc1f04c2,Isole Plus Energies,0963420597,contact@isoleplus.com,low,,,,,Besançon,chauffagiste,chauffagiste,2,4.5,27,Chauffagiste,http://www.isole-plus.fr/?utm_source=gmb,https://www.google.com/maps/place/Isole+Plus+Energies/data=!4m7!3m6!1s0x478d7d337b6c0d99:0xde2e777508532b77!8m2!3d47.2450036!4d6.0109454!16s%2Fg%2F11c3k2vhr4!19sChIJmQ1sezN9jUcRdytTCHV3Lt4?authuser=0&hl=fr&rclk=1,,,,
35fddaa3-e0c2-4f70-84f0-5aedd51dd745,Thermic Assistance,0549528117,contact@thermic-assistance.fr,high,Julien,Dury,Julien DURY,mentions_legales,Poitiers,chauffagiste,chauffagiste,2,4.8,126,Chauffagiste,https://thermic-assistance.fr/,https://www.google.com/maps/place/Thermic+Assistance/data=!4m7!3m6!1s0x47fdb9d792b55941:0x411d1246e6a17be8!8m2!3d46.6036982!4d0.3273039!16s%2Fg%2F1hc4ljs94!19sChIJQVm1kte5_UcR6Huh5kYSHUE?authuser=0&hl=fr&rclk=1,,,,
5632c5b0-0915-42ea-869e-3fb6c82cf9fd,"CALORECO : chauffagiste, concessionnaire exclusif JOTUL",0381573486,diagnostic@caloreco.fr,high,,,,,Besançon,chauffagiste,chauffagiste,2,4.6,437,Chauffagiste,http://www.caloreco.fr/,"https://www.google.com/maps/place/CALORECO+:+chauffagiste,+concessionnaire+exclusif+JOTUL/data=!4m7!3m6!1s0x478d63928e41ec13:0x547495b4efb6513b!8m2!3d47.2245327!4d5.9697848!16s%2Fg%2F11btltjd0y!19sChIJE-xBjpJjjUcRO1G277SVdFQ?authuser=0&hl=fr&rclk=1",,,,
973e2693-c3d3-4bb1-a523-c1bc8f3e254d,RPS86,0651038987,contact@rps86.com,high,,,,,Poitiers,chauffagiste,chauffagiste,2,5.0,86,Chauffagiste,http://www.rps86.com/,https://www.google.com/maps/place/RPS86/data=!4m7!3m6!1s0x47fdbf001319c9b3:0xcebaf83246da9a2!8m2!3d46.5913494!4d0.3535547!16s%2Fg%2F11vzdpg44s!19sChIJs8kZEwC__UcRoqltJIOv6ww?authuser=0&hl=fr&rclk=1,,,,
67121254-c7d2-4a60-9ecf-3bf60fa10425,Aäsgard Poitiers - Poêle à bois - Poêle à granulés - Poêle de masse - Insert cheminée,0549003310,communication@aasgard.fr,high,,,,,Poitiers,chauffagiste,chauffagiste,2,4.9,386,Chauffagiste,https://www.aasgard.fr/magasins/aasgard-poitiers,https://www.google.com/maps/place/A%C3%A4sgard+Poitiers+-+Po%C3%AAle+%C3%A0+bois+-+Po%C3%AAle+%C3%A0+granul%C3%A9s+-+Po%C3%AAle+de+masse+-+Insert+chemin%C3%A9e/data=!4m7!3m6!1s0x47fd9572c9cbe21b:0x2a1ceadbd78b6b1e!8m2!3d46.5532855!4d0.3049974!16s%2Fg%2F11hkc7bm9t!19sChIJG-LLyXKV_UcRHmuL19vqHCo?authuser=0&hl=fr&rclk=1,,,,
f16e84b2-164d-4577-a8b4-1742b63b092d,"SAS Migh 25, Maintenance Immobilière Générale de l'Habitat",0381269420,contact@migh-25.fr,high,Marc,Humilier,Marc Humilier,mentions_legales,Besançon,chauffagiste,chauffagiste,2,4.6,59,Plombier,https://migh-25.fr/,"https://www.google.com/maps/place/SAS+Migh+25,+Maintenance+Immobili%C3%A8re+G%C3%A9n%C3%A9rale+de+l%27Habitat/data=!4m7!3m6!1s0x478d7d337b6c0dc1:0xf82f2adc0fc263dd!8m2!3d47.2638537!4d6.0365242!16s%2Fg%2F11ggbckhz3!19sChIJwQ1sezN9jUcR3WPCD9wqL_g?authuser=0&hl=fr&rclk=1",,,,
57b3d747-2b18-43d1-a932-89d39da7594d,"BCD Concept - Plombier et Électricien à Poitiers / Peintre, Pose de Sol, Cloisons sèches.",0633616283,contact@bcd-concept.com,low,,,,,Poitiers,chauffagiste,chauffagiste,2,5.0,7,Plombier,http://bcd-concept-86.com/,"https://www.google.com/maps/place/BCD+Concept+-+Plombier+et+%C3%89lectricien+%C3%A0+Poitiers+%2F+Peintre,+Pose+de+Sol,+Cloisons+s%C3%A8ches./data=!4m7!3m6!1s0x47fdbf72c63e231b:0xdc63341691fb50a4!8m2!3d46.5722663!4d0.3572294!16s%2Fg%2F11w39rzkp3!19sChIJGyM-xnK__UcRpFD7kRY0Y9w?authuser=0&hl=fr&rclk=1",,,,
eeb02906-692a-48a4-b97d-25b7a7c5703c,"EMR - Installation, entretien, dépannage pompe à chaleur, chaudière et climatisation La Rochelle",0546347918,contatc@emr-solutions.fr,high,,,,,La Rochelle,chauffagiste,chauffagiste,2,4.8,90,Chauffagiste,https://www.emr-solutions.fr/,"https://www.google.com/maps/place/EMR+-+Installation,+entretien,+d%C3%A9pannage+pompe+%C3%A0+chaleur,+chaudi%C3%A8re+et+climatisation+La+Rochelle/data=!4m7!3m6!1s0x480153a0f3b1de97:0x13513db247b94f41!8m2!3d46.1636924!4d-1.1598363!16s%2Fg%2F11ckqrlfft!19sChIJl96x86BTAUgRQU-5R7I9URM?authuser=0&hl=fr&rclk=1",,,,
5a55300b-d250-4271-93c1-1eedc318f36a,"FEDAIR - Installation, entretien, dépannage pompe à chaleur et climatisation Lagord",0536404887,stephane.fedair@gmail.com,medium,Stephane Jacky Alain,Adam,STEPHANE JACKY ALAIN ADAM,siret_insee,Lagord,chauffagiste,chauffagiste,2,4.8,30,Chauffagiste,https://www.fedair.fr/,"https://www.google.com/maps/place/FEDAIR+-+Installation,+entretien,+d%C3%A9pannage+pompe+%C3%A0+chaleur+et+climatisation+Lagord/data=!4m7!3m6!1s0xa8448b3795c1eab5:0xffb043022b8ad20a!8m2!3d46.1404055!4d-1.1587424!16s%2Fg%2F11tf7dxgv0!19sChIJterBlTeLRKgRCtKKKwJDsP8?authuser=0&hl=fr&rclk=1",43.22B,91909129800019,2022-09-01,01
92a89872-1936-4f7f-b401-d0e683ba4706,AD Plus Plomberie dépannage,0549378433,adsservices.day@gmail.com,medium,,,,,Poitiers,chauffagiste,chauffagiste,2,4.7,51,Chauffagiste,http://www.adplusplomberie.fr/?utm_source=gmb,https://www.google.com/maps/place/AD+Plus+Plomberie+d%C3%A9pannage/data=!4m7!3m6!1s0x47fdbd0b03196195:0x4a59d1fe0d446ddf!8m2!3d46.60311!4d0.359058!16s%2Fg%2F11n0lvkkb_!19sChIJlWEZAwu9_UcR321EDf7RWUo?authuser=0&hl=fr&rclk=1,,,,
1f28ec4e-e50e-4499-ac6d-3c7a6f3735ef,AC Rénovation et Energie,0783085734,ahcene.chamek@yahoo.fr,medium,Ahcene,Chamek,AHCENE CHAMEK,siret_insee,Poitiers,chauffagiste,chauffagiste,2,5.0,31,Plombier,https://www.ac-renovation86.fr/,https://www.google.com/maps/place/AC+R%C3%A9novation+et+Energie/data=!4m7!3m6!1s0x47fdbf1c21d9c8d1:0xa53182e29810ba0a!8m2!3d46.5781!4d0.385813!16s%2Fg%2F11rkbt2rhb!19sChIJ0cjZIRy__UcRCroQmOKCMaU?authuser=0&hl=fr&rclk=1,43.22B,94113312600016,2025-02-01,NN
be46b170-b8ea-473e-b32d-557142e65346,Eco Solutions - Climatisation & Pompe à chaleur La Rochelle,0952083333,contact@eco-solutions-17.fr,high,,,,,La Rochelle,chauffagiste,chauffagiste,2,4.8,165,Chauffagiste,http://eco-solutions-17.fr/?utm_source=gmb,https://www.google.com/maps/place/Eco+Solutions+-+Climatisation+%26+Pompe+%C3%A0+chaleur+La+Rochelle/data=!4m7!3m6!1s0x4801530a7d53c3e7:0x4e107110ef9767c6!8m2!3d46.1635395!4d-1.0962821!16s%2Fg%2F11fn1wx49t!19sChIJ58NTfQpTAUgRxmeX7xBxEE4?authuser=0&hl=fr&rclk=1,,,,
2cc9c727-1f96-4b22-9a80-f3cdf48c3292,Moreira-Petit SARL - Plomberie/Chauffage,0549019808,moreira-petit@orange.fr,medium,,Moreira,Moreira,mentions_legales,Poitiers,chauffagiste,chauffagiste,2,4.5,15,Chauffagiste,https://moreirapetit86.fr/,https://www.google.com/maps/place/Moreira-Petit+SARL+-+Plomberie%2FChauffage/data=!4m7!3m6!1s0x47fdbd60ca587a43:0x91da380cd8a77bd7!8m2!3d46.6035866!4d0.3548565!16s%2Fg%2F11nlcdpdwl!19sChIJQ3pYymC9_UcR13un2Aw42pE?authuser=0&hl=fr&rclk=1,,,,
f01e416b-7cbb-43c5-8835-f36a20c0a59a,Maxithermie,0546560097,contact@maxithermie.com,high,,,,,La Rochelle,chauffagiste,chauffagiste,2,4.8,25,Fournisseur d'équipements de chauffage,https://maxithermie.com/,https://www.google.com/maps/place/Maxithermie/data=!4m7!3m6!1s0x48014d87b207cd5f:0x6f47a098a5be44b9!8m2!3d46.16119!4d-1.1045324!16s%2Fg%2F1tg78dx2!19sChIJX80HsodNAUgRuUS-pZigR28?authuser=0&hl=fr&rclk=1,,,,
5d6b3d0b-8aed-4a96-865c-4ede5c6e195e,Energy Habitat,0233423243,contact@energy-habitat.fr,high,,,,,Cherbourg-en-Cotentin,chauffagiste,chauffagiste,2,4.9,114,Chauffagiste,https://www.energy-habitat.fr/?utm_source=gmb,https://www.google.com/maps/place/Energy+Habitat/data=!4m7!3m6!1s0x480c984a65614c31:0x7a70743ae6c44e23!8m2!3d49.6309986!4d-1.6009235!16s%2Fg%2F11btlq1m0l!19sChIJMUxhZUqYDEgRI07E5jp0cHo?authuser=0&hl=fr&rclk=1,,,,
05bbe16d-481e-45bf-9117-4beef0659bcd,Compagnie des Déboucheurs Charente-Maritime,0546425697,contacteznous@compagnie-deboucheurs.com,high,Laurent,Allard,LAURENT ALLARD (ALLARD),siret_insee,Roubaix,chauffagiste,chauffagiste,2,5.0,1489,Plombier,https://www.compagnie-deboucheurs.com/charente-maritime/,https://www.google.com/maps/place/Compagnie+des+D%C3%A9boucheurs+Charente-Maritime/data=!4m7!3m6!1s0x4806b37ba1d6b3a5:0x3e637e626fa6d545!8m2!3d46.2092057!4d-1.1001915!16s%2Fg%2F11j5lx12kq!19sChIJpbPWoXuzBkgRRdWmb2J-Yz4?authuser=0&hl=fr&rclk=1,63.11Z,42476141900045,1999-10-15,42
2b658ab0-05f6-46e8-8de0-7cc39ef393bc,PPF La Rochelle,0535546391,contact@medimmoconso.fr,low,,,,,La Rochelle,chauffagiste,chauffagiste,2,4.9,324,Chauffagiste,https://ppf.fr/reseau-ppf/ppf-notre-reseau/agence-ppf-17-la-rochelle/,https://www.google.com/maps/place/PPF+La+Rochelle/data=!4m7!3m6!1s0x48015501174342e3:0x1673a7168dfc60fa!8m2!3d46.1669573!4d-1.2048379!16s%2Fg%2F11gs_bynvt!19sChIJ40JDFwFVAUgR-mD8jRancxY?authuser=0&hl=fr&rclk=1,,,,
5a063f93-a504-4e9f-98d4-93cc95a17e9f,Smart Enr,0468871960,direction@smartenr.fr,high,,,,,Perpignan,chauffagiste,chauffagiste,2,5.0,41,Plombier,http://www.smartenr.fr/?utm_source=gmb,https://www.google.com/maps/place/Smart+Enr/data=!4m7!3m6!1s0x12b06f34d7141c23:0x9e2bde0a07046fc!8m2!3d42.6831385!4d2.8658545!16s%2Fg%2F11l5p3chs5!19sChIJIxwU1zRvsBIR_EZwoOC94gk?authuser=0&hl=fr&rclk=1,,,,
5290fc3a-143d-486f-8470-a1bcd21b7dd6,Dépannage plomberie 25,0674133384,depanageplomberie25@gmail.com,medium,Kader,Roukeb,Kader ROUKEB,mentions_legales,Besançon,chauffagiste,chauffagiste,2,4.7,139,Plombier,http://www.depannage-plomberie.eu/,https://www.google.com/maps/place/D%C3%A9pannage+plomberie+25/data=!4m7!3m6!1s0x478d7ddd339ca721:0x522261e2d4ac9a4e!8m2!3d47.2735774!4d6.1154076!16s%2Fg%2F11nz3n0_kd!19sChIJIaecM919jUcRTpqs1OJhIlI?authuser=0&hl=fr&rclk=1,,,,
a4866c4e-b0f4-4907-829d-2a7e3b3dee92,Eleconome,0601203217,contact@eleconome.fr,high,Samuel,Oguer,SAMUEL OGUER (OGUER),siret_insee,Poitiers,chauffagiste,chauffagiste,2,4.8,24,Chauffagiste,http://eleconome.fr/,https://www.google.com/maps/place/Eleconome/data=!4m7!3m6!1s0x47fdbde2da21eb49:0x1014614b31baba04!8m2!3d46.6022884!4d0.3282872!16s%2Fg%2F12ls_3fm8!19sChIJSesh2uK9_UcRBLq6MUthFBA?authuser=0&hl=fr&rclk=1,43.21A,84250043100015,2018-09-01,01
6ca0d0d9-3d22-4c25-8789-980786e0987b,Thermie d'OC,0448140830,bureau@thermiedoc.fr,high,Florence,Mayer,FLORENCE MAYER (MALLER),siret_insee,Beziers,chauffagiste,chauffagiste,2,4.9,43,Chauffagiste,https://www.thermiedoc.fr/,https://www.google.com/maps/place/Thermie+d%27OC/data=!4m7!3m6!1s0x12b10f1fd03b646f:0xf2e6f987b11521de!8m2!3d43.3743993!4d3.3046236!16s%2Fg%2F11fmmw687d!19sChIJb2Q70B8PsRIR3iEVsYf55vI?authuser=0&hl=fr&rclk=1,43.22B,85216340100015,2019-07-01,02
476a1a1d-d263-47af-9b83-f30f209e6578,MULTINERGIE,0467935134,contact@multinergie.fr,high,Julien,Bort,JULIEN BORT,siret_insee,Beziers,chauffagiste,chauffagiste,2,4.8,486,Chauffagiste,http://www.multinergie.fr/,https://www.google.com/maps/place/MULTINERGIE/data=!4m7!3m6!1s0x12b10e7f40064d43:0x2fb80e47582d19f9!8m2!3d43.3675042!4d3.2161067!16s%2Fg%2F11b6d7xff0!19sChIJQ00GQH8OsRIR-RktWEcOuC8?authuser=0&hl=fr&rclk=1,43.22B,53092393700029,2011-03-04,12
3be5271a-c539-4b4c-8238-7f7a3906a7ae,Fita & cie,0467284919,fitafioul@fita.fr,high,,,,,Béziers,chauffagiste,chauffagiste,2,4.6,85,Magasin de bois de chauffage,http://www.fita.fr/,https://www.google.com/maps/place/Fita+%26+cie/data=!4m7!3m6!1s0x12b10c329c213f41:0xb04612107c3e395!8m2!3d43.3767536!4d3.2159533!16s%2Fg%2F1tgctyd8!19sChIJQT8hnDIMsRIRlePDByFhBAs?authuser=0&hl=fr&rclk=1,,52852967000010,,
669e70c0-7d03-4df7-a18c-f566164b1a2c,Le Petit Plombier,0688803286,jra@live.fr,medium,Ryade,Janfaoui,RYADE JANFAOUI,siret_insee,Saint-Nazaire,chauffagiste,chauffagiste,2,4.9,573,Plombier,https://www.le-petit-plombier.fr/,https://www.google.com/maps/place/Le+Petit+Plombier/data=!4m7!3m6!1s0x480568acea551a85:0x11babaed95b44842!8m2!3d47.3004996!4d-2.2759271!16s%2Fg%2F11cs6nm7t_!19sChIJhRpV6qxoBUgRQki0le26uhE?authuser=0&hl=fr&rclk=1,43.22A,53759074700037,2011-11-02,NN
878502e5-7acb-4123-98c3-482309a92f2f,Technique Gaz,0240223302,technique.gaz@wanadoo.fr,medium,Jean-Marc,Canard,JEAN-MARC CANARD,siret_insee,Saint-Nazaire,chauffagiste,chauffagiste,2,4.6,23,Chauffagiste,https://www.technique-gaz-st-nazaire.fr/,https://www.google.com/maps/place/Technique+Gaz/data=!4m7!3m6!1s0x480565910a788c03:0x72189c3848c9bf0!8m2!3d47.2766123!4d-2.2231365!16s%2Fg%2F11r74hm8ng!19sChIJA4x4CpFlBUgR8JuMhMOJIQc?authuser=0&hl=fr&rclk=1,43.22B,42194540300036,1999-01-01,03
b6b2acec-1e7a-4518-adcd-972587242a3b,RPC SAINT NAZAIRE,0240660227,contact@rpc-pontchateau.fr,low,Fabien,Rault,Fabien Rault,mentions_legales,Saint-Nazaire,chauffagiste,chauffagiste,2,5.0,3,Chauffagiste,https://www.rpc-plomberie.com/,https://www.google.com/maps/place/RPC+SAINT+NAZAIRE/data=!4m7!3m6!1s0x4805672ca8732d21:0xbfaede4a8e25be28!8m2!3d47.2827454!4d-2.2557643!16s%2Fg%2F11yqqrw12k!19sChIJIS1zqCxnBUgRKL4ljkrerr8?authuser=0&hl=fr&rclk=1,,,,
9e68eb39-f311-47f1-a010-edca16ce245b,Equip ENR,0434531459,contact@equipenr.fr,high,Sylvain,Soulet,SYLVAIN SOULET,siret_insee,Beziers,chauffagiste,chauffagiste,2,4.8,17,Fournisseur d'équipements de chauffage,https://www.equipenr.fr/,https://www.google.com/maps/place/Equip+ENR/data=!4m7!3m6!1s0x12b10e08c4856797:0x70fdc9dcaa52b477!8m2!3d43.3567452!4d3.2463622!16s%2Fg%2F11f2v54g4s!19sChIJl2eFxAgOsRIRd7RSqtzJ_XA?authuser=0&hl=fr&rclk=1,43.22B,83051584700010,2017-06-01,01
8c168fa7-6e25-4d4d-9144-2db44454421a,gentill.fr,0651062118,contact@gentill.fr,high,Cyril,Chevreau,CYRIL CHEVREAU,siret_insee,Bourges,chauffagiste,chauffagiste,2,5.0,6,Chauffagiste,https://gentill.fr/,https://www.google.com/maps/place/gentill.fr/data=!4m7!3m6!1s0xaa1d473b4730e47d:0x9aaea8abf72a909f!8m2!3d47.0871761!4d2.3990953!16s%2Fg%2F11yzbnwjry!19sChIJfeQwRztHHaoRn5Aq96uorpo?authuser=0&hl=fr&rclk=1,43.22A,94196009800015,2025-10-01,NN
24e433b1-309d-4935-836d-b7b68af4c5ab,"Pbs services ( plombier, chauffagiste, serrurier)",0767623662,plombierbeziersservice@gmail.com,medium,,,,,Béziers,chauffagiste,chauffagiste,2,4.8,160,Chauffagiste,https://pbsservicesplomberie.com/,"https://www.google.com/maps/place/Pbs+services+%28+plombier,+chauffagiste,+serrurier%29/data=!4m7!3m6!1s0x12b10fc917d2904b:0x2dccf97db98484e1!8m2!3d43.3391875!4d3.2244529!16s%2Fg%2F11m9q7vl3b!19sChIJS5DSF8kPsRIR4YSEuX35zC0?authuser=0&hl=fr&rclk=1",,,,
0fd84b5a-46b4-4250-a21c-9575a8537ef7,Technitoit Bourges,0249883412,collober.v@technitoit.com,high,,,,,Bourges,chauffagiste,chauffagiste,2,4.4,210,Chauffagiste,https://www.technitoit.com/agence/cher-18-bourges/?utm_source=google&utm_medium=gmb,https://www.google.com/maps/place/Technitoit+Bourges/data=!4m7!3m6!1s0x47fa97c46e7b4b2b:0xd30df58f1d8facb2!8m2!3d47.0971871!4d2.4610945!16s%2Fg%2F1v44db7q!19sChIJK0t7bsSX-kcRsqyPHY_1DdM?authuser=0&hl=fr&rclk=1,,,,
f7c1bbb4-49b2-4e95-8aba-ca233848c6ae,MEH ÉNERGIES BOURGES,0979033134,contact.mehenergies@gmail.com,medium,,,,,Bourges,chauffagiste,chauffagiste,2,5.0,105,Chauffagiste,https://www.monexperthabitat.com/?utm_source=google&utm_medium=organic&utm_campaign=gbp&utm_content=bourges,https://www.google.com/maps/place/MEH+%C3%89NERGIES+BOURGES/data=!4m7!3m6!1s0x47fabd46371a6aab:0xe618c06d0b1234b3!8m2!3d47.1178025!4d2.4146413!16s%2Fg%2F11ldq0cw_c!19sChIJq2oaN0a9-kcRszQSC23AGOY?authuser=0&hl=fr&rclk=1,,,,
e926296a-80ad-4c53-a053-16ba21b8856a,Chauffagiste Béziers - ITEM CHAUFFAGE,0499478298,contact@item-chauffage.fr,high,Mr,Valentin Rodriguez,Mr Valentin Rodriguez,mentions_legales,Béziers,chauffagiste,chauffagiste,2,4.9,105,Chauffagiste,http://www.item-chauffage.fr/,https://www.google.com/maps/place/Chauffagiste+B%C3%A9ziers+-+ITEM+CHAUFFAGE/data=!4m7!3m6!1s0x12b173235e368693:0xff49f8859002a491!8m2!3d43.3293756!4d3.2519197!16s%2Fg%2F11pv7jyy3_!19sChIJk4Y2XiNzsRIRkaQCkIX4Sf8?authuser=0&hl=fr&rclk=1,,,,
3190a00e-b186-4b73-8dfa-00cf12041ff6,B.I. Plomberie & Chauffage,0783405986,instalplomberie@gmail.com,medium,,,,,Neuilly-sur-Seine,chauffagiste,chauffagiste,2,5.0,18,Plombier,https://www.instalplomberie.fr/,https://www.google.com/maps/place/B.I.+Plomberie+%26+Chauffage/data=!4m7!3m6!1s0x2a3eddb0fbf01c05:0xcb8b5e1c5dd53014!8m2!3d48.883569!4d2.272084!16s%2Fg%2F11vz7jl_02!19sChIJBRzw-7DdPioRFDDVXRxei8s?authuser=0&hl=fr&rclk=1,,,,
0b92b96e-dc2a-4903-ad5b-030e5ed948c8,Berry Climat - plombier chauffage climatisation,0636907080,berry.climat@gmail.com,medium,,,,,Bourges,chauffagiste,chauffagiste,2,4.9,49,Chauffagiste,http://www.berry-climat.fr/,https://www.google.com/maps/place/Berry+Climat+-+plombier+chauffage+climatisation/data=!4m7!3m6!1s0x47fabad5489310d5:0xcf4b41fc4bf094fa!8m2!3d47.0990615!4d2.4448096!16s%2Fg%2F11c5bkpbyg!19sChIJ1RCTSNW6-kcR-pTwS_xBS88?authuser=0&hl=fr&rclk=1,,,,
da532db0-57fa-430f-b428-69df583eda8b,R Clima Concept,0658821038,contact@rclimaconcept.fr,high,,,,,Bourges,chauffagiste,chauffagiste,2,5.0,45,Chauffagiste,https://www.rclimaconcept.fr/,https://www.google.com/maps/place/R+Clima+Concept/data=!4m7!3m6!1s0x47fabdb43dbbc981:0x4735fda136b81b45!8m2!3d47.1142152!4d2.4182235!16s%2Fg%2F11n0dp_fst!19sChIJgcm7PbS9-kcRRRu4NqH9NUc?authuser=0&hl=fr&rclk=1,,,,
f50a9a17-f022-4773-8119-fa50520a1a60,Mano L'Eau,0665990640,mlplomberie18@gmail.com,medium,,,,,Bourges,chauffagiste,chauffagiste,2,5.0,34,Plombier,https://manoleau-plomberie.fr/?utm_medium=referral&utm_source=gmb&utm_campaign=lnk-gmb,https://www.google.com/maps/place/Mano+L%27Eau/data=!4m7!3m6!1s0x482d1b4ff026be5:0xc9685c62363629f6!8m2!3d47.1090592!4d2.3864089!16s%2Fg%2F11xdth0jzb!19sChIJ5WsC_7TRggQR9ik2NmJcaMk?authuser=0&hl=fr&rclk=1,,,,
875e83e4-1f03-4846-a3c9-afe2ba9f3230,Plombier BTP,0146376275,renovinterieur92@outlook.fr,medium,,,,,Neuilly-sur-Seine,chauffagiste,chauffagiste,2,5.0,4,Plombier,https://plombier-btp.com/,https://www.google.com/maps/place/Plombier+BTP/data=!4m7!3m6!1s0x47e66566ad3996e3:0xe05242847f33ba7e!8m2!3d48.8836475!4d2.2779494!16s%2Fg%2F11g6ms2hph!19sChIJ45Y5rWZl5kcRfrozf4RCUuA?authuser=0&hl=fr&rclk=1,,,,
0c166ec1-1d17-4d26-abf0-e12cbd259811,ADRÉ Energies - Plombier - Pompe à chaleur - Saint Nazaire - La Baule,0240459371,contact@adre-energies.fr,high,Antoine,Turpeau,ANTOINE TURPEAU,siret_insee,Trignac,chauffagiste,chauffagiste,2,5.0,15,Plombier,http://www.adre-energies.fr/,https://www.google.com/maps/place/ADR%C3%89+Energies+-+Plombier+-+Pompe+%C3%A0+chaleur+-+Saint+Nazaire+-+La+Baule/data=!4m7!3m6!1s0x480565d0744bd85d:0x318e746e7d7d1eb4!8m2!3d47.3092249!4d-2.1912263!16s%2Fg%2F11fvpgq11f!19sChIJXdhLdNBlBUgRtB59fW50jjE?authuser=0&hl=fr&rclk=1,43.22A,43320351000030,2000-10-26,11
1f30dbfc-4c58-400b-86b3-d4742bc0e555,Eco Conseil,0386243479,accueil@ecoconseil-energie.com,high,Responsables,De La,Responsables de la,mentions_legales,Bourges,chauffagiste,chauffagiste,2,4.6,71,Chauffagiste,http://www.ecoconseil-energie.com/contact,https://www.google.com/maps/place/Eco+Conseil/data=!4m7!3m6!1s0x47fa969b2f2c0ead:0x29224a711b1255f2!8m2!3d47.10578!4d2.37869!16s%2Fg%2F11gzs15lw6!19sChIJrQ4sL5uW-kcR8lUSG3FKIik?authuser=0&hl=fr&rclk=1,,79056651700096,,
5d5d7171-9e26-4928-9602-f061b951b01e,MyEnergie,0248691167,contact@movetoweb.fr,low,Quentin,Blondeau,QUENTIN BLONDEAU,siret_insee,Levet,chauffagiste,chauffagiste,2,4.9,101,Chauffagiste,https://groupmyenergie.fr/,https://www.google.com/maps/place/MyEnergie/data=!4m7!3m6!1s0x47fa95a790b48081:0xd2feea570fe7909a!8m2!3d47.0800966!4d2.4020685!16s%2Fg%2F11tmhy40mh!19sChIJgYC0kKeV-kcRmpDnD1fq_tI?authuser=0&hl=fr&rclk=1,62.01Z,91020386800013,2022-02-02,NN
7bfe7915-1867-4998-a5eb-bde3c19289db,SPServices33,0771237711,spservices33contact@gmail.com,medium,,,,,Pessac,chauffagiste,chauffagiste,2,4.9,9,Plombier,https://spservices33.com/?utm_source=gmb,https://www.google.com/maps/place/SPServices33/data=!4m7!3m6!1s0x473d4233df886905:0x62f4fbe32e83c58d!8m2!3d44.7979496!4d-0.6819224!16s%2Fg%2F11ytllvjf6!19sChIJBWmI3zNCPUcRjcWDLuP79GI?authuser=0&hl=fr&rclk=1,,,,
ac3d40c5-105a-4eb4-8635-9fb4daa3ca57,Sofinther,0556123774,contact@sofinther.fr,high,,,,,Pessac,chauffagiste,chauffagiste,2,4.7,31,Magasin de chaudières,http://www.sofinther.fr/,https://www.google.com/maps/place/Sofinther/data=!4m7!3m6!1s0xd54d750c3f26777:0x9e3d20a600d57c16!8m2!3d44.77744!4d-0.665782!16s%2Fg%2F1q62gd293!19sChIJd2fyw1DXVA0RFnzVAKYgPZ4?authuser=0&hl=fr&rclk=1,,,,
d1b2dab3-4d93-4b2f-ac4c-8dda3a8e56a5,RICHARDSON : SANITAIRE- CHAUFFAGE - PLOMBERIE - PHOTOVOLTAÏQUE,0556796969,standard.ac@richardson.fr,high,,,,,Pessac,chauffagiste,chauffagiste,2,4.5,4,Magasin de matériel de plomberie,https://www.richardson.fr/tous-les-magasins/agence/bordeaux-pessac,https://www.google.com/maps/place/RICHARDSON+:+SANITAIRE-+CHAUFFAGE+-+PLOMBERIE+-+PHOTOVOLTA%C3%8FQUE/data=!4m7!3m6!1s0xd54d90d0328e0a7:0x9159eb8032a188d!8m2!3d44.7787515!4d-0.6671507!16s%2Fg%2F11j31_n78g!19sChIJp-AoAw3ZVA0RjRgqA7ieFQk?authuser=0&hl=fr&rclk=1,,,,
72d47b22-f651-496a-ae3f-142a746567fe,Garcia Plomberie Services,0624103655,contact@garcia-plomberie.fr,low,Michael,Garcia,MICHAEL GARCIA (GARCIA),siret_insee,Lyon,chauffagiste,chauffagiste,2,5.0,120,Chauffagiste,https://www.renovation-rge.com/,https://www.google.com/maps/place/Garcia+Plomberie+Services/data=!4m7!3m6!1s0x47f4c3acf47569af:0x22bf0773affd1b!8m2!3d45.7156543!4d4.8936052!16s%2Fg%2F11m6jyhnfw!19sChIJr2l19KzD9EcRG_2vcwe_IgA?authuser=0&hl=fr&rclk=1,43.22B,88233281000028,2020-02-22,01
f9649c03-42fd-45ec-aaf9-779e8b4b3d45,La Main d'Eau,0661689360,lamaindeau@gmail.com,medium,,,,,Pessac,chauffagiste,chauffagiste,2,5.0,31,Chauffagiste,https://lamaindeau.com/,https://www.google.com/maps/place/La+Main+d%27Eau/data=!4m7!3m6!1s0xa194d600589f6abb:0x2febf71fe506e11d!8m2!3d44.7940625!4d-0.6776801!16s%2Fg%2F11pv3s8ns_!19sChIJu2qfWADWlKERHeEG5R_36y8?authuser=0&hl=fr&rclk=1,,,,
fb0a7cf3-dd4f-4c0a-b35c-7b7dd5d58be2,DMP Plomberie,0983095009,hello@dmp-plomberie.com,high,,,,mentions_legales,Vénissieux,chauffagiste,chauffagiste,2,4.8,120,Plombier,https://www.dmp-plomberie.com/,https://www.google.com/maps/place/DMP+Plomberie/data=!4m7!3m6!1s0x47f4c19ed857fec3:0x3217aa7bcdd05b7a!8m2!3d45.7058605!4d4.8720151!16s%2Fg%2F11fkss19xq!19sChIJw_5X2J7B9EcRelvQzXuqFzI?authuser=0&hl=fr&rclk=1,,,,
d5af4b31-a088-45f8-9fdc-600035c40a3b,Thermo-sun,0646531881,thermosun@hotmail.fr,medium,Nom,Et Prénom Du Professionnel,Nom et prénom du professionnel,mentions_legales,Bourges,chauffagiste,chauffagiste,2,5.0,10,Fournisseur d'équipements de chauffage,https://thermosun-bourges.fr/,https://www.google.com/maps/place/Thermo-sun/data=!4m7!3m6!1s0x47fa95ad1fb7138f:0x6a2a76bf23addaf1!8m2!3d47.061855!4d2.3908659!16s%2Fg%2F11gsb8qfm2!19sChIJjxO3H62V-kcR8dqtI792Kmo?authuser=0&hl=fr&rclk=1,,,,
d9f0a592-475a-4185-8800-33c7c0bb58f5,DMP ENERGIE,0623254973,rgpd@dmp-energie.com,high,,,,mentions_legales,Vénissieux,chauffagiste,chauffagiste,2,5.0,34,Chauffagiste,https://www.dmp-energie.com/,https://www.google.com/maps/place/DMP+ENERGIE/data=!4m7!3m6!1s0x47f4c35602047d7d:0x7f7c3152a2f04f5f!8m2!3d45.7059758!4d4.8717509!16s%2Fg%2F11ss6v1jdp!19sChIJfX0EAlbD9EcRX0_wolIxfH8?authuser=0&hl=fr&rclk=1,,,,
1de72533-c941-4c39-ab56-42b61932b48e,QUALIDETEC RHONE ALPES,0472333344,contact@qualidetec.fr,high,Raymond,Renaud,Raymond RENAUD,mentions_legales,Vénissieux,chauffagiste,chauffagiste,2,4.8,33,Plombier,https://qualidetec.fr/,https://www.google.com/maps/place/QUALIDETEC+RHONE+ALPES/data=!4m7!3m6!1s0x47f48d527a9b28cb:0xef4b6a930ccb273e!8m2!3d45.7063315!4d4.8721584!16s%2Fg%2F11hzn3p0gv!19sChIJyyibelKN9EcRPifLDJNqS-8?authuser=0&hl=fr&rclk=1,,,,
058330bd-c416-421f-a482-b469c5be6ce0,Cano,0478755557,info@ss2i.com,low,,,,,Vénissieux,chauffagiste,chauffagiste,2,5.0,3,Plombier,http://ets-cano.fr/,https://www.google.com/maps/place/Cano/data=!4m7!3m6!1s0x47f4c1e0838e5c93:0x4f3d87d822bd1ad7!8m2!3d45.7099696!4d4.8671586!16s%2Fg%2F1th7xpwp!19sChIJk1yOg-DB9EcR1xq9ItiHPU8?authuser=0&hl=fr&rclk=1,,,,
91815cee-8f54-4602-b6a0-10118b365bf8,Alouette Thermique,0556945110,courrieralouette.thermique@gmail.com,medium,,,,,Pessac,chauffagiste,chauffagiste,2,4.5,43,Service de réparation de chaudières,http://www.alouette-thermique.fr/,https://www.google.com/maps/place/Alouette+Thermique/data=!4m7!3m6!1s0xd54d99f8bfb5009:0x755a40ab127b5f4!8m2!3d44.7957475!4d-0.6709731!16s%2Fg%2F11fs2lyghf!19sChIJCVD7i5_ZVA0R9LUnsQqkVQc?authuser=0&hl=fr&rclk=1,,,,
11c7696a-f545-4d4e-b939-e4f2d5978cfb,ADES Lorient 👑,0652340580,steven.le.bolay@live.fr,medium,Steven,Le Bolay,Steven Le Bolay,mentions_legales,Lorient,chauffagiste,chauffagiste,2,5.0,51,Chauffagiste,https://www.adeslorient.com/,https://www.google.com/maps/place/ADES+Lorient+%F0%9F%91%91/data=!4m7!3m6!1s0x46918ef3c58f09dd:0x91f60a333adab277!8m2!3d47.752486!4d-3.3645037!16s%2Fg%2F11y3ck657g!19sChIJ3QmPxfOOkUYRd7LaOjMK9pE?authuser=0&hl=fr&rclk=1,,,,
273eafaf-c485-4083-9fac-a5805eb5c3ad,Aqua chauff services,0651161431,aquachauffservices@gmail.com,medium,,,,,Lorient,chauffagiste,chauffagiste,2,5.0,69,Chauffagiste,https://www.aquachauffservices.com/,https://www.google.com/maps/place/Aqua+chauff+services/data=!4m7!3m6!1s0x2f24c36804c2a7ad:0xf2de8066f76d1e3e!8m2!3d47.7397472!4d-3.3783427!16s%2Fg%2F11v0fgfn60!19sChIJrafCBGjDJC8RPh5t92aA3vI?authuser=0&hl=fr&rclk=1,,,,
c2d7f0ac-5353-4c08-b416-54b4b4d11df3,Iceberg Lorient,0257280163,communication@poele-iceberg.com,high,,,,,Lorient,chauffagiste,chauffagiste,2,4.9,279,Chauffagiste,https://www.poele-iceberg.com/,https://www.google.com/maps/place/Iceberg+Lorient/data=!4m7!3m6!1s0x48105ff7f532d89d:0x7409a2d7c8ec7829!8m2!3d47.7647019!4d-3.3992407!16s%2Fg%2F11r_cmc2h6!19sChIJndgy9fdfEEgRKXjsyNeiCXQ?authuser=0&hl=fr&rclk=1,,,,
d8052697-d7d8-4d6d-a41d-47953a45e2bc,GEOCAPT,0478028485,85sav@geocapt.fr,high,,,,,Vénissieux,chauffagiste,chauffagiste,2,4.7,18,Chauffagiste,http://www.geocapt.fr/,https://www.google.com/maps/place/GEOCAPT/data=!4m7!3m6!1s0x47f4e9e3499d7027:0x9cfddd203b96a40d!8m2!3d45.688773!4d4.903752!16s%2Fg%2F11cjhzkgp2!19sChIJJ3CdSePp9EcRDaSWOyDd_Zw?authuser=0&hl=fr&rclk=1,,,,
49c05642-08a7-4e84-bea0-06c9c4fadc6d,Clima Tech 83,0627671728,clima-tech83@outlook.com,medium,Morgan,Manchet,MORGAN MANCHET,siret_insee,Hyeres,chauffagiste,chauffagiste,2,5.0,105,Chauffagiste,https://www.climatech83.fr/,https://www.google.com/maps/place/Clima+Tech+83/data=!4m7!3m6!1s0x12c92321090823c5:0x8a3e98d05afb82a8!8m2!3d43.1093525!4d6.103961!16s%2Fg%2F11j0vyhll9!19sChIJxSMICSEjyRIRqIL7WtCYPoo?authuser=0&hl=fr&rclk=1,43.22B,81929216000036,2016-03-08,01
c5d8c0b3-d5cf-4489-8d75-d9d750bec69b,ATOUT PRESTAT ATP,0638847773,atoutprestat@gmail.com,medium,,,,,Vénissieux,chauffagiste,chauffagiste,2,5.0,32,Plombier,http://www.atoutprestat.fr/,https://www.google.com/maps/place/ATOUT+PRESTAT+ATP/data=!4m7!3m6!1s0x47f4c30cf51e5d9f:0x7b39cd161e3163ad!8m2!3d45.70108!4d4.87762!16s%2Fg%2F11lw8b0t93!19sChIJn10e9QzD9EcRrWMxHhbNOXs?authuser=0&hl=fr&rclk=1,,,,
73c43555-203a-4d2e-9ebc-279c7e983703,SOS CHAUFF'O - Plombier Chauffagiste - Hyères,0986874860,contact@sos-chauffo.fr,high,David Claude,Halleur,DAVID CLAUDE HALLEUR,siret_insee,Sens,chauffagiste,chauffagiste,2,5.0,14,Chauffagiste,https://www.sos-chauffo.fr/,https://www.google.com/maps/place/SOS+CHAUFF%27O+-+Plombier+Chauffagiste+-+Hy%C3%A8res/data=!4m7!3m6!1s0x12c92318f0d0d48f:0x1a8d4ebfe3a93522!8m2!3d43.2773518!4d6.3714671!16s%2Fg%2F11ltjx521y!19sChIJj9TQ8BgjyRIRIjWp479OjRo?authuser=0&hl=fr&rclk=1,43.22A,90874021000012,2021-11-29,NN
7d004e40-e092-4d06-9643-ee57f2c0a6e1,Entreprise Laporte Plombier Pantin 93,0189360417,laporterueil@gmail.com,medium,,,,,Pantin,chauffagiste,chauffagiste,2,5.0,112,Plombier,https://www.entreprise-bernard-laporte-plombier-pantin-93500.fr/,https://www.google.com/maps/place/Entreprise+Laporte+Plombier+Pantin+93/data=!4m7!3m6!1s0x47e66dc0b63ba89d:0xe69c3b67308b8a15!8m2!3d48.8892851!4d2.4120189!16s%2Fg%2F11m65g8_fg!19sChIJnag7tsBt5kcRFYqLMGc7nOY?authuser=0&hl=fr&rclk=1,,,,
ac1d8c53-2e4d-4ef0-84c6-599d2746495a,Monplombier.bzh,0632019576,fabricelevouedec@orange.fr,medium,,,,,Lorient,chauffagiste,chauffagiste,2,4.8,68,Plombier,https://monplombierbzh.fr/,https://www.google.com/maps/place/Monplombier.bzh/data=!4m7!3m6!1s0x48105f869a03f117:0x979b45ed0bb05018!8m2!3d47.7401293!4d-3.3668291!16s%2Fg%2F11h7fk7lzl!19sChIJF_EDmoZfEEgRGFCwC-1Fm5c?authuser=0&hl=fr&rclk=1,,,,
5aaafb67-cea0-430d-960e-04a121a490dd,Aquaclim Service,0297354681,contact@komtop.fr,low,,,,,Lorient,chauffagiste,chauffagiste,2,4.6,438,Chauffagiste,https://aquaclimservice.fr/agence-de-lorient/?utm_source=gmb,https://www.google.com/maps/place/Aquaclim+Service/data=!4m7!3m6!1s0x48105fcf306c5f47:0xf7d53c159ae6d071!8m2!3d47.7820745!4d-3.4194527!16s%2Fg%2F11llbdy_dl!19sChIJR19sMM9fEEgRcdDmmhU81fc?authuser=0&hl=fr&rclk=1,,,,
ab916e88-f834-4620-9868-35a9908b1d41,Plombier Régis Pantin,0980809355,contact@plombier-regis.fr,high,,,,,Pantin,chauffagiste,chauffagiste,2,4.8,47,Chauffagiste,https://www.plombier-regis.fr/,https://www.google.com/maps/place/Plombier+R%C3%A9gis+Pantin/data=!4m7!3m6!1s0x47e66db3d2d800ed:0x3c5777b2011284d8!8m2!3d48.8897396!4d2.400408!16s%2Fg%2F1tm11xvm!19sChIJ7QDY0rNt5kcR2IQSAbJ3Vzw?authuser=0&hl=fr&rclk=1,,,,
dafa4c13-fec1-4e4c-9825-51ec9bf019dc,Giroud,0478704313,contact@ets-giroud.fr,high,,,,,Vénissieux,chauffagiste,chauffagiste,2,4.9,47,Magasin de matériel de plomberie,http://www.ets-giroud.fr/,https://www.google.com/maps/place/Giroud/data=!4m7!3m6!1s0x47f4c20b8e011ea9:0x248016b5864becfa!8m2!3d45.7089352!4d4.8679347!16s%2Fg%2F11cjwf6csz!19sChIJqR4BjgvC9EcR-uxLhrUWgCQ?authuser=0&hl=fr&rclk=1,,,,
bb226550-0199-4eea-b706-8d40abac9045,Entreprise Tapia,0148463383,contact@entreprisetapia.fr,high,Jeremie,Tapia,JEREMIE TAPIA,siret_insee,Les Lilas,chauffagiste,chauffagiste,2,4.5,34,Plombier,http://www.entreprisetapia.fr/,https://www.google.com/maps/place/Entreprise+Tapia/data=!4m7!3m6!1s0x47e66d09d787255f:0xe0ddfe8134761a36!8m2!3d48.8818782!4d2.4143298!16s%2Fg%2F11bttgdtmf!19sChIJXyWH1wlt5kcRNhp2NIH-3eA?authuser=0&hl=fr&rclk=1,43.22A,75119216200012,2012-04-17,02
0d076db3-7440-47a9-80c4-b797c03e699d,Plomberie BF,0668261927,plomberiebf@gmail.com,medium,,,,,Pantin,chauffagiste,chauffagiste,2,5.0,103,Chauffagiste,https://plomberie-pantin.com/,https://www.google.com/maps/place/Plomberie+BF/data=!4m7!3m6!1s0x47e66d04f4721d63:0x3cd9eff1b42832a2!8m2!3d48.894367!4d2.406981!16s%2Fg%2F11txn9h05x!19sChIJYx1y9ARt5kcRojIotPHv2Tw?authuser=0&hl=fr&rclk=1,,,,
a476b0de-3939-42aa-9d48-e871ee2b9b50,ENTHALPIE,0981323935,contact@enthalpie.net,high,Benoît,Le Bleis,Benoît Le Bleis,mentions_legales,Pessac,chauffagiste,chauffagiste,2,4.9,17,Plombier,http://www.enthalpie.net/,https://www.google.com/maps/place/ENTHALPIE/data=!4m7!3m6!1s0xd552732014055ff:0x6f3978931901e395!8m2!3d44.7750857!4d-0.6338265!16s%2Fg%2F11g0khpvkv!19sChIJ_1VAATInVQ0RleMBGZN4OW8?authuser=0&hl=fr&rclk=1,,,,
f76eee65-50af-490f-a4bc-b5ea151f7e46,AMP Plombier,0953625995,contact@amp-plombier.fr,high,Yousry,Saguer,YOUSRY SAGUER (SAGUER),siret_insee,Aubervilliers,chauffagiste,chauffagiste,2,4.9,702,Plombier,https://www.amp-plombier.fr/,https://www.google.com/maps/place/AMP+Plombier/data=!4m7!3m6!1s0x47e66dc000506357:0xb2d8cbfef59a4b0f!8m2!3d48.918545!4d2.39491!16s%2Fg%2F11mhdv162c!19sChIJV2NQAMBt5kcRD0ua9f7L2LI?authuser=0&hl=fr&rclk=1,43.22A,87892629400017,2019-11-04,03
6f564738-5052-4c74-ab24-32b7023f9dd7,Flexton,0176211621,contact@flexton.fr,high,Laurent,Allard,LAURENT ALLARD (ALLARD),siret_insee,Roubaix,chauffagiste,chauffagiste,2,5.0,3,Chauffagiste,https://www.flexton.fr/contact,https://www.google.com/maps/place/Flexton/data=!4m7!3m6!1s0x47e66c528d8a99f9:0xe731ef14b2e4f2d!8m2!3d48.8971575!4d2.405313!16s%2Fg%2F11qgq5lgzk!19sChIJ-ZmKjVJs5kcRLU8uS_Eecw4?authuser=0&hl=fr&rclk=1,63.11Z,42476141900045,1999-10-15,42
94630be6-f95f-4f6f-a189-d5aabb102ce7,Cop Ecologie,0148573097,contact@copecologie.com,high,Et,Non Pas Fournisseur D,et non pas Fournisseur d,mentions_legales,Pantin,chauffagiste,chauffagiste,2,4.4,422,Chauffagiste,https://copecologie.com/,https://www.google.com/maps/place/Cop+Ecologie/data=!4m7!3m6!1s0x47e66de8aab890eb:0x62aca8caa5909365!8m2!3d48.8946013!4d2.422308!16s%2Fg%2F11hds44l9b!19sChIJ65C4quht5kcRZZOQpcqorGI?authuser=0&hl=fr&rclk=1,,,,
d519692c-e3ba-4a68-91e8-6e5b4195d549,AZ Deco&Climatisation - dépannage - installation - rénovation tout corps d'état,0781118945,contact@azdecoclim.fr,high,Zearo,Paul,ZEARO PAUL,mentions_legales,Hyères,chauffagiste,chauffagiste,2,5.0,72,Plombier,https://www.azdecoclim.fr/,https://www.google.com/maps/place/AZ+Deco%26Climatisation+-+d%C3%A9pannage+-+installation+-+r%C3%A9novation+tout+corps+d%27%C3%A9tat/data=!4m7!3m6!1s0x614472ae563982fd:0xef2f08b1bf02aa5a!8m2!3d43.1171794!4d6.1852045!16s%2Fg%2F11vd70ys8v!19sChIJ_YI5Vq5yRGERWqoCv7EIL-8?authuser=0&hl=fr&rclk=1,,,,
5489c41e-f920-4775-9ac0-066e50d81076,Poulain Pascal Et Fils,0146777557,sarl.poulainpascal@gmail.com,medium,,,,,Villejuif,chauffagiste,chauffagiste,2,4.7,3,Chauffagiste,https://www.sarl-poulainpascal-fils.fr/,https://www.google.com/maps/place/Poulain+Pascal+Et+Fils/data=!4m7!3m6!1s0x47e673da1946ac0d:0x5a074bbae8af63a3!8m2!3d48.8044489!4d2.368637!16s%2Fg%2F11v3r996r7!19sChIJDaxGGdpz5kcRo2Ov6LpLB1o?authuser=0&hl=fr&rclk=1,,,,
8d2d6820-a0dc-45f4-b7c6-a4aebbe4f6af,EVROP'EN,0602174264,contact@evropen.fr,high,,,,,Villejuif,chauffagiste,chauffagiste,2,5.0,7,Chauffagiste,https://www.evropen.fr/,https://www.google.com/maps/place/EVROP%27EN/data=!4m7!3m6!1s0x47e6719cdec1bf5b:0x908bad5d05cdae25!8m2!3d48.7931741!4d2.360141!16s%2Fg%2F11zj9plzbk!19sChIJW7_B3pxx5kcRJa7NBV2ti5A?authuser=0&hl=fr&rclk=1,,,,
a07db556-70fd-4510-a329-4f435ddcc6c1,ADC Plomberie Chauffage Climatisation,0494579005,contact@adcplomberie.fr,high,Christine,Tessore,CHRISTINE TESSORE,siret_insee,Hyeres,chauffagiste,chauffagiste,2,5.0,5,Chauffagiste,https://www.adcplomberie.fr/,https://www.google.com/maps/place/ADC+Plomberie+Chauffage+Climatisation/data=!4m7!3m6!1s0x22d452b69646481d:0x1567080f721262cc!8m2!3d43.1184562!4d6.0859059!16s%2Fg%2F11kp_q6b_q!19sChIJHUhGlrZS1CIRzGIScg8IZxU?authuser=0&hl=fr&rclk=1,43.22A,79170639300018,2013-03-01,02
6ec1a795-d1a7-4f01-b50e-52f2adb8a1ef,ECS Plomberie,0619619349,ecs83contact@gmail.com,medium,David,Poupon,DAVID POUPON,siret_insee,La Londe-Les-Maures,chauffagiste,chauffagiste,2,5.0,118,Plombier,https://ecsplomberie.com/,https://www.google.com/maps/place/ECS+Plomberie/data=!4m7!3m6!1s0x685dd573f0ed193b:0x4698ea3ae10e99b5!8m2!3d43.1304423!4d6.1994494!16s%2Fg%2F11xg0bm6mh!19sChIJOxnt8HPVXWgRtZkO4TrqmEY?authuser=0&hl=fr&rclk=1,43.22A,92492807000011,2024-03-06,NN
f2682a1f-d72b-4162-9d40-e75520241d15,Flam Bleu,0149513171,contact@flambleu.fr,high,,,,,Pantin,chauffagiste,chauffagiste,2,4.6,10,Chauffagiste,https://www.flambleu.fr/,https://www.google.com/maps/place/Flam+Bleu/data=!4m7!3m6!1s0x47e66d4a27d2b277:0x74b0724d519ac755!8m2!3d48.8859753!4d2.3997405!16s%2Fg%2F11h2f0cxbm!19sChIJd7LSJ0pt5kcRVceaUU1ysHQ?authuser=0&hl=fr&rclk=1,,,,
c5e833af-f8d5-404d-bf93-830fea11ea24,Établissement Victor,0146708655,societe.victor@gmail.com,medium,Victor Haim,Mizel,VICTOR HAIM MIZEL,siret_insee,Nogent-Sur-Marne,chauffagiste,chauffagiste,2,4.9,225,Chauffagiste,https://etsvictor.com/etablissement-victor-villejuif-94800/,https://www.google.com/maps/place/%C3%89tablissement+Victor/data=!4m7!3m6!1s0x47e67185991b25b1:0x699891f400e81e8c!8m2!3d48.7945435!4d2.3610824!16s%2Fg%2F11fsn30h77!19sChIJsSUbmYVx5kcRjB7oAPSRmGk?authuser=0&hl=fr&rclk=1,95.29Z,85299444100040,2019-07-22,01
21d332f7-d114-4191-aedf-347048416ba3,Artisan Gaz Services Plombier chauffagiste Maisons-Alfort 94,0141790931,conseils.ags@gmail.com,medium,Karim Sebastien,Ait Hamma,KARIM SEBASTIEN AIT HAMMA (AIT HAMMA),siret_insee,Maisons-Alfort,chauffagiste,chauffagiste,3,4.9,182,Chauffagiste,https://ags-plombier-chauffagiste-paris.fr/,https://www.google.com/maps/place/Artisan+Gaz+Services+Plombier+chauffagiste+Maisons-Alfort+94/data=!4m7!3m6!1s0x47e6738b9924e7c9:0x7f4ef569ed0ba88a!8m2!3d48.7943128!4d2.4339224!16s%2Fg%2F11m2bkv7vq!19sChIJyeckmYtz5kcRiqgL7Wn1Tn8?authuser=0&hl=fr&rclk=1,43.22A,81333676500025,2015-09-01,01
4de8170c-d628-4a4c-a4df-f3a133933fdd,Pack Sérénité,0189715796,contact@packserenite.org,high,,,,,Pantin,chauffagiste,chauffagiste,2,4.9,76,Fournisseur d'équipements de chauffage,https://packserenite.org/,https://www.google.com/maps/place/Pack+S%C3%A9r%C3%A9nit%C3%A9/data=!4m7!3m6!1s0xa3279eccb15289c7:0xa495abc05a3f451c!8m2!3d48.8997601!4d2.3945985!16s%2Fg%2F11vynrxj60!19sChIJx4lSscyeJ6MRHEU_WsCrlaQ?authuser=0&hl=fr&rclk=1,,,,
af57d60b-1969-4ba8-b4ba-6964eb7528ef,Express’Eau – Plombier & Assainissement Hyères,0621322418,expresseau83@gmail.com,medium,Laurent,Allard,LAURENT ALLARD (ALLARD),siret_insee,Roubaix,chauffagiste,chauffagiste,2,5.0,58,Plombier,https://www.xn--expresseau-plombier-hyres-5hc.fr/,https://www.google.com/maps/place/Express%E2%80%99Eau+%E2%80%93+Plombier+%26+Assainissement+Hy%C3%A8res/data=!4m7!3m6!1s0x4aa317ce09d08049:0xe2e600e93129b01b!8m2!3d43.1094617!4d6.1032639!16s%2Fg%2F11x2jh90mh!19sChIJSYDQCc4Xo0oRG7ApMekA5uI?authuser=0&hl=fr&rclk=1,63.11Z,42476141900045,1999-10-15,42
97afe482-ba44-4531-8e01-47f04bc7b02a,Albert Et Fils,0143908503,contact@albert-et-fils.fr,high,Stephane,Hoze,STEPHANE HOZE,siret_insee,Creteil,chauffagiste,chauffagiste,2,4.8,32,Chauffagiste,https://albert-et-fils.fr/villejuif-94800,https://www.google.com/maps/place/Albert+Et+Fils/data=!4m7!3m6!1s0x47e6735e87fa40f3:0x845f97b24a0bcd6d!8m2!3d48.8047001!4d2.369252!16s%2Fg%2F11y3mfk0hz!19sChIJ80D6h15z5kcRbc0LSrKXX4Q?authuser=0&hl=fr&rclk=1,41.20A,50540208100069,2008-07-03,NN
c0e60d30-28bf-4068-b550-a974c9288024,Etablissement Laroche,0142771128,larocheets@gmail.com,medium,Stéphanie,Fernandez,Stéphanie FERNANDEZ,mentions_legales,Alfortville,chauffagiste,chauffagiste,2,4.7,62,Chauffagiste,https://www.etablissements-laroche.fr/paris-17e-75017/,https://www.google.com/maps/place/Etablissement+Laroche/data=!4m7!3m6!1s0x47e6735a572c37fd:0x4467609dd7ac5604!8m2!3d48.8155202!4d2.4310814!16s%2Fg%2F11fhrjxp8y!19sChIJ_TcsV1pz5kcRBFas151gZ0Q?authuser=0&hl=fr&rclk=1,,,,
cb544317-7cf8-4f77-a19c-797fbe4bcbe5,"Chauffagiste à Meaux, Pompe à chaleur, Climatisation S.A.S.U Terré",0630772908,terredhouard7@icloud.com,medium,Edhouard,Terre,EDHOUARD TERRE (TERRE),siret_insee,Quincy-Voisins,chauffagiste,chauffagiste,2,4.8,14,Chauffagiste,https://sasuterre.fr/,"https://www.google.com/maps/place/Chauffagiste+%C3%A0+Meaux,+Pompe+%C3%A0+chaleur,+Climatisation+S.A.S.U+Terr%C3%A9/data=!4m7!3m6!1s0x47e8a137aa07394b:0x8968a6f7db5f4d2c!8m2!3d48.9322715!4d2.8920051!16s%2Fg%2F11f3z5cl34!19sChIJSzkHqjeh6EcRLE1f2_emaIk?authuser=0&hl=fr&rclk=1",43.21A,83122035500018,2017-07-12,01
fe7b9506-09e8-4f7f-b712-9448a1583b0f,Chauff'home services,0607574189,contact@chauffhome-services.com,high,Samir,Rahem,SAMIR RAHEM (RAHEM),siret_insee,Nanteuil-Les-Meaux,chauffagiste,chauffagiste,2,5.0,29,Chauffagiste,https://chauffhome-services.com/,https://www.google.com/maps/place/Chauff%27home+services/data=!4m7!3m6!1s0x47e8a1a6005d16e9:0x2e650a9aeeb84465!8m2!3d48.9303892!4d2.8873706!16s%2Fg%2F11ft0bg31b!19sChIJ6RZdAKah6EcRZUS47poKZS4?authuser=0&hl=fr&rclk=1,43.22A,88190949300010,2020-03-01,NN
7ddd8193-5e7d-4ecf-9f05-b4386c671406,Groupe Energie,0187443104,contact@groupeenergiechauffage.fr,high,David,Botbol,DAVID BOTBOL (BOTBOL),siret_insee,Les Pavillons-Sous-Bois,chauffagiste,chauffagiste,3,4.7,84,Chauffagiste,http://www.groupeenergiechauffage.fr/,https://www.google.com/maps/place/Groupe+Energie/data=!4m7!3m6!1s0x47e613320d30205b:0x9236c18981766845!8m2!3d48.8035289!4d2.4442229!16s%2Fg%2F11fktz04hd!19sChIJWyAwDTIT5kcRRWh2gYnBNpI?authuser=0&hl=fr&rclk=1,43.22B,83471292900027,2018-01-09,02
1f7a9239-4958-47ca-83da-d729d4b44bf5,ECO AQUATHERM,0970350026,contact@ecoaquatherm.com,low,,,,,Maisons-Alfort,chauffagiste,chauffagiste,3,5.0,11,Plombier,https://www.eco-aquatherm.com/?utm_medium=referral&utm_source=gmb&utm_campaign=lnk-gmb,https://www.google.com/maps/place/ECO+AQUATHERM/data=!4m7!3m6!1s0x47e6734d1b112eab:0x470597b2f296fccc!8m2!3d48.7929451!4d2.4258869!16s%2Fg%2F11y66yt5kh!19sChIJqy4RG01z5kcRzPyW8rKXBUc?authuser=0&hl=fr&rclk=1,,,,
34ef6cc3-3b6c-4b30-9467-cfd568e2fbfe,Seet,0160231620,info@seet.pro,high,,,,,Meaux,chauffagiste,chauffagiste,2,4.6,7,Fournisseur d'équipements de chauffage,http://www.seet.pro/,https://www.google.com/maps/place/Seet/data=!4m7!3m6!1s0x47e8a1771e31fea7:0x7bfa9793e669dab1!8m2!3d48.9617335!4d2.9023699!16s%2Fg%2F1tj20w5j!19sChIJp_4xHneh6EcRsdpp5pOX-ns?authuser=0&hl=fr&rclk=1,,,,
77647001-8e2c-4b8c-a280-f0c113172313,Attelann Meaux,0160094672,contact@adgensii.com,low,,,,,Meaux,chauffagiste,chauffagiste,2,4.9,55,Chauffagiste,https://www.attelann.fr/?utm_source=gmb,https://www.google.com/maps/place/Attelann+Meaux/data=!4m7!3m6!1s0x47e8a35ca6ba8f6f:0xecaab97a4ec5041a!8m2!3d48.875607!4d2.8265323!16s%2Fg%2F11h27mqh6c!19sChIJb4-6plyj6EcRGgTFTnq5quw?authuser=0&hl=fr&rclk=1,,,,
36dae8cf-373d-435c-bd80-3352090dce55,MDRC,0612781679,mdrctravaux@gmail.com,medium,,,,,Meaux,chauffagiste,chauffagiste,2,5.0,5,Chauffagiste,https://mdrc.fr/,https://www.google.com/maps/place/MDRC/data=!4m7!3m6!1s0x47e8a1c46edb529d:0x60d71cdf9f4fc1eb!8m2!3d48.9618399!4d2.8690889!16s%2Fg%2F11ltt6m82c!19sChIJnVLbbsSh6EcR68FPn98c12A?authuser=0&hl=fr&rclk=1,,,,
545127ab-eead-4348-8821-a5be3565ecef,Albert Et Fils,0148936309,contact@albert-et-fils.fr,high,Stephane,Hoze,STEPHANE HOZE,siret_insee,Creteil,chauffagiste,chauffagiste,3,4.5,161,Chauffagiste,https://albert-et-fils.fr/maisons-alfort-94700,https://www.google.com/maps/place/Albert+Et+Fils/data=!4m7!3m6!1s0x47e6732fc0fc0001:0xdd7c8fc445ca91d6!8m2!3d48.8049617!4d2.4429211!16s%2Fg%2F1yj4k3_6l!19sChIJAQD8wC9z5kcR1pHKRcSPfN0?authuser=0&hl=fr&rclk=1,41.20A,50540208100069,2008-07-03,NN
f3554cde-8366-4ee6-9c82-06b4219455db,ECO DEGRÉS,0629171782,ecodegres@gmail.com,medium,Farid,Ziane,FARID ZIANE,siret_insee,Longperrier,chauffagiste,chauffagiste,2,5.0,286,Chauffagiste,http://www.ecodegres.com/,https://www.google.com/maps/place/ECO+DEGR%C3%89S/data=!4m7!3m6!1s0x47e6133783990c19:0xa701194dcee78a7a!8m2!3d48.8947076!4d2.4889696!16s%2Fg%2F11h21qwp84!19sChIJGQyZgzcT5kcReornzk0ZAac?authuser=0&hl=fr&rclk=1,43.22A,93445558500018,2024-10-21,NN
26ba073f-478c-43b1-b2e1-f34cd679f42b,ARTDECLIM dépannage et entretien,0672180301,contact@artdeclim.com,low,,,,,Meaux,chauffagiste,chauffagiste,2,4.7,31,Chauffagiste,https://artdeclim.fr/,https://www.google.com/maps/place/ARTDECLIM+d%C3%A9pannage+et+entretien/data=!4m7!3m6!1s0x47e8a3ce3bcac305:0x8a19180f367cc46e!8m2!3d48.955867!4d2.934866!16s%2Fg%2F11j2yqc4ct!19sChIJBcPKO86j6EcRbsR8Ng8YGYo?authuser=0&hl=fr&rclk=1,,,,
5a0e57d6-830b-4df3-bc1f-5dd46e8ac4de,SANTALLIER Plombier-Electricien-Chauffagiste,0143762944,santallier94@gmail.com,medium,Christophe,Santallier,CHRISTOPHE SANTALLIER (SANTALLIER),siret_insee,Maisons-Alfort,chauffagiste,chauffagiste,3,4.6,23,Plombier,http://www.santallier.fr/,https://www.google.com/maps/place/SANTALLIER+Plombier-Electricien-Chauffagiste/data=!4m7!3m6!1s0x47e673263bce22d9:0x9ca1500449dc09b3!8m2!3d48.8106092!4d2.4408289!16s%2Fg%2F11c5rww2w6!19sChIJ2SLOOyZz5kcRswncSQRQoZw?authuser=0&hl=fr&rclk=1,43.22A,31366897200018,1978-01-01,11
345fdd50-3b61-42af-8ea3-542e469d2890,THERM'AZUR,0148501137,serviceclient@therm-azur.com,low,Omar,Ait El Hous,OMAR AIT EL HOUS,siret_insee,Noisy-Le-Sec,chauffagiste,chauffagiste,2,4.4,422,Chauffagiste,https://www.therm-azur.fr/,https://www.google.com/maps/place/THERM%27AZUR/data=!4m7!3m6!1s0x47e6133fbc1a5eff:0x2652f40b08e4b316!8m2!3d48.8938987!4d2.4646625!16s%2Fg%2F11gf36m4r5!19sChIJ_14avD8T5kcRFrPkCAv0UiY?authuser=0&hl=fr&rclk=1,43.22A,78955218900035,2012-11-20,11
b5abbf13-f7ed-4e28-b6c8-4a77da1325df,Vincennes Plombier & Chauffagiste,0749301330,contact@plombier-chauffagiste-vincennes.fr,high,,,,,Vincennes,chauffagiste,chauffagiste,2,4.7,21,Chauffagiste,https://www.plombier-chauffagiste-vincennes.fr/,https://www.google.com/maps/place/Vincennes+Plombier+%26+Chauffagiste/data=!4m7!3m6!1s0x47e673ce9f37b8ab:0x63acf5fad8ff4331!8m2!3d48.8488358!4d2.4426969!16s%2Fg%2F11y6ks5m4l!19sChIJq7g3n85z5kcRMUP_2Pr1rGM?authuser=0&hl=fr&rclk=1,,,,
29bbf8f3-dec8-4b99-a654-2aa728ed3288,Plomberie Temin,0143658161,plomberietemin@hotmail.fr,medium,,,,,Vincennes,chauffagiste,chauffagiste,2,4.5,101,Plombier,http://www.plomberie-temin.com/,https://www.google.com/maps/place/Plomberie+Temin/data=!4m7!3m6!1s0x47e6729b2e61bfb9:0x78ddb2f8d4385e8f!8m2!3d48.8476797!4d2.4231089!16s%2Fg%2F1tdx_664!19sChIJub9hLpty5kcRj1441Piy3Xg?authuser=0&hl=fr&rclk=1,,,,
8d71bc6b-50f9-4a83-938c-3d9b7d05ed57,Ets Picard Et Fils,0160294065,picard.devis@gmail.com,medium,Ets,Picard,Ets Picard,mentions_legales,Meaux,chauffagiste,chauffagiste,2,4.8,115,Plombier,https://www.etspicard.fr/agence-meaux/,https://www.google.com/maps/place/Ets+Picard+Et+Fils/data=!4m7!3m6!1s0x47e8a111003feabb:0x69c1a95bbf06973e!8m2!3d48.9567221!4d2.8775635!16s%2Fg%2F11fhvk8k76!19sChIJu-o_ABGh6EcRPpcGv1upwWk?authuser=0&hl=fr&rclk=1,,,,
562f5e6a-f528-48c8-ace5-1b8b2b6188a9,"BOREALE CVC - Chauffage, Ventilation et Climatisation",0780947775,contact@borealecvc.com,high,Guillaume,Maurice,GUILLAUME MAURICE,siret_insee,Vincennes,chauffagiste,chauffagiste,2,5.0,11,Chauffagiste,https://borealecvc.com/,"https://www.google.com/maps/place/BOREALE+CVC+-+Chauffage,+Ventilation+et+Climatisation/data=!4m7!3m6!1s0x47e673bd944d66ad:0x9eb65265e3571c64!8m2!3d48.8482986!4d2.4382185!16s%2Fg%2F11y591m15f!19sChIJrWZNlL1z5kcRZBxX42VStp4?authuser=0&hl=fr&rclk=1",43.22B,92852023800017,2024-03-27,NN
428f0b94-60a4-4181-83b2-1883d6223b89,PLOMB ART CLAM ART,0660918512,info@plombart-clamart.fr,high,,,,,Clamart,chauffagiste,chauffagiste,2,4.8,180,Chauffagiste,http://www.plombart-clamart.fr/,https://www.google.com/maps/place/PLOMB+ART+CLAM+ART/data=!4m7!3m6!1s0x47e67a1420834e7b:0xa789120a71db57ed!8m2!3d48.7925704!4d2.2533072!16s%2Fg%2F1tjrp8z3!19sChIJe06DIBR65kcR7VfbcQoSiac?authuser=0&hl=fr&rclk=1,,,,
9c9b2002-95c4-4834-94e0-e12fcc1a365c,VLB Plomberie,0669951000,entreprise@vlb-plomberie.fr,high,,,,,Clamart,chauffagiste,chauffagiste,2,5.0,98,Chauffagiste,http://www.vlb-plomberie.fr/,https://www.google.com/maps/place/VLB+Plomberie/data=!4m7!3m6!1s0x47e679d14f2ddd53:0x7908c3a049479023!8m2!3d48.7431845!4d2.2620452!16s%2Fg%2F11cls_jz9f!19sChIJU90tT9F55kcRI5BHSaDDCHk?authuser=0&hl=fr&rclk=1,,,,
f4f15dc1-402c-443e-87ce-413359d0599f,RB Plomberie Chauffage,0671966189,bati.boulogne@gmail.com,medium,,,,,Corbeil-Essonnes,chauffagiste,chauffagiste,2,4.8,36,Chauffagiste,https://www.rbplomberie.com/?utm_medium=referral&utm_source=gmb&utm_campaign=lnk-gmb,https://www.google.com/maps/place/RB+Plomberie+Chauffage/data=!4m7!3m6!1s0xa3fa193335717c8f:0x3c9e2ba7671eeb26!8m2!3d48.6032797!4d2.4894684!16s%2Fg%2F11vs6k7j6g!19sChIJj3xxNTMZ-qMRJuseZ6crnjw?authuser=0&hl=fr&rclk=1,,,,
8f8f3e16-9ca4-4e58-bc53-269806af0ad7,Société PCS (Plomberie Chauffage Sanitaire),0640726216,pcs91@live.fr,medium,,,,,Corbeil-Essonnes,chauffagiste,chauffagiste,2,4.7,87,Chauffagiste,http://www.pcs91.fr/,https://www.google.com/maps/place/Soci%C3%A9t%C3%A9+PCS+%28Plomberie+Chauffage+Sanitaire%29/data=!4m7!3m6!1s0x47e5e14df585577b:0x1d400878d828756!8m2!3d48.6193763!4d2.5089732!16s%2Fg%2F11b6jb304t!19sChIJe1eF9U3h5UcRVoeCjYcA1AE?authuser=0&hl=fr&rclk=1,,,,
03720f53-678f-4780-9f0d-aebc21ffca45,Stm2C Chauffage Plomberie,0763722296,contact@stm2c.fr,high,Stephane,Mancel,STEPHANE MANCEL,siret_insee,Antony,chauffagiste,chauffagiste,2,4.8,26,Chauffagiste,https://stm2c.fr/,https://www.google.com/maps/place/Stm2C+Chauffage+Plomberie/data=!4m7!3m6!1s0x47e677429dff9079:0xb17952c0be36f6fe!8m2!3d48.7508435!4d2.300403!16s%2Fg%2F11frdn2rz3!19sChIJeZD_nUJ35kcR_vY2vsBSebE?authuser=0&hl=fr&rclk=1,43.22A,87961119200011,2020-01-02,NN
e9813299-7d4a-4043-8542-fb89f403183b,Duchene SAS,0143857082,sasduchene@orange.fr,medium,S Respectifs.,Données Personnelles,s respectifs. DONNÉES PERSONNELLES,mentions_legales,Meaux,chauffagiste,chauffagiste,2,4.7,112,Chauffagiste,http://www.sas-duchene.com/,https://www.google.com/maps/place/Duchene+SAS/data=!4m7!3m6!1s0x47e6138f557bd94f:0x7b81b9d9b2ae317!8m2!3d48.9351022!4d2.5689832!16s%2Fg%2F11h03gv8js!19sChIJT9l7VY8T5kcRF-Mqm50buAc?authuser=0&hl=fr&rclk=1,,,,
43a69df0-d77b-4cc3-9373-87c8e19c62a9,Plomb'Confort,0141611834,contact@plomb-confort.fr,high,,,,,Aubervilliers,chauffagiste,chauffagiste,2,5.0,38,Plombier,http://plomb-confort.fr/?utm_source=gmb,https://www.google.com/maps/place/Plomb%27Confort/data=!4m7!3m6!1s0x47e66d83ec2080b7:0x73a7fbd5bb5125c3!8m2!3d48.915723!4d2.3850789!16s%2Fg%2F11y40bv5d2!19sChIJt4Ag7INt5kcRwyVRu9X7p3M?authuser=0&hl=fr&rclk=1,,,,
ee611288-980a-4385-a99f-69140046a41d,Chaudière Services,0745078078,ribeiro@r-chaudiere.fr,low,,,,,Clamart,chauffagiste,chauffagiste,2,4.9,50,Chauffagiste,http://www.chaudiereservices.fr/,https://www.google.com/maps/place/Chaudi%C3%A8re+Services/data=!4m7!3m6!1s0x2681c92a22c6a0f7:0xdebb7c890a4a8994!8m2!3d48.7113048!4d2.2507889!16s%2Fg%2F11ty319lsn!19sChIJ96DGIirJgSYRlIlKCol8u94?authuser=0&hl=fr&rclk=1,,,,
fe9e08ea-893c-4c83-8a1f-cb4da99c94fb,Sopenh,0658255066,clients@sopenh.fr,high,,,,,Clamart,chauffagiste,chauffagiste,2,5.0,27,Chauffagiste,http://www.sopenh.fr/,https://www.google.com/maps/place/Sopenh/data=!4m7!3m6!1s0x47e677b072e72975:0x3a91691ae1b62197!8m2!3d48.7310878!4d2.2906206!16s%2Fg%2F11ghzsyryh!19sChIJdSnncrB35kcRlyG24RppkTo?authuser=0&hl=fr&rclk=1,,,,
8bd10d89-cc1a-4183-a779-defbc87da7d5,BFCL ÉNERGY CLIMATIC - Réparation Entretien Vente Climatisation - 93,0749838267,contact.bfcl@gmail.com,medium,,,,,Aubervilliers,chauffagiste,chauffagiste,2,4.6,30,Chauffagiste,https://bfcl-energyclimatic.fr/,https://www.google.com/maps/place/BFCL+%C3%89NERGY+CLIMATIC+-+R%C3%A9paration+Entretien+Vente+Climatisation+-+93/data=!4m7!3m6!1s0x47e66ded966ef891:0x530f6cfe4bec49b8!8m2!3d48.9191262!4d2.3814124!16s%2Fg%2F11q1x2f3w_!19sChIJkfhulu1t5kcRuEnsS_5sD1M?authuser=0&hl=fr&rclk=1,,,,
b551c1d5-0cb5-40ac-9791-1c0802f3ea90,Société Solunergie Rénovation Climatisation Plomberie Electricité,0749989283,solunergie.contact@gmail.com,medium,Mael,Braza,BRAZA Mael,mentions_legales,Martigues,chauffagiste,chauffagiste,2,4.9,88,Plombier,http://www.solunergie.fr/,https://www.google.com/maps/place/Soci%C3%A9t%C3%A9+Solunergie+R%C3%A9novation+Climatisation+Plomberie+Electricit%C3%A9/data=!4m7!3m6!1s0xaa05204ceb061689:0x74ebe6bc18fc2ea4!8m2!3d43.4098373!4d5.0491748!16s%2Fg%2F11rrqmsvdf!19sChIJiRYG60wgBaoRpC78GLzm63Q?authuser=0&hl=fr&rclk=1,,,,
25f559ae-feaa-4d7b-9f80-f247abc04a62,Albert Et Fils,0146805698,contact@albert-et-fils.fr,high,Stephane,Hoze,STEPHANE HOZE,siret_insee,Creteil,chauffagiste,chauffagiste,2,4.9,58,Chauffagiste,https://albert-et-fils.fr/vincennes-94300,https://www.google.com/maps/place/Albert+Et+Fils/data=!4m7!3m6!1s0x47e673cb19bc8a8b:0x88c76db1e9c161df!8m2!3d48.8478518!4d2.429034!16s%2Fg%2F11thh82p6n!19sChIJi4q8Gctz5kcR32HB6bFtx4g?authuser=0&hl=fr&rclk=1,41.20A,50540208100069,2008-07-03,NN
15892c14-df44-4752-acfe-4609edcfa13d,Bernardo Père & Fils | Plombier | Corbeil-Essonnes,0649354159,bernardo.plomberie@gmail.com,medium,Dominique,Bernardo,DOMINIQUE BERNARDO,siret_insee,Corbeil-Essonnes,chauffagiste,chauffagiste,2,5.0,27,Plombier,https://plombier-bernardo.fr/,https://www.google.com/maps/place/Bernardo+P%C3%A8re+%26+Fils+%7C+Plombier+%7C+Corbeil-Essonnes/data=!4m7!3m6!1s0x47e5e75cbf093139:0xe01e47e8b3b09bce!8m2!3d48.6084151!4d2.4683574!16s%2Fg%2F11y307p89q!19sChIJOTEJv1zn5UcRzpuws-hHHuA?authuser=0&hl=fr&rclk=1,43.22A,34254292500033,1987-10-01,NN
66589042-7cd7-4ee8-9715-394f98d872de,TOP CHAUFFAGE,0134054640,contact@top-chauffage-idf.fr,high,Massinissa,Haddadou,MASSINISSA HADDADOU (HADDADOU),siret_insee,Aubervilliers,chauffagiste,chauffagiste,2,4.5,113,Chauffagiste,http://www.top-chauffage-idf.fr/,https://www.google.com/maps/place/TOP+CHAUFFAGE/data=!4m7!3m6!1s0x47e66d4b30932c53:0x4ff41c70d147850b!8m2!3d48.9100183!4d2.3905871!16s%2Fg%2F11hyqfszsy!19sChIJUyyTMEtt5kcRC4VH0XAc9E8?authuser=0&hl=fr&rclk=1,43.22B,85001677500015,2019-04-15,01
3e54482d-6e09-44a7-8f21-be9b0631410d,Homerenov,0189546457,contact@homerenov-energie.fr,high,Karim,Bouzembrak,KARIM BOUZEMBRAK,siret_insee,Massy,chauffagiste,chauffagiste,2,4.5,6,Chauffagiste,https://homerenov-energie.fr/,https://www.google.com/maps/place/Homerenov/data=!4m7!3m6!1s0x83db57c73e2a0057:0xa650550d846c54d0!8m2!3d48.7193334!4d2.2831143!16s%2Fg%2F11y56mjmps!19sChIJVwAqPsdX24MR0FRshA1VUKY?authuser=0&hl=fr&rclk=1,43.29A,98785785100016,2024-03-19,NN
2a519199-ffac-48b6-b17d-e75eb09575f5,RED Energy Chaudière - Pompe à chaleur - Climatisation - RGE Qualipac - MaPrimeRenov - -,0442431048,contact@red-energy.fr,high,Maxime Jean-Baptiste,Denis,MAXIME JEAN-BAPTISTE DENIS,siret_insee,Martigues,chauffagiste,chauffagiste,2,4.4,159,Chauffagiste,https://www.red-energy.fr/,https://www.google.com/maps/place/RED+Energy+Chaudi%C3%A8re+-+Pompe+%C3%A0+chaleur+-+Climatisation+-+RGE+Qualipac+-+MaPrimeRenov+-+-/data=!4m7!3m6!1s0x12b61fd76e05a519:0x27bf3e1ba545dceb!8m2!3d43.4019028!4d5.0566551!16s%2Fg%2F11fsmw2lvf!19sChIJGaUFbtcfthIR69xFpRs-vyc?authuser=0&hl=fr&rclk=1,43.22B,48879199700031,2006-02-09,11
c353daeb-b7f9-4b6c-9499-9118fea36f37,Airzeau Saint-Brieuc,0296607512,contact@airzeau-ouest.com,high,Certifications Professionnelles Qualipac,Rge,Certifications professionnelles RGE QualiPAC,mentions_legales,Saint-Brieuc,chauffagiste,chauffagiste,2,5.0,35,Fournisseur d'équipements de chauffage,https://www.airzeau-ouest.com/,https://www.google.com/maps/place/Airzeau+Saint-Brieuc/data=!4m7!3m6!1s0x480e1dae5da228bd:0xd4c8c14dfb9b1bf6!8m2!3d48.5157507!4d-2.7620559!16s%2Fg%2F11pf8dr611!19sChIJvSiiXa4dDkgR9hub-03ByNQ?authuser=0&hl=fr&rclk=1,,83429516700024,,
2a974ce9-bff7-4d19-a472-bde543e2804b,Iceberg St-Brieuc,0222461180,communication@poele-iceberg.com,high,,,,,Saint-Brieuc,chauffagiste,chauffagiste,2,4.9,877,Chauffagiste,https://www.poele-iceberg.com/,https://www.google.com/maps/place/Iceberg+St-Brieuc/data=!4m7!3m6!1s0x480e1cf73dac62e3:0x6a6bf1907a99f76!8m2!3d48.4902182!4d-2.7247245!16s%2Fg%2F11clzqpdpv!19sChIJ42KsPfccDkgRdp-pBxm_pgY?authuser=0&hl=fr&rclk=1,,,,
7403c3cc-d946-4110-bf29-aacaccc11daf,EURL Christophe Menguy - Electricien - Plombier,0612734743,contact@christophemenguy.fr,high,Christophe,Menguy,Christophe Menguy,mentions_legales,Saint-Brieuc,chauffagiste,chauffagiste,2,5.0,4,Plombier,https://www.christophemenguy.fr/,https://www.google.com/maps/place/EURL+Christophe+Menguy+-+Electricien+-+Plombier/data=!4m7!3m6!1s0x480e1d12bbf8b4d3:0x9669bf43aedd8e3b!8m2!3d48.5007!4d-2.75143!16s%2Fg%2F11r_pwkr82!19sChIJ07T4uxIdDkgRO47drkO_aZY?authuser=0&hl=fr&rclk=1,,,,
17b43e4c-a9d5-46b7-b6f8-456144a9ffdd,AM Energie,0981430727,amenergie24@gmail.com,medium,,,,,Aubervilliers,chauffagiste,chauffagiste,2,4.5,377,Plombier,http://www.amenergie.fr/,https://www.google.com/maps/place/AM+Energie/data=!4m7!3m6!1s0x47e66d666f2614f1:0x142fe73b2f6ebf4a!8m2!3d48.9122864!4d2.3981155!16s%2Fg%2F11q8s37dsc!19sChIJ8RQmb2Zt5kcRSr9uLzvnLxQ?authuser=0&hl=fr&rclk=1,,,,
1181c16b-86bc-4e15-9879-1f947e9387b7,SARL Prodhomme - Pompe à chaleur - QuapiPAC - RGE,0630383548,sarlprodhomme@gmail.com,medium,,,,,Saint-Brieuc,chauffagiste,chauffagiste,2,4.9,81,Chauffagiste,https://plombier-saint-brieuc.fr/?utm_source=gmb,https://www.google.com/maps/place/SARL+Prodhomme+-+Pompe+%C3%A0+chaleur+-+QuapiPAC+-+RGE/data=!4m7!3m6!1s0x480e1ccc12052833:0x83a2b1a938209cb7!8m2!3d48.4826355!4d-2.7557116!16s%2Fg%2F11f40l3lf1!19sChIJMygFEswcDkgRt5wgOKmxooM?authuser=0&hl=fr&rclk=1,,,,
b7374a6f-3c09-4e00-ba6a-5f19f9c57bea,L'art du Poêle Bouches du Rhône,0442492582,sarl.am@orange.fr,medium,,,,,Martigues,chauffagiste,chauffagiste,2,4.8,329,Fournisseur d'équipements de chauffage,https://www.artdupoele.fr/,https://www.google.com/maps/place/L%27art+du+Po%C3%AAle+Bouches+du+Rh%C3%B4ne/data=!4m7!3m6!1s0x12c9e7999dfb7521:0x98a0e9caaddcb879!8m2!3d43.3992095!4d5.0654165!16s%2Fg%2F1pzr495gt!19sChIJIXX7nZnnyRIRebjcrcrpoJg?authuser=0&hl=fr&rclk=1,,,,
2df6ce33-bc78-4e49-82a2-dd07c9d99bd4,PPF Saint Brieuc,0285521998,contact@medimmoconso.fr,low,,,,,Saint-Brieuc,chauffagiste,chauffagiste,2,4.7,313,Chauffagiste,https://ppf.fr/reseau-ppf/ppf-ou-nous-trouver/agence-ppf-22-saint-brieuc/,https://www.google.com/maps/place/PPF+Saint+Brieuc/data=!4m7!3m6!1s0x4811e354921b283b:0x4525d4e392f09968!8m2!3d48.5210477!4d-2.8706419!16s%2Fg%2F11ggrmtsq1!19sChIJOygbklTjEUgRaJnwkuPUJUU?authuser=0&hl=fr&rclk=1,,,,
41579913-b743-4b9d-b3c1-6f234f5aa603,FRH Environnement F.R.H.,0783557335,contact@frh.corsica,low,,,,,Pantin,chauffagiste,chauffagiste,2,4.3,144,Chauffagiste,http://www.france-renovhabitat.fr/,https://www.google.com/maps/place/FRH+Environnement+F.R.H./data=!4m7!3m6!1s0x47e66d14d4365add:0x74075d0dd56889a2!8m2!3d48.8945209!4d2.4231806!16s%2Fg%2F11mwzjlb7v!19sChIJ3Vo21BRt5kcRoolo1Q1dB3Q?authuser=0&hl=fr&rclk=1,,,,
fd19e494-71a5-43d9-bc78-04ce884aefef,Hexagone Energy,0651012352,contact@hexagone-energy.fr,high,,,,,Chalon-sur-Saône,chauffagiste,chauffagiste,2,5.0,102,Chauffagiste,http://www.hexagone-energy.fr/,https://www.google.com/maps/place/Hexagone+Energy/data=!4m7!3m6!1s0x47f2fd12ed1cb63d:0xf225c6530753c7a7!8m2!3d46.7499722!4d4.8531079!16s%2Fg%2F11s99x70tq!19sChIJPbYc7RL98kcRp8dTB1PGJfI?authuser=0&hl=fr&rclk=1,,,,
9659c61f-10df-408d-82ec-e6a4e7c91420,BH PLOMBERIE CHAUFFAGE CLIMATISATION,0788278647,contact@bh-plombier-chalon.fr,high,,,,,Chalon-sur-Saône,chauffagiste,chauffagiste,2,4.7,33,Chauffagiste,http://www.bh-plombier-chalon.fr/,https://www.google.com/maps/place/BH+PLOMBERIE+CHAUFFAGE+CLIMATISATION/data=!4m7!3m6!1s0x47f2fdfc09073f37:0x6b47865764afc51d!8m2!3d46.7951988!4d4.8638619!16s%2Fg%2F11kzb3k9h_!19sChIJNz8HCfz98kcRHcWvZFeGR2s?authuser=0&hl=fr&rclk=1,,,,
6d055191-5b88-44da-a2b3-d2e5682a8e75,"SARL PONCET électricité, plomberie, climatisation",0385441757,contact@sarlponcet.pro,high,,,,,Chalon-sur-Saône,chauffagiste,chauffagiste,2,5.0,19,Chauffagiste,http://www.sarlponcet.pro/,"https://www.google.com/maps/place/SARL+PONCET+%C3%A9lectricit%C3%A9,+plomberie,+climatisation/data=!4m7!3m6!1s0x47f2e3939877f9fd:0x96076b93f0d31a8a!8m2!3d46.7873784!4d4.9113471!16s%2Fg%2F11p00gsqgm!19sChIJ_fl3mJPj8kcRihrT8JNrB5Y?authuser=0&hl=fr&rclk=1",,,,
ef0abc4a-e74f-4827-abbd-cc8cf784a307,Compagnie des Déboucheurs Saône-et-Loire,0385870127,contacteznous@compagnie-deboucheurs.com,high,Laurent,Allard,LAURENT ALLARD (ALLARD),siret_insee,Roubaix,chauffagiste,chauffagiste,2,5.0,795,Plombier,https://www.compagnie-deboucheurs.com/saone-et-loire/,https://www.google.com/maps/place/Compagnie+des+D%C3%A9boucheurs+Sa%C3%B4ne-et-Loire/data=!4m7!3m6!1s0x47f2fd9c88dc7f2b:0x97920bd2ecd70e85!8m2!3d46.7634016!4d4.830232!16s%2Fg%2F11p6gdckhy!19sChIJK3_ciJz98kcRhQ7X7NILkpc?authuser=0&hl=fr&rclk=1,63.11Z,42476141900045,1999-10-15,42
054004f4-4af1-44a1-94cb-14ab71c3828b,SPS Service Dépannage,0442454081,contact@serviceplombiers.com,high,,,,mentions_legales,Martigues,chauffagiste,chauffagiste,2,4.6,140,Plombier,http://serviceplombiers.com/,https://www.google.com/maps/place/SPS+Service+D%C3%A9pannage/data=!4m7!3m6!1s0x237c293ed85d4f57:0xa5c1bc9738be3987!8m2!3d43.4003366!4d5.0496025!16s%2Fg%2F11krdsn4zm!19sChIJV09d2D4pfCMRhzm-OJe8waU?authuser=0&hl=fr&rclk=1,,,,
8624e8f2-429d-4ebf-a42c-519a89f06a12,Entreprise PACOT,0633926683,pacotthomas@gmail.com,medium,,,,,Chalon-sur-Saône,chauffagiste,chauffagiste,2,5.0,8,Chauffagiste,https://www.entreprise-pacot.fr/,https://www.google.com/maps/place/Entreprise+PACOT/data=!4m7!3m6!1s0x47f2f9231dde80fb:0x460f055ae97b8687!8m2!3d46.6559137!4d4.5439376!16s%2Fg%2F11jg2ck7jx!19sChIJ-4DeHSP58kcRh4Z76VoFD0Y?authuser=0&hl=fr&rclk=1,,,,
dc3e8197-4542-4c74-a444-f57982af7d82,Entreprise Pourette,0385445373,entreprise@pourette.fr,low,,,,,Chalon-sur-Saône,chauffagiste,chauffagiste,2,4.6,16,Chauffagiste,https://www.entreprise-pourette.fr/,https://www.google.com/maps/place/Entreprise+Pourette/data=!4m7!3m6!1s0x47f2e2b2d697bbed:0xe06eeb4e7c256a6f!8m2!3d46.794353!4d4.8270024!16s%2Fg%2F11flt3hm52!19sChIJ7buX1rLi8kcRb2olfE7rbuA?authuser=0&hl=fr&rclk=1,,49907253600059,,
462d1b63-1574-4f5b-ab4a-f9552398a963,BP Sanitaires Chauffage,0682805695,bpsanitaireschauffage@orange.fr,medium,,,,,Chalon-sur-Saône,chauffagiste,chauffagiste,2,5.0,8,Chauffagiste,http://www.bp-sanitaires-chauffage.fr/,https://www.google.com/maps/place/BP+Sanitaires+Chauffage/data=!4m7!3m6!1s0x47f3001338757ba1:0x96ca4d81eeec5259!8m2!3d46.7015278!4d4.7596014!16s%2Fg%2F11btlv6kcr!19sChIJoXt1OBMA80cRWVLs7oFNypY?authuser=0&hl=fr&rclk=1,,,,
91664115-0a11-4259-829c-6c66f02736e8,21Celsius - CHALON SUR SAONE,0385446879,contact@21celsius.fr,high,,,,,Chalon-sur-Saône,chauffagiste,chauffagiste,2,4.8,85,Chauffagiste,https://21celsius.fr/,https://www.google.com/maps/place/21Celsius+-+CHALON+SUR+SAONE/data=!4m7!3m6!1s0x47f2fb0058babb6f:0x5c290c265434ff49!8m2!3d46.8094432!4d4.8657614!16s%2Fg%2F11vjrnvwyj!19sChIJb7u6WAD78kcRSf80VCYMKVw?authuser=0&hl=fr&rclk=1,,,,
b20ec32a-c06b-4e83-82a1-e9775f1a55fd,Rt plomberie chauffage climatisation,0767656261,rt.electriciteplomberie@gmail.com,medium,Tarek,Riani,TAREK RIANI,siret_insee,Chalon-Sur-Saone,chauffagiste,chauffagiste,2,4.9,121,Plombier,http://rt-electricite-plomberie.fr/,https://www.google.com/maps/place/Rt+plomberie+chauffage+climatisation/data=!4m7!3m6!1s0x6fea9162d881b1e5:0x5f4fe28146790ebd!8m2!3d46.8022167!4d4.8630927!16s%2Fg%2F11mdfgpd25!19sChIJ5bGB2GKR6m8RvQ55RoHiT18?authuser=0&hl=fr&rclk=1,43.22A,79966802500023,2014-01-20,NN
b682ac87-6a9e-4ff0-a55c-4dcf7c44b3e5,Fernand'o RenoV,0767634351,contact@fernando-renov.fr,high,Joffrey,Fernando,JOFFREY FERNANDO,siret_insee,Chalon-Sur-Saone,chauffagiste,chauffagiste,2,5.0,10,Plombier,https://www.fernando-renov.fr/,https://www.google.com/maps/place/Fernand%27o+RenoV/data=!4m7!3m6!1s0x4980aa82da62b871:0xde56a68f46e4c414!8m2!3d46.8002367!4d4.8736208!16s%2Fg%2F11wnfnz4j9!19sChIJcbhi2oKqgEkRFMTkRo-mVt4?authuser=0&hl=fr&rclk=1,43.22B,93120177600016,2024-07-15,NN
b277d1e9-05e6-4574-8ddb-e5dc054f4efd,TB Chauffage,0676735599,contact@tbchauffage.fr,high,Bruno Philippe,Terrier,BRUNO PHILIPPE TERRIER (TERRIER),siret_insee,Mancey,chauffagiste,chauffagiste,2,5.0,6,Chauffagiste,https://www.tbchauffage.fr/,https://www.google.com/maps/place/TB+Chauffage/data=!4m7!3m6!1s0x47f3059c5f6dc063:0x16cc6323d7a63ca6!8m2!3d46.5763589!4d4.830536!16s%2Fg%2F11vszh7z9d!19sChIJY8BtX5wF80cRpjym1yNjzBY?authuser=0&hl=fr&rclk=1,43.22B,98204762300011,2023-12-01,NN
ab3e620d-cf9d-4912-8085-255416cb02c8,Perol SAS,0385451485,contact@perol-sas.fr,low,Mathieu,Perol,MATHIEU PEROL,siret_insee,Mercurey,chauffagiste,chauffagiste,2,5.0,4,Plombier,https://www.perol-sas.com/,https://www.google.com/maps/place/Perol+SAS/data=!4m7!3m6!1s0x47f2f8ee85a15049:0xccc76e07cee53b9!8m2!3d46.832623!4d4.728107!16s%2Fg%2F1v7tkqcf!19sChIJSVChhe748kcRuVPufOB2zAw?authuser=0&hl=fr&rclk=1,43.21A,38855845400012,1992-04-01,11
1ee1b6fc-daba-4f88-b38d-b71f2b7a7101,Technitoit Chalon-sur-Saône,0353641331,collober.v@technitoit.com,high,,,,,Chalon-sur-Saône,chauffagiste,chauffagiste,2,4.7,62,Chauffagiste,https://www.technitoit.com/agence/chalon-sur-saone/?utm_source=gmb&utm_medium=gmb,https://www.google.com/maps/place/Technitoit+Chalon-sur-Sa%C3%B4ne/data=!4m7!3m6!1s0x47f2e3a7f3c0dc6b:0x301ec2ed2216989e!8m2!3d46.7632428!4d4.8935988!16s%2Fg%2F11wxfl0w6j!19sChIJa9zA86fj8kcRnpgWIu3CHjA?authuser=0&hl=fr&rclk=1,,,,
e4077356-2a55-4a2f-bed4-2ea023b720a9,Climacontrole EURL,0385435190,climacontrole71@gmail.com,medium,Mohamed,Et Triref,MOHAMED ET TRIREF,siret_insee,Remigny,chauffagiste,chauffagiste,2,5.0,21,Fournisseur d'équipements de chauffage,http://www.climacontrole.fr/,https://www.google.com/maps/place/Climacontrole+EURL/data=!4m7!3m6!1s0x47f2f7dcb14635b9:0xd465887e2edd22ec!8m2!3d46.9065064!4d4.7258095!16s%2Fg%2F11c2pmvvzq!19sChIJuTVGsdz38kcR7CLdLn6IZdQ?authuser=0&hl=fr&rclk=1,43.22B,52420502800029,2010-08-01,01
be7f0c34-051f-47bd-84b2-4686c9536199,SARL A. TRIOULIER,0143752022,chaudieres.alfortville@gmail.com,medium,Est Thierry Trioulier,M.,est M. Thierry Trioulier,mentions_legales,Maisons-Alfort,chauffagiste,chauffagiste,3,5.0,7,Chauffagiste,https://chaudieres.com/,https://www.google.com/maps/place/SARL+A.+TRIOULIER/data=!4m7!3m6!1s0x47e673ec5e5f4561:0x48a29147c6aa1e43!8m2!3d48.7885774!4d2.4268537!16s%2Fg%2F11y8ww8fx1!19sChIJYUVfXuxz5kcRQx6qxkeRokg?authuser=0&hl=fr&rclk=1,,,,
a73bca2b-a1a9-466b-9728-3da9727b47ad,REABIL - RGE Pompe à chaleur et Isolation thermique,0180919095,contact@reabil.fr,high,Vadim Hacene Emile,Vadimnait Belkacem-Guillou,VADIM HACENE EMILE VADIMNAIT BELKACEM-GUILLOU (GUILLOU),siret_insee,Vitry-Sur-Seine,chauffagiste,chauffagiste,2,5.0,54,Chauffagiste,https://www.reabil.fr/,https://www.google.com/maps/place/REABIL+-+RGE+Pompe+%C3%A0+chaleur+et+Isolation+thermique/data=!4m7!3m6!1s0x47e6736fa62f3433:0x32643934eb917347!8m2!3d48.8018557!4d2.4027528!16s%2Fg%2F11qhg93yzz!19sChIJMzQvpm9z5kcRR3OR6zQ5ZDI?authuser=0&hl=fr&rclk=1,43.29A,88420336500017,2020-06-03,01
081a7191-b780-42d5-a2a7-c55781336fea,Vecteur Energie pompe à chaleur et panneaux solaires,0184230193,contact@vecteurenergie.fr,high,,Kennedy,Kennedy,mentions_legales,Alfortville,chauffagiste,chauffagiste,2,4.6,336,Fournisseur d'équipements de chauffage,https://vecteurenergie.fr/,https://www.google.com/maps/place/Vecteur+Energie+pompe+%C3%A0+chaleur+et+panneaux+solaires/data=!4m7!3m6!1s0x47e673072357d237:0xba002eb5856e36a9!8m2!3d48.8147685!4d2.4131014!16s%2Fg%2F11mvnm6_st!19sChIJN9JXIwdz5kcRqTZuhbUuALo?authuser=0&hl=fr&rclk=1,,,,
8c0556ad-a9d0-4392-af55-fbec6fa2ad8c,Clima'Tech EURL,0623122448,climatech71@gmail.com,medium,,,,,Chalon-sur-Saône,chauffagiste,chauffagiste,2,5.0,45,Chauffagiste,https://www.climatech71.fr/?utm_source=gmb,https://www.google.com/maps/place/Clima%27Tech+EURL/data=!4m7!3m6!1s0xc9fb7116f81a86d:0xacf413d9af0e85!8m2!3d46.7866125!4d4.9230622!16s%2Fg%2F11w4c2fh82!19sChIJbaiBbxG3nwwRhQ6v2RP0rAA?authuser=0&hl=fr&rclk=1,,,,
ea292e3c-ff0b-41c0-be25-cb8f8b52b3ad,Exo'Energie,0184230009,contact@exoenergie.net,high,Demhat,Cetin,DEMHAT CETIN,siret_insee,Alfortville,chauffagiste,chauffagiste,3,5.0,14,Chauffagiste,https://pac.exoenergie.net/,https://www.google.com/maps/place/Exo%27Energie/data=!4m7!3m6!1s0x931ed2bd577ddbf:0x98cb8491160b42df!8m2!3d48.7981523!4d2.4239828!16s%2Fg%2F11lybxnzsk!19sChIJv9131SvtMQkR30ILFpGEy5g?authuser=0&hl=fr&rclk=1,41.20A,80832476800015,2015-01-02,NN
ee5b452f-6285-41a4-b684-7ac067e8532c,Serdatherm,0677156868,contact.serdatherm@gmail.com,medium,,,,,Tarbes,chauffagiste,chauffagiste,2,5.0,4,Plombier,https://www.serdatherm.fr/actualite?id=0,https://www.google.com/maps/place/Serdatherm/data=!4m7!3m6!1s0x12a9d35c41f63d35:0xb7948d76d23bb960!8m2!3d43.2352166!4d0.0820242!16s%2Fg%2F11k9jpw60b!19sChIJNT32QVzTqRIRYLk70naNlLc?authuser=0&hl=fr&rclk=1,,,,
7c693c1b-96a9-4b86-abbe-9e5670c44ebf,Plombier Chauffagiste - Spécialiste chaudière gaz -SAV GAZ,0607089743,savgaztarbes@gmail.com,medium,Julie,Ergaud,JULIE ERGAUD,siret_insee,Tarbes,chauffagiste,chauffagiste,2,4.9,60,Chauffagiste,http://www.savgaz65.com/,https://www.google.com/maps/place/Plombier+Chauffagiste+-+Sp%C3%A9cialiste+chaudi%C3%A8re+gaz+-SAV+GAZ/data=!4m7!3m6!1s0x12a9d4650680997d:0x36ed1fe5ea1a7a!8m2!3d43.2233509!4d0.0703518!16s%2Fg%2F11b6d7f68h!19sChIJfZmABmXUqRIRehrq5R_tNgA?authuser=0&hl=fr&rclk=1,43.22A,40217568100038,1995-09-01,03
7e8022c8-ea93-4c30-9be6-16c4a18e9028,Comalec,0385460906,comalec@comalec.fr,high,,Macioce,MACIOCE,mentions_legales,Chalon-sur-Saône,chauffagiste,chauffagiste,2,4.7,98,Chauffagiste,http://www.comalec.fr/,https://www.google.com/maps/place/Comalec/data=!4m7!3m6!1s0x47f2fb4f6c8db043:0xd8e52e39ba1de4cf!8m2!3d46.8116505!4d4.8673518!16s%2Fg%2F1th09sb6!19sChIJQ7CNbE_78kcRz-Qdujku5dg?authuser=0&hl=fr&rclk=1,,,,
b449349c-abd2-4c88-a1ce-6b8f65e82c9f,Résoconfort Smecso,0562443735,contact.adag@resoconfort.fr,high,,,,,Tarbes,chauffagiste,chauffagiste,2,4.9,54,Chauffagiste,https://resoconfort.fr/agence/smecso-chauffagiste-tarbes/?utm_source=gmb,https://www.google.com/maps/place/R%C3%A9soconfort+Smecso/data=!4m7!3m6!1s0x12a9d3f2c22b6691:0xa0d7e65f052e174a!8m2!3d43.2181866!4d0.0898566!16s%2Fg%2F11vyt52swf!19sChIJkWYrwvLTqRIRShcuBV_m16A?authuser=0&hl=fr&rclk=1,,,,
5ea59ef3-808e-4e33-993e-a5e77889ee75,SAS Feu de Bresse | Poêles et chaudières bois et granulés,0385470357,contact@feudebresse.com,high,Mikael,Yanardag,MIKAEL YANARDAG,siret_insee,Salins-Les-Bains,chauffagiste,chauffagiste,2,4.6,118,Chauffagiste,http://feudebresse.com/,https://www.google.com/maps/place/SAS+Feu+de+Bresse+%7C+Po%C3%AAles+et+chaudi%C3%A8res+bois+et+granul%C3%A9s/data=!4m7!3m6!1s0x47f2e35d8efa47fd:0x1494b3f8a5a0191b!8m2!3d46.7864834!4d4.911682!16s%2Fg%2F11h0bx2w8z!19sChIJ_Uf6jl3j8kcRGxmgpfizlBQ?authuser=0&hl=fr&rclk=1,70.21Z,79494731700044,2013-09-01,03
5e4865c5-4f5e-4312-8707-344c54bc19c5,SP2C POMBERIE CHAUFFAGE CLIMATISATION,0625075640,sp2c.pro@gmail.com,medium,,,,,Arles,chauffagiste,chauffagiste,3,5.0,78,Chauffagiste,https://plombier-arles-sp2c.fr/?utm_source=gmb,https://www.google.com/maps/place/SP2C+POMBERIE+CHAUFFAGE+CLIMATISATION/data=!4m7!3m6!1s0x685a02e74937facf:0xc8621e1eb49cada4!8m2!3d43.6646343!4d4.6856057!16s%2Fg%2F11wx9xqy5v!19sChIJz_o3SecCWmgRpK2ctB4eYsg?authuser=0&hl=fr&rclk=1,,,,
67dfd88f-59b4-442f-a861-8c39e162ef45,Provence Plomberie Chauffage,0490478257,proplomberie13@gmail.com,medium,,,,,Arles,chauffagiste,chauffagiste,3,5.0,26,Chauffagiste,https://www.provence-plomberie.fr/demander-un-devis,https://www.google.com/maps/place/Provence+Plomberie+Chauffage/data=!4m7!3m6!1s0x12b6761cf99bd56d:0x7b1443ddd0b9e1b8!8m2!3d43.6970068!4d4.6329446!16s%2Fg%2F11b5ywcwzs!19sChIJbdWb-Rx2thIRuOG50N1DFHs?authuser=0&hl=fr&rclk=1,,,,
36324902-a37a-4ffa-9f8e-01c5c536790f,Axenergie Arles,0490962886,contact@axenergie.eu,high,Est Julien,Philippe,est Julien PHILIPPE,mentions_legales,Arles,chauffagiste,chauffagiste,3,4.7,51,Chauffagiste,https://www.axenergie.eu/agences/49-axenergie-arles,https://www.google.com/maps/place/Axenergie+Arles/data=!4m7!3m6!1s0x12b67604f8b58901:0x6c50a2b35c25d7cc!8m2!3d43.6988066!4d4.6437983!16s%2Fg%2F1thbgshf!19sChIJAYm1-AR2thIRzNclXLOiUGw?authuser=0&hl=fr&rclk=1,,,,
08c608f5-e0ae-4407-be84-51bb2ffdf35e,OuiClim,0781612852,contact@ouiclim.fr,high,Jayce,Colomar,JAYCE COLOMAR,siret_insee,Arles,chauffagiste,chauffagiste,3,4.9,45,Fournisseur d'équipements de chauffage,https://ouiclim.fr/,https://www.google.com/maps/place/OuiClim/data=!4m7!3m6!1s0x12b5c97a8e680855:0x57eee4ab04d29067!8m2!3d43.6971381!4d4.6327823!16s%2Fg%2F11j2_svbd0!19sChIJVQhojnrJtRIRZ5DSBKvk7lc?authuser=0&hl=fr&rclk=1,43.22B,88254303600017,2020-03-16,01
7904bde0-c077-4fd9-88fe-16d07e9bd10f,"Service assainissement 93 : Débouchage canalisation, installation et entretien pompe de relevage et vidange fosse septique",0179633182,contact@tssoluce.com,high,,,,,Stains,chauffagiste,chauffagiste,2,4.9,8,Plombier,https://www.tssoluce.com/,"https://www.google.com/maps/place/Service+assainissement+93+:+D%C3%A9bouchage+canalisation,+installation+et+entretien+pompe+de+relevage+et+vidange+fosse+septique/data=!4m7!3m6!1s0x47e66bbc39fb0d99:0x31489c448aa07957!8m2!3d48.9495723!4d2.388184!16s%2Fg%2F11ng2f276s!19sChIJmQ37Obxr5kcRV3mgikScSDE?authuser=0&hl=fr&rclk=1",,,,
36c3f5c5-b08d-4600-8791-ac229e5125b7,Albert Et Fils,0143530297,contact@albert-et-fils.fr,high,Stephane,Hoze,STEPHANE HOZE,siret_insee,Creteil,chauffagiste,chauffagiste,2,4.7,66,Chauffagiste,https://albert-et-fils.fr/alfortville-94140,https://www.google.com/maps/place/Albert+Et+Fils/data=!4m7!3m6!1s0x47e673a1cf64d839:0xcf624d25d2cf452!8m2!3d48.813728!4d2.4158275!16s%2Fg%2F11h0spbv0v!19sChIJOdhkz6Fz5kcRUvQsXdIk9gw?authuser=0&hl=fr&rclk=1,41.20A,50540208100069,2008-07-03,NN
f28fc999-2ec7-41e7-9595-52f5858a5f0d,Fécamp Services,0185421076,contact@fecamp-services.com,high,,,,,Alfortville,chauffagiste,chauffagiste,2,4.8,48,Chauffagiste,https://fecamp-services.com/?utm_source=gmb,https://www.google.com/maps/place/F%C3%A9camp+Services/data=!4m7!3m6!1s0x47e67392abe4bf0f:0xa554a025e8c83751!8m2!3d48.8213673!4d2.4193048!16s%2Fg%2F11y50ltbhm!19sChIJD7_kq5Jz5kcRUTfI6CWgVKU?authuser=0&hl=fr&rclk=1,,,,
9975be40-4133-4704-818a-f82fd9675b57,Camargue Plomberie Chauffage,0620763472,contact@camargue-plomberie-chauffage.fr,high,Jacques,Guichard,JACQUES GUICHARD,siret_insee,Arles,chauffagiste,chauffagiste,3,4.8,48,Chauffagiste,http://www.camargue-plomberie-chauffage.fr/,https://www.google.com/maps/place/Camargue+Plomberie+Chauffage/data=!4m7!3m6!1s0x12b6713fffffffff:0xdd7da59b9b8e91f3!8m2!3d43.6777928!4d4.5988659!16s%2Fg%2F1hc5bsxmf!19sChIJ_____z9xthIR85GOm5ulfd0?authuser=0&hl=fr&rclk=1,43.22A,53893260900018,2012-01-01,02
8be3efa0-a2d7-4a2f-9ff2-46116528c12b,Sarl 2.G,0490439364,sarl2g13200@gmail.com,medium,,,,,Arles,chauffagiste,chauffagiste,3,5.0,3,Plombier,http://www.sarl2g.fr/,https://www.google.com/maps/place/Sarl+2.G/data=!4m7!3m6!1s0x12b675722db07ba3:0x6f2293e76b120b42!8m2!3d43.6722822!4d4.6771741!16s%2Fg%2F11h4z5v0rb!19sChIJo3uwLXJ1thIRQgsSa-eTIm8?authuser=0&hl=fr&rclk=1,,,,
52b600b4-d8f3-4cdf-ab6b-c916246f38b1,AP2C Arles Plomberie Chauffage et Climatisation,0649147249,contact@ap2c-arles.fr,high,,,,,Arles,chauffagiste,chauffagiste,3,5.0,22,Chauffagiste,https://ap2c-arles.fr/,https://www.google.com/maps/place/AP2C+Arles+Plomberie+Chauffage+et+Climatisation/data=!4m7!3m6!1s0x8490c1d7bcd7d669:0xb1a9b8eaa356ca4e!8m2!3d43.5737641!4d4.7074999!16s%2Fg%2F11y9xj77jy!19sChIJadbXvNfBkIQRTspWo-q4qbE?authuser=0&hl=fr&rclk=1,,,,
9171ca7c-342f-4b8f-90d9-1c24fcd9e727,Arles Tarres Plomberie,0669481291,pierretarres5@gmail.com,medium,,,,,Arles,chauffagiste,chauffagiste,3,5.0,20,Chauffagiste,https://www.arles-tarres-plomberie.com/,https://www.google.com/maps/place/Arles+Tarres+Plomberie/data=!4m7!3m6!1s0x4fc58948e600959d:0x5e8b750aa7ae25b!8m2!3d43.6652632!4d4.6095097!16s%2Fg%2F11y4sz5b9m!19sChIJnZUA5kiJxU8RW-J6qlC36AU?authuser=0&hl=fr&rclk=1,,,,
ee9b8c0f-19a7-410f-a6cd-5b209bc01ec3,H&L Energies,0766700600,contact@hlenergies.fr,high,Thibault,Lacome,Thibault Lacome,mentions_legales,Tarbes,chauffagiste,chauffagiste,2,5.0,80,Chauffagiste,https://hlenergies.fr/,https://www.google.com/maps/place/H%26L+Energies/data=!4m7!3m6!1s0xbe6c24464f4596d:0xc738e860f45c8242!8m2!3d43.2379855!4d0.0610044!16s%2Fg%2F11tc8smmx1!19sChIJbVn0ZETC5gsRQoJc9GDoOMc?authuser=0&hl=fr&rclk=1,,91218808300014,,
f23d151c-a852-480e-be8b-0ac17b50a79b,Audax Plomberie,0630145954,audaxplomberie@outlook.fr,medium,,,,,Laval,chauffagiste,chauffagiste,2,5.0,33,Plombier,http://audaxplomberie.fr/,https://www.google.com/maps/place/Audax+Plomberie/data=!4m7!3m6!1s0x4808ff8a35703f69:0x7cdc95a263de354a!8m2!3d48.0562859!4d-0.7477514!16s%2Fg%2F11j0sfkj66!19sChIJaT9wNYr_CEgRSjXeY6KV3Hw?authuser=0&hl=fr&rclk=1,,,,
7ed26ebd-a66c-4377-b537-0687499774f8,PAC,0490476908,contact@pacplomberie.fr,high,Est,Nicolas Roques. Ci-Après L,est Nicolas Roques. ci-après l,mentions_legales,Arles,chauffagiste,chauffagiste,3,4.5,23,Chauffagiste,https://pacplomberie.fr/,https://www.google.com/maps/place/PAC/data=!4m7!3m6!1s0x12b60b11995e4a19:0xd70951f3906667cb!8m2!3d43.7258599!4d4.693235!16s%2Fg%2F1tk0srns!19sChIJGUpemRELthIRy2dmkPNRCdc?authuser=0&hl=fr&rclk=1,,94021879500018,,
793e59ab-3a64-4310-8f70-170e91a6526d,BF Plomberie,0662760812,contact@bfplomberie.com,high,,,,,Grasse,chauffagiste,chauffagiste,2,4.9,119,Chauffagiste,https://www.bfplomberie.com/,https://www.google.com/maps/place/BF+Plomberie/data=!4m7!3m6!1s0x12cc27e559f5cb61:0xe1e8ec6246a17f0c!8m2!3d43.6534782!4d6.9197037!16s%2Fg%2F11fl7clz8y!19sChIJYcv1WeUnzBIRDH-hRmLs6OE?authuser=0&hl=fr&rclk=1,,,,
fe5df33d-f823-449b-849e-e2f5b519e00f,Plombier chauffagiste bagneux,0621139285,contact@plombierchauffagistebagneux.fr,high,Ali,Chelouah Domicilié Au,Ali Chelouah Domicilié au,mentions_legales,Bagneux,chauffagiste,chauffagiste,2,4.9,162,Chauffagiste,http://plombierchauffagistebagneux.fr/,https://www.google.com/maps/place/Plombier+chauffagiste+bagneux/data=!4m7!3m6!1s0xace8d62de051a2cd:0xc693b41fdca62e8b!8m2!3d48.7991295!4d2.3166346!16s%2Fg%2F11y87lpk0n!19sChIJzaJR4C3W6KwRiy6m3B-0k8Y?authuser=0&hl=fr&rclk=1,,,,
d46b1eab-d106-4dbf-b512-1794ac49278d,Allo Techni-Gaz,0243531496,allotechnigaz@wanadoo.fr,medium,Tessier,Nicolas,Tessier Nicolas,mentions_legales,Laval,chauffagiste,chauffagiste,2,4.6,17,Plombier,https://allotechnigaz.com/,https://www.google.com/maps/place/Allo+Techni-Gaz/data=!4m7!3m6!1s0x4808fde447647827:0xcc5d47efe245cbc1!8m2!3d48.0641763!4d-0.7607457!16s%2Fg%2F113hsytnj!19sChIJJ3hkR-T9CEgRwctF4u9HXcw?authuser=0&hl=fr&rclk=1,,,,
d3fe4aad-ac5b-43f0-be28-429499744f4c,Bergère Energies SARL,0243904671,contact@bergere-energies.fr,high,Alexandre Guy Raymond,Bergere,ALEXANDRE GUY RAYMOND BERGERE,siret_insee,Change,chauffagiste,chauffagiste,2,4.7,80,Chauffagiste,http://www.bergere-energies.fr/,https://www.google.com/maps/place/Berg%C3%A8re+Energies+SARL/data=!4m7!3m6!1s0x48090207e6361283:0x5e85eeb1364619d1!8m2!3d48.0889072!4d-0.7495006!16s%2Fg%2F11b7q1d46x!19sChIJgxI25gcCCUgR0RlGNrHuhV4?authuser=0&hl=fr&rclk=1,43.22A,50085190200055,2007-11-06,03
558c6c7f-b893-43f2-8a6d-3c84697734e5,DIFFUSION SERVICES,0478358553,contact@diffusion-services.com,high,,,,,Vaulx-en-Velin,chauffagiste,chauffagiste,2,4.7,61,Plombier,https://diffusion-services.com/?utm_source=google&utm_medium=organic&utm_campaign=gbp&utm_content=Diffusion_Service_Vaulx-en-Velin,https://www.google.com/maps/place/DIFFUSION+SERVICES/data=!4m7!3m6!1s0x47f4c1c63570ec9b:0xde9fd0c88f272506!8m2!3d45.7894472!4d4.9091505!16s%2Fg%2F11h092b_n2!19sChIJm-xwNcbB9EcRBiUnj8jQn94?authuser=0&hl=fr&rclk=1,,78956689885505,,
819d63fa-6c4f-4488-b8cd-3c1396f0c606,Avenir Confort Energie,0967318192,contact@avenirconfortenergie.com,high,Morgan,Remond,MORGAN REMOND (REMOND),siret_insee,Grasse,chauffagiste,chauffagiste,2,5.0,161,Chauffagiste,https://www.avenirconfortenergie.com/,https://www.google.com/maps/place/Avenir+Confort+Energie/data=!4m7!3m6!1s0x12cc2f4c4cf125a5:0xda0801b3b5dee73b!8m2!3d43.660339!4d6.9341427!16s%2Fg%2F11fcpscbrh!19sChIJpSXxTEwvzBIRO-fetbMBCNo?authuser=0&hl=fr&rclk=1,43.22B,79380045900026,2013-07-01,03
016ccb79-d9a8-4718-88a4-47075a6d32d3,PELLET FRERES - Chauffage - Climatisation - Plomberie - Solaire,0478800194,contact@pelletfreres.fr,high,,Pellet,PELLET,mentions_legales,Vaulx-en-Velin,chauffagiste,chauffagiste,2,4.6,59,Chauffagiste,https://www.pelletfreres.fr/,https://www.google.com/maps/place/PELLET+FRERES+-+Chauffage+-+Climatisation+-+Plomberie+-+Solaire/data=!4m7!3m6!1s0x47f4c0bf39d0fa27:0x5f58b861ab082fc!8m2!3d45.7795705!4d4.9443148!16s%2Fg%2F11c2pr85xf!19sChIJJ_rQOb_A9EcR_IKwGoaL9QU?authuser=0&hl=fr&rclk=1,,,,
8bf75100-7165-4649-a30d-9601b935bbd6,"2s solutions // pompe à chaleur, photovoltaïque et borne de recharge véhicule électrique",0972010012,contact@2s-solutions.fr,high,,,,,Bron,chauffagiste,chauffagiste,3,5.0,117,Chauffagiste,https://2s-solutions.fr/,"https://www.google.com/maps/place/2s+solutions+%2F%2F+pompe+%C3%A0+chaleur,+photovolta%C3%AFque+et+borne+de+recharge+v%C3%A9hicule+%C3%A9lectrique/data=!4m7!3m6!1s0x47f4c70abe117ba5:0xfd2d07526ea48e3e!8m2!3d45.7333451!4d4.9613275!16s%2Fg%2F11sh7pgzgp!19sChIJpXsRvgrH9EcRPo6kblIHLf0?authuser=0&hl=fr&rclk=1",,,,
3c79fb3b-2fcc-48ee-a0e1-14dbcaf34e89,AQUA ENERGIE PLOMBERIE,0970143367,qays069120@gmail.com,medium,Aqua,Energie Plomberie,Aqua Energie Plomberie,mentions_legales,Vaulx-en-Velin,chauffagiste,chauffagiste,2,5.0,10,Plombier,https://aquaenergieplomberie.fr/,https://www.google.com/maps/place/AQUA+ENERGIE+PLOMBERIE/data=!4m7!3m6!1s0x4084aebcb611d6fd:0x7ff6ad0528aa2e11!8m2!3d45.7759404!4d4.9256019!16s%2Fg%2F11x26s68jf!19sChIJ_dYRtryuhEARES6qKAWt9n8?authuser=0&hl=fr&rclk=1,,,,
b6beb56a-48eb-47dc-8fd1-52f95941f36e,SAS BOURKAA Plomberie,0758419325,plombier69120@hotmail.com,medium,,,,,Vaulx-en-Velin,chauffagiste,chauffagiste,2,4.9,40,Chauffagiste,https://plomberie-sas-bourkaa.com/,https://www.google.com/maps/place/SAS+BOURKAA+Plomberie/data=!4m7!3m6!1s0x47f4c10994cf978f:0xe29b230d8d556ce1!8m2!3d45.78542!4d4.9249096!16s%2Fg%2F11t5tjvcdr!19sChIJj5fPlAnB9EcR4WxVjQ0jm-I?authuser=0&hl=fr&rclk=1,,,,
a0b8e483-57ce-42f6-8169-ec9e05b0e0e7,Atout Gaz Bouquet,0478847442,infos@atout-gaz.com,high,Laurent,Allard,LAURENT ALLARD (ALLARD),siret_insee,Roubaix,chauffagiste,chauffagiste,2,4.8,594,Chauffagiste,https://www.atout-gaz.com/,https://www.google.com/maps/place/Atout+Gaz+Bouquet/data=!4m7!3m6!1s0x47f4c12686859195:0xc9302804109baa1f!8m2!3d45.7546419!4d4.943818!16s%2Fg%2F1tzgnklc!19sChIJlZGFhibB9EcRH6qbEAQoMMk?authuser=0&hl=fr&rclk=1,63.11Z,42476141900045,1999-10-15,42
7ffd3797-d607-49da-b415-8101ee9c1522,Chauffage 2000,0478917324,contact@chauffage-2000.com,high,,,,,Caluire-et-Cuire,chauffagiste,chauffagiste,2,4.7,63,Chauffagiste,https://www.chauffage-2000.com/,https://www.google.com/maps/place/Chauffage+2000/data=!4m7!3m6!1s0x47f49755b618253b:0xe5e4daf150133be6!8m2!3d45.8982712!4d4.8203242!16s%2Fg%2F11gtzpkzc9!19sChIJOyUYtlWX9EcR5jsTUPHa5OU?authuser=0&hl=fr&rclk=1,,,,
facafb7e-78d4-47a3-a9e1-270f7bf37b4e,FEUILLERAT SARL,0556701770,ent.feuillerat@orange.fr,medium,,,,,Saint-Médard-en-Jalles,chauffagiste,chauffagiste,2,4.7,9,Plombier,https://www.entfeuillerat.fr/,https://www.google.com/maps/place/FEUILLERAT+SARL/data=!4m7!3m6!1s0xd54d112080df255:0x1c540e0f9bb6e6f!8m2!3d44.883397!4d-0.7411865!16s%2Fg%2F11pdwggdhr!19sChIJVfINCBLRVA0Rb267-eBAxQE?authuser=0&hl=fr&rclk=1,,,,
4f4283b6-0e9c-4dd5-8684-6bc381663a5c,EGB Sud-Ouest (Entreprise Gabriel Bâtiment Sud Ouest),0603269003,contact@egbsudouest.fr,low,Felix Rajasekaran,Gabriel,FELIX RAJASEKARAN GABRIEL (GABRIEL),siret_insee,Saint-Medard-En-Jalles,chauffagiste,chauffagiste,2,4.9,27,Chauffagiste,https://egbsudouest-33.fr/,https://www.google.com/maps/place/EGB+Sud-Ouest+%28Entreprise+Gabriel+B%C3%A2timent+Sud+Ouest%29/data=!4m7!3m6!1s0xd54d194a17bba33:0x974d826356d8a4fb!8m2!3d44.8771604!4d-0.7026615!16s%2Fg%2F11qpw_y8pr!19sChIJM7p7oZTRVA0R-6TYVmOCTZc?authuser=0&hl=fr&rclk=1,43.22A,53154897200011,2011-04-01,NN
8a52fe70-d754-4158-839a-a553ecd64848,NAD-EAU,0147650431,info@nad-eau.fr,high,,,,,Meudon,chauffagiste,chauffagiste,2,5.0,18,Chauffagiste,https://nad-eau.fr/,https://www.google.com/maps/place/NAD-EAU/data=!4m7!3m6!1s0x47e67b30055096b5:0xec6c738a13aff4ff!8m2!3d48.8195978!4d2.249568!16s%2Fg%2F11xvzf64x0!19sChIJtZZQBTB75kcR__SvE4pzbOw?authuser=0&hl=fr&rclk=1,,,,
3e81a484-0920-4331-9dbf-6cf6d1bfc747,Résoconfort Depan'chauffage service,0169889889,contact.adag@resoconfort.fr,high,,,,,Clamart,chauffagiste,chauffagiste,2,4.5,168,Chauffagiste,https://resoconfort.fr/agence/depanchauffage-service-chauffagiste-le-plessis-robinson/?utm_source=gmb,https://www.google.com/maps/place/R%C3%A9soconfort+Depan%27chauffage+service/data=!4m7!3m6!1s0x47e67b3992a0de5d:0xcaa76c26beca0ca9!8m2!3d48.7849266!4d2.2695593!16s%2Fg%2F11fn03hcc9!19sChIJXd6gkjl75kcRqQzKviZsp8o?authuser=0&hl=fr&rclk=1,,,,
3ca742db-1e3f-461c-b8bb-c2a4ef51e874,Chauffe & Vous,0535541833,chauffeetvous@gmail.com,medium,Romain,Tarche,ROMAIN TARCHE (TARCHE),siret_insee,Le Taillan-Medoc,chauffagiste,chauffagiste,2,4.7,164,Plombier,http://www.chauffeetvous.fr/,https://www.google.com/maps/place/Chauffe+%26+Vous/data=!4m7!3m6!1s0xd54d6c9bace70fb:0x880cd9587285818f!8m2!3d44.9022315!4d-0.6817361!16s%2Fg%2F11b6d7rkgp!19sChIJ-3DOusnWVA0Rj4GFcljZDIg?authuser=0&hl=fr&rclk=1,43.22A,79057187100025,2013-01-16,11
9c199014-6544-4a49-85e1-c966b69165b8,Air Energie Photovoltaïque Pompe à Chaleur Climatisation Macon 71,0428350430,demande@airenergie.org,high,,,,,Bron,chauffagiste,chauffagiste,3,5.0,65,Chauffagiste,http://www.airenergie.org/,https://www.google.com/maps/place/Air+Energie+Photovolta%C3%AFque+Pompe+%C3%A0+Chaleur+Climatisation+Macon+71/data=!4m7!3m6!1s0x47f4c18d82085855:0x35587b7309a90687!8m2!3d45.7358964!4d4.9305031!16s%2Fg%2F11jvhj00df!19sChIJVVgIgo3B9EcRhwapCXN7WDU?authuser=0&hl=fr&rclk=1,,,,
3d413aef-1b64-4e42-8257-f75a5dc8a7e4,AJP33 Plombier Chauffagiste,0651051990,contact@ajp33.fr,high,Alain Didier,Jague,ALAIN DIDIER JAGUE (JAGUE),siret_insee,Saint-Medard-En-Jalles,chauffagiste,chauffagiste,2,5.0,10,Chauffagiste,https://ajp33.fr/services/,https://www.google.com/maps/place/AJP33+Plombier+Chauffagiste/data=!4m7!3m6!1s0xd54d1d011863d59:0xd87a6da316e16ae8!8m2!3d44.8942979!4d-0.7407642!16s%2Fg%2F11s67cx83v!19sChIJWT2GEdDRVA0R6GrhFqNtetg?authuser=0&hl=fr&rclk=1,43.22B,91355462200013,2022-05-16,NN
63ec4a04-5198-462d-9323-20a4893d1463,Fontanero & Co Plomberie Chauffage,0658114718,fontanero.co@gmail.com,medium,,,,,Saint-Médard-en-Jalles,chauffagiste,chauffagiste,2,5.0,105,Chauffagiste,https://www.fontanero-co-carrelage.fr/autres-services,https://www.google.com/maps/place/Fontanero+%26+Co+Plomberie+Chauffage/data=!4m7!3m6!1s0xd54d1bec967f481:0xd3a08b1faf3fd125!8m2!3d44.902794!4d-0.6822714!16s%2Fg%2F11j20g9j_n!19sChIJgfRnyb7RVA0RJdE_rx-LoNM?authuser=0&hl=fr&rclk=1,,,,
25a13242-6033-4105-99f9-19886a9c936b,EDM,0749582133,contact@edm33.fr,high,Mickael Mathieu,Duboue,MICKAEL MATHIEU DUBOUE (DUBOUE),siret_insee,Saint-Medard-En-Jalles,chauffagiste,chauffagiste,2,5.0,32,Chauffagiste,https://www.edm33.fr/,https://www.google.com/maps/place/EDM/data=!4m7!3m6!1s0xd54d1a379503e25:0x90e7d994b00809a1!8m2!3d44.8990536!4d-0.7482039!16s%2Fg%2F11tcxlr81h!19sChIJJT5QeaPRVA0RoQkIsJTZ55A?authuser=0&hl=fr&rclk=1,43.22B,80043485400025,2014-02-01,01
ed6557fc-74c3-431d-a7b6-5e38bd596893,Plomberie Bergues,0478837336,m.bergues@bergues.pro,high,Matthieu,Bergues,Matthieu Bergues,mentions_legales,Caluire-et-Cuire,chauffagiste,chauffagiste,2,4.8,128,Chauffagiste,http://www.bergues.pro/,https://www.google.com/maps/place/Plomberie+Bergues/data=!4m7!3m6!1s0x47f4955fde9e3a0d:0xd14af58f27bc9776!8m2!3d45.8186535!4d4.88029!16s%2Fg%2F1tfcbj6x!19sChIJDTqe3l-V9EcRdpe8J4_1StE?authuser=0&hl=fr&rclk=1,,,,
514d9143-6fd2-42bd-8613-fa4ad94d946e,ABC DU PLOMBIER,0640379623,projets@abcduplombier44.fr,high,Frederic Francois Eugene,Derache,FREDERIC FRANCOIS EUGENE DERACHE,siret_insee,Reze,chauffagiste,chauffagiste,2,4.8,36,Chauffagiste,https://abcduplombier44.fr/,https://www.google.com/maps/place/ABC+DU+PLOMBIER/data=!4m7!3m6!1s0x4805e96b427c6bc1:0x1ae3f4eccbaeb7c!8m2!3d47.1802603!4d-1.5385258!16s%2Fg%2F11g9qtfplj!19sChIJwWt8QmvpBUgRfOu6zE4_rgE?authuser=0&hl=fr&rclk=1,43.22A,83124705100012,2017-08-01,NN
b93a1a32-7f69-415a-8a7d-78b7fb1c484b,Collet,0699131971,cfplomberie44@gmail.com,medium,,,,,Rezé,chauffagiste,chauffagiste,2,5.0,133,Chauffagiste,https://www.fabricecolletplomberiechauffage.fr/,https://www.google.com/maps/place/Collet/data=!4m7!3m6!1s0x4805e965657eefff:0x3cf22066d41dbfd3!8m2!3d47.177691!4d-1.546329!16s%2Fg%2F11vdmxngl8!19sChIJ_-9-ZWXpBUgR078d1GYg8jw?authuser=0&hl=fr&rclk=1,,,,
839516ed-8fdf-4d62-83fb-078605e067fe,MARION ENERGIES,0240940597,contact@marionenergies.fr,high,,,,,Rezé,chauffagiste,chauffagiste,2,4.8,128,Chauffagiste,http://www.marionenergies.fr/,https://www.google.com/maps/place/MARION+ENERGIES/data=!4m7!3m6!1s0x4805ebd8de79a903:0x6ba20ec6f2feb52a!8m2!3d47.1781299!4d-1.5604088!16s%2Fg%2F11btm8wjyl!19sChIJA6l53tjrBUgRKrX-8sYOoms?authuser=0&hl=fr&rclk=1,,,,
50d67e56-f4ac-4504-8a25-df2b92eaa4a5,A2M énergies,0240477109,contact@a2m-energies.fr,high,Laurent,Allard,LAURENT ALLARD (ALLARD),siret_insee,Roubaix,chauffagiste,chauffagiste,2,4.9,264,Chauffagiste,http://www.a2m-energies.fr/,https://www.google.com/maps/place/A2M+%C3%A9nergies/data=!4m7!3m6!1s0x4805e9f4376786ab:0x498add9adbfd239a!8m2!3d47.1417462!4d-1.5268599!16s%2Fg%2F1hhjlhj3k!19sChIJq4ZnN_TpBUgRmiP925rdikk?authuser=0&hl=fr&rclk=1,63.11Z,42476141900045,1999-10-15,42
d3478881-dbee-4ff4-a693-4f5e6c377261,A.C.P. – Chauffagiste Plombier à Rezé | Chaudières Gaz & Fioul,0240750703,contact.acp.chauffage@gmail.com,medium,Alexandra,Binet,ALEXANDRA BINET (PACE),siret_insee,Reze,chauffagiste,chauffagiste,2,4.6,11,Chauffagiste,https://www.acp-chauffage.fr/,https://www.google.com/maps/place/A.C.P.+%E2%80%93+Chauffagiste+Plombier+%C3%A0+Rez%C3%A9+%7C+Chaudi%C3%A8res+Gaz+%26+Fioul/data=!4m7!3m6!1s0x480593110766de83:0x52d62007ac9eb489!8m2!3d47.1733209!4d-1.546677!16s%2Fg%2F1tfvyj6r!19sChIJg95mBxGTBUgRibSerAcg1lI?authuser=0&hl=fr&rclk=1,43.22A,47845107300074,2004-08-01,NN
30cb154a-d4a5-4cae-909b-b26d90db7f92,Entreprise Mipe,0672836302,etsmipe@hotmail.fr,medium,Joel,Gaillard,JOEL GAILLARD,siret_insee,Reze,chauffagiste,chauffagiste,2,4.8,18,Chauffagiste,http://www.mipe-renovation-salle-de-bain-et-cuisine-nantes.fr/,https://www.google.com/maps/place/Entreprise+Mipe/data=!4m7!3m6!1s0x4805e96e510011e5:0xc8d2377fe2604083!8m2!3d47.1765805!4d-1.5444609!16s%2Fg%2F1tdc4lw7!19sChIJ5REAUW7pBUgRg0Bg4n830sg?authuser=0&hl=fr&rclk=1,43.22A,40915936500033,1996-10-03,NN
84cff506-20ce-41f3-806a-7839a009f46a,"Atlantic Gaz, Réseau Chauffalia - Chaudière - Climatisation - Pompe à chaleur - Plomberie",0240751706,contact@chauffalia.fr,high,,Boullard,Boullard,mentions_legales,Rezé,chauffagiste,chauffagiste,2,4.6,124,Chauffagiste,https://chauffalia.fr/agences/atlantic-gaz/,"https://www.google.com/maps/place/Atlantic+Gaz,+R%C3%A9seau+Chauffalia+-+Chaudi%C3%A8re+-+Climatisation+-+Pompe+%C3%A0+chaleur+-+Plomberie/data=!4m7!3m6!1s0x4805e930aa6f481b:0xa64409a7cc7eca55!8m2!3d47.1656347!4d-1.5462601!16s%2Fg%2F11bzz47zb8!19sChIJG0hvqjDpBUgRVcp-zKcJRKY?authuser=0&hl=fr&rclk=1",,,,
309ba7f3-3541-417a-b776-f8d37f63bb0c,E.B.P ARTISAN PLOMBIER CHAUFFAGISTE,0787264151,boreedouard@gmail.com,medium,,,,,Vincennes,chauffagiste,chauffagiste,2,4.9,181,Chauffagiste,https://www.ebp-artisan-plombier.com/,https://www.google.com/maps/place/E.B.P+ARTISAN+PLOMBIER+CHAUFFAGISTE/data=!4m7!3m6!1s0x47e67363c3ada23d:0x92e812d50c82699!8m2!3d48.8534441!4d2.43428!16s%2Fg%2F11m9sz07s4!19sChIJPaKtw2Nz5kcRmSbIUC2BLgk?authuser=0&hl=fr&rclk=1,,,,
d56a982e-1b05-4e15-b467-5021c7bb39c9,Les Clôtures Marseillaises,0442941094,contact@cloture-et-portail.fr,high,Est,Monsieur Laurent Deus,est Monsieur Laurent Deus,mentions_legales,Aix-en-Provence,cloture,cloture,2,5.0,41,Magasin de matériel pour clôtures,http://www.cloture-et-portail.fr/,https://www.google.com/maps/place/Les+Cl%C3%B4tures+Marseillaises/data=!4m7!3m6!1s0x12c994a6ed3daad5:0x6076127adfa85220!8m2!3d43.4296606!4d5.4078368!16s%2Fg%2F11hc_3jwhh!19sChIJ1ao97aaUyRIRIFKo33oSdmA?authuser=0&hl=fr&rclk=1,,,,
40831e0e-5bf4-4d8e-8dea-4141c675e326,Allandrieu Plomberie Chauffage,0685402138,plomberiechauffage.a@gmail.com,medium,,,,,Bron,chauffagiste,chauffagiste,3,4.5,8,Chauffagiste,http://plomberie-lyon-allandrieu.com/,https://www.google.com/maps/place/Allandrieu+Plomberie+Chauffage/data=!4m7!3m6!1s0x47f4c1f7f658b641:0x7efb2658f12a46db!8m2!3d45.7415036!4d4.921206!16s%2Fg%2F11gy0_czdv!19sChIJQbZY9vfB9EcR20Yq8Vgm-34?authuser=0&hl=fr&rclk=1,,,,
341e812d-7f03-41bb-8a77-5c92bdd4885b,Pro 2 D - Protection Design Decoration,0496161142,contact@pro2d.fr,high,Cedric,Benlabbas,CEDRIC BENLABBAS,siret_insee,Marseille,cloture,cloture,3,5.0,5,Magasin de matériel pour clôtures,https://www.pro2d.fr/,https://www.google.com/maps/place/Pro+2+D+-+Protection+Design+Decoration/data=!4m7!3m6!1s0x12c9c04236c18211:0x395109c4370be7a9!8m2!3d43.3335062!4d5.3717823!16s%2Fg%2F1tds3lkb!19sChIJEYLBNkLAyRIRqecLN8QJUTk?authuser=0&hl=fr&rclk=1,47.99B,53301720800018,2011-06-01,03
b2ac6734-f8f2-4b68-aed1-6887d36429c4,B2CMG installation pompe a chaleur chatou - RGE QUALIPAC pompe a chaleur - installation climatisation - maintenance,0184802372,info@b2cmg-air-eau-chatou.com,high,,,,,Chatou,chauffagiste,chauffagiste,2,5.0,10,Chauffagiste,https://b2cmg-air-eau-chatou.com/,https://www.google.com/maps/place/B2CMG+installation+pompe+a+chaleur+chatou+-+RGE+QUALIPAC+pompe+a+chaleur+-+installation+climatisation+-+maintenance/data=!4m7!3m6!1s0x47e6631e5b5a2fc1:0xee8efacbac4392b4!8m2!3d48.9011754!4d2.1484604!16s%2Fg%2F11wwm6gbc5!19sChIJwS9aWx5j5kcRtJJDrMv6ju4?authuser=0&hl=fr&rclk=1,,,,
e6d98e85-8f92-4189-b618-f762b57ba951,Cloturaix,0442542904,contact@cloturaix.fr,high,,,,,Aix-en-Provence,cloture,cloture,2,4.9,16,Entrepreneur spécialisé dans les clôtures,http://www.cloturaix.fr/,https://www.google.com/maps/place/Cloturaix/data=!4m7!3m6!1s0x12c9ed2e74c9d309:0xb91667a9c263beda!8m2!3d43.480569!4d5.3885939!16s%2Fg%2F1tqks6hb!19sChIJCdPJdC7tyRIR2r5jwqlnFrk?authuser=0&hl=fr&rclk=1,,,,
0d1bf388-9f5e-4af9-b098-07742c67d149,HYDROVOLT,0613739072,contact@hydrovolt.fr,high,Bastien,Roussard,BASTIEN ROUSSARD,siret_insee,Nantes,chauffagiste,chauffagiste,2,5.0,27,Chauffagiste,https://hydrovolt.fr/,https://www.google.com/maps/place/HYDROVOLT/data=!4m7!3m6!1s0x79eaf46ea2d9b05:0x2f0c7af39c487460!8m2!3d47.188997!4d-1.554372!16s%2Fg%2F11msppn863!19sChIJBZst6kavngcRYHRInPN6DC8?authuser=0&hl=fr&rclk=1,43.22A,99531419200015,2025-12-17,NN
5a018e12-0819-4f40-93b8-74ccc55995d3,A.B.C Clotures,0442631097,abcclotures@wanadoo.fr,medium,Guilhem,Chaim,GUILHEM CHAIM,siret_insee,Aix En Provence,cloture,cloture,0,4.9,11,Entrepreneur spécialisé dans les clôtures,https://www.abcclotures.com/,https://www.google.com/maps/place/A.B.C+Clotures/data=!4m7!3m6!1s0x12c98cb5fdfae6e1:0x7dcce71c4080a709!8m2!3d43.56831!4d5.3987721!16s%2Fg%2F1tf62p56!19sChIJ4eb6_bWMyRIRCaeAQBznzH0?authuser=0&hl=fr&rclk=1,43.29B,48204739600015,2005-05-16,01
3bae6f48-89ac-4e6e-bf9d-b07cbc1b18f3,A.C Confort,0148973769,contact@ac-confort.com,high,Et,Ses Sous-Traitants. L,et ses sous-traitants. L,mentions_legales,Pantin,chauffagiste,chauffagiste,2,4.5,125,Chauffagiste,https://ac-confort.com/,https://www.google.com/maps/place/A.C+Confort/data=!4m7!3m6!1s0x47e66d0b3f060493:0xbbb1f6c6f80f48f8!8m2!3d48.8759423!4d2.4177181!16s%2Fg%2F11hbkbnw_d!19sChIJkwQGPwtt5kcR-EgP-Mb2sbs?authuser=0&hl=fr&rclk=1,,,,
6b106a16-dde7-4490-af47-28fff0ea8cc1,Provence Clôtures,0442929498,jardinsdecabrieres@gmail.com,medium,David Christian Stephane,Zignani,DAVID CHRISTIAN STEPHANE ZIGNANI,siret_insee,Lambesc,cloture,cloture,0,5.0,20,Entrepreneur spécialisé dans les clôtures,https://www.provence-clotures.fr/,https://www.google.com/maps/place/Provence+Cl%C3%B4tures/data=!4m7!3m6!1s0x12c9f7bb9a685e95:0x69d73b764379149c!8m2!3d43.6448485!4d5.2539942!16s%2Fg%2F11q1q8zvsk!19sChIJlV5omrv3yRIRnBR5Q3Y712k?authuser=0&hl=fr&rclk=1,81.30Z,40104296500020,1995-05-05,03
77a80e72-488e-49e7-8846-5aa5d2c92aa0,FA2P - Fermeture automatique portes et portails,0620474429,contact@fa2p.com,high,Tommy,Tasteyre,TOMMY TASTEYRE,siret_insee,Marseille,cloture,cloture,3,5.0,7,Fournisseur de portes,http://www.fa2p.com/,https://www.google.com/maps/place/FA2P+-+Fermeture+automatique+portes+et+portails/data=!4m7!3m6!1s0x12c9c1d717e7d2a1:0x15d79950819eefb9!8m2!3d43.3045572!4d5.3672022!16s%2Fg%2F11lkz8dhpr!19sChIJodLnF9fByRIRue-egVCZ1xU?authuser=0&hl=fr&rclk=1,43.21A,88220069400017,2020-02-18,01
df7ace4b-5d4a-4646-bf90-43ca9dc3aea3,Yannick Plomberie,0148978181,sarl-yannick@wanadoo.fr,medium,Jordan,Zarka,JORDAN ZARKA,siret_insee,Les Lilas,chauffagiste,chauffagiste,2,4.8,286,Chauffagiste,https://www.yannick-plomberie-idf.com/,https://www.google.com/maps/place/Yannick+Plomberie/data=!4m7!3m6!1s0x47e66da7324e1481:0xe854d55cc61da5e7!8m2!3d48.880215!4d2.412028!16s%2Fg%2F11bzz3ggmk!19sChIJgRROMqdt5kcR56UdxlzVVOg?authuser=0&hl=fr&rclk=1,43.22B,33451548300017,1986-01-01,03
c5136ad1-996b-4fa3-b498-6158e93168a4,Clotur'art / Installateur / Clôture / Portail / Portillon / Alsace / Bas Rhin / TRUCHTERSHEIM,0635410011,clotur.art@gmail.com,medium,,,,,Strasbourg,cloture,cloture,1,4.7,29,Entrepreneur spécialisé dans les clôtures,https://clotur-art.fr/,https://www.google.com/maps/place/Clotur%27art+%2F+Installateur+%2F+Cl%C3%B4ture+%2F+Portail+%2F+Portillon+%2F+Alsace+%2F+Bas+Rhin+%2F+TRUCHTERSHEIM/data=!4m7!3m6!1s0x4796bb671f6d5713:0x582f08c2a1dbb35c!8m2!3d48.6619406!4d7.6053001!16s%2Fg%2F11jnds146p!19sChIJE1dtH2e7lkcRXLPbocIIL1g?authuser=0&hl=fr&rclk=1,,,,
e811677e-fbb9-4142-b8c1-9f2430a11bff,"Coté Pose fenêtres Pvc, bois, Aluminium, porte d'entrée, volet, pergola, portail à Caen 14",0633091488,coteposes@gmail.com,medium,,,,,Caen,cloture,cloture,2,4.7,145,Fournisseur de fenêtres,https://www.cotepose.com/,"https://www.google.com/maps/place/Cot%C3%A9+Pose+fen%C3%AAtres+Pvc,+bois,+Aluminium,+porte+d%27entr%C3%A9e,+volet,+pergola,+portail+%C3%A0+Caen+14/data=!4m7!3m6!1s0x480a42b3b92e8c91:0x9a706bb5177d4803!8m2!3d49.1989047!4d-0.3616416!16s%2Fg%2F11f30vv7d0!19sChIJkYwuubNCCkgRA0h9F7VrcJo?authuser=0&hl=fr&rclk=1",,,,
5d6cf4f0-025e-4dd1-b4eb-b80f6d4b3505,"Cloture Online : Vente en ligne de clôtures, portails, brise-vues",0442590406,contact@avis-verifies.com,low,,,,,Aix-en-Provence,cloture,cloture,2,4.8,89,Magasin de matériel pour clôtures,https://www.clotureonline.com/,"https://www.google.com/maps/place/Cloture+Online+:+Vente+en+ligne+de+cl%C3%B4tures,+portails,+brise-vues/data=!4m7!3m6!1s0x12c9ed1800a84227:0xdf77cd2a87b696e!8m2!3d43.480569!4d5.3885939!16s%2Fg%2F11j0jg7g_6!19sChIJJ0KoABjtyRIRbml7qNJ89w0?authuser=0&hl=fr&rclk=1",,85078551000015,,
1a3ec504-010b-4b65-b511-5f88e0838ef6,Stéphane Teigner - Chauffagiste Rezé,0680603571,stephane.teigner@orange.fr,medium,Stéphane,Teigner,Stéphane Teigner,mentions_legales,Rezé,chauffagiste,chauffagiste,2,5.0,42,Chauffagiste,https://www.stephane-teigner.fr/,https://www.google.com/maps/place/St%C3%A9phane+Teigner+-+Chauffagiste+Rez%C3%A9/data=!4m7!3m6!1s0x4805e9648e5984af:0x6ea907bc2e594b76!8m2!3d47.1859232!4d-1.5435558!16s%2Fg%2F11tbz43y0z!19sChIJr4RZjmTpBUgRdktZLrwHqW4?authuser=0&hl=fr&rclk=1,,,,
24f1b5ec-62f7-453e-a853-c37690f70e49,FG CLÔTURES,0641984637,fg.clotures@gmail.com,medium,,,,,Grenoble,cloture,cloture,1,5.0,56,Entrepreneur spécialisé dans les clôtures,http://fgclotures.fr/,https://www.google.com/maps/place/FG+CL%C3%94TURES/data=!4m7!3m6!1s0x49d3c0d58af4b955:0xec69b181acacea82!8m2!3d45.1259625!4d5.5819024!16s%2Fg%2F11khzgmy2v!19sChIJVbn0itXA00kRguqsrIGxaew?authuser=0&hl=fr&rclk=1,,,,
3b333103-7b27-49a4-adc5-79cdada17126,CEG Clôtures,0477739262,contact@cegclotures.fr,low,,,,,Saint-Étienne,cloture,cloture,1,4.7,60,Entrepreneur spécialisé dans les clôtures,https://www.ceg-clotures.fr/,https://www.google.com/maps/place/CEG+Cl%C3%B4tures/data=!4m7!3m6!1s0x47f5b05d17f8cd4f:0xeb80635039774341!8m2!3d45.3682518!4d4.2720852!16s%2Fg%2F11btmbyl3q!19sChIJT834F12w9UcRQUN3OVBjgOs?authuser=0&hl=fr&rclk=1,,,,
c6ae7722-d365-406e-aa5c-66a2e64c70d8,Delta Clôture,0494890429,contact@deltacloture.fr,high,Roger,Bergamini,ROGER BERGAMINI,siret_insee,Ollioules,cloture,cloture,2,5.0,4,Entrepreneur spécialisé dans les clôtures,https://www.deltacloture.fr/,https://www.google.com/maps/place/Delta+Cl%C3%B4ture/data=!4m7!3m6!1s0x12c904c4486990dd:0x90c16540f1a2ec97!8m2!3d43.1265469!4d5.8849828!16s%2Fg%2F11cs3y51cb!19sChIJ3ZBpSMQEyRIRl-yi8UBlwZA?authuser=0&hl=fr&rclk=1,43.29B,41935750400028,1998-06-02,02
a8256728-881c-458e-b7f4-001fa6d8db56,At Home Nice,0483431511,contact@at-home-france.com,high,Vincent,Fouquet,VINCENT FOUQUET,siret_insee,Pegomas,cloture,cloture,2,5.0,61,Entrepreneur spécialisé dans les clôtures,https://www.at-home-france.com/,https://www.google.com/maps/place/At+Home+Nice/data=!4m7!3m6!1s0x12cdd1b11258d565:0xc74a8673142eaee9!8m2!3d43.7082881!4d7.2524859!16s%2Fg%2F11whgtn4k4!19sChIJZdVYErHRzRIR6a4uFHOGSsc?authuser=0&hl=fr&rclk=1,43.32B,84827808100031,2019-01-28,03
5aeace13-5101-426f-ad67-dadebef098fa,J Cloture,0767621088,contact@jcloture.fr,low,,,,,Mulhouse,cloture,cloture,0,5.0,6,Entrepreneur,https://j-cloture.fr/,https://www.google.com/maps/place/J+Cloture/data=!4m7!3m6!1s0x47f29f997aac3587:0xe03e3adf5e5ba3d1!8m2!3d47.3255754!4d5.048484!16s%2Fg%2F11pzfjhwcb!19sChIJhzWsepmf8kcR0aNbXt86PuA?authuser=0&hl=fr&rclk=1,,,,
02e5725e-cdfb-439f-a9e3-f42fbaa04cf1,"Gialjo Fermeture - Pose de Fenêtres, Volets, Portes, Stores Bannes, Pergolas, Vérandas, Portails à Marseille",0770671763,contact@gialjo-fermeture.fr,high,Thomas Daniel Alexandre,Roche Clamon,THOMAS DANIEL ALEXANDRE ROCHE CLAMON,siret_insee,Marseille,cloture,cloture,3,5.0,68,Magasin de fenêtres en PVC,http://gialjo-fermeture.fr/,"https://www.google.com/maps/place/Gialjo+Fermeture+-+Pose+de+Fen%C3%AAtres,+Volets,+Portes,+Stores+Bannes,+Pergolas,+V%C3%A9randas,+Portails+%C3%A0+Marseille/data=!4m7!3m6!1s0x12c9c1c7d1cb76bf:0x23f3b3cd00bab774!8m2!3d43.2878695!4d5.3556552!16s%2Fg%2F11xs_k2lwn!19sChIJv3bL0cfByRIRdLe6AM2z8yM?authuser=0&hl=fr&rclk=1",43.32A,92322775500025,2023-04-10,NN
f396dfda-1598-420e-9f60-364d92f54aed,Eurostores - Réseau Décostory,0326855777,admin@www.decostory.fr,high,,,,,Reims,cloture,cloture,0,4.7,181,Entrepreneur spécialisé dans les clôtures,http://www.decostory.fr/eurostores/?utm_source=gmb,https://www.google.com/maps/place/Eurostores+-+R%C3%A9seau+D%C3%A9costory/data=!4m7!3m6!1s0x47e9757c990c9b55:0x20d0774a388a9bc5!8m2!3d49.2910804!4d4.0196681!16s%2Fg%2F1wt3mr0m!19sChIJVZsMmXx16UcRxZuKOEp30CA?authuser=0&hl=fr&rclk=1,,,,
84097249-8209-4b44-ad55-ecb7761df734,Etablissements Laveaux,0380461430,grillage21@gmail.com,medium,,,,,Dijon,cloture,cloture,2,4.9,71,Magasin de matériel pour clôtures,http://www.grillages-laveaux.com/?utm_source=gmb,https://www.google.com/maps/place/Etablissements+Laveaux/data=!4m7!3m6!1s0x47f2a1d3bd3c0945:0xa8da39677a04080!8m2!3d47.291461!4d5.147804!16s%2Fg%2F1v1skkkt!19sChIJRQk8vdOh8kcRgECgd5ajjQo?authuser=0&hl=fr&rclk=1,,,,
77e3b778-6612-4694-9b16-f66e1140b6c1,MB DIRECT - KOMILFO - CONCEPT ALU - Dijon,0380539620,contact@mbdirect.fr,high,David,Baumgartner,DAVID BAUMGARTNER,siret_insee,Fontaine-Les-Dijon,cloture,cloture,2,4.8,199,Entrepreneur spécialisé dans les clôtures,https://www.mbdirect.fr/,https://www.google.com/maps/place/MB+DIRECT+-+KOMILFO+-+CONCEPT+ALU+-+Dijon/data=!4m7!3m6!1s0x47ed626e9d808bcf:0x9d5f25553830d9d!8m2!3d47.3524892!4d5.031788!16s%2Fg%2F11b6dq63hp!19sChIJz4uAnW5i7UcRnQ2DU1Xy1Qk?authuser=0&hl=fr&rclk=1,43.32A,41432493900019,1997-10-27,03
cc882883-f6e1-4d09-8286-266fd8f7e03d,69 TRAVAUX,0428290679,contact@69travaux.fr,high,,,,,Vaulx-en-Velin,chauffagiste,chauffagiste,2,4.8,171,Plombier,http://www.69travaux.fr/,https://www.google.com/maps/place/69+TRAVAUX/data=!4m7!3m6!1s0x47f4c0edf5433e11:0xf592c063abefb1d2!8m2!3d45.781329!4d4.933225!16s%2Fg%2F12hpjlj9z!19sChIJET5D9e3A9EcR0rHvq2PAkvU?authuser=0&hl=fr&rclk=1,,,,
90894e9a-b8f9-4e22-95f7-a1c778c57155,"Alunescence - Portails, Clôtures, Carports, Pergolas et Studios de jardin",0970355771,contact@alunescence.fr,high,,,,,Clermont-Ferrand,cloture,cloture,2,4.9,56,Entrepreneur spécialisé dans les clôtures,https://www.alunescence.fr/?utm_medium=referral&utm_source=gmb&utm_campaign=lnk-gmb,"https://www.google.com/maps/place/Alunescence+-+Portails,+Cl%C3%B4tures,+Carports,+Pergolas+et+Studios+de+jardin/data=!4m7!3m6!1s0x47f71c0cd2beaaab:0x3aecde86f0939beb!8m2!3d45.7710171!4d3.0763381!16s%2Fg%2F11fkds8qh1!19sChIJq6q-0gwc90cR65uT8Ibe7Do?authuser=0&hl=fr&rclk=1",,,,
f0df60f0-0e2a-4486-a883-0398532c42c7,Auvergne Fenêtres,0473882296,auvergnefenetre@orange.fr,medium,,,,,Clermont-Ferrand,cloture,cloture,2,4.8,122,Magasin de matériel pour clôtures,https://auvergne-fenetres.fr/,https://www.google.com/maps/place/Auvergne+Fen%C3%AAtres/data=!4m7!3m6!1s0x47f71e668419d78d:0x2c6f0e74be820aa5!8m2!3d45.798153!4d3.1574394!16s%2Fg%2F11btmqn3xq!19sChIJjdcZhGYe90cRpQqCvnQObyw?authuser=0&hl=fr&rclk=1,,,,
2a773039-4c42-4b38-8f52-bf0efc6af16f,GMG PAYSAGE - Paysagiste Angers - Terrasses - Clôtures - Portails - Pergolas - Allées,0667154827,gmgpaysage@gmail.com,medium,,,,,Angers,cloture,cloture,1,5.0,49,Paysagiste,https://www.gmgpaysage.fr/,https://www.google.com/maps/place/GMG+PAYSAGE+-+Paysagiste+Angers+-+Terrasses+-+Cl%C3%B4tures+-+Portails+-+Pergolas+-+All%C3%A9es/data=!4m7!3m6!1s0xa114da875aece58f:0xd8f3b867d553c993!8m2!3d47.4514629!4d-0.5065328!16s%2Fg%2F11plwj41kd!19sChIJj-XsWofaFKERk8lT1We489g?authuser=0&hl=fr&rclk=1,,,,
04b5ef53-d2a9-4b7c-a972-f37797c56a53,Clôtures Du Littoral SARL,0493743376,contact@cloturesdulittoral.fr,high,,,,,Antibes,cloture,cloture,2,4.7,109,Entrepreneur spécialisé dans les clôtures,https://www.cloturesdulittoral.fr/?utm_source=gmb,https://www.google.com/maps/place/Cl%C3%B4tures+Du+Littoral+SARL/data=!4m7!3m6!1s0x12cdd4d8ef87d7a7:0xfb355792c0c30d74!8m2!3d43.6095462!4d7.1079591!16s%2Fg%2F1th45pgf!19sChIJp9eH79jUzRIRdA3DwJJXNfs?authuser=0&hl=fr&rclk=1,,,,
fabc8b97-cbc3-4703-90da-2753368b76e5,CLÔTURE DENIZ / SARL DENIZ,0611176369,cloturedeniz@gmail.com,medium,,,,mentions_legales,Clermont-Ferrand,cloture,cloture,2,4.8,20,Entrepreneur spécialisé dans les clôtures,https://www.cloturedeniz.com/,https://www.google.com/maps/place/CL%C3%94TURE+DENIZ+%2F+SARL+DENIZ/data=!4m7!3m6!1s0x47f71df6992fb043:0xa6b7be876726b423!8m2!3d45.772092!4d3.2085147!16s%2Fg%2F1tctwxtm!19sChIJQ7AvmfYd90cRI7QmZ4e-t6Y?authuser=0&hl=fr&rclk=1,,,,
745a7fd3-cc6f-42be-a82f-6a7408802762,Anjou Clotec & Paysage - Portail - Clôture - Aménagement paysager - Automatismes - Porte de garage,0241766000,contact@anjou-clotec.fr,high,Anjou,Clotec,Anjou Clotec,mentions_legales,Angers,cloture,cloture,1,4.7,26,Entrepreneur spécialisé dans les clôtures,http://www.anjou-clotec.fr/,https://www.google.com/maps/place/Anjou+Clotec+%26+Paysage+-+Portail+-+Cl%C3%B4ture+-+Am%C3%A9nagement+paysager+-+Automatismes+-+Porte+de+garage/data=!4m7!3m6!1s0x480879ea063acc89:0xe8ff17e5df17b6c4!8m2!3d47.5152423!4d-0.6151938!16s%2Fg%2F1tr7c5r3!19sChIJicw6Bup5CEgRxLYX3-UX_-g?authuser=0&hl=fr&rclk=1,,,,
a1b860c2-a83c-44c6-bf4c-1ba14eab277b,L'EDEN DU VAL DE LOIRE,0247677400,compta-edenduvaldeloire@orange.fr,medium,,,,,Joué-lès-Tours,cloture,cloture,2,4.7,84,Entrepreneur spécialisé dans les clôtures,https://www.vdl-paysages.com/,https://www.google.com/maps/place/L%27EDEN+DU+VAL+DE+LOIRE/data=!4m7!3m6!1s0x47fd28e2bddb7eb1:0x5f154c39827033cd!8m2!3d47.3304253!4d0.6005854!16s%2Fg%2F1vxdxnbc!19sChIJsX7bveIo_UcRzTNwgjlMFV8?authuser=0&hl=fr&rclk=1,,,,
12617440-58d5-4a8f-b916-cf853ded5c18,Gem'Clôtures,0494275121,contact@gemclotures.com,high,,,,,Hyères,cloture,cloture,2,4.6,22,Entrepreneur spécialisé dans les clôtures,http://www.gemclotures.com/,https://www.google.com/maps/place/Gem%27Cl%C3%B4tures/data=!4m7!3m6!1s0x12c919826de3b47d:0x610b7fac42c69ebb!8m2!3d43.1594436!4d6.0499893!16s%2Fg%2F1thh4yc7!19sChIJfbTjbYIZyRIRu57GQqx_C2E?authuser=0&hl=fr&rclk=1,,,,
3def8ad2-cc69-4791-ae5c-97a63b638c16,AP SERVICES,0686993183,apservicespro@gmail.com,medium,,,,,Limoges,cloture,cloture,0,5.0,6,Entrepreneur spécialisé dans les clôtures,https://ap-services-87.fr/,https://www.google.com/maps/place/AP+SERVICES/data=!4m7!3m6!1s0x47feccf4dfb1060d:0xc5b7b0717ed34df5!8m2!3d45.787143!4d1.181463!16s%2Fg%2F11c585w97f!19sChIJDQax3_TM_kcR9U3TfnGwt8U?authuser=0&hl=fr&rclk=1,,,,
d5be4d66-ea68-4df3-9e2c-47c7f4160c14,Fd Clôtures SARL,0685385671,fdclotures@gmail.com,medium,,,,,Joué-lès-Tours,cloture,cloture,2,5.0,5,Entrepreneur spécialisé dans les clôtures,http://www.fdclotures.fr/plan,https://www.google.com/maps/place/Fd+Cl%C3%B4tures+SARL/data=!4m7!3m6!1s0x47fcd90f830486a5:0xdd716e4ba66dfbc0!8m2!3d47.2232916!4d0.7093931!16s%2Fg%2F11h389p7yp!19sChIJpYYEgw_Z_EcRwPttpktucd0?authuser=0&hl=fr&rclk=1,,,,
6a5da298-eb5b-443f-8361-1c5eaf17dd3a,E.Gauquie Paysage,0555304832,cathypaysage@gmail.com,medium,Emmanuel Jean Constant,Gauquie,EMMANUEL JEAN CONSTANT GAUQUIE,siret_insee,Saint-Just-Le-Martel,cloture,cloture,0,4.9,39,Entrepreneur spécialisé dans les clôtures,http://www.egauquiepaysage.fr/,https://www.google.com/maps/place/E.Gauquie+Paysage/data=!4m7!3m6!1s0x47f92e08ef10d1c5:0xaaba9044f5ef8a1e!8m2!3d45.8472786!4d1.3670341!16s%2Fg%2F1trxd1gv!19sChIJxdEQ7wgu-UcRHorv9USQuqo?authuser=0&hl=fr&rclk=1,81.30Z,82326160700035,2016-11-02,03
a177896b-ec62-46c1-ad6d-6fffdf25949e,HOP TRAVAUX CLÔTURES // Pose Vente & Clôtures à OBERNAI,0671386457,hop.clotures@gmail.com,medium,Erhan,Demir,ERHAN DEMIR (DEMIR),siret_insee,Obernai,cloture,cloture,1,5.0,18,Entrepreneur spécialisé dans les clôtures,http://www.hoptravaux.fr/,https://www.google.com/maps/place/HOP+TRAVAUX+CL%C3%94TURES+%2F%2F+Pose+Vente+%26+Cl%C3%B4tures+%C3%A0+OBERNAI/data=!4m7!3m6!1s0x47914d1304d1714b:0xf76d0665442141d!8m2!3d48.4526968!4d7.4934757!16s%2Fg%2F11vxvnw9f6!19sChIJS3HRBBNNkUcRHRRCVGbQdg8?authuser=0&hl=fr&rclk=1,43.99C,84812785800019,2019-02-01,00
63e28d4a-7ab1-41fd-833b-f1b698a5961b,ACA Fermetures,0473693762,contact@aca-fermetures.com,low,,,,,Clermont-Ferrand,cloture,cloture,2,4.6,39,Entrepreneur spécialisé dans les clôtures,http://www.aca-fermetures.fr/?utm_source=gmb,https://www.google.com/maps/place/ACA+Fermetures/data=!4m7!3m6!1s0x47f71a2d675b3fdb:0x5dc0749223083f91!8m2!3d45.7454217!4d3.0967247!16s%2Fg%2F11f62g_f1p!19sChIJ2z9bZy0a90cRkT8II5J0wF0?authuser=0&hl=fr&rclk=1,,,,
57fcb36e-fde7-46b6-8848-c216c3cef163,Moraux Clôtures,0555534422,edconcept24@gmail.com,medium,Karine,Moraux,KARINE MORAUX (FILLOUX),siret_insee,Chamboret,cloture,cloture,0,4.9,32,Entrepreneur spécialisé dans les clôtures,https://moraux-clotures.fr/,https://www.google.com/maps/place/Moraux+Cl%C3%B4tures/data=!4m7!3m6!1s0x47feb1039d33cc2b:0xb7f452d8f742d5e9!8m2!3d46.0058482!4d1.1405774!16s%2Fg%2F1th1c2f0!19sChIJK8wznQOx_kcR6dVC99hS9Lc?authuser=0&hl=fr&rclk=1,16.10A,40864872300018,1996-01-01,02
75fc7a55-ffc7-4763-9bb4-670473101c6e,Périmètre,0247272778,devis@perimetre.tm.fr,low,Gérante,Doh,DOH gérante,mentions_legales,Joué-lès-Tours,cloture,cloture,2,4.5,106,Entrepreneur spécialisé dans les clôtures,http://www.perimetre-cloture.fr/,https://www.google.com/maps/place/P%C3%A9rim%C3%A8tre/data=!4m7!3m6!1s0x47fcd9c188bb710b:0x191c0852708d4152!8m2!3d47.2753425!4d0.7102549!16s%2Fg%2F1tczjvht!19sChIJC3G7iMHZ_EcRUkGNcFIIHBk?authuser=0&hl=fr&rclk=1,,50890366300019,,
89fb3e89-df41-4291-ad67-a586f6562633,Clôtures & Portails du Limousin (agence Feytiat),0770182080,contact@cloturesportailslimousin.fr,high,Laurent,Allard,LAURENT ALLARD (ALLARD),siret_insee,Roubaix,cloture,cloture,0,4.9,11,Magasin de matériel pour clôtures,https://cloturesportailslimousin.fr/,https://www.google.com/maps/place/Cl%C3%B4tures+%26+Portails+du+Limousin+%28agence+Feytiat%29/data=!4m7!3m6!1s0x47f9334c8c11071f:0x806310069dce634d!8m2!3d45.814345!4d1.300202!16s%2Fg%2F11vt5hc1ld!19sChIJHwcRjEwz-UcRTWPOnQYQY4A?authuser=0&hl=fr&rclk=1,63.11Z,42476141900045,1999-10-15,42
e1c5cb77-9d25-4624-b034-90258cbffaaa,Metz Clôture Eurl,0387381964,contact@metz-cloture.fr,high,,,,,Metz,cloture,cloture,2,4.5,66,Atelier de métallerie,https://www.metz-cloture.fr/?utm_source=gmb,https://www.google.com/maps/place/Metz+Cl%C3%B4ture+Eurl/data=!4m7!3m6!1s0x47e68803fa01aa87:0x25d1149915c8e9ad!8m2!3d49.085837!4d6.141998!16s%2Fg%2F1tdfg_wc!19sChIJh6oB-gOI5kcRrenIFZkU0SU?authuser=0&hl=fr&rclk=1,,,,
b827724c-f297-4957-a110-83e7605ee3c8,ARU CLOTURE & PORTAIL🏠 - Grillage - Argelès Sur Mer - Céret -Perpignan 66,0468896589,aru.clotures@gmail.com,medium,Patricia Dominique,Aru,PATRICIA DOMINIQUE ARU (GOUAZE),siret_insee,Laroque-Des-Alberes,cloture,cloture,1,4.9,63,Magasin de matériel pour clôtures,https://www.aru-cvmt.com/,https://www.google.com/maps/place/ARU+CLOTURE+%26+PORTAIL%F0%9F%8F%A0+-+Grillage+-+Argel%C3%A8s+Sur+Mer+-+C%C3%A9ret+-Perpignan+66/data=!4m7!3m6!1s0x12b077936c6b5335:0xf7616ea18d35a798!8m2!3d42.5486233!4d2.9416932!16s%2Fg%2F1tj2qjbq!19sChIJNVNrbJN3sBIRmKc1jaFuYfc?authuser=0&hl=fr&rclk=1,43.99C,39124441500033,1993-05-17,03
7ed7ae8e-89a3-433a-b855-b2c256ebe75f,Lefever Clotures,0254422150,lefever-clotures@wanadoo.fr,medium,Philippe,Cril,PHILIPPE CRIL (CRIL),siret_insee,Vineuil,cloture,cloture,0,4.8,19,Entreprise de construction,http://www.lefever-clotures.com/,https://www.google.com/maps/place/Lefever+Clotures/data=!4m7!3m6!1s0x47e4a8fa54283ba3:0x19eb40d1988bb8ea!8m2!3d47.5812582!4d1.3389537!16s%2Fg%2F1tgdmvzz!19sChIJozsoVPqo5EcR6riLmNFA6xk?authuser=0&hl=fr&rclk=1,43.29B,50957860500016,2008-12-18,02
15223cda-d15c-4b44-b000-a85667014f85,Tschoeppé Création Mulhouse,0367290845,contact@tschoeppe.fr,high,,,,,Mulhouse,cloture,cloture,0,4.9,116,Entrepreneur spécialisé dans les clôtures,https://www.tschoeppe.fr/tschoeppe/reseau-tschoeppe/votre-specialiste/portail-alu-haut-rhin-68.html,https://www.google.com/maps/place/Tschoepp%C3%A9+Cr%C3%A9ation+Mulhouse/data=!4m7!3m6!1s0x4791849a6d80fad3:0xe926b3a6dda0a79e!8m2!3d47.7600546!4d7.2670155!16s%2Fg%2F11f1315k08!19sChIJ0_qAbZqEkUcRnqeg3aazJuk?authuser=0&hl=fr&rclk=1,,,,
b3a75b0f-b379-48a7-a3f0-a7bca5b21db0,Côté Clôture Seine et Marne,0188601558,contact.basrhin@cote-cloture.fr,high,,,,,Melun,cloture,cloture,0,4.6,62,Magasin de matériel pour clôtures,https://www.cote-cloture.fr/,https://www.google.com/maps/place/C%C3%B4t%C3%A9+Cl%C3%B4ture+Seine+et+Marne/data=!4m7!3m6!1s0x47e5fb4a4d05adcf:0xcbf45561cdcd486a!8m2!3d48.5673204!4d2.6343754!16s%2Fg%2F11sfr70g1l!19sChIJz60FTUr75UcRakjNzWFV9Ms?authuser=0&hl=fr&rclk=1,,84072430600013,,
a3fcec3a-b74a-4a9f-8248-126b63b0d85a,"Alu Habitat 66 🪟| Menuiserie, Fenêtre, Porte d'entrée et de garage, volet, portail | Canohès",0468217086,adv.aluhabitat@gmail.com,medium,Pierre Michel,Pergel,PIERRE MICHEL PERGEL,siret_insee,Canohes,cloture,cloture,1,4.8,396,Atelier de menuiserie,https://www.aluhabitat.fr/,"https://www.google.com/maps/place/Alu+Habitat+66+%F0%9F%AA%9F%7C+Menuiserie,+Fen%C3%AAtre,+Porte+d%27entr%C3%A9e+et+de+garage,+volet,+portail+%7C+Canoh%C3%A8s/data=!4m7!3m6!1s0x12b072102e026835:0x5ffd9fa22ca7de77!8m2!3d42.661823!4d2.8384763!16s%2Fg%2F11c0xn4hy0!19sChIJNWgCLhBysBIRd96nLKKf_V8?authuser=0&hl=fr&rclk=1",43.32A,80071157400049,2014-02-09,11
9ee3b453-f502-443e-8292-e305cdb4a74a,Monsieur Store - Fenêtres - Volets - Portails - Poitiers - Fermastores,0549629702,contact@monsieur-store.net,low,,,,,Poitiers,cloture,cloture,0,4.8,165,Magasin de stores et de rideaux,https://monsieurstore.com/magasin/poitiers-86280/?utm_source=google&utm_medium=organic&utm_campaign=gmb-listing,https://www.google.com/maps/place/Monsieur+Store+-+Fen%C3%AAtres+-+Volets+-+Portails+-+Poitiers+-+Fermastores/data=!4m7!3m6!1s0x47fdbe4ee0516299:0x6fda4f7a024a4887!8m2!3d46.5614632!4d0.3423966!16s%2Fg%2F11b6lp3cbf!19sChIJmWJR4E6-_UcRh0hKAnpP2m8?authuser=0&hl=fr&rclk=1,,,,
3f419f2c-a87a-4603-a5f0-b61bdd15d470,GMS ALU,0235910723,contact@gmsalu.com,high,,,,,Rouen,cloture,cloture,2,4.9,59,Magasin de matériel pour clôtures,http://www.gmsalu.com/,https://www.google.com/maps/place/GMS+ALU/data=!4m7!3m6!1s0x47e126c5d61624c5:0x6e739fa5f03a1fb5!8m2!3d49.295758!4d1.1526066!16s%2Fg%2F11cmcgf51q!19sChIJxSQW1sUm4UcRtR868KWfc24?authuser=0&hl=fr&rclk=1,,,,
10f62cbf-60fd-4733-9017-86c0e54a38a1,La Cloture Moderne,0556930158,ets-grapin@wanadoo.fr,medium,,,,,Pessac,cloture,cloture,1,4.8,34,Atelier de métallerie,http://www.cloturegrapin.free.fr/index.php,https://www.google.com/maps/place/La+Cloture+Moderne/data=!4m7!3m6!1s0xd54d864f5b16fc7:0x19fd34e5141ed960!8m2!3d44.817663!4d-0.6134862!16s%2Fg%2F1tt8dlb8!19sChIJx2-x9WTYVA0RYNkeFOU0_Rk?authuser=0&hl=fr&rclk=1,,,,
a1905a1c-c4a0-446f-a885-0dbf6def9a86,Bois Environnement Services,0328663205,contact@bes-opale.fr,low,,,,,Dunkerque,cloture,cloture,0,4.6,80,Entrepreneur spécialisé dans les clôtures,https://www.bes-dunkerque.fr/,https://www.google.com/maps/place/Bois+Environnement+Services/data=!4m7!3m6!1s0x47dc8c98372e0939:0xb15cec800fb248f6!8m2!3d51.0116167!4d2.3703774!16s%2Fg%2F1tdbw0bc!19sChIJOQkuN5iM3EcR9kiyD4DsXLE?authuser=0&hl=fr&rclk=1,,,,
37e41fa4-31d0-4c24-8a1a-edd8c3e0bfda,PEA - Portails et fermetures à Wittenheim,0389626062,contact@pea-fermetures.com,high,Laurent,Allard,LAURENT ALLARD (ALLARD),siret_insee,Roubaix,cloture,cloture,0,4.4,111,Atelier de métallerie,https://pea-fermetures.com/,https://www.google.com/maps/place/PEA+-+Portails+et+fermetures+%C3%A0+Wittenheim/data=!4m7!3m6!1s0x47919cd55dcc3d25:0x8c18ddf9fa3c1eae!8m2!3d47.806381!4d7.309696!16s%2Fg%2F1trxcmfr!19sChIJJT3MXdWckUcRrh48-vndGIw?authuser=0&hl=fr&rclk=1,63.11Z,42476141900045,1999-10-15,42
c20f1c6e-0556-46e3-9cf7-41827627a148,CLOSSUR,0478518114,info@clossur.com,low,Bertrand,Le Gaillard Info,Bertrand Le Gaillard info,mentions_legales,Vénissieux,cloture,cloture,0,4.9,12,Entrepreneur spécialisé dans les clôtures,https://www.clossur.fr/,https://www.google.com/maps/place/CLOSSUR/data=!4m7!3m6!1s0x47f4e5029b65a811:0xcd3a4b825cc89afc!8m2!3d45.6176759!4d4.7097155!16s%2Fg%2F11b6dmscc2!19sChIJEahlmwLl9EcR_JrIXIJLOs0?authuser=0&hl=fr&rclk=1,,,,
fe8647f2-219a-4ed1-925e-f688cb4634b7,Hett Clôtures & Portails,0367267455,contact@hettcloturesetportails.com,low,Michel,Chalard,CHALARD Michel,mentions_legales,Mulhouse,cloture,cloture,0,4.5,20,Entrepreneur spécialisé dans les clôtures,http://www.hettcloturesetportails.fr/,https://www.google.com/maps/place/Hett+Cl%C3%B4tures+%26+Portails/data=!4m7!3m6!1s0x479199c5ed25bb09:0xc73a168b0b25a221!8m2!3d47.7625785!4d7.3971931!16s%2Fg%2F11sc3mqt7k!19sChIJCbsl7cWZkUcRIaIlC4sWOsc?authuser=0&hl=fr&rclk=1,,,,
1cbefb38-a9bf-456b-9d01-a54459b08c8b,Cloturéa,0565319653,contact@cloturea.fr,high,Vincent,Quaglia,VINCENT QUAGLIA,siret_insee,Bressols,cloture,cloture,2,5.0,7,Entrepreneur spécialisé dans les clôtures,https://cloturea.fr/,https://www.google.com/maps/place/Clotur%C3%A9a/data=!4m7!3m6!1s0x12ac054f14e74f5d:0x3c6bb1f10e5c6cdd!8m2!3d43.931645!4d1.322209!16s%2Fg%2F11yw9151k7!19sChIJXU_nFE8FrBIR3WxcDvGxazw?authuser=0&hl=fr&rclk=1,46.72Z,93031988400019,2024-06-05,NN
aa8fefc6-a38d-4690-a33a-630c1bb4758f,SARL RICHER,0325790210,richer@richer.fr,high,,,,,Troyes,cloture,cloture,2,4.5,35,Entrepreneur spécialisé dans les clôtures,http://www.richer.fr/,https://www.google.com/maps/place/SARL+RICHER/data=!4m7!3m6!1s0x47ee97f470b830cb:0x1d774cef1a646f00!8m2!3d48.3118497!4d4.0240862!16s%2Fg%2F1td1crlf!19sChIJyzC4cPSX7kcRAG9kGu9Mdx0?authuser=0&hl=fr&rclk=1,,,,
6d924692-626a-4493-b4de-8fde68da36f6,Adl clôture,0656770592,eren.taskiran@dekorafence.com,low,,,,,Fréjus,cloture,cloture,2,4.8,16,Entrepreneur spécialisé dans les clôtures,http://www.adl-cloture.fr/,https://www.google.com/maps/place/Adl+cl%C3%B4ture/data=!4m7!3m6!1s0x12cea3d118a84d1b:0x174e72b891ec3054!8m2!3d43.4549963!4d6.7094001!16s%2Fg%2F11h0w9qjm_!19sChIJG02oGNGjzhIRVDDskbhyThc?authuser=0&hl=fr&rclk=1,,,,
b776a1b0-7048-4ea3-ba16-bf7f4dcad359,Maytop Bretagne,0240385555,cb.maytop@gmail.com,medium,Thierry,Mace,THIERRY MACE (MACE),siret_insee,Vannes,cloture,cloture,2,4.8,17,Entrepreneur spécialisé dans les clôtures,https://www.maytop-bretagne-menuiseries.fr/agence-de-saint-herblain,https://www.google.com/maps/place/Maytop+Bretagne/data=!4m7!3m6!1s0x48059347f4bc077d:0x84fabe5651f08526!8m2!3d47.2343453!4d-1.6628284!16s%2Fg%2F11fd484j8s!19sChIJfQe89EeTBUgRJoXwUVa--oQ?authuser=0&hl=fr&rclk=1,47.52A,33370957400078,1985-09-09,11
5c16c902-83bc-440b-a981-edb1a8e61003,URBAN Clôtures,0519590165,contact@bicom-studio.com,low,Fabrice,Chauffour,FABRICE CHAUFFOUR,siret_insee,Brive-La-Gaillarde,cloture,cloture,1,5.0,6,Entrepreneur spécialisé dans les clôtures,http://urbanclotures.com/,https://www.google.com/maps/place/URBAN+Cl%C3%B4tures/data=!4m7!3m6!1s0x47f8bd6d146c844b:0xca7f4940b44ae1b4!8m2!3d45.1449833!4d1.4884678!16s%2Fg%2F11r42fgc_m!19sChIJS4RsFG29-EcRtOFKtEBJf8o?authuser=0&hl=fr&rclk=1,43.29B,89344813400013,2021-01-26,02
81d3cecd-9ef9-42cb-8117-db7347d0ea7b,"Artisan dl JARDIN ,Paysagiste, jardiniet ,elagueur, maçonnerie,clôture conflans saint honorine",0615135906,contact@dljardinconflans.fr,high,,,,,Cergy,cloture,cloture,2,5.0,47,Paysagiste,https://dljardinconflans.fr/,"https://www.google.com/maps/place/Artisan+dl+JARDIN+,Paysagiste,+jardiniet+,elagueur,+ma%C3%A7onnerie,cl%C3%B4ture+conflans+saint+honorine/data=!4m7!3m6!1s0x47e66100ccd60e0d:0x1403077e466c4ff0!8m2!3d49.0117892!4d2.1244834!16s%2Fg%2F11gxtkgw_b!19sChIJDQ7WzABh5kcR8E9sRn4HAxQ?authuser=0&hl=fr&rclk=1",,,,
6e7255c8-ed73-41bc-bf25-739a5e1abc53,HOMKiA Narbonne - 3GR Habitat,0467903462,contact@homkia.fr,high,,,,,Narbonne,cloture,cloture,0,4.6,312,Entrepreneur spécialisé dans les clôtures,https://www.homkia.fr/nos-points-conseils/menuiserie-narbonne/,https://www.google.com/maps/place/HOMKiA+Narbonne+-+3GR+Habitat/data=!4m7!3m6!1s0x12b1ac71f17079fd:0xc01c389a635aedc5!8m2!3d43.18814!4d3.008439!16s%2Fg%2F11ddwtkft4!19sChIJ_Xlw8XGssRIRxe1aY5o4HMA?authuser=0&hl=fr&rclk=1,,,,
e0140013-15f8-4e82-841b-f3b253a2f292,S.E service élagage et clôture 🌳🌳,0612531163,serviceespacevert89@gmail.com,medium,,,,,Albi,cloture,cloture,2,4.9,49,Entrepreneur spécialisé dans les clôtures,https://se-elagage-et-cloture.fr/,https://www.google.com/maps/place/S.E+service+%C3%A9lagage+et+cl%C3%B4ture+%F0%9F%8C%B3%F0%9F%8C%B3/data=!4m7!3m6!1s0x12adc39e06c1e0c9:0xd234c460e8df06f0!8m2!3d43.9441896!4d2.125482!16s%2Fg%2F11qqsdv8pw!19sChIJyeDBBp7DrRIR8Abf6GDENNI?authuser=0&hl=fr&rclk=1,,,,
bc809ed4-f28a-41da-b7f6-a785f87dfbe6,José Élagage Clôture Abattage,0644835945,contact@jose-elagage-cloture-abattage.fr,high,Jose,Haerter,JOSE HAERTER (HAERTER),siret_insee,Lons,cloture,cloture,2,4.9,57,Entrepreneur spécialisé dans les clôtures,https://jose-elagage-cloture-abattage.fr/,https://www.google.com/maps/place/Jos%C3%A9+%C3%89lagage+Cl%C3%B4ture+Abattage/data=!4m7!3m6!1s0xa9aaa87cf69fd135:0x998e0429944738e!8m2!3d43.9452523!4d2.126245!16s%2Fg%2F11y1xtythx!19sChIJNdGf9nyoqqkRjnNEmULgmAk?authuser=0&hl=fr&rclk=1,81.30Z,48338227100029,2005-07-20,NN
748f057c-db0c-4c03-a980-ed31cd18c31d,S.N Services,0623830834,sn.services81000@gmail.com,medium,,,,,Albi,cloture,cloture,2,5.0,53,Entrepreneur spécialisé dans les clôtures,http://www.sn-services-paysagiste.fr/?utm_source=gmb,https://www.google.com/maps/place/S.N+Services/data=!4m7!3m6!1s0x12ade9e4162c2405:0x303b211b274c6d64!8m2!3d43.7918754!4d2.2363386!16s%2Fg%2F11pwxzmph4!19sChIJBSQsFuTprRIRZG1MJxshOzA?authuser=0&hl=fr&rclk=1,,,,
8802272b-8523-4a75-b32b-876b09fb908f,"PORTELLI : Portails, Porte de garage, Automatisme Somfy et BFT, Cloture, Store, Volet, Pergola bioclimatique Tarn",0563382631,contact@portelli.fr,high,,,,,Albi,cloture,cloture,2,4.8,39,Atelier de métallerie,https://www.portelli.fr/,"https://www.google.com/maps/place/PORTELLI+:+Portails,+Porte+de+garage,+Automatisme+Somfy+et+BFT,+Cloture,+Store,+Volet,+Pergola+bioclimatique+Tarn/data=!4m7!3m6!1s0x12addcb75f948763:0xf8864674297642e8!8m2!3d43.9155998!4d2.0820209!16s%2Fg%2F1td6jtwj!19sChIJY4eUX7fcrRIR6EJ2KXRGhvg?authuser=0&hl=fr&rclk=1",,,,
c642d43b-1649-4ec7-8ad2-074e1eb8bded,ACS PORTAIL PERGOLA BIOCLIMATIQUE PORTE DE GARAGE,0474242111,contact@acs-portail.fr,high,Philippe,Le Marois,PHILIPPE LE MAROIS (LE MAROIS),siret_insee,Saint-Denis-Les-Bourg,cloture,cloture,1,4.9,91,Magasin de matériel pour clôtures,http://www.acs-portail.fr/,https://www.google.com/maps/place/ACS+PORTAIL+PERGOLA+BIOCLIMATIQUE+PORTE+DE+GARAGE/data=!4m7!3m6!1s0x47f3510e778111df:0x79846a5bbea211dc!8m2!3d46.1994335!4d5.1814205!16s%2Fg%2F1tg_8tw2!19sChIJ3xGBdw5R80cR3BGivltqhHk?authuser=0&hl=fr&rclk=1,46.69A,43290187400029,2000-10-02,02
8329a022-4e9b-4cee-ba5a-d4cc4867f9b7,Distriuniverse-Clôtures,0479712711,cloture@distriuniverse.com,low,,,,,Chambéry,cloture,cloture,1,5.0,12,Grossiste,https://distriuniverse-cloture.com/,https://www.google.com/maps/place/Distriuniverse-Cl%C3%B4tures/data=!4m7!3m6!1s0x478ba9cf818f1411:0xebc30e557f44a0bf!8m2!3d45.5870954!4d5.9057513!16s%2Fg%2F11y805gllr!19sChIJERSPgc-pi0cRv6BEf1UOw-s?authuser=0&hl=fr&rclk=1,,,,
47d561cb-ac80-4000-a00a-d69048c41083,France Bresse - Vente cloture rigide et grillage,0621135710,ventes@france-bresse.com,high,,,,,Bourg-en-Bresse,cloture,cloture,1,4.6,17,Magasin d'articles pour l'aménagement paysager,https://france-bresse.com/,https://www.google.com/maps/place/France+Bresse+-+Vente+cloture+rigide+et+grillage/data=!4m7!3m6!1s0x47f353626e6e17eb:0x3a699dad8bfac278!8m2!3d46.2139284!4d5.2167422!16s%2Fg%2F11j_7yrc2_!19sChIJ6xdubmJT80cReML6i62daTo?authuser=0&hl=fr&rclk=1,,,,
3409aaea-14b5-4e18-bebd-6944d4d43ffa,Clôtures Sertralu,0387784743,sertralu@wanadoo.fr,medium,,,,,Thionville,cloture,cloture,1,4.6,43,Atelier de métallerie,http://www.sertralu-clotures.fr/?utm_source=gmb,https://www.google.com/maps/place/Cl%C3%B4tures+Sertralu/data=!4m7!3m6!1s0x4795068a09c4492f:0xd94b367d31d0bb9c!8m2!3d49.2964225!4d6.5675132!16s%2Fg%2F1pxwmr7bw!19sChIJL0nECYoGlUcRnLvQMX02S9k?authuser=0&hl=fr&rclk=1,,,,
eda446d7-d633-437d-aed6-3d6887b9dac1,C-Clos - Sur Mesure Menuiserie,0450960150,clotures.c.clos@gmail.com,medium,Muhammed,Anik,MUHAMMED ANIK,siret_insee,Scionzier,cloture,cloture,2,4.9,44,Magasin de matériel pour clôtures,https://www.c-clos-sur-mesure.com/,https://www.google.com/maps/place/C-Clos+-+Sur+Mesure+Menuiserie/data=!4m7!3m6!1s0x478c0735abad7671:0xb0770864d353a799!8m2!3d46.0667873!4d6.5515699!16s%2Fg%2F11jjm4v94z!19sChIJcXatqzUHjEcRmadT02QId7A?authuser=0&hl=fr&rclk=1,46.73A,84768193900033,2019-02-01,01
015647e9-1343-4251-aab3-642abbaf5d6c,AQUITAINE CLÔTURE Pose de clôtures et de portails,0540246185,contact@aquitainecloture.com,high,Xavier,Boyer,XAVIER BOYER,siret_insee,Macau,cloture,cloture,1,4.9,36,Magasin de matériel pour clôtures,https://www.aquitainecloture.com/,https://www.google.com/maps/place/AQUITAINE+CL%C3%94TURE+Pose+de+cl%C3%B4tures+et+de+portails/data=!4m7!3m6!1s0x48002bc45c6fd32d:0x13d2ec6fc440cfa8!8m2!3d44.99843!4d-0.598596!16s%2Fg%2F11plhh46xx!19sChIJLdNvXMQrAEgRqM9AxG_s0hM?authuser=0&hl=fr&rclk=1,47.52A,51974058300017,2010-01-08,03
347a234a-4cec-4ccb-9403-5b8bbcc84619,"IDELEC - Électricien Bâtiment spécialisé en automates d'ouverture tels que les portails, portes de garage et barrières",0649488353,id.elec@outlook.com,medium,,,,,Villenave-d'Ornon,cloture,cloture,2,4.8,17,Électricien,https://www.idelec33.fr/,"https://www.google.com/maps/place/IDELEC+-+%C3%89lectricien+B%C3%A2timent+sp%C3%A9cialis%C3%A9+en+automates+d%27ouverture+tels+que+les+portails,+portes+de+garage+et+barri%C3%A8res/data=!4m7!3m6!1s0xafb417725d9722bb:0x573f3e8550e78ac3!8m2!3d44.7719256!4d-0.5564224!16s%2Fg%2F11t0ryy2cd!19sChIJuyKXXXIXtK8Rw4rnUIU-P1c?authuser=0&hl=fr&rclk=1",,,,
fbacffa8-c472-4b16-9e4b-e30e0db8f65f,CD PAYSAGE - Paysagiste - Pose - Clôtures - Terrasse - Espaces extérieurs - Blois - Romorantin - Loir et Cher - 41,0659756803,cd.paysage.41@gmail.com,medium,Â,Chatelin,CHATELIN â,mentions_legales,Blois,cloture,cloture,0,5.0,29,Paysagiste,https://cd-paysage-41.fr/,https://www.google.com/maps/place/CD+PAYSAGE+-+Paysagiste+-+Pose+-+Cl%C3%B4tures+-+Terrasse+-+Espaces+ext%C3%A9rieurs+-+Blois+-+Romorantin+-+Loir+et+Cher+-+41/data=!4m7!3m6!1s0x47fb53e283b9766b:0xf9d60ba55a6d9ffc!8m2!3d47.3973786!4d1.4406487!16s%2Fg%2F11jx3c9rxy!19sChIJa3a5g-JT-0cR_J9tWqUL1vk?authuser=0&hl=fr&rclk=1,,,,
368dcd52-5623-4735-a7b3-8941db07ee78,STOCKCLOTURE Marignane,0621728584,contact@stockcloture.com,high,,,,,Marignane,cloture,cloture,2,5.0,220,Magasin de matériel pour clôtures,https://www.stockcloture.com/,https://www.google.com/maps/place/STOCKCLOTURE+Marignane/data=!4m7!3m6!1s0x12c9e955f8ea65ab:0xa2f5ef0bc83cb416!8m2!3d43.4041175!4d5.2586112!16s%2Fg%2F11h5kwgmsd!19sChIJq2Xq-FXpyRIRFrQ8yAvv9aI?authuser=0&hl=fr&rclk=1,,,,
d3ae752d-f273-4ddc-8ebd-aa02fde304da,FERMHABITAT,0130924826,contact@fermhabitat.fr,high,David,Bussonniere,DAVID BUSSONNIERE,siret_insee,Guitrancourt,cloture,cloture,1,4.8,136,Entrepreneur spécialisé dans les clôtures,https://www.fermhabitat.fr/,https://www.google.com/maps/place/FERMHABITAT/data=!4m7!3m6!1s0x47e69574365b8359:0x9dc48787512078de!8m2!3d48.999065!4d1.771323!16s%2Fg%2F11b7018q15!19sChIJWYNbNnSV5kcR3nggUYeHxJ0?authuser=0&hl=fr&rclk=1,43.29B,79961394800014,2014-01-13,11
4c89edb9-f93b-44e9-884a-dd256195a749,Les Clôtures de la Baie,0296726402,loic@elyazalee.com,low,,,,,Saint-Brieuc,cloture,cloture,2,5.0,8,Atelier de métallerie,https://www.lescloturesdelabaie.fr/,https://www.google.com/maps/place/Les+Cl%C3%B4tures+de+la+Baie/data=!4m7!3m6!1s0x480e1b984d645e7b:0x8801d106fa3d53ef!8m2!3d48.4781307!4d-2.6679942!16s%2Fg%2F1tk6pql_!19sChIJe15kTZgbDkgR71M9-gbRAYg?authuser=0&hl=fr&rclk=1,,,,
21611c56-946d-4548-a9fc-8d2a0806e556,Clôture Marsiglia Cogolin,0498120605,cogolin@clotures-marsiglia.com,high,,,,,Fréjus,cloture,cloture,2,4.5,15,Entrepreneur spécialisé dans les clôtures,https://www.clotures-marsiglia.com/,https://www.google.com/maps/place/Cl%C3%B4ture+Marsiglia+Cogolin/data=!4m7!3m6!1s0x12cec906f8751591:0xd92ecb1b78e1aac!8m2!3d43.256313!4d6.528102!16s%2Fg%2F12llf3zs7!19sChIJkRV1-AbJzhIRrBqOt7Hskg0?authuser=0&hl=fr&rclk=1,,49083455300011,,
ebdb3824-eff8-4789-a3b8-1f218257b20a,"Jardinier Lille-Wasquehal | Tonte, Taille, Élagage, Nettoyage Terrasse, Jardinage, Petits travaux, Aménagement Extérieur",0781608628,remi.elhabbal@gmail.com,medium,Remi,El-Habbal,REMI EL-HABBAL (EL-HABBAL),siret_insee,Wasquehal,paysagiste,paysagiste,2,4.9,55,Paysagiste,https://jardinierlille.fr/,"https://www.google.com/maps/place/Jardinier+Lille-Wasquehal+%7C+Tonte,+Taille,+%C3%89lagage,+Nettoyage+Terrasse,+Jardinage,+Petits+travaux,+Am%C3%A9nagement+Ext%C3%A9rieur/data=!4m7!3m6!1s0xa4382a74e73a793:0x10186e02cb5a88ba!8m2!3d50.6867921!4d3.1444621!16s%2Fg%2F11s41ctc_n!19sChIJk6dzTqeCQwoRuohaywJuGBA?authuser=0&hl=fr&rclk=1",81.21Z,91834818600019,2022-07-18,NN
f8f70bb3-8ef1-4cdb-b982-882a48941492,"Prince Paysage: Paysagiste, entretien jardin, taille de haie, travaux d'élagage, abattage d'arbres à Lille Nord 59",0699583953,vertpassion@yahoo.fr,medium,,,,,Lille,paysagiste,paysagiste,2,4.9,62,Paysagiste,https://princepaysage.com/,"https://www.google.com/maps/place/Prince+Paysage:+Paysagiste,+entretien+jardin,+taille+de+haie,+travaux+d%27%C3%A9lagage,+abattage+d%27arbres+%C3%A0+Lille+Nord+59/data=!4m7!3m6!1s0x47c2d5755c032547:0x4247911d028059a3!8m2!3d50.6198451!4d3.0486706!16s%2Fg%2F11clv7kd1b!19sChIJRyUDXHXVwkcRo1mAAh2RR0I?authuser=0&hl=fr&rclk=1",,,,
93380b62-43ce-439e-b6dc-3e715ecba112,Les Jardins Du Monde,0607032238,aymeric.lepoutre@gmail.com,medium,Dominique Andre Yoann,Monaco,DOMINIQUE ANDRE YOANN MONACO,siret_insee,Remomeix,paysagiste,paysagiste,2,5.0,9,Paysagiste,https://www.lesjardinsdumonde.com/,https://www.google.com/maps/place/Les+Jardins+Du+Monde/data=!4m7!3m6!1s0x47c2d583d92ab99f:0xaf73952c71606bdb!8m2!3d50.642537!4d3.067627!16s%2Fg%2F1tltljd3!19sChIJn7kq2YPVwkcR22tgcSyVc68?authuser=0&hl=fr&rclk=1,70.21Z,81891603300025,2016-03-03,11
7f2ac999-4235-4306-98ca-bf032347475d,Cerise Garden,0650732244,info@cerisegarden.fr,high,,,,,Annemasse,cloture,cloture,2,5.0,25,Magasin de matériel pour clôtures,http://cerisegarden.fr/,https://www.google.com/maps/place/Cerise+Garden/data=!4m7!3m6!1s0x478c0bd453d31a73:0xd7c61d763479d3f0!8m2!3d46.0704!4d6.419259!16s%2Fg%2F11v5nnn3lj!19sChIJcxrTU9QLjEcR8NN5NHYdxtc?authuser=0&hl=fr&rclk=1,,,,
b4f22485-dccd-4d8d-a91f-8b04eeb93ad9,ED'GARDEN : Élagueur / Paysagiste Lille et sa métropole,0759687552,edgardenpaysage@gmail.com,medium,,,,,Lille,paysagiste,paysagiste,2,4.9,32,Paysagiste,https://www.ed-garden.com/,https://www.google.com/maps/place/ED%27GARDEN+:+%C3%89lagueur+%2F+Paysagiste+Lille+et+sa+m%C3%A9tropole/data=!4m7!3m6!1s0x68d23ea48e524aed:0x9870153b520c71dc!8m2!3d50.6634494!4d3.0252585!16s%2Fg%2F11wpyshfyn!19sChIJ7UpSjqQ-0mgR3HEMUjsVcJg?authuser=0&hl=fr&rclk=1,,,,
bd58d6cd-e503-4e46-ab44-2ea7c0cf6604,Arbor Élagage - à Lille et sa Métropole,0327369329,contact@arbor-paysage.com,high,,,,,Lille,paysagiste,paysagiste,2,4.7,118,Service d'élagage,https://www.arbor-paysage.com/,https://www.google.com/maps/place/Arbor+%C3%89lagage+-+%C3%A0+Lille+et+sa+M%C3%A9tropole/data=!4m7!3m6!1s0x47c2d706f5062b1d:0xbdeeb5af38ead88e!8m2!3d50.5913117!4d3.1517186!16s%2Fg%2F11b77b4h__!19sChIJHSsG9QbXwkcRjtjqOK-17r0?authuser=0&hl=fr&rclk=1,,,,
1c8e5def-ad7a-4c88-8ede-e84f8168c3ca,Etablissement David,0661440836,info@synopsis-concept.com,low,,,,,Lille,paysagiste,paysagiste,2,4.9,70,Jardinier,https://etablissement-david.com/,https://www.google.com/maps/place/Etablissement+David/data=!4m7!3m6!1s0x47c2d5815465bd7b:0x68860698d21b169b!8m2!3d50.6352912!4d3.0175555!16s%2Fg%2F11fkvp052_!19sChIJe71lVIHVwkcRmxYb0pgGhmg?authuser=0&hl=fr&rclk=1,,,,
0e0ace01-be6f-438c-a5c3-8464ba3f7525,ATOUT-FERMETURES,0442491917,contact@atout-fermetures.com,high,Atout,Fermetures,Atout Fermetures,mentions_legales,Marignane,cloture,cloture,2,4.7,300,Magasin de matériel pour clôtures,https://www.atout-fermetures.com/,https://www.google.com/maps/place/ATOUT-FERMETURES/data=!4m7!3m6!1s0x12c9e8b11cde8611:0x44cdbb37a4b0d81b!8m2!3d43.4286039!4d5.238518!16s%2Fg%2F11hdc4jxqn!19sChIJEYbeHLHoyRIRG9iwpDe7zUQ?authuser=0&hl=fr&rclk=1,,83867764900025,,
fd53c547-77ee-4eeb-aa5b-afc269edff4b,Home Exterieur,0689363206,contact@home-exterieur.fr,high,,,,,Lille,paysagiste,paysagiste,2,4.9,70,Architecte paysagiste,http://www.home-exterieur.fr/,https://www.google.com/maps/place/Home+Exterieur/data=!4m7!3m6!1s0x47c329d126af54bd:0x41fcf284a5f46204!8m2!3d50.639961!4d3.0286344!16s%2Fg%2F11b6gqrqhk!19sChIJvVSvJtEpw0cRBGL0pYTy_EE?authuser=0&hl=fr&rclk=1,,,,
8eb9586a-445a-40a7-ab25-294e2894874b,Ideal Élagage - Élagueur Lille,0638234164,mail@ideal-elagage.fr,high,Tony,Cribos,TONY CRIBOS,siret_insee,Montmorency,paysagiste,paysagiste,2,5.0,91,Service d'élagage,https://ideal-elagage.fr/,https://www.google.com/maps/place/Ideal+%C3%89lagage+-+%C3%89lagueur+Lille/data=!4m7!3m6!1s0x47c2d58ec21c636f:0x2bab1c2ac7816931!8m2!3d50.6271079!4d3.062945!16s%2Fg%2F11x8dqbbm2!19sChIJb2Mcwo7VwkcRMWmBxyocqys?authuser=0&hl=fr&rclk=1,43.99C,82916295700015,2017-04-18,NN
4db33c0c-2712-4389-906e-8bf10259ce03,HelpOne-Tec74,0769178818,contact@help-one-tec.fr,high,William Charles Ferdinand,Papaz,WILLIAM CHARLES FERDINAND PAPAZ,siret_insee,Thonon-Les-Bains,cloture,cloture,2,5.0,92,Entrepreneur spécialisé dans les clôtures,https://help-one-tec.fr/,https://www.google.com/maps/place/HelpOne-Tec74/data=!4m7!3m6!1s0x478c3f0fa631fa4b:0xe43adf03d5999a6f!8m2!3d46.3633387!4d6.4515796!16s%2Fg%2F11fmb4sypb!19sChIJS_oxpg8_jEcRb5qZ1QPfOuQ?authuser=0&hl=fr&rclk=1,43.32A,85036017300015,2019-04-11,NN
d975c632-4200-41c5-a4de-ac7f2e397bb9,RACINES - PAYSAGISTE CONCEPTEUR - Conception et Design des JARDINS au service des PARTICULIERS,0661102445,racines.paysages@gmail.com,medium,Xavier Dominique,Lahoche,XAVIER DOMINIQUE LAHOCHE,siret_insee,Templemars,paysagiste,paysagiste,2,5.0,14,Architecte paysagiste,http://racines-paysages.fr/,https://www.google.com/maps/place/RACINES+-+PAYSAGISTE+CONCEPTEUR+-+Conception+et+Design+des+JARDINS+au+service+des+PARTICULIERS/data=!4m7!3m6!1s0x47c2d45da6af5f6b:0xc99b6f1680622cf7!8m2!3d50.5788414!4d3.0532855!16s%2Fg%2F11h5rr6sh3!19sChIJa1-vpl3UwkcR9yxigBZvm8k?authuser=0&hl=fr&rclk=1,71.11Z,83754597900010,2018-03-01,NN
ba5a64d0-abe6-4378-badf-b2b1bae6318f,My Cozy Garden: paysagiste Lille,0628401995,mycozygarden@gmail.com,medium,[non-Diffusible],[non-Diffusible],[NON-DIFFUSIBLE] [NON-DIFFUSIBLE],siret_insee,Saint-Andre-Lez-Lille,paysagiste,paysagiste,2,4.9,16,Paysagiste,https://mycozygardenlille.fr/,https://www.google.com/maps/place/My+Cozy+Garden:+paysagiste+Lille/data=!4m7!3m6!1s0x6e9b4be7baf86e11:0x68f5c99ba1d867b8!8m2!3d50.6549715!4d3.0522976!16s%2Fg%2F11n__y20tq!19sChIJEW74uudLm24RuGfYoZvJ9Wg?authuser=0&hl=fr&rclk=1,71.11Z,89794125800013,2021-04-02,NN
df2bbbf3-1638-423a-8b4f-65dc01690297,LIPPI Épône,0130425757,brest@lippi.fr,high,Kévin,Jeanot,JEANOT Kévin,mentions_legales,Mantes-la-Jolie,cloture,cloture,1,4.5,37,Entrepreneur spécialisé dans les clôtures,https://www.lippi.fr/yvelines-magasin-cloture-portail-epone/,https://www.google.com/maps/place/LIPPI+%C3%89p%C3%B4ne/data=!4m7!3m6!1s0x47e6ba67dbd4e59d:0xcff60baebd7eaf59!8m2!3d48.9589452!4d1.8186187!16s%2Fg%2F1tq8hwj9!19sChIJneXU22e65kcRWa9-va4L9s8?authuser=0&hl=fr&rclk=1,,,,
a9d3c313-cde1-4dbc-813d-e6de745d05a5,Carré Nature,0649522863,info@carre-nature.fr,high,,,,,Lille,paysagiste,paysagiste,2,5.0,4,Paysagiste,http://www.carre-nature.fr/,https://www.google.com/maps/place/Carr%C3%A9+Nature/data=!4m7!3m6!1s0x47c32ac05adad707:0x4d26530f1ce16a75!8m2!3d50.6628538!4d3.0271351!16s%2Fg%2F11b6t1vs44!19sChIJB9faWsAqw0cRdWrhHA9TJk0?authuser=0&hl=fr&rclk=1,,,,
cab46c91-c295-4346-8852-fe13cb6f28ec,Un Jardin Sur Le Toit,0662088804,contact@unjardinsurletoit.com,high,Jean Bernard,Wasselin,JEAN BERNARD WASSELIN,siret_insee,Lille,paysagiste,paysagiste,2,5.0,4,Paysagiste,http://www.unjardinsurletoit.com/,https://www.google.com/maps/place/Un+Jardin+Sur+Le+Toit/data=!4m7!3m6!1s0x47c2d599670f4095:0xf4ac0495adde685b!8m2!3d50.6233126!4d3.0572736!16s%2Fg%2F11btm1100_!19sChIJlUAPZ5nVwkcRW2jerZUErPQ?authuser=0&hl=fr&rclk=1,81.30Z,51041341200014,2009-02-09,01
9d250d7e-0888-4ceb-ad6d-62ffcd4935f8,Elagage & Abattage Lille - Paysagiste Nord,0359288053,admin@elagagelille.fr,high,Nom,De L,Nom de l,mentions_legales,Lille,paysagiste,paysagiste,2,5.0,48,Service d'élagage,http://elagagelille.fr/,https://www.google.com/maps/place/Elagage+%26+Abattage+Lille+-+Paysagiste+Nord/data=!4m7!3m6!1s0x45689b9e770f8601:0xc7db696263552f73!8m2!3d50.6332823!4d3.0608443!16s%2Fg%2F11kpz_rtyy!19sChIJAYYPd56baEURcy9VY2Jp28c?authuser=0&hl=fr&rclk=1,,,,
9f6fe352-616e-42e8-a490-d949afc3a64b,Slap paysage,0362528391,s.luquet@slap-paysage.com,high,,,,,Lille,paysagiste,paysagiste,2,5.0,3,Paysagiste,http://slap-paysage.com/,https://www.google.com/maps/place/Slap+paysage/data=!4m7!3m6!1s0x47c329f94a4f9ad3:0xb0ae1f4c211510d2!8m2!3d50.6435879!4d3.1047568!16s%2Fg%2F11b7lg64qm!19sChIJ05pPSvkpw0cR0hAVIUwfrrA?authuser=0&hl=fr&rclk=1,,,,
d50f2254-f27d-45bd-9d2d-a8e70fd5568e,ARTISAN ROBERT Elagueur paysagiste 93,0622898075,robertadel93360@gmail.com,medium,Robert,Elelagage,Robert Elelagage,mentions_legales,Rosny-sous-Bois,paysagiste,paysagiste,2,4.9,19,Service d'élagage,https://www.elagueur-paysagiste-robert.fr/,https://www.google.com/maps/place/ARTISAN+ROBERT+Elagueur+paysagiste+93/data=!4m7!3m6!1s0x47e613f6197a40f7:0x1bad8cd1eb7950f2!8m2!3d48.8768281!4d2.5112597!16s%2Fg%2F11fkf5j41n!19sChIJ90B6GfYT5kcR8lB569GMrRs?authuser=0&hl=fr&rclk=1,,,,
771ff759-f197-4531-9a99-86c43ed2816e,Green Concept,0638132324,sasgreenconcept@gmail.com,medium,,,,,Tourcoing,paysagiste,paysagiste,2,4.9,56,Paysagiste,http://www.green-concept.co/,https://www.google.com/maps/place/Green+Concept/data=!4m7!3m6!1s0x47c32c899e1d488d:0x253f6db55fdf393!8m2!3d50.7369607!4d3.0589216!16s%2Fg%2F11fj1_5_54!19sChIJjUgdnoksw0cRk_P9Vdv2UwI?authuser=0&hl=fr&rclk=1,,,,
7e05d27f-6cc0-44af-9594-ebbf400dc837,Bloem,0638695513,violette@bloem.fr,high,,,,,Lille,paysagiste,paysagiste,2,5.0,4,Architecte paysagiste,https://www.bloem.fr/,https://www.google.com/maps/place/Bloem/data=!4m7!3m6!1s0x68a01782c81de559:0x1e0349743b890641!8m2!3d50.6357825!4d3.0914825!16s%2Fg%2F11vywvgbbz!19sChIJWeUdyIIXoGgRQQaJO3RJAx4?authuser=0&hl=fr&rclk=1,,,,
c7e0e944-2160-447f-8619-b77eb4924341,Leblanc Vénacque paysage,0320950243,contact@leblanc-venacque.fr,high,,,,,Lille,paysagiste,paysagiste,2,5.0,3,Architecte paysagiste,http://leblanc-venacque.fr/,https://www.google.com/maps/place/Leblanc+V%C3%A9nacque+paysage/data=!4m7!3m6!1s0x47c2d5a3895eb197:0x6f6c66ba66364260!8m2!3d50.6136935!4d3.0562029!16s%2Fg%2F1tpljwxr!19sChIJl7FeiaPVwkcRYEI2ZrpmbG8?authuser=0&hl=fr&rclk=1,,,,
eae1fb9d-104e-4a67-aa57-49be3e88a740,Mr Theom robert artisan elagueur arboriste grimpeur paysagiste taille d'arbres elagage etetage abattage taille de haie,0688359027,contact@tr-elagage59.fr,high,,,,,Marcq-en-Barœul,paysagiste,paysagiste,1,4.9,122,Paysagiste,http://tr-elagage59.fr/,https://www.google.com/maps/place/Mr+Theom+robert+artisan+elagueur+arboriste+grimpeur+paysagiste+taille+d%27arbres+elagage+etetage+abattage+taille+de+haie/data=!4m7!3m6!1s0x47c2d54c1749e905:0xd1bea0d1d9f094ae!8m2!3d50.6635075!4d3.0727129!16s%2Fg%2F11h8tcn6sj!19sChIJBelJF0zVwkcRrpTw2dGgvtE?authuser=0&hl=fr&rclk=1,,,,
cab11bb0-4181-45f7-9cfb-0514be0ffc0b,Parcs et Jardins Finne Sébastien,0676103021,parcsetjardinsfinne@neuf.fr,medium,,,,,Lille,paysagiste,paysagiste,2,5.0,4,Paysagiste,http://www.finne.fr/,https://www.google.com/maps/place/Parcs+et+Jardins+Finne+S%C3%A9bastien/data=!4m7!3m6!1s0x47dcd68a8d457833:0xba8ce903f12c0316!8m2!3d50.6674785!4d2.9711869!16s%2Fg%2F12jp2dxd8!19sChIJM3hFjYrW3EcRFgMs8QPpjLo?authuser=0&hl=fr&rclk=1,,,,
a1b6a66f-f3bf-4062-a89c-e4720f5be213,"DH ÉLAGAGE-59-62-Bûcheron-Élagueur grimpeur, taille de haies, abattage d'arbres Lille-Seclin-Roubaix-Armentières-La Bassée",0787141732,debarre@hotmail.fr,medium,,,,,Roubaix,paysagiste,paysagiste,2,5.0,14,Paysagiste,http://www.dh-elagage-62-59.com/,"https://www.google.com/maps/place/DH+%C3%89LAGAGE-59-62-B%C3%BBcheron-%C3%89lagueur+grimpeur,+taille+de+haies,+abattage+d%27arbres+Lille-Seclin-Roubaix-Armenti%C3%A8res-La+Bass%C3%A9e/data=!4m7!3m6!1s0x47c2d518a88c917f:0xcd97c19dba3c19a6!8m2!3d50.5862465!4d3.0094882!16s%2Fg%2F11tjnxfl82!19sChIJf5GMqBjVwkcRphk8up3Bl80?authuser=0&hl=fr&rclk=1",,,,
4b240ec6-ec0f-415a-b4be-aa7bc2634dd8,Breault Élagage–Abattage Taille Élagueur 35,0672279831,abattage.1992@gmail.com,medium,,,,,Rennes,paysagiste,paysagiste,2,4.8,99,Paysagiste,https://www.entreprisebreault.com/,https://www.google.com/maps/place/Breault+%C3%89lagage%E2%80%93Abattage+Taille+%C3%89lagueur+35/data=!4m7!3m6!1s0x480edfb207a606d1:0xc51664811f137a14!8m2!3d48.1766923!4d-1.6523034!16s%2Fg%2F11jn63_t_0!19sChIJ0QamB7LfDkgRFHoTH4FkFsU?authuser=0&hl=fr&rclk=1,,,,
32523585-6116-416d-8633-96ac20b06967,Alchimie Fleurs et Objets,0320743606,alchimie.commande@hotmail.com,medium,,,,,Lille,paysagiste,paysagiste,2,4.8,95,Paysagiste,http://www.alchimiefleurs.com/,https://www.google.com/maps/place/Alchimie+Fleurs+et+Objets/data=!4m7!3m6!1s0x47c2d587d7e6515f:0x251f9d6b6b69f5b2!8m2!3d50.6421638!4d3.0568662!16s%2Fg%2F1vlqpc41!19sChIJX1Hm14fVwkcRsvVpa2udHyU?authuser=0&hl=fr&rclk=1,,,,
854479da-fd34-4022-aa14-92a80687de15,Origami,0230213454,contact@origami-urbapaysage.fr,low,,,,,Rennes,paysagiste,paysagiste,2,4.5,4,Architecte paysagiste,http://www.origami-urbapaysage.com/,https://www.google.com/maps/place/Origami/data=!4m7!3m6!1s0x480edfc0e925bb8f:0x264fa104760e58bc!8m2!3d48.0913972!4d-1.6752119!16s%2Fg%2F11cs2gqlbq!19sChIJj7sl6cDfDkgRvFgOdgShTyY?authuser=0&hl=fr&rclk=1,,,,
dbdb26a4-e4ee-4a56-9633-04f78b3a4ea6,Agence LAND territoires et paysages,0320891048,contact@agenceland.com,high,Land,Territoires Et Paysages,LAND TERRITOIRES ET PAYSAGES,mentions_legales,Marcq-en-Barœul,paysagiste,paysagiste,1,5.0,4,Architecte paysagiste,http://www.agenceland.com/,https://www.google.com/maps/place/Agence+LAND+territoires+et+paysages/data=!4m7!3m6!1s0x47c2d5723aa4ef8b:0x8bd8504e47c4c881!8m2!3d50.6638808!4d3.1035483!16s%2Fg%2F11cky74rvs!19sChIJi--kOnLVwkcRgcjER05Q2Is?authuser=0&hl=fr&rclk=1,,,,
ac5f60ad-b918-44b9-bfbe-3c324f82f007,Succulente Design végétal,0637406973,mathilde_lelievre@hotmail.fr,medium,,,,,Rennes,paysagiste,paysagiste,2,4.8,79,Jardinerie,https://www.succulentedesignvegetal.com/,https://www.google.com/maps/place/Succulente+Design+v%C3%A9g%C3%A9tal/data=!4m7!3m6!1s0x480edfdd2c87ec47:0x7482b7299c21b964!8m2!3d48.1137935!4d-1.6781996!16s%2Fg%2F11fmrls9sh!19sChIJR-yHLN3fDkgRZLkhnCm3gnQ?authuser=0&hl=fr&rclk=1,,,,
a2af5c72-40a2-41dd-afa7-cadf37c997fe,Jardin des Drôles de Wazeaux,0328550330,prada@mairie-lille.fr,low,Baptiste,Monnot,Baptiste Monnot,mentions_legales,Lille,paysagiste,paysagiste,2,4.9,12,Jardin,https://www.lille.fr/Nos-equipements/Jardin-des-droles-d-Waz-eaux,https://www.google.com/maps/place/Jardin+des+Dr%C3%B4les+de+Wazeaux/data=!4m7!3m6!1s0x47c2d57604ab4b43:0x8abdf3fbc8c8f259!8m2!3d50.6247!4d3.0492579!16s%2Fg%2F1pp2wwv68!19sChIJQ0urBHbVwkcRWfLIyPvzvYo?authuser=0&hl=fr&rclk=1,,,,
6a2b6d25-500e-43e0-a495-f0b2aacf1865,"Niwaki, au service des Arbres",0624337995,niwaki.asa@gmail.com,medium,,,,,Rennes,paysagiste,paysagiste,2,5.0,34,Service d'élagage,https://www.niwaki-asa.com/,"https://www.google.com/maps/place/Niwaki,+au+service+des+Arbres/data=!4m7!3m6!1s0xafaa99e04dcca4dd:0x691360e76dec20db!8m2!3d48.110805!4d-1.657132!16s%2Fg%2F11vds9yj64!19sChIJ3aTMTeCZqq8R2yDsbedgE2k?authuser=0&hl=fr&rclk=1",,,,
57999c11-b153-4c59-9da6-ac62701dd97d,Terra Paysage,0675414934,terra.paysage35@gmail.com,medium,,,,,Rennes,paysagiste,paysagiste,2,4.8,16,Paysagiste,http://terra-paysage35.fr/,https://www.google.com/maps/place/Terra+Paysage/data=!4m7!3m6!1s0x437dd197e4571307:0xd595c124e8a51f4e!8m2!3d48.0501279!4d-1.6865268!16s%2Fg%2F11mkvc5085!19sChIJBxNX5JfRfUMRTh-l6CTBldU?authuser=0&hl=fr&rclk=1,,,,
dca52a35-1e55-477e-bef5-6c99c2bce3d8,id verde,0299788708,enquiries@idverde.com,high,,,,,Rennes,paysagiste,paysagiste,2,4.5,10,Paysagiste,http://www.idverde.com/,https://www.google.com/maps/place/id+verde/data=!4m7!3m6!1s0x480ee18844708f8d:0x6ad9fcab4fae9311!8m2!3d48.0949034!4d-1.7804346!16s%2Fg%2F11b5qvk7yz!19sChIJjY9wRIjhDkgREZOuT6v82Wo?authuser=0&hl=fr&rclk=1,,,,
92316b84-609f-4f6a-8d4b-37ceca3c93c7,Laurot - Élagage et Paysage,0185537405,paysagiste.laurot@gmail.com,medium,Laurot,Elagage,Laurot Elagage,mentions_legales,Reims,paysagiste,paysagiste,1,5.0,30,Paysagiste,http://www.paysagiste-laurot.fr/,https://www.google.com/maps/place/Laurot+-+%C3%89lagage+et+Paysage/data=!4m7!3m6!1s0x25f9c2411069bbed:0x7c703446ef864ceb!8m2!3d49.2528126!4d4.0410476!16s%2Fg%2F11yl65q2dt!19sChIJ7btpEEHC-SUR60yG70Y0cHw?authuser=0&hl=fr&rclk=1,,,,
a0b2c697-f931-43a8-8db1-202f52721ddf,Mc elagage 35 taille de haie abattage,0665107482,mc.elagage35@gmail.com,medium,,,,,Rennes,paysagiste,paysagiste,2,5.0,10,Paysagiste,https://www.chatel-maxime-lpa.fr/,https://www.google.com/maps/place/Mc+elagage+35+taille+de+haie+abattage/data=!4m7!3m6!1s0x457fb9e025546537:0x29c0d09f99c1ac8c!8m2!3d48.1390132!4d-1.8807777!16s%2Fg%2F11mrcv0326!19sChIJN2VUJeC5f0URjKzBmZ_QwCk?authuser=0&hl=fr&rclk=1,,,,
04a3c4be-8b43-475e-8acd-37a9d13d090c,Authentik Paysages,0684898726,contact@authentikpaysages.fr,high,Rémy Joseph Georges,Lengagne,RÉMY JOSEPH GEORGES LENGAGNE,siret_insee,Montgermont,paysagiste,paysagiste,2,5.0,10,Paysagiste,http://authentikpaysages.fr/,https://www.google.com/maps/place/Authentik+Paysages/data=!4m7!3m6!1s0x22241dfee32a6b75:0x2c4e5658bfb7348f!8m2!3d48.157829!4d-1.717783!16s%2Fg%2F11lzf05hkb!19sChIJdWsq4_4dJCIRjzS3v1hWTiw?authuser=0&hl=fr&rclk=1,81.30Z,98478826500010,2024-02-21,NN
3109ddbf-8bb4-4eb9-8ff2-bb8494fd35e5,Paysages et compagnie,0652160513,paysagesetcie@gmail.com,medium,,,,,Rennes,paysagiste,paysagiste,2,5.0,21,Paysagiste,https://paysagesetcompagnie.fr/,https://www.google.com/maps/place/Paysages+et+compagnie/data=!4m7!3m6!1s0x82827a5fd8bbadb7:0x42a87e5d303a772a!8m2!3d48.0877776!4d-1.5887624!16s%2Fg%2F11kk17wv2b!19sChIJt6272F96goIRKnc6MF1-qEI?authuser=0&hl=fr&rclk=1,,85199368300016,,
0faa586b-6e4c-45db-9a54-2c87b2919f70,Compagnon de Fiacre - entretien du jardin,0637826592,xaviergrospro@gmail.com,medium,,,,,Rennes,paysagiste,paysagiste,2,5.0,21,Paysagiste,https://compagnondefiacre-entretiendujardin.odoo.com/,https://www.google.com/maps/place/Compagnon+de+Fiacre+-+entretien+du+jardin/data=!4m7!3m6!1s0x8ee50744a61e8205:0xecefa2c4a3e4d226!8m2!3d48.094787!4d-1.5755964!16s%2Fg%2F11vqlnpr3n!19sChIJBYIepkQH5Y4RJtLko8Si7-w?authuser=0&hl=fr&rclk=1,,,,
cf5b87c7-3ed8-4bc5-97d7-ad9ee5e0fe78,Luk Paysage,0699874680,contact@lukpaysage.fr,high,,,,,Marcq-en-Barœul,paysagiste,paysagiste,1,4.8,12,Paysagiste,https://lukpaysage.fr/,https://www.google.com/maps/place/Luk+Paysage/data=!4m7!3m6!1s0xf7262309ffb2a63:0x72bba91ce241e1e7!8m2!3d50.697748!4d3.0905982!16s%2Fg%2F11tk2gdhz0!19sChIJYyr7nzBicg8R5-FB4hypu3I?authuser=0&hl=fr&rclk=1,,,,
6ce7c3d8-2049-4c11-919e-0700d9a07cd7,Bône élagage - abattage - elagueur - reims,0686526013,servicebone@gmail.com,medium,Steven,Bone,STEVEN BONE (BONE),siret_insee,Epernay,paysagiste,paysagiste,1,5.0,65,Paysagiste,https://www.elagage-reims.fr/,https://www.google.com/maps/place/B%C3%B4ne+%C3%A9lagage+-+abattage+-+elagueur+-+reims/data=!4m7!3m6!1s0x47e8ffbe905359b7:0x1626a56384d260b2!8m2!3d49.2190838!4d3.9900614!16s%2Fg%2F11nmlz46cg!19sChIJt1lTkL7_6EcRsmDShGOlJhY?authuser=0&hl=fr&rclk=1,47.89Z,75141749400018,2012-06-01,NN
8cb651b3-18f3-4fbd-a16b-2f1c143f22bc,Actuel paysage,0601065102,contact@actuelpaysage.fr,high,,,,,Reims,paysagiste,paysagiste,1,5.0,5,Paysagiste,https://www.actuelpaysage.fr/,https://www.google.com/maps/place/Actuel+paysage/data=!4m7!3m6!1s0x47e97588f8762021:0xd85a5515dcc7a3b!8m2!3d49.245001!4d3.9828345!16s%2Fg%2F11vbg5xj3s!19sChIJISB2-Ih16UcRO3rMXVGlhQ0?authuser=0&hl=fr&rclk=1,,,,
a80f1166-cbed-4c8e-a30d-0b1466ea7835,A.R. Euro Foret,0607174795,euroforet51@gmail.com,medium,Constantin,Ciornei,CONSTANTIN CIORNEI,siret_insee,Bezannes,paysagiste,paysagiste,1,5.0,9,Paysagiste,https://www.ar-euroforet.fr/,https://www.google.com/maps/place/A.R.+Euro+Foret/data=!4m7!3m6!1s0x47e97561ed910b69:0x934a6c573b712313!8m2!3d49.2417457!4d4.0384321!16s%2Fg%2F11nx1f86q6!19sChIJaQuR7WF16UcREyNxO1dsSpM?authuser=0&hl=fr&rclk=1,02.40Z,88458562100029,2020-05-28,02
e983f97f-db20-4fd8-820e-b58972949c8a,ENTREPRISE JMS MULTISERVICES,0782818104,jms-multiservices@hotmail.com,medium,,,,,Reims,paysagiste,paysagiste,1,5.0,10,Paysagiste,https://www.entreprisejms.fr/?utm_source=gmb,https://www.google.com/maps/place/ENTREPRISE+JMS+MULTISERVICES/data=!4m7!3m6!1s0x47e975cdd17238cb:0xfcf15d4d7882aeba!8m2!3d49.2685604!4d3.9843058!16s%2Fg%2F11ldqk7mxg!19sChIJyzhy0c116UcRuq6CeE1d8fw?authuser=0&hl=fr&rclk=1,,,,
d6884285-e863-4ab0-a93c-52bfc1d65e76,Bureau d'étude éco paysagiste-conseil JARDIN-REVE,0695336218,contact@jardin-reve.fr,high,,,,,Reims,paysagiste,paysagiste,1,4.8,5,Architecte paysagiste,https://www.jardin-reve.fr/,https://www.google.com/maps/place/Bureau+d%27%C3%A9tude+%C3%A9co+paysagiste-conseil+JARDIN-REVE/data=!4m7!3m6!1s0x47e9098a436890fd:0xdd6ba3af1999e0a6!8m2!3d49.2767658!4d3.8839118!16s%2Fg%2F1ttdm9qp!19sChIJ_ZBoQ4oJ6UcRpuCZGa-ja90?authuser=0&hl=fr&rclk=1,,,,
7a52be07-81c3-4bab-9c4c-ff7812391cf5,Artisan Massin et Fils - Entretien de Jardins,0617553696,entreprisemassin@gmail.com,medium,,,,,Reims,paysagiste,paysagiste,1,5.0,3,Paysagiste,https://artisan-massin-et-fils.fr/,https://www.google.com/maps/place/Artisan+Massin+et+Fils+-+Entretien+de+Jardins/data=!4m7!3m6!1s0xae5ca2e3455550d1:0x5f59f80c23aa8ef5!8m2!3d49.2718668!4d3.8933569!16s%2Fg%2F11nj1r0r31!19sChIJ0VBVReOiXK4R9Y6qIwz4WV8?authuser=0&hl=fr&rclk=1,,,,
111a837e-2aa0-4fc8-974a-2fa2cb8f17d3,Jardin Ideal,0618580995,contactjardinideal@gmail.com,medium,,,,,Reims,paysagiste,paysagiste,1,4.6,47,Paysagiste,https://www.jardinidealbezannes.com/,https://www.google.com/maps/place/Jardin+Ideal/data=!4m7!3m6!1s0xafaae96b427f0fbf:0x5fb64d5a0aa965e7!8m2!3d49.214447!4d3.982688!16s%2Fg%2F11s1txxr53!19sChIJvw9_Qmvpqq8R52WpClpNtl8?authuser=0&hl=fr&rclk=1,,84402991800019,,
029a02d8-ddbd-4c48-8118-035a68342597,Mr Pacetti Jardinage,0767508305,contact@jardinpropre.fr,high,,,,,Le Havre,paysagiste,paysagiste,2,5.0,27,Paysagiste,https://jardinpropre.fr/,https://www.google.com/maps/place/Mr+Pacetti+Jardinage/data=!4m7!3m6!1s0x2d7ffd9de06b1721:0xf320569b6063c450!8m2!3d49.4970576!4d0.1142153!16s%2Fg%2F11sn0393vn!19sChIJIRdr4J39fy0RUMRjYJtWIPM?authuser=0&hl=fr&rclk=1,,,,
5d8e9b00-88a2-41d2-9681-214ae0ff2f82,TERRALIA TP,0666182645,romain.dogantp@gmail.com,medium,,,,,Reims,paysagiste,paysagiste,1,5.0,4,Paysagiste,https://terralia-tp.fr/,https://www.google.com/maps/place/TERRALIA+TP/data=!4m7!3m6!1s0x65c2e816d5d4710d:0x398bd059cab4f6eb!8m2!3d49.2342112!4d4.0682661!16s%2Fg%2F11yr_z8cbf!19sChIJDXHU1RbowmUR6_a0ylnQizk?authuser=0&hl=fr&rclk=1,,,,
375868d4-f496-4f03-9281-d6aa4073b1be,Viridis,0614820116,contact@area-viridis.com,low,,,,,Le Havre,paysagiste,paysagiste,2,4.9,58,Paysagiste,https://www.viridis.pro/,https://www.google.com/maps/place/Viridis/data=!4m7!3m6!1s0x47e02f3858074c79:0x25b4fc84bab73fcb!8m2!3d49.5300683!4d0.0938221!16s%2Fg%2F11j974fv3y!19sChIJeUwHWDgv4EcRyz-3uoT8tCU?authuser=0&hl=fr&rclk=1,,,,
47f9cc8c-a048-499d-90d5-e0821fdd08de,FL JARDIN,0326531022,contact@fljardin.com,high,,,,,Reims,paysagiste,paysagiste,1,4.5,11,Paysagiste,http://www.fljardin.com/,https://www.google.com/maps/place/FL+JARDIN/data=!4m7!3m6!1s0x47e96d8dd520d17f:0xca6582bca8b4f573!8m2!3d49.1258846!4d4.0232472!16s%2Fg%2F1tfcsk4c!19sChIJf9Eg1Y1t6UcRc_W0qLyCZco?authuser=0&hl=fr&rclk=1,,,,
52f82cb4-f7a8-49ad-8f84-e13933c7e7b5,Déco du Jardin,0326864182,contact@decodujardin.fr,high,,,,,Reims,paysagiste,paysagiste,1,4.4,259,Jardinerie,https://www.decodujardin.fr/,https://www.google.com/maps/place/D%C3%A9co+du+Jardin/data=!4m7!3m6!1s0x47e9760cd3acdbc5:0xbe2c9585d60a6a29!8m2!3d49.2737564!4d4.0838908!16s%2Fg%2F1tc_3dyy!19sChIJxdus0wx26UcRKWoK1oWVLL4?authuser=0&hl=fr&rclk=1,,,,
cba3f49b-0eac-4f6c-9693-421f90b8151c,Abc jardins et services - Jardinier Paysagiste Reims Gueux Epernay,0650105106,contact@abc-jardin-et-services.fr,low,Ulrich,Leclere,ULRICH LECLERE,siret_insee,Berru,paysagiste,paysagiste,1,5.0,122,Paysagiste,http://www.abc-jardins-et-services.fr/,https://www.google.com/maps/place/Abc+jardins+et+services+-+Jardinier+Paysagiste+Reims+Gueux+Epernay/data=!4m7!3m6!1s0x47e97758b6ba0b87:0x56f831e6de3ed1f9!8m2!3d49.270751!4d4.149596!16s%2Fg%2F11pfb45sv6!19sChIJhwu6tlh36UcR-dE-3uYx-FY?authuser=0&hl=fr&rclk=1,96.09Z,50233977300017,2008-03-01,NN
092ae48b-833e-47e6-bb7b-a3f82a978902,Pierre Weiss - Elagueur Jardinier Taille de haie le Havre 76 SEINE MARITIME,0661077475,cyril+team@agence-apv.fr,low,,,,,Le Havre,paysagiste,paysagiste,2,4.5,25,Service d'élagage,https://paysagiste-normandie.fr/ville/havre/,https://www.google.com/maps/place/Pierre+Weiss+-+Elagueur+Jardinier+Taille+de+haie+le+Havre+76+SEINE+MARITIME/data=!4m7!3m6!1s0x47e02f0d9d93f8d9:0xc0247811a1677855!8m2!3d49.4889118!4d0.1048509!16s%2Fg%2F11p3h6n175!19sChIJ2fiTnQ0v4EcRVXhnoRF4JMA?authuser=0&hl=fr&rclk=1,,,,
2c1535b4-9381-4a04-b31d-438e97b7f256,Arbor & Paysage,0634240634,arboretpaysage@outlook.fr,medium,,,,,Le Havre,paysagiste,paysagiste,2,5.0,31,Paysagiste,http://www.arboretpaysage.fr/?utm_source=gmb,https://www.google.com/maps/place/Arbor+%26+Paysage/data=!4m7!3m6!1s0x47e1cbb812bac471:0xd96a894fcb863259!8m2!3d49.345684!4d0.343464!16s%2Fg%2F11ty2zr1j2!19sChIJccS6ErjL4UcRWTKGy0-Jatk?authuser=0&hl=fr&rclk=1,,,,
8cd413d6-bccf-4c06-bc10-e4958248425f,Jardins d'Auge,0231659394,jardinsdauge@gmail.com,medium,Sylvain,Marc,Sylvain Marc,mentions_legales,Le Havre,paysagiste,paysagiste,2,4.9,10,Paysagiste,https://www.jardinsdauge.com/,https://www.google.com/maps/place/Jardins+d%27Auge/data=!4m7!3m6!1s0x47e1d0da0f356a7f:0x4e596324e4a64495!8m2!3d49.2377811!4d0.0977983!16s%2Fg%2F11hbnr4jv1!19sChIJf2o1D9rQ4UcRlUSm5CRjWU4?authuser=0&hl=fr&rclk=1,,,,
3e5330b7-0760-4178-97b3-c61b1808cdf5,LH Élagage,0663484211,contact@lh-elagage.fr,high,Guillaume,Sevestre,GUILLAUME SEVESTRE,siret_insee,Le Havre,paysagiste,paysagiste,2,4.8,13,Service d'élagage,http://lh-elagage.fr/,https://www.google.com/maps/place/LH+%C3%89lagage/data=!4m7!3m6!1s0x21b71a6918f87085:0xbd8e03d954ea2a0b!8m2!3d49.49697!4d0.101497!16s%2Fg%2F11kbtkmns7!19sChIJhXD4GGkatyERCyrqVNkDjr0?authuser=0&hl=fr&rclk=1,81.30Z,94823886000019,2023-02-10,NN
058d5208-fea2-400c-9f25-08b67db3f31a,Entreprise paysagiste Toutin philippe,0614150987,cyril+team@agence-apv.fr,low,,,,,Le Havre,paysagiste,paysagiste,2,5.0,10,Paysagiste,https://paysagiste-normandie.fr/ville/ablon/,https://www.google.com/maps/place/Entreprise+paysagiste+Toutin+philippe/data=!4m7!3m6!1s0x47e035d0d484a31b:0x9bfc4a9fa303d903!8m2!3d49.3928981!4d0.2764512!16s%2Fg%2F11qpzqhdpk!19sChIJG6OE1NA14EcRA9kDo59K_Js?authuser=0&hl=fr&rclk=1,,,,
024ebaad-3b8c-459a-9ea0-8b4e889e600b,Victor entretien Elagueur paysagiste Le Havre,0662498919,artisanweiss76@gmail.com,medium,,,,,Le Havre,paysagiste,paysagiste,2,5.0,11,Paysagiste,https://victor-entretien-elagueur-paysagiste-le-havre.opti.page/,https://www.google.com/maps/place/Victor+entretien+Elagueur+paysagiste+Le+Havre/data=!4m7!3m6!1s0x6c0b6cdeb3791d13:0x7ef85c76c5d7dcb0!8m2!3d49.4010092!4d-0.5679284!16s%2Fg%2F11yfkzxt04!19sChIJEx15s95sC2wRsNzXxXZc-H4?authuser=0&hl=fr&rclk=1,,,,
c8742014-66da-41ad-9055-0fcabbf2d249,KLF Paysage,0659597730,klf-paysage@hotmail.com,medium,Florian,Layre,FLORIAN LAYRE,siret_insee,Saint-Jouin-Bruneval,paysagiste,paysagiste,2,5.0,25,Paysagiste,https://klf-paysage.fr/,https://www.google.com/maps/place/KLF+Paysage/data=!4m7!3m6!1s0x6888a104b84df67f:0x654130a890e4e3cf!8m2!3d49.6614262!4d0.928212!16s%2Fg%2F11wmvgfx6k!19sChIJf_ZNuAShiGgRz-PkkKgwQWU?authuser=0&hl=fr&rclk=1,81.30Z,93369044800016,2024-08-31,NN
94414e8e-424d-469a-95c2-4b59b678b9f9,Renov Exterieur - Jardinier Paysagiste 95 Val-d'Oise,0641398225,renovexterieur@yahoo.com,medium,Jeremy,Hivet,JEREMY HIVET,siret_insee,Baillet-En-France,paysagiste,paysagiste,2,4.8,25,Paysagiste,https://jardinier-paysagiste-95-val-doise.fr/,https://www.google.com/maps/place/Renov+Exterieur+-+Jardinier+Paysagiste+95+Val-d%27Oise/data=!4m7!3m6!1s0xa278f6dd870a817d:0x9c516779c6b52eff!8m2!3d49.0648506!4d2.3145109!16s%2Fg%2F11w1cbq901!19sChIJfYEKh932eKIR_y61xnlnUZw?authuser=0&hl=fr&rclk=1,81.30Z,92936925400016,2024-05-27,NN
83244082-c090-4bb3-b244-8c85af931181,Félix Pignoux Paysagiste,0686357345,contact@felixpignoux.fr,high,,,,,Maisons-Alfort,paysagiste,paysagiste,3,4.8,56,Paysagiste,http://www.felixpignoux.fr/,https://www.google.com/maps/place/F%C3%A9lix+Pignoux+Paysagiste/data=!4m7!3m6!1s0x47e60bf6ec762b21:0xd3d51e940cd3d89f!8m2!3d48.8037774!4d2.4376943!16s%2Fg%2F1th0xnf5!19sChIJISt27PYL5kcRn9jTDJQe1dM?authuser=0&hl=fr&rclk=1,,,,
a7aaad94-1a5b-4322-9fbe-9762cf32b568,Au Carre Vert | Paysagiste,0477617618,contact@aucarrevert.fr,high,,,,,Saint-Étienne,paysagiste,paysagiste,2,4.8,13,Paysagiste,http://www.aucarrevert.fr/,https://www.google.com/maps/place/Au+Carre+Vert+%7C+Paysagiste/data=!4m7!3m6!1s0x47f5b050d6f63ed3:0x4e7e61492b39399b!8m2!3d45.4186851!4d4.3152032!16s%2Fg%2F1vpfhx9p!19sChIJ0z721lCw9UcRmzk5K0lhfk4?authuser=0&hl=fr&rclk=1,,80066354400016,,
2af87769-f3ed-455b-a8c8-d8484776db71,Fr paysage,0615080716,mrlepape@gmail.com,medium,Yohann Johann,Lepape,YOHANN JOHANN LEPAPE,siret_insee,Saint-Chamond,paysagiste,paysagiste,2,5.0,7,Paysagiste,https://www.fr-paysage-42.fr/,https://www.google.com/maps/place/Fr+paysage/data=!4m7!3m6!1s0x47f500effad0388f:0x7579411ec8299120!8m2!3d45.4585753!4d4.4166274!16s%2Fg%2F11clvqtt5z!19sChIJjzjQ-u8A9UcRIJEpyB5BeXU?authuser=0&hl=fr&rclk=1,47.89Z,48485087000011,2005-11-02,NN
73874057-4dd8-4214-9c59-3366eb53c66b,Pastel Paysage,0650747005,contact@pastelpaysage.fr,high,Florian Roger,Pastel,FLORIAN ROGER PASTEL,siret_insee,Saint-Etienne,paysagiste,paysagiste,2,4.6,10,Paysagiste,https://www.pastelpaysage.fr/,https://www.google.com/maps/place/Pastel+Paysage/data=!4m7!3m6!1s0x47f5aeecc023cf9d:0xc13df8b3a2187aee!8m2!3d45.4218006!4d4.3664316!16s%2Fg%2F1tfqq9d1!19sChIJnc8jwOyu9UcR7noYorP4PcE?authuser=0&hl=fr&rclk=1,81.30Z,53240765700016,2011-04-01,01
f7ae77b1-f13e-44de-8903-44b2db00233c,Chloris paysage - SASU Damien Sorel,0231643390,infos@studio-seth.fr,low,Studio Seth,Siren,Studio Seth SIREN,mentions_legales,Rouen,paysagiste,paysagiste,2,4.5,8,Paysagiste,https://chloris-paysage.fr/,https://www.google.com/maps/place/Chloris+paysage+-+SASU+Damien+Sorel/data=!4m7!3m6!1s0x47e1cc2f6ca5f23d:0x81d27aa1e347acf4!8m2!3d49.296288!4d0.2026581!16s%2Fg%2F11bbt5cjtg!19sChIJPfKlbC_M4UcR9KxH46F60oE?authuser=0&hl=fr&rclk=1,,,,
79f3e05e-7b44-48fc-8714-79b4a9ed2244,Guerdener Service - Terrassement Paysagiste,0637732806,guerdenerrudy42@gmail.com,medium,Rudy,Guerdener Statut De L'entreprise,Rudy Guerdener Statut de l'entreprise,mentions_legales,Saint-Étienne,paysagiste,paysagiste,2,5.0,5,Paysagiste,https://www.guerdener-service.fr/,https://www.google.com/maps/place/Guerdener+Service+-+Terrassement+Paysagiste/data=!4m7!3m6!1s0x47f5afd2d096a3f5:0x19aea4b30e0d0675!8m2!3d45.4217237!4d4.3611935!16s%2Fg%2F11qm6yrpj6!19sChIJ9aOW0NKv9UcRdQYNDrOkrhk?authuser=0&hl=fr&rclk=1,,,,
72c79896-4f99-42bc-8146-cc1ac2e351cd,M. BOTTIER ESPACES VERTS,0646123356,bottierespacevert.fr@gmail.com,medium,,,,,Pontault-Combault,paysagiste,paysagiste,2,5.0,22,Paysagiste,https://bottier-espace-vert.fr/,https://www.google.com/maps/place/M.+BOTTIER+ESPACES+VERTS/data=!4m7!3m6!1s0x47e605888b65aa15:0xde11872f4b5db00e!8m2!3d48.8381257!4d2.6538624!16s%2Fg%2F11yslv8jbj!19sChIJFapli4gF5kcRDrBdSy-HEd4?authuser=0&hl=fr&rclk=1,,,,
d5ce3b58-1599-4169-bba4-9c358df55311,Atelier Galium,0688482828,atelier.galium@gmail.com,medium,,,,,Le Havre,paysagiste,paysagiste,2,5.0,4,Architecte paysagiste,http://www.atelier-galium.fr/,https://www.google.com/maps/place/Atelier+Galium/data=!4m7!3m6!1s0x47e02f98570dcf8d:0xca311a3e755bd82b!8m2!3d49.5036739!4d0.1351075!16s%2Fg%2F11p67pzsvp!19sChIJjc8NV5gv4EcRK9hbdT4aMco?authuser=0&hl=fr&rclk=1,,,,
6bd68fc8-1d78-46e7-9bf8-0b7b62427afc,Horizon Jardin,0477958832,contact@horizon-jardin.fr,high,Chritian,Dard,CHRITIAN DARD,siret_insee,Saint-Etienne,paysagiste,paysagiste,2,4.6,52,Paysagiste,https://www.horizon-jardin.fr/,https://www.google.com/maps/place/Horizon+Jardin/data=!4m7!3m6!1s0x47f5abd5cfcea995:0x9dbafa24298c308a!8m2!3d45.4409725!4d4.432487!16s%2Fg%2F1tx14qmt!19sChIJlanOz9Wr9UcRijCMKST6up0?authuser=0&hl=fr&rclk=1,81.30Z,51885937600015,2009-12-16,12
52ed1a88-d2b4-48eb-8afc-1a75ac382ee5,Forez Vert,0775794862,forez_vert@yahoo.com,medium,,,,,Saint-Étienne,paysagiste,paysagiste,2,5.0,47,Paysagiste,http://www.forez-vert.fr/,https://www.google.com/maps/place/Forez+Vert/data=!4m7!3m6!1s0x69f478768bf99751:0xaf67c408194bdacb!8m2!3d45.4410465!4d4.384582!16s%2Fg%2F11y5467s07!19sChIJUZf5i3Z49GkRy9pLGQjEZ68?authuser=0&hl=fr&rclk=1,,,,
f706bf83-0e52-424e-a030-473a759c937d,Dorier TP & Paysage,0767861929,doriertp.paysage@gmail.com,medium,Teddy Yann,Guigon,TEDDY YANN GUIGON,siret_insee,Saint-Etienne,paysagiste,paysagiste,2,5.0,21,Paysagiste,https://www.dorier-tp-paysage.fr/,https://www.google.com/maps/place/Dorier+TP+%26+Paysage/data=!4m7!3m6!1s0x47f5b1d03a6ee2d3:0x29d874d20fe48993!8m2!3d45.416921!4d4.261228!16s%2Fg%2F11vrx27d93!19sChIJ0-JuOtCx9UcRk4nkD9J02Ck?authuser=0&hl=fr&rclk=1,43.12A,98315281000013,2024-01-05,NN
06a52f2d-c9b8-4eae-ac75-a317c1205e2b,Profusion Jardin,0232912740,cyril+team@agence-apv.fr,low,,,,,Rouen,paysagiste,paysagiste,2,4.5,20,Paysagiste,https://paysagiste-normandie.fr/ville/saint-etienne-du-rouvray/,https://www.google.com/maps/place/Profusion+Jardin/data=!4m7!3m6!1s0x47e1206111c8017d:0x89083b177e3c3f66!8m2!3d49.3990868!4d1.0649501!16s%2Fg%2F1tcvnkg9!19sChIJfQHIEWEg4UcRZj88fhc7CIk?authuser=0&hl=fr&rclk=1,,,,
9a195b82-5df3-4a63-9a0e-4469e8aa3ee3,Jardivar,0494036881,jardivar83@orange.fr,medium,,,,,Toulon,paysagiste,paysagiste,2,4.9,51,Paysagiste,http://www.jardivar.fr/?utm_source=gmb,https://www.google.com/maps/place/Jardivar/data=!4m7!3m6!1s0x12c905c86efdeeff:0xc96f710488e002b8!8m2!3d43.1504177!4d5.9600615!16s%2Fg%2F11j516crk6!19sChIJ_-79bsgFyRIRuALgiARxb8k?authuser=0&hl=fr&rclk=1,,,,
e094d847-0332-4111-aeeb-ce8e1a7242c8,PHIL Brico Jardins,0663887015,contact@phil-brico-jardins.fr,high,,,,,Toulon,paysagiste,paysagiste,2,5.0,46,Jardinier,https://phil-brico-jardins.fr/,https://www.google.com/maps/place/PHIL+Brico+Jardins/data=!4m7!3m6!1s0x12c91b95e7edc07d:0x988eaba59681de23!8m2!3d43.1356825!4d5.9225371!16s%2Fg%2F11gy4_s7y6!19sChIJfcDt55UbyRIRI96BlqWrjpg?authuser=0&hl=fr&rclk=1,,,,
6c51af50-97c8-4ef5-8508-d26f67ce2759,Antoine Jardinier Elagueur / Paysagiste 83,0661409852,artisanantoineelagueur83@gmail.com,medium,Antoine,Jardinier,Antoine jardinier,mentions_legales,Toulon,paysagiste,paysagiste,2,5.0,5,Service d'élagage,https://www.antoine-jardinier.fr/,https://www.google.com/maps/place/Antoine+Jardinier+Elagueur+%2F+Paysagiste+83/data=!4m7!3m6!1s0x12c91b91a649b6b3:0xeb4b19740be77945!8m2!3d43.1420244!4d5.9115993!16s%2Fg%2F11zb4cndh6!19sChIJs7ZJppEbyRIRRXnnC3QZS-s?authuser=0&hl=fr&rclk=1,,,,
fccb4f6d-eff1-478b-8103-0d1384832dd2,PEPIN PAYSAGE,0660220300,contact@pepin-paysage.com,high,,,,,Le Havre,paysagiste,paysagiste,2,5.0,4,Paysagiste,https://pepin-paysage.com/,https://www.google.com/maps/place/PEPIN+PAYSAGE/data=!4m7!3m6!1s0x47e1cd418f419d45:0x415c70b522419349!8m2!3d49.3466951!4d0.1908678!16s%2Fg%2F11cn0jm0zq!19sChIJRZ1Bj0HN4UcRSZNBIrVwXEE?authuser=0&hl=fr&rclk=1,,,,
99b14cf8-93c2-4fb8-ad5b-eec48ed169c9,entreprise Paysagiste MORNET,0974563765,entreprisepaysagistemornet@live.fr,medium,,,,,Toulon,paysagiste,paysagiste,2,5.0,3,Paysagiste,https://www.mornet-paysages.fr/?utm_medium=referral&utm_source=gmb&utm_campaign=lnk-gmb,https://www.google.com/maps/place/entreprise+Paysagiste+MORNET/data=!4m7!3m6!1s0x12c91b91311b9a25:0xcaec9a3b5633ea09!8m2!3d43.1113052!4d5.9559185!16s%2Fg%2F1ttl0zc3!19sChIJJZobMZEbyRIRCeozVjua7Mo?authuser=0&hl=fr&rclk=1,,,,
578cf596-1e4c-40aa-b647-46e616b466b3,Jardinier élagueur pierre élagage 83 taille de haie entretien espace Elagueur,0606475025,pierreelagagepierre@gmail.com,medium,Pierre,Elagage,Pierre Elagage,mentions_legales,Toulon,paysagiste,paysagiste,2,5.0,108,Paysagiste,https://www.pierre-elagueur.fr/,https://www.google.com/maps/place/Jardinier+%C3%A9lagueur+pierre+%C3%A9lagage+83+taille+de+haie+entretien+espace+Elagueur/data=!4m7!3m6!1s0xac29c7456eb65e27:0xd42889d89e7eb5dc!8m2!3d43.1368004!4d5.9499544!16s%2Fg%2F11swzpyqxp!19sChIJJ162bkXHKawR3LV-ntiJKNQ?authuser=0&hl=fr&rclk=1,,,,
8d4716a8-7a36-4453-8a2a-7931cfafbe9c,CBT PAYSAGE,0624568046,cbtpaysage@gmail.com,medium,,,,,Saint-Étienne,paysagiste,paysagiste,2,5.0,8,Paysagiste,https://cbtpaysage.fr/,https://www.google.com/maps/place/CBT+PAYSAGE/data=!4m7!3m6!1s0x88a1fdeae86ad73d:0x2f3b677ab1f9739f!8m2!3d45.4598898!4d4.6242221!16s%2Fg%2F11wnfgpgvw!19sChIJPddq6Or9oYgRn3P5sXpnOy8?authuser=0&hl=fr&rclk=1,,,,
2846dc12-8be9-4ae6-97c5-59cb62681473,Jardinière La,0478484535,contact@jardiniere-espaces-verts.fr,low,Jean Bernard,Gouttebaron,JEAN BERNARD GOUTTEBARON (GOUTTEBARON),siret_insee,Saint-Symphorien-Sur-Coise,paysagiste,paysagiste,2,4.8,31,Paysagiste,http://www.jardiniere-espaces-verts.com/,https://www.google.com/maps/place/Jardini%C3%A8re+La/data=!4m7!3m6!1s0x47f457a80094fa6d:0x12b63e5573f24c64!8m2!3d45.6365185!4d4.4666966!16s%2Fg%2F11b6dthg19!19sChIJbfqUAKhX9EcRZEzyc1U-thI?authuser=0&hl=fr&rclk=1,81.30Z,97250205800019,1972-01-01,12
3cc11934-4a21-418c-97ed-4d5d13ed1efc,Saint Martin Paysages,0631263740,alain.revello93@orange.fr,medium,,,,,Pontault-Combault,paysagiste,paysagiste,2,4.6,13,Paysagiste,https://stmartin-paysages.fr/,https://www.google.com/maps/place/Saint+Martin+Paysages/data=!4m7!3m6!1s0x47e60f71acbf44c9:0x6d01a8971eeb46bd!8m2!3d48.823104!4d2.5778332!16s%2Fg%2F1tf80x55!19sChIJyUS_rHEP5kcRvUbrHpeoAW0?authuser=0&hl=fr&rclk=1,,,,
a4331cc2-fd0a-42b9-b069-a3919369c233,AZUR SERVICES & GARDENS Jardinier Paysagiste,0650076104,azurservicesgardens@gmail.com,medium,,,,,Toulon,paysagiste,paysagiste,2,5.0,18,Paysagiste,https://www.azurservicesgardens.fr/,https://www.google.com/maps/place/AZUR+SERVICES+%26+GARDENS+Jardinier+Paysagiste/data=!4m7!3m6!1s0xa76312312e59b7d9:0xbec6a513604258c5!8m2!3d43.152616!4d5.9097419!16s%2Fg%2F11xl4bmp0m!19sChIJ2bdZLjESY6cRxVhCYBOlxr4?authuser=0&hl=fr&rclk=1,,,,
f74f0400-eeef-48c8-bc8a-909a2e9750f3,Provence Bois Paysage,0422611404,contact@provenceboispaysage.fr,high,David Antoine Vincent,Salvatore,DAVID ANTOINE VINCENT SALVATORE,siret_insee,Ollioules,paysagiste,paysagiste,2,5.0,11,Paysagiste,https://www.provenceboispaysage.fr/,https://www.google.com/maps/place/Provence+Bois+Paysage/data=!4m7!3m6!1s0x8702e1664c98f677:0x87d8b625a56b952c!8m2!3d43.1442976!4d5.8616812!16s%2Fg%2F11y7gj6bdw!19sChIJd_aYTGbhAocRLJVrpSW22Ic?authuser=0&hl=fr&rclk=1,81.30Z,92983193100019,2024-06-01,NN
53bf683d-fb55-4322-af6e-4692746615ea,Waeldo Jardin Jardinier Elagueur élagage Toulon,0780257959,brandonwaeldo83@gmail.com,medium,,,,,Toulon,paysagiste,paysagiste,2,4.9,81,Service d'élagage,https://www.waeldo-jardin.fr/,https://www.google.com/maps/place/Waeldo+Jardin+Jardinier+Elagueur+%C3%A9lagage+Toulon/data=!4m7!3m6!1s0x46d3be6b2f24a88d:0x4c86f9414a7da02f!8m2!3d43.1651039!4d5.9388122!16s%2Fg%2F11sfhs75tl!19sChIJjagkL2u-00YRL6B9SkH5hkw?authuser=0&hl=fr&rclk=1,,,,
98070d5f-e1ef-43ed-9573-a8ef85de4436,Pierres de provence,0668677933,pierresdeprovence@proton.me,low,Marc,Corler,MARC CORLER,siret_insee,Ollioules,paysagiste,paysagiste,2,4.5,8,Paysagiste,https://www.pierresdeprovence.fr/,https://www.google.com/maps/place/Pierres+de+provence/data=!4m7!3m6!1s0x12c9059f066df9c5:0xe3c795c52936ed14!8m2!3d43.1405169!4d5.8730811!16s%2Fg%2F11vjjsxkkr!19sChIJxfltBp8FyRIRFO02KcWVx-M?authuser=0&hl=fr&rclk=1,81.30Z,52860059600035,2010-10-01,02
67f754b2-a6c6-4286-b958-94c47517cf6b,Mediteo,0483428536,info@mediteo.fr,high,Thibaut,Alix,THIBAUT ALIX (ALIX),siret_insee,Sollies-Ville,paysagiste,paysagiste,2,5.0,3,Paysagiste,https://www.mediteo.fr/,https://www.google.com/maps/place/Mediteo/data=!4m7!3m6!1s0x12c917f4e9c1685f:0x4875e77d9999f3ca!8m2!3d43.1785646!4d5.9911433!16s%2Fg%2F11c6qdt5f4!19sChIJX2jB6fQXyRIRyvOZmX3ndUg?authuser=0&hl=fr&rclk=1,81.30Z,81216340000029,2015-06-01,02
e207eb6b-3c73-44eb-a279-ce86f14efab7,"Paysagiste Toulon - Création jardin, élagage",0626148054,dr83paysagiste@gmail.com,medium,Didier,Roux,DIDIER ROUX,siret_insee,Bandol,paysagiste,paysagiste,2,4.9,47,Paysagiste,https://paysagistetoulon.fr/,"https://www.google.com/maps/place/Paysagiste+Toulon+-+Cr%C3%A9ation+jardin,+%C3%A9lagage/data=!4m7!3m6!1s0x12c91b69f583badb:0x9b3a27fb6d424783!8m2!3d43.1399666!4d5.9126412!16s%2Fg%2F11y9hxvy5r!19sChIJ27qD9WkbyRIRg0dCbfsnOps?authuser=0&hl=fr&rclk=1",43.91B,50327031600048,2008-03-11,NN
02715b2a-924f-4a44-bdba-dc93b13194b1,Jardin Alexandre 1er,0494185300,directioncommunication@mairie-toulon.fr,low,,,,,Toulon,paysagiste,paysagiste,2,4.5,1657,Jardin botanique,http://toulon.fr/toulon-pratique/article/jardin-alexandre-1er,https://www.google.com/maps/place/Jardin+Alexandre+1er/data=!4m7!3m6!1s0x12c91b10e5c0de3d:0x77519fe13cdf884!8m2!3d43.1269988!4d5.9262902!16s%2Fg%2F112ygbkcl!19sChIJPd7A5RAbyRIRhPjNE_4ZdQc?authuser=0&hl=fr&rclk=1,,,,
fbd5dafd-a589-40ef-aa3d-8bcd441de94a,JMJ JARDINS,0665713887,contact.jmjjardin@gmail.com,medium,,,,,La Seyne-sur-Mer,paysagiste,paysagiste,2,5.0,3,Paysagiste,https://jmjjardins.com/,https://www.google.com/maps/place/JMJ+JARDINS/data=!4m7!3m6!1s0x431feff799b120ef:0xeff80de5bbf36771!8m2!3d43.0944905!4d5.8885461!16s%2Fg%2F11z70czjtt!19sChIJ7yCxmffvH0MRcWfzu-UN-O8?authuser=0&hl=fr&rclk=1,,,,
32fd092e-244e-4dba-af02-56f9bdf3d5f3,Jog'elagage,0768793332,jogelagage@gmail.com,medium,,,,,Toulon,paysagiste,paysagiste,2,5.0,5,Jardinier,http://www.jogelagage.fr/,https://www.google.com/maps/place/Jog%27elagage/data=!4m7!3m6!1s0x12c91b006e4c8fb5:0x621165830ec12b74!8m2!3d43.1156091!4d5.9757884!16s%2Fg%2F11m5lrh275!19sChIJtY9MbgAbyRIRdCvBDoNlEWI?authuser=0&hl=fr&rclk=1,,,,
3aa4c171-a9b1-4b88-84a5-8c7f61354172,Potag'Home,0760986831,potaghome@gmail.com,medium,David Henri Pascal,Trigolet,DAVID HENRI PASCAL TRIGOLET,siret_insee,Angers,paysagiste,paysagiste,2,4.9,44,Architecte paysagiste,http://www.potaghome.fr/,https://www.google.com/maps/place/Potag%27Home/data=!4m7!3m6!1s0x480878f6da6b3acb:0x8473799ac6c02153!8m2!3d47.4844677!4d-0.5338949!16s%2Fg%2F11clvt93mr!19sChIJyzpr2vZ4CEgRUyHAxpp5c4Q?authuser=0&hl=fr&rclk=1,81.30Z,52397936700076,2010-07-10,02
0e74fe44-0145-4543-a3eb-9a84890bab5b,ID o paysage - Angers,0970905282,contact@ido-paysage.fr,high,,,,,Angers,paysagiste,paysagiste,2,5.0,32,Paysagiste,http://www.ido-paysage.fr/,https://www.google.com/maps/place/ID+o+paysage+-+Angers/data=!4m7!3m6!1s0x4808784d6e7f1195:0x6ccd74236d31449!8m2!3d47.3894391!4d-0.559822!16s%2Fg%2F11csprc9b6!19sChIJlRF_bk14CEgRSRTTNkLXzAY?authuser=0&hl=fr&rclk=1,,,,
9c7ca6c7-d30b-4049-8044-1ec9144d0c3b,Alex Green Garden,0687971961,alexgreengarden@outlook.com,medium,Alexandre,Pineau,PINEAU Alexandre,mentions_legales,La Seyne-sur-Mer,paysagiste,paysagiste,2,5.0,13,Paysagiste,https://www.alex-green-garden.fr/,https://www.google.com/maps/place/Alex+Green+Garden/data=!4m7!3m6!1s0x8d4ce56b8dfc757d:0xb52b798d7a208a5c!8m2!3d43.1833916!4d5.747702!16s%2Fg%2F11wxsy26pn!19sChIJfXX8jWvlTI0RXIogeo15K7U?authuser=0&hl=fr&rclk=1,,,,
94275c2c-1a87-4e04-977e-6f3bb6704974,Actuel Paysage,0241444333,contact@actuel-paysage.com,low,Olivier,Maillet,OLIVIER MAILLET (MAILLET),siret_insee,Ste Gemmes Sur Loire,paysagiste,paysagiste,2,4.9,65,Paysagiste,http://www.actuel-paysage.fr/,https://www.google.com/maps/place/Actuel+Paysage/data=!4m7!3m6!1s0x4807d7ffdbd89c75:0x1d443274a59bcdd8!8m2!3d47.427671!4d-0.547848!16s%2Fg%2F1tjl58x1!19sChIJdZzY2__XB0gR2M2bpXQyRB0?authuser=0&hl=fr&rclk=1,81.30Z,43298669300013,2000-10-01,11
90d73612-39f9-46f4-9e13-bc55ef54a3f3,Jardin Naturel Espace Vert,0769607578,isaie.lelievre49@gmail.com,medium,,,,,Angers,paysagiste,paysagiste,2,5.0,12,Paysagiste,https://jardinnaturel.fr/,https://www.google.com/maps/place/Jardin+Naturel+Espace+Vert/data=!4m7!3m6!1s0x202a4ea615fc609b:0xc798edde5a1b5196!8m2!3d47.4706047!4d-0.5482329!16s%2Fg%2F11n56td207!19sChIJm2D8FaZOKiARllEbWt7tmMc?authuser=0&hl=fr&rclk=1,,,,
a05ed681-4d58-426d-8575-23c985c1587a,Hush Garden | Jardinier Privé,0188244354,contact@hushgarden.fr,high,,,,mentions_legales,Saint-Étienne,paysagiste,paysagiste,2,4.6,29,Paysagiste,https://www.hushgarden.fr/,https://www.google.com/maps/place/Hush+Garden+%7C+Jardinier+Priv%C3%A9/data=!4m7!3m6!1s0x2f6bd5c4e9abf217:0x7afdc03aab86eb09!8m2!3d45.5207143!4d4.306749!16s%2Fg%2F11sjqshpd_!19sChIJF_Kr6cTVay8RCeuGqzrA_Xo?authuser=0&hl=fr&rclk=1,,,,
d731cfab-9e29-406d-9d32-66d759ccccdb,Sicle,0952792053,contact@sicle.net,high,,,,,Angers,paysagiste,paysagiste,2,5.0,21,Paysagiste,https://www.sicle.net/,https://www.google.com/maps/place/Sicle/data=!4m7!3m6!1s0x480878b83ba1b633:0xd7a2e137faac50be!8m2!3d47.4626398!4d-0.5593058!16s%2Fg%2F11g0tl29ff!19sChIJM7ahO7h4CEgRvlCs-jfhotc?authuser=0&hl=fr&rclk=1,,,,
b561466d-6e72-4d48-b150-a10b3c4fdbc9,La 5ème Saison,0241665580,contact@la-5eme-saison.fr,high,Felix,Boudet,FELIX BOUDET,siret_insee,Angers,paysagiste,paysagiste,2,4.8,13,Paysagiste,http://www.la-5eme-saison.fr/,https://www.google.com/maps/place/La+5%C3%A8me+Saison/data=!4m7!3m6!1s0x480878bf9b2d81ff:0x5097d1d1586ccc0c!8m2!3d47.4666882!4d-0.5545868!16s%2Fg%2F11b76hq961!19sChIJ_4Etm794CEgRDMxsWNHRl1A?authuser=0&hl=fr&rclk=1,81.30Z,84847634700010,2019-02-07,03
4a72071b-3f4b-4e9f-a83d-69fd11ed9720,PAYSAGE DE LOIRE,0241973001,contact@paysagedeloire.fr,high,Alexandre Thomas,Plouzeau,ALEXANDRE THOMAS PLOUZEAU,siret_insee,Les Ponts-De-Ce,paysagiste,paysagiste,2,4.8,91,Paysagiste,https://paysagedeloire.fr/,https://www.google.com/maps/place/PAYSAGE+DE+LOIRE/data=!4m7!3m6!1s0x4807ddb02332f1c3:0xd5ea29109f252778!8m2!3d47.4334983!4d-0.5413009!16s%2Fg%2F11f3sfykdc!19sChIJw_EyI7DdB0gReCclnxAp6tU?authuser=0&hl=fr&rclk=1,81.30Z,83439311800023,2018-01-02,11
8a4e359b-563c-4dec-b481-27a2fe83ec94,Marion Lemoussu Architecte Paysagiste,0632955570,marion.archipaysagiste@gmail.com,medium,Marion,Lemoussu,MARION LEMOUSSU,mentions_legales,Angers,paysagiste,paysagiste,2,5.0,8,Paysagiste,https://angers-paysage.fr/,https://www.google.com/maps/place/Marion+Lemoussu+Architecte+Paysagiste/data=!4m7!3m6!1s0x480877efab406475:0x626b0af24825d123!8m2!3d47.498694!4d-0.577419!16s%2Fg%2F11ddt317_2!19sChIJdWRAq-93CEgRI9ElSPIKa2I?authuser=0&hl=fr&rclk=1,,,,
4b622a9d-165a-4f50-8a1a-bf107d2a728d,Métamorphose paysagiste,0686265717,metamorphose.anjou@gmail.com,medium,Maxime,Hamard,Maxime HAMARD,mentions_legales,Angers,paysagiste,paysagiste,2,5.0,63,Paysagiste,https://metamorphosepaysagiste.fr/,https://www.google.com/maps/place/M%C3%A9tamorphose+paysagiste/data=!4m7!3m6!1s0x4807d9f84a08f471:0xfd0caf9a1a5c7c6e!8m2!3d47.441646!4d-0.4926277!16s%2Fg%2F11shk3s3td!19sChIJcfQISvjZB0gRbnxcGpqvDP0?authuser=0&hl=fr&rclk=1,,,,
1eaf24c7-bd83-4411-ac11-171b6fb9446c,PAYSA NATURE,0633600383,contact@paysa-nature.fr,high,Est Monsieur Nicolas. L,Baril,est Monsieur BARIL Nicolas. L,mentions_legales,Angers,paysagiste,paysagiste,2,5.0,9,Architecte paysagiste,https://paysa-nature.fr/,https://www.google.com/maps/place/PAYSA+NATURE/data=!4m7!3m6!1s0x8dcbf6bcd8e013cb:0xbe4e6b0c3273bc7!8m2!3d47.4713371!4d-0.5235602!16s%2Fg%2F11p18hkl2n!19sChIJyxPg2Lz2y40Rxzsnw7Dm5As?authuser=0&hl=fr&rclk=1,,,,
28a77105-1959-40b0-98bc-94ebba96daf0,Résiliences,0671505981,contact@resiliencespaysages.fr,high,,,,,Angers,paysagiste,paysagiste,2,5.0,30,Paysagiste,https://resiliencespaysages.fr/,https://www.google.com/maps/place/R%C3%A9siliences/data=!4m7!3m6!1s0x480881d30b399323:0x4986f2f43eb87274!8m2!3d47.4713458!4d-0.5234453!16s%2Fg%2F11pyc67ntj!19sChIJI5M5C9OBCEgRdHK4PvTyhkk?authuser=0&hl=fr&rclk=1,,,,
45b2419e-6181-4751-8ad5-c8fa6cd3f682,Belvelia,0651838019,contact@belvelia.fr,high,,,,,Toulon,paysagiste,paysagiste,2,5.0,5,Paysagiste,http://www.belvelia.fr/,https://www.google.com/maps/place/Belvelia/data=!4m7!3m6!1s0x6c11ccf091364fe7:0xae03b44c9a18417d!8m2!3d43.1865429!4d5.9695908!16s%2Fg%2F11ykxw8vnn!19sChIJ5082kfDMEWwRfUEYmky0A64?authuser=0&hl=fr&rclk=1,,,,
35b108d6-19e8-43c5-aca1-b16b643e620a,A2 Paysage,0607423297,a2paysage49@orange.fr,medium,Aurelien,Graton,AURELIEN GRATON,siret_insee,Bouchemaine,paysagiste,paysagiste,2,4.7,27,Paysagiste,http://www.a2paysage.com/,https://www.google.com/maps/place/A2+Paysage/data=!4m7!3m6!1s0x4807d59d6ed3ada7:0x6cec17566f33a232!8m2!3d47.4379924!4d-0.6170212!16s%2Fg%2F11b6d83tk9!19sChIJp63Tbp3VB0gRMqIzb1YX7Gw?authuser=0&hl=fr&rclk=1,81.30Z,79486533700024,2013-09-01,11
1c921769-a034-4a31-b61b-7cdeee40ead0,Jardins & Aquarelles,0609612967,contact@jardinsetaquarelles.fr,high,,,,,Angers,paysagiste,paysagiste,2,4.5,8,Paysagiste,https://jardinsetaquarelles.fr/,https://www.google.com/maps/place/Jardins+%26+Aquarelles/data=!4m7!3m6!1s0x48080972d14b2517:0x9bed44765b5fb4fc!8m2!3d47.4377063!4d-0.4951759!16s%2Fg%2F11h6dbg503!19sChIJFyVL0XIJCEgR_LRfW3ZE7Zs?authuser=0&hl=fr&rclk=1,,,,
58886004-1a25-4593-8be0-5677bc80ebbc,Voiton Paysage,0679293786,contact@voiton-paysage.fr,high,,,,,Angers,paysagiste,paysagiste,2,5.0,11,Paysagiste,http://www.voiton-paysage.fr/,https://www.google.com/maps/place/Voiton+Paysage/data=!4m7!3m6!1s0x4b3055dd9bd28655:0xb1c87cdba69c3e08!8m2!3d47.486481!4d-0.5330823!16s%2Fg%2F11sqkyf3vy!19sChIJVYbSm91VMEsRCD6cptt8yLE?authuser=0&hl=fr&rclk=1,,,,
8162d1e5-f770-47de-94e3-f960fac06aa0,Chalain Paysagiste,0241664784,contact@pascal-chalain.fr,high,Pascal,Chalain Photos,Pascal Chalain Photos,mentions_legales,Angers,paysagiste,paysagiste,2,4.7,15,Paysagiste,https://www.pascal-chalain.fr/,https://www.google.com/maps/place/Chalain+Paysagiste/data=!4m7!3m6!1s0x4807d7ffcbb3dac1:0xd0ceb555fed9810c!8m2!3d47.4345732!4d-0.5613409!16s%2Fg%2F11pz1n4c1l!19sChIJwdqzy__XB0gRDIHZ_lW1ztA?authuser=0&hl=fr&rclk=1,,,,
05de5997-b17b-4332-b8b6-98faf3d0abd9,Alco Travaux | Spécialiste des terrasses et aménagement extérieur à Angers,0612082348,alcojardinier@gmail.com,medium,,,,,Angers,paysagiste,paysagiste,2,5.0,18,Paysagiste,https://www.alco-jardin.fr/?utm_source=google&utm_medium=wix_google_business_profile&utm_campaign=10342835910039462554,https://www.google.com/maps/place/Alco+Travaux+%7C+Sp%C3%A9cialiste+des+terrasses+et+am%C3%A9nagement+ext%C3%A9rieur+%C3%A0+Angers/data=!4m7!3m6!1s0x23cfbd08964b3c8d:0xf2b5dd1ef5c2a584!8m2!3d47.4903355!4d-0.426876!16s%2Fg%2F11vdrp761f!19sChIJjTxLlgi9zyMRhKXC9R7dtfI?authuser=0&hl=fr&rclk=1,,,,
2bf6f8a2-ea98-48ba-bc08-da5794a2471d,URBATERRA - Paysagiste Concepteur - Urbanisme - Ingénierie VRD,0252350215,contact@groupe-echo.fr,low,Milene,Guillet,MILENE GUILLET,siret_insee,Angers,paysagiste,paysagiste,2,5.0,3,Architecte paysagiste,http://www.urbaterra.fr/,https://www.google.com/maps/place/URBATERRA+-+Paysagiste+Concepteur+-+Urbanisme+-+Ing%C3%A9nierie+VRD/data=!4m7!3m6!1s0x4807d29655cab7af:0xdf6eef93c06b76c3!8m2!3d47.4638508!4d-0.5512018!16s%2Fg%2F12cp7w1k7!19sChIJr7fKVZbSB0gRw3ZrwJPvbt8?authuser=0&hl=fr&rclk=1,71.12B,79086341900020,2013-02-01,02
c0126338-e999-4dec-bcd8-ffafd68caff4,Grignard Paysages,0241693710,contact@grignardpaysages.fr,high,,,,mentions_legales,Angers,paysagiste,paysagiste,2,5.0,5,Paysagiste,https://grignardpaysages.fr/,https://www.google.com/maps/place/Grignard+Paysages/data=!4m7!3m6!1s0x48087e7b3c7008a1:0x9ae3065220fb0c31!8m2!3d47.5175753!4d-0.6266042!16s%2Fg%2F1vr3ckg5!19sChIJoQhwPHt-CEgRMQz7IFIG45o?authuser=0&hl=fr&rclk=1,,,,
b08d3bf9-d3c6-48fd-9dfd-2a39ec233f4e,Chevalier Paysage SARL,0241395850,contact@paysagiste-chevalier.com,high,,,,,Angers,paysagiste,paysagiste,2,5.0,22,Paysagiste,http://www.paysagiste-chevalier.com/?utm_source=gmb,https://www.google.com/maps/place/Chevalier+Paysage+SARL/data=!4m7!3m6!1s0x48062a622bf61463:0x15780989ccce4f8b!8m2!3d47.4811179!4d-0.6722696!16s%2Fg%2F1tfmmsd9!19sChIJYxT2K2IqBkgRi0_OzIkJeBU?authuser=0&hl=fr&rclk=1,,,,
f590c2d8-b4d2-422d-9955-ea8f78c8910c,A Tout Métier,0241880810,contact@a-tout-metier.fr,high,A,Tout Métier,A TOUT MÉTIER,mentions_legales,Angers,paysagiste,paysagiste,2,4.6,22,Paysagiste,https://www.a-tout-metier.fr/,https://www.google.com/maps/place/A+Tout+M%C3%A9tier/data=!4m7!3m6!1s0x480878be13e95095:0x36b26aa70b7226d6!8m2!3d47.4822906!4d-0.5065639!16s%2Fg%2F11b6dp_knt!19sChIJlVDpE754CEgR1iZyC6dqsjY?authuser=0&hl=fr&rclk=1,,41197457900046,,
ee4c922f-33eb-41b4-83f7-d93ff5c582ef,Résonance Urbanisme&Paysage,0241884695,agence@resonance-up.fr,high,,,,,Angers,paysagiste,paysagiste,2,5.0,3,Architecte paysagiste,http://www.resonance-up.fr/,https://www.google.com/maps/place/R%C3%A9sonance+Urbanisme%26Paysage/data=!4m7!3m6!1s0x48087f099f059b4d:0x6ba2001f0dd587c6!8m2!3d47.4928922!4d-0.5064506!16s%2Fg%2F1tp_5s7_!19sChIJTZsFnwl_CEgRxofVDR8Aoms?authuser=0&hl=fr&rclk=1,,,,
78642548-78cc-40ec-8ff7-e2dd73d18b31,Vert Expert,0684853251,contact@vertexpert.fr,high,,,,,Angers,paysagiste,paysagiste,2,5.0,14,Service d'élagage,https://vertexpert.fr/?utm_source=gmb,https://www.google.com/maps/place/Vert+Expert/data=!4m7!3m6!1s0x480879716e6f9d37:0x31b47256359b6907!8m2!3d47.4521993!4d-0.5136447!16s%2Fg%2F11jgv1zgxg!19sChIJN51vbnF5CEgRB2mbNVZytDE?authuser=0&hl=fr&rclk=1,,,,
b1706f3d-e626-484f-9a3e-f402a8778616,Robert Paysage,0243722358,contact@robert-paysage.com,high,,,,,Angers,paysagiste,paysagiste,2,4.6,5,Paysagiste,http://www.robert-paysage.com/,https://www.google.com/maps/place/Robert+Paysage/data=!4m7!3m6!1s0x480879c107f0ebd9:0x7b269c8d787c39a6!8m2!3d47.504114!4d-0.5086444!16s%2Fg%2F11b7kg8gv5!19sChIJ2evwB8F5CEgRpjl8eI2cJns?authuser=0&hl=fr&rclk=1,,,,
e839e7da-0e72-4c28-bb95-0b5180f8dff8,Planchenault Paysage,0241423993,contact@planchenaultpaysage.com,high,Olivier,Planchenault,OLIVIER PLANCHENAULT,siret_insee,Les Hauts-D'anjou,paysagiste,paysagiste,2,4.8,70,Paysagiste,https://planchenaultpaysage.com/,https://www.google.com/maps/place/Planchenault+Paysage/data=!4m7!3m6!1s0x4808647769dc51c5:0x8de47d7a7c301880!8m2!3d47.6547259!4d-0.574937!16s%2Fg%2F1tjthnms!19sChIJxVHcaXdkCEgRgBgwfHp95I0?authuser=0&hl=fr&rclk=1,81.30Z,45051110000015,2003-10-01,12
87de6bf3-a34e-45ef-932f-1881fa08d2a2,Terideal,0241349773,communication@terideal.fr,high,Laure,Bleyer,Laure Bleyer,mentions_legales,Angers,paysagiste,paysagiste,2,4.6,16,Paysagiste,https://www.terideal.fr/,https://www.google.com/maps/place/Terideal/data=!4m7!3m6!1s0x480878e632af0adf:0x8e71ed13a60bc678!8m2!3d47.4880392!4d-0.505942!16s%2Fg%2F1tkqzn5x!19sChIJ3wqvMuZ4CEgReMYLphPtcY4?authuser=0&hl=fr&rclk=1,,,,
359a4749-2e76-462d-b135-84379d45e69f,djb elagage,0687949601,djbelagage@gmail.com,medium,,,,,Angers,paysagiste,paysagiste,2,5.0,4,Service d'élagage,https://www.djb-elagage.fr/,https://www.google.com/maps/place/djb+elagage/data=!4m7!3m6!1s0x480879b48b9b2695:0xbda15aad1e7f01cf!8m2!3d47.4945091!4d-0.5528938!16s%2Fg%2F11nyv5k_1s!19sChIJlSabi7R5CEgRzwF_Hq1aob0?authuser=0&hl=fr&rclk=1,,,,
6246623e-7da8-44d3-a08b-fdab34b2f0e7,Les Jardins de Julien,0677943066,contact@jardinier.pro,high,,,,,Clermont-Ferrand,paysagiste,paysagiste,1,4.8,20,Paysagiste,https://jardinier.pro/,https://www.google.com/maps/place/Les+Jardins+de+Julien/data=!4m7!3m6!1s0x47f71feecd22022b:0xd47ba49ef0209b13!8m2!3d45.7646862!4d3.0821122!16s%2Fg%2F11h64y8br3!19sChIJKwIize4f90cRE5sg8J6ke9Q?authuser=0&hl=fr&rclk=1,,,,
fd699986-0a8b-4944-9ec8-9fdb5e13effa,"HOFFMANN ÉLAGUEUR 49 : Élagage d’arbres, abattage arbres. Entretien jardin - Angers - Maine-et-Loire (49)",0695774565,hoffmannelagueur1@gmail.com,medium,Samson,Hoffmann,SAMSON HOFFMANN,siret_insee,Drancy,paysagiste,paysagiste,2,5.0,9,Service d'élagage,https://hoffmannelagueur49.fr/,"https://www.google.com/maps/place/HOFFMANN+%C3%89LAGUEUR+49+:+%C3%89lagage+d%E2%80%99arbres,+abattage+arbres.+Entretien+jardin+-+Angers+-+Maine-et-Loire+%2849%29/data=!4m7!3m6!1s0x4808797dc46df0fb:0x39c0d7acef4c2690!8m2!3d47.4936501!4d-0.5297048!16s%2Fg%2F11lh50pktt!19sChIJ-_BtxH15CEgRkCZM76zXwDk?authuser=0&hl=fr&rclk=1",81.21Z,84349211700018,2018-10-26,NN
f0fc0f86-c602-4d93-a6bd-e3d9adc191ad,As.entretien de jardin,0661995741,as.entretienespacesvert@gmail.com,medium,,,,,Angers,paysagiste,paysagiste,2,5.0,7,Paysagiste,http://as-entretien.com/,https://www.google.com/maps/place/As.entretien+de+jardin/data=!4m7!3m6!1s0x1616829f9aaab4f:0x340182c6dcda2d32!8m2!3d47.3470386!4d-0.559332!16s%2Fg%2F11z15npm11!19sChIJT6uq-SloYQERMi3a3MaCATQ?authuser=0&hl=fr&rclk=1,,,,
38dc712c-8d15-482a-8b25-e610bd73ec4a,"Hortelli ""Petits jardins & beaux objets""",0241457823,contact@hortelli.fr,high,Clémentine,Bergue,Clémentine Bergue,mentions_legales,Angers,paysagiste,paysagiste,2,4.7,48,Jardinerie,http://www.hortelli.fr/,https://www.google.com/maps/place/Hortelli+%22Petits+jardins+%26+beaux+objets%22/data=!4m7!3m6!1s0x48087996c3a5f745:0xd1bf23baef8f1f97!8m2!3d47.4557419!4d-0.5509179!16s%2Fg%2F11h48yhhqv!19sChIJRfelw5Z5CEgRlx-P77ojv9E?authuser=0&hl=fr&rclk=1,,,,
f11d9c5c-b4f8-4f8f-9ab5-0e92d43567b4,Jardin de Caractère,0473880551,contact@jardindecaractere.fr,high,Cyril,Loubinoux,Cyril Loubinoux,mentions_legales,Clermont-Ferrand,paysagiste,paysagiste,1,4.7,54,Paysagiste,https://jardindecaractere.fr/,https://www.google.com/maps/place/Jardin+de+Caract%C3%A8re/data=!4m7!3m6!1s0x47f6e3287ba1977b:0xdc28634d5375d451!8m2!3d45.714366!4d3.1580714!16s%2Fg%2F11fjz82ck4!19sChIJe5eheyjj9kcRUdR1U01jKNw?authuser=0&hl=fr&rclk=1,,84846494700011,,
1bceba35-a5f3-4900-814e-7c6efb63d109,Tout Un Jardin,0688698281,toutunjardin@gmail.com,medium,,,,,Clermont-Ferrand,paysagiste,paysagiste,1,4.9,16,Jardinier,https://www.toutunjardin.com/,https://www.google.com/maps/place/Tout+Un+Jardin/data=!4m7!3m6!1s0x47f71b07a169be33:0xc5ac0484bf3fbd21!8m2!3d45.7452884!4d3.0589714!16s%2Fg%2F1hc32tnxj!19sChIJM75poQcb90cRIb0_v4QErMU?authuser=0&hl=fr&rclk=1,,,,
661098e6-7e3f-420f-bea0-8816ea59990f,Agence Jardinage,0473262661,s.costa@agence-jardinage.fr,high,Sylvie,Costa,SYLVIE COSTA (COSTA),siret_insee,Le Cendre,paysagiste,paysagiste,1,4.9,14,Paysagiste,http://agence-jardinage.fr/,https://www.google.com/maps/place/Agence+Jardinage/data=!4m7!3m6!1s0x47f6e3b2778d6583:0x31947d6d7bf62c6b!8m2!3d45.7199761!4d3.19415!16s%2Fg%2F11tsv3z51_!19sChIJg2WNd7Lj9kcRayz2e219lDE?authuser=0&hl=fr&rclk=1,81.30Z,52800659600035,2010-11-01,02
4a84f2a1-7243-4922-bd7a-a67e03d7ff66,Paysagiste : Beepaysage,0473711376,contact@beepaysage.com,high,,,,,Clermont-Ferrand,paysagiste,paysagiste,1,4.5,21,Paysagiste,https://www.beepaysage.com/?utm_medium=referral&utm_source=gmb&utm_campaign=lnk-gmb,https://www.google.com/maps/place/Paysagiste+:+Beepaysage/data=!4m7!3m6!1s0x47f6fee32cf77abf:0xdaa6d9350fc383d4!8m2!3d45.5958603!4d3.2196974!16s%2Fg%2F1tf69dcn!19sChIJv3r3LOP-9kcR1IPDDzXZpto?authuser=0&hl=fr&rclk=1,,,,
9edaf3fa-2353-46e9-8f93-7ba3cbefba5c,Terre 2 Création,0650678173,contact@terre2creation.fr,high,,,,,Clermont-Ferrand,paysagiste,paysagiste,1,4.7,19,Paysagiste,http://www.terre2creation.fr/?utm_medium=referral&utm_source=gmb&utm_campaign=lnk-gmb,https://www.google.com/maps/place/Terre+2+Cr%C3%A9ation/data=!4m7!3m6!1s0x47f6e282c613b657:0x8ca45d237d475ede!8m2!3d45.7718305!4d3.1867046!16s%2Fg%2F11hbll3104!19sChIJV7YTxoLi9kcR3l5HfSNdpIw?authuser=0&hl=fr&rclk=1,,,,
69347a13-3044-4be6-be5b-373f2dd7e265,garden précision,0621721759,pf.dubois@garden-precision.com,high,,,,,Clermont-Ferrand,paysagiste,paysagiste,1,5.0,34,Paysagiste,https://www.garden-precision.com/,https://www.google.com/maps/place/garden+pr%C3%A9cision/data=!4m7!3m6!1s0x68da0925829a0add:0xc4a8d473379e4a4b!8m2!3d45.7738134!4d3.0704367!16s%2Fg%2F11y97xvt8l!19sChIJ3QqagiUJ2mgRS0qeN3PUqMQ?authuser=0&hl=fr&rclk=1,,,,
e60b599c-3d0f-4cae-92d5-6fef97ce6a3d,Créa Jardins,0473635771,contact@creajardin-paysagiste.fr,low,Benjamin,Ruth,BENJAMIN RUTH,siret_insee,Riom,paysagiste,paysagiste,1,4.5,33,Paysagiste,http://www.crea-jardin-paysagiste.fr/,https://www.google.com/maps/place/Cr%C3%A9a+Jardins/data=!4m7!3m6!1s0x47f723e277b5bed7:0xb27d8c460b6d058a!8m2!3d45.9040517!4d3.1233489!16s%2Fg%2F1th0m7kl!19sChIJ1761d-Ij90cRigVtC0aMfbI?authuser=0&hl=fr&rclk=1,81.30Z,51088634400025,2009-03-01,03
fb78434b-07e0-45ce-a443-c0c60543e2a2,Activert,0954041288,julie.dossantos@activert.fr,low,,,,,Clermont-Ferrand,paysagiste,paysagiste,1,4.5,100,Jardinerie,https://www.activert-63.fr/?utm_medium=referral&utm_source=gmb&utm_campaign=lnk-gm,https://www.google.com/maps/place/Activert/data=!4m7!3m6!1s0x47f6e1834f7d2679:0x28587b4cd1e47c69!8m2!3d45.7908328!4d3.2262473!16s%2Fg%2F11f_kmltqp!19sChIJeSZ9T4Ph9kcRaXzk0Ux7WCg?authuser=0&hl=fr&rclk=1,,,,
d340b6e6-285a-40ae-a7d4-86e84d33a32c,Adhoma Clermont,0473931164,clermont@adhoma.fr,high,Nicolas,Amblard,Nicolas Amblard,mentions_legales,Clermont-Ferrand,paysagiste,paysagiste,1,4.9,21,Paysagiste,https://adhoma.fr/agence/clermont-ferrand/,https://www.google.com/maps/place/Adhoma+Clermont/data=!4m7!3m6!1s0x47f71bc21faaeb09:0x8bed2541e1a62a81!8m2!3d45.7709626!4d3.0865676!16s%2Fg%2F1tg_fdg2!19sChIJCeuqH8Ib90cRgSqm4UEl7Ys?authuser=0&hl=fr&rclk=1,,,,
3018dc1d-499c-4cc0-9c69-926a0e0432d5,L'Entreprise Paysagiste,0766404583,lentreprisepaysagiste@gmail.com,medium,Flavio Gino,Bruno,FLAVIO GINO BRUNO,siret_insee,Saint-Flour,paysagiste,paysagiste,1,4.8,20,Paysagiste,https://www.lentreprisepaysagiste.fr/,https://www.google.com/maps/place/L%27Entreprise+Paysagiste/data=!4m7!3m6!1s0x47f7d3015a361e91:0x1932b27f11cf4b42!8m2!3d45.7718305!4d3.1867046!16s%2Fg%2F11fvxz0qm6!19sChIJkR42WgHT90cRQkvPEX-yMhk?authuser=0&hl=fr&rclk=1,81.30Z,88277939000013,2020-03-31,NN
e80ed756-77c9-4718-b023-374c6b463fdd,Offmann-T - Rénovation & Entretien | Clermont-Ferrand - Auvergne,0641018571,offmanntitino2@gmail.com,medium,,,,,Clermont-Ferrand,paysagiste,paysagiste,1,5.0,15,Paysagiste,https://offmann-t.fr/,https://www.google.com/maps/place/Offmann-T+-+R%C3%A9novation+%26+Entretien+%7C+Clermont-Ferrand+-+Auvergne/data=!4m7!3m6!1s0x8ee7c4829589e5bb:0x1df3b472acdebc0e!8m2!3d45.8302921!4d3.0999682!16s%2Fg%2F11wwx_qk5m!19sChIJu-WJlYLE544RDrzerHK08x0?authuser=0&hl=fr&rclk=1,,,,
66602e26-13f7-4014-a571-41454ebe19fa,Ambiance Paysage Sarl,0689433066,ambiance-paysage49@orange.fr,medium,,Chauvin,Chauvin,mentions_legales,Angers,paysagiste,paysagiste,2,5.0,3,Paysagiste,http://www.ambiance-paysage49.com/,https://www.google.com/maps/place/Ambiance+Paysage+Sarl/data=!4m7!3m6!1s0x48088748badb3749:0x187f2b921d861ca3!8m2!3d47.5314507!4d-0.6634248!16s%2Fg%2F11j2dxy0m9!19sChIJSTfbukiHCEgRoxyGHZIrfxg?authuser=0&hl=fr&rclk=1,,,,
ebc32e9a-3204-4658-a7fd-e086c387d5ae,T E B M Paysage,0473680026,tebm@orange.fr,medium,Cédric,Barthelemy,Cédric Barthelemy,mentions_legales,Clermont-Ferrand,paysagiste,paysagiste,1,5.0,7,Paysagiste,http://www.amenagementexterieur63.fr/,https://www.google.com/maps/place/T+E+B+M+Paysage/data=!4m7!3m6!1s0x47f71d74626ff16b:0xda41a1d2b11d9837!8m2!3d45.8373532!4d3.2361556!16s%2Fg%2F11btmqsyzh!19sChIJa_FvYnQd90cRN5gdsdKhQdo?authuser=0&hl=fr&rclk=1,,,,
31ba9b96-3c82-40fc-a929-2bcad52b8377,Instinct Naturel,0444050610,contact@b2n.fr,low,Dany,Da Silva,DANY DA SILVA (DA SILVA),siret_insee,Cournon-D'auvergne,paysagiste,paysagiste,1,5.0,12,Paysagiste,https://www.paysagiste-clermont-ferrand.com/,https://www.google.com/maps/place/Instinct+Naturel/data=!4m7!3m6!1s0x47f71e8215fda8d5:0xb6bbd396d2f2c116!8m2!3d45.7406997!4d3.1743892!16s%2Fg%2F11btltpgr5!19sChIJ1aj9FYIe90cRFsHy0pbTu7Y?authuser=0&hl=fr&rclk=1,81.30Z,53260710800026,2011-05-17,02
f8cc96fe-3864-4c40-a488-f36210de829b,Garden Park Concept - Agence Clermont-Ferrand - Revêtements extérieurs de qualité,0659492268,contact@clairecottais.com,low,Gregory,Arnoldi,Gregory ARNOLDI,mentions_legales,Clermont-Ferrand,paysagiste,paysagiste,1,5.0,7,Paysagiste,https://gardenparkconcept.com/agences-amenagements-exterieurs/garden-park-clermont-ferrand/,https://www.google.com/maps/place/Garden+Park+Concept+-+Agence+Clermont-Ferrand+-+Rev%C3%AAtements+ext%C3%A9rieurs+de+qualit%C3%A9/data=!4m7!3m6!1s0x45819524e57e6ef7:0x7ea55d6a5d404f38!8m2!3d45.8276963!4d3.1600715!16s%2Fg%2F11vyyg8s97!19sChIJ925-5SSVgUUROE9AXWpdpX4?authuser=0&hl=fr&rclk=1,,,,
549f000d-29ba-465a-bdde-98e80ad85cd3,Chouette Paysage,0681631395,chouettepaysage33@gmail.com,medium,,,,,Clermont-Ferrand,paysagiste,paysagiste,1,5.0,4,Paysagiste,https://chouette-paysage.fr/,https://www.google.com/maps/place/Chouette+Paysage/data=!4m7!3m6!1s0x66b6c17fd0ce1af7:0x2dbb47e5a15887df!8m2!3d45.7714425!4d3.1212492!16s%2Fg%2F11xt67867_!19sChIJ9xrO0H_BtmYR34dYoeVHuy0?authuser=0&hl=fr&rclk=1,,,,
6a5a5e94-4537-435b-915a-e918c72f61a0,Les Jardins du perquoi,0243401313,accueil@jardins-du-perquoi.fr,high,Lucie Marie,Réty,LUCIE MARIE RÉTY,siret_insee,Change,paysagiste,paysagiste,3,4.7,43,Paysagiste,https://jardins-du-perquoi.fr/,https://www.google.com/maps/place/Les+Jardins+du+perquoi/data=!4m7!3m6!1s0x47e28c3f40dea0b9:0x26e3a3d000d790cf!8m2!3d47.9730977!4d0.2636323!16s%2Fg%2F1tgq5ygt!19sChIJuaDeQD-M4kcRz5DXANCj4yY?authuser=0&hl=fr&rclk=1,81.30Z,43503461600019,2001-04-01,11
9912beac-7563-48af-84d9-77cee0cd1342,Rémi Paysage,0609058278,r.vieirapaysage1280@gmail.com,medium,,,,,Clermont-Ferrand,paysagiste,paysagiste,1,4.6,9,Paysagiste,http://www.remipaysage.fr/,https://www.google.com/maps/place/R%C3%A9mi+Paysage/data=!4m7!3m6!1s0x2671fe39f0daa8d5:0xa8edb276f3598fa1!8m2!3d45.8310882!4d3.1707226!16s%2Fg%2F11kjzkr79h!19sChIJ1aja8Dn-cSYRoY9Z83ay7ag?authuser=0&hl=fr&rclk=1,,,,
34473d80-7553-4041-bf71-454974095c6c,Élagage Le Mans & Co,0252566857,admin@le-mans-elagage.fr,high,Nom,De L,Nom de l,mentions_legales,Le Mans,paysagiste,paysagiste,3,4.9,40,Paysagiste,https://le-mans-elagage.fr/,https://www.google.com/maps/place/%C3%89lagage+Le+Mans+%26+Co/data=!4m7!3m6!1s0x47e28536f8160a91:0x9b164ef23eec8c39!8m2!3d47.9868118!4d0.1634499!16s%2Fg%2F11wfhcqw4n!19sChIJkQoW-DaF4kcROYzsPvJOFps?authuser=0&hl=fr&rclk=1,,,,
56faad26-8d67-48ad-b91f-0c1b89c08f67,CPH Paysage,0243862073,contact@cph-paysage.fr,high,Damien,Chaisner,DAMIEN CHAISNER (CHAISNER),siret_insee,Aigne,paysagiste,paysagiste,3,4.8,17,Paysagiste,https://www.cph-paysage.fr/,https://www.google.com/maps/place/CPH+Paysage/data=!4m7!3m6!1s0x47e28628ef8be3a3:0x6e7453c893538e49!8m2!3d48.0619951!4d0.1026551!16s%2Fg%2F1tsyp1x6!19sChIJo-OL7yiG4kcRSY5Tk8hTdG4?authuser=0&hl=fr&rclk=1,81.30Z,45321121100041,2004-04-01,03
f4ae02f4-5d07-4c01-a081-7f11b0dbcb06,GREGOIRE PAYSAGE,0243765380,contact@gregoire-paysage.fr,high,Mathieu,Gregoire,MATHIEU GREGOIRE,siret_insee,Sarge-Les-Le-Mans,paysagiste,paysagiste,3,4.7,24,Paysagiste,http://www.gregoire-paysage.fr/,https://www.google.com/maps/place/GREGOIRE+PAYSAGE/data=!4m7!3m6!1s0x47e2899b24099835:0xeb0cd3d3eb438646!8m2!3d48.0473211!4d0.2383165!16s%2Fg%2F1tf7lvyh!19sChIJNZgJJJuJ4kcRRoZD69PTDOs?authuser=0&hl=fr&rclk=1,81.30Z,34119621000015,1987-05-15,03
d5fd7779-a42b-4dbe-890d-b7a67b674393,DTR-paysage,0661821665,contact@dtr-paysage.fr,high,Laurent,Allard,LAURENT ALLARD (ALLARD),siret_insee,Roubaix,paysagiste,paysagiste,1,4.9,20,Paysagiste,https://www.dtr-paysage.fr/,https://www.google.com/maps/place/DTR-paysage/data=!4m7!3m6!1s0x4e6c87c8b6dcf75b:0xbc85031c2bb0ba2f!8m2!3d45.7718305!4d3.1867046!16s%2Fg%2F11m749b3_k!19sChIJW_fctsiHbE4RL7qwKxwDhbw?authuser=0&hl=fr&rclk=1,63.11Z,42476141900045,1999-10-15,42
6352551f-6751-4e65-9496-6e252068591b,Elagage 72 Beck : Paysagiste Sarthe,0252564403,beckelagage72@gmail.com,medium,Samuel,Beck Elagage,Samuel beck elagage,mentions_legales,Le Mans,paysagiste,paysagiste,3,5.0,7,Paysagiste,https://www.elagage-72-beck.fr/,https://www.google.com/maps/place/Elagage+72+Beck+:+Paysagiste+Sarthe/data=!4m7!3m6!1s0x47e285091bb72d31:0x747b6a498a75a13a!8m2!3d47.9664581!4d0.12928!16s%2Fg%2F11rd9f0nc1!19sChIJMS23GwmF4kcROqF1iklqe3Q?authuser=0&hl=fr&rclk=1,,,,
05ed7795-91f4-45a1-b94f-5d29c11a40a2,ALCEA éco-paysage,0950433537,contact@alcea-ecopaysage.fr,high,,,,,Le Mans,paysagiste,paysagiste,3,5.0,22,Paysagiste,https://www.alcea-ecopaysage.fr/,https://www.google.com/maps/place/ALCEA+%C3%A9co-paysage/data=!4m7!3m6!1s0x47e28f863dc8aa61:0xe20fdd0d3d6b7da!8m2!3d47.9971538!4d0.2331295!16s%2Fg%2F11h_myg6z9!19sChIJYarIPYaP4kcR2rfW09D9IA4?authuser=0&hl=fr&rclk=1,,,,
b4eb16da-132b-4051-981f-262957d1e794,SAM'Entretien,0635103054,jm.entretien72@gmail.com,medium,,,,,Le Mans,paysagiste,paysagiste,3,5.0,10,Jardinier,https://www.sam-entretien72.fr/,https://www.google.com/maps/place/SAM%27Entretien/data=!4m7!3m6!1s0x632676f2dcf92907:0xb4099a524ceccc76!8m2!3d47.9266016!4d0.171457!16s%2Fg%2F11ypskv2gt!19sChIJByn53PJ2JmMRdszsTFKaCbQ?authuser=0&hl=fr&rclk=1,,,,
1479aa71-f3d1-440e-9c5d-4121a00b7682,Proxim Jardin,0243810714,communication@solidarite-humanisme.fr,low,Sylvie,Viola,SYLVIE VIOLA (PERRAUX),siret_insee,Le Mans,paysagiste,paysagiste,3,4.5,6,Paysagiste,https://insertionjardin.com/,https://www.google.com/maps/place/Proxim+Jardin/data=!4m7!3m6!1s0x47e289d0419a112d:0x9bcf99cc2136e126!8m2!3d47.9837079!4d0.183129!16s%2Fg%2F11j089pbnd!19sChIJLRGaQdCJ4kcRJuE2IcyZz5s?authuser=0&hl=fr&rclk=1,81.30Z,49384201700011,2007-01-16,02
2a196623-3822-4579-82a5-da229d34e2bc,PAYSAGES ET VOUS - DF72,0687257902,amenagements.paysagesetvous@gmail.com,medium,,Faneau,FANEAU,mentions_legales,Le Mans,paysagiste,paysagiste,3,5.0,14,Paysagiste,https://paysagesetvous.fr/,https://www.google.com/maps/place/PAYSAGES+ET+VOUS+-+DF72/data=!4m7!3m6!1s0x9190d9c5812f1af:0x3c35ec1667c7f23a!8m2!3d47.9838947!4d0.2710214!16s%2Fg%2F11sx62x1nv!19sChIJr_ESWJwNGQkROvLHZxbsNTw?authuser=0&hl=fr&rclk=1,,,,
e6278135-0651-42d7-8c84-19b02176531b,Les Jardins d'Isabelle,0687289764,contact@lesjardinsdisabelle.fr,high,Isabelle,Braud,Isabelle Braud,mentions_legales,Le Mans,paysagiste,paysagiste,3,5.0,13,Paysagiste,https://lesjardinsdisabelle.fr/,https://www.google.com/maps/place/Les+Jardins+d%27Isabelle/data=!4m7!3m6!1s0xaaca01b1697d00ed:0x19b7f7470c4b5523!8m2!3d47.98589!4d0.1893257!16s%2Fg%2F11ldj4qlk6!19sChIJ7QB9abEByqoRI1VLDEf3txk?authuser=0&hl=fr&rclk=1,,,,
f721bf86-ac95-4bbd-8b30-bf2704e860cb,Fays Espaces Verts,0612982209,fays.william72@gmail.com,medium,,,,,Le Mans,paysagiste,paysagiste,3,5.0,7,Paysagiste,https://faysespacesverts.fr/,https://www.google.com/maps/place/Fays+Espaces+Verts/data=!4m7!3m6!1s0xfb9473481f3f985:0x86d71b5b1c369f57!8m2!3d47.9819046!4d0.1957012!16s%2Fg%2F11vpn1xty9!19sChIJhfnzgTRHuQ8RV582HFsb14Y?authuser=0&hl=fr&rclk=1,,,,
8620bec3-b0fe-4e00-b716-45a79989b9c6,NEOBOX - Rénovation habitat & espaces extérieurs,0765270979,infos.neobox@gmail.com,medium,Alexis Raphael Franck,David,ALEXIS RAPHAEL FRANCK DAVID,siret_insee,Saint-Saturnin,paysagiste,paysagiste,3,4.8,24,Paysagiste,https://neobox72.fr/,https://www.google.com/maps/place/NEOBOX+-+R%C3%A9novation+habitat+%26+espaces+ext%C3%A9rieurs/data=!4m7!3m6!1s0x47e289bbaf81a50d:0x155765cace60698f!8m2!3d48.0507081!4d0.177127!16s%2Fg%2F11k9j_zr07!19sChIJDaWBr7uJ4kcRj2lgzsplVxU?authuser=0&hl=fr&rclk=1,43.12A,91777042200025,2022-06-27,02
bf014c83-68f9-461b-a58b-3897d12aa858,"""A CHACUN SON JARDIN""",0983395406,secretariat@a-chacun-son-jardin.fr,high,Laurent,Allard,LAURENT ALLARD (ALLARD),siret_insee,Roubaix,paysagiste,paysagiste,3,4.9,53,Paysagiste,https://a-chacun-son-jardin.fr/,https://www.google.com/maps/place/%22A+CHACUN+SON+JARDIN%22/data=!4m7!3m6!1s0x47e28336b060a425:0x2f0061fe008caf6f!8m2!3d47.9415241!4d0.0774601!16s%2Fg%2F11b7trflby!19sChIJJaRgsDaD4kcRb6-MAP5hAC8?authuser=0&hl=fr&rclk=1,63.11Z,42476141900045,1999-10-15,42
2f252425-e539-428d-9b02-3add41009105,Entretien de jardin - JardinsBrestois,0221831529,jardinsbrestois@gmail.com,medium,,,,,Brest,paysagiste,paysagiste,1,5.0,17,Jardinier,https://jardinsbrestois.com/,https://www.google.com/maps/place/Entretien+de+jardin+-+JardinsBrestois/data=!4m7!3m6!1s0xa9073cd6e5fbfc85:0x9743aee75d7773cb!8m2!3d48.4137196!4d-4.4486149!16s%2Fg%2F11wxv85xfm!19sChIJhfz75dY8B6kRy3N3XeeuQ5c?authuser=0&hl=fr&rclk=1,,,,
86f6f213-8b94-438d-b0ee-1ea596c795e3,Bro leon élagage,0298281581,jean@dupont.fr,low,,,,,Brest,paysagiste,paysagiste,1,4.7,60,Service d'élagage,https://www.groupe-kerne.bzh/bro-leon-elagage/,https://www.google.com/maps/place/Bro+leon+%C3%A9lagage/data=!4m7!3m6!1s0x4816a4bb4c1eeaa7:0x9ea0f7abc611b683!8m2!3d48.4797439!4d-4.4970304!16s%2Fg%2F1tk6zxd3!19sChIJp-oeTLukFkgRg7YRxqv3oJ4?authuser=0&hl=fr&rclk=1,,,,
39716758-3a1b-45c9-b54d-e7667e349fda,​Le Jardinier Samarien - Paysagiste Amiens : Entretien & Taille (-50% Crédit d'Impôt),0766528920,lejardiniersamarien@outlook.fr,medium,Quentin,Meurot,QUENTIN MEUROT,siret_insee,Amiens,paysagiste,paysagiste,2,5.0,14,Paysagiste,http://www.lejardiniersamarien.fr/,https://www.google.com/maps/place/%E2%80%8BLe+Jardinier+Samarien+-+Paysagiste+Amiens+:+Entretien+%26+Taille+%28-50%25+Cr%C3%A9dit+d%27Imp%C3%B4t%29/data=!4m7!3m6!1s0xa1118acaa8f2e8bd:0x8125d13ca6a30388!8m2!3d49.9697584!4d2.2914934!16s%2Fg%2F11mcvf16sp!19sChIJvejyqMqKEaERiAOjpjzRJYE?authuser=0&hl=fr&rclk=1,81.30Z,93978513500012,2025-01-17,NN
a6ac85d2-d7b2-40e6-8825-d4ebe525f6b6,Treyve Paysages,0473397800,contact@treyve-paysages.fr,high,,,,,Clermont-Ferrand,paysagiste,paysagiste,1,4.6,11,Paysagiste,http://www.treyve-paysages.fr/,https://www.google.com/maps/place/Treyve+Paysages/data=!4m7!3m6!1s0x47f6e1a4ca2064b7:0x15238291b16a90f9!8m2!3d45.7814828!4d3.1457185!16s%2Fg%2F11k9lbx_zz!19sChIJt2QgyqTh9kcR-ZBqsZGCIxU?authuser=0&hl=fr&rclk=1,,,,
e5797993-aeff-4c3e-ae53-721219f13d7c,CD Paysagiste,0611586718,cdpaysagiste72@gmail.com,medium,Garbaa,Wajdi,GARBAA WAJDI,mentions_legales,Le Mans,paysagiste,paysagiste,3,5.0,114,Paysagiste,http://cdpaysagiste.fr/,https://www.google.com/maps/place/CD+Paysagiste/data=!4m7!3m6!1s0x475299c18024f00b:0x7f7775b755bb789!8m2!3d48.0267156!4d0.2342972!16s%2Fg%2F11vz8k_snd!19sChIJC_AkgMGZUkcRibdbdVt39wc?authuser=0&hl=fr&rclk=1,,,,
3e6a15e5-5887-40bb-a953-1b1cfbad7995,Odyssée Paysage // Paysagiste-Concepteur // Landscape Architect,0675674424,adrien.hecquet@odyssee-paysage.com,high,Adrien Charles Maurice,Hecquet,ADRIEN CHARLES MAURICE HECQUET,siret_insee,Amiens,paysagiste,paysagiste,2,5.0,16,Architecte paysagiste,http://www.odyssee-paysage.com/,https://www.google.com/maps/place/Odyss%C3%A9e+Paysage+%2F%2F+Paysagiste-Concepteur+%2F%2F+Landscape+Architect/data=!4m7!3m6!1s0x47e78532e0579eb9:0xb3fc1b1a9adaa80f!8m2!3d49.8878474!4d2.3340464!16s%2Fg%2F11hzzvyvxg!19sChIJuZ5X4DKF50cRD6jamhob_LM?authuser=0&hl=fr&rclk=1,71.11Z,92880992000012,2024-05-14,NN
d40f3351-3cd7-4939-b16e-bce8d0b9a3c3,France Environnement,0322500510,bonjour@la-quincaillerie.fr,low,À,Compléter,À compléter,mentions_legales,Amiens,paysagiste,paysagiste,2,4.5,6,Paysagiste,https://www.franceenvironnement.eu/,https://www.google.com/maps/place/France+Environnement/data=!4m7!3m6!1s0x47e785d1d892a3cd:0xcf038d4f67f596e3!8m2!3d49.9059255!4d2.28134!16s%2Fg%2F1hc1r94dz!19sChIJzaOS2NGF50cR45b1Z0-NA88?authuser=0&hl=fr&rclk=1,,,,
45569cc7-6fd7-495e-badc-c214aa7e6156,Arborea ｜Paysagiste,0686284602,contact@aimeecommunication.fr,low,Aimée,Communication,Aimée Communication,mentions_legales,Angers,paysagiste,paysagiste,2,5.0,3,Paysagiste,https://www.lespaysagesarborea.fr/,https://www.google.com/maps/place/Arborea+%EF%BD%9CPaysagiste/data=!4m7!3m6!1s0x8866d32f05ea87bf:0x6d9f6fc089518f03!8m2!3d47.481896!4d-0.5629347!16s%2Fg%2F11zhwc6_h6!19sChIJv4fqBS_TZogRA49RicBvn20?authuser=0&hl=fr&rclk=1,,,,
501c7102-c472-4133-bf91-2837d24cc727,RÉALISE EXTÉRIEUR - PAYSAGISTE,0676766390,contact@realise-groupe.fr,high,,,,,Amiens,paysagiste,paysagiste,2,4.8,12,Paysagiste,https://realise-groupe.fr/,https://www.google.com/maps/place/R%C3%89ALISE+EXT%C3%89RIEUR+-+PAYSAGISTE/data=!4m7!3m6!1s0x47e7855dfc7a4bdb:0x200f2327a27db649!8m2!3d49.8643866!4d2.3384374!16s%2Fg%2F11y2p7z021!19sChIJ20t6_F2F50cRSbZ9oicjDyA?authuser=0&hl=fr&rclk=1,,,,
7f450114-bc66-452c-a08f-ec7e81801afe,Au Service du Paysage,0555721188,contact@auservicedupaysage.com,high,,,,,Limoges,paysagiste,paysagiste,0,4.6,94,Paysagiste,http://www.auservicedupaysage.com/?utm_source=gmb,https://www.google.com/maps/place/Au+Service+du+Paysage/data=!4m7!3m6!1s0x47f929efff7ab5af:0x4349362a14b24b4!8m2!3d45.7625697!4d1.3323444!16s%2Fg%2F11ftgrbj_t!19sChIJr7V6_-8p-UcRtCRLoWKTNAQ?authuser=0&hl=fr&rclk=1,,,,
548b9cbd-5eca-4aa3-9f4f-4396154b1d72,LEAF PAYSAGE,0649617642,leaf.paysage@gmail.com,medium,Ludovik,Neyssensas,LUDOVIK NEYSSENSAS,siret_insee,Isle,paysagiste,paysagiste,0,5.0,15,Paysagiste,https://www.leaf-paysage.fr/,https://www.google.com/maps/place/LEAF+PAYSAGE/data=!4m7!3m6!1s0x8376fbe5688bef6b:0xb5cfb2c4a03dfe8d!8m2!3d45.8084221!4d1.1998677!16s%2Fg%2F11ldcy_cbh!19sChIJa--LaOX7doMRjf49oMSyz7U?authuser=0&hl=fr&rclk=1,81.30Z,98449523400010,2024-02-01,NN
0325c12e-40ad-4baf-a345-63e58bc92f53,REBEYROL CREATEUR ET SOINS DE JARDINS A LIMOGES (87),0555312783,contact@rebeyrol.com,high,Williams,Louit,Williams Louit,mentions_legales,Limoges,paysagiste,paysagiste,0,4.7,126,Paysagiste,http://www.rebeyrol.com/,https://www.google.com/maps/place/REBEYROL+CREATEUR+ET+SOINS+DE+JARDINS+A+LIMOGES+%2887%29/data=!4m7!3m6!1s0x47f9325bfb622c7f:0x3d53fa06982e6549!8m2!3d45.7870083!4d1.2901778!16s%2Fg%2F1tdm323n!19sChIJfyxi-1sy-UcRSWUumAb6Uz0?authuser=0&hl=fr&rclk=1,,,,
4d70075e-c32f-4147-af95-15a4e76d06f4,Avenir paysage 87,0532749647,contact@avenirpaysage87.com,high,,,,,Limoges,paysagiste,paysagiste,0,4.8,42,Paysagiste,https://www.avenirpaysage87.com/,https://www.google.com/maps/place/Avenir+paysage+87/data=!4m7!3m6!1s0x47f9332c2662ff81:0xd0be6344ab318fc5!8m2!3d45.8585218!4d1.2318865!16s%2Fg%2F11pbg7b797!19sChIJgf9iJiwz-UcRxY8xq0RjvtA?authuser=0&hl=fr&rclk=1,,89340613200025,,
d81967c9-324d-483e-b246-3eae507a50a3,SERPE - Agence de Limoges,0545849006,commercialvad01@serpe.fr,high,,,,,Limoges,paysagiste,paysagiste,0,4.5,25,Paysagiste,https://www.limoges.serpe.fr/,https://www.google.com/maps/place/SERPE+-+Agence+de+Limoges/data=!4m7!3m6!1s0x47fe8bd9d5d9d6db:0xd83cd80a2119a78b!8m2!3d45.902003!4d0.9306423!16s%2Fg%2F11ft00ypzt!19sChIJ29bZ1dmL_kcRi6cZIQrYPNg?authuser=0&hl=fr&rclk=1,,,,
56a963f9-fa7c-4391-9ad8-aebd2cee39b3,Merchier élagage 87,0782149364,dawsonmerchier@gmail.com,medium,,,,,Limoges,paysagiste,paysagiste,0,4.8,33,Paysagiste,https://www.md-elagage-87.fr/,https://www.google.com/maps/place/Merchier+%C3%A9lagage+87/data=!4m7!3m6!1s0x47f93573d9665e33:0xc0a0f1a732ff2499!8m2!3d45.8579799!4d1.250136!16s%2Fg%2F11vc7zv3sc!19sChIJM15m2XM1-UcRmST_MqfxoMA?authuser=0&hl=fr&rclk=1,,,,
0f15f83f-7596-42bc-b2fe-32bc60b41f27,Mirando élagueur Limoges,0641063405,merchier49@gmail.com,medium,Mirando James Roger,Merchier,MIRANDO JAMES ROGER MERCHIER,siret_insee,Port De Bouc,paysagiste,paysagiste,0,4.8,98,Paysagiste,https://mirandoelagueurexpert.fr/,https://www.google.com/maps/place/Mirando+%C3%A9lagueur+Limoges/data=!4m7!3m6!1s0x47fecdf1b665fc15:0x5e3400abe6aab2f9!8m2!3d45.8115059!4d1.2430128!16s%2Fg%2F11t6r0jkqg!19sChIJFfxltvHN_kcR-bKq5qsANF4?authuser=0&hl=fr&rclk=1,47.89Z,84200814600016,2018-08-16,NN
9fa0d94e-e358-473f-9fbf-37d169691413,"Élagage, Abattage & Taille de Haie Amiens - Élagueur Grimpeur Somme 80",0376270194,admin@elagage-amiens.fr,high,,,,,Amiens,paysagiste,paysagiste,2,5.0,6,Paysagiste,https://elagage-amiens.fr/,"https://www.google.com/maps/place/%C3%89lagage,+Abattage+%26+Taille+de+Haie+Amiens+-+%C3%89lagueur+Grimpeur+Somme+80/data=!4m7!3m6!1s0x47e7852e3df17be7:0xce65b43b6d17ad3!8m2!3d49.8955806!4d2.2797682!16s%2Fg%2F11yw6fvt6c!19sChIJ53vxPS6F50cR03rRtkNb5gw?authuser=0&hl=fr&rclk=1",,,,
b2c5d8f9-2125-40f1-b584-9e15a7c15089,MCN elagage,0614641899,contact@mcnelagage.fr,high,,,,,Limoges,paysagiste,paysagiste,0,5.0,30,Paysagiste,https://mcnelagage.fr/,https://www.google.com/maps/place/MCN+elagage/data=!4m7!3m6!1s0x61c01d6079910e1d:0xd0413ee9227769b3!8m2!3d45.8585168!4d1.2502369!16s%2Fg%2F11x0nlww2r!19sChIJHQ6ReWAdwGERs2l3Iuk-QdA?authuser=0&hl=fr&rclk=1,,,,
4e685d84-5218-4fcd-90ec-1430f2e0336d,PEIXOTO PAYSAGES,0555481218,comparcomtech@gmail.com,medium,Manuel,Peixoto Feirrera,Manuel Peixoto Feirrera,mentions_legales,Limoges,paysagiste,paysagiste,0,4.8,40,Paysagiste,https://www.peixoto-paysages.fr/,https://www.google.com/maps/place/PEIXOTO+PAYSAGES/data=!4m7!3m6!1s0x47f93a99eb856ea3:0x9984b77e6a103468!8m2!3d45.7661568!4d1.4124946!16s%2Fg%2F11btlsg6_9!19sChIJo26F65k6-UcRaDQQan63hJk?authuser=0&hl=fr&rclk=1,,,,
7234b2be-6e1b-403e-8ac5-fe814c20ae76,"Élagage, Abattage & Taille de Haie Limoges - Élagueur Grimpeur Haute-Vienne 87",0548220278,admin@elagage-limoges.fr,high,,,,,Limoges,paysagiste,paysagiste,0,5.0,6,Paysagiste,https://elagage-limoges.fr/,"https://www.google.com/maps/place/%C3%89lagage,+Abattage+%26+Taille+de+Haie+Limoges+-+%C3%89lagueur+Grimpeur+Haute-Vienne+87/data=!4m7!3m6!1s0x47f935c21f6fc813:0x5c0170499778d6b1!8m2!3d45.8379716!4d1.2625466!16s%2Fg%2F11n456r_dg!19sChIJE8hvH8I1-UcRsdZ4l0lwAVw?authuser=0&hl=fr&rclk=1",,,,
6f5cbf44-ab82-4b26-b0ae-af3c8e2ca9b5,Défrichage Débroussaillage Jean-Pierre Michaud,0615381323,defrichage.debroussaillage@gmail.com,medium,,,,,Limoges,paysagiste,paysagiste,0,5.0,4,Jardinier,http://defrichage-debroussaillage-michaud.fr/,https://www.google.com/maps/place/D%C3%A9frichage+D%C3%A9broussaillage+Jean-Pierre+Michaud/data=!4m7!3m6!1s0x47feb71d7598f19b:0x61758807213fc893!8m2!3d45.9144604!4d1.1192941!16s%2Fg%2F11v03qjylv!19sChIJm_GYdR23_kcRk8g_IQeIdWE?authuser=0&hl=fr&rclk=1,,,,
c54a081b-05e0-4a91-9b0f-2d4721cfbf40,Entreprise Ribette,0555021235,contact@ribette.com,high,Stephane,Ribette,STEPHANE RIBETTE,siret_insee,Saint Junien,paysagiste,paysagiste,0,5.0,6,Paysagiste,http://www.ribette.com/,https://www.google.com/maps/place/Entreprise+Ribette/data=!4m7!3m6!1s0x47feeaa4f30cb2c9:0xcae1b2011c8143e5!8m2!3d45.887282!4d0.926507!16s%2Fg%2F1wn330s8!19sChIJybIM86Tq_kcR5UOBHAGy4co?authuser=0&hl=fr&rclk=1,81.30Z,38749848800015,1992-01-01,03
b54c7958-2767-4e8f-916b-fbda4a0a243b,Penser jardin,0634086524,contact@penser-jardin.fr,high,,,,,Limoges,paysagiste,paysagiste,0,5.0,10,Paysagiste,https://penser-jardin.fr/,https://www.google.com/maps/place/Penser+jardin/data=!4m7!3m6!1s0xa89bff7e7b990333:0x86689ca896141407!8m2!3d45.7687789!4d1.3943254!16s%2Fg%2F11vf3vvn0f!19sChIJMwOZe37_m6gRBxQUlqicaIY?authuser=0&hl=fr&rclk=1,,,,
789ee509-1937-49bc-bd8e-fcc6618bdba6,"JORDAN PAYSAGES - Jardinier Paysagiste Perpignan, Pyrénées-Orientales 66",0680513518,contact@jordanpaysages.fr,high,,,,,Perpignan,paysagiste,paysagiste,1,5.0,32,Paysagiste,https://jordanpaysages.fr/,"https://www.google.com/maps/place/JORDAN+PAYSAGES+-+Jardinier+Paysagiste+Perpignan,+Pyr%C3%A9n%C3%A9es-Orientales+66/data=!4m7!3m6!1s0x12b07161244634cd:0x923ebfed9127dfc4!8m2!3d42.6656404!4d2.8924012!16s%2Fg%2F11y5_1qlk0!19sChIJzTRGJGFxsBIRxN8nke2_PpI?authuser=0&hl=fr&rclk=1",,,,
b3ac6cab-f550-4513-9781-dc90661b3f5d,Les jardins de Fred,0786482501,courtyfrederic@yahoo.fr,medium,Frédéric Cyril,Courty,FRÉDÉRIC CYRIL COURTY,siret_insee,Saint-Sylvestre,paysagiste,paysagiste,0,5.0,3,Paysagiste,https://lesjardins-de-fred.fr/,https://www.google.com/maps/place/Les+jardins+de+Fred/data=!4m7!3m6!1s0x47f94fcf30654fd7:0x7f8d5106bebe804d!8m2!3d45.9734013!4d1.3452501!16s%2Fg%2F11y326z5j6!19sChIJ109lMM9P-UcRTYC-vgZRjX8?authuser=0&hl=fr&rclk=1,81.30Z,97825577600012,2023-07-28,NN
58820a97-3c8e-4245-9394-ef6860421b49,PAYSAGES VIVANTS,0625480827,contact@paysagesvivants.fr,high,Laurent Francis Louis,Desperret,LAURENT FRANCIS LOUIS DESPERRET,siret_insee,Perpignan,paysagiste,paysagiste,1,5.0,16,Paysagiste,https://www.paysagesvivants.fr/,https://www.google.com/maps/place/PAYSAGES+VIVANTS/data=!4m7!3m6!1s0x12b06fb0b377e969:0xe1b31e2f4a0138e7!8m2!3d42.6583545!4d2.886318!16s%2Fg%2F11kw8hlz8m!19sChIJael3s7BvsBIR5zgBSi8es-E?authuser=0&hl=fr&rclk=1,81.30Z,90849838900018,2022-01-02,01
788d1951-827e-42d4-a6b6-5c4efe89b118,Un Coup de Pousse - Jardinier -,0630149323,contact@uncoupdepousse.fr,high,,,,,Saint-Étienne,paysagiste,paysagiste,2,4.9,72,Jardinier,http://www.uncoupdepousse.fr/,https://www.google.com/maps/place/Un+Coup+de+Pousse+-+Jardinier+-/data=!4m7!3m6!1s0x12b06fd1e78349ef:0xf36d30f7b50fc64f!8m2!3d45.2989329!4d4.5786511!16s%2Fg%2F11c3pwf2xs!19sChIJ70mD59FvsBIRT8YPtfcwbfM?authuser=0&hl=fr&rclk=1,,,,
d2b228e8-c0d2-42c5-a5b9-421328c18ebc,Briol Espace vert Elagueur Jardinier Paysagiste 66 Perpignan,0680515320,briolelagage66@gmail.com,medium,Rudy Jean,Briol,RUDY JEAN BRIOL,siret_insee,Perpignan,paysagiste,paysagiste,1,5.0,20,Paysagiste,https://briolespacevert.com/,https://www.google.com/maps/place/Briol+Espace+vert+Elagueur+Jardinier+Paysagiste+66+Perpignan/data=!4m7!3m6!1s0x12b06f77415bbf03:0x59071362c1651c83!8m2!3d42.7109461!4d2.8898922!16s%2Fg%2F11h8cg8qf4!19sChIJA79bQXdvsBIRgxxlwWITB1k?authuser=0&hl=fr&rclk=1,41.20A,80102698000020,2014-04-01,NN
4ce768d7-cb04-475d-8c67-7e0e2620f104,SARL PICHON bureau,0616726997,ets.pichon@orange.fr,medium,,,,,Perpignan,paysagiste,paysagiste,1,4.9,16,Paysagiste,http://www.paysagiste-pichon.fr/,https://www.google.com/maps/place/SARL+PICHON+bureau/data=!4m7!3m6!1s0x12b06f9d4455085b:0x454e5bb7f1d9d738!8m2!3d42.7084699!4d2.9263014!16s%2Fg%2F1wrb5mzc!19sChIJWwhVRJ1vsBIRONfZ8bdbTkU?authuser=0&hl=fr&rclk=1,,,,
92bf2cc2-d6b1-4597-b0b7-1842a9802984,Poubill Espace Vert,0780283146,poubillespacesverts66@gmail.com,medium,Poubill,Espaces Verts,Poubill espaces verts,mentions_legales,Perpignan,paysagiste,paysagiste,1,4.8,19,Service d'élagage,https://www.poubill-espaces-verts.fr/,https://www.google.com/maps/place/Poubill+Espace+Vert/data=!4m7!3m6!1s0x12b06f791b4d4373:0xb0898fc1fd7fd2d!8m2!3d42.724433!4d2.879452!16s%2Fg%2F11xm4d8sd3!19sChIJc0NNG3lvsBIRLf3XH_yYCAs?authuser=0&hl=fr&rclk=1,,,,
47f83eec-27ae-4cd8-9222-2360de381796,Baptiste espaces verts,0615200864,baptisteespacevert@hotmail.com,medium,Ismael,Baptiste,ISMAEL BAPTISTE,siret_insee,Perpignan,paysagiste,paysagiste,1,4.5,8,Paysagiste,https://www.baptisteespacesverts.fr/,https://www.google.com/maps/place/Baptiste+espaces+verts/data=!4m7!3m6!1s0x12b06f3b22edb4df:0xe7dde06c220fbdc4!8m2!3d42.7261602!4d2.8822706!16s%2Fg%2F11j7y_y498!19sChIJ37TtIjtvsBIRxL0PImzg3ec?authuser=0&hl=fr&rclk=1,47.89Z,84254661600033,2018-09-28,NN
52c24a51-caf8-4823-8693-0f06eb291f76,Oréane Paysagiste,0672938732,contact@oreane66.fr,low,,,,,Perpignan,paysagiste,paysagiste,1,4.8,36,Paysagiste,https://www.oreane-paysagiste.fr/?utm_source=gmb,https://www.google.com/maps/place/Or%C3%A9ane+Paysagiste/data=!4m7!3m6!1s0x12b06e0e73e0ae49:0xc153f79dfba203c2!8m2!3d42.6859587!4d2.8647096!16s%2Fg%2F11bbrg29gy!19sChIJSa7gcw5usBIRwgOi-533U8E?authuser=0&hl=fr&rclk=1,,,,
a40c98ad-e1d7-414b-b7df-fa522bcc62f0,Vertical élagage,0602734881,contact@vertical-elagage.fr,high,,,,,Carcassonne,paysagiste,paysagiste,1,5.0,20,Paysagiste,http://vertical-elagage.fr/,https://www.google.com/maps/place/Vertical+%C3%A9lagage/data=!4m7!3m6!1s0x4e327bb0953fc2f:0x323b0b549ca3a8ad!8m2!3d42.9680584!4d2.3028784!16s%2Fg%2F11stk2j_30!19sChIJL_xTCbsn4wQRraijnFQLOzI?authuser=0&hl=fr&rclk=1,,,,
a6b772f7-52d0-45e0-b2bd-e9cee6bb5813,"Espaces Verts Joseph | Jardinier Élagueur à Pia (66) - Abattage, élagage arbre & haie, entretien jardin",0602386691,espacesvertsjoseph@gmail.com,medium,,,,,Perpignan,paysagiste,paysagiste,1,5.0,28,Paysagiste,https://espaces-verts-joseph.fr/,"https://www.google.com/maps/place/Espaces+Verts+Joseph+%7C+Jardinier+%C3%89lagueur+%C3%A0+Pia+%2866%29+-+Abattage,+%C3%A9lagage+arbre+%26+haie,+entretien+jardin/data=!4m7!3m6!1s0x68c931a9a40c1ddb:0x486c1691941b89dc!8m2!3d42.7400438!4d2.9175547!16s%2Fg%2F11t28_p4_y!19sChIJ2x0MpKkxyWgR3IkblJEWbEg?authuser=0&hl=fr&rclk=1",,,,
228800cf-0197-4f1f-b8d1-592c8782262d,EURL PAYSAGES CATALANS,0468594755,compta@paysagescatalans.com,high,Laurent,Allard,LAURENT ALLARD (ALLARD),siret_insee,Roubaix,paysagiste,paysagiste,1,4.8,65,Paysagiste,http://www.paysagescatalans.com/,https://www.google.com/maps/place/EURL+PAYSAGES+CATALANS/data=!4m7!3m6!1s0x12b0640a93c796a3:0x42d5ff2caa8e284e!8m2!3d42.727483!4d3.0109349!16s%2Fg%2F1thpyx3d!19sChIJo5bHkwpksBIRTiiOqiz_1UI?authuser=0&hl=fr&rclk=1,63.11Z,42476141900045,1999-10-15,42
bfabb145-3d85-46a2-b4b0-7fff4cd5ee2b,Pérénia aménage vos extérieurs 66 Perpignan,0449430050,contact@perenia.fr,high,Loic,Granger,LOIC GRANGER,siret_insee,Sains-En-Gohelle,paysagiste,paysagiste,1,4.8,9,Paysagiste,https://perenia.fr/artisan/amenagement-exterieur-perpignan/,https://www.google.com/maps/place/P%C3%A9r%C3%A9nia+am%C3%A9nage+vos+ext%C3%A9rieurs+66+Perpignan/data=!4m7!3m6!1s0x12b071000b8506d9:0xe2b8f4c3c40ecca7!8m2!3d42.661518!4d2.92722!16s%2Fg%2F11zkrx2jvr!19sChIJ2QaFCwBxsBIRp8wOxMP0uOI?authuser=0&hl=fr&rclk=1,81.30Z,82299228500012,2016-10-01,03
7edb5b45-25c4-4d8d-b571-d7fab9d66330,David Multiservice 66,0664067454,espacevert.multiservice66@gmail.com,medium,,Notebaert,Notebaert,mentions_legales,Perpignan,paysagiste,paysagiste,1,4.9,19,Jardinier,http://www.david-multiservice66.fr/,https://www.google.com/maps/place/David+Multiservice+66/data=!4m7!3m6!1s0x12b069d8081bc69d:0x1e4466ebd13ae65!8m2!3d42.7708386!4d2.8761436!16s%2Fg%2F11j86qsc67!19sChIJncYbCNhpsBIRZa4TvW5G5AE?authuser=0&hl=fr&rclk=1,,,,
4ea2e985-eab6-4d2f-ab2e-3d490bc565ac,Christophe élagage,0628059934,christophe.l.ets@gmail.com,medium,Christophe,Elagage,Christophe elagage,mentions_legales,Perpignan,paysagiste,paysagiste,1,5.0,16,Service d'élagage,https://www.elagueur-paysagiste-66.fr/,https://www.google.com/maps/place/Christophe+%C3%A9lagage/data=!4m7!3m6!1s0x12b06f12ea6f3031:0xebfe1ac7d89151f7!8m2!3d42.7109461!4d2.8898922!16s%2Fg%2F11nnw44lls!19sChIJMTBv6hJvsBIR91GR2Mca_us?authuser=0&hl=fr&rclk=1,,,,
aac39ecb-885f-43c9-a357-38f0acd8cc78,"GAPE 🛝Gazon synthétique, aires de jeux, extérieurs | Perpignan",0468572253,info@ga-pe.fr,high,Jose,Linero Pinto,JOSE LINERO PINTO,siret_insee,Perpignan,paysagiste,paysagiste,1,4.7,30,Paysagiste,http://www.ga-pe.fr/,"https://www.google.com/maps/place/GAPE+%F0%9F%9B%9DGazon+synth%C3%A9tique,+aires+de+jeux,+ext%C3%A9rieurs+%7C+Perpignan/data=!4m7!3m6!1s0x12b06f5e77654009:0x53707be0c723e694!8m2!3d42.7340432!4d2.8871295!16s%2Fg%2F1tdj68fm!19sChIJCUBld15vsBIRlOYjx-B7cFM?authuser=0&hl=fr&rclk=1",81.30Z,50214324100037,2008-02-01,03
4798b45a-865a-4b86-a074-a8810d69dd81,L'élagueur de Perpignan,0749046930,lelagueurdeperpignan@gmail.com,medium,,,,,Perpignan,paysagiste,paysagiste,1,5.0,19,Paysagiste,https://xn--llagueurdeperpignan-bzb.fr/,https://www.google.com/maps/place/L%27%C3%A9lagueur+de+Perpignan/data=!4m7!3m6!1s0x46ac202d92bb8eab:0xe9af6b6020b523f6!8m2!3d42.6257304!4d2.449662!16s%2Fg%2F11w3pcy309!19sChIJq467ki0grEYR9iO1IGBrr-k?authuser=0&hl=fr&rclk=1,,,,
77c8f07c-bf21-41a5-bd03-24ae963cb5a0,Moreau François paysagiste,0763553536,francoismoreau25.paysagiste@gmail.com,medium,Franois Francois Patrick,Moreau,FRANOIS FRANCOIS PATRICK MOREAU (MOREAU),siret_insee,Besancon,paysagiste,paysagiste,1,5.0,60,Paysagiste,https://www.paysagiste-moreau.fr/,https://www.google.com/maps/place/Moreau+Fran%C3%A7ois+paysagiste/data=!4m7!3m6!1s0x478d63c5e3de8237:0x60d3cfca61fd5f91!8m2!3d47.2493676!4d6.0277143!16s%2Fg%2F11rhn_t8bm!19sChIJN4Le48VjjUcRkV_9YcrP02A?authuser=0&hl=fr&rclk=1,81.30Z,83308105200023,2017-11-01,NN
cd2203db-3603-4b55-a184-c3bb499859de,Paysages Synthèse,0468550066,privacy@paysages-synthese.com,high,,,,,Perpignan,paysagiste,paysagiste,1,4.8,9,Paysagiste,http://www.paysages-synthese.com/,https://www.google.com/maps/place/Paysages+Synth%C3%A8se/data=!4m7!3m6!1s0x12b06d8d7aebd705:0xb846911bbb13d76d!8m2!3d42.6863172!4d2.8319499!16s%2Fg%2F1thlk7my!19sChIJBdfreo1tsBIRbdcTuxuRRrg?authuser=0&hl=fr&rclk=1,,,,
5c4fc112-676b-4f01-9bea-345cc444634f,SAM'VERT,0662802481,contact@samvert.fr,high,Internet,Sam Vert,internet SAM VERT,mentions_legales,Besançon,paysagiste,paysagiste,1,5.0,18,Paysagiste,http://samvert.fr/,https://www.google.com/maps/place/SAM%27VERT/data=!4m7!3m6!1s0x478d613ec74ef3e5:0x2292df934af5490b!8m2!3d47.2744568!4d6.0635996!16s%2Fg%2F11c1wk66yx!19sChIJ5fNOxz5hjUcRC0n1SpPfkiI?authuser=0&hl=fr&rclk=1,,,,
02c39914-06ec-45c1-9914-b5ee6a5fae7d,Ambiance jardin,0363358494,contact@ambiance-jardin-faivre.com,high,Mickael Michael Marie Patrick,Faivre,MICKAEL MICHAEL MARIE PATRICK FAIVRE,siret_insee,Mamirolle,paysagiste,paysagiste,1,5.0,12,Paysagiste,https://www.ambiance-jardin-faivre.com/,https://www.google.com/maps/place/Ambiance+jardin/data=!4m7!3m6!1s0x478d7b6275e3b7f3:0x615e192378b14c43!8m2!3d47.194499!4d6.147971!16s%2Fg%2F11btmq3737!19sChIJ87fjdWJ7jUcRQ0yxeCMZXmE?authuser=0&hl=fr&rclk=1,81.30Z,52462882300030,2010-08-23,03
0123f3ce-3df3-4ce7-a33a-0d9397bba412,Paysage du Sud,0974988247,secretariat@paysagedusud.fr,high,,,,,Perpignan,paysagiste,paysagiste,1,4.9,18,Paysagiste,http://www.paysagedusud.fr/,https://www.google.com/maps/place/Paysage+du+Sud/data=!4m7!3m6!1s0x12b0125b7378f207:0xb52a44f0154be207!8m2!3d42.663894!4d2.8200131!16s%2Fg%2F11bxd8lw8m!19sChIJB_J4c1sSsBIRB-JLFfBEKrU?authuser=0&hl=fr&rclk=1,,,,
fe1c610c-38d2-49a7-8ef2-902ab4c074e4,Les Premières Feuilles SARL,0637696024,contact@creacom-communication.fr,low,Esteban,Egea Y Cerda,ESTEBAN EGEA Y CERDA,siret_insee,Sarreguemines,paysagiste,paysagiste,1,4.8,20,Service d'élagage,https://lespremieres-feuilles.fr/,https://www.google.com/maps/place/Les+Premi%C3%A8res+Feuilles+SARL/data=!4m7!3m6!1s0x478d620445fbec9d:0x96d9f0e0b2b0dea2!8m2!3d47.2857446!4d5.9689826!16s%2Fg%2F1tf6_vjr!19sChIJnez7RQRijUcRot6wsuDw2ZY?authuser=0&hl=fr&rclk=1,63.11Z,43130377500016,2000-05-02,02
df84f514-a9cf-40ad-bc6e-990d0c9ed9f7,Expert Gazons,0687555252,info@vieilles-vignes-de-france.fr,high,,,,,Perpignan,paysagiste,paysagiste,1,5.0,7,Jardinier,https://vieilles-vignes-de-france.fr/,https://www.google.com/maps/place/Expert+Gazons/data=!4m7!3m6!1s0x12b06ffe2cb562e5:0x50fededc9fb86b90!8m2!3d42.7261284!4d2.9633725!16s%2Fg%2F11j10rl6pf!19sChIJ5WK1LP5vsBIRkGu4n9ze_lA?authuser=0&hl=fr&rclk=1,,,,
062796fc-5811-4ec6-afa1-d6a7066f3a6d,Exterieur Creatif SARL,0660575678,contact@exterieur-creatif.fr,low,Sebastien Jean Henri,Poncet,SEBASTIEN JEAN HENRI PONCET (PONCET),siret_insee,Gy,paysagiste,paysagiste,1,5.0,6,Paysagiste,https://www.ec-paysagiste-besancon.fr/,https://www.google.com/maps/place/Exterieur+Creatif+SARL/data=!4m7!3m6!1s0x478d63f9988c1a15:0xe139c1a181cc8939!8m2!3d47.4146999!4d5.8096781!16s%2Fg%2F1hc2slswb!19sChIJFRqMmPljjUcROYnMgaHBOeE?authuser=0&hl=fr&rclk=1,43.99C,51201794800021,2009-05-01,NN
cd195b2c-a9b3-43fd-8837-87ee57d1ed52,Bisont'Vert,0781590248,contact@bisontvert.fr,high,,,,,Besançon,paysagiste,paysagiste,1,5.0,4,Jardinier,https://bisontvert.fr/,https://www.google.com/maps/place/Bisont%27Vert/data=!4m7!3m6!1s0xa8c23197ce8bf7a5:0x567fbf64c34b1c52!8m2!3d47.2930292!4d5.9852542!16s%2Fg%2F11nc7g_mf4!19sChIJpfeLzpcxwqgRUhxLw2S_f1Y?authuser=0&hl=fr&rclk=1,,,,
e410c62e-bbf2-44e3-bba9-cd9843ab5d7e,A Nos Arbres,0608011547,anosarbres.elagage@gmail.com,medium,Geoffray,Mougenot,MOUGENOT Geoffray,mentions_legales,Besançon,paysagiste,paysagiste,1,5.0,18,Service d'élagage,https://www.anosarbres.fr/,https://www.google.com/maps/place/A+Nos+Arbres/data=!4m7!3m6!1s0xa42aec441827d50f:0x5277beac75690dd!8m2!3d47.198802!4d5.9645021!16s%2Fg%2F11s7c65k89!19sChIJD9UnGETsKqQR3ZBWx-p7JwU?authuser=0&hl=fr&rclk=1,,,,
371ba69a-7d98-4fd7-a02d-d82e32b958ac,"Besançon Élagage, Abattage & Dessouchage - Élagueur Grimpeur Doubs 25",0359283971,admin@besancon-elagage.fr,high,,,,,Besançon,paysagiste,paysagiste,1,5.0,3,Paysagiste,https://besancon-elagage.fr/,"https://www.google.com/maps/place/Besan%C3%A7on+%C3%89lagage,+Abattage+%26+Dessouchage+-+%C3%89lagueur+Grimpeur+Doubs+25/data=!4m7!3m6!1s0x478d630b889ed3cb:0xf6f65709f5965bbe!8m2!3d47.2387733!4d6.0276655!16s%2Fg%2F11n449p4y7!19sChIJy9OeiAtjjUcRvluW9QlX9vY?authuser=0&hl=fr&rclk=1",,,,
6b16e852-23ec-47e4-a4c0-fcc9207ebdc2,Vert'tige,0602364082,vert.tige76@gmail.com,medium,,,,,Rouen,paysagiste,paysagiste,2,5.0,4,Jardinier,http://verttige76.com/,https://www.google.com/maps/place/Vert%27tige/data=!4m7!3m6!1s0x47e0df431ae17949:0x4338f5102affea56!8m2!3d49.4339653!4d1.0893161!16s%2Fg%2F11s75gm9j_!19sChIJSXnhGkPf4EcRVur_KhD1OEM?authuser=0&hl=fr&rclk=1,,,,
e694c754-ee80-4e58-9cda-21525ac49033,Créativ'IT Paysages,0664299954,contact@creativ-it-paysages.fr,high,Irwin Simon,Travers,IRWIN SIMON TRAVERS,siret_insee,Eslettes,paysagiste,paysagiste,2,5.0,21,Paysagiste,https://www.creativ-it-paysages.fr/,https://www.google.com/maps/place/Cr%C3%A9ativ%27IT+Paysages/data=!4m7!3m6!1s0x47ca1ac8e7b91985:0x171d94ffcf136f62!8m2!3d49.5397284!4d1.1225723!16s%2Fg%2F11rmx5v992!19sChIJhRm558gaykcRYm8Tz_-UHRc?authuser=0&hl=fr&rclk=1,81.30Z,91114763500021,2022-03-08,01
660c6d31-ce49-4574-baa6-124f7c8d6976,Mr Theom robert artisan elagueur arboriste grimpeur paysagiste taille d'arbres elagage etetage abattage taille de haie,0745109091,contact@tr-elagage76.fr,high,,,,,Rouen,paysagiste,paysagiste,2,5.0,65,Service d'élagage,http://tr-elagage76.fr/,https://www.google.com/maps/place/Mr+Theom+robert+artisan+elagueur+arboriste+grimpeur+paysagiste+taille+d%27arbres+elagage+etetage+abattage+taille+de+haie/data=!4m7!3m6!1s0x47e0e17971b7d539:0xb023816293925a72!8m2!3d49.4408104!4d1.0913411!16s%2Fg%2F11ft5n860g!19sChIJOdW3cXnh4EcRclqSk2KBI7A?authuser=0&hl=fr&rclk=1,,,,
7d72df04-d8e0-4c01-b9f9-73ff98cdc48b,Realivert,0232482248,c.guerard@realivert.fr,high,,,,,Rouen,paysagiste,paysagiste,2,5.0,27,Paysagiste,http://www.realivert.fr/,https://www.google.com/maps/place/Realivert/data=!4m7!3m6!1s0x47e0d671454b5d55:0xa4730628bc7aec68!8m2!3d49.3838638!4d1.3177362!16s%2Fg%2F11fy94t799!19sChIJVV1LRXHW4EcRaOx6vCgGc6Q?authuser=0&hl=fr&rclk=1,,,,
d864e151-bb0e-4ada-a19f-158102e417d0,Oeuvre d'Arbre,0235140338,contact@oeuvredarbre.fr,high,,,,,Rouen,paysagiste,paysagiste,2,4.6,27,Architecte paysagiste,http://www.oeuvredarbre.fr/,https://www.google.com/maps/place/Oeuvre+d%27Arbre/data=!4m7!3m6!1s0x47e0dde3f5a226ab:0xd1452d5ec2968cdc!8m2!3d49.466487!4d1.0416913!16s%2Fg%2F11c31tfcfj!19sChIJqyai9ePd4EcR3IyWwl4tRdE?authuser=0&hl=fr&rclk=1,,,,
cd61a257-2bdb-46f7-8832-cc9347b887ab,Terr'art paysage,0670244124,contact@terrart-paysage.fr,high,Christopher Didier,Lemarie,CHRISTOPHER DIDIER LEMARIE,siret_insee,Fresne-Le-Plan,paysagiste,paysagiste,2,5.0,12,Paysagiste,https://www.terrart-paysage.fr/,https://www.google.com/maps/place/Terr%27art+paysage/data=!4m7!3m6!1s0x47e0d742d430482b:0xb9b3052ded01dfa0!8m2!3d49.4108188!4d1.2847574!16s%2Fg%2F11nn11ccmw!19sChIJK0gw1ELX4EcRoN8B7S0Fs7k?authuser=0&hl=fr&rclk=1,81.30Z,89954789700012,2021-06-01,01
3dadc85d-51d4-4fd3-9390-4a725bdb1ba4,L'arbre d'aqui,0675250549,larbre.daqui@gmail.com,medium,,,,,Perpignan,paysagiste,paysagiste,1,5.0,86,Service d'élagage,https://www.larbre-daqui-66.fr/,https://www.google.com/maps/place/L%27arbre+d%27aqui/data=!4m7!3m6!1s0x12b06df6d7a54e0d:0xc6bd921765958236!8m2!3d42.6978488!4d2.9340134!16s%2Fg%2F11nn39wy5x!19sChIJDU6l1_ZtsBIRNoKVZReSvcY?authuser=0&hl=fr&rclk=1,,,,
dc8a77a8-08b4-475e-a335-1dd5dfe1f065,"Atelier de Flo, Paysagiste Rouen",0637057955,flo@atelierdeflo.eu,high,,,,,Rouen,paysagiste,paysagiste,2,4.8,52,Paysagiste,https://www.atelierdeflo.eu/,"https://www.google.com/maps/place/Atelier+de+Flo,+Paysagiste+Rouen/data=!4m7!3m6!1s0x47e0e0eb7c9f3063:0xa08a961340573fc1!8m2!3d49.4254496!4d1.27361!16s%2Fg%2F11dzw9c1kc!19sChIJYzCffOvg4EcRwT9XQBOWiqA?authuser=0&hl=fr&rclk=1",,,,
4365b30e-9c19-4a47-8e87-41be1f81cbb0,Élagage PARISY-élagueur Rouen-abattage d'arbres-taille de haies-Rouen et environs,0611351837,parisydylan5@gmail.com,medium,,,,,Rouen,paysagiste,paysagiste,2,5.0,17,Service d'élagage,https://www.elagage-parisy.com/,https://www.google.com/maps/place/%C3%89lagage+PARISY-%C3%A9lagueur+Rouen-abattage+d%27arbres-taille+de+haies-Rouen+et+environs/data=!4m7!3m6!1s0x47e0e7ae46194b8b:0x553d38b49d038fec!8m2!3d49.5072575!4d1.0443389!16s%2Fg%2F11tdmpl5d1!19sChIJi0sZRq7n4EcR7I8DnbQ4PVU?authuser=0&hl=fr&rclk=1,,,,
fa28dcf4-373b-4104-8405-8c77f9acccd8,Les Mains Vertes - Paysagiste Rouen,0235698228,contact@lesmainsvertes.net,high,Florian,Boulenger,Florian BOULENGER,mentions_legales,Rouen,paysagiste,paysagiste,2,4.6,35,Paysagiste,http://lesmainsvertes.net/,https://www.google.com/maps/place/Les+Mains+Vertes+-+Paysagiste+Rouen/data=!4m7!3m6!1s0x47e0e07efa7fde53:0xd58dcd6addf3b058!8m2!3d49.3982655!4d1.0535576!16s%2Fg%2F12q4xlzy4!19sChIJU95_-n7g4EcRWLDz3WrNjdU?authuser=0&hl=fr&rclk=1,,78921622300014,,
38fa950f-7d3c-4927-b4b6-55b1c5b77588,Noel Espaces Verts:Élagueur Mulhouse-Haut-rhin68-Paysagiste Colmar Jardinier Taille de haie,0785540657,noelvert68@gmail.com,medium,Noel,Espaces Verts,Noel Espaces Verts,mentions_legales,Mulhouse,paysagiste,paysagiste,2,5.0,120,Paysagiste,https://www.noel-espaces-verts.fr/,https://www.google.com/maps/place/Noel+Espaces+Verts:%C3%89lagueur+Mulhouse-Haut-rhin68-Paysagiste+Colmar+Jardinier+Taille+de+haie/data=!4m7!3m6!1s0x2352a2d21091f573:0xfb47440f029993ed!8m2!3d47.7860275!4d7.3247284!16s%2Fg%2F11m6k0f_mg!19sChIJc_WRENKiUiMR7ZOZAg9ER_s?authuser=0&hl=fr&rclk=1,,,,
37b6bad4-d585-495e-9fce-10791e676b29,Pierre Morel Paysage,0684142106,cyril+team@agence-apv.fr,low,,,,,Rouen,paysagiste,paysagiste,2,5.0,3,Paysagiste,https://paysagiste-normandie.fr/ville/mont-saint-aignan/,https://www.google.com/maps/place/Pierre+Morel+Paysage/data=!4m7!3m6!1s0x47e0ddbe0c95b3a1:0x74668f640d8c3195!8m2!3d49.4552434!4d1.0805631!16s%2Fg%2F11j3k_4x7z!19sChIJobOVDL7d4EcRlTGMDWSPZnQ?authuser=0&hl=fr&rclk=1,,,,
79802eec-df4b-4936-b966-301f5517d923,Yns tp | Aménagement extérieur et paysager,0627228339,contact@paysage-yns.fr,high,,,,,Mulhouse,paysagiste,paysagiste,2,4.6,32,Paysagiste,http://www.paysage-yns.fr/,https://www.google.com/maps/place/Yns+tp+%7C+Am%C3%A9nagement+ext%C3%A9rieur+et+paysager/data=!4m7!3m6!1s0x47919b74be629c01:0xc763349c76a666ba!8m2!3d47.753736!4d7.3160548!16s%2Fg%2F11shxp0mfk!19sChIJAZxivnSbkUcRumamdpw0Y8c?authuser=0&hl=fr&rclk=1,,,,
e29649cb-09f5-47b3-a7f0-33cfec55f463,Mr capello Élagueur grimpeur paysagiste,0606747978,admin@collectif-artisans.org,high,Nom,De L,Nom de l,mentions_legales,Rouen,paysagiste,paysagiste,2,5.0,182,Service d'élagage,https://collectif-artisans.org/elagage-rouen/,https://www.google.com/maps/place/Mr+capello+%C3%89lagueur+grimpeur+paysagiste/data=!4m7!3m6!1s0x47e0df03f3272fc5:0x5acc882a9f4b8d65!8m2!3d49.424871!4d1.0128889!16s%2Fg%2F11fsvrznht!19sChIJxS8n8wPf4EcRZY1LnyqIzFo?authuser=0&hl=fr&rclk=1,,,,
0a8d5ac4-dc53-4a3b-9cd1-257370eb813a,Cordier Paysage,0389642643,contact@cordier-paysage.fr,high,Thomas,Cordier,THOMAS CORDIER (CORDIER),siret_insee,Rixheim,paysagiste,paysagiste,2,5.0,31,Paysagiste,http://www.cordier-paysage.fr/,https://www.google.com/maps/place/Cordier+Paysage/data=!4m7!3m6!1s0x4791994d8d64b13b:0xe57101de508ed4f!8m2!3d47.7587098!4d7.4050284!16s%2Fg%2F11s0x7mgwb!19sChIJO7FkjU2ZkUcRT-0I5R0QVw4?authuser=0&hl=fr&rclk=1,81.30Z,82919323400012,2017-03-22,02
8d46acbe-e19a-4d8a-b703-a193153e745d,Espace vert Walter,0764535050,contact@espacevert-walter.fr,high,,,,,Mulhouse,paysagiste,paysagiste,2,4.9,40,Paysagiste,https://espacevert-walter.fr/,https://www.google.com/maps/place/Espace+vert+Walter/data=!4m7!3m6!1s0x4e512ae70e2cb3ed:0x997779a84365fb6b!8m2!3d47.7837203!4d7.3321355!16s%2Fg%2F11l73w0gtd!19sChIJ7bMsDucqUU4Ra_tlQ6h5d5k?authuser=0&hl=fr&rclk=1,,,,
31b4bfbd-3d89-47f5-8404-1a088c236c17,DG Paysages,0664629676,dgpaysages68@gmail.com,medium,,,,,Mulhouse,paysagiste,paysagiste,2,5.0,11,Paysagiste,http://dgpaysages.site-solocal.com/?utm_source=gmb,https://www.google.com/maps/place/DG+Paysages/data=!4m7!3m6!1s0x47919db2bf20d04b:0xaed0e9a98704118!8m2!3d47.7853778!4d7.3662056!16s%2Fg%2F11gjxktjzd!19sChIJS9Agv7KdkUcRGEFwmJoO7Qo?authuser=0&hl=fr&rclk=1,,,,
51ee6d5e-a6fa-4d67-853d-1ceec77c65dd,Vert Idéal,0610540748,bertrand.schmerber@free.fr,high,,,,,Mulhouse,paysagiste,paysagiste,2,5.0,7,Paysagiste,http://vertideal.free.fr/pages/accueil.html,https://www.google.com/maps/place/Vert+Id%C3%A9al/data=!4m7!3m6!1s0x671c95e9ecaa422b:0x5dd09d3faf701ea3!8m2!3d47.7848849!4d7.3727457!16s%2Fg%2F11x2_g1l91!19sChIJK0Kq7OmVHGcRox5wrz-d0F0?authuser=0&hl=fr&rclk=1,,,,
3f9ca8c8-1e0c-4eb8-ba5d-5e6d8ceb28fb,Infini Paysage,0751607286,infinipaysage@gmail.com,medium,,,,,Mulhouse,paysagiste,paysagiste,2,5.0,11,Paysagiste,http://infini-paysage.com/,https://www.google.com/maps/place/Infini+Paysage/data=!4m7!3m6!1s0x47919d7aa66386d9:0x340f3d29bd84baab!8m2!3d47.7903075!4d7.3213032!16s%2Fg%2F11mq833wvv!19sChIJ2YZjpnqdkUcRq7qEvSk9DzQ?authuser=0&hl=fr&rclk=1,,,,
e6ffc713-1bad-4272-b395-0a6ba5d037be,EUROPAVAGE,0389502672,europavage@outlook.com,medium,Yavuz,Haslak,YAVUZ HASLAK (HASLAK),siret_insee,Kingersheim,paysagiste,paysagiste,2,4.7,27,Paysagiste,https://www.europavage68.com/,https://www.google.com/maps/place/EUROPAVAGE/data=!4m7!3m6!1s0x47919cb57e80f4c3:0xe4514a87c6c29b81!8m2!3d47.7903076!4d7.3064132!16s%2Fg%2F1tdnd555!19sChIJw_SAfrWckUcRgZvCxodKUeQ?authuser=0&hl=fr&rclk=1,43.99D,43400832200027,2001-01-01,00
c39f6504-d31a-402e-8625-665f9242d5e0,L An Vert Du Jardin,0674556073,contact@lanvertdujardin.fr,high,Joel Andre,Willig,JOEL ANDRE WILLIG,siret_insee,Walheim,paysagiste,paysagiste,2,4.6,9,Paysagiste,https://www.lanvertdujardin.fr/,https://www.google.com/maps/place/L+An+Vert+Du+Jardin/data=!4m7!3m6!1s0x479182415965ed05:0x64142adf59e1e0a0!8m2!3d47.6435933!4d7.264651!16s%2Fg%2F11b6dg5zxz!19sChIJBe1lWUGCkUcRoODhWd8qFGQ?authuser=0&hl=fr&rclk=1,81.30Z,53999886400034,2012-03-01,03
e208ea80-0f0f-412b-8954-ce2ea35f8d3d,TP PRO DESIGN | Aménagement extérieur,0695911824,prodesigntp@gmail.com,medium,,,,,Mulhouse,paysagiste,paysagiste,2,5.0,44,Paysagiste,http://www.tpprodesign.fr/,https://www.google.com/maps/place/TP+PRO+DESIGN+%7C+Am%C3%A9nagement+ext%C3%A9rieur/data=!4m7!3m6!1s0x479185aad1947125:0xd6716e33d9e6b86!8m2!3d47.7369267!4d7.2745859!16s%2Fg%2F11lgmwkw9n!19sChIJJXGU0aqFkUcRhmuePeMWZw0?authuser=0&hl=fr&rclk=1,,,,
f9e87252-fa7c-48e1-9a21-6be0f40be30d,Sortons du Bois,0389480265,communication@sortonsdubois.fr,high,Emilie,Beneyton,EMILIE BENEYTON,siret_insee,Mulhouse,paysagiste,paysagiste,2,5.0,4,Architecte paysagiste,http://sortonsdubois.fr/,https://www.google.com/maps/place/Sortons+du+Bois/data=!4m7!3m6!1s0x479181128bb5dffb:0x39707e952e13327f!8m2!3d47.7410148!4d7.3005378!16s%2Fg%2F11j8ln0hr4!19sChIJ-9-1ixKBkUcRfzITLpV-cDk?authuser=0&hl=fr&rclk=1,71.12B,82333160800039,2016-10-25,02
682eeef9-641e-44be-ac12-8a760be68cb2,Artis Paysage,0612115620,christophe.art@free.fr,medium,Christophe Leon,Artis,CHRISTOPHE LEON ARTIS,siret_insee,Tomblaine,paysagiste,paysagiste,2,5.0,22,Paysagiste,https://artischristophe.site-solocal.com/,https://www.google.com/maps/place/Artis+Paysage/data=!4m7!3m6!1s0x47949925ff4e20d3:0xff656ab7ab1522ac!8m2!3d48.6988157!4d6.2154511!16s%2Fg%2F11mv_nc05p!19sChIJ0yBO_yWZlEcRrCIVq7dqZf8?authuser=0&hl=fr&rclk=1,81.30Z,51061188200026,2009-03-02,01
dedf6203-76d9-4205-a07a-f5c93a02478e,Fleurs tp,0678711307,contact@fleurs-tp.fr,high,,,,,Mulhouse,paysagiste,paysagiste,2,5.0,15,Paysagiste,https://www.fleurs-tp.fr/,https://www.google.com/maps/place/Fleurs+tp/data=!4m7!3m6!1s0x47919d21b9982ae7:0x6cc70dca1fbae0b6!8m2!3d47.7828673!4d7.3478691!16s%2Fg%2F11y29vwcbz!19sChIJ5yqYuSGdkUcRtuC6H8oNx2w?authuser=0&hl=fr&rclk=1,,,,
31d87aa8-f822-4637-9760-4148562caef7,JARDIN CRÉATION,0142070287,contact@jardin-creation.com,high,,,,,Maisons-Alfort,paysagiste,paysagiste,3,4.9,86,Paysagiste,https://www.jardin-creation.com/?utm_medium=referral&utm_source=gmb&utm_campaign=lnk-gmb,https://www.google.com/maps/place/JARDIN+CR%C3%89ATION/data=!4m7!3m6!1s0x47e60cca4e345a7d:0x4e68e87aa50b1198!8m2!3d48.7955597!4d2.4553774!16s%2Fg%2F1tlc_gsb!19sChIJfVo0TsoM5kcRmBELpXroaE4?authuser=0&hl=fr&rclk=1,,,,
80c35024-62a3-46da-ac5d-440ebff3d15e,COREST BTP | Aménagement extérieur et Paysagiste,0769079477,corest.btp@gmail.com,medium,,,,,Mulhouse,paysagiste,paysagiste,2,4.9,52,Paysagiste,https://corest-btp.com/,https://www.google.com/maps/place/COREST+BTP+%7C+Am%C3%A9nagement+ext%C3%A9rieur+et+Paysagiste/data=!4m7!3m6!1s0x479183f27d73907b:0x2909d4380a70867b!8m2!3d47.7894983!4d7.2911118!16s%2Fg%2F11r3ft6qb1!19sChIJe5BzffKDkUcRe4ZwCjjUCSk?authuser=0&hl=fr&rclk=1,,,,
c354419e-380d-4c6e-9969-e2016863b6cc,Godiche Élagage Nancy,0772105924,ent.godiche.elagage@gmail.com,medium,,,,,Nancy,paysagiste,paysagiste,2,4.9,34,Paysagiste,http://www.elagage-lorraine.fr/?utm_medium=referral&utm_source=gmb&utm_campaign=lnk-gmb,https://www.google.com/maps/place/Godiche+%C3%89lagage+Nancy/data=!4m7!3m6!1s0x479499e684e895bd:0xd69871eb23eea48b!8m2!3d48.6845496!4d6.2120909!16s%2Fg%2F11fkwcwz6_!19sChIJvZXohOaZlEcRi6TuI-txmNY?authuser=0&hl=fr&rclk=1,,,,
d5a160ea-6dab-48b7-a3b4-e10a4ff1d2f1,MS Élagage - Élagueur Nancy - Paysagiste - Entretien des espaces verts,0766108913,entreprisemselagage@gmail.com,medium,,,,,Nancy,paysagiste,paysagiste,2,5.0,45,Paysagiste,https://mselagage.fr/,https://www.google.com/maps/place/MS+%C3%89lagage+-+%C3%89lagueur+Nancy+-+Paysagiste+-+Entretien+des+espaces+verts/data=!4m7!3m6!1s0x47949944ea39f1fd:0x565bb8f94246f16!8m2!3d48.688202!4d6.1877886!16s%2Fg%2F11kj6qmktg!19sChIJ_fE56kSZlEcRFm8klI-7ZQU?authuser=0&hl=fr&rclk=1,,,,
28acb50a-0803-4346-be77-56d7bea4e423,GM Élagage,0662900739,godichemaurice@gmail.com,medium,,,,,Nancy,paysagiste,paysagiste,2,4.8,23,Paysagiste,https://www.elagage-nancy.fr/?utm_medium=referral&utm_source=gmb&utm_campaign=lnk-gmb,https://www.google.com/maps/place/GM+%C3%89lagage/data=!4m7!3m6!1s0x47949b67253b579b:0x67dd700f5de772bc!8m2!3d48.6717314!4d6.2133676!16s%2Fg%2F11qb06bxzz!19sChIJm1c7JWeblEcRvHLnXQ9w3Wc?authuser=0&hl=fr&rclk=1,,,,
12bb6765-2da3-4c04-896c-70c7010ae536,C'Barriac Entretien,0643680479,c.barriac.entretien@gmail.com,medium,,,,,Nancy,paysagiste,paysagiste,2,5.0,7,Paysagiste,https://www.cbarriac-entretien.com/,https://www.google.com/maps/place/C%27Barriac+Entretien/data=!4m7!3m6!1s0xf77bf43634fbfc5:0xef834fe2da04493!8m2!3d48.6341455!4d6.3569413!16s%2Fg%2F11x16zg29_!19sChIJxb9PY0O_dw8Rk0SgLf40-A4?authuser=0&hl=fr&rclk=1,,,,
0eeef917-17dd-4027-a02b-3aa58e005d9b,JMF AMENAGEMENT EXTERIEUR,0616507954,jmf6818@gmail.com,medium,,,,,Mulhouse,paysagiste,paysagiste,2,5.0,6,Paysagiste,https://jmf-amenagement-exterieur.fr/,https://www.google.com/maps/place/JMF+AMENAGEMENT+EXTERIEUR/data=!4m7!3m6!1s0x479187883a87539f:0x5901397ba6b4a385!8m2!3d47.7431715!4d7.1241357!16s%2Fg%2F11fjgk4mcj!19sChIJn1OHOoiHkUcRhaO0pns5AVk?authuser=0&hl=fr&rclk=1,,,,
d0455fd5-83d1-4168-ad49-c69d7f567acd,BS TP Grand Est - Aménagement Extérieur 68,0652352821,bstpgrandest68@gmail.com,medium,Sadullah,Bozdag,SADULLAH BOZDAG (BOZDAG),siret_insee,Mulhouse,paysagiste,paysagiste,2,4.8,12,Paysagiste,https://bstp-grand-est.fr/,https://www.google.com/maps/place/BS+TP+Grand+Est+-+Am%C3%A9nagement+Ext%C3%A9rieur+68/data=!4m7!3m6!1s0x47919be2fa3a17c5:0xf504e24804ed4727!8m2!3d47.753121!4d7.3230297!16s%2Fg%2F11tczndtld!19sChIJxRc6-uKbkUcRJ0ftBEjiBPU?authuser=0&hl=fr&rclk=1,43.99C,90401689600014,2021-10-01,02
cc64357d-5a0a-4867-9d47-8a79c6621697,SAS KOEHL Valentin élagage,0392190516,valentinkoehl.pro@gmail.com,medium,Valentin Coordonnées De L,Koehl,Valentin KOEHL Coordonnées de l,mentions_legales,Mulhouse,paysagiste,paysagiste,2,5.0,20,Service d'élagage,https://www.elagage-koehl.fr/,https://www.google.com/maps/place/SAS+KOEHL+Valentin+%C3%A9lagage/data=!4m7!3m6!1s0x47919dcc481f0d4f:0x9eef90fb5853ce4a!8m2!3d47.8048067!4d7.3310246!16s%2Fg%2F11fwc0lnjg!19sChIJTw0fSMydkUcRSs5TWPuQ754?authuser=0&hl=fr&rclk=1,,,,
6af48145-74f6-4b5b-a39c-6355ccf8d9e6,Flipo aménagement d'extérieur,0619715953,flipo.amenagement@gmail.com,medium,,,,,Tourcoing,paysagiste,paysagiste,2,5.0,115,Paysagiste,http://www.flipo-amenagement.com/,https://www.google.com/maps/place/Flipo+am%C3%A9nagement+d%27ext%C3%A9rieur/data=!4m7!3m6!1s0x47c32ea24bd42657:0x60e9db5d1d822bd1!8m2!3d50.7389686!4d3.1186753!16s%2Fg%2F1q64c00y8!19sChIJVybUS6Iuw0cR0SuCHV3b6WA?authuser=0&hl=fr&rclk=1,,,,
8f9cfaff-6103-4f7b-8fa8-86decefccdde,HOME ALLIANCE NANCY,0383440440,communication@homealliance.fr,high,Pascal Philippe Marie,Dreneri,PASCAL PHILIPPE MARIE DRENERI,siret_insee,Laxou,paysagiste,paysagiste,2,4.5,92,Paysagiste,https://www.homealliance.fr/,https://www.google.com/maps/place/HOME+ALLIANCE+NANCY/data=!4m7!3m6!1s0x479499fc531749a9:0xae9649f94e4b9b3c!8m2!3d48.6918198!4d6.1287792!16s%2Fg%2F11jfbhcd0v!19sChIJqUkXU_yZlEcRPJtLTvlJlq4?authuser=0&hl=fr&rclk=1,81.21Z,50743530300064,2008-07-29,21
56ed34c3-1aa4-43f0-9fa6-51a2595b3598,UN JARDIN SOUS MON TOIT - Paysagiste à Bondues,0786053854,unjardinsousmontoit@outlook.fr,medium,Lauriane Juliette Nelly,Wagee,LAURIANE JULIETTE NELLY WAGEE,siret_insee,Bondues,paysagiste,paysagiste,1,5.0,8,Paysagiste,https://www.unjardinsousmontoit.fr/,https://www.google.com/maps/place/UN+JARDIN+SOUS+MON+TOIT+-+Paysagiste+%C3%A0+Bondues/data=!4m7!3m6!1s0x633a961f5c4fdcb7:0x23980739aea01b03!8m2!3d50.717802!4d3.0715563!16s%2Fg%2F11rt_xwkxd!19sChIJt9xPXB-WOmMRAxugrjkHmCM?authuser=0&hl=fr&rclk=1,81.30Z,91089732100014,2022-02-28,NN
337b1879-da3b-4a5d-94d3-fed36f772fe7,Lorthiois Jardins Services,0611325737,lorthioisjardins@gmail.com,medium,,,,,Marcq-en-Barœul,paysagiste,paysagiste,1,4.9,81,Paysagiste,https://www.lorthioisjardins.com/,https://www.google.com/maps/place/Lorthiois+Jardins+Services/data=!4m7!3m6!1s0x47c328439e18a7af:0x7f7e06d254cde73c!8m2!3d50.6740502!4d3.1171024!16s%2Fg%2F11c32863n2!19sChIJr6cYnkMow0cRPOfNVNIGfn8?authuser=0&hl=fr&rclk=1,,,,
c04cb4aa-f12f-4697-b52b-636f48ed9ba6,CREAVERTE - Conception paysagère - agencement mobilier revêtement plantations,0673112225,nicolas@creaverte.fr,high,Nicolas,Deregnaucourt,NICOLAS DEREGNAUCOURT,siret_insee,Tourcoing,paysagiste,paysagiste,2,4.9,18,Architecte paysagiste,https://www.creaverte.fr/,https://www.google.com/maps/place/CREAVERTE+-+Conception+paysag%C3%A8re+-+agencement+mobilier+rev%C3%AAtement+plantations/data=!4m7!3m6!1s0x47c32b368fa3060f:0xdac41662a0675579!8m2!3d50.5290254!4d2.893638!16s%2Fg%2F11fkv2cwky!19sChIJDwajjzYrw0cReVVnoGIWxNo?authuser=0&hl=fr&rclk=1,71.11Z,84819343900025,2019-02-18,NN
81a20cf5-ee18-46eb-bbb0-a06f60f05f63,Paysage en Nord,0688991056,paysageennord@gmail.com,medium,,,,,Tourcoing,paysagiste,paysagiste,2,5.0,12,Paysagiste,http://paysageennord.fr/,https://www.google.com/maps/place/Paysage+en+Nord/data=!4m7!3m6!1s0x47c32f76555acfeb:0x646c69c5be0ae03a!8m2!3d50.7362304!4d3.1282362!16s%2Fg%2F11jmzhrx9t!19sChIJ689aVXYvw0cROuAKvsVpbGQ?authuser=0&hl=fr&rclk=1,,,,
6553500a-6f82-4c6a-af5e-9c20d598df76,A2E PAYSAGES ET PISCINES,0634904649,contact@a2e-paysages.fr,high,Johana Myriam Geraldine,Hurel,JOHANA MYRIAM GERALDINE HUREL,siret_insee,Seichamps,paysagiste,paysagiste,2,5.0,4,Paysagiste,https://www.a2e-paysages.fr/,https://www.google.com/maps/place/A2E+PAYSAGES+ET+PISCINES/data=!4m7!3m6!1s0x479485f2ea756659:0xb8174229a18fc03!8m2!3d48.660558!4d6.360506!16s%2Fg%2F11h5l45_6p!19sChIJWWZ16vKFlEcRA_wYmiJ0gQs?authuser=0&hl=fr&rclk=1,73.11Z,89249742100024,2020-12-01,03
2e753f08-26e9-467a-81a8-3c861c98c614,Attitude Verte,32494597029,duhamel-emilien@hotmail.be,low,,,,,Tourcoing,paysagiste,paysagiste,2,5.0,3,Jardin,https://www.lattitudeverte.be/contact,https://www.google.com/maps/place/Attitude+Verte/data=!4m7!3m6!1s0x47c3258905372cc1:0xa44923dbbb04ffe0!8m2!3d50.7460835!4d3.2123155!16s%2Fg%2F11h3tjm1jj!19sChIJwSw3BYklw0cR4P8Eu9sjSaQ?authuser=0&hl=fr&rclk=1,,,,
f4dd8668-a303-46d9-a5e1-19ca9c852db4,Jardi'Will,0637860157,jardiwill@gmail.com,medium,William Jimmy,Staelens,WILLIAM JIMMY STAELENS,siret_insee,Roncq,paysagiste,paysagiste,2,4.9,34,Paysagiste,https://www.jardiwill.fr/,https://www.google.com/maps/place/Jardi%27Will/data=!4m7!3m6!1s0x8a69e1cc791e58f1:0xc00bde71ebe477e0!8m2!3d50.5290254!4d2.893638!16s%2Fg%2F11vq3dkrpb!19sChIJ8VgeeczhaYoR4Hfk63HeC8A?authuser=0&hl=fr&rclk=1,81.30Z,88528084200018,2020-08-17,NN
0a1ba07e-2106-4bb0-8d92-afdb72571f96,Mabelé paysage,0786440383,mabelepaysage@gmail.com,medium,,,,,Lille,paysagiste,paysagiste,2,5.0,8,Paysagiste,http://www.mabele-jardin.fr/,https://www.google.com/maps/place/Mabel%C3%A9+paysage/data=!4m7!3m6!1s0x8420bac7bd00c02d:0xaac6f6879c9a2afc!8m2!3d50.5290254!4d2.893638!16s%2Fg%2F11mymk9tcs!19sChIJLcAAvce6IIQR_CqanIf2xqo?authuser=0&hl=fr&rclk=1,,,,
051818a7-50c1-47c4-9875-ff41f86e6ac4,Caron JT,0320720144,caron-jp3@orange.fr,medium,Théo,Jonckheere,THÉO JONCKHEERE,siret_insee,Villeneuve-D'ascq,paysagiste,paysagiste,1,4.7,12,Paysagiste,https://www.caron-elagage.fr/,https://www.google.com/maps/place/Caron+JT/data=!4m7!3m6!1s0x47c329cbefbe39e7:0x3b997e4f3fdeddae!8m2!3d50.6532836!4d3.1444613!16s%2Fg%2F1tfwcnlm!19sChIJ5zm-78spw0cRrt3eP09-mTs?authuser=0&hl=fr&rclk=1,81.30Z,99447981400018,2025-11-24,NN
1168e2cb-f266-4a33-bb4a-d0840db44627,Paysages des Flandres,0328501906,contact@paysagesdesflandres.com,high,Michael,Verhille,MICHAEL VERHILLE,siret_insee,Bailleul,paysagiste,paysagiste,2,4.5,104,Paysagiste,https://paysagesdesflandres.com/,https://www.google.com/maps/place/Paysages+des+Flandres/data=!4m7!3m6!1s0x47dcdd932e77f29d:0x1b91c6acc8b645dc!8m2!3d50.7506181!4d2.7465817!16s%2Fg%2F1thd5z25!19sChIJnfJ3LpPd3EcR3EW2yKzGkRs?authuser=0&hl=fr&rclk=1,81.30Z,50268065500037,2008-03-01,12
d579dcd6-fb27-419d-959d-bf83526fa7a1,Élagage Pierre CRIBOS-bûcheron-élagueur-taille haies-Lille-Roubaix-Tourcoing-Armentières et environs,0762338792,pierrecribos@gmail.com,medium,,,,,Tourcoing,paysagiste,paysagiste,2,5.0,18,Service d'élagage,https://www.pierre-elagage-abattage.com/,https://www.google.com/maps/place/%C3%89lagage+Pierre+CRIBOS-b%C3%BBcheron-%C3%A9lagueur-taille+haies-Lille-Roubaix-Tourcoing-Armenti%C3%A8res+et+environs/data=!4m7!3m6!1s0x47dcd7d23aaeb795:0x431780c94b57c8b1!8m2!3d50.6867366!4d2.8892193!16s%2Fg%2F11jsr4xzj1!19sChIJlbeuOtLX3EcRschXS8mAF0M?authuser=0&hl=fr&rclk=1,,,,
0a8e90f1-1ee3-451b-aedf-241225c024cb,GAZON AZURNORD,0627670888,contact@gazon-azurnord.fr,high,,,,,Tourcoing,paysagiste,paysagiste,2,4.9,16,Jardin,http://www.gazon-azurnord.fr/,https://www.google.com/maps/place/GAZON+AZURNORD/data=!4m7!3m6!1s0x47c3292d4e0fef01:0xed684736c877a58f!8m2!3d50.7197498!4d3.1458189!16s%2Fg%2F11gy1drm62!19sChIJAe8PTi0pw0cRj6V3yDZHaO0?authuser=0&hl=fr&rclk=1,,,,
308cf245-be34-4590-ad3d-ca6537dc000f,Péridon Paysage,0673831673,contact@peridonpaysage.fr,high,,,,mentions_legales,Nancy,paysagiste,paysagiste,2,4.9,38,Paysagiste,http://peridonpaysage.fr/,https://www.google.com/maps/place/P%C3%A9ridon+Paysage/data=!4m7!3m6!1s0x4794bb21a3dde801:0xd4967c54458188a8!8m2!3d48.7589456!4d6.0652256!16s%2Fg%2F11ngpqt0w0!19sChIJAejdoyG7lEcRqIiBRVR8ltQ?authuser=0&hl=fr&rclk=1,,,,
1b769438-c3c0-4695-8df9-0a8ca460eff4,Ets Vandaele David,0320968764,vandaele.david@orange.fr,medium,,,,,Lille,paysagiste,paysagiste,2,4.9,17,Paysagiste,https://www.paysagiste-elagage-vandaele.fr/,https://www.google.com/maps/place/Ets+Vandaele+David/data=!4m7!3m6!1s0x47dd2c8ba2fd051f:0xbee3ac8e0c15e5c!8m2!3d50.5470035!4d2.9431542!16s%2Fg%2F1hc629d0z!19sChIJHwX9ooss3UcRXF7B4Mg67gs?authuser=0&hl=fr&rclk=1,,,,
1e0df839-0895-4bff-af06-caacc905d982,Goddyn Nature,0661795536,goddynjardin59@gmail.com,medium,,,,,Tourcoing,paysagiste,paysagiste,2,5.0,5,Paysagiste,https://www.goddynjardin.fr/,https://www.google.com/maps/place/Goddyn+Nature/data=!4m7!3m6!1s0x47c32da81fe5b8db:0x60efa3bbbdb32afe!8m2!3d50.7677805!4d3.103136!16s%2Fg%2F1tfw25ql!19sChIJ27jlH6gtw0cR_iqzvbuj72A?authuser=0&hl=fr&rclk=1,,,,
b5afdd44-4244-4128-83b4-b30fa483c952,Vert Horizon Paysage,0652061383,loiremaximepro@gmail.com,medium,Maxime,Loire,MAXIME LOIRE,siret_insee,Vieux-Reng,paysagiste,paysagiste,2,5.0,15,Paysagiste,https://vert-horizon-paysage.fr/,https://www.google.com/maps/place/Vert+Horizon+Paysage/data=!4m7!3m6!1s0x47c32d8ff5195c89:0x2766a1880b17f1cb!8m2!3d50.772397!4d3.0574902!16s%2Fg%2F11ssymxqr4!19sChIJiVwZ9Y8tw0cRy_EXC4ihZic?authuser=0&hl=fr&rclk=1,62.01Z,89153058600017,2020-12-01,NN
96e358d4-ec8f-4675-b636-a97a024da00c,Le Pouce Vert,0622684212,contact@lepoucevert.fr,high,Matthieu Emmanuel Hugues,Leblanc,MATTHIEU EMMANUEL HUGUES LEBLANC,siret_insee,Croix,paysagiste,paysagiste,1,5.0,6,Paysagiste,https://lepoucevert.fr/,https://www.google.com/maps/place/Le+Pouce+Vert/data=!4m7!3m6!1s0x864d66b35af34fc5:0xcc1e487cd9c40cac!8m2!3d50.6652292!4d3.1469247!16s%2Fg%2F11yzqh_1wb!19sChIJxU_zWrNmTYYRrAzE2XxIHsw?authuser=0&hl=fr&rclk=1,81.30Z,92993896700015,2024-07-01,NN
e24d0247-5222-4a22-97ea-839b12d91e7d,DEBLONDE PAYSAGE,0647853173,deblondeadr@outlook.fr,medium,,,,,Lille,paysagiste,paysagiste,2,5.0,84,Jardinier,http://www.deblondepaysage.fr/,https://www.google.com/maps/place/DEBLONDE+PAYSAGE/data=!4m7!3m6!1s0x47dcd540374c0eeb:0xa8f6bbd1012d8415!8m2!3d50.7124166!4d2.9320046!16s%2Fg%2F11qpqhzp4p!19sChIJ6w5MN0DV3EcRFYQtAdG79qg?authuser=0&hl=fr&rclk=1,,,,
0ccd984b-8497-49d2-ae0d-68de0146d72f,Anaïs Theret,0623977989,theret.anais@gmail.com,medium,,,,,Marcq-en-Barœul,paysagiste,paysagiste,1,5.0,4,Paysagiste,https://www.anaistheret.fr/,https://www.google.com/maps/place/Ana%C3%AFs+Theret/data=!4m7!3m6!1s0x4e43697d70b85cd:0xe5ecdd604164fe41!8m2!3d50.6769227!4d3.094404!16s%2Fg%2F11y3p7s6gm!19sChIJzYUL15c25AQRQf5kQWDd7OU?authuser=0&hl=fr&rclk=1,,,,
37d51808-92c2-450e-9efa-cc0cf0d9368d,Caroline Biondo - Conception paysagère,0650479288,caroline.biondo@live.fr,medium,Est,Nom,est Nom,mentions_legales,Lille,paysagiste,paysagiste,2,5.0,10,Architecte paysagiste,http://carolinebiondo.com/,https://www.google.com/maps/place/Caroline+Biondo+-+Conception+paysag%C3%A8re/data=!4m7!3m6!1s0x47c32b3127823e3f:0x9d4682b483ef59cd!8m2!3d50.6572365!4d3.0723862!16s%2Fg%2F11q4rzg4_g!19sChIJPz6CJzErw0cRzVnvg7SCRp0?authuser=0&hl=fr&rclk=1,,,,
d341aaed-8ae3-4ba7-ad30-7c6f69bfd7ff,Pro Green,0320312632,contact@pro-green.fr,high,Charles,Boulanger,CHARLES BOULANGER,siret_insee,Verlinghem,paysagiste,paysagiste,2,4.5,19,Paysagiste,http://www.pro-green.fr/,https://www.google.com/maps/place/Pro+Green/data=!4m7!3m6!1s0x47c2d58e09cf9fa1:0x7d19fa5a0f4ec0be!8m2!3d50.6716117!4d3.0107617!16s%2Fg%2F1tdrdjbh!19sChIJoZ_PCY7VwkcRvsBOD1r6GX0?authuser=0&hl=fr&rclk=1,81.30Z,50236622200029,2008-02-01,03
0fcbe12a-c112-4e7c-9e48-3014ab3093d6,Hedoire Jérémy,0361136185,hedoirejeremy@hotmail.fr,medium,,,,,Calais,paysagiste,paysagiste,2,5.0,6,Paysagiste,http://www.paysagiste-espacevertduplatpays-calaisis.fr/,https://www.google.com/maps/place/Hedoire+J%C3%A9r%C3%A9my/data=!4m7!3m6!1s0x47dc430e1efdda7d:0x868eb4d4f7100333!8m2!3d50.9631173!4d1.9944212!16s%2Fg%2F11f6dlvc77!19sChIJfdr9Hg5D3EcRMwMQ99S0joY?authuser=0&hl=fr&rclk=1,,,,
2ab0c6f2-97d3-4278-99d7-50df065b4897,Équilibre élagage - paysagiste poitiers : entretien jardin buxerolles Fontaine-le-Comte,0953876612,yorrik2006@icloud.com,medium,Yorrik,Pennetault,YORRIK PENNETAULT,siret_insee,Poitiers,paysagiste,paysagiste,1,4.6,18,Paysagiste,https://www.elagage-86.com/,https://www.google.com/maps/place/%C3%89quilibre+%C3%A9lagage+-+paysagiste+poitiers+:+entretien+jardin+buxerolles+Fontaine-le-Comte/data=!4m7!3m6!1s0x47fdbde7b9752901:0x816e511906e1e6f2!8m2!3d46.5952084!4d0.3352914!16s%2Fg%2F11vq2fpqyw!19sChIJASl1uee9_UcR8ubhBhlRboE?authuser=0&hl=fr&rclk=1,77.32Z,31870505000041,1980-01-01,NN
f52a059d-be6a-419c-bddb-566a101bd18f,Art et Jardin,0786864022,contact@artetjardin86.fr,high,,,,,Poitiers,paysagiste,paysagiste,1,4.7,21,Paysagiste,http://www.artetjardin86.fr/,https://www.google.com/maps/place/Art+et+Jardin/data=!4m7!3m6!1s0x47fd99f6dbaca92f:0xf07a9aa5541737df!8m2!3d46.6875771!4d0.2762596!16s%2Fg%2F1tdr2n_c!19sChIJL6ms2_aZ_UcR3zcXVKWaevA?authuser=0&hl=fr&rclk=1,,,,
b6b5fd6d-2713-46aa-a6d1-9bd88508ddfe,Concept Extérieur,0549569733,admin@conceptexterieur86.com,high,,,,,Poitiers,paysagiste,paysagiste,1,4.9,64,Paysagiste,http://conceptexterieur86.com/?utm_source=gmb,https://www.google.com/maps/place/Concept+Ext%C3%A9rieur/data=!4m7!3m6!1s0x4b31f0e374122079:0xd5a5b0bd8de918ed!8m2!3d46.418114!4d0.247004!16s%2Fg%2F11s72mqhth!19sChIJeSASdOPwMUsR7Rjpjb2wpdU?authuser=0&hl=fr&rclk=1,,,,
c53147a0-bd6b-4efd-b284-8d1d0c15c211,Bocage Jardin Particuliers,0328638977,contact@sarl-bocage-jardin.com,high,,,,,Dunkerque,paysagiste,paysagiste,2,4.8,24,Paysagiste,http://www.sarl-bocage-jardin.com/,https://www.google.com/maps/place/Bocage+Jardin+Particuliers/data=!4m7!3m6!1s0x47dc8b6ec0d44785:0x5a2e9ea11697567c!8m2!3d51.0160203!4d2.3452256!16s%2Fg%2F1tgdbphg!19sChIJhUfUwG6L3EcRfFaXFqGeLlo?authuser=0&hl=fr&rclk=1,,,,
1deb93cf-df80-4cad-a676-ec31ebb51a0e,Nelson DESIRE Paysagiste & Pisciniste,0549867919,accueil.sasndp@gmail.com,medium,,,,,Poitiers,paysagiste,paysagiste,1,4.8,68,Paysagiste,http://www.nelsondesirepaysagiste.fr/,https://www.google.com/maps/place/Nelson+DESIRE+Paysagiste+%26+Pisciniste/data=!4m7!3m6!1s0x47fda94d65bf4c13:0x88aba8def9889708!8m2!3d46.7550456!4d0.4859993!16s%2Fg%2F11hdz7ympk!19sChIJE0y_ZU2p_UcRCJeI-d6oq4g?authuser=0&hl=fr&rclk=1,,,,
b73eba38-18d5-4948-a147-1e13d9842335,Mignature - Jardinier Paysagiste,0619594496,contact@mignature.fr,high,,,,,Dunkerque,paysagiste,paysagiste,2,4.6,25,Paysagiste,http://mignature.fr/,https://www.google.com/maps/place/Mignature+-+Jardinier+Paysagiste/data=!4m7!3m6!1s0x47dc619082b655cf:0xe4a23575c7ae3b40!8m2!3d51.0348149!4d2.3480716!16s%2Fg%2F11pkhrgytr!19sChIJz1W2gpBh3EcRQDuux3U1ouQ?authuser=0&hl=fr&rclk=1,,,,
a91dd043-d8c4-44d1-b02a-8607f736206f,Sud Vienne Paysages,0611181768,ericgorse086@gmail.com,medium,Eric Joel Daniel Noel,Gorse,ERIC JOEL DANIEL NOEL GORSE (GORSE),siret_insee,Marigny-Chemereau,paysagiste,paysagiste,1,4.9,41,Paysagiste,http://www.sudviennepaysages.com/,https://www.google.com/maps/place/Sud+Vienne+Paysages/data=!4m7!3m6!1s0x47fdec1ff3ce2039:0x5efcb349f00f2f70!8m2!3d46.4399673!4d0.2168367!16s%2Fg%2F1tvm23kd!19sChIJOSDO8x_s_UcRcC8P8Emz_F4?authuser=0&hl=fr&rclk=1,81.30Z,48364357300015,2005-09-05,02
3799ed69-b898-4558-bd68-2c8ca3402ed3,Max - Entretien Jardin,0620391118,maxim.bachellerie@gmail.com,medium,,,,,Poitiers,paysagiste,paysagiste,1,5.0,20,Jardinier,http://www.max-entretien-jardin.fr/,https://www.google.com/maps/place/Max+-+Entretien+Jardin/data=!4m7!3m6!1s0x2a8ea31938b370ff:0x84fa3db1b400a516!8m2!3d46.6419786!4d0.3544331!16s%2Fg%2F11x7k4kf2f!19sChIJ_3CzOBmjjioRFqUAtLE9-oQ?authuser=0&hl=fr&rclk=1,,,,
95e1f681-5415-4499-aa23-90bd0cf8330b,Morille Sebastien Paul,0680272934,sebastienmorille@orange.fr,medium,,,,,Poitiers,paysagiste,paysagiste,1,4.6,5,Paysagiste,https://www.univertjardin.fr/,https://www.google.com/maps/place/Morille+Sebastien+Paul/data=!4m7!3m6!1s0x47fd958cf9da4d25:0x75983ebcb248e116!8m2!3d46.5714739!4d0.3095309!16s%2Fg%2F1tg_k_fm!19sChIJJU3a-YyV_UcRFuFIsrw-mHU?authuser=0&hl=fr&rclk=1,,,,
025e6dd2-c5b2-49f6-b3be-7725e9b8df0d,Pérénia Aménage vos Extérieurs 86 Poitiers,0548290026,contact@perenia.fr,high,Xavier,Prouteau,XAVIER PROUTEAU,siret_insee,Vivonne,paysagiste,paysagiste,1,5.0,34,Paysagiste,https://perenia.fr/artisan/amenagement-exterieur-poitiers/?utm_source=gmb,https://www.google.com/maps/place/P%C3%A9r%C3%A9nia+Am%C3%A9nage+vos+Ext%C3%A9rieurs+86+Poitiers/data=!4m7!3m6!1s0x4013a2dec8d40cc1:0x4b92f39cb1473354!8m2!3d46.457816!4d0.268584!16s%2Fg%2F11l6ykd9m0!19sChIJwQzUyN6iE0ARVDNHsZzzkks?authuser=0&hl=fr&rclk=1,81.30Z,97883735900014,2023-08-23,NN
5c41f857-2522-41fa-9336-57fa84511bf7,Memin services,0666627499,memin.services@gmail.com,medium,,,,,Poitiers,paysagiste,paysagiste,1,5.0,4,Paysagiste,https://www.meminservices.com/,https://www.google.com/maps/place/Memin+services/data=!4m7!3m6!1s0x47fd9769366727e7:0x7c72f5fb2b2726a0!8m2!3d46.5987734!4d0.2820756!16s%2Fg%2F11y42w3cw5!19sChIJ5ydnNmmX_UcRoCYnK_v1cnw?authuser=0&hl=fr&rclk=1,,,,
f7873f33-b565-4c97-9000-fda8a66779c7,"Gandrillon Paysage, Paysagiste Poitiers",0681980449,contact@gandrillonpaysage.com,high,Florian Et Barbara,Gandrillon,Florian et Barbara GANDRILLON,mentions_legales,Poitiers,paysagiste,paysagiste,1,4.8,38,Paysagiste,http://www.gandrillonpaysage.com/,"https://www.google.com/maps/place/Gandrillon+Paysage,+Paysagiste+Poitiers/data=!4m7!3m6!1s0x47fda33b7d033083:0x26c44d90fe962551!8m2!3d46.6994061!4d0.3755139!16s%2Fg%2F11b6dqhm0v!19sChIJgzADfTuj_UcRUSWW_pBNxCY?authuser=0&hl=fr&rclk=1",,,,
703c3f3e-4d06-4adb-b05f-9904b8ccc3fc,Singularité Jardin,0765585342,contact@singularite-jardin.fr,high,Frederic Nicolas,Lambert,FREDERIC NICOLAS LAMBERT,siret_insee,Smarves,paysagiste,paysagiste,1,5.0,14,Architecte paysagiste,http://singularite-jardin.fr/,https://www.google.com/maps/place/Singularit%C3%A9+Jardin/data=!4m7!3m6!1s0xad74eec9f1eae729:0x1fce570c27966c10!8m2!3d46.6086756!4d0.4763894!16s%2Fg%2F11jt099fb_!19sChIJKefq8cnudK0REGyWJwxXzh8?authuser=0&hl=fr&rclk=1,74.10Z,91002716800012,2022-02-03,NN
1da9dd0e-6160-4b84-9758-b1029a1104ca,benjamin entretien jardin,0677546124,mayor.benjamin@hotmail.com,medium,,,,,Poitiers,paysagiste,paysagiste,1,4.6,14,Jardinier,https://www.benjaminentretienjardin.fr/,https://www.google.com/maps/place/benjamin+entretien+jardin/data=!4m7!3m6!1s0x85678bd112e4d609:0x5407e5f04f681487!8m2!3d46.6194558!4d0.4485452!16s%2Fg%2F11yc8q60fg!19sChIJCdbkEtGLZ4URhxRoT_DlB1Q?authuser=0&hl=fr&rclk=1,,,,
b760c38f-8e48-4bb5-a079-798dbda18335,Canipel P&B,0613860242,canipelpaysage@gmail.com,medium,Flavien Tom Camille,Canipel,FLAVIEN TOM CAMILLE CANIPEL,siret_insee,Chasseneuil-Du-Poitou,paysagiste,paysagiste,1,5.0,8,Paysagiste,https://canipel-paysage.fr/,https://www.google.com/maps/place/Canipel+P%26B/data=!4m7!3m6!1s0x47fdbd4af26ba543:0x27c842fa4a68c171!8m2!3d46.6336137!4d0.3588274!16s%2Fg%2F11lctbj7ql!19sChIJQ6Vr8kq9_UcRccFoSvpCyCc?authuser=0&hl=fr&rclk=1,81.30Z,98151869900013,2023-10-26,NN
7a359b10-f5bd-402c-b017-e48b3c860896,Alium Paysage,0769743397,aliumpaysage@gmail.com,medium,,,,,Poitiers,paysagiste,paysagiste,1,4.5,13,Paysagiste,https://paysagiste-poitiers.fr/,https://www.google.com/maps/place/Alium+Paysage/data=!4m7!3m6!1s0x47fd8f2027a35507:0x479b2e5efd5ca452!8m2!3d46.6555019!4d0.1373496!16s%2Fg%2F11vjb7pyhn!19sChIJB1WjJyCP_UcRUqRc_V4um0c?authuser=0&hl=fr&rclk=1,,,,
85642949-5853-4e7e-9819-8bb49a61281d,Votre Jardinier diplômé à La Rochelle et ses environs,0695118014,jardinagemp@hotmail.com,medium,[non-Diffusible],[non-Diffusible],[NON-DIFFUSIBLE] [NON-DIFFUSIBLE],siret_insee,Marsilly,paysagiste,paysagiste,0,4.9,40,Jardinier,http://votrejardinier.free.fr/,https://www.google.com/maps/place/Votre+Jardinier+dipl%C3%B4m%C3%A9+%C3%A0+La+Rochelle+et+ses+environs/data=!4m7!3m6!1s0x4806ad147011a663:0x25cef81fd5e8a7bb!8m2!3d46.227108!4d-1.1282828!16s%2Fg%2F11bysjwvmt!19sChIJY6YRcBStBkgRu6fo1R_4ziU?authuser=0&hl=fr&rclk=1,81.21Z,92954187800013,2024-07-01,NN
8f6b27ba-c026-49d6-afdd-afa4e043d9f0,Les Jardins Délices,0549439204,contact@les-jardins-delices-paysagiste.com,high,David Jean-Aime Michel,Gerbier,DAVID JEAN-AIME MICHEL GERBIER (GERBIER),siret_insee,Rouille,paysagiste,paysagiste,1,4.7,12,Paysagiste,http://www.les-jardins-delices-paysagiste.com/,https://www.google.com/maps/place/Les+Jardins+D%C3%A9lices/data=!4m7!3m6!1s0x47fdf6d7b7a0e277:0xbfd5e0d88fee425f!8m2!3d46.401957!4d0.07127!16s%2Fg%2F1tf1n5v8!19sChIJd-Kgt9f2_UcRX0Luj9jg1b8?authuser=0&hl=fr&rclk=1,01.61Z,48391817300020,2005-09-19,02
a4d4810b-8290-4f4f-9471-4eb8b89b89b1,Paysagiste Touraine - élagueur veigné : espaces verts chambray les Tours Poitiers Tours,0770368400,paysagistetouraine@gmail.com,medium,Touci,Hortica,TOUCI HORTICA (HORTICA),siret_insee,Veigne,paysagiste,paysagiste,1,5.0,41,Paysagiste,https://www.paysagiste-touraine.com/,https://www.google.com/maps/place/Paysagiste+Touraine+-+%C3%A9lagueur+veign%C3%A9+:+espaces+verts+chambray+les+Tours+Poitiers+Tours/data=!4m7!3m6!1s0x47fcd713a1e9528d:0xfe662cb4f5249621!8m2!3d47.3001399!4d0.7178126!16s%2Fg%2F11wmjjc415!19sChIJjVLpoRPX_EcRIZYk9bQsZv4?authuser=0&hl=fr&rclk=1,43.91B,90035840900010,2021-06-15,NN
c8aa4660-621d-42b1-a6c1-b9f2d328cecc,Construction et Paysage - Paysagiste Nancy,0689597638,contact@com-see.com,low,Johana Myriam Geraldine,Hurel,JOHANA MYRIAM GERALDINE HUREL,siret_insee,Seichamps,paysagiste,paysagiste,2,4.5,10,Paysagiste,http://www.constructionetpaysage.fr/,https://www.google.com/maps/place/Construction+et+Paysage+-+Paysagiste+Nancy/data=!4m7!3m6!1s0x47949b7ba7248e41:0x20254d3d1c4f7bd1!8m2!3d48.5916503!4d6.3367361!16s%2Fg%2F11f62h3csh!19sChIJQY4kp3ublEcR0XtPHD1NJSA?authuser=0&hl=fr&rclk=1,73.11Z,89249742100024,2020-12-01,03
7817958d-1652-4a9d-b4a4-80bbbe35f707,LA ROCHELLE PAYSAGE,0634903335,contact@larochelle-paysage.fr,low,,,,,La Rochelle,paysagiste,paysagiste,0,4.5,8,Paysagiste,https://www.paysagistelarochelle.fr/?utm_medium=referral&utm_source=gmb&utm_campaign=lnk-gmb,https://www.google.com/maps/place/LA+ROCHELLE+PAYSAGE/data=!4m7!3m6!1s0x48014deaed777587:0x515d0fb86ce5bdef!8m2!3d46.17142!4d-1.088819!16s%2Fg%2F11gjwgmpnz!19sChIJh3V37epNAUgR773lbLgPXVE?authuser=0&hl=fr&rclk=1,,,,
80164563-9951-471d-a03a-444a65de0614,Art'Mazonia Paysage,0780965675,contact@artmazonia.fr,high,Kevin Florian Romain,Richard,KEVIN FLORIAN ROMAIN RICHARD,siret_insee,La Rochelle,paysagiste,paysagiste,0,5.0,15,Paysagiste,https://www.artmazonia.fr/,https://www.google.com/maps/place/Art%27Mazonia+Paysage/data=!4m7!3m6!1s0x4f3f1062d446e3bf:0xf066db63ffbdddaf!8m2!3d46.1654598!4d-1.1278688!16s%2Fg%2F11t2z2v9tm!19sChIJv-NG1GIQP08Rr929_2PbZvA?authuser=0&hl=fr&rclk=1,81.30Z,91332039600017,2022-05-16,NN
7c736a34-a48e-4ac1-b5c9-0b6b061292c4,Jardins Atlantique Paysage - Paysagiste La Rochelle,0672169376,jardinsatlantiquepaysage@gmail.com,medium,,,,,La Rochelle,paysagiste,paysagiste,0,5.0,34,Paysagiste,https://www.jardins-atlantique-paysage.fr/,https://www.google.com/maps/place/Jardins+Atlantique+Paysage+-+Paysagiste+La+Rochelle/data=!4m7!3m6!1s0x480148c66e0f711f:0x116b7b595a89d157!8m2!3d46.0753449!4d-1.0083334!16s%2Fg%2F11f4qfxk3y!19sChIJH3EPbsZIAUgRV9GJWll7axE?authuser=0&hl=fr&rclk=1,,,,
038d4234-80fc-4526-b9b9-468d23fa8003,AH Paysage,0517811511,contact@ahpaysage17.com,high,,,,,La Rochelle,paysagiste,paysagiste,0,5.0,22,Paysagiste,https://www.ahpaysage17.com/?utm_source=gmb,https://www.google.com/maps/place/AH+Paysage/data=!4m7!3m6!1s0x62bdeccf9e20b6d3:0x9d9981ee65ee25ac!8m2!3d46.1584921!4d-1.0823387!16s%2Fg%2F11vyvqth8h!19sChIJ07Ygns_svWIRrCXuZe6BmZ0?authuser=0&hl=fr&rclk=1,,,,
424d6a8a-1977-4a7d-9225-c59de20d93ef,Sous Le Cerisier Paysagiste La Rochelle et île de Ré,0645739068,contact@souslecerisier.com,high,Anne-Gaëlle,Haubois Coordonnées De L,Anne-Gaëlle Haubois coordonnées de l,mentions_legales,La Rochelle,paysagiste,paysagiste,0,5.0,4,Architecte paysagiste,http://www.souslecerisier.com/,https://www.google.com/maps/place/Sous+Le+Cerisier+Paysagiste+La+Rochelle+et+%C3%AEle+de+R%C3%A9/data=!4m7!3m6!1s0x4801548b7288f269:0x247657b0ea0549ca!8m2!3d46.1630883!4d-1.2004663!16s%2Fg%2F1tnpkcn2!19sChIJafKIcotUAUgRykkF6rBXdiQ?authuser=0&hl=fr&rclk=1,,,,
5bdef60c-dc04-47ee-a64b-dbd61431ba77,Assistance Jardin La Rochelle,0607361992,assistjardin@gmail.com,medium,Christophe,Blay,CHRISTOPHE BLAY,siret_insee,La Rochelle,paysagiste,paysagiste,0,5.0,20,Jardinier,https://www.assistancejardin.com/,https://www.google.com/maps/place/Assistance+Jardin+La+Rochelle/data=!4m7!3m6!1s0x4806adb615b02aed:0xab1c7130db1a06d!8m2!3d46.1770925!4d-1.0787686!16s%2Fg%2F11h336kc_w!19sChIJ7SqwFbatBkgRbaCxDRPHsQo?authuser=0&hl=fr&rclk=1,81.21Z,83007264100012,2017-06-03,NN
1230b772-4c04-4ca9-a12f-babdd06b584e,Clemenceau Paysage,0672496784,clemenceau.paysage@gmail.com,medium,Clemenceau,Gaëtan,Clemenceau Gaëtan,mentions_legales,La Rochelle,paysagiste,paysagiste,0,4.9,87,Paysagiste,https://clemenceau-paysage.fr/,https://www.google.com/maps/place/Clemenceau+Paysage/data=!4m7!3m6!1s0x48014dd031e8187d:0xe35d8115d710fb1!8m2!3d46.1871793!4d-1.0730591!16s%2Fg%2F11tnj6j7_6!19sChIJfRjoMdBNAUgRsQ9xXRHYNQ4?authuser=0&hl=fr&rclk=1,,,,
4aeba89a-107a-4955-961b-f3b93d870008,LC.JARDIN,0678856592,lcjardin17@gmail.com,medium,,,,,La Rochelle,paysagiste,paysagiste,0,4.8,22,Paysagiste,http://lcjardin.com/?utm_source=gmb&utm_medium=referral,https://www.google.com/maps/place/LC.JARDIN/data=!4m7!3m6!1s0x4806ad1f4ff2703f:0x635eb89e16991914!8m2!3d46.2037477!4d-1.1607567!16s%2Fg%2F11pm4l_nf_!19sChIJP3DyTx-tBkgRFBmZFp64XmM?authuser=0&hl=fr&rclk=1,,,,
b98cf61d-702c-46cd-bb52-7add5921368a,Cotentin Paysage - François et Philippe OZOUF,0233946652,contact@cotentin-paysage.fr,low,,,,,Cherbourg-en-Cotentin,paysagiste,paysagiste,2,4.7,29,Paysagiste,https://www.cotentinpaysage.fr/,https://www.google.com/maps/place/Cotentin+Paysage+-+Fran%C3%A7ois+et+Philippe+OZOUF/data=!4m7!3m6!1s0x480c92c0a7842f77:0xd7fcac1ce908832d!8m2!3d49.5544672!4d-1.7815754!16s%2Fg%2F11btmqlfmt!19sChIJdy-Ep8CSDEgRLYMI6Rys_Nc?authuser=0&hl=fr&rclk=1,,,,
cb38522e-a56b-4e61-8811-dece9efac8e9,Dieudonné Côme,0546674635,contact@dieudonne-come.fr,high,Karim,Lakhsir,KARIM LAKHSIR,siret_insee,Salles-Sur-Mer,paysagiste,paysagiste,0,4.5,8,Paysagiste,https://dieudonne-come.fr/,https://www.google.com/maps/place/Dieudonn%C3%A9+C%C3%B4me/data=!4m7!3m6!1s0x48014e98b326c015:0x2ae38f4f8b267fb9!8m2!3d46.123285!4d-1.0427027!16s%2Fg%2F11hyl63wrv!19sChIJFcAms5hOAUgRuX8mi0-P4yo?authuser=0&hl=fr&rclk=1,81.30Z,31522863500043,1979-01-01,03
373f575e-1951-44d6-884a-524a7cadd098,Atlantica Paysage - Création & entretien,0516193180,contact@atlantica-paysage.fr,low,,,,,La Rochelle,paysagiste,paysagiste,0,5.0,83,Paysagiste,https://atlantica-paysage.com/,https://www.google.com/maps/place/Atlantica+Paysage+-+Cr%C3%A9ation+%26+entretien/data=!4m7!3m6!1s0x48014d971b8360ab:0xd44dcfc574618bcd!8m2!3d46.1539165!4d-1.08566!16s%2Fg%2F1td_gmbs!19sChIJq2CDG5dNAUgRzYthdMXPTdQ?authuser=0&hl=fr&rclk=1,,,,
1a34119b-da82-444f-bbc0-a0cdcff4ce7e,Atelier du végétal,0546418361,contact@atelierduvegetal.fr,high,Olivier Jean Jacques,Attane,OLIVIER JEAN JACQUES ATTANE,siret_insee,Perigny,paysagiste,paysagiste,0,5.0,3,Architecte paysagiste,http://atelierduvegetal.fr/,https://www.google.com/maps/place/Atelier+du+v%C3%A9g%C3%A9tal/data=!4m7!3m6!1s0x48014d817490fc97:0xb24b07549d298f6!8m2!3d46.155272!4d-1.0940754!16s%2Fg%2F11clsr1yms!19sChIJl_yQdIFNAUgR9pjSSXWwJAs?authuser=0&hl=fr&rclk=1,43.99D,50482559700033,2008-05-15,01
f194a9d8-46f3-433a-a037-aae68608cd1e,"BRUNEAU Mathieu : Jardinier La rochelle et ses alentours, Service à la personne",0667304476,contact@jardinierlarochelle.fr,high,Rose,Lefebvre,Rose Lefebvre,mentions_legales,La Rochelle,paysagiste,paysagiste,0,4.9,27,Jardinier,http://jardinierlarochelle.fr/,"https://www.google.com/maps/place/BRUNEAU+Mathieu+:+Jardinier+La+rochelle+et+ses+alentours,+Service+%C3%A0+la+personne/data=!4m7!3m6!1s0x48014d60afe44ff9:0x9802a3c9212e7a1d!8m2!3d46.2523095!4d-1.0727552!16s%2Fg%2F11cn9kg088!19sChIJ-U_kr2BNAUgRHXouIcmjApg?authuser=0&hl=fr&rclk=1",,,,
bdfc330e-386a-4034-87a4-6ee88ee6d4d1,Conticello garden,0661175365,nicolasconticello@gmail.com,medium,,,,,Antibes,paysagiste,paysagiste,2,4.8,36,Paysagiste,http://www.conticellogarden.com/,https://www.google.com/maps/place/Conticello+garden/data=!4m7!3m6!1s0x12cc2a65e7d698ab:0x722475d82cfaaadc!8m2!3d43.6001902!4d7.0937598!16s%2Fg%2F11clhsx02r!19sChIJq5jW52UqzBIR3Kr6LNh1JHI?authuser=0&hl=fr&rclk=1,,,,
2ed81713-3b63-4bc0-a675-52cdd912078b,Au fil du Paysage,0610400860,aufildupaysage17@gmail.com,medium,Nicolas,Francois,NICOLAS FRANCOIS,siret_insee,Sainte-Soulle,paysagiste,paysagiste,0,5.0,22,Paysagiste,https://www.aufildupaysage17.fr/,https://www.google.com/maps/place/Au+fil+du+Paysage/data=!4m7!3m6!1s0x37f25a64509845f:0xaa1675e506290ac!8m2!3d46.1888405!4d-1.0508241!16s%2Fg%2F11q94xlv4d!19sChIJX4QJRaYlfwMRrJBiUF5noQo?authuser=0&hl=fr&rclk=1,81.30Z,89833308300019,2021-04-15,01
72371687-c5cd-449d-8b92-1ac75b7097b4,Les jardins d'Angelo,0619644299,lesjardinsdangelo@gmail.com,medium,,,,,Antibes,paysagiste,paysagiste,2,5.0,19,Jardinier,https://www.lesjardinsdangelo.com/,https://www.google.com/maps/place/Les+jardins+d%27Angelo/data=!4m7!3m6!1s0xa42c2e3b7a92175d:0xf71646edf9f8fc6e!8m2!3d43.5880712!4d7.1049686!16s%2Fg%2F11t0n61c83!19sChIJXReSejsuLKQRbvz4-e1GFvc?authuser=0&hl=fr&rclk=1,,,,
5dbdebbf-3c70-4fa2-86d0-3850f4f99cd1,VIRIDI Paysage,0663821766,contact@viridipaysage.com,high,,,,,Cannes,paysagiste,paysagiste,2,5.0,22,Paysagiste,https://www.viridipaysage.com/,https://www.google.com/maps/place/VIRIDI+Paysage/data=!4m7!3m6!1s0x839c139acf161821:0x697248ba85b66c54!8m2!3d43.554538!4d7.0574964!16s%2Fg%2F11p5tp0lqx!19sChIJIRgWz5oTnIMRVGy2hbpIcmk?authuser=0&hl=fr&rclk=1,,,,
b782f68f-2e58-40fa-a591-f944d66fc274,lokal - paysagiste-concepteur-urbaniste,0681713108,info@lokal.re,high,,,,,La Rochelle,paysagiste,paysagiste,0,5.0,3,Architecte paysagiste,http://www.lokal.re/,https://www.google.com/maps/place/lokal+-+paysagiste-concepteur-urbaniste/data=!4m7!3m6!1s0x4803f888ca0dbb35:0xe974978e2ef61e5d!8m2!3d46.1546765!4d-1.1465819!16s%2Fg%2F1q6jyqz8b!19sChIJNbsNyoj4A0gRXR72Lo6XdOk?authuser=0&hl=fr&rclk=1,,,,
b5025094-7b97-4b63-b9e8-edf89499e0a0,Victorious Garden,0783051165,info.victoriousgarden@gmail.com,medium,,,,,Antibes,paysagiste,paysagiste,2,5.0,12,Paysagiste,https://victoriousgarden.fr/,https://www.google.com/maps/place/Victorious+Garden/data=!4m7!3m6!1s0x6e40593053bdb45f:0xedf18ea7b3f0c354!8m2!3d43.5848137!4d7.0906372!16s%2Fg%2F11lz8whfr0!19sChIJX7S9UzBZQG4RVMPws6eO8e0?authuser=0&hl=fr&rclk=1,,,,
be01dd08-67f9-44ac-a614-5f21e79296ec,Atelier Jardin Paysagiste,0689723621,contact@atelier-jardin-paysagiste.fr,high,Christophe Bertrand,Jacques,CHRISTOPHE BERTRAND JACQUES,siret_insee,Saint-Rogatien,paysagiste,paysagiste,0,5.0,8,Paysagiste,https://atelier-jardin-paysagiste.fr/,https://www.google.com/maps/place/Atelier+Jardin+Paysagiste/data=!4m7!3m6!1s0x254a9cd9a48bfcab:0x6fa8d2825e100537!8m2!3d46.1498297!4d-1.0717038!16s%2Fg%2F11x2x6ynbn!19sChIJq_yLpNmcSiURNwUQXoLSqG8?authuser=0&hl=fr&rclk=1,81.30Z,93956541200011,2025-01-13,NN
daddf075-ab72-4caa-a69d-a963af0a8439,Les Végétaliseurs Urbains,0659216777,pierre@lesvegetaliseursurbains.fr,high,Les,Végétaliseurs Urbains S,Les Végétaliseurs Urbains s,mentions_legales,Grasse,paysagiste,paysagiste,2,5.0,9,Paysagiste,https://www.lesvegetaliseursurbains.fr/,https://www.google.com/maps/place/Les+V%C3%A9g%C3%A9taliseurs+Urbains/data=!4m7!3m6!1s0x12cc2ac1eb4370bd:0x278b224ae7188a6f!8m2!3d43.6716614!4d6.687449!16s%2Fg%2F11vf2bw0y7!19sChIJvXBD68EqzBIRb4oY50oiiyc?authuser=0&hl=fr&rclk=1,,,,
3f7a9816-45d7-4efb-b5db-e8b038d3fb10,Élagueur Azuréen,0627172416,stenegrieartisan@gmail.com,medium,,,,,Antibes,paysagiste,paysagiste,2,4.8,56,Service d'élagage,https://elagueurazureen.com/,https://www.google.com/maps/place/%C3%89lagueur+Azur%C3%A9en/data=!4m7!3m6!1s0x12cdd4e67c0d1971:0x466f8cd925d31e47!8m2!3d43.61587!4d7.11671!16s%2Fg%2F11hckgh5zv!19sChIJcRkNfObUzRIRRx7TJdmMb0Y?authuser=0&hl=fr&rclk=1,,,,
024e75da-8a44-434b-9487-85d5fe4ea3d5,LJ Paysages & Clôtures,0767229425,ljpaysagesclotures@gmail.com,medium,,,,,Antibes,cloture,paysagiste,2,5.0,4,Jardinier,https://lj-paysages-cloture-group.com/,https://www.google.com/maps/place/LJ+Paysages+%26+Cl%C3%B4tures/data=!4m7!3m6!1s0xaf1f1eea42b8c0fd:0x8fb0f7ce648072c!8m2!3d43.6279448!4d7.0913326!16s%2Fg%2F11z0_dyhcq!19sChIJ_cC4QuoeH68RLAdI5nwP-wg?authuser=0&hl=fr&rclk=1,,,,
adc06aac-ebb5-4cca-94a8-e6c296a5cc1d,Les Bâtisseurs du Paysage,0493747113,contact@lesbatisseursdupaysage.fr,high,,,,,Antibes,paysagiste,paysagiste,2,5.0,22,Paysagiste,http://lesbatisseursdupaysage.fr/,https://www.google.com/maps/place/Les+B%C3%A2tisseurs+du+Paysage/data=!4m7!3m6!1s0x88ce791d99d6670b:0xc1f3e19d47a73e52!8m2!3d43.578615!4d7.1054904!16s%2Fg%2F11rkgc1zz8!19sChIJC2fWmR15zogRUj6nR53h88E?authuser=0&hl=fr&rclk=1,,,,
d450eef3-e97d-4e1f-9605-97b71bf284aa,Didier Jardins,0625089289,didier.jardins06@gmail.com,medium,,,,,Grasse,paysagiste,paysagiste,2,5.0,16,Jardinier,https://www.didierjardins.com/,https://www.google.com/maps/place/Didier+Jardins/data=!4m7!3m6!1s0x12cdd5b65fc9c545:0x28c039909fdb3a3!8m2!3d43.6716614!4d6.687449!16s%2Fg%2F11mvrnyg7q!19sChIJRcXJX7bVzRIRo7P9CZkDjAI?authuser=0&hl=fr&rclk=1,,,,
62f551cc-4bf6-4919-963a-7210fc5bb2e1,Le Domaine Du Paysage,0240044251,contact@ledomainedupaysage.fr,high,Pierrick Jean Raymond,Mace,PIERRICK JEAN RAYMOND MACE,siret_insee,Chateau-Thebaud,paysagiste,paysagiste,2,4.7,37,Paysagiste,https://ledomainedupaysage.fr/,https://www.google.com/maps/place/Le+Domaine+Du+Paysage/data=!4m7!3m6!1s0x4805c29932957597:0x4f30b34fb70e499!8m2!3d47.1011388!4d-1.4535119!16s%2Fg%2F1tkf0bgd!19sChIJl3WVMpnCBUgRmeRw-zQL8wQ?authuser=0&hl=fr&rclk=1,81.30Z,48333513900034,2005-07-06,12
50274d8e-4599-4a37-a3a4-d7100237bcb9,Laurend'eau Paysage,0601100089,laurend-eau-paysage@orange.fr,medium,,,,,Poitiers,paysagiste,paysagiste,1,5.0,3,Paysagiste,https://www.laurend-eau-paysage.com/,https://www.google.com/maps/place/Laurend%27eau+Paysage/data=!4m7!3m6!1s0x47fdb19f6157152f:0x355caede0f9dd5f3!8m2!3d46.6336677!4d0.5376731!16s%2Fg%2F1trxjn09!19sChIJLxVXYZ-x_UcR89WdD96uXDU?authuser=0&hl=fr&rclk=1,,,,
bd77c5a4-553a-4b96-bd69-f37a7beb8cc2,Grass Universe,0973890667,contact@grass-universe.com,high,,,,,Antibes,paysagiste,paysagiste,2,4.9,61,Paysagiste,https://grass-universe.com/,https://www.google.com/maps/place/Grass+Universe/data=!4m7!3m6!1s0xa8e27dbae949d07:0xbc5988e45edcab1e!8m2!3d43.6093738!4d7.0727747!16s%2Fg%2F11spqzqhr0!19sChIJB52UrtsnjgoRHqvcXuSIWbw?authuser=0&hl=fr&rclk=1,,,,
69eeace4-2a5b-4da5-a162-d26088fcf9cb,Elagueur 06 Élagage Camion Nacelle Abattage arbres Dessouchage Débroussaillage Entretien espaces verts Alpes-Maritimes Cannes,0761323161,davidstoll06600@gmail.com,medium,,,,,Cannes,paysagiste,paysagiste,2,5.0,28,Paysagiste,https://www.elagueur-06-artisan.fr/,https://www.google.com/maps/place/Elagueur+06+%C3%89lagage+Camion+Nacelle+Abattage+arbres+Dessouchage+D%C3%A9broussaillage+Entretien+espaces+verts+Alpes-Maritimes+Cannes/data=!4m7!3m6!1s0x12ce7f61def0735f:0x770b16b7728154e7!8m2!3d43.5528507!4d7.1292204!16s%2Fg%2F11mvyvc4lx!19sChIJX3Pw3mF_zhIR51SBcrcWC3c?authuser=0&hl=fr&rclk=1,,,,
ae52ba3d-f34f-48c7-8b82-0134064e7f3d,Lagrain Elagage,0665490588,lagrain.elagage06@gmail.com,medium,,,,,Antibes,paysagiste,paysagiste,2,5.0,7,Service d'élagage,https://lagrain-elagage-06.fr/,https://www.google.com/maps/place/Lagrain+Elagage/data=!4m7!3m6!1s0x12cdd54639b986fb:0x793835bd31d7d9fe!8m2!3d43.6139295!4d7.1068859!16s%2Fg%2F11xrsmp21r!19sChIJ-4a5OUbVzRIR_tnXMb01OHk?authuser=0&hl=fr&rclk=1,,,,
9fcfe675-2b98-413e-aa0e-5c2bcb1fd3fe,Les Arts Verts,0678738686,lesartsverts@hotmail.com,medium,,,,,Le Cannet,paysagiste,paysagiste,2,5.0,6,Paysagiste,https://lesartsverts6.wordpress.com/,https://www.google.com/maps/place/Les+Arts+Verts/data=!4m7!3m6!1s0x8e0f4211f439d8cd:0x27071f397d714403!8m2!3d43.5977669!4d7.0290981!16s%2Fg%2F11wnn3v2gt!19sChIJzdg59BFCD44RA0RxfTkfByc?authuser=0&hl=fr&rclk=1,,,,
04cf64f8-56fc-4563-8559-35b93bec6918,Vert Compagnie,0749542394,contact@vertcompagnie.com,high,,,,,Calais,paysagiste,paysagiste,2,5.0,9,Paysagiste,https://vertcompagnie.com/?utm_source=gmb,https://www.google.com/maps/place/Vert+Compagnie/data=!4m7!3m6!1s0x47dc4172c6f93931:0x64f5e853a00261a1!8m2!3d50.8853261!4d2.0127076!16s%2Fg%2F11w1q13j_f!19sChIJMTn5xnJB3EcRoWECoFPo9WQ?authuser=0&hl=fr&rclk=1,,,,
8dbb360f-4236-4857-aa83-2f90e5cc8a16,Mangiflore,0659277883,f.mangiaracina7967@yahoo.com,medium,Franck Jean Patrick,Mangiaracina,FRANCK JEAN PATRICK MANGIARACINA,siret_insee,Antibes,paysagiste,paysagiste,2,5.0,3,Jardinier,https://www.mangifloreantibes.fr/,https://www.google.com/maps/place/Mangiflore/data=!4m7!3m6!1s0x683f9afab698e4e9:0x884bb65c23c47e24!8m2!3d43.5932337!4d7.0889858!16s%2Fg%2F11x1xvfpcv!19sChIJ6eSYtvqaP2gRJH7EI1y2S4g?authuser=0&hl=fr&rclk=1,81.21Z,52164883200033,2010-04-15,NN
5d9a2f3f-cc09-406f-bcb7-8a0b10caeb93,HORUS Paysages - paysagiste concepteur DPLG - PACA,0680224810,contact@horuspaysages.com,low,Stanislas,Jung,Stanislas Jung,mentions_legales,Antibes,paysagiste,paysagiste,2,5.0,3,Architecte paysagiste,http://www.horuspaysages.fr/,https://www.google.com/maps/place/HORUS+Paysages+-+paysagiste+concepteur+DPLG+-+PACA/data=!4m7!3m6!1s0x12cdd5acafc60ab3:0x34ea96703296d32d!8m2!3d43.5785859!4d7.1055424!16s%2Fg%2F11pkkqv7dn!19sChIJswrGr6zVzRIRLdOWMnCW6jQ?authuser=0&hl=fr&rclk=1,,,,
6d7b4e35-46e8-47cd-b67e-b6fc31cce0fd,Rvs Jardins,0656705170,rvsjardins@gmail.com,medium,,,,,Le Cannet,paysagiste,paysagiste,2,5.0,19,Jardinier,https://www.rvsjardins.fr/,https://www.google.com/maps/place/Rvs+Jardins/data=!4m7!3m6!1s0x12ce832ae0ccec53:0x9c17e6e741cdb371!8m2!3d43.5708074!4d7.0169594!16s%2Fg%2F11g4jbk615!19sChIJU-zM4CqDzhIRcbPNQefmF5w?authuser=0&hl=fr&rclk=1,,,,
391bc635-ef5c-42d2-b8d0-9853293f1a45,Guilbert Paysage - Entretien d'espaces verts,0783668265,pierreguilbert98@gmail.com,medium,Pierre,Guilbert,PIERRE GUILBERT,siret_insee,Calais,paysagiste,paysagiste,2,5.0,9,Paysagiste,https://guilbert-paysage.fr/,https://www.google.com/maps/place/Guilbert+Paysage+-+Entretien+d%27espaces+verts/data=!4m7!3m6!1s0x84f9439471b5ed83:0x5a20bd3ffe632888!8m2!3d50.9206689!4d1.8912289!16s%2Fg%2F11ybtjvdqq!19sChIJg-21cZRD-YQRiChj_j-9IFo?authuser=0&hl=fr&rclk=1,81.21Z,98020191700013,2023-10-03,NN
baea67bb-c652-4a95-bb6f-03490cd7bf52,David Riviera Paysagiste Cannes,0672738604,entrepriseriviera0606@gmail.com,medium,Koda,Agency,Koda Agency,mentions_legales,Cannes,paysagiste,paysagiste,2,4.8,20,Paysagiste,https://innovriviera.fr/paysagiste-cannes/,https://www.google.com/maps/place/David+Riviera+Paysagiste+Cannes/data=!4m7!3m6!1s0x2caca5766860b307:0xeb274bac33d68faa!8m2!3d43.5646652!4d6.9879332!16s%2Fg%2F11mdtfkwf8!19sChIJB7NgaHalrCwRqo_WM6xLJ-s?authuser=0&hl=fr&rclk=1,,,,
9c275879-ab1f-4771-996b-7ab40eb34710,RJM PAYSAGE,0689578080,romain-lengagne@hotmail.fr,medium,,,,,Calais,paysagiste,paysagiste,2,5.0,45,Paysagiste,https://www.rjmpaysage.fr/,https://www.google.com/maps/place/RJM+PAYSAGE/data=!4m7!3m6!1s0x47dc396f32ac16b5:0x676151f4fc611dcd!8m2!3d50.8725143!4d1.7882474!16s%2Fg%2F11y8p8nlcy!19sChIJtRasMm853EcRzR1h_PRRYWc?authuser=0&hl=fr&rclk=1,,,,
aed6657b-595e-4674-be81-9aabfd51f6d8,Nuances de Provence,0744934983,jardin@nuancesdeprovence.com,high,Kevin Kelder,Kelder,KEVIN KELDER KELDER,siret_insee,Le Cannet,paysagiste,paysagiste,2,5.0,15,Paysagiste,https://www.nuancesdeprovence.com/,https://www.google.com/maps/place/Nuances+de+Provence/data=!4m7!3m6!1s0x6364e4a6c875d84b:0xa3ad488336ea6d23!8m2!3d43.5660224!4d7.0168741!16s%2Fg%2F11wf_33ptd!19sChIJS9h1yKbkZGMRI23qNoNIraM?authuser=0&hl=fr&rclk=1,81.30Z,93348254900013,2024-09-16,NN
d12cb122-9f5a-4cc7-9799-82e86db9029b,Sud Gazon Synthétique,0953545222,contact@sudgazon.com,high,Maxime Albert Serge,Saucles,MAXIME ALBERT SERGE SAUCLES,siret_insee,Mougins,paysagiste,paysagiste,2,4.9,247,Paysagiste,http://www.sudgazon.com/,https://www.google.com/maps/place/Sud+Gazon+Synth%C3%A9tique/data=!4m7!3m6!1s0x12ce83225eeaf619:0x74d1d5b77eb5b318!8m2!3d43.5787857!4d6.992103!16s%2Fg%2F11h5wqqcw0!19sChIJGfbqXiKDzhIRGLO1frfV0XQ?authuser=0&hl=fr&rclk=1,47.78C,83972960500049,2018-06-01,02
0b538307-d680-4ae2-a487-510ce2cd1dc0,"Élagage, Abattage & Taille de Haie Cannes - Élagueur Grimpeur Alpes Maritimes 06",0482292963,admin@cannes-elagage.fr,high,,,,,Cannes,paysagiste,paysagiste,2,5.0,7,Paysagiste,https://cannes-elagage.fr/,"https://www.google.com/maps/place/%C3%89lagage,+Abattage+%26+Taille+de+Haie+Cannes+-+%C3%89lagueur+Grimpeur+Alpes+Maritimes+06/data=!4m7!3m6!1s0x12ce81215c7d5407:0x380f6731e9956526!8m2!3d43.5591367!4d7.022552!16s%2Fg%2F11y_zwzz8j!19sChIJB1R9XCGBzhIRJmWV6TFnDzg?authuser=0&hl=fr&rclk=1",,,,
671655f0-729b-407b-bcea-7f04215f5f83,Junigreen,0640571545,b.etude@junigreen.fr,high,,Junigreen,JuniGreen,mentions_legales,Grasse,paysagiste,paysagiste,2,5.0,7,Paysagiste,https://www.junigreen.fr/contact/,https://www.google.com/maps/place/Junigreen/data=!4m7!3m6!1s0x12cc28ca459283ad:0x9937589bc90203ba!8m2!3d43.6533849!4d6.944355!16s%2Fg%2F11vk2rkp9z!19sChIJrYOSRcoozBIRugMCyZtYN5k?authuser=0&hl=fr&rclk=1,,,,
6057a5f7-3cba-43b0-99aa-98d28306f1ab,HAIKU PAYSAGES,0618501306,contact@haikupaysages.fr,high,,,,,Grasse,paysagiste,paysagiste,2,5.0,6,Paysagiste,http://www.haikupaysages.fr/,https://www.google.com/maps/place/HAIKU+PAYSAGES/data=!4m7!3m6!1s0x62da8c5520577c61:0xc51ad94f2f6c8463!8m2!3d43.6716614!4d6.687449!16s%2Fg%2F11rv5ffn36!19sChIJYXxXIFWM2mIRY4RsL0_ZGsU?authuser=0&hl=fr&rclk=1,,,,
7944e6d7-9fd0-4657-ad7f-0d0b71db73d3,BCD Jardin - Paysagiste Cannes - Le Cannet - Brisichella Damien,0632891790,contact@bcdjardin.com,high,Damien,Brisichella,Damien BRISICHELLA,mentions_legales,Le Cannet,paysagiste,paysagiste,2,5.0,4,Paysagiste,https://www.bcdjardin.com/,https://www.google.com/maps/place/BCD+Jardin+-+Paysagiste+Cannes+-+Le+Cannet+-+Brisichella+Damien/data=!4m7!3m6!1s0x12ce837fb6433797:0x27162132c482861a!8m2!3d43.5740895!4d7.0041525!16s%2Fg%2F11hz9r7hlp!19sChIJlzdDtn-DzhIRGoaCxDIhFic?authuser=0&hl=fr&rclk=1,,,,
cfa76ce3-7e6b-46ff-bd55-1805b5ec0d2a,Atelier Herve Meyer,0660982284,contact@hervemeyer.com,high,,,,,Le Cannet,paysagiste,paysagiste,2,5.0,3,Architecte paysagiste,http://www.hervemeyer.com/,https://www.google.com/maps/place/Atelier+Herve+Meyer/data=!4m7!3m6!1s0x12ce81f063bcfdff:0xfd76308f62326933!8m2!3d43.5763608!4d7.0214705!16s%2Fg%2F11b6dkjynz!19sChIJ__28Y_CBzhIRM2kyYo8wdv0?authuser=0&hl=fr&rclk=1,,,,
2ae39e90-71a5-4dd1-aa14-b7233d33c30e,Floridea,0631754776,contact@floridea.fr,low,,,,,Le Cannet,paysagiste,paysagiste,2,5.0,18,Paysagiste,http://lmpaysage.com/,https://www.google.com/maps/place/Floridea/data=!4m7!3m6!1s0x12cc2bf1c1325445:0xd7507a25f0f5e13b!8m2!3d43.5770791!4d7.0202544!16s%2Fg%2F11v3hc_zr5!19sChIJRVQywfErzBIRO-H18CV6UNc?authuser=0&hl=fr&rclk=1,,,,
3627766f-c90b-407f-8c62-a5041d3752b3,"Elagage, Abattage et espaces verts Le Cannet",0482298588,admin@elagagelecannet.fr,high,Nom,De L,Nom de l,mentions_legales,Le Cannet,paysagiste,paysagiste,2,5.0,10,Paysagiste,http://elagagelecannet.fr/,"https://www.google.com/maps/place/Elagage,+Abattage+et+espaces+verts+Le+Cannet/data=!4m7!3m6!1s0x6f72e6ef09a2fddd:0xef8692971c88977a!8m2!3d43.5734809!4d7.0118116!16s%2Fg%2F11kpzyy76p!19sChIJ3f2iCe_mcm8RepeIHJeShu8?authuser=0&hl=fr&rclk=1",,,,
3d44c00f-340f-4863-926b-b71939dd8e52,BIO SEV PASERO,0493482007,sevpasero.ic@gmail.com,medium,Isabelle,Chapuis,ISABELLE CHAPUIS,siret_insee,Cannes,paysagiste,paysagiste,2,4.6,5,Paysagiste,https://sevpasero.com/,https://www.google.com/maps/place/BIO+SEV+PASERO/data=!4m7!3m6!1s0x12ce82e6adacb7ff:0x866a7d6f0d914de0!8m2!3d43.5428853!4d6.9581042!16s%2Fg%2F1vlwtf_k!19sChIJ_7esreaCzhIR4E2RDW99aoY?authuser=0&hl=fr&rclk=1,81.30Z,42879502500025,1999-07-01,03
1b7efb5f-c4e1-4245-983e-479da5ab9111,Garden Parc SAS,0624866346,gardenparc@gmail.com,medium,Geoffrey Julien,Lanau,GEOFFREY JULIEN LANAU,siret_insee,Pegomas,paysagiste,paysagiste,2,5.0,15,Paysagiste,https://www.jardinier-paysagiste-cannes.com/garden-parc-contactez-nous,https://www.google.com/maps/place/Garden+Parc+SAS/data=!4m7!3m6!1s0x12cc28725cabffff:0x9299ef617d26ab6c!8m2!3d43.6031364!4d6.9299916!16s%2Fg%2F11y2cqfdxd!19sChIJ__-rXHIozBIRbKsmfWHvmZI?authuser=0&hl=fr&rclk=1,81.30Z,80928491200015,2015-01-01,02
3021fc6a-426d-4e25-b871-7daf60c1bd61,ARKÉDIA PAYSAGE | Colmar Agglomération,0389279260,contact@arkedia-paysage.fr,high,Franck,Favre,Franck Favre,mentions_legales,Colmar,paysagiste,paysagiste,2,5.0,9,Paysagiste,http://www.arkedia-paysage.fr/,https://www.google.com/maps/place/ARK%C3%89DIA+PAYSAGE+%7C+Colmar+Agglom%C3%A9ration/data=!4m7!3m6!1s0x47916544dbd45613:0x56dfc7e124fd9bbd!8m2!3d48.0863397!4d7.3033255!16s%2Fg%2F11lv1yx2c6!19sChIJE1bU20RlkUcRvZv9JOHH31Y?authuser=0&hl=fr&rclk=1,,91632045000072,,
e907af92-9163-4096-a648-49ec6df2946b,Micena jardin,0622802728,mickael@micena.fr,high,,,,,Le Cannet,paysagiste,paysagiste,2,5.0,10,Paysagiste,https://www.micena.fr/,https://www.google.com/maps/place/Micena+jardin/data=!4m7!3m6!1s0x12cc29f7d1e96ad9:0x39a4d033e956bcd2!8m2!3d43.5834389!4d6.9460966!16s%2Fg%2F11mprqycfb!19sChIJ2Wrp0fcpzBIR0rxW6TPQpDk?authuser=0&hl=fr&rclk=1,,,,
19bd45fe-618c-4982-8dc3-a5aa22c6ec80,YL Paysagiste,0698962208,yl.paysagiste68@gmail.com,medium,Yves Jean Edouard,Laventin,YVES JEAN EDOUARD LAVENTIN,siret_insee,Ingersheim,paysagiste,paysagiste,2,5.0,14,Paysagiste,https://ylpaysagiste.fr/,https://www.google.com/maps/place/YL+Paysagiste/data=!4m7!3m6!1s0x8504c58a55e86e3b:0x73c4859b451e7184!8m2!3d48.7947683!4d5.8086071!16s%2Fg%2F11ml557fwy!19sChIJO27oVYrFBIURhHEeRZuFxHM?authuser=0&hl=fr&rclk=1,81.21Z,98043798200013,2023-10-10,NN
1d68a06c-97e5-403e-92e5-487358c1d4d2,Victor Paysages,0642715153,victorpaysages@gmail.com,medium,,,,,Colmar,paysagiste,paysagiste,2,5.0,3,Paysagiste,https://www.victorpaysages.com/?utm_source=google&utm_medium=wix_google_business_profile&utm_campaign=17233618055658999482,https://www.google.com/maps/place/Victor+Paysages/data=!4m7!3m6!1s0x479165fecb6e81a9:0xaa3dc3ccc17024e8!8m2!3d48.0718401!4d7.2889764!16s%2Fg%2F11yl95g5x3!19sChIJqYFuy_5lkUcR6CRwwczDPao?authuser=0&hl=fr&rclk=1,,,,
037875be-91a1-40ef-8e37-11f19066cb51,Vert le jardin,0644251326,emmanuel.llaurado@gmail.com,medium,,,,,Colmar,paysagiste,paysagiste,2,4.8,16,Paysagiste,https://www.vert-le-jardin.fr/?utm_source=Google&utm_medium=My%20Business,https://www.google.com/maps/place/Vert+le+jardin/data=!4m7!3m6!1s0x479168ce8f0ef815:0xf89c1313a53486ad!8m2!3d48.098025!4d7.4373779!16s%2Fg%2F1q5gqy4l4!19sChIJFfgOj85okUcRrYY0pRMTnPg?authuser=0&hl=fr&rclk=1,,,,
51533703-ad03-49f9-9dc9-e12659d22d42,Art'Terra - Créateurs d'extérieurs,0607227048,contact@art-terra.alsace,high,Jan (johannes),Van Der Meijden,JAN (JOHANNES) VAN DER MEIJDEN (VAN DER MEIJDEN),siret_insee,Ribeauville,paysagiste,paysagiste,2,5.0,8,Paysagiste,https://www.art-terra.alsace/,https://www.google.com/maps/place/Art%27Terra+-+Cr%C3%A9ateurs+d%27ext%C3%A9rieurs/data=!4m7!3m6!1s0x47915d095c14394f:0xda14c693b59f8141!8m2!3d48.1901357!4d7.3659078!16s%2Fg%2F1tjth5tq!19sChIJTzkUXAldkUcRQYGftZPGFNo?authuser=0&hl=fr&rclk=1,43.12A,49457872700013,2007-03-01,02
bc3eb70d-da07-4752-be56-9c6516d4f00a,Auxine - Jardinerie Alternative,0374475615,contact@auxine-shop.fr,high,,,,,Colmar,paysagiste,paysagiste,2,4.7,114,Jardinerie,http://www.auxine-shop.fr/?utm_source=gmb,https://www.google.com/maps/place/Auxine+-+Jardinerie+Alternative/data=!4m7!3m6!1s0x4791667478f2eed7:0xeedf952d478dac90!8m2!3d48.1103827!4d7.3733922!16s%2Fg%2F11b7ftl8ws!19sChIJ1-7yeHRmkUcRkKyNRy2V3-4?authuser=0&hl=fr&rclk=1,,,,
384749ff-a93b-4f3e-ad3a-6f099450fb27,Dierstein et Fils,0389711231,paysage@dierstein-fils.fr,high,,,,,Colmar,paysagiste,paysagiste,2,4.9,8,Paysagiste,https://www.dierstein-fils.fr/?utm_source=gmb,https://www.google.com/maps/place/Dierstein+et+Fils/data=!4m7!3m6!1s0x479162eb8c600e23:0x185dac6124814f80!8m2!3d48.0382136!4d7.2030784!16s%2Fg%2F1vgw_nzn!19sChIJIw5gjOtikUcRgE-BJGGsXRg?authuser=0&hl=fr&rclk=1,,,,
b0cbc389-5bfb-4db4-9af0-48d43bb1fa2e,Kevin Duval Elagage,0668848021,kevinduval18@gmail.com,medium,Kevin,Duval,KEVIN DUVAL (DUVAL),siret_insee,Bourges,paysagiste,paysagiste,2,5.0,7,Paysagiste,https://www.elagage-duval-kevin.fr/,https://www.google.com/maps/place/Kevin+Duval+Elagage/data=!4m7!3m6!1s0x47fabd8d576e91b1:0x5d86d3115d3b71e7!8m2!3d47.1275193!4d2.4019054!16s%2Fg%2F11yrtxcbhl!19sChIJsZFuV429-kcR53E7XRHThl0?authuser=0&hl=fr&rclk=1,81.21Z,51525493600021,2009-09-17,NN
ee470e30-696a-4a1f-ba50-76142c098af8,Paysagiste pro 18 intervention rapide,0752445238,contact@paysagiste-18.fr,high,,,,,Bourges,paysagiste,paysagiste,2,4.9,29,Paysagiste,https://paysagiste-18.fr/,https://www.google.com/maps/place/Paysagiste+pro+18+intervention+rapide/data=!4m7!3m6!1s0x47fabf4715c87763:0xc3e242887526c346!8m2!3d47.124893!4d2.4018839!16s%2Fg%2F11mq31n9nn!19sChIJY3fIFUe_-kcRRsMmdYhC4sM?authuser=0&hl=fr&rclk=1,,,,
230600f5-817a-4e73-8590-fa1ec7ded3b8,Palin Espaces Verts,0248595466,accueil@palin-ev.fr,low,,,,,Bourges,paysagiste,paysagiste,2,4.7,123,Paysagiste,https://www.palinespacesverts.com/piscine-spa.php?utm_medium=referral&utm_source=gmb&utm_campaign=lnk-gmb,https://www.google.com/maps/place/Palin+Espaces+Verts/data=!4m7!3m6!1s0x47fa84bb3d4e3179:0x163418684dfc837f!8m2!3d46.9385259!4d2.5402152!16s%2Fg%2F1vqmhqrq!19sChIJeTFOPbuE-kcRf4P8TWgYNBY?authuser=0&hl=fr&rclk=1,,,,
4886a6ff-59f0-4bcf-b255-f5a40abf1ee4,Art'bre & Jardin Le Bars Patellis,0689122851,artbre.et.jardin@gmail.com,medium,,,,,La Seyne-sur-Mer,paysagiste,paysagiste,2,5.0,52,Service d'élagage,https://www.artbreetjardinlebarspatellis.fr/,https://www.google.com/maps/place/Art%27bre+%26+Jardin+Le+Bars+Patellis/data=!4m7!3m6!1s0x12c91d3c502e8b1b:0x587c15034b601a55!8m2!3d43.0776442!4d5.9010759!16s%2Fg%2F11mznflq3b!19sChIJG4suUDwdyRIRVRpgSwMVfFg?authuser=0&hl=fr&rclk=1,,,,
af4a8348-5749-4b9e-a520-2893feca85f5,EEV PACA EXPERT D'ESPACE VERT,0494484969,eev83@hotmail.com,medium,,,,mentions_legales,La Seyne-sur-Mer,paysagiste,paysagiste,2,5.0,7,Paysagiste,https://www.expertdespacevert.fr/,https://www.google.com/maps/place/EEV+PACA+EXPERT+D%27ESPACE+VERT/data=!4m7!3m6!1s0x4cd57b4ec8b3bb73:0xddca8b514cf41650!8m2!3d43.1067612!4d5.8665663!16s%2Fg%2F11y3zgt4d7!19sChIJc7uzyE571UwRUBb0TFGLyt0?authuser=0&hl=fr&rclk=1,,,,
8a7569c9-d7de-4076-9602-df8be7fa2354,Arbonaute,0616728123,contact@arbonaute.fr,high,Guy,Auguste,GUY AUGUSTE,siret_insee,La Seyne-Sur-Mer,paysagiste,paysagiste,2,4.7,13,Service d'élagage,https://www.arbonaute.fr/,https://www.google.com/maps/place/Arbonaute/data=!4m7!3m6!1s0x12c9049f70d0ad2f:0xa7cf2ab28511836!8m2!3d43.1042276!4d5.8768539!16s%2Fg%2F11b6dppmpn!19sChIJL63QcJ8EyRIRNhhRKKvyfAo?authuser=0&hl=fr&rclk=1,81.30Z,49266675500011,2006-10-16,NN
71b45761-5631-4710-842e-d722c129a142,ZERBINI Paysage,0494905422,contact@zerbinipaysage.com,low,Maxime,Zerbini,MAXIME ZERBINI,siret_insee,Le Beausset,paysagiste,paysagiste,2,4.7,34,Paysagiste,https://www.zerbinipaysage.fr/,https://www.google.com/maps/place/ZERBINI+Paysage/data=!4m7!3m6!1s0x12c908ccbb64cb95:0xab9a1a3b5b54c5fd!8m2!3d43.1253415!4d5.8335058!16s%2Fg%2F1tfjbr48!19sChIJlctku8wIyRIR_cVUWzsamqs?authuser=0&hl=fr&rclk=1,81.30Z,81198566200022,2015-06-05,11
378cd7ba-cccc-48f3-b600-5cb493423bff,Espaces Verts MultiServices,0672768490,mickaelfortin2@gmail.com,medium,,,,,Bourges,paysagiste,paysagiste,2,5.0,9,Jardinier,https://bourges-paysagiste.fr/,https://www.google.com/maps/place/Espaces+Verts+MultiServices/data=!4m7!3m6!1s0x47fac379309753b7:0x9fa4ebc2ece8967b!8m2!3d47.16587!4d2.227867!16s%2Fg%2F11r4q8xqrd!19sChIJt1OXMHnD-kcRe5bo7MLrpJ8?authuser=0&hl=fr&rclk=1,,,,
52dd7602-90bd-419c-81f5-2711aaa3ea66,Tarozzi Sébastien,0494943881,corinne.tarozzi@orange.fr,medium,,,,,La Seyne-sur-Mer,paysagiste,paysagiste,2,4.6,13,Paysagiste,https://www.sebastien-tarozzi.com/,https://www.google.com/maps/place/Tarozzi+S%C3%A9bastien/data=!4m7!3m6!1s0x12c90479f4c6c1cf:0x640f7e2f751e66b1!8m2!3d43.1074821!4d5.8473149!16s%2Fg%2F1v_sw673!19sChIJz8HG9HkEyRIRsWYedS9-D2Q?authuser=0&hl=fr&rclk=1,,,,
965353be-367d-40d2-8d5f-ddb7b796e796,Les Jardins de la Presqu'île,0622944439,nicolas.lesjardinsdelapresquile@gmail.com,medium,Nicolas Dany Robert,Cailleaux,NICOLAS DANY ROBERT CAILLEAUX,siret_insee,Saint-Mandrier-Sur-Mer,paysagiste,paysagiste,2,5.0,7,Paysagiste,https://www.lesjardinsdelapresquile.fr/,https://www.google.com/maps/place/Les+Jardins+de+la+Presqu%27%C3%AEle/data=!4m7!3m6!1s0x47f0f6b62b856eb5:0xff3eb7d5ed54003a!8m2!3d43.072699!4d5.909054!16s%2Fg%2F11wfwkfq83!19sChIJtW6FK7b28EcROgBU7dW3Pv8?authuser=0&hl=fr&rclk=1,81.30Z,93298022000010,2024-10-01,NN
957aa889-0fce-406b-9ce6-baf71d4a1583,Eco-Jardinier ️🌲 ️⭐️⭐️⭐️⭐️⭐️ ️ ️val d'Oise ️ devis gratuit ️,0172761761,rudycapello9595@gmail.com,medium,Rudy,Capello,RUDY CAPELLO (CAPELLO),siret_insee,Eragny-Sur-Oise,paysagiste,paysagiste,2,5.0,40,Jardinier,https://eco-jardinier.fr/,https://www.google.com/maps/place/Eco-Jardinier+%EF%B8%8F%F0%9F%8C%B2+%EF%B8%8F%E2%AD%90%EF%B8%8F%E2%AD%90%EF%B8%8F%E2%AD%90%EF%B8%8F%E2%AD%90%EF%B8%8F%E2%AD%90%EF%B8%8F+%EF%B8%8F+%EF%B8%8Fval+d%27Oise+%EF%B8%8F+devis+gratuit+%EF%B8%8F/data=!4m7!3m6!1s0x417bc8286366abf7:0x65f90fc73bba820!8m2!3d49.0488672!4d2.0329014!16s%2Fg%2F11sz5l15nw!19sChIJ96tmYyjIe0ERIKi7c_yQXwY?authuser=0&hl=fr&rclk=1,81.30Z,75097273900015,2012-04-12,NN
4dd9daf9-24ec-4757-ac87-dd1d847b7c88,LES JARDINISTES,0248263493,accueil@lesjardinistes.fr,low,Xavier Maurice Eugene,Lagneau,XAVIER MAURICE EUGENE LAGNEAU,siret_insee,Baugy,paysagiste,paysagiste,2,4.5,50,Paysagiste,https://www.jardinistes.com/,https://www.google.com/maps/place/LES+JARDINISTES/data=!4m7!3m6!1s0x47f0728e266afee5:0x5032815245892fe0!8m2!3d47.074945!4d2.72498!16s%2Fg%2F1tsjc_bk!19sChIJ5f5qJo5y8EcR4C-JRVKBMlA?authuser=0&hl=fr&rclk=1,64.30Z,91275017100015,2022-02-23,01
4681dcd3-11c0-408e-bc60-96ba2716984e,C & G Entretien espaces verts,0763476017,servicesespacesverts95@gmail.com,medium,,,,mentions_legales,Cergy,paysagiste,paysagiste,2,4.8,24,Jardinier,http://www.cg-entretien-espaces-verts.com/,https://www.google.com/maps/place/C+%26+G+Entretien+espaces+verts/data=!4m7!3m6!1s0x47e6f359a53feb61:0xf818366867a02976!8m2!3d49.0561793!4d2.0595033!16s%2Fg%2F11g9q46cjp!19sChIJYes_pVnz5kcRdimgZ2g2GPg?authuser=0&hl=fr&rclk=1,,,,
1f87ad66-5882-4bed-b198-63db8b26778b,123Jardinier.fr ♻️ espace vert paysagis clôture pelouse taille d'arbre taille de haie Devis gratuit ️,0624841983,capello.elagueur95@gmail.com,medium,Rudy,Capello,RUDY CAPELLO (CAPELLO),siret_insee,Eragny-Sur-Oise,cloture,paysagiste,2,5.0,65,Jardinier,https://123jardinier.fr/,https://www.google.com/maps/place/123Jardinier.fr+%E2%99%BB%EF%B8%8F+espace+vert+paysagis+cl%C3%B4ture+pelouse+taille+d%27arbre+taille+de+haie+Devis+gratuit+%EF%B8%8F/data=!4m7!3m6!1s0x47e68bb37ab9c59f:0xa7aa61d3a0e49950!8m2!3d49.0186947!4d2.090827!16s%2Fg%2F11qhx4rxq5!19sChIJn8W5erOL5kcRUJnkoNNhqqc?authuser=0&hl=fr&rclk=1,81.30Z,75097273900015,2012-04-12,NN
e5140ef1-70a0-4db4-a744-c67a312ab53c,Les jardins d'Alexandre,0618873317,contact@lesjardinsdalexandre.fr,high,Alexandre,Lucido,ALEXANDRE LUCIDO,siret_insee,La Seyne-Sur-Mer,paysagiste,paysagiste,2,5.0,21,Paysagiste,http://www.lesjardinsdalexandre.fr/,https://www.google.com/maps/place/Les+jardins+d%27Alexandre/data=!4m7!3m6!1s0x12c9032df4d365e9:0x573375ceccffd9f8!8m2!3d43.0717087!4d5.8745439!16s%2Fg%2F11khrhjhfm!19sChIJ6WXT9C0DyRIR-Nn_zM51M1c?authuser=0&hl=fr&rclk=1,81.30Z,94973825600013,2023-03-15,NN
0754984a-8043-47f3-98dc-dffc2013bf48,Jardin des copains,0626569239,contact@jardin-descopains.fr,high,,,,,La Seyne-sur-Mer,paysagiste,paysagiste,2,5.0,6,Paysagiste,https://jardin-descopains.fr/,https://www.google.com/maps/place/Jardin+des+copains/data=!4m7!3m6!1s0x47d3f12ab079c0c7:0xd7251bcb985a66ed!8m2!3d43.1007457!4d5.8251273!16s%2Fg%2F11zjhwlbj6!19sChIJx8B5sCrx00cR7WZamMsbJdc?authuser=0&hl=fr&rclk=1,,,,
960e0222-27ff-405c-ac65-e291e2019721,Aubert espace vert jardinier,0626677270,aubertteddy613@gmail.com,medium,,,,,Cergy,paysagiste,paysagiste,2,4.9,224,Jardinier,https://aubert-espace-vert-4.webnode.fr/,https://www.google.com/maps/place/Aubert+espace+vert+jardinier/data=!4m7!3m6!1s0x47e6f55d9ae13611:0x4a50dd6b921771ad!8m2!3d49.0488672!4d2.0329014!16s%2Fg%2F11rpd90lyf!19sChIJETbhml315kcRrXEXkmvdUEo?authuser=0&hl=fr&rclk=1,,,,
7399d88e-31cb-426d-bb72-a532a0e877c4,NICOLAS GOUJON ENTRETIEN,0610394485,nicolas.entretien@yahoo.com,medium,[non-Diffusible],[non-Diffusible],[NON-DIFFUSIBLE] [NON-DIFFUSIBLE],siret_insee,Cergy,paysagiste,paysagiste,2,4.6,10,Jardinier,http://www.nicolas-entretien.fr/,https://www.google.com/maps/place/NICOLAS+GOUJON+ENTRETIEN/data=!4m7!3m6!1s0x47e6f5470d9a93bf:0xbf2f6f9a5e195558!8m2!3d49.0594828!4d2.0658533!16s%2Fg%2F11lgx989yr!19sChIJv5OaDUf15kcRWFUZXppvL78?authuser=0&hl=fr&rclk=1,68.20A,83153227000012,2017-08-20,NN
f9c42f57-26d9-46e9-aa16-65e1a85c66f1,Bois Botanique Paysage,0130658505,contact@boisbotaniquepaysage.fr,high,Thomas,Martin,THOMAS MARTIN,siret_insee,Conflans-Sainte-Honorine,paysagiste,paysagiste,2,4.9,27,Paysagiste,https://boisbotaniquepaysage.fr/,https://www.google.com/maps/place/Bois+Botanique+Paysage/data=!4m7!3m6!1s0x47e6602146e7d0e7:0xbe60936fa8029607!8m2!3d48.9987177!4d2.0906286!16s%2Fg%2F11h40z8qb7!19sChIJ59DnRiFg5kcRB5YCqG-TYL4?authuser=0&hl=fr&rclk=1,81.30Z,81193916400034,2015-06-11,11
188721f5-ed31-4281-a809-60dffd8ac3b6,Willy entretien de Jardin,0626364503,willycapello95300@gmail.com,medium,,,,,Cergy,paysagiste,paysagiste,2,4.9,70,Paysagiste,https://willy-entretien-paysagiste.fr/,https://www.google.com/maps/place/Willy+entretien+de+Jardin/data=!4m7!3m6!1s0x47e6f57bb5b8d963:0x82c83245fd6dc9c3!8m2!3d49.0122432!4d2.0448474!16s%2Fg%2F11fk0z1f12!19sChIJY9m4tXv15kcRw8lt_UUyyII?authuser=0&hl=fr&rclk=1,,,,
b7927046-e031-4ac1-bf22-bc71505a3103,Provert Paysage SAS,0139973275,provert.paysage@wanadoo.fr,medium,Nicolas,Honore,NICOLAS HONORE,siret_insee,Argenteuil,paysagiste,paysagiste,1,4.6,19,Paysagiste,https://www.provert-paysage.fr/,https://www.google.com/maps/place/Provert+Paysage+SAS/data=!4m7!3m6!1s0x47e666a51949e39b:0x631c466a8ebdf2a!8m2!3d48.949074!4d2.208033!16s%2Fg%2F1tmg5w0n!19sChIJm-NJGaVm5kcRKt_rqGbEMQY?authuser=0&hl=fr&rclk=1,81.30Z,35279313700030,1990-01-01,NN
2347b54b-a88f-4709-bd7f-f3e2b431c2eb,Elagueur jardinier Cergy 95 Val d'Oise,0650390738,contact@elagage-95.com,high,Maolet,Tyson,Maolet Tyson,mentions_legales,Cergy,paysagiste,paysagiste,2,5.0,6,Service d'élagage,https://www.elagage-95.com/,https://www.google.com/maps/place/Elagueur+jardinier+Cergy+95+Val+d%27Oise/data=!4m7!3m6!1s0x4dbbf64f901b704d:0x5ddb9eadd85eabc6!8m2!3d48.8400235!4d2.0206509!16s%2Fg%2F11s9c2fks2!19sChIJTXAbkE_2u00Rxqte2K2e210?authuser=0&hl=fr&rclk=1,,,,
72cda009-b4d8-4aa8-ad14-1e304cc37678,Falck Paysagiste,0687543036,falck.elagage@gmail.com,medium,Artisan,Falck,Artisan Falck,mentions_legales,Rosny-sous-Bois,paysagiste,paysagiste,2,5.0,10,Service d'élagage,https://www.falck-paysagiste.fr/,https://www.google.com/maps/place/Falck+Paysagiste/data=!4m7!3m6!1s0x47e613e99569b5e3:0xc09010fbbefe2e97!8m2!3d48.8778426!4d2.502034!16s%2Fg%2F11mlc6zk5_!19sChIJ47VplekT5kcRly7-vvsQkMA?authuser=0&hl=fr&rclk=1,,,,
25fc0429-c182-4069-a60c-c3a0647a2d73,JSL JARDIN ÉLAGUEUR PAYSAGISTE,0603848927,contact@jsljardinconflans.fr,high,,,,,Cergy,paysagiste,paysagiste,2,4.6,13,Paysagiste,https://jsljardinconflans.fr/,https://www.google.com/maps/place/JSL+JARDIN+%C3%89LAGUEUR+PAYSAGISTE/data=!4m7!3m6!1s0x47e661ad5a960ff9:0x9983733dceed7baf!8m2!3d49.0117892!4d2.1244834!16s%2Fg%2F11p4kmxhg9!19sChIJ-Q-WWq1h5kcRr3vtzj1zg5k?authuser=0&hl=fr&rclk=1,,,,
ad685637-a5f5-40a7-b42b-4b4d65025315,"Les jardins d’Adel – Paysagiste, Jardinier & Élagage à Cergy",0159304456,elagage95@yahoo.fr,medium,,,,,Cergy,paysagiste,paysagiste,2,4.9,98,Paysagiste,https://adel-jardinier95.fr/jardinier-cergy/,"https://www.google.com/maps/place/Les+jardins+d%E2%80%99Adel+%E2%80%93+Paysagiste,+Jardinier+%26+%C3%89lagage+%C3%A0+Cergy/data=!4m7!3m6!1s0xa5c2b568ee9e73d:0x96db0155bdf2fc78!8m2!3d49.0400099!4d2.0629316!16s%2Fg%2F11rjf6fgyt!19sChIJPefpjlYrXAoRePzyvVUB25Y?authuser=0&hl=fr&rclk=1",,,,
e97f9fb7-f26a-4849-a53b-b469508f3d3e,Adel - Jardinier/Elagueur Osny,0159304735,elagage95@yahoo.fr,medium,,,,,Cergy,paysagiste,paysagiste,2,5.0,8,Jardinier,https://adel-jardinier95.fr/jardinier-osny/,https://www.google.com/maps/place/Adel+-+Jardinier%2FElagueur+Osny/data=!4m7!3m6!1s0x4b7cb6d3387300df:0x9b1eb24c2c7aa80c!8m2!3d49.070795!4d2.0747079!16s%2Fg%2F11yr97q24b!19sChIJ3wBzONO2fEsRDKh6LEyyHps?authuser=0&hl=fr&rclk=1,,,,
cee7d878-fea4-4b83-a392-fb7f9cdbe031,Jardins du Vexin,0134216080,contact@jardinsduvexin.fr,high,Jardins,Du Vexin,JARDINS DU VEXIN,mentions_legales,Cergy,paysagiste,paysagiste,2,4.5,15,Paysagiste,http://jardinsduvexin.fr/,https://www.google.com/maps/place/Jardins+du+Vexin/data=!4m7!3m6!1s0x47e65e535ea77ccb:0xd66fc2f6f4677c08!8m2!3d49.059343!4d2.170861!16s%2Fg%2F1td0s5d0!19sChIJy3ynXlNe5kcRCHxn9PbCb9Y?authuser=0&hl=fr&rclk=1,,,,
bab1bbea-b500-4185-a76b-1187ea177167,Entreprises F.Vermeersch,0749816248,franckyvermeersch09@gmail.com,medium,,,,,Bourges,paysagiste,paysagiste,2,4.9,54,Service d'élagage,http://www.f-vermeersch.fr/,https://www.google.com/maps/place/Entreprises+F.Vermeersch/data=!4m7!3m6!1s0x2b7962da61f19c5d:0xfb3fb1d157cf13db!8m2!3d47.113504!4d2.4205009!16s%2Fg%2F11y3xhnb8j!19sChIJXZzxYdpieSsR2xPPV9GxP_s?authuser=0&hl=fr&rclk=1,,,,
a5815777-7710-4a77-a2af-6c1681ec25ea,Mayer E.M.P paysagiste,0609184190,contact@deepskyblue-cattle-847171.hostingersite.com,low,,,,,Rouen,paysagiste,paysagiste,2,4.9,18,Paysagiste,http://elagagepaysagiste-mayer.com/,https://www.google.com/maps/place/Mayer+E.M.P+paysagiste/data=!4m7!3m6!1s0x65fc2b3e58d0b011:0x3d27e18e11965164!8m2!3d49.3947596!4d1.0703586!16s%2Fg%2F11rxkhwgqh!19sChIJEbDQWD4r_GURZFGWEY7hJz0?authuser=0&hl=fr&rclk=1,,,,
d749afc0-0a7a-4ccd-ae6b-fad0f387c7d7,Land'Act,0141118011,contact@land-act.fr,high,,,,,Clichy,paysagiste,paysagiste,2,4.7,9,Architecte paysagiste,http://www.land-act.fr/,https://www.google.com/maps/place/Land%27Act/data=!4m7!3m6!1s0x47e671d8eaef9d15:0x72f09d0de033798c!8m2!3d48.8993056!4d2.312455!16s%2Fg%2F11bw5t5yrx!19sChIJFZ3v6thx5kcRjHkz4A2d8HI?authuser=0&hl=fr&rclk=1,,,,
77ba3c05-4b7b-47a3-8957-d85bc94e6d50,CERDP Création Entretien Renouveau du Paysage,0130302361,contact@cerdp95.fr,high,Benjamin,Verbrugghe,BENJAMIN VERBRUGGHE (VERBRUGGHE),siret_insee,Ennery,paysagiste,paysagiste,2,4.8,9,Paysagiste,http://www.cerdp95.fr/,https://www.google.com/maps/place/CERDP+Cr%C3%A9ation+Entretien+Renouveau+du+Paysage/data=!4m7!3m6!1s0x47e6f5f29877fd8b:0xd95de296fff384ae!8m2!3d49.0844579!4d2.1037581!16s%2Fg%2F11btm8w8fm!19sChIJi_13mPL15kcRroTz_5biXdk?authuser=0&hl=fr&rclk=1,81.30Z,38970581500014,1993-01-01,12
6fd3f59e-2f1e-49d0-8ab5-c01a76e32801,GardenGarden,0141059900,contact@gardengarden.fr,low,Baptiste,Pitou,BAPTISTE PITOU,siret_insee,Clichy,paysagiste,paysagiste,2,4.7,134,Jardinerie,http://garden.vivezclichy.fr/,https://www.google.com/maps/place/GardenGarden/data=!4m7!3m6!1s0x47e66f572f34fc87:0x2243ddcb498ad5e1!8m2!3d48.9091106!4d2.3154055!16s%2Fg%2F11m9xdnzsm!19sChIJh_w0L1dv5kcR4dWKScvdQyI?authuser=0&hl=fr&rclk=1,47.76Z,41885824700087,1998-05-01,02
b0b38dce-df61-4315-87a7-c1220d4365f6,Boucherat Julien,0674026416,paysagiste.boucherat@outlook.fr,medium,Julien Maurice Jacky,Boucherat,JULIEN MAURICE JACKY BOUCHERAT (BOUCHERAT),siret_insee,Clerey,paysagiste,paysagiste,1,4.6,10,Paysagiste,http://www.paysagiste-boucherat.fr/,https://www.google.com/maps/place/Boucherat+Julien/data=!4m7!3m6!1s0x47ee99fcdf6d997d:0xd4e7cc6117cd4d27!8m2!3d48.2923648!4d4.0763056!16s%2Fg%2F11h9p85p7l!19sChIJfZlt3_yZ7kcRJ03NF2HM59Q?authuser=0&hl=fr&rclk=1,81.30Z,83322674900020,2017-10-23,02
85ccac56-3eba-4534-8a39-5b540c1b7bdf,"Grana Gram - parcs, jardins, terrasses",0612978772,contact@granagram.fr,high,,,,,Évry-Courcouronnes,paysagiste,paysagiste,1,5.0,10,Paysagiste,http://www.granagram.fr/,"https://www.google.com/maps/place/Grana+Gram+-+parcs,+jardins,+terrasses/data=!4m7!3m6!1s0x47e66fd0ab7f340f:0x7ecc7e7644f8f0fc!8m2!3d48.6586532!4d2.4750797!16s%2Fg%2F11qqks1rs5!19sChIJDzR_q9Bv5kcR_PD4RHZ-zH4?authuser=0&hl=fr&rclk=1",,,,
e9e666c0-5184-410c-bd8d-0523769aca6f,Jardi'Aube,0667094155,contact@jardiaube.fr,high,Cyril,Shalaby,CYRIL SHALABY,siret_insee,Paris,paysagiste,paysagiste,1,4.9,39,Paysagiste,https://jardiaube.fr/,https://www.google.com/maps/place/Jardi%27Aube/data=!4m7!3m6!1s0x47eebdbe6d6408dd:0x698d589cf10d1dfe!8m2!3d48.337219!4d4.03267!16s%2Fg%2F11mklygzbq!19sChIJ3Qhkbb697kcR_h0N8ZxYjWk?authuser=0&hl=fr&rclk=1,62.01Z,89533207000021,2021-03-18,NN
7b927142-6404-486f-b85c-1671221f31e5,La Main Verte,0676720994,lamainverte09@gmail.com,medium,,,,,Troyes,paysagiste,paysagiste,1,4.8,76,Paysagiste,http://www.paysagiste-lamainverte.fr/?utm_source=gmb,https://www.google.com/maps/place/La+Main+Verte/data=!4m7!3m6!1s0x47eff7aa724bbda5:0x9a9618a523e99770!8m2!3d48.4212085!4d3.9024898!16s%2Fg%2F11fppf2l4v!19sChIJpb1Lcqr370cRcJfpI6UYlpo?authuser=0&hl=fr&rclk=1,,,,
f2be9e00-ad40-4048-82ca-5e5488654326,Les Jardins de Babo - Paysagiste,0609094329,lesjardinsdebabo@hotmail.fr,medium,Marija,Vicovac Serveur,Marija Vicovac Serveur,mentions_legales,Rosny-sous-Bois,paysagiste,paysagiste,2,5.0,7,Paysagiste,https://lesjardinsdebabo.fr/,https://www.google.com/maps/place/Les+Jardins+de+Babo+-+Paysagiste/data=!4m7!3m6!1s0x2555df317101b31d:0xa79ea6dbf14b774e!8m2!3d48.8847325!4d2.5326854!16s%2Fg%2F11stxltdr_!19sChIJHbMBcTHfVSURTndL8dumnqc?authuser=0&hl=fr&rclk=1,,,,
01f7d623-2eb9-4eb2-99b1-7b6a6c1774ca,Florian Paysage,0767032387,contact@florianpaysage.fr,high,,,,,Rosny-sous-Bois,paysagiste,paysagiste,2,5.0,3,Paysagiste,https://florianpaysage.fr/,https://www.google.com/maps/place/Florian+Paysage/data=!4m7!3m6!1s0x8f0aebd812579c51:0xdef67c64530e7995!8m2!3d48.8591427!4d2.4920155!16s%2Fg%2F11vwm803jp!19sChIJUZxXEtjrCo8RlXkOU2R89t4?authuser=0&hl=fr&rclk=1,,,,
c0155d3b-139b-492b-bc3e-be5b56fdc2f5,Paysagiste Troyes A L'Orée du Paysage Truchy Christian,0325420382,aloreedupaysage@gmail.com,medium,,,,,Troyes,paysagiste,paysagiste,1,4.7,36,Paysagiste,https://www.aloreedupaysage.fr/,https://www.google.com/maps/place/Paysagiste+Troyes+A+L%27Or%C3%A9e+du+Paysage+Truchy+Christian/data=!4m7!3m6!1s0x47ee8bfe62466e8f:0x30079deb30928567!8m2!3d48.0945611!4d3.9043065!16s%2Fg%2F1tfjq0qy!19sChIJj25GYv6L7kcRZ4WSMOudBzA?authuser=0&hl=fr&rclk=1,,,,
1699cc4b-40d3-4869-8e3a-4f06a6669238,R'Garden,0768288059,rgarden.paysage@gmail.com,medium,Nom,De L,Nom de l,mentions_legales,Troyes,paysagiste,paysagiste,1,5.0,129,Paysagiste,https://rgarden.fr/,https://www.google.com/maps/place/R%27Garden/data=!4m7!3m6!1s0x8b24b14d70cb6b9:0xc4c00db1e8393f38!8m2!3d48.4122247!4d3.9495126!16s%2Fg%2F11t529pr7r!19sChIJubYM1xRLsggROD856LENwMQ?authuser=0&hl=fr&rclk=1,,,,
418de7d7-cd3a-444c-8052-fa967937ebc0,HAUTEUR & NATURE,0675992215,hauteur.nature@gmail.com,medium,David,Pereira,David Pereira,mentions_legales,Troyes,paysagiste,paysagiste,1,5.0,35,Paysagiste,http://hauteur-et-nature.fr/,https://www.google.com/maps/place/HAUTEUR+%26+NATURE/data=!4m7!3m6!1s0x2b2a3d7fb2f6db53:0xb61e7a060542d38!8m2!3d48.2697099!4d4.0966366!16s%2Fg%2F11x2xm6qgt!19sChIJU9v2sn89KisROC1UYKDnYQs?authuser=0&hl=fr&rclk=1,,,,
471b89bf-dbba-4c2d-97f6-d4068ad44de6,Jardin Cousu Main,0667630839,jardincousumain@gmail.com,medium,,,,,Troyes,paysagiste,paysagiste,1,4.9,138,Paysagiste,https://www.jardincousumainpro.fr/,https://www.google.com/maps/place/Jardin+Cousu+Main/data=!4m7!3m6!1s0x47ee97904ab00861:0x528360510223426b!8m2!3d48.2561465!4d3.9784025!16s%2Fg%2F11lk23zrr8!19sChIJYQiwSpCX7kcRa0IjAlFgg1I?authuser=0&hl=fr&rclk=1,,,,
1ce65152-a5ac-47ae-8367-f844f9d9ab23,Nature paysage,0675898930,maudier.paysage@gmail.com,medium,,,,,Troyes,paysagiste,paysagiste,1,5.0,6,Paysagiste,https://www.maudierpaysage.fr/,https://www.google.com/maps/place/Nature+paysage/data=!4m7!3m6!1s0x28a584a8f4ef677b:0xc1609bdb83aab271!8m2!3d48.2314484!4d3.8993894!16s%2Fg%2F11vww_p1rm!19sChIJe2fv9KiEpSgRcbKqg9ubYME?authuser=0&hl=fr&rclk=1,,,,
8ef5ecb2-6f63-4510-954f-dc50e2a76ae6,Zen Chez Moi,0130320311,contact@zenchezmoi.fr,high,Laurent,Allard,LAURENT ALLARD (ALLARD),siret_insee,Roubaix,paysagiste,paysagiste,2,4.9,12,Jardinerie,http://www.zenchezmoi.fr/,https://www.google.com/maps/place/Zen+Chez+Moi/data=!4m7!3m6!1s0x47e6f4fc6119437d:0xaa42e336d957e4f0!8m2!3d49.0254504!4d2.0414067!16s%2Fg%2F1tf707q5!19sChIJfUMZYfz05kcR8ORX2TbjQqo?authuser=0&hl=fr&rclk=1,63.11Z,42476141900045,1999-10-15,42
63d84e2f-bd4a-4498-a65e-45ddb7ce1547,Métamorphose,0664215123,metamorphose-sarl@wanadoo.fr,medium,,,,,Troyes,paysagiste,paysagiste,1,5.0,4,Architecte paysagiste,https://www.metamorphose-paysage.fr/,https://www.google.com/maps/place/M%C3%A9tamorphose/data=!4m7!3m6!1s0x47ee993fb79bcd75:0xd0c7e9ea4822a4eb!8m2!3d48.2682506!4d4.0936876!16s%2Fg%2F11hd6nb0nh!19sChIJdc2btz-Z7kcR66QiSOrpx9A?authuser=0&hl=fr&rclk=1,,,,
a3e562d5-7a81-445e-9b2d-e78de6f57ebb,Saint Germain Paysage - Paysagiste 77,0188338446,infos@sgpaysage.com,low,,,,,Pontault-Combault,paysagiste,paysagiste,2,4.4,103,Paysagiste,https://saint-germain-paysage.com/,https://www.google.com/maps/place/Saint+Germain+Paysage+-+Paysagiste+77/data=!4m7!3m6!1s0x47e61acb27a77a99:0xed80d18ae4130234!8m2!3d48.8501966!4d2.6639124!16s%2Fg%2F1tfr9h5x!19sChIJmXqnJ8sa5kcRNAIT5IrRgO0?authuser=0&hl=fr&rclk=1,,,,
d05ec0de-a388-4c82-abca-665f235c34a3,Aty Jardin,0633237360,atyjardin@gmail.com,medium,Guillaume Jean-Francois Henri,Evano,GUILLAUME JEAN-FRANCOIS HENRI EVANO,siret_insee,Plouay,paysagiste,paysagiste,2,4.9,35,Paysagiste,https://atyjardin.fr/,https://www.google.com/maps/place/Aty+Jardin/data=!4m7!3m6!1s0x48105164fb0a7131:0xe8e33e508eaeee75!8m2!3d47.9165429!4d-3.3565316!16s%2Fg%2F11plhnnd45!19sChIJMXEK-2RREEgRde6ujlA-4-g?authuser=0&hl=fr&rclk=1,81.30Z,90788513100017,2022-01-02,01
e38494ee-33a5-4b97-bd67-0d154cab16ce,SARL MARGHELLA - MARGHELLA PAYSAGE,0650797186,contact@marghella-paysage.fr,high,,,,,Chambéry,paysagiste,paysagiste,2,5.0,33,Paysagiste,https://marghella-paysage.fr/,https://www.google.com/maps/place/SARL+MARGHELLA+-+MARGHELLA+PAYSAGE/data=!4m7!3m6!1s0x8c1d3c78863ddddd:0xd58bb457e1d21ed3!8m2!3d45.5766754!4d5.9613441!16s%2Fg%2F11w4394v14!19sChIJ3d09hng8HYwR0x7S4Ve0i9U?authuser=0&hl=fr&rclk=1,,,,
54c986f2-595c-4146-8cc8-eedb18e3d838,Dupérier Paysages,0676446221,duperier.paysages@gmail.com,medium,,,,,Chambéry,paysagiste,paysagiste,2,5.0,27,Paysagiste,http://www.duperier-paysages.fr/,https://www.google.com/maps/place/Dup%C3%A9rier+Paysages/data=!4m7!3m6!1s0x478baf8b1cea7757:0xcfaa72d4d553a8fe!8m2!3d45.5585049!4d5.9657631!16s%2Fg%2F11k9k22xtr!19sChIJV3fqHIuvi0cR_qhT1dRyqs8?authuser=0&hl=fr&rclk=1,,,,
632505a2-dd4c-4255-925e-96dc041093bb,AM Espace Vert,0783385786,renovmaison1@outlook.fr,medium,Espace Vert,Am,AM Espace Vert,mentions_legales,Chambéry,paysagiste,paysagiste,2,4.8,5,Service d'élagage,https://www.am-espace-vert.fr/,https://www.google.com/maps/place/AM+Espace+Vert/data=!4m7!3m6!1s0x478ba9e30c3cd2eb:0xfcd395dbb7b0febc!8m2!3d45.5759707!4d5.9212506!16s%2Fg%2F11ysxdbg4g!19sChIJ69I8DOOpi0cRvP6wt9uV0_w?authuser=0&hl=fr&rclk=1,,,,
22b65539-901b-4490-b87d-104360e95137,Aube Paysage Elagage - Paysagiste et Jardinier à Troyes,0677473529,aubepaysageelagage@sfr.fr,medium,,,,,Troyes,paysagiste,paysagiste,1,5.0,8,Paysagiste,https://aube-paysage-elagage-troyes.fr/,https://www.google.com/maps/place/Aube+Paysage+Elagage+-+Paysagiste+et+Jardinier+%C3%A0+Troyes/data=!4m7!3m6!1s0x47eea55dcc566151:0xc55b1bb75fdcc7d0!8m2!3d48.4504136!4d4.1259218!16s%2Fg%2F11j8hzbcf6!19sChIJUWFWzF2l7kcR0MfcX7cbW8U?authuser=0&hl=fr&rclk=1,,,,
adeb09c3-883d-4143-af67-69d8c7c310c6,Un vélo dans le jardin,0744731726,unvelodanslejardin@gmail.com,medium,,,,,Lorient,paysagiste,paysagiste,2,5.0,16,Jardinier,https://www.unvelodanslejardin.com/,https://www.google.com/maps/place/Un+v%C3%A9lo+dans+le+jardin/data=!4m7!3m6!1s0x48105f3cb626fc87:0xfb9aab348345f382!8m2!3d47.7625665!4d-3.3545218!16s%2Fg%2F11lz7jh320!19sChIJh_wmtjxfEEgRgvNFgzSrmvs?authuser=0&hl=fr&rclk=1,,,,
921e262f-80da-40db-9ca8-527411af5438,Monsieur Karl Elagage,0603191821,christopherkarl72@gmail.com,medium,Karl,Elagage,Karl Elagage,mentions_legales,Chambéry,paysagiste,paysagiste,2,5.0,7,Service d'élagage,https://www.elagage-savoie.fr/,https://www.google.com/maps/place/Monsieur+Karl+Elagage/data=!4m7!3m6!1s0x478ba9c3b53954e1:0xb019022a05690736!8m2!3d45.5883228!4d5.9075341!16s%2Fg%2F11vyr_2k_k!19sChIJ4VQ5tcOpi0cRNgdpBSoCGbA?authuser=0&hl=fr&rclk=1,,,,
55be7741-bc23-4ab7-bfb0-45ae05da190e,Dallau services,0451580480,jesson.titi@gmail.com,medium,Jason,Dallau,Jason DALLAU,mentions_legales,Chambéry,paysagiste,paysagiste,2,5.0,42,Paysagiste,https://www.dallau-services.fr/,https://www.google.com/maps/place/Dallau+services/data=!4m7!3m6!1s0x8d95b2742de4f567:0x918a543a47420833!8m2!3d45.5770618!4d5.9583186!16s%2Fg%2F11l5cy6cbh!19sChIJZ_XkLXSylY0RMwhCRzpUipE?authuser=0&hl=fr&rclk=1,,,,
08980c4d-209a-421c-8e46-ed1af71133db,"M. Service, espace vert",0788173165,contact@mservices-espacesverts.fr,low,David,Debelfort,DEBELFORT David,mentions_legales,Chambéry,paysagiste,paysagiste,2,5.0,3,Paysagiste,https://73-elagage.fr/,"https://www.google.com/maps/place/M.+Service,+espace+vert/data=!4m7!3m6!1s0x478b07c64f637b59:0xa9824d4c8c7d5144!8m2!3d45.5871397!4d5.9066696!16s%2Fg%2F11xlzbb0x1!19sChIJWXtjT8YHi0cRRFF9jExNgqk?authuser=0&hl=fr&rclk=1",,,,
39322f81-0a44-4468-99f0-a3e7df528716,L'Arboriste élagage 95,0615226311,contact@paysagiste-elagueur-95.fr,high,Laurent,Allard,LAURENT ALLARD (ALLARD),siret_insee,Roubaix,paysagiste,paysagiste,1,4.9,61,Service d'élagage,https://www.paysagiste-elagueur-95.fr/,https://www.google.com/maps/place/L%27Arboriste+%C3%A9lagage+95/data=!4m7!3m6!1s0x63f3b60d18b161cf:0x4b9e2b1737b8035c!8m2!3d49.008884!4d2.3743627!16s%2Fg%2F11l2q50t39!19sChIJz2GxGA2282MRXAO4Nxcrnks?authuser=0&hl=fr&rclk=1,63.11Z,42476141900045,1999-10-15,42
473345c8-3572-4e69-b834-1c87f6107133,Canopée Jardin,0647005207,canopeejardin@gmail.com,medium,,,,,Chambéry,paysagiste,paysagiste,2,5.0,11,Service d'élagage,https://www.canopeejardin.com/,https://www.google.com/maps/place/Canop%C3%A9e+Jardin/data=!4m7!3m6!1s0x478ba8763e6e5baf:0x188ea7f0a6d49853!8m2!3d45.615126!4d5.9243269!16s%2Fg%2F11c493hz8y!19sChIJr1tuPnaoi0cRU5jUpvCnjhg?authuser=0&hl=fr&rclk=1,,,,
a3d2b914-e437-45bc-ac23-ef50ba6f8104,Delaunay Elagage,0698881705,delaunay.elagage@orange.fr,medium,,Delaunay,Delaunay,mentions_legales,Lorient,paysagiste,paysagiste,2,5.0,20,Service d'élagage,http://delaunay-elagage.fr/,https://www.google.com/maps/place/Delaunay+Elagage/data=!4m7!3m6!1s0x48105fa64ba94605:0x501aad37bf936163!8m2!3d47.750478!4d-3.384037!16s%2Fg%2F1td9vj6d!19sChIJBUapS6ZfEEgRY2GTvzetGlA?authuser=0&hl=fr&rclk=1,,,,
a964bfb0-dc53-4b4e-9a7b-6a7f06845ab1,Jardins des hérissons,0744734073,contact@jardins-des-herissons.fr,high,Alexandre Jacques Sebastien,Liardot,ALEXANDRE JACQUES SEBASTIEN LIARDOT,siret_insee,La Motte-Servolex,paysagiste,paysagiste,2,4.5,6,Jardinier,https://www.jardins-des-herissons.fr/,https://www.google.com/maps/place/Jardins+des+h%C3%A9rissons/data=!4m7!3m6!1s0xa07a0b70b44bb01b:0xb5ca5265dd667aa6!8m2!3d45.6037381!4d5.8540334!16s%2Fg%2F11ym_yg8hm!19sChIJG7BLtHALeqARpnpm3WVSyrU?authuser=0&hl=fr&rclk=1,81.30Z,99112320900017,2025-09-04,NN
cf339929-dcc6-4a9c-95da-8726f2156253,LES ESPACES VERTS DE CYRIL,0768642785,sala.cyril.pro@gmail.com,medium,,,,,Chambéry,paysagiste,paysagiste,2,5.0,14,Paysagiste,https://les-espaces-verts-de-cyril.fr/,https://www.google.com/maps/place/LES+ESPACES+VERTS+DE+CYRIL/data=!4m7!3m6!1s0xa6685d55e10717cb:0x97735ba4068143df!8m2!3d45.5277442!4d5.9510695!16s%2Fg%2F11sb31jdkm!19sChIJyxcH4VVdaKYR30OBBqRbc5c?authuser=0&hl=fr&rclk=1,,,,
db4bcac2-7dbb-4c3e-807c-b422b33d446a,Carret Services Jardin,0325401269,carretservicesjardin@gmail.com,medium,,,,,Troyes,paysagiste,paysagiste,1,4.8,14,Paysagiste,https://www.carret-paysagistes.fr/services-a-la-personne/,https://www.google.com/maps/place/Carret+Services+Jardin/data=!4m7!3m6!1s0x47eea0e9d8aa3ca1:0x9dd4c19cddf28735!8m2!3d48.3827052!4d4.1933605!16s%2Fg%2F1vg4j3q3!19sChIJoTyq2Omg7kcRNYfy3ZzB1J0?authuser=0&hl=fr&rclk=1,,,,
94a5425b-94c6-458e-928a-a5eb3801db16,Green Garden Gazon Synthétique,0686601802,info73@gardengrass.fr,low,,,,,Chambéry,paysagiste,paysagiste,2,5.0,6,Paysagiste,https://gardengrassrhonealpes.fr/,https://www.google.com/maps/place/Green+Garden+Gazon+Synth%C3%A9tique/data=!4m7!3m6!1s0x478ba9c907d61cf3:0xdebbd1b63e2429e7!8m2!3d45.5729999!4d5.9144848!16s%2Fg%2F11mf_60gjk!19sChIJ8xzWB8mpi0cR5ykkPrbRu94?authuser=0&hl=fr&rclk=1,,,,
9809c9ad-d86f-445f-b162-dd670bbe7cbd,Elagage Windrestein,0622143422,contact@elagage95.fr,high,Laurent,Allard,LAURENT ALLARD (ALLARD),siret_insee,Roubaix,paysagiste,paysagiste,2,5.0,5,Service d'élagage,http://www.elagage95.fr/,https://www.google.com/maps/place/Elagage+Windrestein/data=!4m7!3m6!1s0x47e669de3e677449:0x5200ca8f668cf587!8m2!3d49.0100743!4d2.3740021!16s%2Fg%2F11j6fycyp_!19sChIJSXRnPt5p5kcRh_WMZo_KAFI?authuser=0&hl=fr&rclk=1,63.11Z,42476141900045,1999-10-15,42
91aaac0d-c8f5-4928-97a3-217c567102e3,JZ. Élagage - Élagueur val d'Oise,0770895635,elagagebucheron28@gmail.com,medium,,,,,Évry-Courcouronnes,paysagiste,paysagiste,1,5.0,40,Service d'élagage,https://www.jz-elagage.com/,https://www.google.com/maps/place/JZ.+%C3%89lagage+-+%C3%89lagueur+val+d%27Oise/data=!4m7!3m6!1s0x1530ceaaa1c47af:0x4e0a3b874247dcc5!8m2!3d48.6807824!4d2.5026636!16s%2Fg%2F11yqdj_b1_!19sChIJr0ccquoMUwERxdxHQoc7Ck4?authuser=0&hl=fr&rclk=1,,,,
ead6584f-70b1-4ab0-a3a5-8c0f065eb766,Acanthe Paysage,0668558280,acanthe-paysage@wanadoo.fr,medium,,,,,Ivry-sur-Seine,paysagiste,paysagiste,2,4.8,25,Paysagiste,https://www.paysagisteparis.fr/,https://www.google.com/maps/place/Acanthe+Paysage/data=!4m7!3m6!1s0x47e671881e65fd3d:0xc3f3c3cb2e94c7b9!8m2!3d48.826563!4d2.3645303!16s%2Fg%2F1ths8n_t!19sChIJPf1lHohx5kcRuceULsvD88M?authuser=0&hl=fr&rclk=1,,,,
d4429deb-18c2-466b-a3d6-1c1e2a464566,Au hasard d'un jardin,0612723396,hasardjardin@sfr.fr,medium,,,,,Épinay-sur-Seine,paysagiste,paysagiste,0,4.5,8,Paysagiste,https://www.auhasardunjardin.fr/?utm_medium=referral&utm_source=gmb&utm_campaign=lnk-gmb,https://www.google.com/maps/place/Au+hasard+d%27un+jardin/data=!4m7!3m6!1s0x47e66841521abc5d:0xabe590cb7d39fdf8!8m2!3d48.9933336!4d2.3158858!16s%2Fg%2F1tdcqv20!19sChIJXbwaUkFo5kcR-P05fcuQ5as?authuser=0&hl=fr&rclk=1,,,,
1a35c6a8-71e5-4e09-94a4-f1db207a99ff,Apex Paysage,0146620468,65contact@apexpaysage.fr,low,Eric Xavier Gregoire,Delpeuc'h,ERIC XAVIER GREGOIRE DELPEUC'H,siret_insee,Bourg-La-Reine,paysagiste,paysagiste,1,4.7,61,Paysagiste,http://www.apex-paysage.fr/,https://www.google.com/maps/place/Apex+Paysage/data=!4m7!3m6!1s0x47e67129e3298411:0x93d56a0722381520!8m2!3d48.7821816!4d2.3160177!16s%2Fg%2F1hc5ggmnq!19sChIJEYQp4ylx5kcRIBU4Igdq1ZM?authuser=0&hl=fr&rclk=1,81.30Z,48011379400022,2005-01-01,03
a8c068ae-97db-4fc8-8ddf-85db3c82a84e,La Main Verte,0609222021,lamainvertedg1@gmail.com,medium,,,,,Villejuif,paysagiste,paysagiste,1,5.0,4,Paysagiste,https://www.lamainverte-dg1.com/,https://www.google.com/maps/place/La+Main+Verte/data=!4m7!3m6!1s0x47e673c39c360635:0x3d12817c37c00910!8m2!3d48.7993853!4d2.3763906!16s%2Fg%2F11rc7t6lsj!19sChIJNQY2nMNz5kcREAnAN3yBEj0?authuser=0&hl=fr&rclk=1,,,,
743d96c7-b229-474a-8307-cc959fd01e2f,Paysagem,0984007204,agence@paysagem.fr,low,,,,,Villejuif,paysagiste,paysagiste,1,5.0,4,Architecte paysagiste,https://paysagem.com/,https://www.google.com/maps/place/Paysagem/data=!4m7!3m6!1s0x47e673e4e04ffff9:0x2bc1613e8ffab45!8m2!3d48.7866781!4d2.3694265!16s%2Fg%2F11gzr1ggmj!19sChIJ-f9P4ORz5kcRRav_6BMWvAI?authuser=0&hl=fr&rclk=1,,,,
818db4ea-2a6d-4b1f-9631-0d102d85c2e9,Seven Tree Elagage,0762259136,contact@seven-tree.fr,high,Laurent,Allard,LAURENT ALLARD (ALLARD),siret_insee,Roubaix,paysagiste,paysagiste,2,5.0,84,Service d'élagage,http://www.seven-tree.fr/,https://www.google.com/maps/place/Seven+Tree+Elagage/data=!4m7!3m6!1s0x6ffc71f6d42548bb:0x41a51db387b658b2!8m2!3d45.5614689!4d5.9083934!16s%2Fg%2F11t2_7t_s8!19sChIJu0gl1PZx_G8Rsli2h7MdpUE?authuser=0&hl=fr&rclk=1,63.11Z,42476141900045,1999-10-15,42
6e57fd98-a23d-4acc-8f66-4c23db412c2a,Jean Winterstein | Elagueur Paysagiste,0603223421,jeanw.elagage@gmail.com,medium,,,,,Rosny-sous-Bois,paysagiste,paysagiste,2,4.5,8,Service d'élagage,https://winterstein-elagueur.com/,https://www.google.com/maps/place/Jean+Winterstein+%7C+Elagueur+Paysagiste/data=!4m7!3m6!1s0x47e6134023e8ebf7:0x57d94cfeb6ee2440!8m2!3d48.8768281!4d2.5112597!16s%2Fg%2F11h07jx89h!19sChIJ9-voI0AT5kcRQCTutv5M2Vc?authuser=0&hl=fr&rclk=1,,,,
a56a4ec9-1b98-4f23-a79f-b625554b02dc,AS.Elag,0622525139,aselagueur@gmail.com,medium,,,,,Évry-Courcouronnes,paysagiste,paysagiste,1,5.0,5,Paysagiste,https://www.as-elag.com/,https://www.google.com/maps/place/AS.Elag/data=!4m7!3m6!1s0x47e5e1deda680f93:0x8140871ca95324d2!8m2!3d48.6302495!4d2.4437961!16s%2Fg%2F11yx7wjjld!19sChIJkw9o2t7h5UcR0iRTqRyHQIE?authuser=0&hl=fr&rclk=1,,,,
33213c33-9128-4a33-b3ac-0472196604d2,Entreprise Legrain Jeff,0677941211,contact@entrepriselegrain91.fr,high,Jeff,Legrain,JEFF LEGRAIN,siret_insee,Linas,paysagiste,paysagiste,1,5.0,9,Service d'élagage,https://www.entrepriselegrain91.fr/,https://www.google.com/maps/place/Entreprise+Legrain+Jeff/data=!4m7!3m6!1s0x84f9876607b03f71:0x5a84072ec9e94961!8m2!3d48.6247741!4d2.2589401!16s%2Fg%2F11vsvq89t2!19sChIJcT-wB2aH-YQRYUnpyS4HhFo?authuser=0&hl=fr&rclk=1,81.21Z,50265164900027,2008-02-18,NN
78a81de5-6905-4360-b04f-3145c11665a6,LP élagage 95,0611564054,artisan.elagueur95350@gmail.com,medium,Paul,Lepape,PAUL LEPAPE,siret_insee,Saint-Brice-Sous-Foret,paysagiste,paysagiste,2,5.0,6,Service d'élagage,https://lp-elagage95.fr/,https://www.google.com/maps/place/LP+%C3%A9lagage+95/data=!4m7!3m6!1s0x47e669258b22c165:0x8e5718b7c8b51ed9!8m2!3d49.0029032!4d2.3543854!16s%2Fg%2F11x_3qt41z!19sChIJZcEiiyVp5kcR2R61yLcYV44?authuser=0&hl=fr&rclk=1,81.21Z,92485406000010,2024-03-25,NN
45471461-fca2-4df4-91d0-e20130f2eed0,Antoine paysage,0628046145,contact@antoinepaysage.com,high,,,,,Ivry-sur-Seine,paysagiste,paysagiste,2,5.0,14,Paysagiste,http://www.antoinepaysage.com/,https://www.google.com/maps/place/Antoine+paysage/data=!4m7!3m6!1s0x47e60c669f3170f5:0x710f572b575d1c0a!8m2!3d48.819738!4d2.3738586!16s%2Fg%2F11b6drjgxr!19sChIJ9XAxn2YM5kcRChxdVytXD3E?authuser=0&hl=fr&rclk=1,,,,
b7eec808-cc20-4cbb-9025-6447c12822ba,Les jardins du val d’Oise,0744603404,daniellesjardinduvaldoise@gmail.com,medium,,,,,Stains,paysagiste,paysagiste,2,5.0,12,Paysagiste,https://lesjardinsduval-doise.com/,https://www.google.com/maps/place/Les+jardins+du+val+d%E2%80%99Oise/data=!4m7!3m6!1s0x6096d28a99388d7f:0x38d71e5e208311bb!8m2!3d48.9714445!4d2.35699!16s%2Fg%2F11wy1q85mr!19sChIJf404mYrSlmARuxGDIF4e1zg?authuser=0&hl=fr&rclk=1,,,,
0cbd6b5f-70d1-491c-b4c0-a43d91f6bb0f,NP Gonzalez Elagage 77,0185534699,pierre.gonzalez7775@gmail.com,medium,Pierre,Gonzalez,PIERRE GONZALEZ,siret_insee,Bondy,paysagiste,paysagiste,2,5.0,161,Service d'élagage,https://www.gonzalez-elagage-77.fr/,https://www.google.com/maps/place/NP+Gonzalez+Elagage+77/data=!4m7!3m6!1s0x47e8a198faaa4779:0xb240b0694e1f791a!8m2!3d48.9541979!4d2.9084876!16s%2Fg%2F11jg5w92dw!19sChIJeUeq-pih6EcRGnkfTmmwQLI?authuser=0&hl=fr&rclk=1,81.21Z,84384510800011,2018-12-01,NN
b931ac12-47c2-485d-b6d2-7f7f113a4c13,ID Gardens,0689236736,idgardens77@gmail.com,medium,Hugues Charles Claude,Grimaux,HUGUES CHARLES CLAUDE GRIMAUX,siret_insee,Meaux,paysagiste,paysagiste,2,4.9,12,Paysagiste,http://idgardens.eu/,https://www.google.com/maps/place/ID+Gardens/data=!4m7!3m6!1s0x47e8a10d076b4a3f:0x6ba44e4c09abea03!8m2!3d48.9567412!4d2.8946117!16s%2Fg%2F11y6985xlh!19sChIJP0prBw2h6EcRA-qrCUxOpGs?authuser=0&hl=fr&rclk=1,81.30Z,91436974900017,2022-06-02,NN
42f12d28-1c2a-43b0-a22d-f7e654e40b75,Sauser Elagage,0660814481,sauserelagage@gmail.com,medium,Sauser,Elagage,Sauser Elagage,mentions_legales,Meaux,paysagiste,paysagiste,2,5.0,158,Service d'élagage,https://www.sauser-elagage.fr/,https://www.google.com/maps/place/Sauser+Elagage/data=!4m7!3m6!1s0x47e8a1c60ccdea27:0xc9eea8a03a67bf1f!8m2!3d48.9091054!4d2.8310044!16s%2Fg%2F11vcmtlsg2!19sChIJJ-rNDMah6EcRH79nOqCo7sk?authuser=0&hl=fr&rclk=1,,,,
d06a2468-b7f2-4424-ab62-414ce056bf71,Fuchs Magali,0613213032,magali@magalifuchs.com,high,,,,,Chambéry,paysagiste,paysagiste,2,5.0,7,Architecte paysagiste,http://www.magalifuchs.com/,https://www.google.com/maps/place/Fuchs+Magali/data=!4m7!3m6!1s0x478ba8f8c8bee269:0xc21585454223c71e!8m2!3d45.5662973!4d5.9195371!16s%2Fg%2F1q66n53wz!19sChIJaeK-yPioi0cRHscjQkWFFcI?authuser=0&hl=fr&rclk=1,,,,
f20d6c19-0060-482a-b2df-526bb44cfa6b,Les Jardins de Sébastien,0612079407,lesjardinsdesebastien77@yahoo.fr,medium,,,,,Meaux,paysagiste,paysagiste,2,4.5,17,Paysagiste,http://www.paysagiste-seine-marne.fr/,https://www.google.com/maps/place/Les+Jardins+de+S%C3%A9bastien/data=!4m7!3m6!1s0x47e8afb8396110dd:0x6b47fb9d0e2e8c1c!8m2!3d48.8252375!4d2.9431325!16s%2Fg%2F11xv2pzg9!19sChIJ3RBhObiv6EcRHIwuDp37R2s?authuser=0&hl=fr&rclk=1,,,,
95099cf9-57f6-449f-bdb3-a0d5b6f100e7,Pistil,0169912566,contact@pistil-paysage.fr,high,Cyril,Coiffard,Cyril COIFFARD,mentions_legales,Évry-Courcouronnes,paysagiste,paysagiste,1,5.0,8,Paysagiste,http://www.pistil-paysage.fr/,https://www.google.com/maps/place/Pistil/data=!4m7!3m6!1s0x47e5de80c970c733:0xeea2da04bf3de82e!8m2!3d48.6807824!4d2.5026636!16s%2Fg%2F1tdsj1yt!19sChIJM8dwyYDe5UcRLug9vwTaou4?authuser=0&hl=fr&rclk=1,,,,
b0bda723-2451-45c1-8a5d-a7f802f0bee0,Elagage BW,0762745758,wilsonbouaoune@gmail.com,medium,Bouaoune,Wilson,BOUAOUNE WILSON,mentions_legales,Meaux,paysagiste,paysagiste,2,5.0,4,Paysagiste,https://www.elagage-bw.net/,https://www.google.com/maps/place/Elagage+BW/data=!4m7!3m6!1s0x47e61f8df30f7abd:0xb6204c37bd37140b!8m2!3d48.9274918!4d2.7748794!16s%2Fg%2F11plh43lj1!19sChIJvXoP840f5kcRCxQ3vTdMILY?authuser=0&hl=fr&rclk=1,,,,
f4331f6e-6c1d-4827-94cc-7720cf2a5780,Paysagiste Élagage La queue-en-brie - Laurot Élagage,0658720426,contact@elagage-laurot.fr,high,Laurent,Allard,LAURENT ALLARD (ALLARD),siret_insee,Roubaix,paysagiste,paysagiste,2,4.9,118,Paysagiste,https://www.elagage-laurot.fr/index.html,https://www.google.com/maps/place/Paysagiste+%C3%89lagage+La+queue-en-brie+-+Laurot+%C3%89lagage/data=!4m7!3m6!1s0x47e60f980e367d9b:0xbf6504f1bad6b237!8m2!3d48.7896124!4d2.5745753!16s%2Fg%2F11ppfb9zt5!19sChIJm302DpgP5kcRN7LWuvEEZb8?authuser=0&hl=fr&rclk=1,63.11Z,42476141900045,1999-10-15,42
baebc34c-9233-450a-ab97-69b368bd3cf2,Guillaume Concept Paysage,0671708867,guillaumeconceptpaysage@hotmail.com,medium,,,,,Melun,paysagiste,paysagiste,3,5.0,8,Jardinier,https://www.guillaumeconceptpaysage.fr/,https://www.google.com/maps/place/Guillaume+Concept+Paysage/data=!4m7!3m6!1s0x62ef096cc55915fd:0x3b1e579df4c32cda!8m2!3d48.6189909!4d2.9756834!16s%2Fg%2F11mt8_p3h3!19sChIJ_RVZxWwJ72IR2izD9J1XHjs?authuser=0&hl=fr&rclk=1,,,,
f001b193-c3b0-4368-8884-b2cd94ec7f06,Renard Élagage - Élagueur à Enghien-les-Bains (95),0780023780,contact@elagueur-renard-95.fr,high,Laurent,Allard,LAURENT ALLARD (ALLARD),siret_insee,Roubaix,paysagiste,paysagiste,0,5.0,11,Service d'élagage,https://www.elagueur-renard-95.fr/,https://www.google.com/maps/place/Renard+%C3%89lagage+-+%C3%89lagueur+%C3%A0+Enghien-les-Bains+%2895%29/data=!4m7!3m6!1s0x47e66937e422b983:0xb8d6ae995a7996a!8m2!3d48.9689433!4d2.305526!16s%2Fg%2F11sylqljb7!19sChIJg7ki5Ddp5kcRapmnlelqjQs?authuser=0&hl=fr&rclk=1,63.11Z,42476141900045,1999-10-15,42
35cd0012-7bf0-44bd-8c2d-2cec6c70166e,WN Nelson: élagueur jardinier 95,0788481448,chantal.theard@wanadoo.fr,medium,Entretien,Wn,ENTRETIEN WN,mentions_legales,Épinay-sur-Seine,paysagiste,paysagiste,0,5.0,19,Service d'élagage,https://www.wn-espaces-verts.fr/,https://www.google.com/maps/place/WN+Nelson:+%C3%A9lagueur+jardinier+95/data=!4m7!3m6!1s0x47e669aa429038a1:0xac12a4a71651ac2e!8m2!3d48.9765508!4d2.3256032!16s%2Fg%2F11sdslysnf!19sChIJoTiQQqpp5kcRLqxRFqekEqw?authuser=0&hl=fr&rclk=1,,,,
3ba073b7-292d-45c6-987a-4d376ba8737d,MAYA JARDIN & PAYSAGE,0671597916,robertadel93360@gmail.com,medium,Robert,Elelagage,Robert Elelagage,mentions_legales,Sarcelles,paysagiste,paysagiste,2,5.0,4,Paysagiste,https://www.elagueur-paysagiste-robert.fr/,https://www.google.com/maps/place/MAYA+JARDIN+%26+PAYSAGE/data=!4m7!3m6!1s0x891494f0305ee17d:0xd56a95460d5d895c!8m2!3d49.1012106!4d2.306032!16s%2Fg%2F11xyny8znj!19sChIJfeFeMPCUFIkRXIldDUaVatU?authuser=0&hl=fr&rclk=1,,,,
d3fc1eaa-a1f5-4230-80ef-2a2575a477fe,Entre Les Pavés,0170133553,contact@entrelespaves.com,high,,,,,Rosny-sous-Bois,paysagiste,paysagiste,2,4.7,13,Paysagiste,https://www.entrelespaves.com/,https://www.google.com/maps/place/Entre+Les+Pav%C3%A9s/data=!4m7!3m6!1s0x47e612a3918d4767:0xc8a0e3f620458ffd!8m2!3d48.8601151!4d2.4750511!16s%2Fg%2F11gy0sn04k!19sChIJZ0eNkaMS5kcR_Y9FIPbjoMg?authuser=0&hl=fr&rclk=1,,,,
11db85af-ee3a-498e-91d3-cfb24f4e5759,Amour de Fleurs by Jonathan G,0139897442,contact@amourdefleurs95.com,high,Jonathan,Guiet,JONATHAN GUIET (GUIET),siret_insee,Soisy-Sous-Montmorency,paysagiste,paysagiste,0,4.5,323,Paysagiste,https://www.amourdefleurs95.com/,https://www.google.com/maps/place/Amour+de+Fleurs+by+Jonathan+G/data=!4m7!3m6!1s0x47e66863b076640b:0xaabe50aa3ae9cdaa!8m2!3d48.9810833!4d2.3019073!16s%2Fg%2F1tfx466v!19sChIJC2R2sGNo5kcRqs3pOqpQvqo?authuser=0&hl=fr&rclk=1,47.76Z,50943920400025,2008-11-16,02
b925bb9a-211f-4ea1-8d3d-0451861cd1b0,Sébastien Jardins et Paysages,0762256422,sebastien.gacquiere76@gmail.com,medium,,,,,Fréjus,paysagiste,paysagiste,1,5.0,23,Jardinier,https://jardinsetpaysages.fr/,https://www.google.com/maps/place/S%C3%A9bastien+Jardins+et+Paysages/data=!4m7!3m6!1s0x8c47ea816d0d2b85:0xf4b221bd28247133!8m2!3d43.4508974!4d6.7951659!16s%2Fg%2F11ysb5_m03!19sChIJhSsNbYHqR4wRM3EkKL0hsvQ?authuser=0&hl=fr&rclk=1,,,,
61697667-b96e-417d-abe0-6cd8307dd23c,BINARD PAYSAGE,0768648467,b.binardpaysagiste@gmail.com,medium,,,,,Grasse,paysagiste,paysagiste,2,5.0,7,Paysagiste,https://binard-paysage.com/,https://www.google.com/maps/place/BINARD+PAYSAGE/data=!4m7!3m6!1s0x40d59864c4bf7cab:0xed6797ad206534b4!8m2!3d43.6716614!4d6.687449!16s%2Fg%2F11y3153dww!19sChIJq3y_xGSY1UARtDRlIK2XZ-0?authuser=0&hl=fr&rclk=1,,,,
8308510d-8637-4349-a0b0-265b1050a4de,Azur Bati 83,0646241229,contact@azurbati83.fr,high,,,,,Fréjus,paysagiste,paysagiste,1,5.0,20,Paysagiste,https://www.azurbati83.fr/?utm_source=gmb,https://www.google.com/maps/place/Azur+Bati+83/data=!4m7!3m6!1s0x12cebd1f945fca07:0xcc2c1913854d27bc!8m2!3d43.3952214!4d6.7596775!16s%2Fg%2F11lhc_zr5n!19sChIJB8pflB-9zhIRvCdNhRMZLMw?authuser=0&hl=fr&rclk=1,,,,
18403087-92b2-4755-b782-672cbd52cd96,RJ Paysage,0677252963,contact@jeandujardinage.fr,high,,,,,Épinay-sur-Seine,paysagiste,paysagiste,0,5.0,20,Jardinier,https://jeandujardinage.fr/,https://www.google.com/maps/place/RJ+Paysage/data=!4m7!3m6!1s0x6abc8e4698cba6e5:0xc179eb927816b79a!8m2!3d48.9998816!4d2.2805926!16s%2Fg%2F11x5jqqzjy!19sChIJ5abLmEaOvGoRmrcWeJLrecE?authuser=0&hl=fr&rclk=1,,,,
254a5ff2-2058-445d-9360-641595ff0d5e,Arbo' Riviera,0663363174,arboriviera83@outlook.fr,medium,Cédric Camille,Vermersch,CÉDRIC CAMILLE VERMERSCH,siret_insee,Saint-Raphael,paysagiste,paysagiste,1,5.0,10,Jardinier,https://arboriviera.fr/,https://www.google.com/maps/place/Arbo%27+Riviera/data=!4m7!3m6!1s0xae501f523d551169:0x6f06664a9633c000!8m2!3d43.413338!4d6.6651183!16s%2Fg%2F11xtzkmnh7!19sChIJaRFVPVIfUK4RAMAzlkpmBm8?authuser=0&hl=fr&rclk=1,81.30Z,93235180200016,2024-09-01,NN
0f142a03-455c-459c-8b4a-e8ad5075f566,Acréa jardin,0749589083,acrea-jardin@hotmail.com,medium,,,,,Fréjus,paysagiste,paysagiste,1,5.0,36,Jardinier,http://www.acrea-jardin.com/,https://www.google.com/maps/place/Acr%C3%A9a+jardin/data=!4m7!3m6!1s0xa085ad029434172d:0xe1a122baa68d67eb!8m2!3d43.4342726!4d6.6651183!16s%2Fg%2F11ms26tdc1!19sChIJLRc0lAKthaAR62eNproioeE?authuser=0&hl=fr&rclk=1,,,,
d35b7da3-d683-496c-b61c-37204e006c61,Arbre Environnement Paysage,0660520275,aep.eurl@gmail.com,medium,,,,,Melun,paysagiste,paysagiste,3,5.0,3,Paysagiste,http://arbre-environnement-paysage.fr/?utm_source=gmb,https://www.google.com/maps/place/Arbre+Environnement+Paysage/data=!4m7!3m6!1s0x47e60b1ab29e5119:0x17de4e71456288c1!8m2!3d48.6189909!4d2.7367774!16s%2Fg%2F11kbqclbhn!19sChIJGVGeshoL5kcRwYhiRXFO3hc?authuser=0&hl=fr&rclk=1,,,,
a7c8ce35-d3cd-40dc-93e0-b6116fec55e4,Paysagistes d'Ile de France,0638672496,paysagistesidf@gmail.com,medium,Paysagistes,D,Paysagistes d,mentions_legales,Meaux,paysagiste,paysagiste,2,5.0,35,Paysagiste,http://www.paysagistesidf.fr/,https://www.google.com/maps/place/Paysagistes+d%27Ile+de+France/data=!4m7!3m6!1s0x47e8a94da09ac475:0x3db8e79ca9ac11f7!8m2!3d48.95725!4d2.9034537!16s%2Fg%2F11ghvd1d87!19sChIJdcSaoE2p6EcR9xGsqZznuD0?authuser=0&hl=fr&rclk=1,,,,
744c0c79-4dc0-4d3b-b1f6-08c945304a39,Alp'azur Elagage,0660809062,alpazurelagage@gmail.com,medium,,,,mentions_legales,Cagnes-sur-Mer,paysagiste,paysagiste,1,4.6,43,Service d'élagage,https://alpazurelagage.com/,https://www.google.com/maps/place/Alp%27azur+Elagage/data=!4m7!3m6!1s0x12cdd300e5dbbbc1:0xe7753b0e04db11fb!8m2!3d43.6791585!4d7.1326942!16s%2Fg%2F11g0hp0zp0!19sChIJwbvb5QDTzRIR-xHbBA47dec?authuser=0&hl=fr&rclk=1,,,,
05aa26c6-b2cc-4ca7-b10a-f36f26465ed6,CAURET Evan,0784936137,evancauret3@gmail.com,medium,Cauret,Evan,Cauret Evan,mentions_legales,Brive-la-Gaillarde,paysagiste,paysagiste,2,5.0,3,Paysagiste,https://www.elagueur-paysagiste-correze.fr/,https://www.google.com/maps/place/CAURET+Evan/data=!4m7!3m6!1s0x47f8bd8c63695313:0xb145862f4253b309!8m2!3d45.1575375!4d1.4929937!16s%2Fg%2F11lzn_8cr1!19sChIJE1NpY4y9-EcRCbNTQi-GRbE?authuser=0&hl=fr&rclk=1,,,,
f4120b4a-4cc2-4234-a385-76e75bcfabc9,DL.CONCEPT,0626051246,contact@dlconcept.fr,high,David,Lerouesnier,David LEROUESNIER,mentions_legales,Cagnes-sur-Mer,paysagiste,paysagiste,1,4.9,20,Paysagiste,https://www.dlconcept.fr/,https://www.google.com/maps/place/DL.CONCEPT/data=!4m7!3m6!1s0x12cdd3c4c19897b5:0x810387464e351eb!8m2!3d43.6680648!4d7.1667309!16s%2Fg%2F1q62hpzp2!19sChIJtZeYwcTTzRIR61HjZHQ4EAg?authuser=0&hl=fr&rclk=1,,,,
d13b65cd-e10f-4b3a-8eb7-1b513f2893ad,SAS DECO PAYSAGE 19,0555243784,decopaysage19@gmail.com,medium,David,Pereira,DAVID PEREIRA,siret_insee,Brive-La-Gaillarde,paysagiste,paysagiste,2,5.0,5,Paysagiste,https://decopaysage19.com/,https://www.google.com/maps/place/SAS+DECO+PAYSAGE+19/data=!4m7!3m6!1s0x47f8970ae0387651:0x2c44cf5ec0b83da8!8m2!3d45.1451554!4d1.4894854!16s%2Fg%2F11b727240p!19sChIJUXY44AqX-EcRqD24wF7PRCw?authuser=0&hl=fr&rclk=1,81.30Z,87827283000026,2019-10-21,03
6e8e8b63-4cea-4161-abbf-0c67932b9ef6,SEVE PAYSAGE,0555936071,contact@sevepaysage.com,high,Xavier E-Mail,Pouyadoux,Xavier POUYADOUX E-mail,mentions_legales,Brive-la-Gaillarde,paysagiste,paysagiste,2,4.6,95,Paysagiste,https://www.sevepaysage.com/,https://www.google.com/maps/place/SEVE+PAYSAGE/data=!4m7!3m6!1s0x47f845034dbea56f:0xd7c215334c672495!8m2!3d45.1887793!4d1.4652194!16s%2Fg%2F1vvyxfjj!19sChIJb6W-TQNF-EcRlSRnTDMVwtc?authuser=0&hl=fr&rclk=1,,,,
d395b518-3ed0-4299-a877-05000651d099,Vincent Paysage 19,0689781617,vincentpaysage19@orange.fr,medium,,,,,Brive-la-Gaillarde,paysagiste,paysagiste,2,4.7,12,Paysagiste,http://paysage19.fr/,https://www.google.com/maps/place/Vincent+Paysage+19/data=!4m7!3m6!1s0x47f8bd712aca65bf:0x1781cf151b152f68!8m2!3d44.9843016!4d1.243417!16s%2Fg%2F11clvs7tq7!19sChIJv2XKKnG9-EcRaC8VGxXPgRc?authuser=0&hl=fr&rclk=1,,,,
7c45b997-7fd3-457b-ae69-e4f066fc08c9,Ojeda Paysage,0555842756,ojedapaysage@orange.fr,medium,Christophe,Ojeda,OJEDA Christophe,mentions_legales,Brive-la-Gaillarde,paysagiste,paysagiste,2,5.0,6,Paysagiste,http://www.ojeda-paysage.fr/,https://www.google.com/maps/place/Ojeda+Paysage/data=!4m7!3m6!1s0x47f8bba18559edff:0x3eba26be50534dfe!8m2!3d45.1972939!4d1.4465264!16s%2Fg%2F11sbp2z7_n!19sChIJ_-1ZhaG7-EcR_k1TUL4muj4?authuser=0&hl=fr&rclk=1,,,,
5794dfa7-815e-4d6b-b160-e43e80454331,Imagin'Paysage,0676382893,imaginpaysage@gmail.com,medium,Nicolas Maurice,Lagorsse,NICOLAS MAURICE LAGORSSE,siret_insee,Varetz,paysagiste,paysagiste,2,5.0,7,Paysagiste,https://imaginpaysage19.fr/,https://www.google.com/maps/place/Imagin%27Paysage/data=!4m7!3m6!1s0x47f8bbeaf8fa2c3b:0xca202257ff21b397!8m2!3d45.1953164!4d1.4422991!16s%2Fg%2F11wtl_lmfx!19sChIJOyz6-Oq7-EcRl7Mh_1ciIMo?authuser=0&hl=fr&rclk=1,81.30Z,93760037700017,2024-11-20,NN
3cf54a6f-4495-4cf7-a861-9c9037cfb05c,Morlaix Eric,0622210298,kericoumorlaix19@orange.fr,medium,Eric,Morlaix,ERIC MORLAIX,siret_insee,Noailles,paysagiste,paysagiste,2,4.7,7,Paysagiste,http://ericmorlaixelagage.fr/,https://www.google.com/maps/place/Morlaix+Eric/data=!4m7!3m6!1s0x47f8a28029d7e61f:0x96b1f7af861ceb1e!8m2!3d45.087398!4d1.517023!16s%2Fg%2F1tfzg3bs!19sChIJH-bXKYCi-EcRHuschq_3sZY?authuser=0&hl=fr&rclk=1,81.30Z,48419259600027,2005-10-03,02
700d6268-05f0-4f78-89e4-c26004d83856,Xavier Joanne Paysage,0555266066,xavier-joanne@orange.fr,medium,,,,,Brive-la-Gaillarde,paysagiste,paysagiste,2,5.0,3,Paysagiste,http://www.jardin-correze.fr/,https://www.google.com/maps/place/Xavier+Joanne+Paysage/data=!4m7!3m6!1s0x47f8ecdb3c21c873:0x9eb00248ee3ed5d2!8m2!3d45.300675!4d1.646878!16s%2Fg%2F11btmb392p!19sChIJc8ghPNvs-EcR0tU-7kgCsJ4?authuser=0&hl=fr&rclk=1,,,,
9d331c2d-e937-4994-bb52-7798011b5e63,L'Arrosoir Paysager,0679799472,larrosoirpaysager@yahoo.com,medium,,,,,Brive-la-Gaillarde,paysagiste,paysagiste,2,4.8,8,Paysagiste,https://larrosoirpaysager.fr/,https://www.google.com/maps/place/L%27Arrosoir+Paysager/data=!4m7!3m6!1s0x47f8b92ce6277b19:0x6bdb319cbc028194!8m2!3d45.2771969!4d1.4544021!16s%2Fg%2F11mx5v7vkg!19sChIJGXsn5iy5-EcRlIECvJwx22s?authuser=0&hl=fr&rclk=1,,,,
66357f9d-abcd-4000-af29-0abd16ce1233,Vincent Travaux Paysagers,0555250437,touzin.vincent@orange.fr,medium,,,,,Brive-la-Gaillarde,paysagiste,paysagiste,2,5.0,3,Paysagiste,https://www.vincent-travaux-paysagers.com/?utm_medium=referral&utm_source=gmb&utm_campaign=lnk-gmb,https://www.google.com/maps/place/Vincent+Travaux+Paysagers/data=!4m7!3m6!1s0x47f8b95001fd9e1d:0xcb5204200907c291!8m2!3d45.2459772!4d1.4079678!16s%2Fg%2F11xkww5l6h!19sChIJHZ79AVC5-EcRkcIHCSAEUss?authuser=0&hl=fr&rclk=1,,,,
0ac413da-f7be-428f-b24e-f59075c8c787,Studio J Oliveira,0661088444,contact.jonathanbiodesign@gmail.com,medium,,,,,Brive-la-Gaillarde,paysagiste,paysagiste,2,5.0,9,Paysagiste,http://www.jonathanoliveira.fr/,https://www.google.com/maps/place/Studio+J+Oliveira/data=!4m7!3m6!1s0x47f8978508a2b41d:0xfd6c9454dbec6459!8m2!3d45.1546317!4d1.5426581!16s%2Fg%2F11scv7qvyc!19sChIJHbSiCIWX-EcRWWTs21SUbP0?authuser=0&hl=fr&rclk=1,,,,
10dc7bc5-6f8e-4cc0-857a-2cfc9f6f3c4e,SARL VERT BLEU,0970356260,contact.vertbleupaysage@gmail.com,medium,,,,,Brive-la-Gaillarde,paysagiste,paysagiste,2,5.0,11,Paysagiste,http://www.vertbleupaysage.com/contact.php?utm_medium=referral&utm_source=gmb&utm_campaign=lnk-gmb,https://www.google.com/maps/place/SARL+VERT+BLEU/data=!4m7!3m6!1s0x47f8bcafa29dba73:0x1819c6c503be0b35!8m2!3d45.1448453!4d1.4663891!16s%2Fg%2F11cs3_030f!19sChIJc7qdoq-8-EcRNQu-A8XGGRg?authuser=0&hl=fr&rclk=1,,,,
5bedc3c3-c5c9-44f6-bc78-34ed6f77749d,Idees Paysages Merling,0680740590,idees-paysages@orange.fr,medium,Idées,Paysages,Idées Paysages,mentions_legales,Brive-la-Gaillarde,paysagiste,paysagiste,2,4.6,13,Paysagiste,https://idees-paysages.com/,https://www.google.com/maps/place/Idees+Paysages+Merling/data=!4m7!3m6!1s0x12acd3e3c0fd4db3:0x22ca863596c93e4!8m2!3d44.9544073!4d1.7150305!16s%2Fg%2F11sp98t351!19sChIJs039wOPTrBIR5JNsWWOoLAI?authuser=0&hl=fr&rclk=1,,,,
0d08a02b-9a4c-45a0-ae20-2c48c1420ef7,Bô Jardin,0767062472,contact@bojardin11.fr,high,,,,,Carcassonne,paysagiste,paysagiste,1,5.0,17,Paysagiste,https://www.bojardin11.fr/,https://www.google.com/maps/place/B%C3%B4+Jardin/data=!4m7!3m6!1s0x12ae2d1bbe779823:0xbd41df60a497ed0!8m2!3d43.2077095!4d2.3797561!16s%2Fg%2F11z3y2hg0h!19sChIJI5h3vhstrhIR0H5JCvYd1As?authuser=0&hl=fr&rclk=1,,,,
7e14b2df-f2d0-4977-9094-b4d2e020ff74,FERUVERDE,0632877249,contact@feruverde.com,high,Enzo Lucas Giano,Detoudeville,ENZO LUCAS GIANO DETOUDEVILLE,siret_insee,Carcassonne,paysagiste,paysagiste,1,5.0,75,Paysagiste,https://www.feruverde.com/,https://www.google.com/maps/place/FERUVERDE/data=!4m7!3m6!1s0x4dbe87a81536f7e1:0x32568109b1c9f4ad!8m2!3d43.2206316!4d2.3397266!16s%2Fg%2F11x051ydgl!19sChIJ4fc2FaiHvk0RrfTJsQmBVjI?authuser=0&hl=fr&rclk=1,81.30Z,99074526700015,2025-09-01,NN
749b3eca-e400-4dc9-9dcd-56d99eed32a8,SERPE - Agence de Carcassonne,0468718908,aude@serpe.fr,high,,,,,Carcassonne,paysagiste,paysagiste,1,4.6,29,Paysagiste,https://www.carcassonne.serpe.fr/,https://www.google.com/maps/place/SERPE+-+Agence+de+Carcassonne/data=!4m7!3m6!1s0x12ae2c1808a3f727:0x82f58fcb40393812!8m2!3d43.217768!4d2.3608245!16s%2Fg%2F1tggd9vh!19sChIJJ_ejCBgsrhIREjg5QMuP9YI?authuser=0&hl=fr&rclk=1,,,,
a890cdbd-8f56-4ee1-808c-c7f632a1c335,Entreprise Pitaud Romuald,0686791873,contact@pitaud-paysages.fr,high,Romuald,Pitaud,ROMUALD PITAUD,siret_insee,Jugeals-Nazareth,paysagiste,paysagiste,2,4.7,3,Paysagiste,http://pitaud-paysages.fr/,https://www.google.com/maps/place/Entreprise+Pitaud+Romuald/data=!4m7!3m6!1s0x47f898d8c5f4cc11:0x7693cd1df3871214!8m2!3d45.0794244!4d1.5610601!16s%2Fg%2F11f3j7px8s!19sChIJEcz0xdiY-EcRFBKH8x3Nk3Y?authuser=0&hl=fr&rclk=1,81.30Z,48854869400014,2006-02-20,02
4a2b9907-4e0c-4794-9111-507597c8a843,MT Clôture et Aménagement,0769195389,meslet.thibaut27@gmail.com,medium,,,,,Brive-la-Gaillarde,cloture,paysagiste,1,5.0,6,Paysagiste,https://www.mtclotureetamenagement.fr/,https://www.google.com/maps/place/MT+Cl%C3%B4ture+et+Am%C3%A9nagement/data=!4m7!3m6!1s0x24accfd1ac71d20d:0xeb66160bf62c6213!8m2!3d45.1978816!4d1.4449094!16s%2Fg%2F11z2bshtr3!19sChIJDdJxrNHPrCQRE2Is9gsWZus?authuser=0&hl=fr&rclk=1,,,,
1a6b9639-f689-4d9a-aa29-c7644b72ab1c,Vertige-Corrèze,0649462986,association.naturame@gmail.com,medium,Rudy,Aussem,Rudy Aussem,mentions_legales,Brive-la-Gaillarde,paysagiste,paysagiste,2,5.0,22,Paysagiste,https://www.vertige-correze.fr/,https://www.google.com/maps/place/Vertige-Corr%C3%A8ze/data=!4m7!3m6!1s0x20342363b9df8215:0x156edb7cd3ca7a78!8m2!3d45.2099064!4d1.6850044!16s%2Fg%2F11x8xww7g0!19sChIJFYLfuWMjNCAReHrK03zbbhU?authuser=0&hl=fr&rclk=1,,,,
335ab6f0-2db7-4120-beba-1c923310a99e,Les Jardins de Sylvain Solem,0638722738,sylvain_solem1972@orange.fr,medium,,,,,Carcassonne,paysagiste,paysagiste,1,5.0,15,Paysagiste,http://les-jardins-de-sylvain.webnode.fr/contact/,https://www.google.com/maps/place/Les+Jardins+de+Sylvain+Solem/data=!4m7!3m6!1s0x12ae29cd710416f5:0x99751caba8c97bc9!8m2!3d43.2077892!4d2.3490896!16s%2Fg%2F11j371gdvz!19sChIJ9RYEcc0prhIRyXvJqKscdZk?authuser=0&hl=fr&rclk=1,,,,
f41e5496-ed4f-4060-b4f5-d2340837f53a,BCE BENJAMIN MAXISERVICES,0686144861,benjaminmaxiservice@gmail.com,medium,Benjamin Pierre Guy,Vergniol,BENJAMIN PIERRE GUY VERGNIOL,siret_insee,Limoux,paysagiste,paysagiste,1,5.0,26,Paysagiste,https://bcegroupe.jimdofree.com/,https://www.google.com/maps/place/BCE+BENJAMIN+MAXISERVICES/data=!4m7!3m6!1s0x4d9950e87b817679:0x87a848d58c126d77!8m2!3d43.0544777!4d2.4642966!16s%2Fg%2F11ry6t5ffx!19sChIJeXaBe-hQmU0Rd20SjNVIqIc?authuser=0&hl=fr&rclk=1,81.30Z,91429768400013,2022-06-07,01
f35122b9-7a08-4bea-b3cb-ac696f3ee7cd,3B Jardins,0468244746,gerard.aguilar3b@gmail.com,medium,,,,,Carcassonne,paysagiste,paysagiste,1,4.8,13,Paysagiste,http://3bjardins.com/?utm_source=gmb,https://www.google.com/maps/place/3B+Jardins/data=!4m7!3m6!1s0x12ae2a0fcf084e39:0x249a43814e43638b!8m2!3d43.0544777!4d2.4642966!16s%2Fg%2F11b6dqkkdm!19sChIJOU4Izw8qrhIRi2NDToFDmiQ?authuser=0&hl=fr&rclk=1,,,,
03fc3547-a480-4944-9301-2f498c0dcfbe,Les Jardins de Cam et Antho,0613884741,a.launay97@hotmail.fr,medium,Anthony,Launay,Anthony Launay,mentions_legales,Carcassonne,paysagiste,paysagiste,1,5.0,8,Paysagiste,https://www.jardins-cam-antho.fr/,https://www.google.com/maps/place/Les+Jardins+de+Cam+et+Antho/data=!4m7!3m6!1s0x2e7a580d145b793b:0xee98a8f40a19ba89!8m2!3d43.1277147!4d2.3157403!16s%2Fg%2F11xzp3w4tj!19sChIJO3lbFA1Yei4RiboZCvSomO4?authuser=0&hl=fr&rclk=1,,,,
67e46453-68e2-44f4-bf5a-4e0149b48007,Jardinier Paysagiste Carcassonne,0780505049,ccontact@paysagiste-elagage-carcassonne.fr,high,Michiel,Von Der Crone Localisation,Michiel von der Crone Localisation,mentions_legales,Carcassonne,paysagiste,paysagiste,1,4.8,25,Jardinier,https://paysagiste-elagage-carcassonne.fr/,https://www.google.com/maps/place/Jardinier+Paysagiste+Carcassonne/data=!4m7!3m6!1s0x12ae354ce7b62069:0xd16fbd09e0e5db61!8m2!3d43.2007256!4d2.1466462!16s%2Fg%2F11h64vmjy6!19sChIJaSC250w1rhIRYdvl4Am9b9E?authuser=0&hl=fr&rclk=1,,,,
ab5e13c8-2fd4-42f7-ab70-92f5d545e4aa,Paysagistes Elagueurs Occitanie - élagueur grimpeur,0602236665,contact@paysagistes-elagueurs-occitanie.fr,high,Philippe Youri Jules Louis,Bauer,PHILIPPE YOURI JULES LOUIS BAUER,siret_insee,Conques-Sur-Orbiel,paysagiste,paysagiste,1,4.9,17,Service d'élagage,https://paysagistes-elagueurs-occitanie.fr/,https://www.google.com/maps/place/Paysagistes+Elagueurs+Occitanie+-+%C3%A9lagueur+grimpeur/data=!4m7!3m6!1s0x758a3f5840889:0x531bb4ad488f3815!8m2!3d43.0544777!4d2.4642966!16s%2Fg%2F11vzbkwmxc!19sChIJiQiE9aNYBwARFTiPSK20G1M?authuser=0&hl=fr&rclk=1,81.21Z,85178960200014,2019-06-01,NN
aaa22c31-15b0-428d-bec8-ea06002be5e9,EC Garden,0649758056,contact@ec-garden.com,high,,,,,Bron,paysagiste,paysagiste,1,4.8,28,Paysagiste,https://www.ec-garden.com/,https://www.google.com/maps/place/EC+Garden/data=!4m7!3m6!1s0x46e83d5864581719:0x4c98baf2a96e39fa!8m2!3d45.7322203!4d4.9829289!16s%2Fg%2F11k545mv8w!19sChIJGRdYZFg96EYR-jluqfK6mEw?authuser=0&hl=fr&rclk=1,,,,
510ce5b6-9f46-41ff-87e7-adabc30e0ea3,Jardins des Canuts,0624061096,contact@jardinsdescanuts.fr,high,,,,,Bron,paysagiste,paysagiste,1,5.0,34,Paysagiste,https://jardinsdescanuts.fr/,https://www.google.com/maps/place/Jardins+des+Canuts/data=!4m7!3m6!1s0x8c0e90fdc0542d27:0x48f76987876bb8c4!8m2!3d45.7406406!4d4.9107435!16s%2Fg%2F11trzvlq5s!19sChIJJy1UwP2QDowRxLhrh4dp90g?authuser=0&hl=fr&rclk=1,,,,
fba90ce2-b7ec-4024-9800-5b4036cb684e,Jbn Evasion,0665582236,j.fraioli@jbn-evasion.fr,high,Julien,Fraioli,JULIEN FRAIOLI,siret_insee,Chozeau,paysagiste,paysagiste,2,5.0,18,Paysagiste,http://www.jbn-evasion.fr/,https://www.google.com/maps/place/Jbn+Evasion/data=!4m7!3m6!1s0x478b335c797e86b7:0x173c3b11dab845f0!8m2!3d45.4598898!4d4.6242221!16s%2Fg%2F11h40_3yrn!19sChIJt4Z-eVwzi0cR8EW42hE7PBc?authuser=0&hl=fr&rclk=1,47.99A,52377645800011,2010-06-29,NN
db84b778-0704-4008-8b84-535a66dab0ef,GEBEL ESPACES VERTS SARL,0970357705,contact@gebelespacesverts.com,high,,,,,Bron,paysagiste,paysagiste,1,4.6,11,Paysagiste,https://www.gebelespacesverts.com/nous-contacter.php?utm_medium=referral&utm_source=gmb&utm_campaign=lnk-gmb,https://www.google.com/maps/place/GEBEL+ESPACES+VERTS+SARL/data=!4m7!3m6!1s0x47f4cf0854827827:0xa886ca851ed2ee82!8m2!3d45.6801301!4d5.0595771!16s%2Fg%2F11q46n02r1!19sChIJJ3iCVAjP9EcRgu7SHoXKhqg?authuser=0&hl=fr&rclk=1,,,,
bd9ce5f5-1f80-4e49-8681-720d375efa3c,Jardin Passion,0468250189,89laurentdelmas@paysagiste-carcassonne.fr,high,,,,,Carcassonne,paysagiste,paysagiste,1,4.5,44,Paysagiste,http://www.paysagiste-carcassonne.fr/,https://www.google.com/maps/place/Jardin+Passion/data=!4m7!3m6!1s0x12ae2b9de68cd7d7:0xdb922230f145b6e9!8m2!3d43.203382!4d2.3064764!16s%2Fg%2F1tl6mp1x!19sChIJ19eM5p0rrhIR6bZF8TAikts?authuser=0&hl=fr&rclk=1,,,,
9e16d169-ed16-4b5e-a3ce-02857d7d6af6,COPONAT Espace Verts,0478902822,gachetjulien@yahoo.fr,medium,,,,,Bron,paysagiste,paysagiste,1,5.0,5,Paysagiste,http://cejardins.fr/,https://www.google.com/maps/place/COPONAT+Espace+Verts/data=!4m7!3m6!1s0x47f4c6eadd156ae5:0x889f9c508df77054!8m2!3d45.726758!4d4.9735548!16s%2Fg%2F1tcvnm9l!19sChIJ5WoV3erG9EcRVHD3jVCcn4g?authuser=0&hl=fr&rclk=1,,,,
304df174-9a53-42fa-ade4-6960d8e6c713,ART ET JARDINS,0984489884,artetjardins07@gmail.com,medium,Capucine Morgane Elise,Chansard,CAPUCINE MORGANE ELISE CHANSARD,siret_insee,Saint-Priest,paysagiste,paysagiste,2,4.8,5,Paysagiste,http://www.paysagiste-privas.fr/,https://www.google.com/maps/place/ART+ET+JARDINS/data=!4m7!3m6!1s0x12b53b271e6f444b:0x6549f1305d7287e1!8m2!3d44.7210109!4d4.5749593!16s%2Fg%2F1tm1mbc_!19sChIJS0RvHic7tRIR4YdyXTDxSWU?authuser=0&hl=fr&rclk=1,81.30Z,89207263800018,2020-12-16,02
97c2dfc2-2a72-4bef-8055-5c0623119335,Les jardins De La Rose,0626585228,lesjardinsdelarose11@gmail.com,medium,De,La Rose Bryan,DE LA ROSE BRYAN,mentions_legales,Carcassonne,paysagiste,paysagiste,1,5.0,35,Paysagiste,https://www.lesjardinsdelarose.fr/,https://www.google.com/maps/place/Les+jardins+De+La+Rose/data=!4m7!3m6!1s0x8c580c77f8587b79:0x66c7ef392e1db561!8m2!3d43.2077892!4d2.3490896!16s%2Fg%2F11vdsbk7vg!19sChIJeXtY-HcMWIwRYbUdLjnvx2Y?authuser=0&hl=fr&rclk=1,,,,
9a3cd514-6a35-4898-9511-358e00108ec7,RJ paysagiste,0659319579,contact@rj-paysagiste.fr,high,,,,,Cagnes-sur-Mer,paysagiste,paysagiste,1,4.6,9,Paysagiste,https://www.rj-paysagiste.fr/,https://www.google.com/maps/place/RJ+paysagiste/data=!4m7!3m6!1s0xa99745b991667a9d:0xb5c88d16a2008604!8m2!3d43.6301672!4d7.1280554!16s%2Fg%2F11vwjzbn0d!19sChIJnXpmkblFl6kRBIYAohaNyLU?authuser=0&hl=fr&rclk=1,,,,
3966b0b5-fe12-450a-9489-bd857779436a,JW PAYSAGISTE,0604070279,contact.jwpaysagiste@gmail.com,medium,,,,,Saint-Étienne,paysagiste,paysagiste,2,5.0,5,Paysagiste,https://jwapaysagiste.com/,https://www.google.com/maps/place/JW+PAYSAGISTE/data=!4m7!3m6!1s0x41a4fb143d82f209:0xdd580dce11a88d46!8m2!3d45.4598898!4d4.6242221!16s%2Fg%2F11n9t7g8jp!19sChIJCfKCPRT7pEERRo2oEc4NWN0?authuser=0&hl=fr&rclk=1,,,,
fc3f9a89-04ff-4344-a669-9eb23f07ca97,Albi Paysage,0673032335,contact@albi-paysage.fr,high,,,,,Albi,paysagiste,paysagiste,2,5.0,3,Paysagiste,http://www.albi-paysage.fr/,https://www.google.com/maps/place/Albi+Paysage/data=!4m7!3m6!1s0x66e044c803c7d98b:0xa2d238c86301ae6!8m2!3d43.9471803!4d2.071518!16s%2Fg%2F11rvnnpprn!19sChIJi9nHA8hE4GYR5howhowjLQo?authuser=0&hl=fr&rclk=1,,,,
27d624a6-296e-44ea-b2b8-a3e7f54f908a,Sam'Services,0781454376,sammetbach8181@gmail.com,medium,,,,,Albi,paysagiste,paysagiste,2,4.9,92,Paysagiste,http://samservices81.fr/,https://www.google.com/maps/place/Sam%27Services/data=!4m7!3m6!1s0x12aded621e847963:0x8c256a7fdfa9b620!8m2!3d43.9196465!4d2.116341!16s%2Fg%2F11lfqph7yw!19sChIJY3mEHmLtrRIRILap339qJYw?authuser=0&hl=fr&rclk=1,,,,
7d403c66-4df9-4d61-8602-aa49c3aefc3f,SARL MARC PARCS ET JARDINS,0563566431,contact@marc-paysagiste.fr,high,Adrien,Marc,Adrien MARC,mentions_legales,Albi,paysagiste,paysagiste,2,4.6,9,Paysagiste,https://www.marc-paysagiste.fr/,https://www.google.com/maps/place/SARL+MARC+PARCS+ET+JARDINS/data=!4m7!3m6!1s0x12addd82e071f927:0x32f78b88bf19bb33!8m2!3d43.9240219!4d2.1527132!16s%2Fg%2F11g6b4bbdk!19sChIJJ_lx4ILdrRIRM7sZv4iL9zI?authuser=0&hl=fr&rclk=1,,,,
0491c82a-017e-47ac-8262-8fd26b68288c,Jeff espaces verts,0640353219,jeffespacesverts@gmx.fr,low,,,,,Bron,paysagiste,paysagiste,1,4.9,33,Service d'élagage,https://jeff-espaces-verts.fr/,https://www.google.com/maps/place/Jeff+espaces+verts/data=!4m7!3m6!1s0x47f4c3f36ce2038d:0xbc6c8a94e860e55f!8m2!3d45.7250899!4d4.9160889!16s%2Fg%2F11k10b54_8!19sChIJjQPibPPD9EcRX-Vg6JSKbLw?authuser=0&hl=fr&rclk=1,,51090980700024,,
aab46a27-0a9a-4a20-835d-22b6cb483e2d,Entreprise HS,0666733149,helfridsimba@gmail.com,medium,Josue,Helfrid,JOSUE HELFRID,siret_insee,Albi,paysagiste,paysagiste,2,4.9,15,Service d'élagage,https://www.elagueur-entreprise-hs.fr/,https://www.google.com/maps/place/Entreprise+HS/data=!4m7!3m6!1s0x2f98c20bfc39395d:0xfd4974907a05a8e9!8m2!3d43.926623!4d2.179634!16s%2Fg%2F11xztpfk0k!19sChIJXTk5_AvCmC8R6agFepB0Sf0?authuser=0&hl=fr&rclk=1,47.82Z,50049455400016,2007-10-15,NN
374a958f-22a1-4ed5-be27-8b1c425fae33,Vert Tendance - Paysagiste Conseil,0681747188,cb.verttendance@gmail.com,medium,,,,,Albi,paysagiste,paysagiste,2,4.8,19,Paysagiste,https://www.vert-tendance-paysagiste.fr/paysagiste-albi-tarn,https://www.google.com/maps/place/Vert+Tendance+-+Paysagiste+Conseil/data=!4m7!3m6!1s0x12adf8bdc9e4d389:0x8025402e5308b3ba!8m2!3d43.8583361!4d2.4467791!16s%2Fg%2F11gf8fjw1j!19sChIJidPkyb34rRIRurMIUy5AJYA?authuser=0&hl=fr&rclk=1,,,,
272d907e-df53-49d1-a679-0ea400ce482f,Elagage CMJ - Elagueur Carmaux Albi Gaillac : Paysagiste Albi Carmaux Puygouzon Arthes Tarn,0619098436,cmj.elagage.jardin@gmail.com,medium,Chrys Lorenzo,Monte,CHRYS LORENZO MONTE (MONTE),siret_insee,Montpellier,paysagiste,paysagiste,2,4.9,61,Paysagiste,https://www.cmj-elagage81.com/,https://www.google.com/maps/place/Elagage+CMJ+-+Elagueur+Carmaux+Albi+Gaillac+:+Paysagiste+Albi+Carmaux+Puygouzon+Arthes+Tarn/data=!4m7!3m6!1s0x12adeb8773f06643:0xdd8e1015c266d066!8m2!3d44.0648223!4d2.1610204!16s%2Fg%2F11wc9qr4dm!19sChIJQ2bwc4frrRIRZtBmwhUQjt0?authuser=0&hl=fr&rclk=1,81.30Z,90123367600013,2021-07-01,NN
d84ee5c7-de7f-4569-83c5-326a5305f4f6,Côte Basque Paysage,0685111124,cotebasquepaysage@outlook.com,medium,,,,,Bayonne,paysagiste,paysagiste,2,5.0,21,Jardinier,http://www.cotebasquepaysage.com/,https://www.google.com/maps/place/C%C3%B4te+Basque+Paysage/data=!4m7!3m6!1s0xd51410052d1ee0d:0xcfa4d1fcc1e762e4!8m2!3d43.4894377!4d-1.475397!16s%2Fg%2F11xsftx5v0!19sChIJDe7RUgBBUQ0R5GLnwfzRpM8?authuser=0&hl=fr&rclk=1,,,,
a1c352fb-2ced-4c7d-99e4-32b63293f439,Bruno Élagage espaces verts,0659439308,contact@creacom-communication.fr,low,Esteban,Egea Y Cerda,ESTEBAN EGEA Y CERDA,siret_insee,Sarreguemines,paysagiste,paysagiste,2,5.0,42,Jardinier,https://brunoelagage81.fr/,https://www.google.com/maps/place/Bruno+%C3%89lagage+espaces+verts/data=!4m7!3m6!1s0x12adefdc34f7f645:0x3f9dfff54f31adab!8m2!3d43.938801!4d2.241094!16s%2Fg%2F11s8lhr_57!19sChIJRfb3NNzvrRIRq60xT_X_nT8?authuser=0&hl=fr&rclk=1,63.11Z,43130377500016,2000-05-02,02
2014b38d-7a90-4ca7-bf28-7b8526195120,Jardins d'Avenir,0662001509,contact@jardinsdavenir.com,low,Lilian Jean,Plazolles,LILIAN JEAN PLAZOLLES,siret_insee,Sainte-Croix,paysagiste,paysagiste,2,4.8,10,Paysagiste,https://jardinsdavenir-tarn.fr/,https://www.google.com/maps/place/Jardins+d%27Avenir/data=!4m7!3m6!1s0x12adc37e2fadc3bf:0xfee40161e1c08552!8m2!3d43.9326159!4d1.9442636!16s%2Fg%2F11b6dpg49c!19sChIJv8OtL37DrRIRUoXA4WEB5P4?authuser=0&hl=fr&rclk=1,81.30Z,74987159600013,2012-03-12,02
bdaa169e-89ef-4237-b6f2-26cdbe550237,Paysagiste Elagage Albi - élagueur - grimpeur,0531511099,contact@paysagiste-elagage-albi.fr,high,,,,,Albi,paysagiste,paysagiste,2,4.6,18,Service d'élagage,https://paysagiste-elagage-albi.fr/,https://www.google.com/maps/place/Paysagiste+Elagage+Albi+-+%C3%A9lagueur+-+grimpeur/data=!4m7!3m6!1s0x482f779190b597ed:0x95fbdb55bfba3fcd!8m2!3d43.74887!4d2.0620014!16s%2Fg%2F11vxpwbwch!19sChIJ7Ze1kJF3L0gRzT-6v1Xb-5U?authuser=0&hl=fr&rclk=1,,,,
6d49dc27-a061-4fa8-aceb-efe3f39b7e65,Paysagiste Conseils auprès des particuliers,0669106726,contact@loic-bance.fr,high,,,,,Bayonne,paysagiste,paysagiste,2,4.6,21,Paysagiste,https://www.loic-bance.fr/,https://www.google.com/maps/place/Paysagiste+Conseils+aupr%C3%A8s+des+particuliers/data=!4m7!3m6!1s0xd514670f8f5d817:0x5a7aa5a76874b086!8m2!3d43.5450046!4d-1.3931944!16s%2Fg%2F11c1v0yg20!19sChIJF9j1-HBGUQ0RhrB0aKelelo?authuser=0&hl=fr&rclk=1,,,,
6eea97ca-8211-41d2-a0fe-9b81aa6ddf1e,🪨🌴 WALCONSTRUCTION – Maçon Paysager Albi,0680738863,walconstruction81@gmail.com,medium,,,,mentions_legales,Albi,paysagiste,paysagiste,2,5.0,19,Paysagiste,https://www.walconstruction.fr/,https://www.google.com/maps/place/%F0%9F%AA%A8%F0%9F%8C%B4+WALCONSTRUCTION+%E2%80%93+Ma%C3%A7on+Paysager+Albi/data=!4m7!3m6!1s0x2d7b377f26fff933:0xe572673c340be171!8m2!3d44.0051993!4d2.1238573!16s%2Fg%2F11txcj7_zh!19sChIJM_n_Jn83ey0RceELNDxncuU?authuser=0&hl=fr&rclk=1,,,,
c790f6c8-ba4b-4206-a7de-c36477c8cc6a,Eliba - Conception paysagère,0644095176,contact@elibapaysage.fr,high,Elie,Baillou,Elie BAILLOU,mentions_legales,Albi,paysagiste,paysagiste,2,5.0,5,Paysagiste,https://www.elibapaysage.fr/,https://www.google.com/maps/place/Eliba+-+Conception+paysag%C3%A8re/data=!4m7!3m6!1s0xa89651c12a24563b:0xc56c5f7db67c03c6!8m2!3d43.6898017!4d2.2591964!16s%2Fg%2F11y391m0gk!19sChIJO1YkKsFRlqgRxgN8tn1fbMU?authuser=0&hl=fr&rclk=1,,51090980700016,,
0718117e-7561-4317-a37c-7f0524353d62,Erwan Touche à Tout,0771245296,etoucheatout@gmail.com,medium,Erwan,Touche À Tout,Erwan Touche à Tout,mentions_legales,Bayonne,paysagiste,paysagiste,2,5.0,24,Paysagiste,https://www.erwantoucheatout.fr/,https://www.google.com/maps/place/Erwan+Touche+%C3%A0+Tout/data=!4m7!3m6!1s0xd51411ea53ee1c9:0xab8e02569f1a93c!8m2!3d43.5067038!4d-1.4800208!16s%2Fg%2F11l6mqk196!19sChIJyeE-pR5BUQ0RPKnxaSXguAo?authuser=0&hl=fr&rclk=1,,,,
f243c491-416e-4434-92b1-5eb802cb3b5b,MJ SERVICE ÉLAGAGE / Élagage / Abattage / Rognage,0635025860,mayer.service93@gmail.com,medium,Jackson Noel,Mayer,JACKSON NOEL MAYER (MAYER),siret_insee,Aubervilliers,paysagiste,paysagiste,2,4.9,17,Service d'élagage,https://mj-service-elagage.fr/,https://www.google.com/maps/place/MJ+SERVICE+%C3%89LAGAGE+%2F+%C3%89lagage+%2F+Abattage+%2F+Rognage/data=!4m7!3m6!1s0x24aca36e95cc28a7:0x8e59506dd41864e4!8m2!3d48.9225012!4d2.3745281!16s%2Fg%2F11sp6dgwkz!19sChIJpyjMlW6jrCQR5GQY1G1QWY4?authuser=0&hl=fr&rclk=1,81.21Z,88249607800016,2020-03-11,NN
6e3899c5-924c-4c14-92f0-79b2fd2e2284,Charles elagueur,0675136868,contact@elagage-charles.fr,high,Charles,Adolphe,CHARLES ADOLPHE (ADOLPHE),siret_insee,Aubervilliers,paysagiste,paysagiste,2,5.0,6,Paysagiste,http://elagage-charles.fr/,https://www.google.com/maps/place/Charles+elagueur/data=!4m7!3m6!1s0x47e66d3eb191179d:0xe425ae3cf140c79a!8m2!3d48.9192324!4d2.3750821!16s%2Fg%2F11n9wgqdk2!19sChIJnReRsT5t5kcRmsdA8TyuJeQ?authuser=0&hl=fr&rclk=1,81.21Z,52791635700025,2010-10-25,NN
b0ddf409-06b0-4bcf-8777-81c726eafaab,"Lili Garden, paysagiste à Bayonne",0622431846,contact@liligarden.fr,high,,,,,Bayonne,paysagiste,paysagiste,2,5.0,8,Architecte paysagiste,http://www.liligarden.fr/,"https://www.google.com/maps/place/Lili+Garden,+paysagiste+%C3%A0+Bayonne/data=!4m7!3m6!1s0x47e66d1846705fb5:0x3fa493696f01bdd5!8m2!3d43.495409!4d-1.46842!16s%2Fg%2F11b77ll1d2!19sChIJtV9wRhht5kcR1b0Bb2mTpD8?authuser=0&hl=fr&rclk=1",,,,
3387298d-2588-4913-a0af-def4d457d74b,Atlantique Jardins,0664379611,contact@atlantique-jardins.fr,high,Luis-Miguel,Quius,LUIS-MIGUEL QUIUS,siret_insee,Labenne,paysagiste,paysagiste,2,5.0,21,Paysagiste,https://www.atlantique-jardins.fr/,https://www.google.com/maps/place/Atlantique+Jardins/data=!4m7!3m6!1s0xd51389beb8d5acf:0xebf909fc2d8f3e6f!8m2!3d43.4441827!4d-1.3838139!16s%2Fg%2F1tfjxm0s!19sChIJz1qN65s4UQ0Rbz6PLfwJ-es?authuser=0&hl=fr&rclk=1,81.30Z,43415102300059,2001-01-11,01
9a351e8f-6cc6-4d56-aad8-584b7e2978d7,Elagage Adolphe,0759781806,barryadolphe9@gmail.com,medium,,,,,Évry-Courcouronnes,paysagiste,paysagiste,1,4.9,15,Paysagiste,https://adolphe-elagage.fr/,https://www.google.com/maps/place/Elagage+Adolphe/data=!4m7!3m6!1s0x614ce17e3466a8f:0xa8a48f3dd8ff090d!8m2!3d48.6807824!4d2.5026636!16s%2Fg%2F11myssy7yk!19sChIJj2pG4xfOFAYRDQn_2D2PpKg?authuser=0&hl=fr&rclk=1,,,,
e840537b-68d8-475f-88fb-f3a6c9fcf854,Benji Services,0785716960,contact@leray.info,high,Leray.info,Christine Leray,Leray.info Christine Leray,mentions_legales,Saint-Brieuc,paysagiste,paysagiste,1,5.0,4,Paysagiste,https://leray.info/pro/benji-services,https://www.google.com/maps/place/Benji+Services/data=!4m7!3m6!1s0x480e033b9726a989:0x1e59d5df99e180c6!8m2!3d48.5531387!4d-2.7654665!16s%2Fg%2F11yqckbx8l!19sChIJiakmlzsDDkgRxoDhmd_VWR4?authuser=0&hl=fr&rclk=1,,,,
53de5792-dd10-402c-bf37-1aa0af5e2134,PAUL Elagage,0678612640,barripaulespacevert@gmail.com,medium,,,,,Saint-Brieuc,paysagiste,paysagiste,1,4.9,19,Service d'élagage,https://www.elagage-saint-brieuc.fr/?utm_source=gmb,https://www.google.com/maps/place/PAUL+Elagage/data=!4m7!3m6!1s0x480e1da6c526d28b:0x1e070f5fa63f514c!8m2!3d48.497943!4d-2.8417283!16s%2Fg%2F11btmq6_b0!19sChIJi9ImxaYdDkgRTFE_pl8PBx4?authuser=0&hl=fr&rclk=1,,,,
ca3cac31-37f4-4c3b-96de-2b6e5183b513,L.W.Espaceverts,0674360548,liliannaomie22@icloud.com,medium,,,,,Saint-Brieuc,paysagiste,paysagiste,1,5.0,4,Service d'élagage,https://www.elagage-abattage-l-w.fr/,https://www.google.com/maps/place/L.W.Espaceverts/data=!4m7!3m6!1s0x4811e393b302058b:0xe12488683b0d7b0f!8m2!3d48.488991!4d-2.7945866!16s%2Fg%2F11w2cfz9wq!19sChIJiwUCs5PjEUgRD3sNO2iIJOE?authuser=0&hl=fr&rclk=1,,,,
c31a5793-f1b8-4968-88e4-dd03d667f8fc,Pédron Sylvain,0296739854,contact@sylvainpedron.fr,high,Benoit,Prigent,BENOIT PRIGENT,siret_insee,Plelo,paysagiste,paysagiste,1,5.0,11,Jardinier,http://www.sylvainpedron.fr/,https://www.google.com/maps/place/P%C3%A9dron+Sylvain/data=!4m7!3m6!1s0x4811fcc9e9732b2d:0x59549e00f70e57!8m2!3d48.517717!4d-2.8526482!16s%2Fg%2F11btmqp695!19sChIJLStz6cn8EUgRVw73AJ5UWQA?authuser=0&hl=fr&rclk=1,62.01Z,80779133000010,2014-11-12,NN
589069ca-43a4-4711-a2f6-6fcc6e56bb8c,Charles Garden Paysage,0662905242,charlesgardenpaysage@gmail.com,medium,Charles Basile Marie,Carriou,CHARLES BASILE MARIE CARRIOU,siret_insee,Saint-Brieuc,paysagiste,paysagiste,1,4.8,17,Paysagiste,https://charlesgardenpaysage.com/,https://www.google.com/maps/place/Charles+Garden+Paysage/data=!4m7!3m6!1s0x4482a24877f26db3:0x15d735d0d4a6d1fb!8m2!3d48.4667078!4d-2.7874682!16s%2Fg%2F11x66gjqwx!19sChIJs23yd0iigkQR-9Gm1NA11xU?authuser=0&hl=fr&rclk=1,81.21Z,94217177800015,2025-04-01,NN
4b5e351e-7cc4-4c21-877b-a53ef73aa5e1,Ar Breton,0676782532,arbretonm@hotmail.com,medium,,,,,Saint-Brieuc,paysagiste,paysagiste,1,5.0,13,Service d'élagage,https://arbreton.fr/,https://www.google.com/maps/place/Ar+Breton/data=!4m7!3m6!1s0x480e1d9e734080d3:0xa709e2625f2c5cf8!8m2!3d48.5110164!4d-2.7454056!16s%2Fg%2F11g4bkjchn!19sChIJ04BAc54dDkgR-FwsX2LiCac?authuser=0&hl=fr&rclk=1,,,,
81d1831a-bcac-49de-a86d-09de42089969,SARL Arbo22,0669054511,sarl.arbo22@gmail.com,medium,Jeremy Yves,Boully,JEREMY YVES BOULLY,siret_insee,Tregueux,paysagiste,paysagiste,1,5.0,17,Service d'élagage,http://www.sarl-arbo22.com/,https://www.google.com/maps/place/SARL+Arbo22/data=!4m7!3m6!1s0x480e1da6fdd38289:0xd5617e2b2018246e!8m2!3d48.4832929!4d-2.7518477!16s%2Fg%2F11hcvgns36!19sChIJiYLT_aYdDkgRbiQYICt-YdU?authuser=0&hl=fr&rclk=1,81.30Z,83381293600015,2018-01-02,NN
e141245d-d121-426f-a09e-ed05f921f6eb,Pascale Foullon,0769078110,pascale.foullon@gmail.com,medium,Harmonie,Végétale Pascale Foullon,Harmonie Végétale Pascale Foullon,mentions_legales,Saint-Brieuc,paysagiste,paysagiste,1,5.0,6,Paysagiste,https://www.pascalefoullon.com/,https://www.google.com/maps/place/Pascale+Foullon/data=!4m7!3m6!1s0x480e77734c0a1b3b:0x8052e5274436a55e!8m2!3d48.5821968!4d-2.5362635!16s%2Fg%2F11h3kc_j5n!19sChIJOxsKTHN3DkgRXqU2RCflUoA?authuser=0&hl=fr&rclk=1,,,,
3bf84011-6da1-484e-8be4-6e7b9d2a2c7a,Les Jardins de Martin,0767266178,contact@lesjardinsdemartin.fr,high,Fanny France Annick,Essirard,FANNY FRANCE ANNICK ESSIRARD,siret_insee,Tregueux,paysagiste,paysagiste,1,4.5,12,Paysagiste,https://www.lesjardinsdemartin.fr/,https://www.google.com/maps/place/Les+Jardins+de+Martin/data=!4m7!3m6!1s0x4fdee24e5e6e249f:0x5d44fe513194f1c2!8m2!3d48.443051!4d-2.627462!16s%2Fg%2F11pzrm4wb6!19sChIJnyRuXk7i3k8RwvGUMVH-RF0?authuser=0&hl=fr&rclk=1,74.10Z,93513444500011,2024-11-07,NN
9668fa84-4e55-4f3d-8f5c-a19cadd48aa4,Jacob Jessy Paysagiste,0749226532,contact@paysagiste-elagueur.com,high,Jessy,Jacob,JESSY JACOB,siret_insee,Saint-Agathon,paysagiste,paysagiste,1,5.0,66,Paysagiste,https://paysagiste-elagueur.com/,https://www.google.com/maps/place/Jacob+Jessy+Paysagiste/data=!4m7!3m6!1s0x81e033abc5d937f5:0xfd4a7d3284474407!8m2!3d48.5781696!4d-3.1556828!16s%2Fg%2F11w8rp9klq!19sChIJ9TfZxasz4IERB0RHhDJ9Sv0?authuser=0&hl=fr&rclk=1,47.99A,83278350000016,2017-11-01,NN
5ac91d76-2ad2-47e2-ab7f-1aad984e4bc3,David Llorca Paysage,0631596879,dllpaysage@gmail.com,medium,David,Llorca,David LLORCA,mentions_legales,Aubervilliers,paysagiste,paysagiste,2,4.7,15,Paysagiste,https://www.davidllorcapaysage.fr/,https://www.google.com/maps/place/David+Llorca+Paysage/data=!4m7!3m6!1s0x47e66d42797761c3:0x30855be3999ad01a!8m2!3d48.9125636!4d2.3784243!16s%2Fg%2F11gmcflw8c!19sChIJw2F3eUJt5kcRGtCameNbhTA?authuser=0&hl=fr&rclk=1,,,,
d4011f85-e4a0-42c6-affb-76c85ae46e19,LE GEAI DES CHENES,0682929756,contact@legeaideschenes.com,high,Samuel Christian,Baret,SAMUEL CHRISTIAN BARET,siret_insee,Sete,paysagiste,paysagiste,3,4.9,61,Service d'élagage,http://www.legeaideschenes.com/,https://www.google.com/maps/place/LE+GEAI+DES+CHENES/data=!4m7!3m6!1s0x12b135bd0ee4ceb5:0x6c28714d5da0f910!8m2!3d43.4034138!4d3.6906398!16s%2Fg%2F11c55w86f6!19sChIJtc7kDr01sRIREPmgXU1xKGw?authuser=0&hl=fr&rclk=1,81.30Z,82270131400012,2016-10-01,NN
66322aa8-d660-4a8c-b43f-2b6b3427d00f,ABC Jardin - Paysagiste,0615503385,bourdonyvan@sfr.fr,medium,,,,,Sète,paysagiste,paysagiste,3,5.0,10,Paysagiste,https://abcjardin-sete.fr/fr,https://www.google.com/maps/place/ABC+Jardin+-+Paysagiste/data=!4m7!3m6!1s0x12b1355109105d03:0x9a50f0bc896e0b3f!8m2!3d43.3935967!4d3.6779522!16s%2Fg%2F11sb0lf9r1!19sChIJA10QCVE1sRIRPwtuibzwUJo?authuser=0&hl=fr&rclk=1,,,,
acee63d3-0c1d-4be1-b7b1-f911f91bf767,Olea Paysage,0677435609,contact@olea-paysage.com,high,Olivier Marcel Pierre,Bastide,OLIVIER MARCEL PIERRE BASTIDE,siret_insee,Loupian,paysagiste,paysagiste,3,4.9,92,Paysagiste,http://www.olea-paysage.com/,https://www.google.com/maps/place/Olea+Paysage/data=!4m7!3m6!1s0x12b139a149d0593b:0x979bbe1f9e5a5ca8!8m2!3d43.453289!4d3.608829!16s%2Fg%2F11h7qvpfj_!19sChIJO1nQSaE5sRIRqFxanh--m5c?authuser=0&hl=fr&rclk=1,81.30Z,81939781100038,2016-04-18,02
b0faea12-ea8a-4b8d-95cb-8e10881a73ba,Espaces Verdure,0617689720,contact.vvpaysage@gmail.com,medium,,,,,Sète,paysagiste,paysagiste,3,4.6,74,Paysagiste,https://www.espaces-verdure.fr/,https://www.google.com/maps/place/Espaces+Verdure/data=!4m7!3m6!1s0x12b1357c20c24027:0xd6f9096fb30ab157!8m2!3d43.4200004!4d3.7077763!16s%2Fg%2F11btmb1fcx!19sChIJJ0DCIHw1sRIRV7EKs28J-dY?authuser=0&hl=fr&rclk=1,,,,
65af28c8-da7f-4b1b-9581-4003e2d8b8ec,JMC paysage,0776149270,jmc.paysage.jardin@gmail.com,medium,,,,,Sète,paysagiste,paysagiste,3,4.6,10,Paysagiste,http://jmc-paysage-meze.netlify.app/,https://www.google.com/maps/place/JMC+paysage/data=!4m7!3m6!1s0x445a0b3ecb23a6cb:0xdde13243a7e1acdb!8m2!3d43.4580642!4d3.684749!16s%2Fg%2F11l2gxbc1j!19sChIJy6Yjyz4LWkQR26zhp0My4d0?authuser=0&hl=fr&rclk=1,,,,
1ece7a2d-060a-4ffb-8a89-77fb9aaf104b,Baptiste Elagueur paysagiste. 34,0687973933,contact.erimstudio@gmail.com,medium,Miguel Jean Louis,Baptiste,MIGUEL JEAN LOUIS BAPTISTE (BAPTISTE),siret_insee,Montpellier,paysagiste,paysagiste,3,4.9,49,Paysagiste,https://baptiste-elagueur-34.com/,https://www.google.com/maps/place/Baptiste+Elagueur+paysagiste.+34/data=!4m7!3m6!1s0x12b1359d979ae06f:0x2fb327d1871491c5!8m2!3d43.3966098!4d3.6944187!16s%2Fg%2F11k0tvnf1m!19sChIJb-Cal501sRIRxZEUh9Ensy8?authuser=0&hl=fr&rclk=1,45.20A,75284448000026,2012-07-09,NN
13297766-56f0-434b-801f-b38117080874,R'Eve Multiservices,0787066736,reve.multiservices08@gmail.com,medium,,,,,Charleville-Mézières,paysagiste,paysagiste,2,5.0,6,Jardinier,https://www.revemultiservices.com/,https://www.google.com/maps/place/R%27Eve+Multiservices/data=!4m7!3m6!1s0x803543f88225b253:0xa892e391d9879c97!8m2!3d49.7664797!4d4.6114908!16s%2Fg%2F11yc5bkfjg!19sChIJU7IlgvhDNYARl5yH2ZHjkqg?authuser=0&hl=fr&rclk=1,,,,
cfc85d3d-bc2f-4054-a1f8-c7e61375c512,Terr'eau paysage,0611108824,terreaupaysage@gmail.com,medium,Benjamin,Daly,BENJAMIN DALY,siret_insee,Balaruc-Les-Bains,paysagiste,paysagiste,3,5.0,26,Paysagiste,https://terreaupaysage.fr/,https://www.google.com/maps/place/Terr%27eau+paysage/data=!4m7!3m6!1s0x12b14bf787062db7:0x6eae4c8ff1ce210f!8m2!3d43.4531091!4d3.6928398!16s%2Fg%2F11s7ys2w70!19sChIJty0Gh_dLsRIRDyHO8Y9Mrm4?authuser=0&hl=fr&rclk=1,81.30Z,91882832800016,2022-08-30,NN
7babca0d-1ded-4987-b8fc-5ab7245669c8,BART Nicolas,0324333305,nicolas.bart436@orange.fr,medium,Nicolas,Bart,NICOLAS BART (BART),siret_insee,Charleville-Mezieres,paysagiste,paysagiste,2,5.0,20,Service d'élagage,http://bart.site-solocal.com/,https://www.google.com/maps/place/BART+Nicolas/data=!4m7!3m6!1s0x47ea0e6025cd9bf1:0xf98ccbdeeb51f594!8m2!3d49.698115!4d4.7093882!16s%2Fg%2F1tnpdrqq!19sChIJ8ZvNJWAO6kcRlPVR697LjPk?authuser=0&hl=fr&rclk=1,81.30Z,40910496500028,1996-10-07,02
9997fabc-2806-478d-ac99-e080bf97c290,SMS Espaces Verts,0785412097,nohimsigler15@gmail.com,medium,,,,mentions_legales,Albi,paysagiste,paysagiste,2,5.0,13,Service d'élagage,https://www.sms-espace-vert.fr/,https://www.google.com/maps/place/SMS+Espaces+Verts/data=!4m7!3m6!1s0xa42325e75a134585:0xf46c4cc89bf998fe!8m2!3d43.9385508!4d2.2356727!16s%2Fg%2F11ynzgvgy6!19sChIJhUUTWuclI6QR_pj5m8hMbPQ?authuser=0&hl=fr&rclk=1,,,,
c4872f6e-421d-4900-9a19-937221ba1725,Di Luca Stéphane,0632663104,contact@di-luca-paysagiste.fr,high,,,,,Belfort,paysagiste,paysagiste,0,4.7,13,Paysagiste,http://www.di-luca-paysagiste.fr/,https://www.google.com/maps/place/Di+Luca+St%C3%A9phane/data=!4m7!3m6!1s0x479226a3ed2e3f53:0xc622c1553c8b1b1e!8m2!3d47.6456306!4d6.9882421!16s%2Fg%2F11b81sjxy5!19sChIJUz8u7aMmkkcRHhuLPFXBIsY?authuser=0&hl=fr&rclk=1,,,,
116d17fc-4111-4dcc-87af-02399b96c28f,Cyrille Multi Services,0651430278,info@cyrillemultiservices.fr,high,,,,,Belfort,paysagiste,paysagiste,0,5.0,27,Jardinier,https://www.cyrillemultiservices.fr/,https://www.google.com/maps/place/Cyrille+Multi+Services/data=!4m7!3m6!1s0x6da08976c16751ef:0xf60d4d2258ecc586!8m2!3d47.6292089!4d6.837645!16s%2Fg%2F11m64vhq7v!19sChIJ71FnwXaJoG0RhsXsWCJNDfY?authuser=0&hl=fr&rclk=1,,,,
efa94a94-c5cd-452c-a45e-8a5201ccc716,Les Jardins d'Isaac,0698217155,jardinsdisaac@gmail.com,medium,,,,,Belfort,paysagiste,paysagiste,0,5.0,3,Jardinier,http://valentinkyndt.com/,https://www.google.com/maps/place/Les+Jardins+d%27Isaac/data=!4m7!3m6!1s0x47923dab9272d0d3:0xca16d5c08b4c362!8m2!3d47.6319989!4d6.8630535!16s%2Fg%2F11ymxxkpvh!19sChIJ09Bykqs9kkcRYsO0CFxtoQw?authuser=0&hl=fr&rclk=1,,,,
a5a95e9c-2007-4bc4-a6f1-4eef89fd89d4,Paysagiste Belfort - Terre Vert Paysage,0754733448,contact@terre-vert-paysage.fr,high,,,,,Belfort,paysagiste,paysagiste,0,5.0,17,Paysagiste,https://terre-vert-paysage.fr/,https://www.google.com/maps/place/Paysagiste+Belfort+-+Terre+Vert+Paysage/data=!4m7!3m6!1s0x8864bdda646b3211:0x1d4b7cefad3c7e2e!8m2!3d47.6292957!4d6.8505109!16s%2Fg%2F11ywq7xfk8!19sChIJETJrZNq9ZIgRLn48re98Sx0?authuser=0&hl=fr&rclk=1,,,,
73e8eaf1-a52a-47ec-b701-29e0d0a33336,Couturier espaces verts,0786376455,contact@couturier-espacesverts.com,low,Valentin Clement,Couturier,VALENTIN CLEMENT COUTURIER,siret_insee,Chalon-Sur-Saone,paysagiste,paysagiste,1,5.0,9,Paysagiste,https://www.couturier-espacesverts.fr/,https://www.google.com/maps/place/Couturier+espaces+verts/data=!4m7!3m6!1s0x7253da0ed768d6d:0x978837bad0156399!8m2!3d46.7772552!4d4.8626318!16s%2Fg%2F11ryr5jc2q!19sChIJbY127aA9JQcRmWMV0Lo3iJc?authuser=0&hl=fr&rclk=1,81.30Z,90839951200015,2022-01-03,NN
8067d76d-1b8d-4860-88cd-08b842816086,Mansar Paysage,0609907536,mansarpaysage@gmail.com,medium,,,,,Chalon-sur-Saône,paysagiste,paysagiste,1,5.0,28,Paysagiste,https://www.mansarpaysage.fr/,https://www.google.com/maps/place/Mansar+Paysage/data=!4m7!3m6!1s0x47f2fd2a58786763:0xa1ce28e7ee9c7762!8m2!3d46.7975072!4d4.8469111!16s%2Fg%2F11vf8q3nmw!19sChIJY2d4WCr98kcRYnec7ucozqE?authuser=0&hl=fr&rclk=1,,,,
de783df2-4079-4844-a3c7-32cc50060a6b,JL Garnier,0646271505,contact@frederiqueviviand.fr,low,,,,,Chalon-sur-Saône,paysagiste,paysagiste,1,4.7,7,Paysagiste,https://www.garnier-paysagiste-71.com/,https://www.google.com/maps/place/JL+Garnier/data=!4m7!3m6!1s0x47f2fd8c8b306981:0x5de5a3664d6953f5!8m2!3d46.732044!4d4.799049!16s%2Fg%2F11btm9rgsl!19sChIJgWkwi4z98kcR9VNpTWaj5V0?authuser=0&hl=fr&rclk=1,,,,
57d50645-4084-4ac5-8dda-17f42649dee7,Meunier Paysage,0626554328,contact@meunierpaysage.fr,high,Maxence Victor,Meunier,MAXENCE VICTOR MEUNIER,siret_insee,Granges,paysagiste,paysagiste,1,4.5,15,Paysagiste,https://www.meunierpaysage.fr/,https://www.google.com/maps/place/Meunier+Paysage/data=!4m7!3m6!1s0x47f2ffb40a8b8645:0x34b2c5b278d68e1d!8m2!3d46.726339!4d4.7476353!16s%2Fg%2F1vrq8zwv!19sChIJRYaLCrT_8kcRHY7WeLLFsjQ?authuser=0&hl=fr&rclk=1,81.30Z,75188284600023,2012-01-01,02
0810d8d0-321f-4b13-8d9f-f47b0fb2e24f,Nouveaux Paysages,0345770743,contact.nouveaux.paysages@gmail.com,medium,,,,,Chalon-sur-Saône,paysagiste,paysagiste,1,4.7,15,Paysagiste,https://www.paysagiste-chalon-sur-saone.fr/,https://www.google.com/maps/place/Nouveaux+Paysages/data=!4m7!3m6!1s0x47f2fb698b5bd023:0x8d872e3920c382ed!8m2!3d46.8156713!4d4.8523152!16s%2Fg%2F11cs1cj5t7!19sChIJI9Bbi2n78kcR7YLDIDkuh40?authuser=0&hl=fr&rclk=1,,,,
b6a4156a-fac7-4965-a231-fc1b7870c2be,Georges Elagage,0769990606,couverturegeorges@gmail.com,medium,,,,,Alfortville,paysagiste,paysagiste,1,5.0,5,Paysagiste,https://www.georges-elagage.fr/,https://www.google.com/maps/place/Georges+Elagage/data=!4m7!3m6!1s0x47e6734d73e4255b:0x4011c20e0bb6a5e1!8m2!3d48.8213817!4d2.4176326!16s%2Fg%2F11yjv4l3vf!19sChIJWyXkc01z5kcR4aW2Cw7CEUA?authuser=0&hl=fr&rclk=1,,,,
ec445c1d-e7c2-4c77-b602-0e6861f64fbf,Elagage Costallat | Elagueur Rosny sous bois | Elagueur Seine Saint Denis,0628920878,contact@elagage-espaces-verts.fr,high,Laurent,Allard,LAURENT ALLARD (ALLARD),siret_insee,Roubaix,paysagiste,paysagiste,2,5.0,34,Service d'élagage,https://www.elagage-espaces-verts.fr/,https://www.google.com/maps/place/Elagage+Costallat+%7C+Elagueur+Rosny+sous+bois+%7C+Elagueur+Seine+Saint+Denis/data=!4m7!3m6!1s0x47e6135ddb69943b:0x2e54ed9a2a7bd8b5!8m2!3d48.8775139!4d2.5022119!16s%2Fg%2F11vkknt7f0!19sChIJO5Rp210T5kcRtdh7KprtVC4?authuser=0&hl=fr&rclk=1,63.11Z,42476141900045,1999-10-15,42
017f8da3-0bf6-4470-b8f4-0eeeac28a36f,Gabard Elagage,0148541496,contact.gabard@gmail.com,medium,Gabard,Stéphane,Gabard Stéphane,mentions_legales,Rosny-sous-Bois,paysagiste,paysagiste,2,4.9,53,Paysagiste,https://www.gabard-elagage-abattage.fr/,https://www.google.com/maps/place/Gabard+Elagage/data=!4m7!3m6!1s0x47e613390b31f2e9:0xfde03f170f77f541!8m2!3d48.8681028!4d2.4595103!16s%2Fg%2F11ts93bszx!19sChIJ6fIxCzkT5kcRQfV3Dxc_4P0?authuser=0&hl=fr&rclk=1,,,,
a09bc448-b56f-4bc5-be4e-6cc7873cbf16,Jardintime,0618073032,contact@jardintime.fr,high,,,,mentions_legales,Maisons-Alfort,paysagiste,paysagiste,3,5.0,15,Jardinier,https://jardintime.fr/,https://www.google.com/maps/place/Jardintime/data=!4m7!3m6!1s0x2b3560ce71c6197d:0xbd2de78106352aaf!8m2!3d48.8013009!4d2.4431815!16s%2Fg%2F11tbgbmr0x!19sChIJfRnGcc5gNSsRryo1BoHnLb0?authuser=0&hl=fr&rclk=1,,,,
6d336ad2-fa8b-4f60-aed9-70c1f8b862a3,Paysage Bien-Etre SARL,0771032607,paysage.bien-etre@hotmail.com,medium,,,,,Belfort,paysagiste,paysagiste,0,5.0,13,Paysagiste,http://paysagebienetre.e-monsite.com/,https://www.google.com/maps/place/Paysage+Bien-Etre+SARL/data=!4m7!3m6!1s0x479226b130877f1d:0xc2d80c00ff2dd186!8m2!3d47.636198!4d6.9956971!16s%2Fg%2F11gfhw_p2c!19sChIJHX-HMLEmkkcRhtEt_wAM2MI?authuser=0&hl=fr&rclk=1,,,,
bc516354-cb45-4098-91f7-52fedccc5ccc,BOUTHORS Vincent - Jardinier Paysagiste Val d'Oise 95,0646455416,bouthors.paysagiste@gmail.com,medium,Vincent Elagage,Bouthors,BOUTHORS Vincent Elagage,mentions_legales,Cergy,paysagiste,paysagiste,2,5.0,42,Paysagiste,https://www.bouthors-vincent-paysagiste.fr/,https://www.google.com/maps/place/BOUTHORS+Vincent+-+Jardinier+Paysagiste+Val+d%27Oise+95/data=!4m7!3m6!1s0x47e65f16c46195fd:0x8d12dcaad2e7bf1b!8m2!3d49.0604453!4d2.1781544!16s%2Fg%2F11rhz9scfj!19sChIJ_ZVhxBZf5kcRG7_n0qrcEo0?authuser=0&hl=fr&rclk=1,,,,
6d1a267f-5fde-4879-8d41-5e3847dd2bcd,Greenflore,0170955450,contact@greenflore.fr,high,,,,,Rosny-sous-Bois,paysagiste,paysagiste,2,4.8,18,Paysagiste,https://www.greenflore.fr/,https://www.google.com/maps/place/Greenflore/data=!4m7!3m6!1s0x47e6124dd57b16d9:0x335e8b81fa0d9d4d!8m2!3d48.8880693!4d2.5188986!16s%2Fg%2F11gh47lxhx!19sChIJ2RZ71U0S5kcRTZ0N-oGLXjM?authuser=0&hl=fr&rclk=1,,,,
007674b8-7d8d-4924-aab1-5e8d3bee77f7,Ittig Paysagiste,0673207713,artisanittig9@gmail.com,medium,,,,,Cergy,paysagiste,paysagiste,2,4.6,29,Service d'élagage,https://www.ittig-paysagiste.fr/,https://www.google.com/maps/place/Ittig+Paysagiste/data=!4m7!3m6!1s0xa2e692b4ffbc1af7:0xcea5a209cf78de0!8m2!3d49.0750561!4d2.1018746!16s%2Fg%2F11lc_1bb69!19sChIJ9xq8_7SS5qIR4I33nCBa6gw?authuser=0&hl=fr&rclk=1,,,,
fee85607-f56b-4338-898d-83273059e99a,arbotechnic,0145280900,arbotechnic@gmail.com,medium,Eliane,Jarraud,ELIANE JARRAUD (STUCKI),siret_insee,Verberie,paysagiste,paysagiste,2,5.0,3,Service d'élagage,http://paysagiste-elagage-abattage.com/contactez-paysagiste-elagueur-abatteur-arbres-seine-saint-denis-93/,https://www.google.com/maps/place/arbotechnic/data=!4m7!3m6!1s0x47e612f5c41d9423:0x1c6ac5028b622e57!8m2!3d48.8772189!4d2.5020735!16s%2Fg%2F11g0tl51b9!19sChIJI5QdxPUS5kcRVy5iiwLFahw?authuser=0&hl=fr&rclk=1,81.30Z,39747322400020,1994-04-01,00
a210339f-11e3-4b32-9dd6-9b4996141c1e,Tony Jardin Elagage arbres,0660345648,tonyjardin06@gmail.com,medium,Yann,Winterstein,Yann WINTERSTEIN,mentions_legales,Cagnes-sur-Mer,paysagiste,paysagiste,1,5.0,30,Paysagiste,http://tonyjardinelagage.com/,https://www.google.com/maps/place/Tony+Jardin+Elagage+arbres/data=!4m7!3m6!1s0x12cc2b4a31f39abb:0xb61aa9efa34373c6!8m2!3d43.6295067!4d7.1835987!16s%2Fg%2F11h6dg_4h0!19sChIJu5rzMUorzBIRxnNDo--pGrY?authuser=0&hl=fr&rclk=1,,,,
dfda49ab-f024-4b86-a3dc-927dd5e9157b,Charly élagage,0757825043,beaumann.bati@gmail.com,medium,Beaumann,Charly,BEAUMANN CHARLY,mentions_legales,Albi,paysagiste,paysagiste,2,5.0,4,Service d'élagage,https://elagueurpaysagiste-81.fr/,https://www.google.com/maps/place/Charly+%C3%A9lagage/data=!4m7!3m6!1s0x12ae11cde9c5cefb:0x37421cb60e3c9106!8m2!3d43.773784!4d2.1888174!16s%2Fg%2F11vw_kdw5g!19sChIJ-87F6c0RrhIRBpE8DrYcQjc?authuser=0&hl=fr&rclk=1,,,,
07988c64-83da-4a3d-8a23-527b71e8522d,Mesnard Paysage,0658402894,mesnardpaysage@yahoo.com,medium,Mickaël,Mesnard,MICKAËL MESNARD,siret_insee,Chambray-Les-Tours,paysagiste,paysagiste,1,5.0,24,Paysagiste,https://www.mesnardpaysage.com/,https://www.google.com/maps/place/Mesnard+Paysage/data=!4m7!3m6!1s0x8f42eb452bdf98e1:0x5b81ebc0e32f0ec0!8m2!3d47.3410591!4d0.7162777!16s%2Fg%2F11yltsv0lr!19sChIJ4ZjfK0XrQo8RwA4v48DrgVs?authuser=0&hl=fr&rclk=1,81.30Z,91414316900011,2022-06-01,01
ab1617b1-e0a0-43c2-8104-4d7420a1fa59,Jardins Animés,0185510145,info.fr@jardins-animes.com,high,,,,,Pontault-Combault,paysagiste,paysagiste,2,4.6,445,Jardinerie,https://fr.jardins-animes.com/,https://www.google.com/maps/place/Jardins+Anim%C3%A9s/data=!4m7!3m6!1s0x47e60f485e721d9d:0x6fc80e59eb74fc5a!8m2!3d48.778752!4d2.610252!16s%2Fg%2F1xfsn13g!19sChIJnR1yXkgP5kcRWvx061kOyG8?authuser=0&hl=fr&rclk=1,,,,
d957ba48-c7a3-4df4-8e93-ea02f89bac79,Agathe Services,0148940982,contact@agatheservices.com,high,,,,,Rosny-sous-Bois,paysagiste,paysagiste,2,4.8,4,Paysagiste,http://www.agatheservices.com/,https://www.google.com/maps/place/Agathe+Services/data=!4m7!3m6!1s0x47e6128dd8fe795b:0x73dd6e963d3c4c5!8m2!3d48.8757526!4d2.4753365!16s%2Fg%2F1wt3mq86!19sChIJW3n-2I0S5kcRxcTTY-nWPQc?authuser=0&hl=fr&rclk=1,,,,
580ce7db-c646-492a-b393-2b8b5b522b6e,Sephivert,0160626363,contact@sephivert.fr,high,Guillaume De,Brosses,Guillaume de BROSSES,mentions_legales,Pontault-Combault,paysagiste,paysagiste,2,4.7,131,Paysagiste,https://www.sephivert.fr/,https://www.google.com/maps/place/Sephivert/data=!4m7!3m6!1s0x47e6081ab0ebde19:0xe508d698e32e9cbf!8m2!3d48.6983556!4d2.6127192!16s%2Fg%2F1tmqfhyr!19sChIJGd7rsBoI5kcRv5wu45jWCOU?authuser=0&hl=fr&rclk=1,,,,
b48e266b-5816-4a2f-a492-21639d5fdd01,DB Élagage,0659096160,db.elagage@yahoo.com,medium,David Jacques Paul,Beautour,DAVID JACQUES PAUL BEAUTOUR (BEAUTOUR),siret_insee,Le Pin,paysagiste,paysagiste,2,4.9,53,Paysagiste,https://elagueur-93.fr/,https://www.google.com/maps/place/DB+%C3%89lagage/data=!4m7!3m6!1s0x6dc1be2dde278493:0xf88ea85e8c8cf358!8m2!3d48.7868766!4d2.6027465!16s%2Fg%2F11rz794ct5!19sChIJk4Qn3i2-wW0RWPOMjF6ojvg?authuser=0&hl=fr&rclk=1,43.91B,82353225400013,2016-10-06,NN
156ea134-71c6-4a3d-8520-ebc3b99db4db,Un Beau Jardin,0247272703,contact@unbeaujardin.fr,high,,,,,Joué-lès-Tours,paysagiste,paysagiste,1,4.8,26,Paysagiste,https://www.unbeaujardin.fr/,https://www.google.com/maps/place/Un+Beau+Jardin/data=!4m7!3m6!1s0x47fcd6c98bdf5e8f:0x65befb3cf3e1d863!8m2!3d47.3472371!4d0.7298801!16s%2Fg%2F11nmmn2fnl!19sChIJj17fi8nW_EcRY9jh8zz7vmU?authuser=0&hl=fr&rclk=1,,,,
37169464-eb15-4b9e-b980-38a6f78a8bf5,green paysage et jardin,0787044997,green.paysage.jardin@gmail.com,medium,,,,,Sarcelles,paysagiste,paysagiste,2,4.9,16,Paysagiste,http://jardinetamenagement.fr/,https://www.google.com/maps/place/green+paysage+et+jardin/data=!4m7!3m6!1s0x47e65b05f1491ea1:0xc5a09b537a7c9b7d!8m2!3d49.1418575!4d2.2861607!16s%2Fg%2F11fn4jygzn!19sChIJoR5J8QVb5kcRfZt8elOboMU?authuser=0&hl=fr&rclk=1,,,,
5035707c-8b9b-455e-9041-ad7d18ddfc2a,AUX MAITRES PAYSAGISTES,0698743050,auxmaitrespaysagistes@yahoo.fr,medium,Hans Frederic Gilbert,Pourcelot,HANS FREDERIC GILBERT POURCELOT (POURCELOT),siret_insee,Melun,paysagiste,paysagiste,3,4.6,63,Paysagiste,https://www.amp77.fr/,https://www.google.com/maps/place/AUX+MAITRES+PAYSAGISTES/data=!4m7!3m6!1s0x47e5faf56585064b:0xff962b75c724fb18!8m2!3d48.5484901!4d2.6484766!16s%2Fg%2F11btm55kst!19sChIJSwaFZfX65UcRGPskx3Urlv8?authuser=0&hl=fr&rclk=1,81.30Z,48200818200065,2005-04-21,11
cb3540f3-48f8-4add-80f9-cb906abbcb0b,Elagage ntp,0661233314,contact@elagagentp.fr,high,Bruno,Hortica,BRUNO HORTICA (HORTICA),siret_insee,Veigne,paysagiste,paysagiste,1,4.8,21,Service d'élagage,http://www.elagagentp.fr/,https://www.google.com/maps/place/Elagage+ntp/data=!4m7!3m6!1s0x22ac205fc77a0be9:0x3c570be33fc88a73!8m2!3d47.3090724!4d0.7267635!16s%2Fg%2F11trqx7rht!19sChIJ6Qt6x18grCIRc4rIP-MLVzw?authuser=0&hl=fr&rclk=1,43.34Z,44837015500039,2003-04-15,NN
210b2213-40eb-4b11-a913-def740908d21,Vert Design,0185537371,vertdesign77@gmail.com,medium,Vert,Design,Vert Design,mentions_legales,Melun,paysagiste,paysagiste,3,5.0,15,Service d'élagage,https://www.vert-design.fr/,https://www.google.com/maps/place/Vert+Design/data=!4m7!3m6!1s0x47e5f1e3b15e77af:0x942cdd6868bb594b!8m2!3d48.5258507!4d2.6834817!16s%2Fg%2F11zjkpwk4s!19sChIJr3desePx5UcRS1m7aGjdLJQ?authuser=0&hl=fr&rclk=1,,,,
4eef976f-893c-44c5-9352-957319065370,Hoffmann Elagage 77,0609088826,jackyhoffmann72@icloud.com,medium,,Hoffmann,Hoffmann,mentions_legales,Melun,paysagiste,paysagiste,3,4.9,16,Paysagiste,https://www.paysagiste-elagueur-77.fr/,https://www.google.com/maps/place/Hoffmann+Elagage+77/data=!4m7!3m6!1s0x47e5fb9ba4d0c3c3:0xa77d8ceae61e00ec!8m2!3d48.5710845!4d2.6649336!16s%2Fg%2F11fw8vttpz!19sChIJw8PQpJv75UcR7AAe5uqMfac?authuser=0&hl=fr&rclk=1,,,,
a3ff1f7b-194d-46c6-a1eb-1e3b2c22a544,Paysagiste Dipein Jackson,0612624957,artisandipein77@gmail.com,medium,Artisan,Dipein,Artisan Dipein,mentions_legales,Melun,paysagiste,paysagiste,3,4.6,5,Paysagiste,https://www.dipein-paysagiste.fr/,https://www.google.com/maps/place/Paysagiste+Dipein+Jackson/data=!4m7!3m6!1s0x47e5fb8b5d04f6f7:0x8e74bf69e707283e!8m2!3d48.5610361!4d2.6962422!16s%2Fg%2F11m5pm93w3!19sChIJ9_YEXYv75UcRPigH52m_dI4?authuser=0&hl=fr&rclk=1,,,,
e7dc265b-7eab-4ee3-a79a-3b53ef02453d,Franck Josse Espaces verts 94,0664054915,contact@sce3d.fr,low,,,,,Pontault-Combault,paysagiste,paysagiste,2,4.9,77,Paysagiste,https://espacesverts94.fr/,https://www.google.com/maps/place/Franck+Josse+Espaces+verts+94/data=!4m7!3m6!1s0x47e609ef9e3bffd1:0xb17dd22d281185f9!8m2!3d48.7223666!4d2.5684676!16s%2Fg%2F11h6l_k52s!19sChIJ0f87nu8J5kcR-YURKC3SfbE?authuser=0&hl=fr&rclk=1,,,,
25eb00f7-6eb1-4cce-a4e1-398a1f0bff89,Les Jardins de Melun,0658441580,contact@lesjardinsdemelun.fr,high,,,,,Melun,paysagiste,paysagiste,3,4.7,12,Service d'élagage,https://lesjardinsdemelun.fr/,https://www.google.com/maps/place/Les+Jardins+de+Melun/data=!4m7!3m6!1s0x47e5fb0944f2020b:0x847811fa0f2323ca!8m2!3d48.5418371!4d2.6558639!16s%2Fg%2F11y55s65bx!19sChIJCwLyRAn75UcRyiMjD_oReIQ?authuser=0&hl=fr&rclk=1,,,,
2212b5c8-7fdc-41f5-a16a-1ad2f247ad77,Origine Jardins,0658218792,originejardins@gmail.com,medium,Jerome Pierre-Guy Aristide,Diosca,JEROME PIERRE-GUY ARISTIDE DIOSCA (DIOSCA),siret_insee,Dammarie-Les-Lys,paysagiste,paysagiste,3,4.6,9,Paysagiste,https://www.originejardins.com/index.html,https://www.google.com/maps/place/Origine+Jardins/data=!4m7!3m6!1s0x47e5f1a63a37cd59:0xd2eacaa4cce77e9a!8m2!3d48.4992338!4d2.6344258!16s%2Fg%2F11frg1wrkp!19sChIJWc03Oqbx5UcRmn7nzKTK6tI?authuser=0&hl=fr&rclk=1,81.30Z,88228939000016,2020-03-05,02
fcf6b87d-cbb4-4bb0-bddd-3a7cda1f89a4,CAP VERT PAYSAGE,0247340292,contact@cap-vert-paysage.com,high,,,,,Joué-lès-Tours,paysagiste,paysagiste,1,4.6,58,Paysagiste,https://cap-vert-paysage.com/,https://www.google.com/maps/place/CAP+VERT+PAYSAGE/data=!4m7!3m6!1s0x47fcd9c0b103a15b:0x5ef42c52e1c82755!8m2!3d47.2714404!4d0.7081729!16s%2Fg%2F11ddwhsx9d!19sChIJW6EDscDZ_EcRVSfI4VIs9F4?authuser=0&hl=fr&rclk=1,,,,
de8fd414-3da8-4987-ae94-457483e2312c,"Almeida environnement Paysagiste 77- Maçonnerie, Terrasses, Elagage",0160683467,contact@almeida-environnement.fr,high,,,,,Melun,paysagiste,paysagiste,3,4.6,32,Paysagiste,https://www.almeida-environnement.fr/,"https://www.google.com/maps/place/Almeida+environnement+Paysagiste+77-+Ma%C3%A7onnerie,+Terrasses,+Elagage/data=!4m7!3m6!1s0x47e5f77d7b86be3f:0x5349d776e06cdeb!8m2!3d48.4887926!4d2.6988513!16s%2Fg%2F11flg1ny2p!19sChIJP76Ge3335UcR680GbnedNAU?authuser=0&hl=fr&rclk=1",,,,
7aced0ae-4bcd-49f1-b085-d69bb6982138,H LEMOS,0679602939,marcoslemossilva@icloud.com,medium,Marcos Humberto,Lemos Silva,MARCOS HUMBERTO LEMOS SILVA,siret_insee,Chailly-En-Biere,paysagiste,paysagiste,3,5.0,13,Paysagiste,https://www.h-lemos-paysage.com/,https://www.google.com/maps/place/H+LEMOS/data=!4m7!3m6!1s0x80f5ef816caf561d:0xaa41c17072bcb234!8m2!3d48.4592606!4d2.6506124!16s%2Fg%2F11v0f3f98s!19sChIJHVavbIHv9YARNLK8cnDBQao?authuser=0&hl=fr&rclk=1,81.30Z,89973704300013,2021-04-23,NN
f21eb0d3-291c-4c51-8b94-7d4257ff1840,H.LEMOS,0970359480,marcoslemossilva@icloud.com,medium,Marcos Humberto,Lemos Silva,MARCOS HUMBERTO LEMOS SILVA,siret_insee,Chailly-En-Biere,paysagiste,paysagiste,3,5.0,17,Paysagiste,http://h-lemos-paysage.com/,https://www.google.com/maps/place/H.LEMOS/data=!4m7!3m6!1s0x47e5f1e0d7018eed:0x90e469cefd69f3c9!8m2!3d48.4669211!4d2.6067412!16s%2Fg%2F11w486sp8_!19sChIJ7Y4B1-Dx5UcRyfNp_c5p5JA?authuser=0&hl=fr&rclk=1,81.30Z,89973704300013,2021-04-23,NN
90d5eac0-082f-47a2-867c-ca459726c90a,j.service,0608855991,j.streel@gmx.fr,low,,,,,Melun,paysagiste,paysagiste,3,4.7,3,Paysagiste,https://gratuit-4446732.webador.fr/,https://www.google.com/maps/place/j.service/data=!4m7!3m6!1s0xabf0136b7e65be2f:0x2af4aad92099fa6d!8m2!3d48.542137!4d2.6552455!16s%2Fg%2F11vf2zkd2l!19sChIJL75lfmsT8KsRbfqZINmq9Co?authuser=0&hl=fr&rclk=1,,,,
15325b08-d0f9-4b23-a8ab-f53829aa4ac5,ARCADIA PAYSAGE,0695041104,arcadiapaysage06@gmail.com,medium,,,,,Grasse,paysagiste,paysagiste,2,5.0,37,Jardinier,http://www.arcadiapaysage.fr/,https://www.google.com/maps/place/ARCADIA+PAYSAGE/data=!4m7!3m6!1s0x12cc271e578062ab:0x6c3947d86930814f!8m2!3d43.640628!4d6.8977167!16s%2Fg%2F11mvxqylxd!19sChIJq2KAVx4nzBIRT4EwadhHOWw?authuser=0&hl=fr&rclk=1,,,,
5fe0d4af-9504-4933-9ae4-200ebb94c849,Appolo Jardins,0667018361,appolojardins@gmail.com,medium,,,,,Grasse,paysagiste,paysagiste,2,5.0,10,Jardinier,http://www.appolojardins.fr/,https://www.google.com/maps/place/Appolo+Jardins/data=!4m7!3m6!1s0x12cc2fd738ec906d:0x2f78b56fbe625ca!8m2!3d43.6602462!4d6.9278502!16s%2Fg%2F11h7_nz69d!19sChIJbZDsONcvzBIRyiXm-1aL9wI?authuser=0&hl=fr&rclk=1,,,,
cf4502ae-64d1-4246-9bf3-e92b279d619a,Sas JC Paysage,0637768597,jctorres322@gmail.com,medium,Jean-Christophe,Torres,JEAN-CHRISTOPHE TORRES (TORRES),siret_insee,Grasse,paysagiste,paysagiste,2,5.0,21,Paysagiste,http://www.jc-paysage-06.fr/,https://www.google.com/maps/place/Sas+JC+Paysage/data=!4m7!3m6!1s0x12cc11e82a71f55f:0x4d16b08aa6f58ea6!8m2!3d43.634788!4d6.924815!16s%2Fg%2F11s8yd5cc9!19sChIJX_VxKugRzBIRpo71poqwFk0?authuser=0&hl=fr&rclk=1,81.30Z,83466094600015,2017-07-01,02
aa872b97-bbb4-41f5-9ad3-cebe4e6018c4,Jardins d'Arthur Création,0610567148,direction@jardinsdarthurcreation.fr,low,,,,mentions_legales,Joué-lès-Tours,paysagiste,paysagiste,1,5.0,6,Paysagiste,https://www.jardinsdarthurcreation.com/,https://www.google.com/maps/place/Jardins+d%27Arthur+Cr%C3%A9ation/data=!4m7!3m6!1s0x2c820e270471683b:0x7e8a1e47f4c61418!8m2!3d47.3263346!4d0.5992455!16s%2Fg%2F11ltwtkkgq!19sChIJO2hxBCcOgiwRGBTG9Ecein4?authuser=0&hl=fr&rclk=1,,,,
2d24b925-c3a7-4830-b053-9eaf722c67bc,SERVIVERT,0784883712,contact@servivert.fr,high,Karim,Ben Jemaa,KARIM BEN JEMAA,siret_insee,Cesson,paysagiste,paysagiste,3,4.5,26,Paysagiste,https://www.servivert.fr/,https://www.google.com/maps/place/SERVIVERT/data=!4m7!3m6!1s0x47e5e58b4cbf24db:0xc2e2df6f06c02750!8m2!3d48.5521952!4d2.6020392!16s%2Fg%2F11mncqcygb!19sChIJ2yS_TIvl5UcRUCfABm_f4sI?authuser=0&hl=fr&rclk=1,81.30Z,89004903400014,2020-09-22,01
43dea737-1d42-4eb2-922a-108c0601953f,LTS Arbres & Jardins - Paysagiste élagueur à Moigny-sur-Ecole,0638500655,lts.arbres.jardins@gmail.com,medium,,,,,Évry-Courcouronnes,paysagiste,paysagiste,1,5.0,23,Paysagiste,http://www.lts-arbres-jardins.fr/,https://www.google.com/maps/place/LTS+Arbres+%26+Jardins+-+Paysagiste+%C3%A9lagueur+%C3%A0+Moigny-sur-Ecole/data=!4m7!3m6!1s0x8713184a86b3c115:0x68fc2a8ee6476aee!8m2!3d48.5303468!4d2.250089!16s%2Fg%2F11n48klfcm!19sChIJFcGzhkoYE4cR7mpH5o4q_Gg?authuser=0&hl=fr&rclk=1,,,,
260b70a0-cfa7-4098-9704-a1d5afbd5a76,Morgan Ereteo Jardins,0633599684,morgan.ereteo@gmail.com,medium,Morgane,Ereteo,Morgane Ereteo,mentions_legales,Grasse,paysagiste,paysagiste,2,4.9,27,Jardinier,https://morganereteojardin.fr/,https://www.google.com/maps/place/Morgan+Ereteo+Jardins/data=!4m7!3m6!1s0x12cc29da215b0513:0x16ffd82c4091fc7b!8m2!3d43.6422349!4d6.9418367!16s%2Fg%2F11m8yb3tfz!19sChIJEwVbIdopzBIRe_yRQCzY_xY?authuser=0&hl=fr&rclk=1,,51090980700032,,
7d36b401-025f-4f5f-83a0-313ac8e0bed7,ARTHEA PAYSAGES,0762776989,artheapaysages@gmail.com,medium,Geoffrey Pierre Roger,Mulet,GEOFFREY PIERRE ROGER MULET,siret_insee,Le Tignet,paysagiste,paysagiste,2,5.0,10,Jardinier,https://www.arthea-paysages.fr/,https://www.google.com/maps/place/ARTHEA+PAYSAGES/data=!4m7!3m6!1s0x12cc28cd6e45e79f:0xe2f7abfaadbcbcb8!8m2!3d43.6459739!4d6.7995561!16s%2Fg%2F11fxyh2hvp!19sChIJn-dFbs0ozBIRuLy8rfqr9-I?authuser=0&hl=fr&rclk=1,81.30Z,83100555800042,2017-06-01,NN
a2ff2c27-bafb-422c-9c8e-ef9bf5f1b2f8,"Gard'Home, paysagiste à Mougins (06)",0678383823,team.gardhome@gmail.com,medium,,,,,Le Cannet,paysagiste,paysagiste,2,4.9,27,Paysagiste,http://www.gard-home.com/,"https://www.google.com/maps/place/Gard%27Home,+paysagiste+%C3%A0+Mougins+%2806%29/data=!4m7!3m6!1s0x4796bb6d83041205:0xb2bf75e70c01e9ef!8m2!3d43.610534!4d6.975596!16s%2Fg%2F11sng2nwwv!19sChIJBRIEg227lkcR7-kBDOd1v7I?authuser=0&hl=fr&rclk=1",,,,
c3a75662-a6de-440f-a705-4c8857e3e7da,Forêt Paysage Service (F.P.S),0493422220,contact@fps-paysagiste-06.fr,high,Mohamed,Sidaoui,MOHAMED SIDAOUI,siret_insee,Auribeau-Sur-Siagne,paysagiste,paysagiste,2,5.0,3,Paysagiste,http://www.fps-paysagiste-06.fr/,https://www.google.com/maps/place/For%C3%AAt+Paysage+Service+%28F.P.S%29/data=!4m7!3m6!1s0x12cc27d76c3b5173:0xee358a22fee59270!8m2!3d43.6076222!4d6.9140173!16s%2Fg%2F1tj355wy!19sChIJc1E7bNcnzBIRcJLl_iKKNe4?authuser=0&hl=fr&rclk=1,81.30Z,81246034300013,2015-06-05,11
eef266ef-08c4-4361-86fe-457c1aaa41eb,Instants Paysages,0663990620,contact@instantspaysages.com,high,Fabien,Lê Vàn,Fabien Lê Vàn,mentions_legales,Grasse,paysagiste,paysagiste,2,5.0,32,Paysagiste,https://www.instantspaysages.com/,https://www.google.com/maps/place/Instants+Paysages/data=!4m7!3m6!1s0x12cc29288ca309e3:0xc2a6c3b8d903dd99!8m2!3d43.6493275!4d6.9600609!16s%2Fg%2F11wf_6dn9l!19sChIJ4wmjjCgpzBIRmd0D2bjDpsI?authuser=0&hl=fr&rclk=1,,,,
33b8e86c-87a6-47fe-8cd8-a746a54626c3,SARL Diarra jardins,0630458506,diarrajardins@gmail.com,medium,Becaye,Diarra,BECAYE DIARRA,siret_insee,Grasse,paysagiste,paysagiste,2,5.0,68,Jardinier,https://diarrajardins.fr/,https://www.google.com/maps/place/SARL+Diarra+jardins/data=!4m7!3m6!1s0x12cc2710bff03079:0x8b7ba400d8cf7189!8m2!3d43.6385592!4d6.9189319!16s%2Fg%2F11nfvjcdbj!19sChIJeTDwvxAnzBIRiXHP2ACke4s?authuser=0&hl=fr&rclk=1,81.30Z,98296514700019,2024-01-01,NN
7f75617c-e1e2-4656-8e53-6a9a3489c71e,Jardin Verde,0789522996,jardinverde06@gmail.com,medium,,,,,Grasse,paysagiste,paysagiste,2,4.9,9,Jardinier,https://jardin-verde.fr/,https://www.google.com/maps/place/Jardin+Verde/data=!4m7!3m6!1s0x12cc29001a9301c9:0x9ea705511e0b3328!8m2!3d43.6498354!4d6.9292246!16s%2Fg%2F11x5f1t8n_!19sChIJyQGTGgApzBIRKDMLHlEFp54?authuser=0&hl=fr&rclk=1,,,,
920cadc6-acb9-4e11-9110-3cec6e158e1c,English Garden,0493122321,admin@englishgarden.com,high,,,,,Grasse,paysagiste,paysagiste,2,4.8,28,Paysagiste,http://www.englishgarden.com/,https://www.google.com/maps/place/English+Garden/data=!4m7!3m6!1s0x12cc2c752bb5f6d5:0x3a2cfc9ca232a506!8m2!3d43.6536631!4d7.0282179!16s%2Fg%2F1tg8fy4z!19sChIJ1fa1K3UszBIRBqUyopz8LDo?authuser=0&hl=fr&rclk=1,,,,
1bea96f7-79b9-4265-9edc-bf8a85af3e4c,Emeraude Jardins,0623425062,contact@emeraude-jardins.fr,high,Mickael Victor Ludovic,Baumas,MICKAEL VICTOR LUDOVIC BAUMAS (BAUMAS),siret_insee,Grasse,paysagiste,paysagiste,2,4.9,49,Jardinier,https://www.emeraude-jardins.fr/,https://www.google.com/maps/place/Emeraude+Jardins/data=!4m7!3m6!1s0x12cc293dbc00384d:0x46dc58ed1e19d822!8m2!3d43.6384664!4d6.9761686!16s%2Fg%2F11gy1dqfph!19sChIJTTgAvD0pzBIRItgZHu1Y3EY?authuser=0&hl=fr&rclk=1,81.30Z,49472505400014,2007-03-02,01
2709d6b4-7bd7-4d23-9042-a9a4edbe7a5c,"Oleander Paysages - Élagage, Taille De Haie, Débroussaillage, Entretien",0761251031,contact@oleanderpaysages.com,high,Florian,Iaropoli,Florian Iaropoli,mentions_legales,Grasse,paysagiste,paysagiste,2,4.8,19,Paysagiste,https://www.oleanderpaysages.com/,"https://www.google.com/maps/place/Oleander+Paysages+-+%C3%89lagage,+Taille+De+Haie,+D%C3%A9broussaillage,+Entretien/data=!4m7!3m6!1s0x12cc255a8395c963:0x75dca05859625877!8m2!3d43.6925398!4d6.8468229!16s%2Fg%2F11mx3_mlmd!19sChIJY8mVg1olzBIRd1hiWVig3HU?authuser=0&hl=fr&rclk=1",,51090980700032,,
938b0530-72d0-4a92-b57b-457b1675173b,SECAP Environnement,0320901472,secapenvironnement@gmail.com,medium,,,,,Lille,paysagiste,paysagiste,2,4.9,87,Paysagiste,http://www.secap-environnement.com/,https://www.google.com/maps/place/SECAP+Environnement/data=!4m7!3m6!1s0x47dd2ca0fb8c3aef:0xa9ad50f850e61f69!8m2!3d50.5612924!4d2.9710654!16s%2Fg%2F11c1w04z3q!19sChIJ7zqM-6As3UcRaR_mUPhQrak?authuser=0&hl=fr&rclk=1,,,,
b490c9dd-e24f-442d-86c5-4dd0e12655db,Adel Paysagiste,0659925940,kocheidaadel1@gmail.com,medium,,,,,Cergy,paysagiste,paysagiste,2,4.5,28,Paysagiste,https://adel-paysagiste-78.fr/,https://www.google.com/maps/place/Adel+Paysagiste/data=!4m7!3m6!1s0x47e69386436bedab:0x2089e10c3736d037!8m2!3d49.0024394!4d1.8983031!16s%2Fg%2F11r0zh413p!19sChIJq-1rQ4aT5kcRN9A2NwzhiSA?authuser=0&hl=fr&rclk=1,,,,
bd2e5651-747a-4524-9fbb-4b3541a43ba3,Oxivia Paysage,0134435799,agencecergy@oxivia.fr,low,,,,,Cergy,paysagiste,paysagiste,2,4.8,72,Paysagiste,http://www.oxivia-jardinage.fr/,https://www.google.com/maps/place/Oxivia+Paysage/data=!4m7!3m6!1s0x47e6f46cae169491:0xd194995bebc72f4!8m2!3d49.0996676!4d2.1359133!16s%2Fg%2F11cmccnt4l!19sChIJkZQWrmz05kcR9HK8vpVJGQ0?authuser=0&hl=fr&rclk=1,,,,
d8b4216e-cf99-47d8-93da-fa39e8b11282,Les Jardins de la Colline | Elagueur | Jardinier | Paysagiste,0174341880,info@lesjardinsdelacolline.fr,high,Laurent,Allard,LAURENT ALLARD (ALLARD),siret_insee,Roubaix,paysagiste,paysagiste,2,4.8,40,Service d'élagage,https://www.lesjardinsdelacolline.fr/,https://www.google.com/maps/place/Les+Jardins+de+la+Colline+%7C+Elagueur+%7C+Jardinier+%7C+Paysagiste/data=!4m7!3m6!1s0x47e67a5e54324215:0xf57355a1786ac8e2!8m2!3d48.8147262!4d2.2480543!16s%2Fg%2F11bwl109_b!19sChIJFUIyVF565kcR4shqeKFVc_U?authuser=0&hl=fr&rclk=1,63.11Z,42476141900045,1999-10-15,42
e681580e-5697-438a-b95e-ea82b327d3fb,Aurel Brouard Paysage,0686775822,contact@aurelbrouardpaysage.com,high,Aurel,Brouard,Aurel Brouard,mentions_legales,Meudon,paysagiste,paysagiste,2,4.8,28,Architecte paysagiste,http://www.aurelbrouardpaysage.com/,https://www.google.com/maps/place/Aurel+Brouard+Paysage/data=!4m7!3m6!1s0x47e67c72ba1fc4c1:0x7c9202cbd56af220!8m2!3d48.8123534!4d2.248969!16s%2Fg%2F11b8yzc9pw!19sChIJwcQfunJ85kcRIPJq1csCknw?authuser=0&hl=fr&rclk=1,,,,
9d323963-a605-4070-8a81-f24abcfd05d4,Maison Pain Alexandre,0145340241,contact@maisonpain.com,high,,,,,Meudon,paysagiste,paysagiste,2,4.5,30,Paysagiste,https://www.maisonpain.com/,https://www.google.com/maps/place/Maison+Pain+Alexandre/data=!4m7!3m6!1s0x47e67a550aeeebe7:0xecd51734b47932bb!8m2!3d48.8169206!4d2.2317824!16s%2Fg%2F1tfcsjwc!19sChIJ5-vuClV65kcRuzJ5tDQX1ew?authuser=0&hl=fr&rclk=1,,,,
7c3f020c-d704-41aa-b5d2-e9759e5411c2,Culture in Paysage,0699501386,jmure@culture-in-paysage.com,high,Jérome Mikael,Mure,JÉROME MIKAEL MURE,siret_insee,Mouans-Sartoux,paysagiste,paysagiste,2,5.0,3,Paysagiste,http://www.culture-in-paysage.com/,https://www.google.com/maps/place/Culture+in+Paysage/data=!4m7!3m6!1s0x12cc2849222112f1:0xe8520568de0c417a!8m2!3d43.6189944!4d6.9718471!16s%2Fg%2F1v6p1gvl!19sChIJ8RIhIkkozBIRekEM3mgFUug?authuser=0&hl=fr&rclk=1,68.20A,51095482900022,2009-03-16,NN
b4f44593-d0ff-4dd3-9bd0-0f13c851646c,Les Jardins d'Orléna,0662357976,contact@lesjardinsdorlena.fr,high,,,,,Grasse,paysagiste,paysagiste,2,4.8,26,Jardinier,https://www.lesjardinsdorlena.fr/,https://www.google.com/maps/place/Les+Jardins+d%27Orl%C3%A9na/data=!4m7!3m6!1s0x84ea781e9b32d8fd:0xa12313f31625954b!8m2!3d43.6826068!4d6.966476!16s%2Fg%2F11vjg2ht7d!19sChIJ_dgymx546oQRS5UlFvMTI6E?authuser=0&hl=fr&rclk=1,,,,
a4a3c91b-552e-4db5-9d59-81a5f870ec14,SMV Paysage,0647896944,smv.ometz@gmail.com,medium,Caroline,Ometz,CAROLINE OMETZ,siret_insee,Thorigny-Sur-Marne,paysagiste,paysagiste,2,4.5,32,Paysagiste,https://www.smv-paysage.fr/contact,https://www.google.com/maps/place/SMV+Paysage/data=!4m7!3m6!1s0x47e61364a197de03:0x75700b162c1a7417!8m2!3d48.8851418!4d2.7114373!16s%2Fg%2F11kb0_6hxx!19sChIJA96XoWQT5kcRF3QaLBYLcHU?authuser=0&hl=fr&rclk=1,81.30Z,90961616100024,2022-01-18,02
2c269d31-2c1d-4540-8b0e-d6fbd10d876d,NORDSCAPE paysage,0145072731,contact@nordscape.fr,high,,,,,Meudon,paysagiste,paysagiste,2,5.0,24,Paysagiste,http://www.nordscape.fr/,https://www.google.com/maps/place/NORDSCAPE+paysage/data=!4m7!3m6!1s0x47e67b126ea2a1e9:0x955979481a1cf6f5!8m2!3d48.8143864!4d2.2186634!16s%2Fg%2F11h1z5hr4l!19sChIJ6aGibhJ75kcR9fYcGkh5WZU?authuser=0&hl=fr&rclk=1,,,,
445d5fee-4e82-4dfb-8d02-a63ab0403dcf,Les 4 Saisons,0650791499,rodrivert@yahoo.fr,medium,,,,,Saint-Médard-en-Jalles,paysagiste,paysagiste,2,5.0,15,Paysagiste,http://www.paysagiste-les4saisons.fr/,https://www.google.com/maps/place/Les+4+Saisons/data=!4m7!3m6!1s0xd54ce452437d3f1:0x1508a3e5886e5c7a!8m2!3d44.922408!4d-0.832176!16s%2Fg%2F11b6dkzydm!19sChIJ8dM3JEXOVA0RelxuiOWjCBU?authuser=0&hl=fr&rclk=1,,,,
38982beb-5c63-42d5-87e4-c83c4318af4b,Paysagiste Max Garden,0184800358,contact@maxgarden.fr,high,Maxime,Bacquet,MAXIME BACQUET,siret_insee,Boisemont,paysagiste,paysagiste,2,4.9,48,Paysagiste,https://maxgarden.fr/,https://www.google.com/maps/place/Paysagiste+Max+Garden/data=!4m7!3m6!1s0x47e6f548b1438e17:0x6a6aa12ff901d3e6!8m2!3d49.2144272!4d2.1151742!16s%2Fg%2F11mfw05kdr!19sChIJF45DsUj15kcR5tMB-S-hamo?authuser=0&hl=fr&rclk=1,81.30Z,88908254100018,2020-09-17,02
3fbe7e0a-5036-4b5d-a6b4-9e939c29c782,JardiVert : Terrassement - Paysagiste - Démolition,0666239596,mrmichelet@yahoo.fr,medium,,,,,Cergy,paysagiste,paysagiste,2,4.8,33,Paysagiste,https://www.jardi-vert.fr/,https://www.google.com/maps/place/JardiVert+:+Terrassement+-+Paysagiste+-+D%C3%A9molition/data=!4m7!3m6!1s0x47e68df0ef9fd525:0xd55d7baac92fbfe0!8m2!3d48.9901544!4d1.9181477!16s%2Fg%2F11h75zct9p!19sChIJJdWf7_CN5kcR4L8vyap7XdU?authuser=0&hl=fr&rclk=1,,,,
689d5bb0-e2a5-4dee-9d75-7283635b1daf,Duo Paysage,0786701360,duopaysage33@gmail.com,medium,,,,,Saint-Médard-en-Jalles,paysagiste,paysagiste,2,5.0,57,Paysagiste,https://duopaysage.com/,https://www.google.com/maps/place/Duo+Paysage/data=!4m7!3m6!1s0xd54cf9fc09a6c63:0x5c33fff60c64796e!8m2!3d44.8976135!4d-0.7802145!16s%2Fg%2F11r_mjzzng!19sChIJY2yawJ_PVA0RbnlkDPb_M1w?authuser=0&hl=fr&rclk=1,,,,
387001df-baf8-4d9a-baa4-64d5ef843261,Drouillard SARL,0556702460,info@drouillard-paysagiste.com,low,Murielle,Drouillard,MURIELLE DROUILLARD (AVALON),siret_insee,Le Pian-Medoc,paysagiste,paysagiste,2,4.6,54,Paysagiste,http://www.drouillard-paysagiste.fr/,https://www.google.com/maps/place/Drouillard+SARL/data=!4m7!3m6!1s0xd54d6afe4221fef:0x21f18aeb704297af!8m2!3d44.9147367!4d-0.6684413!16s%2Fg%2F1tmqn2sv!19sChIJ7x8i5K_WVA0Rr5dCcOuK8SE?authuser=0&hl=fr&rclk=1,81.30Z,42311330700015,1999-01-01,11
906a5f88-fff4-48ee-b2a7-e3d4c452e817,Médoc Elagage,0556050903,medoc.elagage@orange.fr,medium,,,,,Saint-Médard-en-Jalles,paysagiste,paysagiste,2,4.7,70,Service d'élagage,http://www.medocelagage.fr/?utm_medium=referral&utm_source=gmb&utm_campaign=lnk-gmb,https://www.google.com/maps/place/M%C3%A9doc+Elagage/data=!4m7!3m6!1s0xd54d11687aa8385:0xe50770a429cee298!8m2!3d44.8880914!4d-0.6957106!16s%2Fg%2F11c1v1q1kq!19sChIJhYOqhxbRVA0RmOLOKaRwB-U?authuser=0&hl=fr&rclk=1,,,,
9f4ed652-d726-4b5b-91b6-02f7282422e4,Elagage & Paysage,0695939366,elagageetpaysage@gmail.com,medium,Alexis,Anat,ALEXIS ANAT,siret_insee,Saint-Aubin-De-Medoc,paysagiste,paysagiste,2,4.8,22,Service d'élagage,http://www.elagagepaysage.com/,https://www.google.com/maps/place/Elagage+%26+Paysage/data=!4m7!3m6!1s0xd54d1e33adf4bd5:0x5c4d01bcfbdea269!8m2!3d44.912717!4d-0.750469!16s%2Fg%2F11f317bt_v!19sChIJ1UvfOuPRVA0RaaLe-7wBTVw?authuser=0&hl=fr&rclk=1,81.30Z,80853167700025,2015-01-02,01
9d3c7de7-6aab-4cfb-814c-44b1f6659436,TSR Paysage,0698802312,contact@tsr-paysage.fr,high,,,,,Saint-Médard-en-Jalles,paysagiste,paysagiste,2,5.0,8,Jardinier,https://tsr-paysage.fr/,https://www.google.com/maps/place/TSR+Paysage/data=!4m7!3m6!1s0xd54d118c73c019d:0x97c5716c835d6cfd!8m2!3d44.894072!4d-0.742033!16s%2Fg%2F11y085kzn6!19sChIJnQE8xxjRVA0R_Wxdg2xxxZc?authuser=0&hl=fr&rclk=1,,,,
dc07d8a3-211f-4ba4-83e3-c321d19da89d,Espaces Prestige - Paysagistes,0744536366,gquincey@espaces-prestige.com,high,,,,,Cergy,paysagiste,paysagiste,2,5.0,57,Paysagiste,http://www.espaces-prestige.com/,https://www.google.com/maps/place/Espaces+Prestige+-+Paysagistes/data=!4m7!3m6!1s0x47e68d3830ab497b:0x1cfdb642dc57112d!8m2!3d48.9767951!4d1.9153966!16s%2Fg%2F11r_cm0k5c!19sChIJe0mrMDiN5kcRLRFX3EK2_Rw?authuser=0&hl=fr&rclk=1,,,,
c7cfabbb-2ec1-49d0-ab36-955f80c75cb9,Tera Nature,0608873591,contact@tera-nature.com,high,Cédric,Amel,CÉDRIC AMEL,siret_insee,Saint-Aubin-De-Medoc,paysagiste,paysagiste,2,5.0,19,Paysagiste,https://tera-nature.com/,https://www.google.com/maps/place/Tera+Nature/data=!4m7!3m6!1s0x6dd1d77a53e579b9:0x46b6d075a67a8285!8m2!3d44.917975!4d-0.771393!16s%2Fg%2F11l23t_jd3!19sChIJuXnlU3rX0W0RhYJ6pnXQtkY?authuser=0&hl=fr&rclk=1,81.30Z,97844393500017,2023-08-04,NN
05c9f0a9-88c6-4a10-80fe-9752d716ec8d,Variations Végétales,0670532893,blecat@variationsvegetales.com,high,Berengere Fabienne Ghislaine Marie,Lecat,BERENGERE FABIENNE GHISLAINE MARIE LECAT (DUPONT-FAUVILLE),siret_insee,Meudon,paysagiste,paysagiste,2,5.0,27,Architecte paysagiste,http://www.variationsvegetales.com/,https://www.google.com/maps/place/Variations+V%C3%A9g%C3%A9tales/data=!4m7!3m6!1s0x47e67bc3787763bd:0x5593c1f9a101f621!8m2!3d48.8170523!4d2.2359203!16s%2Fg%2F11f6nrzp4w!19sChIJvWN3eMN75kcRIfYBofnBk1U?authuser=0&hl=fr&rclk=1,71.11Z,81398421800020,2015-09-28,01
eef68564-40dd-4d89-ad52-51dd5316058a,GC Paysages,0658469057,contactgcpaysages@gmail.com,medium,Clement Flavien,Bachaumard,CLEMENT FLAVIEN BACHAUMARD (BACHAUMARD),siret_insee,Soussans,paysagiste,paysagiste,2,4.6,9,Paysagiste,https://gc-paysages.com/,https://www.google.com/maps/place/GC+Paysages/data=!4m7!3m6!1s0xd54d7ede93f0ac1:0xab7dd42a9dc56e52!8m2!3d44.9215761!4d-0.61002!16s%2Fg%2F11fjw_21w7!19sChIJwQo_6e3XVA0RUm7FnSrUfas?authuser=0&hl=fr&rclk=1,81.30Z,84406893200020,2018-11-01,NN
7f753d27-c633-42b7-8e2e-0956e259ed0b,Tahys & Julien Paysagistes,0751580759,tjpaysagiste@gmail.com,medium,,,,,Saint-Martin-d'Hères,paysagiste,paysagiste,2,5.0,16,Paysagiste,https://www.tahysetjulienpaysagiste.com/,https://www.google.com/maps/place/Tahys+%26+Julien+Paysagistes/data=!4m7!3m6!1s0x24a50be9ed30048b:0xc8e50e4058013131!8m2!3d45.2073802!4d5.7814405!16s%2Fg%2F11vk2rcy39!19sChIJiwQw7ekLpSQRMTEBWEAO5cg?authuser=0&hl=fr&rclk=1,,,,
22e6ec38-5d87-4353-a898-cceb7824ba47,Envies d'extérieurs,0783496839,abracadaweb33@gmail.com,medium,Rémi,Masson,RÉMI MASSON,siret_insee,Eysines,paysagiste,paysagiste,2,5.0,5,Paysagiste,https://enviesdexterieurs33.fr/,https://www.google.com/maps/place/Envies+d%27ext%C3%A9rieurs/data=!4m7!3m6!1s0x47bef5f5961b1af7:0x3ed03bd3d515c057!8m2!3d44.844632!4d-0.8280698!16s%2Fg%2F11y7tzt8mt!19sChIJ9xoblvX1vkcRV8AV1dM70D4?authuser=0&hl=fr&rclk=1,81.30Z,98322597000018,2024-01-08,NN
20b77029-ada1-44e5-9e9d-4572d359c82d,Lacroix Paysage,0663690978,romain-lacroix@club-internet.fr,low,,,,,Saint-Martin-d'Hères,paysagiste,paysagiste,2,5.0,3,Paysagiste,http://www.lacroixpaysages.com/,https://www.google.com/maps/place/Lacroix+Paysage/data=!4m7!3m6!1s0x478af56801f6b1ab:0x443649a252479f8b!8m2!3d45.1792147!4d5.7875095!16s%2Fg%2F1tl7mm2v!19sChIJq7H2AWj1ikcRi59HUqJJNkQ?authuser=0&hl=fr&rclk=1,,37924613501000,,
286a932d-4d81-4d1c-b21d-bddd7b2f4fa5,Olivier Vignal Entreprise Paysagiste,0130392170,vignal@vignalpaysagiste.com,high,Olivier Jean,Vignal,OLIVIER JEAN VIGNAL,siret_insee,Vigny,paysagiste,paysagiste,2,4.9,73,Paysagiste,http://www.vignalpaysagiste.com/,https://www.google.com/maps/place/Olivier+Vignal+Entreprise+Paysagiste/data=!4m7!3m6!1s0x47e6ed2349a743f1:0x4aa6935575a385eb!8m2!3d49.0822604!4d1.9289037!16s%2Fg%2F11ky6cm775!19sChIJ8UOnSSPt5kcR64WjdVWTpko?authuser=0&hl=fr&rclk=1,81.30Z,35403726900025,1990-02-16,11
c69ad6fa-9727-4895-97a6-c887d6e38c73,Elagage-38,0629559199,planque.elagage@gmail.com,medium,Planque,Michel Elagage,Planque Michel elagage,mentions_legales,Saint-Martin-d'Hères,paysagiste,paysagiste,2,4.9,78,Paysagiste,http://www.elagueur-paysagiste-isere.fr/,https://www.google.com/maps/place/Elagage-38/data=!4m7!3m6!1s0x478af4e419c5a391:0x6d778abffb99cf10!8m2!3d45.1791279!4d5.7455742!16s%2Fg%2F1vnrphqv!19sChIJkaPFGeT0ikcREM-Z-7-Kd20?authuser=0&hl=fr&rclk=1,,,,
fedad4f4-18f6-407b-907c-2f2ffe8b6c62,Perrier Aménagement - Paysagiste,0640744529,perrier17@outlook.com,medium,,,,,Saint-Martin-d'Hères,paysagiste,paysagiste,2,5.0,7,Paysagiste,http://perrier-amenagement.com/?utm_medium=referral&utm_source=gmb&utm_campaign=lnk-gmb,https://www.google.com/maps/place/Perrier+Am%C3%A9nagement+-+Paysagiste/data=!4m7!3m6!1s0x478af5853001c781:0xbaedd6774775ec3d!8m2!3d45.1607431!4d5.7527667!16s%2Fg%2F11m41rq5jy!19sChIJgccBMIX1ikcRPex1R3fW7bo?authuser=0&hl=fr&rclk=1,,,,
abfa693d-be22-4a46-ac67-56c5eb447cea,ISERE GREEN,0684050653,iseregreen@gmail.com,medium,Alexis,Mermin,ALEXIS MERMIN,siret_insee,Poisat,paysagiste,paysagiste,2,5.0,18,Paysagiste,https://www.iseregreen.fr/,https://www.google.com/maps/place/ISERE+GREEN/data=!4m7!3m6!1s0xa7218e7f226a4b7f:0x2bb69b7e2fa80d5a!8m2!3d45.1595588!4d5.7660506!16s%2Fg%2F11x_qpx2bm!19sChIJf0tqIn-OIacRWg2oL36btis?authuser=0&hl=fr&rclk=1,81.30Z,98440877300013,2024-02-07,NN
411ad625-4d40-4a18-9738-a772ba885505,Des Racines & Des Murs - L'Arrosoir,0476893448,racinesetmurs@gmail.com,medium,,,,,Saint-Martin-d'Hères,paysagiste,paysagiste,2,4.5,18,Paysagiste,http://www.racinesetmurs.com/,https://www.google.com/maps/place/Des+Racines+%26+Des+Murs+-+L%27Arrosoir/data=!4m7!3m6!1s0x478af540be48f321:0xf1e821e3ef48e945!8m2!3d45.1818051!4d5.7919284!16s%2Fg%2F1td4cfpy!19sChIJIfNIvkD1ikcRRelI7-Mh6PE?authuser=0&hl=fr&rclk=1,,,,
8f722440-08fd-443f-95fc-c1070c224d51,"Paysagiste, créateur de jardins | Entreprise BTS | Marignane",0628789309,contact@mrdigital.fr,low,Anthony Jacques,Buche,ANTHONY JACQUES BUCHE,siret_insee,Marignane,paysagiste,paysagiste,2,4.9,19,Paysagiste,https://www.paysagiste-marignane.fr/,"https://www.google.com/maps/place/Paysagiste,+cr%C3%A9ateur+de+jardins+%7C+Entreprise+BTS+%7C+Marignane/data=!4m7!3m6!1s0x12c9e7b3fe794af7:0x5a837782520232cf!8m2!3d43.4055608!4d5.2031525!16s%2Fg%2F11hdy9wksn!19sChIJ90p5_rPnyRIRzzICUoJ3g1o?authuser=0&hl=fr&rclk=1",81.30Z,98518468800010,2024-03-01,NN
50ec25b6-6055-4cfd-952c-fd80dfb54982,corde-haie-arbre,0623550785,cordehaiearbre@gmail.com,medium,,,,,Saint-Martin-d'Hères,paysagiste,paysagiste,2,5.0,3,Paysagiste,http://www.corde-haie-arbre.com/,https://www.google.com/maps/place/corde-haie-arbre/data=!4m7!3m6!1s0x4a932c4dae144811:0x61420e5808f309d5!8m2!3d45.1827742!4d5.7836592!16s%2Fg%2F11y9px9kv6!19sChIJEUgUrk0sk0oR1QnzCFgOQmE?authuser=0&hl=fr&rclk=1,,,,
7c5c1f37-fbaf-4ad0-a04e-7645db522cfc,MAPIORE,0611487461,contact@mapiore.com,high,Pierre,Arnoux,PIERRE ARNOUX,siret_insee,Saint-Victoret,paysagiste,paysagiste,2,5.0,54,Paysagiste,https://mapiore.com/,https://www.google.com/maps/place/MAPIORE/data=!4m7!3m6!1s0x12c9e95f214a20e3:0x5481724eb90a1032!8m2!3d43.4176484!4d5.2393875!16s%2Fg%2F11y2hhyjzn!19sChIJ4yBKIV_pyRIRMhAKuU5ygVQ?authuser=0&hl=fr&rclk=1,81.30Z,98187682400013,2023-10-21,NN
5daa45a5-cc04-40a0-bd8b-020c07b1dfe2,Des Racines à la Cime,0671984125,mehdi.robaire@icloud.com,medium,,,,,Saint-Martin-d'Hères,paysagiste,paysagiste,2,5.0,69,Service d'élagage,https://racines-a-la-cime.fr/,https://www.google.com/maps/place/Des+Racines+%C3%A0+la+Cime/data=!4m7!3m6!1s0x478af59a878fd1f9:0x4c02b4f4a0ffbac6!8m2!3d45.1639252!4d5.7492966!16s%2Fg%2F11vdflv98b!19sChIJ-dGPh5r1ikcRxrr_oPS0Akw?authuser=0&hl=fr&rclk=1,,,,
1b233ae2-47cb-415e-a804-fba1545d8282,Styl Jardin Et Services,0442763467,contact@styl-jardinetservices.com,high,,,,,Marignane,paysagiste,paysagiste,2,4.9,39,Paysagiste,https://styl-jardinetservices.com/,https://www.google.com/maps/place/Styl+Jardin+Et+Services/data=!4m7!3m6!1s0x12c9e62f307145b9:0x64f615b93004d298!8m2!3d43.392759!4d5.182189!16s%2Fg%2F1tg97k9q!19sChIJuUVxMC_myRIRmNIEMLkV9mQ?authuser=0&hl=fr&rclk=1,,,,
254a8fde-0a51-47a3-8837-8069cb104a6c,T2H Espaces Verts,0614770788,t2h.espaces.verts@gmail.com,medium,,,,,Marignane,paysagiste,paysagiste,2,5.0,53,Paysagiste,http://www.t2h-espacesverts.com/?utm_source=gmb,https://www.google.com/maps/place/T2H+Espaces+Verts/data=!4m7!3m6!1s0x12c9e8b504420fc7:0xb73781224f31111f!8m2!3d43.4397859!4d5.2456981!16s%2Fg%2F1tcvf8gk!19sChIJxw9CBLXoyRIRHxExTyKBN7c?authuser=0&hl=fr&rclk=1,,,,
a98b3233-1604-4454-945c-cc0f8c11e5d5,Tonner espace vert,0663634172,contact@tonner-espaces-verts.fr,high,David,Tonner,DAVID TONNER,siret_insee,Port De Bouc,paysagiste,paysagiste,2,5.0,69,Jardinier,https://www.tonner-espaces-verts.fr/,https://www.google.com/maps/place/Tonner+espace+vert/data=!4m7!3m6!1s0x12c9e78569f45881:0x218d1727fa00cdb5!8m2!3d43.3927652!4d5.1960092!16s%2Fg%2F11q3p0xv3x!19sChIJgVj0aYXnyRIRtc0A-icXjSE?authuser=0&hl=fr&rclk=1,47.76Z,90975521700017,2022-02-01,NN
170ace6a-44f5-4074-9b19-3d01c9dbe0f3,MJ Services 13,0627097966,contact@mjservices13.fr,high,Bayer,Francois,Bayer Francois,mentions_legales,Marignane,paysagiste,paysagiste,2,4.8,26,Paysagiste,https://mjservices13.fr/,https://www.google.com/maps/place/MJ+Services+13/data=!4m7!3m6!1s0xab833d05314a10a3:0x7836cf586dd3779a!8m2!3d43.3978056!4d5.2600318!16s%2Fg%2F11sv0t_cf2!19sChIJoxBKMQU9g6sRmnfTbVjPNng?authuser=0&hl=fr&rclk=1,,,,
8cc6ff8f-c89e-44cb-a100-519f1f9769a1,Terraplant,0442747385,contact@terraplant.fr,high,Samuel Jean-Marc,Porchel,SAMUEL JEAN-MARC PORCHEL,siret_insee,Saint-Victoret,paysagiste,paysagiste,2,4.6,9,Paysagiste,http://www.terraplant.fr/,https://www.google.com/maps/place/Terraplant/data=!4m7!3m6!1s0x12c9e8e53c5adbbd:0x5fadda34eba037b4!8m2!3d43.4121!4d5.2592563!16s%2Fg%2F1txr5ns8!19sChIJvdtaPOXoyRIRtDeg6zTarV8?authuser=0&hl=fr&rclk=1,81.30Z,50751435400012,2008-07-01,01
3745a05e-ba7e-4963-9b03-593f39b7cd9a,SARGAS - Jardinerie / Animalerie -,0442761785,meridiem.paysages@gmail.com,medium,Henri,Sinopoli,HENRI SINOPOLI,siret_insee,Chateauneuf-Les-Martigues,paysagiste,paysagiste,2,4.6,89,Jardinerie,https://sargas.biz/,https://www.google.com/maps/place/SARGAS+-+Jardinerie+%2F+Animalerie+-/data=!4m7!3m6!1s0x12c9e7086c6f9467:0xe54fbad06636b42!8m2!3d43.3931991!4d5.1817369!16s%2Fg%2F1v6k2j94!19sChIJZ5RvbAjnyRIRQmtjBq37VA4?authuser=0&hl=fr&rclk=1,70.22Z,39150945200010,1993-06-01,NN
df4d3837-ae6c-48b2-83a0-4bdb0e811a5c,Terre à T'air,0640956439,contact@terreatair.fr,high,Mathias Baptiste,Gauthier,MATHIAS BAPTISTE GAUTHIER,siret_insee,Saint-Martin-D'uriage,paysagiste,paysagiste,2,5.0,8,Paysagiste,https://terreatair.fr/,https://www.google.com/maps/place/Terre+%C3%A0+T%27air/data=!4m7!3m6!1s0x478af537377baaab:0x99b37dd6098709f9!8m2!3d45.1620589!4d5.7648727!16s%2Fg%2F11rx8j_3sf!19sChIJq6p7Nzf1ikcR-QmHCdZ9s5k?authuser=0&hl=fr&rclk=1,81.30Z,82534450000020,2017-01-04,NN
5781f2f0-925e-4b3b-a156-4694ff7bffa7,ARALIA PAYSAGE,0952291355,aralia.paysage@gmail.com,medium,,,,,Meudon,paysagiste,paysagiste,2,4.5,26,Paysagiste,http://www.araliapaysage.fr/,https://www.google.com/maps/place/ARALIA+PAYSAGE/data=!4m7!3m6!1s0x47e67b4143fbe979:0x441ec9f33736243a!8m2!3d48.8217994!4d2.2048591!16s%2Fg%2F11fssmq5x1!19sChIJeen7Q0F75kcROiQ2N_PJHkQ?authuser=0&hl=fr&rclk=1,,,,
879c3794-42af-4d71-b538-258dcc9bce96,LOEB SUD PAYSAGE,0668697534,loebsudpaysage@gmail.com,medium,,,,,Marignane,paysagiste,paysagiste,2,5.0,6,Paysagiste,http://loebsudpaysage.fr/,https://www.google.com/maps/place/LOEB+SUD+PAYSAGE/data=!4m7!3m6!1s0x12c9e79b66b99363:0x55e8beefb61bef23!8m2!3d43.3843343!4d5.2061122!16s%2Fg%2F11h5l9xly_!19sChIJY5O5ZpvnyRIRI-8btu--6FU?authuser=0&hl=fr&rclk=1,,,,
e2f913f5-9900-41b6-85a2-16aad90d6756,MUDA | Paysagiste conseil - Conception d'extérieur,0616133035,contact.mudastudio@gmail.com,medium,[non-Diffusible],[non-Diffusible],[NON-DIFFUSIBLE] [NON-DIFFUSIBLE],siret_insee,La Montagne,paysagiste,paysagiste,2,5.0,17,Architecte paysagiste,https://www.mudastudio.com/,https://www.google.com/maps/place/MUDA+%7C+Paysagiste+conseil+-+Conception+d%27ext%C3%A9rieur/data=!4m7!3m6!1s0x45b8013c950b5275:0xaafe97f523aad472!8m2!3d47.1742033!4d-1.5440126!16s%2Fg%2F11l6tl5n_r!19sChIJdVILlTwBuEURctSqI_WX_qo?authuser=0&hl=fr&rclk=1,81.30Z,95143575900034,2023-05-01,NN
9f6fc2c4-9696-4420-8dbc-b3da438da369,Acanthe Jardins,0442690213,contact@acanthejardins.fr,high,,,,,Marignane,paysagiste,paysagiste,2,4.7,7,Paysagiste,https://acanthejardins.fr/,https://www.google.com/maps/place/Acanthe+Jardins/data=!4m7!3m6!1s0x12c9e8f725de0579:0x2d0ab44d8113facc!8m2!3d43.4081092!4d5.2563176!16s%2Fg%2F11b6c__t2y!19sChIJeQXeJffoyRIRzPoTgU20Ci0?authuser=0&hl=fr&rclk=1,,,,
7a205db5-5775-4302-989c-cb6190a28d33,Votre artisan paysagiste à Rezé Bouguenais Sud-Loire,0646283171,contact@gesbert-paysage.fr,low,,,,,Rezé,paysagiste,paysagiste,2,4.9,56,Paysagiste,https://jardins-pays-nantais.fr/,https://www.google.com/maps/place/Votre+artisan+paysagiste+%C3%A0+Rez%C3%A9+Bouguenais+Sud-Loire/data=!4m7!3m6!1s0x4805ebbebcba14fb:0xaed25f34c0db6db7!8m2!3d47.183803!4d-1.558124!16s%2Fg%2F11g0nnwgsn!19sChIJ-xS6vL7rBUgRt23bwDRf0q4?authuser=0&hl=fr&rclk=1,,,,
32082110-c414-4cd0-9c61-618d233b5a80,Allium Paysage | Paysagiste | Élagage,0677602533,contact@allium-paysage.fr,high,Alexandre Karl Maxime,Parois,ALEXANDRE KARL MAXIME PAROIS,siret_insee,Vertou,paysagiste,paysagiste,2,4.7,14,Paysagiste,https://allium-paysage.fr/,https://www.google.com/maps/place/Allium+Paysage+%7C+Paysagiste+%7C+%C3%89lagage/data=!4m7!3m6!1s0x4805e91fd29f6e59:0xb99a98239b74ab26!8m2!3d47.1823774!4d-1.5175033!16s%2Fg%2F11ggb9ql34!19sChIJWW6f0h_pBUgRJqt0myOYmrk?authuser=0&hl=fr&rclk=1,81.30Z,83810599700012,2018-02-28,NN
37f6d5b7-2657-49dc-a919-bfb595923799,Azais Patrick Élagage Abattage 44,0749090272,azais44@icloud.com,medium,Patrick,Azais,AZAIS Patrick,mentions_legales,Rezé,paysagiste,paysagiste,2,5.0,18,Paysagiste,https://www.azais-elagage-44.fr/,https://www.google.com/maps/place/Azais+Patrick+%C3%89lagage+Abattage+44/data=!4m7!3m6!1s0x4805e91b54d80e8f:0xc745a2c6dfad8f4!8m2!3d47.1758092!4d-1.5043178!16s%2Fg%2F11lz9h28fx!19sChIJjw7YVBvpBUgR9Nj6bSxadAw?authuser=0&hl=fr&rclk=1,,,,
8c777f4f-48b6-4c81-857a-79cf9ffb3613,La Plume et le Sécateur - Créateur de jardins,0241359525,contact@laplumeetlesecateur.com,high,,,,,Rezé,paysagiste,paysagiste,2,5.0,29,Paysagiste,https://laplumeetlesecateur.com/,https://www.google.com/maps/place/La+Plume+et+le+S%C3%A9cateur+-+Cr%C3%A9ateur+de+jardins/data=!4m7!3m6!1s0x48059161ed17b137:0x8db6687968957f43!8m2!3d47.2045542!4d-1.5682626!16s%2Fg%2F11h0y_03t0!19sChIJN7EX7WGRBUgRQ3-VaHloto0?authuser=0&hl=fr&rclk=1,,,,
bf1b8d68-6f7b-4a00-bd08-c9542bdd496d,Atout Jardin Services,0251791917,contactajs@leaute.fr,low,,,,,Rezé,paysagiste,paysagiste,2,5.0,3,Paysagiste,https://atoutjardinservices.fr/,https://www.google.com/maps/place/Atout+Jardin+Services/data=!4m7!3m6!1s0x4805e8968c3a1b27:0x7a275afc06f3642e!8m2!3d47.1819986!4d-1.4899172!16s%2Fg%2F11b6d5l0rs!19sChIJJxs6jJboBUgRLmTzBvxaJ3o?authuser=0&hl=fr&rclk=1,,,,
36c8020e-99da-460b-a8ad-e10d1600bba0,CANOPÉES,0174341126,contact@canopees.fr,high,,,,,Meudon,paysagiste,paysagiste,2,4.5,26,Architecte paysagiste,http://www.canopees.fr/,https://www.google.com/maps/place/CANOP%C3%89ES/data=!4m7!3m6!1s0x47e67b0661e1366f:0xa546489860cb8273!8m2!3d48.8222931!4d2.2212952!16s%2Fg%2F1hc263d4k!19sChIJbzbhYQZ75kcRc4LLYJhIRqU?authuser=0&hl=fr&rclk=1,,,,
c243f124-7327-4331-a5c4-82d5fb057deb,Racine Carrée,0699574354,bonjour@racine-carree.fr,high,,,,,Rezé,paysagiste,paysagiste,2,5.0,11,Paysagiste,https://racine-carree.fr/,https://www.google.com/maps/place/Racine+Carr%C3%A9e/data=!4m7!3m6!1s0xa8e90da9c959b9b5:0x128ce4f9b046e93d!8m2!3d47.1966069!4d-1.5457475!16s%2Fg%2F11xrhxd2zl!19sChIJtblZyakN6agRPelGsPnkjBI?authuser=0&hl=fr&rclk=1,,,,
3ec0aa35-e67e-41de-b7d5-da3f5cfdd10d,Les mains à la terre - Jardinier Rezé,0652253489,mainsalaterre@gmail.com,medium,Olivier,Aubert,OLIVIER AUBERT,siret_insee,Nantes,paysagiste,paysagiste,2,5.0,9,Jardinier,https://mainsalaterre.fr/,https://www.google.com/maps/place/Les+mains+%C3%A0+la+terre+-+Jardinier+Rez%C3%A9/data=!4m7!3m6!1s0x81ba1cb2913a96fb:0x6fab647aa3a62769!8m2!3d47.1946001!4d-1.5553767!16s%2Fg%2F11whdhbsmw!19sChIJ-5Y6kbIcuoERaSemo3pkq28?authuser=0&hl=fr&rclk=1,70.22Z,44998957300059,2003-10-15,31
c84dc98a-4bdc-4db9-a6d2-262e8f19f9c2,M. Tyson Espaces verts - Paysagiste Élagueur Taille Entretien Abbatage d'Arbres Haies Pose Clôture 78 Yvelines Plaisir,0784870913,contact@mtyson-espaces-verts.fr,high,,,,,Plaisir,cloture,paysagiste,2,4.8,13,Paysagiste,https://mtyson-espaces-verts.fr/,https://www.google.com/maps/place/M.+Tyson+Espaces+verts+-+Paysagiste+%C3%89lagueur+Taille+Entretien+Abbatage+d%27Arbres+Haies+Pose+Cl%C3%B4ture+78+Yvelines+Plaisir/data=!4m7!3m6!1s0x86e9a8132e9ea09b:0xe93b664a247be682!8m2!3d48.8285694!4d1.9492359!16s%2Fg%2F11strbqh63!19sChIJm6CeLhOo6YYRguZ7JEpmO-k?authuser=0&hl=fr&rclk=1,,,,
71b835cf-252a-4cf2-baec-76301af98d33,PINSON Paysage PLAISIR,0134166101,pinson@pinson-paysage.com,high,Osmaia,Group,OSMAIA GROUP,mentions_legales,Plaisir,paysagiste,paysagiste,1,4.8,4,Paysagiste,https://pinson-paysage.com/nos-agences,https://www.google.com/maps/place/PINSON+Paysage+PLAISIR/data=!4m7!3m6!1s0x47e685a2914807a5:0x11a24bfe465f9f08!8m2!3d48.8009125!4d1.9697244!16s%2Fg%2F11sgkfbv1_!19sChIJpQdIkaKF5kcRCJ9fRv5LohE?authuser=0&hl=fr&rclk=1,,,,
55330533-d4f1-48ba-aa1f-270d783a8278,LOU Piscines,0782278683,pedefer.piscine@gmail.com,medium,,,,,Pau,pisciniste,pisciniste,1,4.9,37,Société de construction de piscine,http://www.lou-piscines.fr/,https://www.google.com/maps/place/LOU+Piscines/data=!4m7!3m6!1s0xd5633ec1d42c5bb:0x96e0568c9bde492!8m2!3d43.1876786!4d-0.2238232!16s%2Fg%2F11rk4w9z_n!19sChIJu8VCHewzVg0RkuS9yWgFbgk?authuser=0&hl=fr&rclk=1,,,,
a6766e22-9407-449e-a886-0a6665274eda,Habitatpaysage,0782085548,habitatpaysage@outlook.fr,medium,,,,,Rezé,paysagiste,paysagiste,2,4.6,11,Jardinier,https://habitat-paysage.fr/,https://www.google.com/maps/place/Habitatpaysage/data=!4m7!3m6!1s0x26ad6af430df22f9:0xfe86ceaade336d20!8m2!3d47.1615372!4d-1.5551934!16s%2Fg%2F11l_33q7tv!19sChIJ-SLfMPRqrSYRIG0z3qrOhv4?authuser=0&hl=fr&rclk=1,,,,
c5f31aa2-d30d-4406-95e6-91521d4a1c98,PISCINES 65,0950957205,piscines65@gmail.com,medium,,,,,Tarbes,pisciniste,pisciniste,0,4.9,63,Société de construction de piscine,https://www.piscines65.fr/,https://www.google.com/maps/place/PISCINES+65/data=!4m7!3m6!1s0x12a9d1506058c6c1:0x221d8c9d4679c761!8m2!3d43.2689959!4d0.1050801!16s%2Fg%2F11rq8px1np!19sChIJwcZYYFDRqRIRYcd5Rp2MHSI?authuser=0&hl=fr&rclk=1,,,,
dd649348-a3df-44fd-89c0-e059c58113b9,Piscines Ibiza Tarbes / Odos / SARL Piscines N' Co 65,0981526565,contact@piscines-ibiza.fr,low,,,,,Tarbes,pisciniste,pisciniste,0,4.9,49,Société de construction de piscine,https://www.piscines-ibiza.com/distributeur/pisciniste-tarbes/,https://www.google.com/maps/place/Piscines+Ibiza+Tarbes+%2F+Odos+%2F+SARL+Piscines+N%27+Co+65/data=!4m7!3m6!1s0x12a9d50bb4f9d341:0x5cd48d056dc3db5a!8m2!3d43.2083348!4d0.0453794!16s%2Fg%2F11v3jtjml_!19sChIJQdP5tAvVqRIRWtvDbQWN1Fw?authuser=0&hl=fr&rclk=1,,,,
52ff5bbb-8472-4942-8b78-0751e4a8b17b,Excellence Piscine 64 Groupe Excellence Piscine,0636774428,excellencepiscines@gmail.com,medium,Gregory,Cucherat,GREGORY CUCHERAT,siret_insee,Lons,pisciniste,pisciniste,1,5.0,17,Société de construction de piscine,https://www.excellencepiscines64.fr/,https://www.google.com/maps/place/Excellence+Piscine+64+Groupe+Excellence+Piscine/data=!4m7!3m6!1s0x29d54265b7f6f611:0xaeb832e17a2b1752!8m2!3d43.3246617!4d-0.4278406!16s%2Fg%2F11xp2sn_82!19sChIJEfb2t2VC1SkRUhcreuEyuK4?authuser=0&hl=fr&rclk=1,47.52A,83109456000016,2017-08-01,NN
3b1e342d-ab1d-4aa0-b8b8-b5f0a87a4347,Murmures de piscine / l'esprit piscine,0559329616,cp@aelexa.com,low,,,,,Pau,pisciniste,pisciniste,1,4.6,145,Société de construction de piscine,https://www.esprit-piscine.fr/murmures-de-piscine,https://www.google.com/maps/place/Murmures+de+piscine+%2F+l%27esprit+piscine/data=!4m7!3m6!1s0xd564f0b2da727f9:0xa9654fb47ab2fdf9!8m2!3d43.3090272!4d-0.4084042!16s%2Fg%2F11byhkbb3p!19sChIJ-SenLQtPVg0R-f2yerRPZak?authuser=0&hl=fr&rclk=1,,,,
09448d22-b230-4315-b575-045dedc068fb,Carré Bleu - Piscines Pyrenees Construction - Spas Hotspring,0559331212,ppc.carre.bleu@wanadoo.fr,medium,,,,,Pau,pisciniste,pisciniste,1,4.5,78,Société de construction de piscine,https://www.carrebleu-pau.fr/,https://www.google.com/maps/place/Carr%C3%A9+Bleu+-+Piscines+Pyrenees+Construction+-+Spas+Hotspring/data=!4m7!3m6!1s0xd5646eaa205e18f:0x8c2d4bbbe8806835!8m2!3d43.3558748!4d-0.3803466!16s%2Fg%2F1thfgs0t!19sChIJj-EFoupGVg0RNWiA6LtLLYw?authuser=0&hl=fr&rclk=1,,,,
be6cdacc-6228-4fb1-b360-077aa9f3c248,Piscines Oliveira,0622786000,contact@piscinesoliveira.fr,high,,,,,Pau,pisciniste,pisciniste,1,5.0,5,Société de construction de piscine,http://www.piscinesoliveira.fr/,https://www.google.com/maps/place/Piscines+Oliveira/data=!4m7!3m6!1s0xd564b385fcbe0a9:0x2d6d2e9792c597a3!8m2!3d43.2501388!4d-0.3181064!16s%2Fg%2F11qpqbvdq9!19sChIJqeDLXzhLVg0Ro5fFkpcubS0?authuser=0&hl=fr&rclk=1,,,,
691e2ac6-4031-473f-a9db-289cf0c888e0,LA BELLE SAISON,0559902439,contact@labelle-saison.fr,high,Lucas,S,Lucas s,mentions_legales,Pau,pisciniste,pisciniste,1,4.8,82,Société de construction de piscine,https://www.labelle-saison.fr/?utm_medium=referral&utm_source=gmb&utm_campaign=lnk-gmb,https://www.google.com/maps/place/LA+BELLE+SAISON/data=!4m7!3m6!1s0xd5631dfc9a6b377:0xa264079d35140712!8m2!3d43.2706543!4d-0.1992178!16s%2Fg%2F11h2mphm33!19sChIJd7Omyd8xVg0REgcUNZ0HZKI?authuser=0&hl=fr&rclk=1,,,,
9a9ead0c-2bca-4e4e-a255-88b05a8c2a2b,Paysagiste 92 - Céline Bertin,0662256338,celine@celinebertin.com,high,Céline,Bertin,Céline Bertin,mentions_legales,Meudon,paysagiste,paysagiste,2,5.0,16,Architecte paysagiste,http://www.celinebertin.com/,https://www.google.com/maps/place/Paysagiste+92+-+C%C3%A9line+Bertin/data=!4m7!3m6!1s0x47e67b866f39d75f:0x6e0b21d6797c14f3!8m2!3d48.8107831!4d2.1885129!16s%2Fg%2F11cm06z3cs!19sChIJX9c5b4Z75kcR8xR8edYhC24?authuser=0&hl=fr&rclk=1,,,,
d95e27f9-9d8b-4d93-884f-5f60db230e0c,"Oresia - Entretien, création et rénovation de piscines",0581598223,daoutgd@gmail.com,medium,Sebastien,Gallais,SEBASTIEN GALLAIS,siret_insee,Odos,pisciniste,pisciniste,0,4.9,68,Société de construction de piscine,https://www.arboresia.fr/cote-piscine/,"https://www.google.com/maps/place/Oresia+-+Entretien,+cr%C3%A9ation+et+r%C3%A9novation+de+piscines/data=!4m7!3m6!1s0x12a9d557345bd1ff:0xe340eabbea1a8eec!8m2!3d43.2159342!4d0.054881!16s%2Fg%2F11r9h7v9ry!19sChIJ_9FbNFfVqRIR7I4a6rvqQOM?authuser=0&hl=fr&rclk=1",81.30Z,81535873400011,2015-12-17,11
ad928b8a-3588-4d0a-8c62-2f91d0563944,Rca Travaux Rénovation Construction Aménagement,0559722355,contact@rca-travaux.fr,high,David Serge Emmanuel,Roccia,DAVID SERGE EMMANUEL ROCCIA,siret_insee,Montaner,pisciniste,pisciniste,0,5.0,8,Société de construction de piscine,http://rca-travaux.fr/,https://www.google.com/maps/place/Rca+Travaux+R%C3%A9novation+Construction+Am%C3%A9nagement/data=!4m7!3m6!1s0x12a9df3411962001:0xb9297c85684d2f82!8m2!3d43.3326801!4d0.0041287!16s%2Fg%2F1wb44cld!19sChIJASCWETTfqRIRgi9NaIV8Kbk?authuser=0&hl=fr&rclk=1,74.90A,85309761600017,2019-08-06,02
aa4bdfb5-1dbf-47dd-a384-08c16a4d58b7,Piscines Mesples,0622941206,06piscinesmesples@outlook.fr,medium,Piscines,Mesples,Piscines Mesples,mentions_legales,Pau,pisciniste,pisciniste,1,5.0,3,Société de construction de piscine,https://piscines-mesples.fr/,https://www.google.com/maps/place/Piscines+Mesples/data=!4m7!3m6!1s0xd5649a7f14f217d:0x1caee7bd8e6d7497!8m2!3d43.326485!4d-0.3738442!16s%2Fg%2F11y1cf3zs7!19sChIJfSFP8adJVg0Rl3Rtjr3nrhw?authuser=0&hl=fr&rclk=1,,,,
0c93c317-583c-41b6-8dfd-a845475e5ffd,LES PISCINES RAYNAUD,0627340558,renaudraynaud@gmail.com,medium,,,,,Bayonne,pisciniste,pisciniste,0,4.9,70,Société de construction de piscine,http://www.lespiscinesraynaud.fr/,https://www.google.com/maps/place/LES+PISCINES+RAYNAUD/data=!4m7!3m6!1s0xd56b528d0a30f39:0x86b9d0fe57c439ae!8m2!3d43.5119014!4d-1.203234!16s%2Fg%2F1vyxkr7n!19sChIJOQ-j0Ci1Vg0RrjnEV_7QuYY?authuser=0&hl=fr&rclk=1,,,,
5b356985-24eb-4d60-b50e-adca3d6ec8c8,JMPSOLUTION PISCINISTE,0636005724,contact.jmpsolution@gmail.com,medium,,,,,Créteil,pisciniste,pisciniste,1,5.0,12,Société de construction de piscine,https://www.jmpsolution.fr/,https://www.google.com/maps/place/JMPSOLUTION+PISCINISTE/data=!4m7!3m6!1s0x47e60b57a5743127:0xdbfa0708855b00d4!8m2!3d48.712309!4d2.480877!16s%2Fg%2F11yf2y9bpt!19sChIJJzF0pVcL5kcR1ABbhQgH-ts?authuser=0&hl=fr&rclk=1,,,,
c1082ad8-7bfd-4c74-9ed7-ebfbffaa5644,CBS PISCINE,0619732155,cbspiscine.tech@gmail.com,medium,,,,,Bayonne,pisciniste,pisciniste,0,5.0,29,Société de construction de piscine,https://www.cbs-piscine.com/?utm_medium=referral&utm_source=gmb&utm_campaign=lnk-gmb,https://www.google.com/maps/place/CBS+PISCINE/data=!4m7!3m6!1s0xd513906d0749751:0xe5f05e16dde8fbc2!8m2!3d43.4906529!4d-1.3869402!16s%2Fg%2F11vc9k7wyb!19sChIJUZd00AY5UQ0Rwvvo3RZe8OU?authuser=0&hl=fr&rclk=1,,,,
22ec5d20-f792-4761-a3aa-8f705657095c,Azurea Piscine – Pisciniste Bayonne Anglet Biarritz,0615382070,azurea.piscines@gmail.com,medium,Nicolas,Romano,ROMANO Nicolas,mentions_legales,Bayonne,pisciniste,pisciniste,0,5.0,31,Société de construction de piscine,https://www.azurea-piscines.fr/,https://www.google.com/maps/place/Azurea+Piscine+%E2%80%93+Pisciniste+Bayonne+Anglet+Biarritz/data=!4m7!3m6!1s0x12a9d7d1a9a87107:0xe83036f03db5a900!8m2!3d43.258786!4d0.050739!16s%2Fg%2F11ybdw361d!19sChIJB3GoqdHXqRIRAKm1PfA2MOg?authuser=0&hl=fr&rclk=1,,,,
574ebdcd-083f-4941-8714-663090f14757,Aqualdea,0524362077,secretariat@aqualdea.fr,high,Nunes,Kevin,Nunes Kevin,mentions_legales,Pau,pisciniste,pisciniste,1,4.6,14,Société de construction de piscine,http://www.aqualdea.fr/,https://www.google.com/maps/place/Aqualdea/data=!4m7!3m6!1s0xd564f8becc4ece7:0x7915b60eb248f3fb!8m2!3d43.3123127!4d-0.4271245!16s%2Fg%2F11sv53w35v!19sChIJ5-zE7ItPVg0R-_NIsg62FXk?authuser=0&hl=fr&rclk=1,,,,
cb278e80-072a-4bd2-a983-c43d4cf489ff,Franck piscines,0559416394,franckpiscines@gmail.com,medium,,,,,Anglet,pisciniste,pisciniste,1,4.9,49,Société de construction de piscine,https://franckpiscines.fr/?utm_source=gmb,https://www.google.com/maps/place/Franck+piscines/data=!4m7!3m6!1s0xd5111ad29a2abeb:0xdcf8c0a773cc00da!8m2!3d43.4026803!4d-1.6275715!16s%2Fg%2F11jtbbs2fz!19sChIJ66uiKa0RUQ0R2gDMc6fA-Nw?authuser=0&hl=fr&rclk=1,,,,
67e91af7-e979-4ee0-85f5-151465272ab9,APP Piscine,0781503829,apppiscine@gmail.com,medium,Florent,Malaval,FLORENT MALAVAL,siret_insee,Horgues,pisciniste,pisciniste,0,5.0,79,Société de construction de piscine,http://www.apppiscinecoque.com/,https://www.google.com/maps/place/APP+Piscine/data=!4m7!3m6!1s0x12a9d30df1c340ad:0xc3b3721cf61802cc!8m2!3d43.193584!4d0.0819224!16s%2Fg%2F11qzxjzp8f!19sChIJrUDD8Q3TqRIRzAIY9hxys8M?authuser=0&hl=fr&rclk=1,47.91B,88187233700038,2020-02-17,01
fb3e8a98-ae4b-4fba-9ba7-d2eb9538e07e,Piscinespropres.fr,0559232674,info@piscinespropres.fr,high,,,,,Anglet,pisciniste,pisciniste,1,4.6,72,Société de construction de piscine,https://www.piscinespropres.fr/,https://www.google.com/maps/place/Piscinespropres.fr/data=!4m7!3m6!1s0xd5111a7ba5baead:0x26366d9e8686ae0d!8m2!3d43.366219!4d-1.6092709!16s%2Fg%2F11gx_nhk4x!19sChIJra5buqcRUQ0RDa6Ghp5tNiY?authuser=0&hl=fr&rclk=1,,,,
b229fcba-82a5-435b-a405-a185772a8f20,Enki Piscines - Enki Pool Consulting,0559859027,accueil@enki-piscines.com,high,E.,Grenouilleau,E. GRENOUILLEAU,mentions_legales,Anglet,pisciniste,pisciniste,1,4.7,24,Société de construction de piscine,https://enki-piscines.com/,https://www.google.com/maps/place/Enki+Piscines+-+Enki+Pool+Consulting/data=!4m7!3m6!1s0xd5114932d0cae17:0x3d6a9ae36e16afa4!8m2!3d43.4468609!4d-1.579428!16s%2Fg%2F11ddwwzfcj!19sChIJF64MLZMUUQ0RpK8WbuOaaj0?authuser=0&hl=fr&rclk=1,,,,
d7b22ee8-962b-4c82-93a7-88117a1762ea,Saker Piscines et Spas - Pays Basque et Landes,0559313700,saker.piscines@gmail.com,medium,Jean Luc,Montalibet,JEAN LUC MONTALIBET (MONTALIBET),siret_insee,Anglet,pisciniste,pisciniste,1,4.8,25,Société de construction de piscine,https://www.saker-piscines.fr/,https://www.google.com/maps/place/Saker+Piscines+et+Spas+-+Pays+Basque+et+Landes/data=!4m7!3m6!1s0xd511537c6938927:0xfd55f97bea63a966!8m2!3d43.4642863!4d-1.5043366!16s%2Fg%2F1wf235bc!19sChIJJ4mTxjcVUQ0RZqlj6nv5Vf0?authuser=0&hl=fr&rclk=1,43.99D,47782787700036,2004-07-01,02
ee205157-67e9-4ef8-9ee8-fd80e2b88f6b,DANY PISCINES,0559296198,contact@dany-piscines.fr,high,Daniel Louis,Saade,DANIEL LOUIS SAADE,siret_insee,Labenne,pisciniste,pisciniste,0,5.0,63,Société de construction de piscine,https://dany-piscines.fr/,https://www.google.com/maps/place/DANY+PISCINES/data=!4m7!3m6!1s0xd514118bc4ca50f:0x7473d3212aa414b5!8m2!3d43.5272034!4d-1.4645172!16s%2Fg%2F11sqw7qgw3!19sChIJD6VMvBhBUQ0RtRSkKiHTc3Q?authuser=0&hl=fr&rclk=1,43.99D,84831598200019,2019-01-01,02
8ed96520-a51a-4167-9b0b-379bcffe4bc9,Pool Concept,0661492215,contact@pool-concept.fr,high,Laurent,Allard,LAURENT ALLARD (ALLARD),siret_insee,Roubaix,pisciniste,pisciniste,1,5.0,5,Société de construction de piscine,https://www.pool-concept.fr/,https://www.google.com/maps/place/Pool+Concept/data=!4m7!3m6!1s0xd511766c1980095:0x9c59f465f0c3dae!8m2!3d43.3635995!4d-1.5689072!16s%2Fg%2F11j67s6s0y!19sChIJlQCYwWYXUQ0Rrj0MX0afxQk?authuser=0&hl=fr&rclk=1,63.11Z,42476141900045,1999-10-15,42
70738a82-9101-43b0-b1d6-f3dab4216ae4,Eau & Plaisir DAX,0558422808,contact@eauetplaisir.fr,high,Samuel,Tachoires,SAMUEL TACHOIRES,siret_insee,Dax,pisciniste,pisciniste,0,5.0,40,Société de construction de piscine,http://eauetplaisir.fr/,https://www.google.com/maps/place/Eau+%26+Plaisir+DAX/data=!4m7!3m6!1s0xd56a9ef22fa7225:0xaa93bfd0598a7656!8m2!3d43.6922917!4d-1.0546107!16s%2Fg%2F11rkl9s26w!19sChIJJXL6Iu-pVg0RVnaKWdC_k6o?authuser=0&hl=fr&rclk=1,47.52A,90189096200037,2021-07-21,01
fc4b53e6-c8bb-4a81-939b-d0bb949e0e00,OLATU POOLS,0626703357,contact@olatupools.com,high,Maxime,Donguy,Maxime DONGUY,mentions_legales,Anglet,pisciniste,pisciniste,1,5.0,4,Société de construction de piscine,https://olatupools.com/,https://www.google.com/maps/place/OLATU+POOLS/data=!4m7!3m6!1s0x417d9b2380f4ef5d:0x983617bbdc344f96!8m2!3d43.4718349!4d-1.5354238!16s%2Fg%2F11smhb_s64!19sChIJXe_0gCObfUERlk803LsXNpg?authuser=0&hl=fr&rclk=1,,,,
5b5599c0-5e47-4d86-aea7-0cd757ed7bfb,La Maison Des Travaux,0647345431,anne.legallet@lamaisondestravaux.com,high,Est,Anne Le Gallet. L,est Anne Le Gallet. L,mentions_legales,Bayonne,pisciniste,pisciniste,0,4.9,37,Société de construction de piscine,https://dax.lamaisondestravaux.com/,https://www.google.com/maps/place/La+Maison+Des+Travaux/data=!4m7!3m6!1s0x1659919f859bd0b:0x6b1b8cdac0082f3b!8m2!3d43.636073!4d-1.353474!16s%2Fg%2F11pz6kfphg!19sChIJC71Z-BmZZQEROy8IwNqMG2s?authuser=0&hl=fr&rclk=1,,,,
c9fcae99-6042-45fb-9e04-7bee4554407f,SVB Piscines,0556948954,contact@svb-piscines.com,high,,,,,Pessac,pisciniste,pisciniste,0,4.9,68,Société de construction de piscine,https://svb-piscines.com/,https://www.google.com/maps/place/SVB+Piscines/data=!4m7!3m6!1s0xd54e916d36cf049:0x2830b14d923f993a!8m2!3d44.6201091!4d-0.7850111!16s%2Fg%2F11t9lqjrcy!19sChIJSfBs0xbpVA0ROpk_kk2xMCg?authuser=0&hl=fr&rclk=1,,,,
969dc4ef-20dd-4450-b5bc-0617ce7f9f2a,COULEUR PISCINE DU SUD OUEST,0557824634,sas.cpso@orange.fr,medium,,,,,Bordeaux,pisciniste,pisciniste,1,4.8,16,Société de construction de piscine,https://www.couleurpiscinedusudouest.fr/,https://www.google.com/maps/place/COULEUR+PISCINE+DU+SUD+OUEST/data=!4m7!3m6!1s0xd54cb998ac02f5f:0xe110d9184ae56c0a!8m2!3d44.9580224!4d-0.8667125!16s%2Fg%2F11hdyxygtw!19sChIJXy_AipnLVA0RCmzlShjZEOE?authuser=0&hl=fr&rclk=1,,,,
ea3a2083-a5d5-4c42-90ad-a0e8e643b49e,Eau'Thentik Piscines,0559705324,eauthentikpiscines@gmail.com,medium,,,,,Anglet,pisciniste,pisciniste,1,4.5,92,Société de construction de piscine,https://www.eauthentik-piscines.fr/,https://www.google.com/maps/place/Eau%27Thentik+Piscines/data=!4m7!3m6!1s0xd513f92ad315b6f:0xdc1790ef7b68bf7e!8m2!3d43.4642452!4d-1.5014379!16s%2Fg%2F1tg6rfn6!19sChIJb1sxrZI_UQ0Rfr9oe--QF9w?authuser=0&hl=fr&rclk=1,,,,
d40caca8-23ed-43b9-968b-044f86a85e18,"Pisciniste : construction de piscine, réparation & dépannage | M.D.M Piscines",0645668699,mdm.piscines@gmail.com,medium,Michael,De Melo,MICHAEL DE MELO (DE MELO),siret_insee,Biganos,pisciniste,pisciniste,1,5.0,12,Société de construction de piscine,https://www.mdm-piscines.fr/,"https://www.google.com/maps/place/Pisciniste+:+construction+de+piscine,+r%C3%A9paration+%26+d%C3%A9pannage+%7C+M.D.M+Piscines/data=!4m7!3m6!1s0xd54958839ddbb13:0x29c4dfa9df56b27b!8m2!3d44.8901966!4d-0.4729263!16s%2Fg%2F11qp0h63pj!19sChIJE7vdOYiVVA0Re7JW36nfxCk?authuser=0&hl=fr&rclk=1",43.99D,84070284900018,2018-06-28,NN
044886be-e3da-48ea-a859-ef33f234e502,Ax'eau,0564115337,contact@ax-eau.com,high,Philippe,Pagenaud,Philippe Pagenaud,mentions_legales,Anglet,pisciniste,pisciniste,1,5.0,27,Service de réparation de piscines,https://particuliers.ax-eau.com/nos-implantations/biarritz/,https://www.google.com/maps/place/Ax%27eau/data=!4m7!3m6!1s0xd5115a1b19ff001:0x49a22e830da9ebed!8m2!3d43.4717909!4d-1.5352929!16s%2Fg%2F11f5v03j7n!19sChIJAfCfsaEVUQ0R7eupDYMuokk?authuser=0&hl=fr&rclk=1,,,,
a72a22a5-69a9-4604-8362-de8e75eb60c0,AQUA AND CO Piscine,0556975489,contact@aqua-and-co.fr,high,Sebastien Cedric,Bonnin,SEBASTIEN CEDRIC BONNIN (BONNIN),siret_insee,Le Haillan,pisciniste,pisciniste,1,4.6,57,Société de construction de piscine,http://www.aqua-and-co.fr/,https://www.google.com/maps/place/AQUA+AND+CO+Piscine/data=!4m7!3m6!1s0xd54d741400b4527:0x3ff3762fd7eb8df0!8m2!3d44.8676669!4d-0.6702431!16s%2Fg%2F11btm9q2py!19sChIJJ0ULQEHXVA0R8I3r1y928z8?authuser=0&hl=fr&rclk=1,43.12A,74998836600011,2012-03-01,02
c9272b00-ab3a-4290-9cac-46f59360d410,Abruno Piscines,0533064134,bruno.bidolis@orange.fr,medium,,,,,Saint-Médard-en-Jalles,pisciniste,pisciniste,1,4.8,25,Société de construction de piscine,http://www.abrunopiscines.fr/,https://www.google.com/maps/place/Abruno+Piscines/data=!4m7!3m6!1s0x4801d85440dcb29f:0x9df37630b3ee9fc!8m2!3d45.031034!4d-0.7888579!16s%2Fg%2F1trpq4sz!19sChIJn7LcQFTYAUgR_Ok-C2M33wk?authuser=0&hl=fr&rclk=1,,,,
50afcdfd-6cb5-45aa-b0f2-1f6438b5f76e,TECHNIQU'EAU 17,0667619868,techniqueau17@gmail.com,medium,,,,,La Rochelle,pisciniste,pisciniste,0,4.8,19,Service de nettoyage de piscines,https://www.techniqueau-17.com/,https://www.google.com/maps/place/TECHNIQU%27EAU+17/data=!4m7!3m6!1s0x4801535326c926c1:0x8d1b6b7eff21c57!8m2!3d46.1529782!4d-1.133485!16s%2Fg%2F11h193bwmd!19sChIJwSbJJlNTAUgRVxzy77e20Qg?authuser=0&hl=fr&rclk=1,,,,
0e3ce853-e7fd-4763-92f1-653226129c07,SYMBIOSE PAYSAGE,0673337280,contact@symbiose-paysage.fr,high,Gauthier,Cambon,GAUTHIER CAMBON,siret_insee,Marcheprime,pisciniste,pisciniste,0,5.0,13,Société de construction de piscine,https://www.symbiose-paysage.fr/,https://www.google.com/maps/place/SYMBIOSE+PAYSAGE/data=!4m7!3m6!1s0xd54eb72c5337261:0x4944a516dc18f3fa!8m2!3d44.6897962!4d-0.8484747!16s%2Fg%2F11t7n2wy1f!19sChIJYXIzxXLrVA0R-vMY3BalREk?authuser=0&hl=fr&rclk=1,81.30Z,89742863700010,2021-03-18,03
41473d6b-1346-4d26-8f0b-b9cd6d976631,MD PISCINE & MACONNERIE,0699504442,contact@md-piscine-maconnerie.fr,high,David,Cherrer,DAVID CHERRER,siret_insee,Avensan,pisciniste,pisciniste,1,5.0,9,Société de construction de piscine,https://md-piscine-maconnerie.fr/,https://www.google.com/maps/place/MD+PISCINE+%26+MACONNERIE/data=!4m7!3m6!1s0x4801d77d0de17c3f:0xa84b9eb3abf7a365!8m2!3d45.0375803!4d-0.7376776!16s%2Fg%2F11wp_3xdvs!19sChIJP3zhDX3XAUgRZaP3q7OeS6g?authuser=0&hl=fr&rclk=1,43.99D,92802164100016,2024-04-22,NN
38d87519-609f-40c3-a659-a57bceb9c463,ARROSCOPE,0546343080,info.arroscope@gmail.com,medium,,,,,La Rochelle,pisciniste,pisciniste,0,4.6,44,Société de construction de piscine,http://arroscope.fr/,https://www.google.com/maps/place/ARROSCOPE/data=!4m7!3m6!1s0x48014df9066cf353:0xfeb3dcdb1da26fe6!8m2!3d46.134313!4d-1.0989178!16s%2Fg%2F11c5s6rhjb!19sChIJU_NsBvlNAUgR5m-iHdvcs_4?authuser=0&hl=fr&rclk=1,,,,
e84d98cf-068f-4982-9662-c7cbe6fc3ff4,GIE l'esprit piscine,0556443834,cp@aelexa.com,low,,,,,Bordeaux,pisciniste,pisciniste,1,5.0,33,Société de construction de piscine,https://www.esprit-piscine.fr/,https://www.google.com/maps/place/GIE+l%27esprit+piscine/data=!4m7!3m6!1s0xd5527cf0691ba7d:0xfc6f5a27c2979250!8m2!3d44.8371857!4d-0.5711058!16s%2Fg%2F11b5qt1d74!19sChIJfbqRBs8nVQ0RUJKXwidab_w?authuser=0&hl=fr&rclk=1,,,,
52df16d1-39d1-48b3-9e75-dcec5fdf41e8,Espace Eau - PISCINES HydroSud Rochefort,0954011171,contact@piscines-hydrosud.fr,high,Arnaud,Morisset,Arnaud Morisset,mentions_legales,La Rochelle,pisciniste,pisciniste,0,4.7,80,Société de construction de piscine,https://www.piscines-hydrosud.fr/magasin-piscines-hydrosud/342-piscines-hydrosud-rochefort,https://www.google.com/maps/place/Espace+Eau+-+PISCINES+HydroSud+Rochefort/data=!4m7!3m6!1s0x480141aa31282d15:0x14e43df672f6d6df!8m2!3d45.9483811!4d-0.9884899!16s%2Fg%2F11pg3q35v5!19sChIJFS0oMapBAUgR39b2cvY95BQ?authuser=0&hl=fr&rclk=1,,,,
4d78c830-ae4b-4587-9e8a-f420959c28dc,Côté piscine,0546775150,oleron@cotepiscines.com,high,Caroline,Tronel,Caroline Tronel,mentions_legales,La Rochelle,pisciniste,pisciniste,0,5.0,3,Société de construction de piscine,http://www.cotepiscines.com/,https://www.google.com/maps/place/C%C3%B4t%C3%A9+piscine/data=!4m7!3m6!1s0x4803e156766657d3:0x71a4cecd87f6203c!8m2!3d45.9057296!4d-1.2596815!16s%2Fg%2F11txftdrj2!19sChIJ01dmdlbhA0gRPCD2h83OpHE?authuser=0&hl=fr&rclk=1,,,,
eeedd8f0-0435-4dfb-a6ff-c81b3fca26a4,Aqua 33,0524218717,cars@aqua33440.fr,low,Cyril,Mansencaut,Cyril MANSENCAUT,mentions_legales,Saint-Médard-en-Jalles,pisciniste,pisciniste,1,5.0,24,Société de construction de piscine,https://www.aqua33.pro/,https://www.google.com/maps/place/Aqua+33/data=!4m7!3m6!1s0x48002d92dbeccc1d:0xa8ac35358e233dd2!8m2!3d45.1377594!4d-0.5956305!16s%2Fg%2F11x5v5j5b_!19sChIJHczs25ItAEgR0j0jjjU1rKg?authuser=0&hl=fr&rclk=1,,,,
898f9837-a170-4f8d-886f-5ca9d1559ebb,Sarl saujon,0670559106,david.saujon@orange.fr,medium,,,,,La Rochelle,pisciniste,pisciniste,0,4.8,6,Piscine extérieure,https://sarlsaujon.fr/,https://www.google.com/maps/place/Sarl+saujon/data=!4m7!3m6!1s0x48014dd846938db1:0xf433e1b2c958581!8m2!3d46.1704187!4d-1.0714533!16s%2Fg%2F11m78tlhch!19sChIJsY2TRthNAUgRgYWVLBs-Qw8?authuser=0&hl=fr&rclk=1,,,,
5cbc22db-e4bf-40ca-8191-daf0088ff7f2,Matlo Piscines - Pisciniste EXCEL PISCINES,0559158355,contact@matlo-piscines.fr,high,Daniel,Da Costa Esteves,DANIEL DA COSTA ESTEVES (DA COSTA ESTEVES),siret_insee,Labenne,pisciniste,pisciniste,0,4.6,28,Société de construction de piscine,https://www.matlo-piscines.fr/,https://www.google.com/maps/place/Matlo+Piscines+-+Pisciniste+EXCEL+PISCINES/data=!4m7!3m6!1s0xd514470dea2c339:0x50488396d2a9b16b!8m2!3d43.578379!4d-1.437662!16s%2Fg%2F11gcjbpd0_!19sChIJOcOi3nBEUQ0Ra7Gp0paDSFA?authuser=0&hl=fr&rclk=1,43.99D,82061669600010,2016-06-01,01
69c9f8f4-0202-4c13-b17b-3a4bb0c8e9f6,Cocktail Piscine Poitiers by Laurent Loiget,0549465039,contact@profileo.com,low,,,,,Poitiers,pisciniste,pisciniste,0,4.7,3,Société de construction de piscine,https://www.cocktailpiscine.com/trouver-une-agence/sas-loiget-laurent,https://www.google.com/maps/place/Cocktail+Piscine+Poitiers+by+Laurent+Loiget/data=!4m7!3m6!1s0x47fdbfddb30cd109:0xe5d5e4f756096bf2!8m2!3d46.5625982!4d0.3454264!16s%2Fg%2F11ww704sc8!19sChIJCdEMs92__UcR8msJVvfk1eU?authuser=0&hl=fr&rclk=1,,,,
f106413d-0edf-4907-83c7-88fd14b1b1fe,Piscinosa,0668034009,piscinosa@gmail.com,medium,Duployer,Eric,Duployer Eric,mentions_legales,Poitiers,pisciniste,pisciniste,0,5.0,3,Société de construction de piscine,http://www.piscinosa.fr/,https://www.google.com/maps/place/Piscinosa/data=!4m7!3m6!1s0x47fdc11d50f438c1:0x9e1e055e4ec20f6d!8m2!3d46.4768128!4d0.3654784!16s%2Fg%2F11hyl5dljn!19sChIJwTj0UB3B_UcRbQ_CTl4FHp4?authuser=0&hl=fr&rclk=1,,,,
84bb1f91-44bb-44e4-96c8-07dbaa01be54,le piscinier du lignon,0611860097,lpdl@sfr.fr,medium,,,,,La Rochelle,pisciniste,pisciniste,0,5.0,7,Piscine,http://www.lepiscinierdulignon.fr/,https://www.google.com/maps/place/le+piscinier+du+lignon/data=!4m7!3m6!1s0x480153d2fa095a03:0xf91a4bb66a71ee6f!8m2!3d46.1863349!4d-1.1399457!16s%2Fg%2F11j5h15zv7!19sChIJA1oJ-tJTAUgRb-5xarZLGvk?authuser=0&hl=fr&rclk=1,,,,
e4029416-b6a6-4368-9c86-aff72b55639f,Assistance Piscine 33,0616455284,j.benoist@1.ap33.fr,low,Yohan,De Volder,YOHAN DE VOLDER (DE VOLDER),siret_insee,Margaux-Cantenac,pisciniste,pisciniste,1,5.0,99,Société de construction de piscine,https://assistancepiscine.fr/,https://www.google.com/maps/place/Assistance+Piscine+33/data=!4m7!3m6!1s0x4801d6c0543c7ba9:0xc317b5d5831291b2!8m2!3d45.0360497!4d-0.6952003!16s%2Fg%2F1yj4k3d7x!19sChIJqXs8VMDWAUgRspESg9W1F8M?authuser=0&hl=fr&rclk=1,43.99D,82123023200026,2016-07-01,02
40092ba2-95d7-4c40-87b3-28299f5ed025,Piscines Orhon,0627670225,piscines.orhon@gmail.com,medium,,,,,Rezé,pisciniste,pisciniste,1,5.0,3,Société de construction de piscine,https://piscines-orhon.fr/,https://www.google.com/maps/place/Piscines+Orhon/data=!4m7!3m6!1s0x4805bda29de6b347:0xe88b571cf284de0c!8m2!3d47.0504545!4d-1.7233005!16s%2Fg%2F11n3n364t1!19sChIJR7PmnaK9BUgRDN6E8hxXi-g?authuser=0&hl=fr&rclk=1,,,,
b9481bef-c7fd-4a93-b7f9-0058ee6742da,Marc Robin Piscines,0610372429,marc@marc-robin-piscines.fr,high,,,,,Saint-Médard-en-Jalles,pisciniste,pisciniste,1,4.9,80,Société de construction de piscine,https://marc-robin-piscines.fr/,https://www.google.com/maps/place/Marc+Robin+Piscines/data=!4m7!3m6!1s0xd54c55e1ad15c3b:0x17b57895e7b37ddf!8m2!3d44.799271!4d-0.7914022!16s%2Fg%2F11h057d0qb!19sChIJO1zRGl7FVA0R332z55V4tRc?authuser=0&hl=fr&rclk=1,,,,
5bb3d623-49cf-4131-a8aa-0c5016c8c01f,Piscines Freedom Ouest - Guérande,0685900958,piscinesfreedom50@gmail.com,medium,Steeve,Michigan,Steeve Michigan,mentions_legales,Saint-Nazaire,pisciniste,pisciniste,1,5.0,3,Société de construction de piscine,https://piscines-freedom-ouest.com/demandez-un-devis/,https://www.google.com/maps/place/Piscines+Freedom+Ouest+-+Gu%C3%A9rande/data=!4m7!3m6!1s0x48055b2e45963809:0xcde7913d706e23a0!8m2!3d47.3228624!4d-2.4189563!16s%2Fg%2F11yv7grldg!19sChIJCTiWRS5bBUgRoCNucD2R580?authuser=0&hl=fr&rclk=1,,89170636800018,,
7b21d65e-1f85-4d7a-b866-e560685c2eb5,Piscines Desjoyaux - SAS Atlantis,0549333481,servicecom@desjoyaux.fr,high,,,,,Paris,pisciniste,pisciniste,2,4.7,137,Société de construction de piscine,https://www.desjoyaux.fr/boutiques-desjoyaux/79000-niort/,https://www.google.com/maps/place/Piscines+Desjoyaux+-+SAS+Atlantis/data=!4m7!3m6!1s0x480730c6204bf37f:0x8c9455c354dec431!8m2!3d46.339066!4d-0.4027953!16s%2Fg%2F11btl_s1yj!19sChIJf_NLIMYwB0gRMcTeVMNVlIw?authuser=0&hl=fr&rclk=1,,,,
1631b4b3-ebe1-4890-bd4a-4599134b40ed,PRESQU'ILE PISCINES,0297423299,hello@presquilepiscines.com,high,Stéphane,Hingue,Stéphane HINGUE,mentions_legales,Vannes,pisciniste,pisciniste,1,4.5,34,Société de construction de piscine,https://www.presquilepiscines.com/,https://www.google.com/maps/place/PRESQU%27ILE+PISCINES/data=!4m7!3m6!1s0x480fe17cbb4b6ac1:0x94f91d0cc29b0132!8m2!3d47.6955431!4d-2.6354586!16s%2Fg%2F11smz5wgx2!19sChIJwWpLu3zhD0gRMgGbwgwd-ZQ?authuser=0&hl=fr&rclk=1,,,,
43ed07e5-4082-4698-bfd1-b22ea1ab597f,ALFA Piscine,0617300616,contact@alfa-piscine.fr,high,,,,,Anglet,pisciniste,pisciniste,1,4.9,81,Service de réparation de piscines,https://www.alfa-piscine.fr/,https://www.google.com/maps/place/ALFA+Piscine/data=!4m7!3m6!1s0xd5108dbb87c4a05:0xb3039f01d4412ee9!8m2!3d43.341618!4d-1.7524535!16s%2Fg%2F11hd1mdc5g!19sChIJBUp8uNsIUQ0R6S5B1AGfA7M?authuser=0&hl=fr&rclk=1,,98314320500012,,
e454f3a5-d787-48a2-93c9-2f883c062087,Abrimobile,0549172370,info@abrimobile.com,high,Jean-Noël,Bodineau,Jean-Noël BODINEAU,mentions_legales,Niort,pisciniste,pisciniste,0,4.8,100,Magasin de matériel pour piscines,http://www.abrimobile.com/,https://www.google.com/maps/place/Abrimobile/data=!4m7!3m6!1s0x48072e3ae6a8bb6d:0xc9cacb98283b1557!8m2!3d46.3120461!4d-0.4866522!16s%2Fg%2F1tncs8gj!19sChIJbbuo5jouB0gRVxU7KJjLysk?authuser=0&hl=fr&rclk=1,,,,
0d847ba9-41dc-47a4-b5e4-27eb1ad8818c,Pool Renov,0297523535,contact@poolrenov56.com,high,,,,,Vannes,pisciniste,pisciniste,1,4.5,32,Société de construction de piscine,https://www.poolrenov56.com/,https://www.google.com/maps/place/Pool+Renov/data=!4m7!3m6!1s0x48101ec3382effb7:0x8fc80866e979b17f!8m2!3d47.661897!4d-2.9084545!16s%2Fg%2F1tqpyn5j!19sChIJt_8uOMMeEEgRf7F56WYIyI8?authuser=0&hl=fr&rclk=1,,,,
f602a109-8f56-4a8b-bc2d-e8336519b0f5,LS Piscine,0297522142,secretariat.lspiscine@gmail.com,medium,Loic Andre Theodor,Scherpereel,LOIC ANDRE THEODOR SCHERPEREEL (SCHERPEREEL),siret_insee,Plougoumelen,pisciniste,pisciniste,1,5.0,9,Société de construction de piscine,https://www.ls-piscine.fr/,https://www.google.com/maps/place/LS+Piscine/data=!4m7!3m6!1s0x481017d2e04b7c19:0xea797fbbddcd95fb!8m2!3d47.662035!4d-2.908972!16s%2Fg%2F11sj9rvk6x!19sChIJGXxL4NIXEEgR-5XN3bt_eeo?authuser=0&hl=fr&rclk=1,43.99D,89309421900027,2021-01-19,02
62d1f533-4265-4886-9a1b-9e5d54062a82,Piscines Jms / l'esprit piscine - Vannes,0297245329,cp@aelexa.com,low,,,,,Vannes,pisciniste,pisciniste,1,4.7,53,Société de construction de piscine,https://www.esprit-piscine.fr/piscines-jms-auray/,https://www.google.com/maps/place/Piscines+Jms+%2F+l%27esprit+piscine+-+Vannes/data=!4m7!3m6!1s0x4810145f88576bb9:0xc57e7c4e12b09feb!8m2!3d47.6669059!4d-3.0090488!16s%2Fg%2F11b6hzvwxb!19sChIJuWtXiF8UEEgR65-wEk58fsU?authuser=0&hl=fr&rclk=1,,,,
82d73e0d-ca7c-4227-8000-1a3a792340b7,PISCINES DESJOYAUX 86 (AQUA PICTA),0549889550,servicecom@desjoyaux.fr,high,,,,,Poitiers,pisciniste,pisciniste,0,4.7,67,Société de construction de piscine,https://www.desjoyaux.fr/boutiques-desjoyaux/86000-poitiers/,https://www.google.com/maps/place/PISCINES+DESJOYAUX+86+%28AQUA+PICTA%29/data=!4m7!3m6!1s0x47fdbdd02fcf9f4d:0x60c15fceccd41ef8!8m2!3d46.6157004!4d0.3488448!16s%2Fg%2F11wnn0ssgm!19sChIJTZ_PL9C9_UcR-B7UzM5fwWA?authuser=0&hl=fr&rclk=1,,,,
7a12b483-65dc-4b37-abfc-3ebe88c99779,Eden & Siloe - Paysage et Piscine CARRE BLEU,0297568015,contact@eden-siloe.fr,high,,,,,Vannes,pisciniste,pisciniste,1,5.0,3,Société de construction de piscine,http://www.eden-siloe.fr/,https://www.google.com/maps/place/Eden+%26+Siloe+-+Paysage+et+Piscine+CARRE+BLEU/data=!4m7!3m6!1s0x481012cd4b7578cd:0xa9a8b2271cd4e9fc!8m2!3d47.5943021!4d-3.045324!16s%2Fg%2F11b6dq2rtk!19sChIJzXh1S80SEEgR_OnUHCeyqKk?authuser=0&hl=fr&rclk=1,,,,
4502acf5-7deb-4af0-bfb7-f7e077322e70,PISCINES BRETAGNE SUD,0297563926,contact@atmedia.fr,low,Piscines,Bretagne Sud,Piscines Bretagne Sud,mentions_legales,Vannes,pisciniste,pisciniste,1,4.6,35,Société de construction de piscine,https://www.piscines-bretagne-sud.com/,https://www.google.com/maps/place/PISCINES+BRETAGNE+SUD/data=!4m7!3m6!1s0x481014eafcb0e0a5:0x64f0d9f686840d7b!8m2!3d47.6664992!4d-3.0155794!16s%2Fg%2F1tgvd0m0!19sChIJpeCw_OoUEEgRew2EhvbZ8GQ?authuser=0&hl=fr&rclk=1,,,,
cfbd8132-98a2-47f5-94c7-667925ccaa13,PERFECT PISCINES - PERFECT ABRIS,0770272152,perfectpiscine@gmail.com,medium,,,,,Vannes,pisciniste,pisciniste,1,5.0,11,Magasin de matériel pour piscines,https://www.piscine56.net/abris-piscine-terrasse-pergolas,https://www.google.com/maps/place/PERFECT+PISCINES+-+PERFECT+ABRIS/data=!4m7!3m6!1s0x4810251db96cde89:0x864c74c66814184f!8m2!3d47.888033!4d-2.8331515!16s%2Fg%2F11hdrwp25x!19sChIJid5suR0lEEgRTxgUaMZ0TIY?authuser=0&hl=fr&rclk=1,,,,
b52f8425-74c4-49e5-ab95-6341dc15d639,"CARRE D'O - Magasin Spas, Saunas et Piscines",0658170073,contact@carredo-spa-piscine.bzh,high,Carré,D'o,Carré D'O,mentions_legales,Vannes,pisciniste,pisciniste,1,4.9,9,Société de construction de piscine,https://www.carredo-spa-piscine.bzh/,"https://www.google.com/maps/place/CARRE+D%27O+-+Magasin+Spas,+Saunas+et+Piscines/data=!4m7!3m6!1s0x48101958eb4e24a1:0x4706dd871f960847!8m2!3d47.6827122!4d-2.7994823!16s%2Fg%2F11kz7l4f8y!19sChIJoSRO61gZEEgRRwiWH4fdBkc?authuser=0&hl=fr&rclk=1",,,,
bc71db38-4e92-4a2a-9eb6-14c19d50ba95,Rêves d’Ô | Pisciniste à Guérande (44) | Piscine & Spa,0658196646,contact@revesdo.fr,high,,,,,Saint-Nazaire,pisciniste,pisciniste,1,5.0,84,Société de construction de piscine,https://www.revesdo.fr/,https://www.google.com/maps/place/R%C3%AAves+d%E2%80%99%C3%94+%7C+Pisciniste+%C3%A0+Gu%C3%A9rande+%2844%29+%7C+Piscine+%26+Spa/data=!4m7!3m6!1s0xf6a20753ab359eb:0x62d399814cfdac99!8m2!3d47.3553881!4d-2.2509266!16s%2Fg%2F11vxkf85g8!19sChIJ61mzOnUgag8Rmaz9TIGZ02I?authuser=0&hl=fr&rclk=1,,,,
a0feabf2-69db-483d-b244-4bf5a5680666,Créa'Paysage Ploeren,0297261840,contact@creapaysage.com,low,,,,,Vannes,pisciniste,pisciniste,1,4.7,20,Société de construction de piscine,http://www.creapaysage-piscine.com/,https://www.google.com/maps/place/Cr%C3%A9a%27Paysage+Ploeren/data=!4m7!3m6!1s0x481019e518ef5e75:0x2586e0d75b659737!8m2!3d47.6601497!4d-2.8649942!16s%2Fg%2F11b76c40yt!19sChIJdV7vGOUZEEgRN5dlW9fghiU?authuser=0&hl=fr&rclk=1,,,,
742235a4-879d-478a-b4cb-ecc1e40ed3a4,Piscine & Spa 29 / l'esprit piscine / Spa Hotspring,0298327202,cp@aelexa.com,low,,,,,Brest,pisciniste,pisciniste,0,4.8,93,Société de construction de piscine,https://www.esprit-piscine.fr/piscine-et-spa-29,https://www.google.com/maps/place/Piscine+%26+Spa+29+%2F+l%27esprit+piscine+%2F+Spa+Hotspring/data=!4m7!3m6!1s0x4816a4baf244428b:0x4115f73fdd234a05!8m2!3d48.4819328!4d-4.4973363!16s%2Fg%2F1tdr2q8c!19sChIJi0JE8rqkFkgRBUoj3T_3FUE?authuser=0&hl=fr&rclk=1,,,,
ce75db11-bd2a-43db-9024-c516af233b6b,SWIM GARDEN Piscines & Spas - Everblue,0298940272,contact@swimgarden.fr,high,,,,,Quimper,pisciniste,pisciniste,0,4.6,69,Société de construction de piscine,https://www.swimgarden.fr/,https://www.google.com/maps/place/SWIM+GARDEN+Piscines+%26+Spas+-+Everblue/data=!4m7!3m6!1s0x4810d3e783959fd7:0xa95fe550f17e5e6a!8m2!3d47.9174161!4d-4.0699381!16s%2Fg%2F11b6dp__8c!19sChIJ15-Vg-fTEEgRal5-8VDlX6k?authuser=0&hl=fr&rclk=1,,,,
3548c454-9944-4bc9-8318-131e08ac7180,Aqualys Paysages,0285359406,contact@aqualys-paysages.fr,high,,,,,Angers,pisciniste,pisciniste,0,5.0,9,Société de construction de piscine,https://aqualys-paysages.fr/?utm_source=google&utm_medium=organic&utm_campaign=gbp,https://www.google.com/maps/place/Aqualys+Paysages/data=!4m7!3m6!1s0x48062f3533f8380d:0x34b246b54a1b9fa5!8m2!3d47.351213!4d-0.7619305!16s%2Fg%2F11ycz38st4!19sChIJDTj4MzUvBkgRpZ8bSrVGsjQ?authuser=0&hl=fr&rclk=1,,,,
e3b57685-c6af-44cf-936e-c7a0ae73f24c,"Dp Piscines / L'Esprit Piscine, Spa HOTSPRING & Sauna",0298551256,accueil@dp-piscines.fr,high,Nadim,Hijazi Coordonnées,Nadim Hijazi Coordonnées,mentions_legales,Quimper,pisciniste,pisciniste,0,4.8,157,Société de construction de piscine,https://www.dp-piscines.fr/,"https://www.google.com/maps/place/Dp+Piscines+%2F+L%27Esprit+Piscine,+Spa+HOTSPRING+%26+Sauna/data=!4m7!3m6!1s0x4810d4d60a806491:0xfc76656d67bbf420!8m2!3d47.9624578!4d-4.1544805!16s%2Fg%2F1tdbdv4r!19sChIJkWSACtbUEEgRIPS7Z21ldvw?authuser=0&hl=fr&rclk=1",,,,
4bbfb91e-eded-44cc-a640-9e05da90961e,Atelier Ligne d'eau / l'esprit piscine,0221763929,cp@aelexa.com,low,,,,,Laval,pisciniste,pisciniste,1,4.9,39,Société de construction de piscine,https://www.esprit-piscine.fr/atelier-ligne-deau/,https://www.google.com/maps/place/Atelier+Ligne+d%27eau+%2F+l%27esprit+piscine/data=!4m7!3m6!1s0x4808fda4fe2dc061:0x2d631ffbc64f33cc!8m2!3d48.0724463!4d-0.7223486!16s%2Fg%2F11r9ctmf15!19sChIJYcAt_qT9CEgRzDNPxvsfYy0?authuser=0&hl=fr&rclk=1,,,,
06ea6917-38bc-4ee6-9e65-3d1023681556,Nautile Piscine | Pisciniste Angers,0761570056,contact@nautilepiscine.fr,high,,,,,Angers,pisciniste,pisciniste,0,5.0,7,Société de construction de piscine,http://www.nautilepiscine.fr/,https://www.google.com/maps/place/Nautile+Piscine+%7C+Pisciniste+Angers/data=!4m7!3m6!1s0x22ece88818ffc009:0x36491c6e860de5c5!8m2!3d47.3894391!4d-0.559822!16s%2Fg%2F11yywzzb6z!19sChIJCcD_GIjo7CIRxeUNhm4cSTY?authuser=0&hl=fr&rclk=1,,,,
8ed259e0-6b8c-4242-a0e5-2ef5f369809c,DALLAGES DE L'OUEST,0241554606,contact@dallagesdelouest.com,high,,,,,Cholet,pisciniste,pisciniste,1,4.9,144,Magasin de matériel pour piscines,https://www.dallagesdelouest.com/,https://www.google.com/maps/place/DALLAGES+DE+L%27OUEST/data=!4m7!3m6!1s0x4806464392bbf30b:0x79bf4e2bfef7a0!8m2!3d47.079!4d-0.8369051!16s%2Fg%2F1v2pplkm!19sChIJC_O7kkNGBkgRoPf-K06_eQA?authuser=0&hl=fr&rclk=1,,,,
8c2f0356-6ae4-4424-9cba-11bdfc71b62b,ART PISCINE 66 - LE SHOP,0630642085,artpiscine66@yahoo.fr,medium,,,,,Perpignan,pisciniste,pisciniste,1,5.0,174,Société de construction de piscine,https://www.artpiscine66.com/?utm_medium=referral&utm_source=gmb&utm_campaign=lnk-gmb,https://www.google.com/maps/place/ART+PISCINE+66+-+LE+SHOP/data=!4m7!3m6!1s0x12b0774167104e69:0x3e8b272dc29062c2!8m2!3d42.6441744!4d2.8796351!16s%2Fg%2F11clwl386b!19sChIJaU4QZ0F3sBIRwmKQwi0niz4?authuser=0&hl=fr&rclk=1,,,,
fafccde0-5c5b-4719-879a-dc02bce7c436,Piscines et Spas 72 - Piscines HydroSud Le Mans,0243292230,contact@piscines-hydrosud.fr,high,,,,,Le Mans,pisciniste,pisciniste,0,4.4,119,Société de construction de piscine,https://www.piscines-hydrosud.fr/magasin-piscines-hydrosud/229-piscines-hydrosud-le-mans?utm_campaign=lbc&utm_content=Le-Mans-72-HSD-Le-Mans&utm_medium=maps&utm_source=google,https://www.google.com/maps/place/Piscines+et+Spas+72+-+Piscines+HydroSud+Le+Mans/data=!4m7!3m6!1s0x47e288862700dcd3:0xaa2bc0a94bc81db0!8m2!3d48.0370354!4d0.1766032!16s%2Fg%2F11b77rh9f4!19sChIJ09wAJ4aI4kcRsB3IS6nAK6o?authuser=0&hl=fr&rclk=1,,,,
ded1ab83-c2bd-4dd6-ae32-a1f8df894e37,Piscines Ibiza Perpignan Sud - Projets Piscine,0430448727,contact@piscines-ibiza.fr,low,,,,,Perpignan,pisciniste,pisciniste,1,4.8,102,Société de construction de piscine,https://www.piscines-ibiza.com/distributeur/perpignan-pyrenees-orientales-pisciniste-perpignan-sud,https://www.google.com/maps/place/Piscines+Ibiza+Perpignan+Sud+-+Projets+Piscine/data=!4m7!3m6!1s0x12b071e54398fe1d:0xf9f48a06def125f8!8m2!3d42.6704807!4d2.8824916!16s%2Fg%2F11h11bsss5!19sChIJHf6YQ-VxsBIR-CXx3gaK9Pk?authuser=0&hl=fr&rclk=1,,,,
4095ca49-679c-4ff3-8684-0cf651bf7940,Notre Piscine,0298117416,contact@notrepiscine.com,high,Pascal,Jusqu,Pascal jusqu,mentions_legales,Quimper,pisciniste,pisciniste,0,5.0,9,Société de construction de piscine,https://www.notrepiscine.com/,https://www.google.com/maps/place/Notre+Piscine/data=!4m7!3m6!1s0x48112b934bb8b11b:0x70e5c15fba57a89e!8m2!3d48.012469!4d-4.0892738!16s%2Fg%2F11y1yg21mz!19sChIJG7G4S5MrEUgRnqhXul_B5XA?authuser=0&hl=fr&rclk=1,,,,
840bb2c3-9f2d-4ee1-9cf2-8b0b8b7d1fd0,‍ ️ CDNG Piscines,0683159386,cdng66@gmail.com,medium,,,,,Perpignan,pisciniste,pisciniste,1,4.7,56,Société de construction de piscine,http://www.cdngconstruction.com/?utm_medium=referral&utm_source=gmb&utm_campaign=lnk-gmb,https://www.google.com/maps/place/%E2%80%8D+%EF%B8%8F+CDNG+Piscines/data=!4m7!3m6!1s0x12b06563ca3a4937:0x63fd019c81d99bc7!8m2!3d42.6302124!4d2.9222967!16s%2Fg%2F11b6dg9qnt!19sChIJN0k6ymNlsBIRx5vZgZwB_WM?authuser=0&hl=fr&rclk=1,,,,
58a42aff-4baf-4d65-afcb-4667b6da2720,DALLAGES DE L'OUEST,0241486800,contact@dallagesdelouest.com,high,,,,,Angers,pisciniste,pisciniste,0,4.8,176,Magasin de matériel pour piscines,http://www.dallagesdelouest.com/,https://www.google.com/maps/place/DALLAGES+DE+L%27OUEST/data=!4m7!3m6!1s0x48087f95fe6638a9:0x89b3111be5f91a4!8m2!3d47.4671314!4d-0.6291086!16s%2Fg%2F1tdbw3w8!19sChIJqThm_pV_CEgRpJFfvhExmwg?authuser=0&hl=fr&rclk=1,,,,
0cbf0f62-88e3-446b-aa02-532f1c414e79,Espace Piscine,0468216911,espacepiscine66@gmail.com,medium,,,,,Perpignan,pisciniste,pisciniste,1,4.5,62,Société de construction de piscine,https://www.espacepiscine66.com/?utm_medium=referral&utm_source=gmb&utm_campaign=lnk-gmb,https://www.google.com/maps/place/Espace+Piscine/data=!4m7!3m6!1s0x12b07afcc5aa5a89:0x705868a617c8c296!8m2!3d42.6358316!4d2.9862931!16s%2Fg%2F1tgwjw3s!19sChIJiVqqxfx6sBIRlsLIF6ZoWHA?authuser=0&hl=fr&rclk=1,,,,
1ee8f857-1813-4c5b-be5b-1ac4af22bc78,PBS - Piscine Bâtiment Service,0787918581,pbs.carcassonne@gmail.com,medium,,,,,Carcassonne,pisciniste,pisciniste,1,5.0,5,Société de construction de piscine,https://www.pbs11.fr/,https://www.google.com/maps/place/PBS+-+Piscine+B%C3%A2timent+Service/data=!4m7!3m6!1s0xad508409f59c3507:0x40de669d3f301bcb!8m2!3d43.182644!4d2.564916!16s%2Fg%2F11n56sqqys!19sChIJBzWc9QmEUK0RyxswP51m3kA?authuser=0&hl=fr&rclk=1,,,,
38ade990-cad8-46b7-8d92-e84bf59ec56b,3P Piscines 🏊‍♂️ - Construction et Installation de Piscine à Perpignan,0770011426,laliguedelhabitat@gmail.com,medium,,,,,Perpignan,pisciniste,pisciniste,1,5.0,20,Société de construction de piscine,http://www.piscines-3p.com/?utm_source=google&utm_medium=organic&utm_campaign=gmb,https://www.google.com/maps/place/3P+Piscines+%F0%9F%8F%8A%E2%80%8D%E2%99%82%EF%B8%8F+-+Construction+et+Installation+de+Piscine+%C3%A0+Perpignan/data=!4m7!3m6!1s0x12b0696ca9abd3f1:0xecda7e02675af43b!8m2!3d42.7319329!4d2.8988538!16s%2Fg%2F11b6dg16w7!19sChIJ8dOrqWxpsBIRO_RaZwJ-2uw?authuser=0&hl=fr&rclk=1,,,,
ea33a0d6-b398-4420-a983-fb35dbab1179,MINIPOOLSUD,0661864011,eps-serv@outlook.com,medium,,,,,Narbonne,pisciniste,pisciniste,1,5.0,7,Société de construction de piscine,http://www.minipoolsud.com/,https://www.google.com/maps/place/MINIPOOLSUD/data=!4m7!3m6!1s0x12b1cb0251654a5d:0xe3f20e3907107f64!8m2!3d43.19912!4d2.7634664!16s%2Fg%2F11z5sph4p3!19sChIJXUplUQLLsRIRZH8QBzkO8uM?authuser=0&hl=fr&rclk=1,,,,
f0bb4f3c-a902-44a2-9173-c3581c3a94b0,IFC Piscine | rénovation-modification-réparation tout support de piscine par polyester / Garantie décennale / devis gratuit,0681170340,ifc.piscine.contact1322@gmail.com,medium,,,,,Perpignan,pisciniste,pisciniste,1,4.9,59,Société de construction de piscine,https://ifcpiscines.fr/,https://www.google.com/maps/place/IFC+Piscine+%7C+r%C3%A9novation-modification-r%C3%A9paration+tout+support+de+piscine+par+polyester+%2F+Garantie+d%C3%A9cennale+%2F+devis+gratuit/data=!4m7!3m6!1s0x12b069fedc117fa9:0x46ca9c18f9cbc242!8m2!3d42.8007687!4d2.8896125!16s%2Fg%2F11jfvgn0px!19sChIJqX8R3P5psBIRQsLL-RicykY?authuser=0&hl=fr&rclk=1,,,,
f8b4fdb2-052e-4731-9eb1-917e7568b850,Piscines Ibiza Perpignan Nord - Projets Piscine,0468520232,contact@piscines-ibiza.fr,low,,,,,Perpignan,pisciniste,pisciniste,1,4.5,64,Société de construction de piscine,https://www.piscines-ibiza.com/nos-piscinistes/pisciniste-perpignan-thuir-le-boulou-ceret-rivesaltes/,https://www.google.com/maps/place/Piscines+Ibiza+Perpignan+Nord+-+Projets+Piscine/data=!4m7!3m6!1s0x12b0694d6c7a25ed:0x3f8fcb2b6744521c!8m2!3d42.7574274!4d2.8965492!16s%2Fg%2F11h6gvk30b!19sChIJ7SV6bE1psBIRHFJEZyvLjz8?authuser=0&hl=fr&rclk=1,,,,
763439a2-fe21-4e48-a0b5-94151fff4c55,Dynastie Piscine,0684676708,contact@dynastiepiscine.com,high,,,,,Narbonne,pisciniste,pisciniste,1,5.0,24,Société de construction de piscine,https://dynastiepiscine.com/,https://www.google.com/maps/place/Dynastie+Piscine/data=!4m7!3m6!1s0x12b1ad9adfb4350d:0x34fc6dbaa2c9ad8e!8m2!3d43.1448703!4d2.9724977!16s%2Fg%2F11l59kllc8!19sChIJDTW035qtsRIRjq3Jorpt_DQ?authuser=0&hl=fr&rclk=1,,,,
0a5ddcb6-4c7c-4476-a092-b5c133a63388,Swimotech,0468724871,contact@swimotech.fr,high,Gilles Michel Nicolas,Salles,GILLES MICHEL NICOLAS SALLES,siret_insee,Carcassonne,pisciniste,pisciniste,1,4.5,8,Société de construction de piscine,https://www.swimotech.fr/,https://www.google.com/maps/place/Swimotech/data=!4m7!3m6!1s0x12ae2dcf93be22f7:0x84fd023111e04e95!8m2!3d43.2098415!4d2.3053336!16s%2Fg%2F11vlp2kq7h!19sChIJ9yK-k88trhIRlU7gETEC_YQ?authuser=0&hl=fr&rclk=1,36.00Z,97837841200016,2023-10-01,01
a9fbe029-d48d-4e1c-a96a-8dc995c91c58,Union Piscines,0468724765,contact@unionpiscines.fr,high,Marie Lea,Goger,MARIE LEA GOGER (DUCASSE),siret_insee,Carcassonne,pisciniste,pisciniste,1,4.6,179,Société de construction de piscine,https://www.unionpiscines.fr/,https://www.google.com/maps/place/Union+Piscines/data=!4m7!3m6!1s0x12ae2d92a834bc77:0x58564856f63fbbc4!8m2!3d43.2088858!4d2.3124018!16s%2Fg%2F124yl290g!19sChIJd7w0qJItrhIRxLs_9lZIVlg?authuser=0&hl=fr&rclk=1,47.52B,79080038700017,2013-01-12,11
6bc36ba9-fda8-4753-862a-49f71e1aead1,Piscine O Claire,0468096453,benjamin.gardon@piscine-o-claire.fr,high,Benjamin,Gardon,BENJAMIN GARDON,siret_insee,Saint-Esteve,pisciniste,pisciniste,1,4.7,7,Société de construction de piscine,https://www.piscine-o-claire.fr/,https://www.google.com/maps/place/Piscine+O+Claire/data=!4m7!3m6!1s0x12b06d932a7225f9:0xb6d3d97d89c78e62!8m2!3d42.7162646!4d2.8546901!16s%2Fg%2F11h04j_42z!19sChIJ-SVyKpNtsBIRYo7HiX3Z07Y?authuser=0&hl=fr&rclk=1,43.99D,89503043500013,2021-03-05,01
f42c5bb0-f0e5-4da7-a6de-8737fde2dbe4,Magitech piscine & Spa,0412101313,contact@magitech-piscine.com,high,Christophe Patrick,Caillet,CHRISTOPHE PATRICK CAILLET,siret_insee,Narbonne,pisciniste,pisciniste,1,4.7,42,Société de construction de piscine,https://magitech-piscine.com/,https://www.google.com/maps/place/Magitech+piscine+%26+Spa/data=!4m7!3m6!1s0x12b107728fa20ba5:0xd900eb1c6d52731c!8m2!3d43.1765715!4d2.7448896!16s%2Fg%2F11fxc161yn!19sChIJpQuij3IHsRIRHHNSbRzrANk?authuser=0&hl=fr&rclk=1,43.99D,53093250800043,2011-03-15,01
81db74b7-31fd-42ac-a029-888c973fcff7,Création Piscines Narbonne,0468402983,contact@creationpiscines.fr,high,Olivier,Matutane,Olivier Matutane,mentions_legales,Narbonne,pisciniste,pisciniste,1,4.5,30,Société de construction de piscine,https://creationpiscines.fr/,https://www.google.com/maps/place/Cr%C3%A9ation+Piscines+Narbonne/data=!4m7!3m6!1s0x12b1ad39c17e8bf5:0x6bb669eab1c317b0!8m2!3d43.174388!4d2.981615!16s%2Fg%2F11fx0bksjc!19sChIJ9Yt-wTmtsRIRsBfDsepptms?authuser=0&hl=fr&rclk=1,,,,
d8c0f372-87f0-4329-8801-395deace3239,Jose Corsaletti Piscines,0422912702,contact@corsaletti-jose-piscines.fr,high,Jose,Corsaletti,JOSE CORSALETTI,siret_insee,Narbonne,pisciniste,pisciniste,1,5.0,16,Société de construction de piscine,https://www.corsaletti-jose-piscines.fr/,https://www.google.com/maps/place/Jose+Corsaletti+Piscines/data=!4m7!3m6!1s0x12b1ad3297bdeec9:0xc33fc04bb005a596!8m2!3d43.137575!4d2.9668483!16s%2Fg%2F11gc7yvlgn!19sChIJye69lzKtsRIRlqUFsEvAP8M?authuser=0&hl=fr&rclk=1,43.99C,34324994200057,1988-01-01,01
f688f55f-8fe6-4329-9571-6fdd0201b0ea,Art & Piscine - Everblue Carcassonne,0468255043,info@everblue.com,high,Thierry,D,Thierry D,mentions_legales,Carcassonne,pisciniste,pisciniste,1,4.8,86,Société de construction de piscine,https://www.everblue.com/concessionnaires/everblue-carcassonne/,https://www.google.com/maps/place/Art+%26+Piscine+-+Everblue+Carcassonne/data=!4m7!3m6!1s0x12ae2dbfd2880e4d:0xfd6f25c2b9510e2d!8m2!3d43.2081036!4d2.3236065!16s%2Fg%2F119t_b3gf!19sChIJTQ6I0r8trhIRLQ5RucIlb_0?authuser=0&hl=fr&rclk=1,,,,
d92d8392-8fb1-4a0e-8a96-fcc149b6ad07,"PISCINES HDP, spécialiste béton projeté ; agence Sud-Ouest de Carcassonne",0468782008,rgpd@piscines-hdp.com,high,Jorge,Moreira-Martins,Jorge Moreira-Martins,mentions_legales,Carcassonne,pisciniste,pisciniste,1,4.5,8,Société de construction de piscine,https://www.piscines-hdp.com/,"https://www.google.com/maps/place/PISCINES+HDP,+sp%C3%A9cialiste+b%C3%A9ton+projet%C3%A9+;+agence+Sud-Ouest+de+Carcassonne/data=!4m7!3m6!1s0x12ae29a043122d1d:0xf28d3936a8d9bc65!8m2!3d43.2275522!4d2.3312498!16s%2Fg%2F11rggp4k03!19sChIJHS0SQ6AprhIRZbzZqDY5jfI?authuser=0&hl=fr&rclk=1",,,,
4422c804-c71a-458c-8e0c-2a596de3ec12,Zee Spa ( Spécialiste du spa en France) Ventes et réparation toutes marques,0468538758,contact@zee-spa.com,high,,,,,Perpignan,pisciniste,pisciniste,1,4.5,145,Société de construction de piscine,https://zee-spa.com/,https://www.google.com/maps/place/Zee+Spa+%28+Sp%C3%A9cialiste+du+spa+en+France%29+Ventes+et+r%C3%A9paration+toutes+marques/data=!4m7!3m6!1s0x12b07376e72e5799:0xb9998d579d0c29ea!8m2!3d42.5221333!4d2.8176566!16s%2Fg%2F11c5_jkhqg!19sChIJmVcu53ZzsBIR6ikMnVeNmbk?authuser=0&hl=fr&rclk=1,,,,
283c21d1-de42-4034-8a23-5331bb258a58,Marpi Sarl,0468928360,contact@marpi-piscines.fr,low,,,,,Perpignan,pisciniste,pisciniste,1,4.5,55,Magasin de matériel pour piscines,http://marpi.fr/?utm_source=gmb,https://www.google.com/maps/place/Marpi+Sarl/data=!4m7!3m6!1s0x12b06c2eaf98c217:0xe2c5eac06f7bb752!8m2!3d42.7166401!4d2.8519789!16s%2Fg%2F1tg_0w0m!19sChIJF8KYry5ssBIRUrd7b8DqxeI?authuser=0&hl=fr&rclk=1,,,,
7440cc44-b7d6-4c88-9bc9-cbcd9e8008f4,Union Piscines,0411669909,contact@unionpiscines.fr,high,Marie Lea,Goger,MARIE LEA GOGER (DUCASSE),siret_insee,Carcassonne,pisciniste,pisciniste,1,5.0,10,Société de construction de piscine,https://www.unionpiscines.fr/,https://www.google.com/maps/place/Union+Piscines/data=!4m7!3m6!1s0x12ae2b68c4b6e171:0x7411ef9800b6b08!8m2!3d43.2079714!4d2.3820949!16s%2Fg%2F11swdmczpn!19sChIJceG2xGgrrhIRCGsLgPkeQQc?authuser=0&hl=fr&rclk=1,47.52B,79080038700017,2013-01-12,11
581c0793-ea4c-4cab-92a6-a5158f8d07da,AQUATECHNIQUE (siège social),0468569654,aquatechnique@aquatechnique.fr,high,Christophe Michel,Pineau,CHRISTOPHE MICHEL PINEAU,siret_insee,Perpignan,pisciniste,pisciniste,1,5.0,5,Société de construction de piscine,https://aquatechnique.fr/,https://www.google.com/maps/place/AQUATECHNIQUE+%28si%C3%A8ge+social%29/data=!4m7!3m6!1s0x12b06dfa3337f591:0x1470b452111f8695!8m2!3d42.733454!4d2.866427!16s%2Fg%2F1trzsmkz!19sChIJkfU3M_ptsBIRlYYfEVK0cBQ?authuser=0&hl=fr&rclk=1,46.69C,34425365300028,1988-04-01,12
a6c6207b-cd80-4161-b537-9f3e3849c6f6,Pool Side Expérience,0671492390,contact@pool-side.fr,high,,,,,Carcassonne,pisciniste,pisciniste,1,5.0,6,Société de construction de piscine,https://pool-side.fr/,https://www.google.com/maps/place/Pool+Side+Exp%C3%A9rience/data=!4m7!3m6!1s0x12afcf9977f70f49:0x3165a4b3458bb9e8!8m2!3d43.0630144!4d2.2305481!16s%2Fg%2F11vjqxsdhl!19sChIJSQ_3d5nPrxIR6LmLRbOkZTE?authuser=0&hl=fr&rclk=1,,,,
8823765e-1a5a-4390-af7b-bf3d4a079c87,Entretien Piscines 66,0619811453,julien.choteau@hotmail.fr,medium,,,,,Perpignan,pisciniste,pisciniste,1,5.0,10,Service de réparation de piscines,http://www.entretien-piscines66.com/,https://www.google.com/maps/place/Entretien+Piscines+66/data=!4m7!3m6!1s0x12b011c9a1d51b85:0x5b0adeab57bb9bcd!8m2!3d42.654376!4d2.561924!16s%2Fg%2F11hbr6clk9!19sChIJhRvVockRsBIRzZu7V6veCls?authuser=0&hl=fr&rclk=1,,,,
5b7d0583-c897-4ba6-bf1b-e400a8e519d5,Atout Piscine Lézignan,0468416279,contact@atout-piscine.fr,high,Bruno,Bodson,Bruno Bodson,mentions_legales,Narbonne,pisciniste,pisciniste,1,4.5,72,Société de construction de piscine,https://atout-piscine.fr/,https://www.google.com/maps/place/Atout+Piscine+L%C3%A9zignan/data=!4m7!3m6!1s0x12b1ca5c0e70be11:0xc2171267e28b11a4!8m2!3d43.1878065!4d2.7538454!16s%2Fg%2F11f26p5_h4!19sChIJEb5wDlzKsRIRpBGL4mcSF8I?authuser=0&hl=fr&rclk=1,,,,
805129f4-3b71-4a2a-a307-d97f585795d2,Aquazur 66 piscine,0695780474,piscine66@gmail.com,medium,,,,,Perpignan,pisciniste,pisciniste,1,4.8,43,Société de construction de piscine,http://www.aquazur-piscine.com/,https://www.google.com/maps/place/Aquazur+66+piscine/data=!4m7!3m6!1s0x12b06e3410241f0f:0x45d95f9c3979482e!8m2!3d42.6878184!4d2.9197821!16s%2Fg%2F1pzy7hg_t!19sChIJDx8kEDRusBIRLkh5OZxf2UU?authuser=0&hl=fr&rclk=1,,,,
b6b8d15c-5ded-4b34-bd1a-475f2f97c58e,piscine-services66,0759676666,debouchage66@gmail.com,medium,Laurent,Allard,LAURENT ALLARD (ALLARD),siret_insee,Roubaix,pisciniste,pisciniste,1,4.5,26,Piscine,https://www.piscine-services66.fr/,https://www.google.com/maps/place/piscine-services66/data=!4m7!3m6!1s0x248b7ff2f5b8f8dd:0x9a177051bc229e0e!8m2!3d42.6341644!4d3.0218092!16s%2Fg%2F11x2l5pmvd!19sChIJ3fi49fJ_iyQRDp4ivFFwF5o?authuser=0&hl=fr&rclk=1,63.11Z,42476141900045,1999-10-15,42
6db5b792-8952-46ca-8492-f7bbc1b3853f,PISCINES DESJOYAUX,0430370250,servicecom@desjoyaux.fr,high,,,,,Narbonne,pisciniste,pisciniste,1,4.6,36,Société de construction de piscine,https://www.desjoyaux.fr/boutiques-desjoyaux/11100-narbonne/,https://www.google.com/maps/place/PISCINES+DESJOYAUX/data=!4m7!3m6!1s0x12b1ad57fe60bb61:0x1766b70675f99f66!8m2!3d43.1701819!4d2.9867164!16s%2Fg%2F11gxrlb089!19sChIJYbtg_letsRIRZp_5dQa3Zhc?authuser=0&hl=fr&rclk=1,,,,
d36f6da2-6787-45e6-9a9b-021853872287,Py piscines,0618562280,contact@py-piscines.com,high,Laurent-Eric Thierry,Py,LAURENT-ERIC THIERRY PY,siret_insee,Agde,pisciniste,pisciniste,0,4.8,13,Société de construction de piscine,https://www.py-piscines.com/,https://www.google.com/maps/place/Py+piscines/data=!4m7!3m6!1s0x12b16dc234aa177b:0xf3da171992c343c4!8m2!3d43.4467117!4d3.2908001!16s%2Fg%2F11gmxhq529!19sChIJexeqNMJtsRIRxEPDkhkX2vM?authuser=0&hl=fr&rclk=1,43.99D,84054024900033,2018-06-05,01
1aaa7574-4ef5-4553-97b2-720f6ab78b9a,Les Piscines du Canal,0430378324,contact@lespiscinesducanal.fr,low,,,,,Narbonne,pisciniste,pisciniste,1,5.0,46,Société de construction de piscine,https://www.lespiscinesducanal.com/,https://www.google.com/maps/place/Les+Piscines+du+Canal/data=!4m7!3m6!1s0x12b1bb8d1001c211:0xaa4a6a54c62c3ec9!8m2!3d43.3059953!4d2.9209854!16s%2Fg%2F11ld5cnbzx!19sChIJEcIBEI27sRIRyT4sxlRqSqo?authuser=0&hl=fr&rclk=1,,,,
51bb5a7d-5647-4a33-a822-26eb6b9dcd68,Metca - PISCINES HydroSud Perpignan,0468524555,contact@piscines-hydrosud.fr,high,,,,,Perpignan,pisciniste,pisciniste,1,4.6,245,Société de construction de piscine,http://www.piscines-hydrosud.fr/magasin-piscine/france/pisciniste-occitanie/pyrenees-orientales/perpignan-pia-66-metca.html?utm_source=gmb,https://www.google.com/maps/place/Metca+-+PISCINES+HydroSud+Perpignan/data=!4m7!3m6!1s0x12b06f4bd3c0bbfd:0xcc30d214c800b9c4!8m2!3d42.7597933!4d2.896969!16s%2Fg%2F1tfq1j6h!19sChIJ_bvA00tvsBIRxLkAyBTSMMw?authuser=0&hl=fr&rclk=1,,,,
8fba366e-4495-4468-ae67-74d1ab52cffb,AT Piscines,0482296627,contact@at-piscines.fr,high,,,,,Béziers,pisciniste,pisciniste,0,4.9,27,Société de construction de piscine,https://www.at-piscines.fr/,https://www.google.com/maps/place/AT+Piscines/data=!4m7!3m6!1s0x12b1093d8f18bb9f:0x6349a2d9408a570d!8m2!3d43.353953!4d3.1752184!16s%2Fg%2F11rjyr97y9!19sChIJn7sYjz0JsRIRDVeKQNmiSWM?authuser=0&hl=fr&rclk=1,,,,
7edc232b-4160-4f7f-ba15-1b72d7507aa2,Piscines Freedom Béziers,0434226216,contact@piscinesfreedom34.fr,high,,,,,Béziers,pisciniste,pisciniste,0,5.0,3,Société de construction de piscine,https://www.piscinesfreedom34.fr/,https://www.google.com/maps/place/Piscines+Freedom+B%C3%A9ziers/data=!4m7!3m6!1s0x12b11126e1ef01bf:0xc07cb53651d87833!8m2!3d43.334931!4d3.2793971!16s%2Fg%2F11mcqkd5jh!19sChIJvwHv4SYRsRIRM3jYUTa1fMA?authuser=0&hl=fr&rclk=1,,,,
fd895427-4667-40be-a947-2d7637cf4583,French Piscine et Spa,0961321573,contact@french-piscineetspa.fr,high,,,,,Carcassonne,pisciniste,pisciniste,1,4.9,60,Société de construction de piscine,https://french-piscineetspa.fr/,https://www.google.com/maps/place/French+Piscine+et+Spa/data=!4m7!3m6!1s0x8b96bea6ca840b09:0xe70a27da62790b45!8m2!3d43.2856658!4d2.5727997!16s%2Fg%2F11rvjywjhc!19sChIJCQuEyqa-losRRQt5YtonCuc?authuser=0&hl=fr&rclk=1,,,,
79dae58d-ff2f-4f12-a3cd-b48844f1f2b9,Piscines Ibiza Béziers - Magasin Piscines et Spas,0467329364,contact@piscines-ibiza.fr,low,,,,,Béziers,pisciniste,pisciniste,0,4.4,334,Société de construction de piscine,https://www.piscines-ibiza.com/distributeur/pisciniste-beziers-colombiers/,https://www.google.com/maps/place/Piscines+Ibiza+B%C3%A9ziers+-+Magasin+Piscines+et+Spas/data=!4m7!3m6!1s0x12b108c6000536f7:0xb30b7d48d1154654!8m2!3d43.3089237!4d3.1674874!16s%2Fg%2F1thzqz7t!19sChIJ9zYFAMYIsRIRVEYV0Uh9C7M?authuser=0&hl=fr&rclk=1,,,,
b4e889aa-1099-41f0-9bdb-be4b51305d90,Pool Detect - Détection Fuite Piscine Hérault,0651731562,contact06@pooldetect.fr,high,,,,mentions_legales,Béziers,pisciniste,pisciniste,0,5.0,25,Service de réparation de piscines,https://www.pooldetect.fr/contact/recherche-de-fuite-piscine-montpellier-herault-34/,https://www.google.com/maps/place/Pool+Detect+-+D%C3%A9tection+Fuite+Piscine+H%C3%A9rault/data=!4m7!3m6!1s0x403d1d65566285f5:0xff7bdf823bcfc503!8m2!3d43.3908402!4d3.4188912!16s%2Fg%2F11x8w2cn88!19sChIJ9YViVmUdPUARA8XPO4Lfe_8?authuser=0&hl=fr&rclk=1,,93904623100014,,
66584fa1-ef1d-4435-b802-329c1a14d3cd,Sf Polyester - Réparation Piscine Polyester Perpignan (et tout le 66) - Réparation Coque,0673220709,contact.dm66@gmail.com,medium,David,Constantin,David Constantin,mentions_legales,Perpignan,pisciniste,pisciniste,1,4.9,28,Piscine,http://www.reparation-piscine-polyester66.fr/,https://www.google.com/maps/place/Sf+Polyester+-+R%C3%A9paration+Piscine+Polyester+Perpignan+%28et+tout+le+66%29+-+R%C3%A9paration+Coque/data=!4m7!3m6!1s0x12b0751fd37b7cd3:0x286bb4aa71e6a814!8m2!3d42.563815!4d2.829745!16s%2Fg%2F11mw733jxc!19sChIJ03x70x91sBIRFKjmcaq0ayg?authuser=0&hl=fr&rclk=1,,,,
3d79b260-324e-4c99-9c88-bc57b3a90e25,DBS Hérépian,0621105815,contact@dbsherepian.fr,high,,,,,Béziers,pisciniste,pisciniste,0,4.8,14,Magasin de matériel pour piscines,https://dbsherepian.fr/,https://www.google.com/maps/place/DBS+H%C3%A9r%C3%A9pian/data=!4m7!3m6!1s0x12b177779dde54e3:0x47b74b1ca4b970be!8m2!3d43.5936094!4d3.1139133!16s%2Fg%2F11h28kbhkm!19sChIJ41TenXd3sRIRvnC5pBxLt0c?authuser=0&hl=fr&rclk=1,,,,
41656651-d3e4-4743-9ec8-c79c914e9388,Pass Piscines & Spas,0467091705,contact.pass@pass34.fr,low,Jean-Michel,Artonne,JEAN-MICHEL ARTONNE (ARTONNE),siret_insee,Maureilhan,pisciniste,pisciniste,0,4.8,179,Société de construction de piscine,http://www.pass-piscines.fr/,https://www.google.com/maps/place/Pass+Piscines+%26+Spas/data=!4m7!3m6!1s0x12b10990b9ab164b:0x4d51bec6d6850807!8m2!3d43.3502616!4d3.1268257!16s%2Fg%2F113dhn_lw!19sChIJSxaruZAJsRIRBwiF1sa-UU0?authuser=0&hl=fr&rclk=1,47.52A,53935770700014,2012-02-01,11
98057724-124c-43f7-ae49-3eb412328f9a,Abrisud Montpellier Showroom ouverture sur rendez-vous,0467984337,dpoabrisud@abrisud.fr,low,Fabien,Rivals,Fabien Rivals,mentions_legales,Montpellier,pisciniste,pisciniste,1,4.5,117,Société de construction de piscine,https://www.abrisud.com/fr/agences/abrisud-caux,https://www.google.com/maps/place/Abrisud+Montpellier+Showroom+ouverture+sur+rendez-vous/data=!4m7!3m6!1s0x12b16bd7dbc83da7:0x7731d7e0a15451b1!8m2!3d43.5115683!4d3.370698!16s%2Fg%2F11hck1tnws!19sChIJpz3I29drsRIRsVFUoeDXMXc?authuser=0&hl=fr&rclk=1,,,,
ac1823a2-7691-46d8-bcd0-8dcf47ae5672,Allingri SARL - Hydro Sud Pézenas,0467986994,contact@allingri.fr,high,Claude,Allingri,CLAUDE ALLINGRI,siret_insee,Pezenas,pisciniste,pisciniste,0,4.5,171,Société de construction de piscine,https://allingri.fr/,https://www.google.com/maps/place/Allingri+SARL+-+Hydro+Sud+P%C3%A9zenas/data=!4m7!3m6!1s0x12b16aa14987d313:0x5c9b103328a607ce!8m2!3d43.446669!4d3.415237!16s%2Fg%2F1tf3dlr_!19sChIJE9OHSaFqsRIRzgemKDMQm1w?authuser=0&hl=fr&rclk=1,47.52A,44469022600014,2003-01-03,03
70d27335-2b00-4c91-b615-b0611880e6cc,Techneau Piscine,0561736192,contact@techneau-piscine.com,high,,,,,Toulouse,pisciniste,pisciniste,2,4.7,37,Société de construction de piscine,http://www.techneau-piscine.com/,https://www.google.com/maps/place/Techneau+Piscine/data=!4m7!3m6!1s0x12aebc2aed2c84ab:0x372ed5de1a6f182b!8m2!3d43.5524939!4d1.4805707!16s%2Fg%2F1thps_qq!19sChIJq4Qs7Sq8rhIRKxhvGt7VLjc?authuser=0&hl=fr&rclk=1,,,,
749ae684-3f84-40de-8355-1388d1200413,Azur Piscines Sarl,0567674739,azur.piscines@sfr.fr,medium,,,,,Albi,pisciniste,pisciniste,0,5.0,3,Société de construction de piscine,http://www.azurpiscines.fr/?utm_source=gmb,https://www.google.com/maps/place/Azur+Piscines+Sarl/data=!4m7!3m6!1s0x12add38a735996eb:0x14173599922600d2!8m2!3d43.901104!4d1.875252!16s%2Fg%2F11x02rtdvl!19sChIJ65ZZc4rTrRIR0gAmkpk1FxQ?authuser=0&hl=fr&rclk=1,,,,
ca383399-d3e5-4221-b515-55a29ea88353,Lunao piscine,0644343897,alexis@lunao-piscine.fr,high,Alexis Romain,Amalric,ALEXIS ROMAIN AMALRIC,siret_insee,Saint-Sulpice-La-Pointe,pisciniste,pisciniste,2,4.8,26,Société de construction de piscine,http://lunao-piscine.fr/,https://www.google.com/maps/place/Lunao+piscine/data=!4m7!3m6!1s0xa19654e425adf0e3:0xd6c95406ae631391!8m2!3d43.7568991!4d1.6892792!16s%2Fg%2F11wy1kxylg!19sChIJ4_CtJeRUlqERkRNjrgZUydY?authuser=0&hl=fr&rclk=1,43.99D,80523203000025,2014-10-01,01
259b317a-e502-48b8-ab25-edf332fdf3f2,Tendance Piscine,0685907220,tendancepiscine34@gmail.com,medium,Gael,Da-Benta,GAEL DA-BENTA,siret_insee,Vendres,pisciniste,pisciniste,0,5.0,8,Piscine,https://www.tendancepiscine.com/,https://www.google.com/maps/place/Tendance+Piscine/data=!4m7!3m6!1s0x12b10f87fe4d09c9:0x588392c40a44f697!8m2!3d43.3015669!4d3.2199253!16s%2Fg%2F11wx04jhgd!19sChIJyQlN_ocPsRIRl_ZECsSSg1g?authuser=0&hl=fr&rclk=1,43.99A,91309237500017,2022-04-04,NN
65aa760c-3072-4772-9ca1-db24d09137df,Espace Piscines France,0630255855,espacepiscines.france@gmail.com,medium,,,,,Toulouse,pisciniste,pisciniste,2,5.0,25,Société de construction de piscine,https://piscines31.com/,https://www.google.com/maps/place/Espace+Piscines+France/data=!4m7!3m6!1s0x12aeb7bcc920d81d:0x46f74e54c5583299!8m2!3d43.5012309!4d1.3319626!16s%2Fg%2F11wx6yq03r!19sChIJHdggyby3rhIRmTJYxVRO90Y?authuser=0&hl=fr&rclk=1,,,,
b548d1d9-bbd7-428f-9632-fe188d2d9b1e,Elégance Piscines Et Spas,0563454141,contact@elegance-piscines-spas.com,high,,,,,Albi,pisciniste,pisciniste,0,4.8,202,Société de construction de piscine,https://elegance-piscines-spas.com/,https://www.google.com/maps/place/El%C3%A9gance+Piscines+Et+Spas/data=!4m7!3m6!1s0x12ade6e067c77821:0xf8fadb210d65b72b!8m2!3d43.8645276!4d2.1874761!16s%2Fg%2F1trzs9m7!19sChIJIXjHZ-DmrRIRK7dlDSHb-vg?authuser=0&hl=fr&rclk=1,,,,
ad8f6f5f-bd62-4be8-9070-bc3cf25c1c51,MAGILINE MONTAUBAN,0563639156,contact@piscines-aquareve.fr,high,,,,,Montauban,pisciniste,pisciniste,1,4.5,64,Société de construction de piscine,https://www.piscines-aquareve.fr/,https://www.google.com/maps/place/MAGILINE+MONTAUBAN/data=!4m7!3m6!1s0x12ac12fdcc9b8acd:0x41768b9e3beaa262!8m2!3d44.0436858!4d1.3849447!16s%2Fg%2F1tjcrj1x!19sChIJzYqbzP0SrBIRYqLqO56LdkE?authuser=0&hl=fr&rclk=1,,,,
cf7a3667-9671-4edf-b901-ef19b98b2ea5,PSL Piscines et Spas,0563050336,contact@psl-piscines-spas.fr,high,Jean-François,Meric,MERIC Jean-François,mentions_legales,Montauban,pisciniste,pisciniste,1,4.8,27,Société de construction de piscine,http://www.psl-piscines-spas.fr/,https://www.google.com/maps/place/PSL+Piscines+et+Spas/data=!4m7!3m6!1s0x12ab8b4f2cd56219:0x8fbfee336a0c5381!8m2!3d44.1065201!4d1.1976827!16s%2Fg%2F11h_4959lr!19sChIJGWLVLE-LqxIRgVMMajPuv48?authuser=0&hl=fr&rclk=1,,,,
f7633067-8f2b-4ee2-840f-1dcac97c7da3,Abyss Piscines,0561458684,e.faux@abysspiscines.fr,high,Eric,Faux,Eric FAUX,mentions_legales,Toulouse,pisciniste,pisciniste,2,4.7,46,Société de construction de piscine,http://www.abysspiscines.fr/,https://www.google.com/maps/place/Abyss+Piscines/data=!4m7!3m6!1s0x12aeecdb446ae8f9:0x9969223c03b7bfdc!8m2!3d43.4565541!4d1.5808535!16s%2Fg%2F11b6dp5mp5!19sChIJ-ehqRNvsrhIR3L-3AzwiaZk?authuser=0&hl=fr&rclk=1,,,,
37caca1b-44e3-4594-a2d5-d0e463ff176c,"Fabricant de terrasse mobile, abri de piscine, Pergola - DESIGN CONCEPT LS",0561713311,contact@dcls.fr,low,,,,,Toulouse,pisciniste,pisciniste,2,4.6,69,Magasin de matériel pour piscines,https://www.designconceptls.fr/,"https://www.google.com/maps/place/Fabricant+de+terrasse+mobile,+abri+de+piscine,+Pergola+-+DESIGN+CONCEPT+LS/data=!4m7!3m6!1s0x12aec88432670b6f:0x22bb2b9dde75feab!8m2!3d43.3693345!4d1.4452014!16s%2Fg%2F11f359ygzl!19sChIJbwtnMoTIrhIRq_513p0ruyI?authuser=0&hl=fr&rclk=1",,,,
f5f4b906-9cc6-45fd-be9f-f0452f19661e,Groupe Waterair,0562713050,info@waterair.com,low,,,,,Toulouse,pisciniste,pisciniste,2,4.3,292,Société de construction de piscine,https://www.waterair.com/fr/le-groupe/centres-exposition/lespinasse,https://www.google.com/maps/place/Groupe+Waterair/data=!4m7!3m6!1s0x12aea66ac8aa6991:0xc041d67f250fc476!8m2!3d43.724435!4d1.3873787!16s%2Fg%2F1tf04jdp!19sChIJkWmqyGqmrhIRdsQPJX_WQcA?authuser=0&hl=fr&rclk=1,,,,
bc20cae7-2bde-40eb-8f10-fad8f89fadf2,Aude Piscines Services,0468601675,aude-p-c@club-internet.fr,low,Loic Laurent,Artuso,LOIC LAURENT ARTUSO,siret_insee,Castelnaudary,pisciniste,pisciniste,1,5.0,4,Société de construction de piscine,https://audepiscinesservices.site-solocal.com/,https://www.google.com/maps/place/Aude+Piscines+Services/data=!4m7!3m6!1s0x12ae5a6e52c0037f:0x3f9a954d10e933b4!8m2!3d43.3247235!4d1.9369191!16s%2Fg%2F11f0_brfsw!19sChIJfwPAUm5arhIRtDPpEE2Vmj8?authuser=0&hl=fr&rclk=1,46.73B,44932590100022,2003-08-01,NN
08020d04-496f-4ecf-b845-316710cf436e,Aqualys Piscines Et Spas,0534471009,contact@aqualys-piscines.fr,low,Sanches,Antunes Jeremias,SANCHES ANTUNES JEREMIAS,mentions_legales,Toulouse,pisciniste,pisciniste,2,4.7,185,Société de construction de piscine,https://www.aqualys-piscines.com/,https://www.google.com/maps/place/Aqualys+Piscines+Et+Spas/data=!4m7!3m6!1s0x12aeb48491befc8d:0x3845a5bd4a893fa0!8m2!3d43.5481495!4d1.241557!16s%2Fg%2F1tl6nlj9!19sChIJjfy-kYS0rhIRoD-JSr2lRTg?authuser=0&hl=fr&rclk=1,,,,
c66c361f-4ed6-4c03-a021-0fece0e3875b,Hydrazur piscines,0561509376,hydrazur@live.fr,medium,Florent,Caceres Développement,Florent Caceres Développement,mentions_legales,Toulouse,pisciniste,pisciniste,2,4.7,102,Société de construction de piscine,https://www.hydrazurpiscines.fr/,https://www.google.com/maps/place/Hydrazur+piscines/data=!4m7!3m6!1s0x12aeb6f05148506b:0xb88561d780807246!8m2!3d43.3625527!4d1.463155!16s%2Fg%2F11b6cygv40!19sChIJa1BIUfC2rhIRRnKAgNdhhbg?authuser=0&hl=fr&rclk=1,,,,
4fe03710-8483-4ad9-a10b-60677b24bbec,Piscines Charly Ménoire,0561562600,contact@piscines-charly.com,high,,,,,Toulouse,pisciniste,pisciniste,2,4.9,354,Société de construction de piscine,https://www.piscines-charly.com/,https://www.google.com/maps/place/Piscines+Charly+M%C3%A9noire/data=!4m7!3m6!1s0x12aeb63eca85ca83:0x51d0dc7df250aa30!8m2!3d43.4917813!4d1.3130203!16s%2Fg%2F1twzywl1!19sChIJg8qFyj62rhIRMKpQ8n3c0FE?authuser=0&hl=fr&rclk=1,,,,
2e36aaae-17f0-4aa8-84f2-25e377ef0dbd,Labège Piscines - Everblue,0562243659,f.depoisier@piscines-everblue.com,low,Eric,Depoisier,Eric Depoisier,mentions_legales,Toulouse,pisciniste,pisciniste,2,4.8,310,Société de construction de piscine,http://www.labege-piscines.com/,https://www.google.com/maps/place/Lab%C3%A8ge+Piscines+-+Everblue/data=!4m7!3m6!1s0x12aebe0279c49363:0x7c5e1711f2da6c3c!8m2!3d43.5438967!4d1.5196363!16s%2Fg%2F11by_m5sr0!19sChIJY5PEeQK-rhIRPGza8hEXXnw?authuser=0&hl=fr&rclk=1,,,,
7d476f67-2481-4370-bba5-a689940b5d27,Entreprise Terrassement & Piscines - Toulouse,0680618942,contact@gzspro.fr,high,,,,,Toulouse,pisciniste,pisciniste,2,5.0,11,Société de construction de piscine,https://gzspro.fr/,https://www.google.com/maps/place/Entreprise+Terrassement+%26+Piscines+-+Toulouse/data=!4m7!3m6!1s0x12aebbecbda251b7:0x3b6ef8d8421bf60e!8m2!3d43.5971722!4d1.3675921!16s%2Fg%2F11lznf5gnc!19sChIJt1Givey7rhIRDvYbQtj4bjs?authuser=0&hl=fr&rclk=1,,,,
1e85e02e-7093-4a1c-942d-46afb645c4eb,Aqualeaks - Recherche de fuite piscines et Réparation,0698419817,aqualeaks81@gmail.com,medium,,,,,Albi,pisciniste,pisciniste,0,5.0,21,Service de réparation de piscines,https://www.aqualeaks.fr/,https://www.google.com/maps/place/Aqualeaks+-+Recherche+de+fuite+piscines+et+R%C3%A9paration/data=!4m7!3m6!1s0x12adc9ac68b0c727:0x252ca1bb299466b0!8m2!3d44.0303212!4d1.9556745!16s%2Fg%2F11xl057rr3!19sChIJJ8ewaKzJrRIRsGaUKbuhLCU?authuser=0&hl=fr&rclk=1,,,,
897f7aa0-a3ef-4891-a1fe-ec259a124f46,Prodi Piscine & Spa,0561990775,contact@prodi-piscines.fr,low,,,,,Toulouse,pisciniste,pisciniste,2,4.6,19,Société de construction de piscine,https://www.prodi-piscines.com/,https://www.google.com/maps/place/Prodi+Piscine+%26+Spa/data=!4m7!3m6!1s0x12ac21bafb586ecf:0x51cf9f1bf800f03a!8m2!3d43.802169!4d1.5926938!16s%2Fg%2F11tgggnqf1!19sChIJz25Y-7ohrBIROvAA-Bufz1E?authuser=0&hl=fr&rclk=1,,,,
003ebc8a-18ec-4be9-813d-655ab5ee136b,"Lina 81 Paysages : clôtures, portails, création et entretien de jardin.",0610140113,linapaysages@gmail.com,medium,,,,,Albi,cloture,pisciniste,2,4.9,40,Entrepreneur spécialisé dans les clôtures,http://lina81paysages.com/,"https://www.google.com/maps/place/Lina+81+Paysages+:+cl%C3%B4tures,+portails,+cr%C3%A9ation+et+entretien+de+jardin./data=!4m7!3m6!1s0x12add988fa058e45:0x37c160ce49a58c3a!8m2!3d43.804976!4d2.103606!16s%2Fg%2F11tp38wtpy!19sChIJRY4F-ojZrRIROoylSc5gwTc?authuser=0&hl=fr&rclk=1",,,,
581b3189-c0f5-40fa-820b-29c20820fb4c,Eau Claire,0612828153,eauclaire.piscines@gmail.com,medium,[non-Diffusible],[non-Diffusible],[NON-DIFFUSIBLE] [NON-DIFFUSIBLE],siret_insee,Lacroix-Falgarde,pisciniste,pisciniste,2,5.0,63,Service de réparation de piscines,http://www.piscinier-eauclaire.fr/,https://www.google.com/maps/place/Eau+Claire/data=!4m7!3m6!1s0x12aeb97baef1c5bf:0x746bff7bae6aae0a!8m2!3d43.496761!4d1.4382498!16s%2Fg%2F11rkl6v50b!19sChIJv8Xxrnu5rhIRCq5qrnv_a3Q?authuser=0&hl=fr&rclk=1,81.29B,85068892000014,2019-05-06,NN
f30012d7-e6b8-4e50-8278-074093f0e252,Allo Piscine Spa : Rénovation et réparation de piscine à Toulouse,0788738282,allo.piscinespa@yahoo.fr,medium,Laurent,Allard,LAURENT ALLARD (ALLARD),siret_insee,Roubaix,pisciniste,pisciniste,2,4.7,33,Service de réparation de piscines,https://allo-piscine-spa.fr/,https://www.google.com/maps/place/Allo+Piscine+Spa+:+R%C3%A9novation+et+r%C3%A9paration+de+piscine+%C3%A0+Toulouse/data=!4m7!3m6!1s0x12aeb87a57986887:0x9034649918192820!8m2!3d43.4823863!4d1.3971964!16s%2Fg%2F11p77f9v6m!19sChIJh2iYV3q4rhIRICgZGJlkNJA?authuser=0&hl=fr&rclk=1,63.11Z,42476141900045,1999-10-15,42
de08f818-66bb-4833-846f-57556064ccdd,Jfr,0619471858,jf.rousselot@gmail.com,medium,Jean-Francois Bertrand Patrice,Rousselot,JEAN-FRANCOIS BERTRAND PATRICE ROUSSELOT,siret_insee,Bessieres,pisciniste,pisciniste,2,4.8,8,Société de construction de piscine,http://jfrousselot.fr/,https://www.google.com/maps/place/Jfr/data=!4m7!3m6!1s0x47e693f1ab13d733:0x7aeab8eee3774ab6!8m2!3d43.7876138!4d1.6006842!16s%2Fg%2F11c873zm4p!19sChIJM9cTq_GT5kcRtkp34-646no?authuser=0&hl=fr&rclk=1,90.03A,48187770200037,2005-03-01,NN
d3bd8c1e-96cf-409a-a455-f2ab8ca62829,Blue Lagon 82 - Pisciniste et Spa caussade,0611321973,blue.lagon.82@gmail.com,medium,Frederic Gerard Zefferino,Zaccaron,FREDERIC GERARD ZEFFERINO ZACCARON,siret_insee,Saint-Georges,pisciniste,pisciniste,1,4.8,12,Société de construction de piscine,http://www.blue-lagon.fr/,https://www.google.com/maps/place/Blue+Lagon+82+-+Pisciniste+et+Spa+caussade/data=!4m7!3m6!1s0x12abf4bd21e61b2d:0xdf0999ac0514d126!8m2!3d44.1619784!4d1.5430875!16s%2Fg%2F11dxcfy89q!19sChIJLRvmIb30qxIRJtEUBayZCd8?authuser=0&hl=fr&rclk=1,74.90A,52530744300016,2010-10-01,01
306cc2c5-678d-4eaf-b47f-6ce3a4709803,Verlhac Piscines,0555172725,verlhacpiscines@gmail.com,medium,Karine,Verlhac,KARINE VERLHAC (SERRE),siret_insee,Brive-La-Gaillarde,pisciniste,pisciniste,1,4.7,24,Société de construction de piscine,https://www.verlhac-piscines.fr/,https://www.google.com/maps/place/Verlhac+Piscines/data=!4m7!3m6!1s0x47f897bdfe515555:0x45760115e5019b4f!8m2!3d45.1577875!4d1.5542972!16s%2Fg%2F11f345rrsn!19sChIJVVVR_r2X-EcRT5sB5RUBdkU?authuser=0&hl=fr&rclk=1,43.99D,81285190500016,2015-08-31,01
29506d7d-fe5a-4e9b-81a8-366ae690d0f6,Olympide Solutions Piscine - Expert rénovation en Occitanie,0762638095,contact@olympide-piscine.fr,high,,,,,Saint-André (974),pisciniste,pisciniste,0,4.8,17,Service de réparation de piscines,https://olympide-piscine.fr/?utm_campaign=gmb&utm_content=site-web&utm_medium=organic&utm_source=google,https://www.google.com/maps/place/Olympide+Solutions+Piscine+-+Expert+r%C3%A9novation+en+Occitanie/data=!4m7!3m6!1s0x12a907b697b80087:0xd386880bc9805022!8m2!3d43.2896836!4d0.6497841!16s%2Fg%2F11fnqkk8_g!19sChIJhwC4l7YHqRIRIlCAyQuIhtM?authuser=0&hl=fr&rclk=1,,,,
903b76dc-cbba-4844-8f20-b1ad8f17c0c0,Misterliner - Piscinistes associés,0533064836,contact@misterliner.com,high,Descoins,Franck,Descoins Franck,mentions_legales,Toulouse,pisciniste,pisciniste,2,4.6,102,Société de construction de piscine,https://piscine.misterliner.com/,https://www.google.com/maps/place/Misterliner+-+Piscinistes+associ%C3%A9s/data=!4m7!3m6!1s0x12aeb7495902a859:0xd5e894504b0dbc7b!8m2!3d43.5179525!4d1.387368!16s%2Fg%2F11f4pvgdlk!19sChIJWagCWUm3rhIRe7wNS1CU6NU?authuser=0&hl=fr&rclk=1,,,,
b01e079c-8f78-46ea-8cbf-dab5bb8b2f6a,DCL Piscine et Spa,0554000500,dclpiscine@gmail.com,medium,,,,,Brive-la-Gaillarde,pisciniste,pisciniste,1,5.0,17,Société de construction de piscine,https://www.dcl-piscine.com/,https://www.google.com/maps/place/DCL+Piscine+et+Spa/data=!4m7!3m6!1s0x47f8a4d8d8d47de1:0x29add1478d98b325!8m2!3d45.13194!4d1.443548!16s%2Fg%2F11fmddl3gf!19sChIJ4X3U2Nik-EcRJbOYjUfRrSk?authuser=0&hl=fr&rclk=1,,,,
746b81e4-86f1-4271-b0fc-8073bdb46de4,les étancheurs de l'ouest,0769041447,contact@lesetancheursdelouest.fr,low,Sebastien,Vandeputte,SEBASTIEN VANDEPUTTE,siret_insee,Objat,pisciniste,pisciniste,1,5.0,16,Société de construction de piscine,https://lesetancheursdelouest.com/,https://www.google.com/maps/place/les+%C3%A9tancheurs+de+l%27ouest/data=!4m7!3m6!1s0x2bb56ef4238b72af:0xdf089bdf0b76f4fc!8m2!3d45.2608566!4d1.4057887!16s%2Fg%2F11sx750xhj!19sChIJr3KLI_RutSsR_PR2C9-bCN8?authuser=0&hl=fr&rclk=1,43.99A,91072179400014,2022-02-16,NN
0e93df22-ee94-4023-ae08-05c2891da6e4,SWIMPRO,0660021856,contact@swimpro31.fr,high,,,,,Toulouse,pisciniste,pisciniste,2,5.0,21,Société de construction de piscine,https://swimpro31.fr/,https://www.google.com/maps/place/SWIMPRO/data=!4m7!3m6!1s0x12aeb7fa51f8d75d:0x219f9ad5a249bb29!8m2!3d43.5165803!4d1.3530298!16s%2Fg%2F11y5p5x3sl!19sChIJXdf4Ufq3rhIRKbtJotWanyE?authuser=0&hl=fr&rclk=1,,,,
d0060af7-d236-406e-8a61-9f390fe52c26,PISCINES ET SPAS MINARD,0553288890,monsieurcharles@alioki.fr,low,,,,,Brive-la-Gaillarde,pisciniste,pisciniste,1,4.9,63,Société de construction de piscine,https://www.piscines-minard.com/,https://www.google.com/maps/place/PISCINES+ET+SPAS+MINARD/data=!4m7!3m6!1s0x12acac9f6a15ec23:0x53814caa70cafdfd!8m2!3d44.973136!4d1.292214!16s%2Fg%2F1w0nbd52!19sChIJI-wVap-srBIR_f3KcKpMgVM?authuser=0&hl=fr&rclk=1,,,,
67621dea-94c3-48a2-9425-e4843ac34db8,IS piscinelec,0767061015,contact@is-piscine-elec.fr,high,Samuel,Imbert,SAMUEL IMBERT,siret_insee,Castelnau-D'estretefonds,pisciniste,pisciniste,1,5.0,19,Piscine,http://www.is-piscine-elec.fr/,https://www.google.com/maps/place/IS+piscinelec/data=!4m7!3m6!1s0x12ac034bd4c2d2d5:0x6b42e4e45d9f5fd7!8m2!3d43.811408!4d1.351879!16s%2Fg%2F11s46gsmhz!19sChIJ1dLC1EsDrBIR11-fXeTkQms?authuser=0&hl=fr&rclk=1,43.99D,91378518400015,2022-05-19,NN
c55f3d92-fdeb-4b95-b148-18eb9ca9c318,Nautilus Piscine et Spa SAS,0553292540,contact@nautiluspiscine.fr,low,Castillon-Veyssiere,Violaine,CASTILLON-VEYSSIERE VIOLAINE,mentions_legales,Brive-la-Gaillarde,pisciniste,pisciniste,1,4.7,58,Société de construction de piscine,http://www.nautilus-piscine.fr/,https://www.google.com/maps/place/Nautilus+Piscine+et+Spa+SAS/data=!4m7!3m6!1s0x47f8ab626c752d13:0xa07d36a22f0a101b!8m2!3d44.9964078!4d1.2405865!16s%2Fg%2F1hc10kx_y!19sChIJEy11bGKr-EcRGxAKL6I2faA?authuser=0&hl=fr&rclk=1,,,,
f56ce1f7-b735-4b46-991b-1d36d7c225c7,Blue 2.0 Piscines & Spas,0681972650,contact@blue20.fr,high,,,,,Toulouse,pisciniste,pisciniste,2,4.8,6,Société de construction de piscine,https://www.blue20.fr/le-reseau-blue-20/blue-2-0-toulouse/,https://www.google.com/maps/place/Blue+2.0+Piscines+%26+Spas/data=!4m7!3m6!1s0x12aebfb65b9fbf5d:0x8e269c94c650db1b!8m2!3d43.5073631!4d1.4625077!16s%2Fg%2F11wqv986t4!19sChIJXb-fW7a_rhIRG9tQxpScJo4?authuser=0&hl=fr&rclk=1,,,,
f1fd1d4a-0b58-4ef4-90f6-9ca5c3953d0e,Eau et Technique 82 - Hydro Sud Montauban,0563230010,bertrand.guillouf@eau-et-technique.com,high,,,,,Montauban,pisciniste,pisciniste,1,4.4,346,Société de construction de piscine,https://www.eau-et-technique.com/?utm_source=gmb,https://www.google.com/maps/place/Eau+et+Technique+82+-+Hydro+Sud+Montauban/data=!4m7!3m6!1s0x12ac0e5bf9e56d5d:0x7c246832567e5853!8m2!3d43.9876156!4d1.3345945!16s%2Fg%2F1tdj75c0!19sChIJXW3l-VsOrBIRU1h-VjJoJHw?authuser=0&hl=fr&rclk=1,,,,
636bcfe4-e55a-4c16-a439-8047550afa30,Area Eau Piscines - Everblue,0164251327,contact@area-eau.com,low,Frederic,Ragnard,FREDERIC RAGNARD,siret_insee,Fontenay-Tresigny,pisciniste,pisciniste,0,4.7,42,Société de construction de piscine,https://www.area-eau-piscines.fr/,https://www.google.com/maps/place/Area+Eau+Piscines+-+Everblue/data=!4m7!3m6!1s0x47e8ab1cce50643d:0xb966d97e3827fc06!8m2!3d48.7130517!4d2.8548907!16s%2Fg%2F1tsjczzg!19sChIJPWRQzhyr6EcRBvwnOH7ZZrk?authuser=0&hl=fr&rclk=1,43.99D,39776005900014,1994-06-01,03
d4c8edbc-636d-419f-a6dd-39a003d2ac66,Everblue - Tourat Piscines et Spas,0254367661,info@everblue.com,high,,,,,Châteauroux,pisciniste,pisciniste,1,4.8,22,Société de construction de piscine,https://www.everblue.com/concessionnaires/everblue-saint-maur/,https://www.google.com/maps/place/Everblue+-+Tourat+Piscines+et+Spas/data=!4m7!3m6!1s0x47fba0510de4e885:0xd02305993507ed41!8m2!3d46.7810954!4d1.655915!16s%2Fg%2F1tkjkkjn!19sChIJhejkDVGg-0cRQe0HNZkFI9A?authuser=0&hl=fr&rclk=1,,,,
83586e30-d34b-40a4-93cc-c3886cdf4ecd,Piscines Techni Services,0473255488,stephane.thorre@orange.fr,medium,Stephane,Thorre,STEPHANE THORRE (THORRE),siret_insee,Chateaugay,pisciniste,pisciniste,1,4.6,29,Société de construction de piscine,http://www.piscines-techni-services.fr/,https://www.google.com/maps/place/Piscines+Techni+Services/data=!4m7!3m6!1s0x47f718b365e06ee5:0x170d404bdc7eb36c!8m2!3d45.8480017!4d3.1110259!16s%2Fg%2F11btmcc3yn!19sChIJ5W7gZbMY90cRbLN-3EtADRc?authuser=0&hl=fr&rclk=1,43.39Z,49766012600010,2007-04-02,02
5f8012bd-8b74-4bce-88ae-9b3c92d9886e,Eirl Pereira,0248689078,pereira.mcp18@gmail.com,medium,Jose,Pereira,JOSE PEREIRA (PEREIRA),siret_insee,Bourges,pisciniste,pisciniste,0,5.0,4,Société de construction de piscine,http://www.mcp-construction-piscines.fr/,https://www.google.com/maps/place/Eirl+Pereira/data=!4m7!3m6!1s0x47fabe0873c8f809:0x4965207ccc37bb77!8m2!3d47.1214186!4d2.39506!16s%2Fg%2F11byyrffpg!19sChIJCfjIcwi--kcRd7s3zHwgZUk?authuser=0&hl=fr&rclk=1,43.99C,42276556000012,1999-05-10,01
ba0cf10d-4100-4b69-ac66-4452d76fcd8d,Piscines Ibiza Lempdes,0458284278,contact@piscines-ibiza.fr,low,,,,,Clermont-Ferrand,pisciniste,pisciniste,1,5.0,43,Magasin de matériel pour piscines,https://www.piscines-ibiza.com/,https://www.google.com/maps/place/Piscines+Ibiza+Lempdes/data=!4m7!3m6!1s0x47f6e1d92adb0261:0xa368f0188fc7f43f!8m2!3d45.7745245!4d3.2048306!16s%2Fg%2F11sd6k4_80!19sChIJYQLbKtnh9kcRP_THjxjwaKM?authuser=0&hl=fr&rclk=1,,,,
7677fbfb-c0db-4add-9d07-05d3be943087,Priant Piscine Mondial Piscine,0555820354,accueil@priantentreprises.fr,high,,,,,Limoges,pisciniste,pisciniste,1,5.0,4,Société de construction de piscine,https://priantentreprises.fr/priant-piscine-pisciniste-creuse-et-haute-vienne/,https://www.google.com/maps/place/Priant+Piscine+Mondial+Piscine/data=!4m7!3m6!1s0x47f935cea5d9f2b7:0xa17c01bc6f06d7a!8m2!3d45.887617!4d1.2930686!16s%2Fg%2F11wy9s_l4n!19sChIJt_LZpc41-UcRem3wxhvAFwo?authuser=0&hl=fr&rclk=1,,,,
49075206-0fd8-40d2-8af2-0e1708dbe21d,Piscines Ibiza Villefranche-sur-Saône - TP Rhône Alpes,0428384408,contact@piscinetpra.com,high,,,,,Villefranche-sur-Saône,pisciniste,pisciniste,0,4.9,67,Société de construction de piscine,https://www.piscinetpra.com/,https://www.google.com/maps/place/Piscines+Ibiza+Villefranche-sur-Sa%C3%B4ne+-+TP+Rh%C3%B4ne+Alpes/data=!4m7!3m6!1s0x47f485fd056b6fcf:0x97a58d18ac5a61ca!8m2!3d45.9972717!4d4.7386627!16s%2Fg%2F11jk55s0x3!19sChIJz29rBf2F9EcRymFarBiNpZc?authuser=0&hl=fr&rclk=1,,,,
2cb169a2-7b72-433e-837e-3cf5e0880bf9,Piscine Création,0555235609,piscinecreation19@gmail.com,medium,,,,,Brive-la-Gaillarde,pisciniste,pisciniste,1,5.0,22,Société de construction de piscine,http://www.mondial-piscine-correze.fr/,https://www.google.com/maps/place/Piscine+Cr%C3%A9ation/data=!4m7!3m6!1s0x47f89737ff237281:0x13c6bf3ee65501a!8m2!3d45.168769!4d1.559982!16s%2Fg%2F11sg5ks6vw!19sChIJgXIj_zeX-EcRGlBl7vNrPAE?authuser=0&hl=fr&rclk=1,,,,
7e0bedc6-4db6-4c44-ad72-6bf5057a51a2,Sanchez Piscines,0254340941,servicecom@desjoyaux.fr,high,,,,,Châteauroux,pisciniste,pisciniste,1,4.8,23,Société de construction de piscine,https://www.desjoyaux.fr/boutiques-desjoyaux/41200--pruniers-en-sologne/,https://www.google.com/maps/place/Sanchez+Piscines/data=!4m7!3m6!1s0x47fba058ab1e337b:0xdab53c0e2d2d5e0f!8m2!3d46.7875343!4d1.657731!16s%2Fg%2F11b75l1xqj!19sChIJezMeq1ig-0cRD14tLQ48tdo?authuser=0&hl=fr&rclk=1,,,,
f15e4ad9-c481-44c2-b90e-f90eb6d0b2fe,Piscines AQUILIO,0970193590,contact@aquilio.fr,high,Stephanne Georges Guy Michel,Deschamps,STEPHANNE GEORGES GUY MICHEL DESCHAMPS,siret_insee,Ecully,pisciniste,pisciniste,0,5.0,3,Société de construction de piscine,http://www.aquilio.fr/,https://www.google.com/maps/place/Piscines+AQUILIO/data=!4m7!3m6!1s0x47f4edbb0b4a996f:0xf6dc5e80f9ba6884!8m2!3d45.8005401!4d4.7707599!16s%2Fg%2F11spr088t8!19sChIJb5lKC7vt9EcRhGi6-YBe3PY?authuser=0&hl=fr&rclk=1,43.99C,88522487300012,2020-05-28,01
2f31a9b1-fc1d-4941-a78e-18ae24f9cd85,DG Distribution - SAV ABRI PISCINE TOUTES MARQUES,0749561893,contact@sav-abri-piscine.com,high,Zaineb,Finck,ZAINEB FINCK (CHAKIRI),siret_insee,Estrablin,pisciniste,pisciniste,1,5.0,164,Société de construction de piscine,http://www.sav-abri-piscine.com/,https://www.google.com/maps/place/DG+Distribution+-+SAV+ABRI+PISCINE+TOUTES+MARQUES/data=!4m7!3m6!1s0x47f446dce6315e71:0xef1498f5102cc06a!8m2!3d45.5161521!4d4.2541393!16s%2Fg%2F11f26309z0!19sChIJcV4x5txG9EcRasAsEPWYFO8?authuser=0&hl=fr&rclk=1,70.21Z,98363204300011,2024-01-20,NN
ba7e99ee-8db7-4894-9f59-7c532c67be2c,Les Piscines Dorées,0646009038,lespiscinesdorees@gmail.com,medium,,,,,Caluire-et-Cuire,pisciniste,pisciniste,0,4.7,14,Société de construction de piscine,http://lespiscinesdorees.fr/,https://www.google.com/maps/place/Les+Piscines+Dor%C3%A9es/data=!4m7!3m6!1s0xa9613ef25bce742f:0xaaebaf4a31de49b4!8m2!3d45.8700345!4d4.7023789!16s%2Fg%2F11v0qw4xcn!19sChIJL3TOW_I-YakRtEneMUqv66o?authuser=0&hl=fr&rclk=1,,,,
0ed33c20-569c-47b1-a5c6-c8176cd92179,Confort Plein Air piscines,0473638758,jclaudechretien@gmail.com,medium,Jean Claude,Chretien,JEAN CLAUDE CHRETIEN (CHRETIEN),siret_insee,Chappes,pisciniste,pisciniste,1,4.4,114,Société de construction de piscine,https://confortpleinair.com/,https://www.google.com/maps/place/Confort+Plein+Air+piscines/data=!4m7!3m6!1s0x47f6dfc26c04ca09:0x495d57a176ddc8b3!8m2!3d45.8719321!4d3.2191338!16s%2Fg%2F1ttp9nkf!19sChIJCcoEbMLf9kcRs8jddqFXXUk?authuser=0&hl=fr&rclk=1,47.64Z,38992168500019,1993-01-05,03
bf0e8cbf-4f1f-4f8b-931f-cffd68a1b73e,RENOV SERVICES PISCINES,0663200598,contactrspiscines@gmail.com,medium,,,,,Caluire-et-Cuire,pisciniste,pisciniste,0,5.0,8,Piscine,http://www.renov-services-piscines.fr/?utm_medium=referral&utm_source=gmb&utm_campaign=lnk-gmb,https://www.google.com/maps/place/RENOV+SERVICES+PISCINES/data=!4m7!3m6!1s0x47f485556d91f641:0xdd7cb04b0f0e4a24!8m2!3d45.9888867!4d4.7094401!16s%2Fg%2F11xndhswp5!19sChIJQfaRbVWF9EcRJEoOD0uwfN0?authuser=0&hl=fr&rclk=1,,,,
9b558a21-69f4-46e8-8137-c420ba1964f4,Frenchpiscine,0762237220,contact@frenchpiscine.fr,high,Quentin Thibault,Dupont,QUENTIN THIBAULT DUPONT (DUPONT),siret_insee,Aveize,pisciniste,pisciniste,1,5.0,12,Société de construction de piscine,http://www.frenchpiscine.fr/,https://www.google.com/maps/place/Frenchpiscine/data=!4m7!3m6!1s0xc6d085f7e4303b:0x164be4841272c6a5!8m2!3d45.7089273!4d4.4742409!16s%2Fg%2F11sqsllmr7!19sChIJOzDk94XQxgARpcZyEoTkSxY?authuser=0&hl=fr&rclk=1,43.99D,90967616500014,2022-01-20,NN
29c42583-7cff-4da6-af51-6df64a617534,PISCINES RODIER,0478486068,contact@rodier-piscines.fr,high,Sophie,Rodier,Sophie RODIER,mentions_legales,Bordeaux,pisciniste,pisciniste,1,4.9,11,Société de construction de piscine,http://www.rodier-piscines.fr/,https://www.google.com/maps/place/PISCINES+RODIER/data=!4m7!3m6!1s0x47f4f7dcd2f8930f:0x7c25f847fbc02e20!8m2!3d45.6843877!4d4.5263266!16s%2Fg%2F1tdfh0tp!19sChIJD5P40tz39EcRIC7A-0f4JXw?authuser=0&hl=fr&rclk=1,,,,
0f63f1ed-6435-4d14-978f-e11dd409a35a,Haliades - Piscines et spas inox,0633328329,contact@haliades.fr,high,Maxime,D Ersu,MAXIME D ERSU (D ERSU),siret_insee,Craponne,pisciniste,pisciniste,1,5.0,8,Société de construction de piscine,http://www.haliades.fr/,https://www.google.com/maps/place/Haliades+-+Piscines+et+spas+inox/data=!4m7!3m6!1s0x47f4ed717d0c7bc9:0x3065498fe296a0e0!8m2!3d45.7455912!4d4.736114!16s%2Fg%2F11j5frmc0z!19sChIJyXsMfXHt9EcR4KCW4o9JZTA?authuser=0&hl=fr&rclk=1,43.99D,88142821300014,2020-01-29,NN
c5f1c1be-8043-4ab9-bc3e-c48d12908891,Abritello - Abris de piscine - Spa - Pergola -sauna,0477554628,contact.abritello@gmail.com,medium,,,,,Saint-Étienne,pisciniste,pisciniste,1,4.7,66,Magasin de matériel pour piscines,https://www.abritello.fr/,https://www.google.com/maps/place/Abritello+-+Abris+de+piscine+-+Spa+-+Pergola+-sauna/data=!4m7!3m6!1s0x47f5b2cca39330bf:0xf0569f3dcb375ce4!8m2!3d45.5197903!4d4.2960103!16s%2Fg%2F1tls25k9!19sChIJvzCTo8yy9UcR5Fw3yz2fVvA?authuser=0&hl=fr&rclk=1,,,,
c052375e-bbc2-4691-a2e1-fc25646f96c5,Cosy piscine et paysage savigneux,0428044171,piscineinstagramcontact@cosy-piscine.fr,high,La,Personne,La personne,mentions_legales,Saint-Étienne,pisciniste,pisciniste,1,4.7,9,Société de construction de piscine,https://cosy-piscine.fr/,https://www.google.com/maps/place/Cosy+piscine+et+paysage+savigneux/data=!4m7!3m6!1s0x47f4373d36495431:0xb445a5726b397518!8m2!3d45.6098474!4d4.0955102!16s%2Fg%2F11rr65874_!19sChIJMVRJNj039EcRGHU5a3KlRbQ?authuser=0&hl=fr&rclk=1,,,,
fe9d2327-b4c0-43d2-87d8-e1e6de5bfdb4,Abris Piscines Conception,0477768761,info@abriconcept.com,low,,,,,Saint-Étienne,pisciniste,pisciniste,1,4.6,37,Société de construction de piscine,https://abrispiscinesconception.fr/?utm_source=gmb,https://www.google.com/maps/place/Abris+Piscines+Conception/data=!4m7!3m6!1s0x47f43405ae9ba371:0x6531fde73f02da60!8m2!3d45.595471!4d4.0907778!16s%2Fg%2F1x5f9q1v!19sChIJcaObrgU09EcRYNoCP-f9MWU?authuser=0&hl=fr&rclk=1,,,,
2f92a5d7-a354-4936-9f0c-a7d19429f266,Everblue - 2M PISCINES DECORATION,0474052272,info@everblue.com,high,Thierry,D,Thierry D,mentions_legales,Caluire-et-Cuire,pisciniste,pisciniste,0,4.8,58,Société de construction de piscine,https://www.everblue.com/concessionnaires/everblue-pontcharra-sur-turdine/,https://www.google.com/maps/place/Everblue+-+2M+PISCINES+DECORATION/data=!4m7!3m6!1s0x47f4617363374f1d:0x30adae3c2363725b!8m2!3d45.8735153!4d4.4990771!16s%2Fg%2F11h2dn4vss!19sChIJHU83Y3Nh9EcRW3JjIzyurTA?authuser=0&hl=fr&rclk=1,,,,
ef579d50-425b-4efe-97fa-ff3939eb4df3,AQUA CONCEPT SARL LENTILLY (69),0474017895,aquaconcept69@orange.fr,medium,,,,,Caluire-et-Cuire,pisciniste,pisciniste,0,4.6,29,Société de construction de piscine,https://www.construction-renovation-piscine-lentilly.fr/,https://www.google.com/maps/place/AQUA+CONCEPT+SARL+LENTILLY+%2869%29/data=!4m7!3m6!1s0x47f48d723dbebe3b:0x3cffbb4b0425d01d!8m2!3d45.8205639!4d4.683886!16s%2Fg%2F11ppcb624v!19sChIJO76-PXKN9EcRHdAlBEu7_zw?authuser=0&hl=fr&rclk=1,,,,
95bbc683-2ac7-4d1c-8bc2-2f4382757ac3,K Loisir,0474684110,contacts@kloisir.fr,low,,,,,Caluire-et-Cuire,pisciniste,pisciniste,0,4.5,57,Société de construction de piscine,http://www.kloisir.com/?utm_source=gmb,https://www.google.com/maps/place/K+Loisir/data=!4m7!3m6!1s0x47f4855ccd00a15f:0x97306a7c5732e5f8!8m2!3d45.967976!4d4.716684!16s%2Fg%2F1tfjq12f!19sChIJX6EAzVyF9EcR-OUyV3xqMJc?authuser=0&hl=fr&rclk=1,,,,
8f3b6b33-fd50-444f-b9a3-10eb5033ecdd,Peguet Paysages / Esprit Piscine / Alliance Paysages / Jacuzzi®,0477304101,contact@peguetpaysages.fr,high,,,,,Saint-Étienne,pisciniste,pisciniste,1,4.6,74,Société de construction de piscine,https://www.peguetpaysages.fr/,https://www.google.com/maps/place/Peguet+Paysages+%2F+Esprit+Piscine+%2F+Alliance+Paysages+%2F+Jacuzzi%C2%AE/data=!4m7!3m6!1s0x47f44d670e3731cb:0xc52b2d8f4fc94682!8m2!3d45.539776!4d4.318415!16s%2Fg%2F1tdqgtpf!19sChIJyzE3DmdN9EcRgkbJT48tK8U?authuser=0&hl=fr&rclk=1,,,,
029c4fb3-4551-452e-aeea-4f2f77d401b6,Mon Entretien Piscine,0627499114,contact@monentretienpiscine.fr,high,David Jack Vincent,Chiaramonte,DAVID JACK VINCENT CHIARAMONTE (CHIARAMONTE),siret_insee,Saint-Heand,pisciniste,pisciniste,1,5.0,3,Service de réparation de piscines,http://www.monentretienpiscine.fr/,https://www.google.com/maps/place/Mon+Entretien+Piscine/data=!4m7!3m6!1s0x47f4538ac3c71c21:0xa3b552afc7dfe041!8m2!3d45.5493609!4d4.3780425!16s%2Fg%2F11r7l4vzjl!19sChIJIRzHw4pT9EcRQeDfx69StaM?authuser=0&hl=fr&rclk=1,81.21Z,89516455600014,2021-04-06,NN
18b61d16-707c-4d87-b487-0d941f96d171,Pool diffusion France,0769983134,pooldiffusionfrance@gmail.com,medium,,,,,Caluire-et-Cuire,pisciniste,pisciniste,0,5.0,4,Service de réparation de piscines,http://pooldiffusionfrance.com/,https://www.google.com/maps/place/Pool+diffusion+France/data=!4m7!3m6!1s0x47f489cc920f3947:0xe8dfa70ab6b63e50!8m2!3d45.9157509!4d4.5770771!16s%2Fg%2F11fs35pn7q!19sChIJRzkPksyJ9EcRUD62tgqn3-g?authuser=0&hl=fr&rclk=1,,,,
1d3a9cc3-afb1-4929-b2a5-a2e4fa15ec9c,Wiser Piscine,0761559719,contact@wiser-piscine.fr,low,Bruno,Jeancoux,BRUNO JEANCOUX (JEANCOUX),siret_insee,Serpaize,pisciniste,pisciniste,1,4.9,82,Société de construction de piscine,https://www.wiser-piscine.fr/,https://www.google.com/maps/place/Wiser+Piscine/data=!4m7!3m6!1s0x47f4d971db828b03:0x52e1b820bf1e0a00!8m2!3d45.561872!4d4.944517!16s%2Fg%2F11shryf2fy!19sChIJA4uC23HZ9EcRAAoevyC44VI?authuser=0&hl=fr&rclk=1,81.30Z,89318869800011,2021-01-16,02
3e37247f-4ddd-4560-b0ca-1003ecf80375,SAINT DENIS PISCINES,0667419615,contact@construction-piscine-loire.fr,low,Patrick,Seon,PATRICK SEON (SEON),siret_insee,Saint-Denis-Sur-Coise,pisciniste,pisciniste,1,4.9,34,Société de construction de piscine,https://construction-piscine-loire.com/,https://www.google.com/maps/place/SAINT+DENIS+PISCINES/data=!4m7!3m6!1s0x47f456b60223e217:0xf23210aa340e6a71!8m2!3d45.5252262!4d4.1211516!16s%2Fg%2F11hbk81jkz!19sChIJF-IjArZW9EcRcWoONKoQMvI?authuser=0&hl=fr&rclk=1,43.99D,49200167200020,2006-09-01,02
8d52e406-7af5-4cb2-9cb7-95427a2c518b,Bati Piscine,0478081451,carolinegrillet@batipiscine.com,high,,,,,Caluire-et-Cuire,pisciniste,pisciniste,0,4.6,14,Société de construction de piscine,https://www.batipiscine.com/,https://www.google.com/maps/place/Bati+Piscine/data=!4m7!3m6!1s0x47f49541b4cab8ab:0x74e43c75b10aeaa6!8m2!3d45.8560083!4d4.8779949!16s%2Fg%2F1wbfzrmj!19sChIJq7jKtEGV9EcRpuoKsXU85HQ?authuser=0&hl=fr&rclk=1,,,,
39ea3991-b076-4777-8ee7-c15d8209b983,Solution Piscine,0686823471,c.filet-coche@orange.fr,medium,Clement,Filet-Coche,CLEMENT FILET-COCHE (FILET-COCHE),siret_insee,La Roche-De-Glun,pisciniste,pisciniste,0,5.0,13,Société de construction de piscine,https://solution-piscine.fr/,https://www.google.com/maps/place/Solution+Piscine/data=!4m7!3m6!1s0x68b2c72c3bc52ad5:0x44a869f0c325d539!8m2!3d45.0089536!4d4.8504612!16s%2Fg%2F11vs860_p5!19sChIJ1SrFOyzHsmgROdUlw_BpqEQ?authuser=0&hl=fr&rclk=1,43.99A,89128688200016,2020-12-14,NN
01a054a0-015a-4cb0-b9e8-dfbb6c4ea783,Piscines Desjoyaux,0426543395,servicecom@desjoyaux.fr,high,,,,,Saint-Étienne,pisciniste,pisciniste,1,4.6,48,Société de construction de piscine,https://www.desjoyaux.fr/boutiques-desjoyaux/42600-savigneux/,https://www.google.com/maps/place/Piscines+Desjoyaux/data=!4m7!3m6!1s0x47f43722bd31ec65:0xe94227b84118115!8m2!3d45.606705!4d4.098799!16s%2Fg%2F11g4f9zwjs!19sChIJZewxvSI39EcRFYERhHsilA4?authuser=0&hl=fr&rclk=1,,,,
cceea87b-ad6a-4302-91f0-381f82e8253e,h2o inox - piscine inox,0478496255,contact@h2o-inox.fr,high,Censier,Mathieu,Censier Mathieu,mentions_legales,Caluire-et-Cuire,pisciniste,pisciniste,0,5.0,11,Société de construction de piscine,https://www.h2o-inox.fr/,https://www.google.com/maps/place/h2o+inox+-+piscine+inox/data=!4m7!3m6!1s0x47f4bf26ffc65e73:0x537493547932758c!8m2!3d45.8607317!4d4.9125962!16s%2Fg%2F11fpqsfj9j!19sChIJc17G_ya_9EcRjHUyeVSTdFM?authuser=0&hl=fr&rclk=1,,,,
1fc91de4-b0a5-4760-9d8e-3816b7d74beb,Ecopiscine,0437259358,contact@ecopiscine.eu,high,Olivier,Coquard,OLIVIER COQUARD,siret_insee,Saint-Priest,pisciniste,pisciniste,2,4.9,188,Société de construction de piscine,http://ecopiscine.eu/,https://www.google.com/maps/place/Ecopiscine/data=!4m7!3m6!1s0x47f4c403a46e3fdd:0x8ed0a93d29924e32!8m2!3d45.7173993!4d4.9579871!16s%2Fg%2F11b6t83bl9!19sChIJ3T9upAPE9EcRMk6SKT2p0I4?authuser=0&hl=fr&rclk=1,47.52B,81745258400011,2015-12-22,01
ac6b1b87-a9ac-4a50-a4c8-972d644bb7cb,Linerconcept38,0680145995,contact@linerconcept38.com,high,,,,,Grenoble,pisciniste,pisciniste,0,5.0,14,Société de construction de piscine,http://www.linerconcept38.com/,https://www.google.com/maps/place/Linerconcept38/data=!4m7!3m6!1s0xa02bcef8cf5a2f9b:0x3bab1608bab5a26c!8m2!3d45.2482562!4d5.6279951!16s%2Fg%2F11w1n33nvh!19sChIJmy9az_jOK6ARbKK1uggWqzs?authuser=0&hl=fr&rclk=1,,,,
49ee14fa-ef4f-470e-9e18-793d4ed3e229,AG2CONCEPT,0476664483,contact@ag2-concept.fr,high,,,,,Saint-Quentin,pisciniste,pisciniste,0,4.7,28,Société de construction de piscine,http://www.ag2-concept.fr/?utm_source=google&utm_medium=gmb,https://www.google.com/maps/place/AG2CONCEPT/data=!4m7!3m6!1s0x478ae5f3c6578891:0x7b1ea56f0c426f1e!8m2!3d45.2962388!4d5.5025742!16s%2Fg%2F11fxg0tq6h!19sChIJkYhXxvPlikcRHm9CDG-lHns?authuser=0&hl=fr&rclk=1,,,,
94900ce0-ca2e-456f-b4a7-33f9ef4ff68f,REYNAUD TP,0680926719,reynaudtpmagasin@gmail.com,medium,,,,,Valence,pisciniste,pisciniste,0,4.5,34,Société de construction de piscine,https://www.reynaudphilippe.com/?utm_medium=referral&utm_source=gmb&utm_campaign=lnk-gmb,https://www.google.com/maps/place/REYNAUD+TP/data=!4m7!3m6!1s0x12b55170c29068f3:0x72f1af2d8fefab10!8m2!3d44.9217609!4d4.927173!16s%2Fg%2F1tj4_sch!19sChIJ82iQwnBRtRIREKvvjy2v8XI?authuser=0&hl=fr&rclk=1,,,,
7c4f7463-bae3-47ba-9e94-fea0a7f30073,Piscin'Ô Propre,0666168571,contact@piscinopropre.com,high,,,,,Valence,pisciniste,pisciniste,0,4.9,16,Société de construction de piscine,https://www.piscinopropre.com/,https://www.google.com/maps/place/Piscin%27%C3%94+Propre/data=!4m7!3m6!1s0x4ede7889d03baacb:0x40f424b40ccbec6b!8m2!3d44.8816825!4d4.8835488!16s%2Fg%2F11w7l8t22d!19sChIJy6o70Il43k4Ra-zLDLQk9EA?authuser=0&hl=fr&rclk=1,,,,
11e445da-3ab5-4581-8cce-bf4bed889ad8,"Les Piscines du Sud Est, construction piscine & spas Lyon (Rhône 69) & Vienne (Isère 38)",0474545239,contact@piscines-sud-est.com,high,Jean-Pierre,Silva,JEAN-PIERRE SILVA (SILVA),siret_insee,Estrablin,pisciniste,pisciniste,1,4.6,43,Société de construction de piscine,http://www.piscines-sud-est.com/,"https://www.google.com/maps/place/Les+Piscines+du+Sud+Est,+construction+piscine+%26+spas+Lyon+%28Rh%C3%B4ne+69%29+%26+Vienne+%28Is%C3%A8re+38%29/data=!4m7!3m6!1s0x47f4d867d7281cdf:0x956d6c202fd5f7be!8m2!3d45.5094121!4d4.9684957!16s%2Fg%2F1hc9spvnl!19sChIJ3xwo12fY9EcRvvfVLyBsbZU?authuser=0&hl=fr&rclk=1",43.99D,53829495000018,2011-11-01,01
c6fdb541-a950-47fb-bb64-0aa3178d1098,SARL MGP Piscines,0475473002,contact@mgp-piscine.fr,high,Maxime Philippe,Peillon,MAXIME PHILIPPE PEILLON,siret_insee,Chateauneuf-Sur-Isere,pisciniste,pisciniste,0,4.8,26,Société de construction de piscine,http://www.mgp-piscine.fr/,https://www.google.com/maps/place/SARL+MGP+Piscines/data=!4m7!3m6!1s0x47f54d7db373a7e9:0x9b720eaadd151581!8m2!3d45.024489!4d5.038194!16s%2Fg%2F1tfb1bf_!19sChIJ6adzs31N9UcRgRUV3aoOcps?authuser=0&hl=fr&rclk=1,47.78C,47809823900039,2004-09-01,03
f8d51594-9055-4cb9-9daf-4fed13ef472a,Allo Repar abri piscine,0629620703,allo@reparation-abris-piscine.com,high,Hicham,Ibrahimi,HICHAM IBRAHIMI (IBRAHIMI),siret_insee,Sury-Le-Comtal,pisciniste,pisciniste,1,4.9,89,Service de réparation de piscines,http://reparation-abris-piscine.com/,https://www.google.com/maps/place/Allo+Repar+abri+piscine/data=!4m7!3m6!1s0x47f44cd2c6f3d567:0x20c2c99736ec3bf6!8m2!3d45.5299648!4d4.2907171!16s%2Fg%2F11fb0k7fz9!19sChIJZ9XzxtJM9EcR9jvsNpfJwiA?authuser=0&hl=fr&rclk=1,43.32B,88843967600014,2020-08-31,01
bcb40a09-54b4-4650-b77e-9c6e7ceee0ce,Debernardi Piscines,0474282022,contact@debernardi-piscines.fr,high,Stephane,Debernardi,STEPHANE DEBERNARDI (DEBERNARDI),siret_insee,Saint-Alban-De-Roche,pisciniste,pisciniste,1,4.5,174,Société de construction de piscine,https://www.debernardi-piscines.fr/,https://www.google.com/maps/place/Debernardi+Piscines/data=!4m7!3m6!1s0x478b2d061c925015:0x1be1ef839757b51c!8m2!3d45.6031645!4d5.2274119!16s%2Fg%2F1tknzp7l!19sChIJFVCSHAYti0cRHLVXl4Pv4Rs?authuser=0&hl=fr&rclk=1,43.99D,34832417900012,1988-09-17,11
4291cc28-50a9-4d3e-b135-7259c5d166e9,SAS BATI CEL,0615040835,celepci38000@gmail.com,medium,,,,,Grenoble,pisciniste,pisciniste,0,5.0,6,Société de construction de piscine,http://bati-cel.odoo.com/,https://www.google.com/maps/place/SAS+BATI+CEL/data=!4m7!3m6!1s0x8d8aaae55cf9247b:0x2a66dfb7583d65bb!8m2!3d45.1701299!4d5.7278127!16s%2Fg%2F11mlqh233z!19sChIJeyT5XOWqio0Ru2U9WLffZio?authuser=0&hl=fr&rclk=1,,,,
e18d65b4-a423-482c-b693-453911f28e2c,Aquaplast,0475828154,contact@piscine-aquaplast.fr,high,Caroline Aline Philomene,Roux,CAROLINE ALINE PHILOMENE ROUX (BLACHE),siret_insee,Beaumont-Les-Valence,pisciniste,pisciniste,0,4.7,35,Société de construction de piscine,http://www.piscine-aquaplast.fr/,https://www.google.com/maps/place/Aquaplast/data=!4m7!3m6!1s0x12b5531b9474889d:0x5cef24b9c81611aa!8m2!3d44.8718072!4d4.942374!16s%2Fg%2F1tkn4klv!19sChIJnYh0lBtTtRIRqhEWyLkk71w?authuser=0&hl=fr&rclk=1,47.52A,49362278100018,2007-01-02,02
879adc1d-5f42-4588-8ba9-42a148cf46a8,Bertot Piscines et Bien-Être,0476427101,sarl.bertot@orange.fr,medium,,,,,Saint-Martin-d'Hères,pisciniste,pisciniste,0,4.6,34,Société de construction de piscine,https://www.bertotpiscines.com/?utm_source=google&utm_medium=wix_google_business_profile&utm_campaign=6983789552470405072,https://www.google.com/maps/place/Bertot+Piscines+et+Bien-%C3%8Atre/data=!4m7!3m6!1s0x478af4d0e65ca7db:0x731cb4ba090981e3!8m2!3d45.1854343!4d5.7781206!16s%2Fg%2F11dxlbdh00!19sChIJ26dc5tD0ikcR44EJCbq0HHM?authuser=0&hl=fr&rclk=1,,,,
ad18fe2f-aa51-4bb2-b52c-9c86afaebf56,RENOVE PISCINE COMPOSITE,0664692290,negromantegerald@gmail.com,medium,Gerald,Negromante,GERALD NEGROMANTE (NEGROMANTE),siret_insee,Etoile-Sur-Rhone,pisciniste,pisciniste,0,5.0,19,Service de réparation de piscines,http://renovepiscine2607.fr/,https://www.google.com/maps/place/RENOVE+PISCINE+COMPOSITE/data=!4m7!3m6!1s0x12b550406bb386b9:0xbb51788bc0b18e8e!8m2!3d44.766397!4d4.901305!16s%2Fg%2F11vyy8qnrv!19sChIJuYaza0BQtRIRjo6xwIt4Ubs?authuser=0&hl=fr&rclk=1,81.29B,51845679300026,2009-11-30,02
93d3f944-7baf-4221-8d6f-95f26eeced5e,PoolEnergie,0675389595,contact@pool-energie26.fr,high,,,,,Valence,pisciniste,pisciniste,0,5.0,29,Société de construction de piscine,https://www.pool-energie26.fr/,https://www.google.com/maps/place/PoolEnergie/data=!4m7!3m6!1s0x47f5531c835cfbef:0xc1bd721cfac56956!8m2!3d44.9966399!4d4.9973078!16s%2Fg%2F11l20kkdh4!19sChIJ7_tcgxxT9UcRVmnF-hxyvcE?authuser=0&hl=fr&rclk=1,,,,
ac9336c1-cc6b-443d-a2a9-814a30b634c9,Pool Marine - Recherche Fuite Piscine,0667489926,poolmarine69@hotmail.com,medium,Christophe,Asensi,Christophe Asensi,mentions_legales,Vénissieux,pisciniste,pisciniste,1,4.9,107,Service de réparation de piscines,https://www.poolmarine.fr/,https://www.google.com/maps/place/Pool+Marine+-+Recherche+Fuite+Piscine/data=!4m7!3m6!1s0x47f4dee2fc7057f9:0x2cda67c0df190231!8m2!3d45.5355891!4d4.8889555!16s%2Fg%2F11h31zbc0h!19sChIJ-Vdw_OLe9EcRMQIZ38Bn2iw?authuser=0&hl=fr&rclk=1,,,,
6549a83b-d02d-4ae2-ae08-0a295bc801f5,EURL JUGE VIVIEN – Terrassement & Piscines – Beaumont-lès-Valence,0675161550,juge.vivien@live.fr,medium,,,,,Valence,pisciniste,pisciniste,0,4.7,21,Société de construction de piscine,https://www.juge-vivien.fr/,https://www.google.com/maps/place/EURL+JUGE+VIVIEN+%E2%80%93+Terrassement+%26+Piscines+%E2%80%93+Beaumont-l%C3%A8s-Valence/data=!4m7!3m6!1s0x12b5532ffb13cb8d:0x75bc4d42cfecc55c!8m2!3d44.8638354!4d4.9367454!16s%2Fg%2F11lsy7cnf_!19sChIJjcsT-y9TtRIRXMXsz0JNvHU?authuser=0&hl=fr&rclk=1,,,,
335e5c00-b39a-4db9-8c7a-406fadbb5103,Paul Pierron Piscine,0678588549,paulpierronpiscine@gmail.com,medium,,,,,Valence,pisciniste,pisciniste,0,4.9,7,Société de construction de piscine,http://www.pose-pvc-piscine.com/?utm_source=gmb,https://www.google.com/maps/place/Paul+Pierron+Piscine/data=!4m7!3m6!1s0x12b553107a356697:0x60641df1b6be8773!8m2!3d45.0098559!4d4.929945!16s%2Fg%2F113f5tknf!19sChIJl2Y1ehBTtRIRc4e-tvEdZGA?authuser=0&hl=fr&rclk=1,,,,
a99e467d-79e0-4e5f-90af-e98d39f07a62,Estrela Piscines,0475839323,estrela.piscine@yahoo.fr,medium,Carmindo,Fernandes,CARMINDO FERNANDES,siret_insee,Guilherand-Granges,pisciniste,pisciniste,0,5.0,4,Société de construction de piscine,http://estrela-piscines.com/,https://www.google.com/maps/place/Estrela+Piscines/data=!4m7!3m6!1s0x47f5584d724e9d3b:0x3409071cc0ac4ec2!8m2!3d44.920375!4d4.860241!16s%2Fg%2F1tdq9y9f!19sChIJO51Ock1Y9UcRwk6swBwHCTQ?authuser=0&hl=fr&rclk=1,47.64Z,47876562100014,2004-10-01,02
d2499c27-bfd8-438d-a1bd-5c87a2360446,Gonthier Piscines & Spas / l'esprit piscine,0479964180,cp@aelexa.com,low,,,,,Chambéry,pisciniste,pisciniste,0,5.0,6,Société de construction de piscine,https://www.esprit-piscine.fr/gonthier-piscines/,https://www.google.com/maps/place/Gonthier+Piscines+%26+Spas+%2F+l%27esprit+piscine/data=!4m7!3m6!1s0x478ba9dee4708769:0xc2eddc09b7f63592!8m2!3d45.5678956!4d5.8971357!16s%2Fg%2F11fjvvkj6q!19sChIJaYdw5N6pi0cRkjX2twnc7cI?authuser=0&hl=fr&rclk=1,,,,
befafcb0-2269-418e-a9f6-390df415ba45,Passion Piscines 05,0492212616,passionpiscine05@gmail.com,medium,,,,,Gap,pisciniste,pisciniste,1,4.6,67,Société de construction de piscine,http://www.passion-piscines.fr/,https://www.google.com/maps/place/Passion+Piscines+05/data=!4m7!3m6!1s0x12cb4042e4b95a3d:0x4b2601234592bf0e!8m2!3d44.5647534!4d6.0913581!16s%2Fg%2F11cjp99wb5!19sChIJPVq55EJAyxIRDr-SRSMBJks?authuser=0&hl=fr&rclk=1,,,,
dd9ddfe2-024d-4e8f-80e2-063497e56c72,ID'EAU Piscines & Spas,0475592406,ideau@ideaupiscines.com,low,Salvador,Allende,SALVADOR ALLENDE,mentions_legales,Valence,pisciniste,pisciniste,0,4.5,70,Société de construction de piscine,https://valence.mondial-piscine.eu/,https://www.google.com/maps/place/ID%27EAU+Piscines+%26+Spas/data=!4m7!3m6!1s0x12b54da5d10e7a63:0xfb2d25faedeb489b!8m2!3d44.887357!4d4.879344!16s%2Fg%2F11f62ftmdc!19sChIJY3oO0aVNtRIRm0jr7folLfs?authuser=0&hl=fr&rclk=1,,,,
561d1db1-d0e7-421d-b7c8-18eaac522ad3,Espaces Modernes,0630317422,contact@espacesmodernes.fr,high,Arnaud,Simon,ARNAUD SIMON,siret_insee,Aix-En-Provence,pisciniste,pisciniste,1,4.7,30,Société de construction de piscine,http://www.espacesmodernes.fr/,https://www.google.com/maps/place/Espaces+Modernes/data=!4m7!3m6!1s0x12c98b4dbfd7340b:0x5fb96fa6c6582c55!8m2!3d43.576542!4d5.4303635!16s%2Fg%2F11ghzrdy06!19sChIJCzTXv02LyRIRVSxYxqZvuV8?authuser=0&hl=fr&rclk=1,43.99C,84011785700010,2018-05-30,02
17cca3ba-e287-4c13-a7c6-36ce92f0383f,Dauphin Bleu - PISCINES HydroSud Grenoble,0456243901,contact@piscines-hydrosud.fr,high,Arnaud,Morisset,Arnaud Morisset,mentions_legales,Grenoble,pisciniste,pisciniste,0,4.7,118,Société de construction de piscine,https://www.piscines-hydrosud.fr/magasin-piscines-hydrosud/193-piscines-hydrosud-grenoble,https://www.google.com/maps/place/Dauphin+Bleu+-+PISCINES+HydroSud+Grenoble/data=!4m7!3m6!1s0x478af352ea4bf1c9:0xd3e039444eb79f9c!8m2!3d45.1587015!4d5.6955189!16s%2Fg%2F1tdvnmwj!19sChIJyfFL6lLzikcRnJ-3TkQ54NM?authuser=0&hl=fr&rclk=1,,,,
2c05bc1d-c78b-4b00-bcd1-18324c642c12,PISCINES BLEU AZUR,0475214414,directionbleuazur@gmail.com,medium,,,,,Saint-Priest,pisciniste,pisciniste,1,5.0,5,Société de construction de piscine,https://bleuazurpiscine.com/,https://www.google.com/maps/place/PISCINES+BLEU+AZUR/data=!4m7!3m6!1s0x12b54670acb7abb1:0x4c4e95b30477b767!8m2!3d44.7337066!4d4.8088145!16s%2Fg%2F11f4rmj4g1!19sChIJsau3rHBGtRIRZ7d3BLOVTkw?authuser=0&hl=fr&rclk=1,,,,
4ba3d6b4-fe1b-4d86-999c-9f467bf0c07d,Chaumery Piscine & Co,0488919545,contact@chaumery-piscine.fr,high,Gilbert Marc,Chaumery,GILBERT MARC CHAUMERY,siret_insee,Les Pennes-Mirabeau,pisciniste,pisciniste,1,4.8,102,Société de construction de piscine,https://www.chaumery-piscine.fr/,https://www.google.com/maps/place/Chaumery+Piscine+%26+Co/data=!4m7!3m6!1s0xa966147a6b039fd1:0x360506f5ab32aca3!8m2!3d43.417196!4d5.3639415!16s%2Fg%2F11srzy4g8j!19sChIJ0Z8Da3oUZqkRo6wyq_UGBTY?authuser=0&hl=fr&rclk=1,43.99C,89264647200019,2020-12-16,02
12f69d89-bd80-4a6a-a58a-eec2ff9ea8f1,Locamex - Fuite Piscine Grenoble Isère,0788764678,administratif@locamex.org,high,Mathieu,Lugli,MATHIEU LUGLI,siret_insee,Aix-En-Provence,pisciniste,pisciniste,0,4.8,131,Service de réparation de piscines,http://www.locamex.org/,https://www.google.com/maps/place/Locamex+-+Fuite+Piscine+Grenoble+Is%C3%A8re/data=!4m7!3m6!1s0x478b26770a9cce87:0x27db77dcef9ee6ae!8m2!3d45.547635!4d5.24998!16s%2Fg%2F11f08qj1db!19sChIJh86cCncmi0cRruae79x32yc?authuser=0&hl=fr&rclk=1,70.21Z,49452710400041,2007-02-09,11
34d73374-c0f8-4871-b248-9376ddce3df3,Hydrobulles - Mondial Piscines,0254460742,accueil@lecomte-hydrobulles.fr,high,Romain Jean-Pierre,Cellier,ROMAIN JEAN-PIERRE CELLIER,siret_insee,Fontaines-En-Sologne,pisciniste,pisciniste,0,4.6,32,Société de construction de piscine,https://www.lecomte-hydrobulles.fr/,https://www.google.com/maps/place/Hydrobulles+-+Mondial+Piscines/data=!4m7!3m6!1s0x47e4b2e12d7e5e71:0x1489a10a774d1ecb!8m2!3d47.462006!4d1.527127!16s%2Fg%2F1tdq0f78!19sChIJcV5-LeGy5EcRyx5NdwqhiRQ?authuser=0&hl=fr&rclk=1,81.30Z,43440743300037,2001-01-01,01
6de99a9e-e79c-4ed7-b46e-61d3b3c62de1,Prestation Production Martinat SA,0248570793,ppm18500@orange.fr,medium,Eric,Martinat,ERIC MARTINAT (MARTINAT),siret_insee,Mehun-Sur-Yevre,pisciniste,pisciniste,0,5.0,11,Magasin de matériel pour piscines,https://www.ppm18.fr/,https://www.google.com/maps/place/Prestation+Production+Martinat+SA/data=!4m7!3m6!1s0x47fac22f9e4dae39:0xf6039fafc6179736!8m2!3d47.1450551!4d2.2208032!16s%2Fg%2F1v1kp6sx!19sChIJOa5Nni_C-kcRNpcXxq-fA_Y?authuser=0&hl=fr&rclk=1,43.99D,43498657600040,2001-03-01,02
fa9d2499-9b05-41dd-b98d-739d314e2b3a,Ozéo Pertuis - Inter Piscines & Arrosage,0490797120,eroux@ozeo-piscines.fr,high,,,,,Aix-en-Provence,pisciniste,pisciniste,1,4.7,266,Société de construction de piscine,https://ozeo-piscines.fr/Magasin/ozeo-pertuis/?srsltid=AfmBOoq0jHolC2aQ9b4GYK7RAMeg4ORqA-bC7MRrPHNycdWM4H2XWFbd,https://www.google.com/maps/place/Oz%C3%A9o+Pertuis+-+Inter+Piscines+%26+Arrosage/data=!4m7!3m6!1s0x12ca2740256c640d:0xc299fa1073a43c07!8m2!3d43.6765497!4d5.4987232!16s%2Fg%2F11b5zy_bn8!19sChIJDWRsJUAnyhIRBzykcxD6mcI?authuser=0&hl=fr&rclk=1,,,,
9427e2fd-e5fc-4c4e-9553-97d4eb0de0cd,PRIOU et Fils / Tentation Piscine 41,0254795108,contact@priouetfils.fr,high,,,,,Blois,pisciniste,pisciniste,0,4.7,48,Société de construction de piscine,http://priouetfils.fr/,https://www.google.com/maps/place/PRIOU+et+Fils+%2F+Tentation+Piscine+41/data=!4m7!3m6!1s0x47fb5327314702b3:0x3df4c213b5a9a497!8m2!3d47.425824!4d1.4436748!16s%2Fg%2F1xtf0ycv!19sChIJswJHMSdT-0cRl6SptRPC9D0?authuser=0&hl=fr&rclk=1,,,,
20621224-cb42-4700-9486-4c3d14b3cd9b,Everblue - Jardins Piscines Loisirs,0326488985,info@everblue.com,high,,,,,Reims,pisciniste,pisciniste,0,4.6,37,Société de construction de piscine,https://www.everblue.com/concessionnaires/everblue-gueux/,https://www.google.com/maps/place/Everblue+-+Jardins+Piscines+Loisirs/data=!4m7!3m6!1s0x47e90bb03fb43557:0x7d45f93329afe745!8m2!3d49.2437715!4d3.9159593!16s%2Fg%2F1tr8kx8m!19sChIJVzW0P7AL6UcRReevKTP5RX0?authuser=0&hl=fr&rclk=1,,,,
9e012e8a-6db5-4c67-aade-b858ff339d4c,Piscines Desjoyaux,0490774148,servicecom@desjoyaux.fr,high,,,,,Aix-en-Provence,pisciniste,pisciniste,1,4.5,31,Société de construction de piscine,https://www.desjoyaux.fr/boutiques-desjoyaux/84120-pertuis/,https://www.google.com/maps/place/Piscines+Desjoyaux/data=!4m7!3m6!1s0x12ca273fdedc7dfb:0xe78d97593d2ebdc7!8m2!3d43.6796792!4d5.4990276!16s%2Fg%2F11hbl1s3s0!19sChIJ-33c3j8nyhIRx70uPVmXjec?authuser=0&hl=fr&rclk=1,,,,
8b6f9de1-834c-4dcd-9a0a-030e3dfbd75b,M2O Piscines - Créateurs d'extérieurs,0633266808,contact@m2o-piscines.fr,high,,,,,Vénissieux,pisciniste,pisciniste,1,5.0,35,Société de construction de piscine,https://m2o-piscines.fr/,https://www.google.com/maps/place/M2O+Piscines+-+Cr%C3%A9ateurs+d%27ext%C3%A9rieurs/data=!4m7!3m6!1s0x47f4d95507d268c7:0xb4f6ab60918fb2d4!8m2!3d45.5205491!4d4.9282831!16s%2Fg%2F11l2kkf287!19sChIJx2jSB1XZ9EcR1LKPkWCr9rQ?authuser=0&hl=fr&rclk=1,,,,
42e38970-f6ee-449b-85b0-229c8929db39,Evasion Privée,0785030211,contact@evasionprivee.com,high,,,,,Bagneux,pisciniste,pisciniste,0,5.0,3,Piscine,https://www.evasionprivee.com/?utm_source=google&utm_medium=wix_google_business_profile&utm_campaign=2807628633291518196,https://www.google.com/maps/place/Evasion+Priv%C3%A9e/data=!4m7!3m6!1s0x47e851e93db1200d:0x5eec04a686a0e747!8m2!3d49.4105744!4d3.5166983!16s%2Fg%2F11xz5_xdzt!19sChIJDSCxPelR6EcRR-eghqYE7F4?authuser=0&hl=fr&rclk=1,,,,
fe5d6936-3ba1-419a-ae19-3a7743521c9f,Piscines Desjoyaux - Bourges - Ent.Teillais Piscines,0248242777,servicecom@desjoyaux.fr,high,,,,,Bourges,pisciniste,pisciniste,0,4.5,195,Société de construction de piscine,http://www.desjoyaux.fr/,https://www.google.com/maps/place/Piscines+Desjoyaux+-+Bourges+-+Ent.Teillais+Piscines/data=!4m7!3m6!1s0x47fa97c7bec82c75:0xcaee6c1ccadecdcf!8m2!3d47.0408529!4d2.4158061!16s%2Fg%2F11f5q0wsmh!19sChIJdSzIvseX-kcRz83eyhxs7so?authuser=0&hl=fr&rclk=1,,,,
86ed6991-e147-4353-9b6e-1aead21b95de,PLANETE EAU PISCINES,0442508984,christine@p-h-s.fr,low,Lionel Patrick,Rolland,LIONEL PATRICK ROLLAND,siret_insee,Venelles,pisciniste,pisciniste,1,4.8,75,Société de construction de piscine,http://www.planeteeau.com/,https://www.google.com/maps/place/PLANETE+EAU+PISCINES/data=!4m7!3m6!1s0x12c98bfdefbb5b87:0x4c2e4cf9d6374e54!8m2!3d43.5820704!4d5.4684492!16s%2Fg%2F1tmsn0tv!19sChIJh1u77_2LyRIRVE431vlMLkw?authuser=0&hl=fr&rclk=1,43.39Z,48751304600010,2006-01-01,NN
fb3d28c8-0eae-4ce9-91a5-19d172a49106,Aqualmi Piscine 55 Bar le Duc,0329701585,vitry@aqualmipiscines.fr,low,,,,,La Rochelle,pisciniste,pisciniste,0,5.0,3,Société de construction de piscine,http://www.aqualmipiscine.com/,https://www.google.com/maps/place/Aqualmi+Piscine+55+Bar+le+Duc/data=!4m7!3m6!1s0x47eb718b697f3c5f:0x836cbfd7765a2a87!8m2!3d48.7729788!4d5.1624124!16s%2Fg%2F11y5ggrqw6!19sChIJXzx_aYtx60cRhypadte_bIM?authuser=0&hl=fr&rclk=1,,,,
e6eab502-e62c-43c2-b4ca-bf1edffcbe8b,BLUE 2.0 Clermont-Ferrand,0763028181,contact@blue20.fr,high,,,,,Clermont-Ferrand,pisciniste,pisciniste,1,5.0,11,Société de construction de piscine,https://www.blue20.fr/le-reseau-blue-20/blue-2-0-clermont-ferrand/,https://www.google.com/maps/place/BLUE+2.0+Clermont-Ferrand/data=!4m7!3m6!1s0x82eb52a061ba251b:0xd7a78460715b94ac!8m2!3d45.7497679!4d3.0918461!16s%2Fg%2F11wws7sc54!19sChIJGyW6YaBS64IRrJRbcWCEp9c?authuser=0&hl=fr&rclk=1,,,,
ad94abcb-ca79-458f-8705-2f7ce4eec35b,"SARL LANDRIEUX - Construction, rénovation, maçonnerie et gros œuvre à Reims",0326485320,contact@entreprise-landrieux.fr,high,,,,mentions_legales,Reims,pisciniste,pisciniste,0,5.0,12,Société de construction de piscine,https://entreprise-landrieux.fr/,"https://www.google.com/maps/place/SARL+LANDRIEUX+-+Construction,+r%C3%A9novation,+ma%C3%A7onnerie+et+gros+%C5%93uvre+%C3%A0+Reims/data=!4m7!3m6!1s0x47e9a75241b73cd3:0x2ccc28aa6e4be39b!8m2!3d49.3140874!4d3.7991506!16s%2Fg%2F11m6dj7pyh!19sChIJ0zy3QVKn6UcRm-NLbqoozCw?authuser=0&hl=fr&rclk=1",,,,
c7202541-d842-4507-8f84-344beea17c48,Baslux piscine France,0666259879,contact@baslux-france.fr,high,,,,,Reims,pisciniste,pisciniste,0,4.5,33,Société de construction de piscine,http://baslux-france.fr/,https://www.google.com/maps/place/Baslux+piscine+France/data=!4m7!3m6!1s0x47e9750690a86cf9:0xd3edc2fafc9144a3!8m2!3d49.2616264!4d4.0201435!16s%2Fg%2F11y3566mlk!19sChIJ-WyokAZ16UcRo0SR_PrC7dM?authuser=0&hl=fr&rclk=1,,,,
da9bfd93-1d9f-4ef5-bd0d-0c8ce4516bf5,Bourgeois Piscines Etudes et Construction,0442390232,bourgeois-piscines-etudes-construction@orange.fr,medium,,,,,Aix-en-Provence,pisciniste,pisciniste,1,4.8,15,Société de construction de piscine,http://www.bourgeois-piscines.com/?utm_source=gmb,https://www.google.com/maps/place/Bourgeois+Piscines+Etudes+et+Construction/data=!4m7!3m6!1s0x12c98df1e7ce3505:0xe0d2096231def721!8m2!3d43.5081025!4d5.4982723!16s%2Fg%2F11gh_fvtn0!19sChIJBTXO5_GNyRIRIffeMWIJ0uA?authuser=0&hl=fr&rclk=1,,,,
18c0dbd1-2b40-410a-a3cd-52c68f7f9b23,ha Design Piscines,0640908193,hadesignpiscines13@gmail.com,medium,Agnes,Hernandez,AGNES HERNANDEZ,siret_insee,Le Puy-Sainte-Reparade,pisciniste,pisciniste,1,4.7,22,Société de construction de piscine,http://hadesignpiscines.fr/,https://www.google.com/maps/place/ha+Design+Piscines/data=!4m7!3m6!1s0x12ca213510c1120b:0xb7f7f2795076f224!8m2!3d43.6626325!4d5.4260509!16s%2Fg%2F11vjkmg_kf!19sChIJCxLBEDUhyhIRJPJ2UHny97c?authuser=0&hl=fr&rclk=1,47.52A,81346748700019,2015-10-01,00
e9ce8aa9-fe2f-4e51-b5e9-39f2d32cf950,Guittard Espaces Verts,0473970551,contact@guittardespacesverts.com,low,,,,,Clermont-Ferrand,pisciniste,pisciniste,1,4.9,21,Société de construction de piscine,http://www.guittardespacesverts.fr/?utm_source=gmb,https://www.google.com/maps/place/Guittard+Espaces+Verts/data=!4m7!3m6!1s0x47f7212f5aeb56dd:0xb04927fc655e34f9!8m2!3d45.9284054!4d3.1614566!16s%2Fg%2F1tx_5qbk!19sChIJ3VbrWi8h90cR-TReZfwnSbA?authuser=0&hl=fr&rclk=1,,,,
6051fbbd-7548-4f18-928a-62cdffa29b57,Laurent piscine,0615992265,entretien@laurentpiscine.com,high,Laurent Louis,Vilaspasa,LAURENT LOUIS VILASPASA,siret_insee,Joze,pisciniste,pisciniste,1,5.0,14,Piscine extérieure,http://www.laurentpiscine.com/,https://www.google.com/maps/place/Laurent+piscine/data=!4m7!3m6!1s0x47f6ddf4eec3e525:0xf22be9cff59ecb8d!8m2!3d45.8596523!4d3.2990129!16s%2Fg%2F11csqx3c_8!19sChIJJeXD7vTd9kcRjcue9c_pK_I?authuser=0&hl=fr&rclk=1,43.39Z,52787881300015,2010-10-25,NN
fd410093-586d-4dcf-bd12-dc8ae1acbafa,PISCINES IBIZA GEX - PISCINE 01,0450424958,piscine01gex@gmail.com,medium,,,,,Annemasse,pisciniste,pisciniste,0,4.7,25,Société de construction de piscine,http://www.piscine01.fr/,https://www.google.com/maps/place/PISCINES+IBIZA+GEX+-+PISCINE+01/data=!4m7!3m6!1s0x478c6066c82d8477:0x81df9d4b7ea76b0a!8m2!3d46.3386755!4d6.0750883!16s%2Fg%2F1tj7v8m2!19sChIJd4QtyGZgjEcRCmunfkud34E?authuser=0&hl=fr&rclk=1,,,,
24deb36a-04ad-4067-ba48-b6bdc7961185,Eden Paysage - Eden Piscine - pose de PVC armé - Rénovation de Piscines,0677303879,contact.edenpaysage@gmail.com,medium,,,,,Clermont-Ferrand,pisciniste,pisciniste,1,5.0,84,Société de construction de piscine,http://www.edenpaysage.net/,https://www.google.com/maps/place/Eden+Paysage+-+Eden+Piscine+-+pose+de+PVC+arm%C3%A9+-+R%C3%A9novation+de+Piscines/data=!4m7!3m6!1s0x47f6e170ca1de51b:0x91bc25b002d77fd6!8m2!3d45.8043702!4d3.2517829!16s%2Fg%2F11jjwv815_!19sChIJG-UdynDh9kcR1n_XArAlvJE?authuser=0&hl=fr&rclk=1,,,,
7e396516-d6a7-42f9-a3b0-9081cf53bc7b,AM Espace Piscine 01 - Everblue,0474523466,contact@amespacepiscine.fr,high,,,,,Bourg-en-Bresse,pisciniste,pisciniste,0,4.8,23,Société de construction de piscine,http://www.amespacepiscine.fr/,https://www.google.com/maps/place/AM+Espace+Piscine+01+-+Everblue/data=!4m7!3m6!1s0x47f34fca465c5189:0xb36cf9a3fff20d9a!8m2!3d46.2632029!4d5.1740487!16s%2Fg%2F11b7fyxllg!19sChIJiVFcRspP80cRmg3y_6P5bLM?authuser=0&hl=fr&rclk=1,,,,
36fa6651-8fb3-4289-b8b2-e56092a4c6c1,Jaune & Bleu / l'esprit piscine,0473289810,contact@jauneetbleu.fr,high,,Jaune,JAUNE,mentions_legales,Clermont-Ferrand,pisciniste,pisciniste,1,4.6,91,Société de construction de piscine,http://www.jauneetbleu.fr/,https://www.google.com/maps/place/Jaune+%26+Bleu+%2F+l%27esprit+piscine/data=!4m7!3m6!1s0x47f71d7a19c358e5:0xc94ac28fee5d2189!8m2!3d45.740653!4d3.17445!16s%2Fg%2F1tfbxtht!19sChIJ5VjDGXod90cRiSFd7o_CSsk?authuser=0&hl=fr&rclk=1,,,,
d8eded42-2960-4b78-b44b-60bbc92d39da,NS Piscines Annecy,0456674908,gestion@sarlnsp.fr,low,Sylvain Didier,Neyroud,SYLVAIN DIDIER NEYROUD (NEYROUD),siret_insee,Annecy,pisciniste,pisciniste,1,4.9,147,Société de construction de piscine,https://nsp-piscines.com/,https://www.google.com/maps/place/NS+Piscines+Annecy/data=!4m7!3m6!1s0x478b9aeb829d3501:0x424d13bf34f9fe45!8m2!3d45.8910955!4d6.0904521!16s%2Fg%2F11g0hp07rc!19sChIJATWdguuai0cRRf75NL8TTUI?authuser=0&hl=fr&rclk=1,43.21A,79176936700032,2013-04-01,01
2f37a772-3792-4535-9623-917efa1c4981,Blue 2.0 Annemasse,0782246075,contact@blue20.fr,high,,,,,Annemasse,pisciniste,pisciniste,0,5.0,47,Société de construction de piscine,https://www.blue20.fr/le-reseau-blue-20/blue-2-0-annemasse/,https://www.google.com/maps/place/Blue+2.0+Annemasse/data=!4m7!3m6!1s0x478c6f97db7fe1b5:0x146fac73b4bbd0e1!8m2!3d46.1968098!4d6.2324483!16s%2Fg%2F11k971jwdk!19sChIJteF_25dvjEcR4dC7tHOsbxQ?authuser=0&hl=fr&rclk=1,,,,
cc2c15fa-ea6f-47c4-8618-24361b0c5dbf,Piscine Iseppi,0633342220,piscine.iseppi@gmail.com,medium,Ludovic Francois,Iseppi,LUDOVIC FRANCOIS ISEPPI (ISEPPI),siret_insee,Annecy,pisciniste,pisciniste,1,5.0,48,Société de construction de piscine,https://www.piscine-iseppi.com/,https://www.google.com/maps/place/Piscine+Iseppi/data=!4m7!3m6!1s0x478b85e92c7570a3:0x60f2e8a16e027f88!8m2!3d45.8942072!4d6.1046698!16s%2Fg%2F11q25q70ms!19sChIJo3B1LOmFi0cRiH8CbqHo8mA?authuser=0&hl=fr&rclk=1,43.99D,89923836400017,2021-04-30,02
b7cc6afd-a0f4-4d69-807e-aaea6ee6820a,Blue 2.0 Annecy,0638144588,contact@blue20.fr,high,,,,,Annecy,pisciniste,pisciniste,1,5.0,133,Société de construction de piscine,https://www.blue20.fr/le-reseau-blue-20/blue-2-0-annecy/,https://www.google.com/maps/place/Blue+2.0+Annecy/data=!4m7!3m6!1s0x478b9b535eb4334b:0xcd51b3ed272440ac!8m2!3d45.8593671!4d6.0843265!16s%2Fg%2F11fs2pvlsq!19sChIJSzO0XlObi0cRrEAkJ-2zUc0?authuser=0&hl=fr&rclk=1,,,,
995dd2b2-ab3a-4928-a8e3-d52e25684f30,Construction Alp Leman Piscine,41782188701,info@construction-alplemanpiscine.ch,high,Laurent,Allard,LAURENT ALLARD (ALLARD),siret_insee,Roubaix,pisciniste,pisciniste,0,5.0,3,Société de construction de piscine,https://www.construction-alplemanpiscine.ch/,https://www.google.com/maps/place/Construction+Alp+Leman+Piscine/data=!4m7!3m6!1s0x424e31c748cdbe9d:0xbe0e5836aae12a05!8m2!3d46.199194!4d6.1556178!16s%2Fg%2F11vdq7s909!19sChIJnb7NSMcxTkIRBSrhqjZYDr4?authuser=0&hl=fr&rclk=1,63.11Z,42476141900045,1999-10-15,42
4442ca6c-af0e-4149-8f6a-8c10a3bac8d2,B2M Piscine,0766769858,b2mpiscine@gmail.com,medium,,,,,Bourg-en-Bresse,pisciniste,pisciniste,0,4.9,8,Société de construction de piscine,http://www.b2mpiscine.fr/,https://www.google.com/maps/place/B2M+Piscine/data=!4m7!3m6!1s0x47f35543fd37c9f5:0x1129d55f82e48e6!8m2!3d46.149367!4d5.2708431!16s%2Fg%2F11w_mxwnmg!19sChIJ9ck3_UNV80cR5kgu-FWdEgE?authuser=0&hl=fr&rclk=1,,,,
358e7bd6-e25d-4912-b815-e71f46a7480d,Dauphi Piscine,0699250198,dauphi.piscine@gmail.com,medium,,,,,Grenoble,pisciniste,pisciniste,0,5.0,20,Service de réparation de piscines,https://dauphipiscine.com/,https://www.google.com/maps/place/Dauphi+Piscine/data=!4m7!3m6!1s0x6bd65e3195b7a05:0x3bea7f4274a186dc!8m2!3d45.1922649!4d5.6961488!16s%2Fg%2F11pzjw7rzb!19sChIJBXpbGeNlvQYR3IahdEJ_6js?authuser=0&hl=fr&rclk=1,,,,
57cc8e48-17a0-4cb4-ac35-de256d43ecae,Filtraqua,0474904811,contact@filtraqua.fr,high,,,,,Vaulx-en-Velin,pisciniste,pisciniste,1,4.6,66,Société de construction de piscine,http://filtraqua.fr/,https://www.google.com/maps/place/Filtraqua/data=!4m7!3m6!1s0x47f4cac94588def9:0x4c56e2fed81aa71d!8m2!3d45.7625901!4d5.2086295!16s%2Fg%2F1hc64l0j4!19sChIJ-d6IRcnK9EcRHaca2P7iVkw?authuser=0&hl=fr&rclk=1,,,,
27f25ec9-5dbf-4758-bacf-f0a4f60cf31f,SUD RESINE – Rénovation de Piscines Polyester,0664505864,rhone.alpes.resine@gmail.com,medium,,Muriel,Muriel,mentions_legales,Vaulx-en-Velin,pisciniste,pisciniste,1,4.9,15,Société de construction de piscine,http://www.sudresine.fr/,https://www.google.com/maps/place/SUD+RESINE+%E2%80%93+R%C3%A9novation+de+Piscines+Polyester/data=!4m7!3m6!1s0x47f4cf892c173f13:0x5cc74ac3d6c7f15c!8m2!3d45.7569534!4d5.1556865!16s%2Fg%2F11lffjw8f1!19sChIJEz8XLInP9EcRXPHH1sNKx1w?authuser=0&hl=fr&rclk=1,,,,
a093e9ae-0519-4562-8639-025c7e1d88f0,Ain Piscines,0474210718,contact@ainpiscines.fr,high,,,,,Bourg-en-Bresse,pisciniste,pisciniste,0,4.5,34,Société de construction de piscine,https://www.ainpiscines.fr/,https://www.google.com/maps/place/Ain+Piscines/data=!4m7!3m6!1s0x47f35177c55c3e2f:0x6e64b41d07da3829!8m2!3d46.204763!4d5.1974863!16s%2Fg%2F1vy7fy0t!19sChIJLz5cxXdR80cRKTjaBx20ZG4?authuser=0&hl=fr&rclk=1,,,,
647e884e-926c-46ad-92b2-5b1c42d9df40,Envid'O,0479751994,envido@envido.fr,high,,,,,Chambéry,pisciniste,pisciniste,0,4.7,66,Société de construction de piscine,https://www.envido.fr/,https://www.google.com/maps/place/Envid%27O/data=!4m7!3m6!1s0x478b0db41ee34059:0x2b6fb72393f82e21!8m2!3d45.7052954!4d5.766634!16s%2Fg%2F1tf7wm36!19sChIJWUDjHrQNi0cRIS74kyO3bys?authuser=0&hl=fr&rclk=1,,,,
d82f5388-3605-4435-b73c-3a41fd132f92,Phydrolec,0611868372,p.cazzaro@phydrolec.fr,low,,,,,Annecy,pisciniste,pisciniste,1,5.0,4,Société de construction de piscine,http://www.pisciniste-haute-savoie.fr/,https://www.google.com/maps/place/Phydrolec/data=!4m7!3m6!1s0x478b857f473d440b:0x6a011eb1044617fb!8m2!3d45.9286822!4d6.0796679!16s%2Fg%2F11b6d4c0yj!19sChIJC0Q9R3-Fi0cR-xdGBLEeAWo?authuser=0&hl=fr&rclk=1,,,,
f966c9f4-c8f2-4266-9d5b-43db06f530a0,Aqua Technique,0450603665,contact@aqua74.fr,low,,,,,Annecy,pisciniste,pisciniste,1,4.8,12,Société de construction de piscine,https://www.aquatechnique74.fr/,https://www.google.com/maps/place/Aqua+Technique/data=!4m7!3m6!1s0x478b9accdae9f3ff:0xe0caad8ee2f12218!8m2!3d45.893581!4d6.0889142!16s%2Fg%2F11b6dp5r2m!19sChIJ__Pp2syai0cRGCLx4o6tyuA?authuser=0&hl=fr&rclk=1,,,,
62aa539d-ec3d-4cc8-9d3e-5110af5bab25,ERNA piscine spa,0650123832,contact@erna-piscine.com,high,Laurent,Allard,LAURENT ALLARD (ALLARD),siret_insee,Roubaix,pisciniste,pisciniste,0,5.0,33,Société de construction de piscine,http://erna-piscine.com/,https://www.google.com/maps/place/ERNA+piscine+spa/data=!4m7!3m6!1s0x263ccb99ade0524b:0xafb1daac84ea97ab!8m2!3d46.1539322!4d6.3058935!16s%2Fg%2F11kjdw58xt!19sChIJS1LgrZnLPCYRq5fqhKzasa8?authuser=0&hl=fr&rclk=1,63.11Z,42476141900045,1999-10-15,42
6b297c1b-7952-4ed2-8711-44a7a7bb45b7,Dodin Piscine,0644040974,contact@dodinpiscine.com,high,,,,,Annecy,pisciniste,pisciniste,1,4.8,16,Société de construction de piscine,https://dodinpiscine.com/,https://www.google.com/maps/place/Dodin+Piscine/data=!4m7!3m6!1s0x478b873fa0248137:0xd0a6678aaa8ee9e!8m2!3d46.0204877!4d6.1023986!16s%2Fg%2F11q28tbk26!19sChIJN4EkoD-Hi0cRnu6oqnhmCg0?authuser=0&hl=fr&rclk=1,,,,
43543440-a210-435c-b664-37dc847dba42,BE PISCINES SA,41225184738,info@bepiscines.ch,high,Mr Jérémy,Caberlon,Mr CABERLON Jérémy,mentions_legales,Annemasse,pisciniste,pisciniste,0,4.8,18,Société de construction de piscine,http://www.bepiscines.ch/,https://www.google.com/maps/place/BE+PISCINES+SA/data=!4m7!3m6!1s0x478c650c7560a28d:0x8072bdbf77dede41!8m2!3d46.199076!4d6.149701!16s%2Fg%2F11t9rtc84n!19sChIJjaJgdQxljEcRQd7ed7-9coA?authuser=0&hl=fr&rclk=1,,,,
153b6a53-dee8-4d5d-99fd-47ca114774ea,Aqua Piscine,41788103706,info@aqua-piscine.ch,high,,,,,Annemasse,pisciniste,pisciniste,0,5.0,7,Société de construction de piscine,http://aqua-piscine.ch/,https://www.google.com/maps/place/Aqua+Piscine/data=!4m7!3m6!1s0x478c7b7478ffffff:0xbf5063a49a7e41c!8m2!3d46.1658386!4d6.1071582!16s%2Fg%2F11h52ywhsb!19sChIJ____eHR7jEcRHOSnSToG9Qs?authuser=0&hl=fr&rclk=1,,,,
60e3b806-f6f6-48f2-b68b-3f627518332e,Indubat Constructeur de piscines,41229308296,info@indubat.ch,low,,,,,Annemasse,pisciniste,pisciniste,0,4.6,11,Société de construction de piscine,http://www.indubat-piscines.ch/,https://www.google.com/maps/place/Indubat+Constructeur+de+piscines/data=!4m7!3m6!1s0x478c652becd33575:0xe72bd06e9acb020e!8m2!3d46.199686!4d6.061257!16s%2Fg%2F11j4svykvk!19sChIJdTXT7CtljEcRDgLLmm7QK-c?authuser=0&hl=fr&rclk=1,,,,
49279c22-02d3-44fe-b65c-9aa1be5dedc1,"MSC Piscines - Maintenance, Service et Conception de piscines - Genève et Vaud",41783415020,info@mscpiscines.ch,high,,,,,Annemasse,pisciniste,pisciniste,0,4.9,18,Société de construction de piscine,https://www.mscpiscines.ch/,"https://www.google.com/maps/place/MSC+Piscines+-+Maintenance,+Service+et+Conception+de+piscines+-+Gen%C3%A8ve+et+Vaud/data=!4m7!3m6!1s0x478c7dd47417330d:0x6d8778292511bd84!8m2!3d46.1973273!4d6.0613863!16s%2Fg%2F11gybjth6c!19sChIJDTMXdNR9jEcRhL0RJSl4h20?authuser=0&hl=fr&rclk=1",,,,
a3837823-bf7c-4b67-afa2-6796d1443eb0,PISCINES AINDINOISES,0481093360,contact@piscines-aindinoises.fr,high,Benjamin Loic,Blanchard,BENJAMIN LOIC BLANCHARD,siret_insee,Balan,pisciniste,pisciniste,1,4.9,54,Magasin de matériel pour piscines,https://www.piscines-aindinoises.fr/,https://www.google.com/maps/place/PISCINES+AINDINOISES/data=!4m7!3m6!1s0x47f4b798ae9de6e1:0x36f1030523b6503f!8m2!3d45.8487697!4d5.1196019!16s%2Fg%2F11srzmqv4w!19sChIJ4eadrpi39EcRP1C2IwUD8TY?authuser=0&hl=fr&rclk=1,43.99A,94821749200016,2023-02-01,02
f2f8ae2f-21e0-4338-a9d7-57a5ea81c4ac,MSR Piscines,0607658629,info@msrpiscines.fr,low,Arnaud Thibaut Mathieu,Gapin,ARNAUD THIBAUT MATHIEU GAPIN (GAPIN),siret_insee,Valleiry,pisciniste,pisciniste,0,5.0,3,Société de construction de piscine,https://msr-piscines.fr/,https://www.google.com/maps/place/MSR+Piscines/data=!4m7!3m6!1s0x478c7dad4e65f7a7:0xce8afa0188001d49!8m2!3d46.1025003!4d5.9937074!16s%2Fg%2F11pv6gt1jw!19sChIJp_dlTq19jEcRSR0AiAH6is4?authuser=0&hl=fr&rclk=1,43.99D,89471402100017,2021-02-15,01
ac536b6f-73ce-414c-b037-b6fb6612daef,Nature Piscine,0769243852,contact@nature-piscine.fr,high,Nature,Piscine,Nature Piscine,mentions_legales,Châtillon,pisciniste,pisciniste,1,5.0,13,Société de construction de piscine,https://nature-piscine.fr/,https://www.google.com/maps/place/Nature+Piscine/data=!4m7!3m6!1s0x478cd94e04431089:0x93b2e507d0da77c9!8m2!3d46.6759503!4d5.5766588!16s%2Fg%2F11tn827x17!19sChIJiRBDBE7ZjEcRyXfa0AflspM?authuser=0&hl=fr&rclk=1,,,,
23be6ebe-494c-4b7f-92a4-685aab452927,"NEMEAU Piscine, Spa & Sauna",0428385366,erci@nemeau.fr,high,Eric,Trichon,Eric Trichon,mentions_legales,Annecy,pisciniste,pisciniste,1,4.8,20,Société de construction de piscine,https://www.nemeau.fr/,"https://www.google.com/maps/place/NEMEAU+Piscine,+Spa+%26+Sauna/data=!4m7!3m6!1s0x478ba71834f91cd1:0xdef84d75dd5e78b2!8m2!3d45.8579357!4d6.1421148!16s%2Fg%2F11h8qw9wv_!19sChIJ0Rz5NBini0cRsnhe3XVN-N4?authuser=0&hl=fr&rclk=1",,,,
d87b3347-e871-45eb-98ba-6771cf2240e6,Piscines Desjoyaux,0479683526,servicecom@desjoyaux.fr,high,,,,,Chambéry,pisciniste,pisciniste,0,4.6,70,Société de construction de piscine,https://www.desjoyaux.fr/boutiques-desjoyaux/73000-chambery/,https://www.google.com/maps/place/Piscines+Desjoyaux/data=!4m7!3m6!1s0x478ba70d811242b1:0x84bd6ccca5f234e4!8m2!3d45.605495!4d5.8905304!16s%2Fg%2F11h014srsj!19sChIJsUISgQ2ni0cR5DTypcxsvYQ?authuser=0&hl=fr&rclk=1,,,,
25f11216-cc08-48f1-9977-bc66a5be366d,ABSOLUE piscine,0673583135,contact@absoluepiscine.fr,high,,,,,Chambéry,pisciniste,pisciniste,0,5.0,8,Société de construction de piscine,http://www.absoluepiscine.fr/,https://www.google.com/maps/place/ABSOLUE+piscine/data=!4m7!3m6!1s0x478ba1576141ae69:0xb9897383935a887f!8m2!3d45.7225322!4d5.9170224!16s%2Fg%2F11pv5hkwf5!19sChIJaa5BYVehi0cRf4hak4Nzibk?authuser=0&hl=fr&rclk=1,,,,
a62a4aab-9fb9-418b-8ac0-02ed00c9a01c,ID Piscines Sàrl - Entretien & Rénovation Piscine | Nyon,41793961935,idpiscines.nyon@gmail.com,medium,,,,,Annemasse,pisciniste,pisciniste,0,5.0,27,Société de construction de piscine,https://idpiscines.ch/,https://www.google.com/maps/place/ID+Piscines+S%C3%A0rl+-+Entretien+%26+R%C3%A9novation+Piscine+%7C+Nyon/data=!4m7!3m6!1s0x478c5dba26dc1893:0xff7b75bc0cf936fc!8m2!3d46.3851498!4d6.2196731!16s%2Fg%2F11j1hytc__!19sChIJkxjcJrpdjEcR_Db5DLx1e_8?authuser=0&hl=fr&rclk=1,,,,
cd9e48ae-e661-4dac-baed-4e71c9c75261,Astro Piscines SA,41842520520,info@astro-piscines.ch,high,Marc,Fjellbakk,Marc Fjellbakk,mentions_legales,Annemasse,pisciniste,pisciniste,0,4.5,19,Société de construction de piscine,http://www.astro-piscines.ch/fr,https://www.google.com/maps/place/Astro+Piscines+SA/data=!4m7!3m6!1s0x478c714e4ffdc523:0x40627ac86714df36!8m2!3d46.193407!4d6.198598!16s%2Fg%2F11h1mcz372!19sChIJI8X9T05xjEcRNt8UZ8h6YkA?authuser=0&hl=fr&rclk=1,,,,
a1f6c2bb-e4d1-431d-84a8-c40d39df991e,NJ Piscine,0688035599,contact@njpiscine.fr,low,Jonathan Andre Yves,Nonotte,JONATHAN ANDRE YVES NONOTTE,siret_insee,Baume-Les-Dames,pisciniste,pisciniste,0,5.0,6,Société de construction de piscine,https://www.nj-piscine.fr/,https://www.google.com/maps/place/NJ+Piscine/data=!4m7!3m6!1s0xa718fe3f349407cd:0xeea57ea34ae34e5d!8m2!3d47.3505108!4d6.3518099!16s%2Fg%2F11rtc_fmj9!19sChIJzQeUND_-GKcRXU7jSqN-pe4?authuser=0&hl=fr&rclk=1,43.99D,88138232900012,2020-01-27,NN
801bf351-3296-4a2b-bf20-100a6139ad24,Be Well Canada Spa,0785173605,bewell-canada@spa-savoie.fr,high,Robert,Clerc,Robert Clerc,mentions_legales,Chambéry,pisciniste,pisciniste,0,4.8,46,Société de construction de piscine,https://www.spa-savoie.fr/,https://www.google.com/maps/place/Be+Well+Canada+Spa/data=!4m7!3m6!1s0x478ba7db58785db9:0xefb5f29e138ff90b!8m2!3d45.6132653!4d5.8865527!16s%2Fg%2F11hdjh6l8c!19sChIJuV14WNuni0cRC_mPE57yte8?authuser=0&hl=fr&rclk=1,,,,
2f046bc7-c9eb-4d5c-98a4-81286ab1fd32,EASY PISCINES Sàrl,41223101532,info@easypiscines.ch,high,,,,,Annemasse,pisciniste,pisciniste,0,4.6,14,Société de construction de piscine,https://easypiscines.ch/?utm_source=google&utm_medium=google-business-profile&utm_campaign=google-business-profile,https://www.google.com/maps/place/EASY+PISCINES+S%C3%A0rl/data=!4m7!3m6!1s0x478c677a45182765:0x37aad3357b5e961f!8m2!3d46.3830737!4d6.2232231!16s%2Fg%2F11bccm8r5w!19sChIJZScYRXpnjEcRH5ZeezXTqjc?authuser=0&hl=fr&rclk=1,,,,
705c55bd-1971-431b-a0d6-d01f71f40668,Adeline Piscines et SPAS,0680892455,jerome@adelinepiscines.fr,high,Jerome,Lapalus,JEROME LAPALUS,siret_insee,Serre-Les-Sapins,pisciniste,pisciniste,0,4.6,19,Société de construction de piscine,https://www.adelinepiscines.fr/,https://www.google.com/maps/place/Adeline+Piscines+et+SPAS/data=!4m7!3m6!1s0x478d63bd1c5f308b:0x87f79644c3ef0d9a!8m2!3d47.237415!4d5.9346832!16s%2Fg%2F11bx5pzygm!19sChIJizBfHL1jjUcRmg3vw0SW94c?authuser=0&hl=fr&rclk=1,47.52B,50227163800046,2008-02-01,01
d6b6eacb-2cd1-4f46-a2c2-db22893c6aa0,Piscines Du Lion,0384191873,contact@piscinesdulion.fr,high,,,,,Belfort,pisciniste,pisciniste,0,4.9,90,Société de construction de piscine,http://www.piscinesdulion.fr/,https://www.google.com/maps/place/Piscines+Du+Lion/data=!4m7!3m6!1s0x47923daa8c4c291f:0x5772c8c57be2320e!8m2!3d47.5956371!4d6.8596006!16s%2Fg%2F11rf6rrs0k!19sChIJHylMjKo9kkcRDjLie8XIclc?authuser=0&hl=fr&rclk=1,,,,
7d4ae07d-0731-4b57-bc53-d44229598dc8,PH Piscine,0384234233,ph.piscine@wanadoo.fr,medium,,,,,Belfort,pisciniste,pisciniste,0,4.8,24,Société de construction de piscine,https://www.phpiscine.fr/,https://www.google.com/maps/place/PH+Piscine/data=!4m7!3m6!1s0x4792258551a38a13:0x5ab43da77da90daf!8m2!3d47.646597!4d6.924111!16s%2Fg%2F11qb53j2pf!19sChIJE4qjUYUlkkcRrw2pfac9tFo?authuser=0&hl=fr&rclk=1,,,,
bd2ebd92-eb7f-4b3a-bc2f-5e402e576e4e,MNT Poolservices,0651069362,contact@mntpoolservices.fr,high,,,,,Besançon,pisciniste,pisciniste,0,5.0,6,Société de construction de piscine,http://www.mntpoolservices.fr/,https://www.google.com/maps/place/MNT+Poolservices/data=!4m7!3m6!1s0xa51175de8e64aff9:0xad130c3a59fd9a91!8m2!3d47.2889671!4d6.2551492!16s%2Fg%2F11lylbmy1n!19sChIJ-a9kjt51EaURkZr9WToME60?authuser=0&hl=fr&rclk=1,,,,
c11d9d96-37b1-4bc4-920b-dfe11485ee4d,Piscines Vauban,0983243009,contact@piscines-vauban.fr,high,,,,,Besançon,pisciniste,pisciniste,0,4.9,60,Société de construction de piscine,https://piscines-vauban.fr/,https://www.google.com/maps/place/Piscines+Vauban/data=!4m7!3m6!1s0x478d611166286e37:0x8ae3570bbe2c82f!8m2!3d47.2576094!4d5.9228777!16s%2Fg%2F11slw4dphb!19sChIJN24oZhFhjUcRL8jiu3A1rgg?authuser=0&hl=fr&rclk=1,,,,
a3c05559-5432-47d9-a07e-ff173b68f9c5,Piscine Espace d'O,0636393374,contact@piscine-espacedo.fr,high,,,,,Belfort,pisciniste,pisciniste,0,4.8,12,Société de construction de piscine,http://piscine-espacedo.fr/,https://www.google.com/maps/place/Piscine+Espace+d%27O/data=!4m7!3m6!1s0x6f6c0cb3ac518c49:0xade97de8d7fb521f!8m2!3d47.651154!4d6.8928146!16s%2Fg%2F11rtq377wk!19sChIJSYxRrLMMbG8RH1L71-h96a0?authuser=0&hl=fr&rclk=1,,,,
9a9ef64e-d17e-4354-94bc-fba012a2d69a,2JR Piscine,0782044110,2jr.piscine@free.fr,medium,Jean Jacques,Rysak,JEAN JACQUES RYSAK (RYSAK),siret_insee,Retzwiller,pisciniste,pisciniste,0,5.0,4,Service de réparation de piscines,https://2jrpiscine.fr/,https://www.google.com/maps/place/2JR+Piscine/data=!4m7!3m6!1s0x4791898ee5fe0287:0xcd2eb3493ed7201d!8m2!3d47.6319634!4d7.1227291!16s%2Fg%2F11b6d82fbc!19sChIJhwL-5Y6JkUcRHSDXPkmzLs0?authuser=0&hl=fr&rclk=1,43.99D,45176857600030,2004-01-01,NN
6e3406d1-2dd5-47d1-a781-fff3bcf3c5ff,Clomega,0783437481,contact@clomega.com,high,,,,,Belfort,cloture,pisciniste,1,5.0,18,Entrepreneur spécialisé dans les clôtures,https://www.clomega.com/,https://www.google.com/maps/place/Clomega/data=!4m7!3m6!1s0x47923bae362d7011:0x5493b99a0023433d!8m2!3d47.7128212!4d6.8359014!16s%2Fg%2F11n3m_kq9_!19sChIJEXAtNq47kkcRPUMjAJq5k1Q?authuser=0&hl=fr&rclk=1,,,,
e6290c48-7357-47fd-970d-d591c432710d,"Acqua Terra | Spécialiste aménagement extérieur : piscine, spa, aménagement paysager, pergola et carport",0389527850,contact@acqua-terra.fr,high,,,,,Mulhouse,pisciniste,pisciniste,1,5.0,14,Société de construction de piscine,https://www.acqua-terra.fr/,"https://www.google.com/maps/place/Acqua+Terra+%7C+Sp%C3%A9cialiste+am%C3%A9nagement+ext%C3%A9rieur+:+piscine,+spa,+am%C3%A9nagement+paysager,+pergola+et+carport/data=!4m7!3m6!1s0x4791932f1338c817:0x4b1993e1abb07523!8m2!3d47.5879593!4d7.258257!16s%2Fg%2F11x74tblx7!19sChIJF8g4Ey-TkUcRI3Wwq-GTGUs?authuser=0&hl=fr&rclk=1",,,,
ab6ce6ae-b72b-4196-a13f-8dc4daf532ea,EB EXPO,0363570118,contact@bailly-emmanuel.com,low,Emmanuel,Bailly,EMMANUEL BAILLY,siret_insee,Arbois,pisciniste,pisciniste,1,5.0,9,Magasin de matériel pour piscines,http://www.eb-expo.fr/,https://www.google.com/maps/place/EB+EXPO/data=!4m7!3m6!1s0x478d3fe86789f309:0x9712742eb50d8ef2!8m2!3d46.9156666!4d5.7639735!16s%2Fg%2F11sjgr7_20!19sChIJCfOJZ-g_jUcR8o4NtS50Epc?authuser=0&hl=fr&rclk=1,43.99C,50142580500022,2007-01-01,12
dc5589c2-5dc2-4e45-8a35-8dbf8c204956,TORTUGA Piscines 68,0695929976,piscines.tortuga@gmail.com,medium,,,,,Mulhouse,pisciniste,pisciniste,1,5.0,29,Société de construction de piscine,http://www.piscinecoque68.fr/,https://www.google.com/maps/place/TORTUGA+Piscines+68/data=!4m7!3m6!1s0x47917f95292a0fc1:0xd1a77c254bc197b8!8m2!3d47.8949359!4d7.2340172!16s%2Fg%2F11lcypp7wf!19sChIJwQ8qKZV_kUcRuJfBSyV8p9E?authuser=0&hl=fr&rclk=1,,,,
533b1ed8-7549-4541-bea4-92e033c8e04f,Amazone Piscines,0389417482,pascal.feuermann@orange.fr,medium,,,,,Colmar,pisciniste,pisciniste,1,4.7,23,Société de construction de piscine,http://www.amazone-piscines68.fr/?utm_medium=referral&utm_source=gmb&utm_campaign=lnk-gmb,https://www.google.com/maps/place/Amazone+Piscines/data=!4m7!3m6!1s0x47917bac2521a053:0x4139c9f77918c666!8m2!3d47.9614587!4d7.295067!16s%2Fg%2F1tz74xc7!19sChIJU6AhJax7kUcRZsYYeffJOUE?authuser=0&hl=fr&rclk=1,,,,
c68ba0c8-2281-4e5e-a294-9f7089f6eb3f,elsass piscines,0673856851,elsasspiscines@gmail.com,medium,,,,,Mulhouse,pisciniste,pisciniste,1,4.9,41,Société de construction de piscine,https://www.elsass-piscines.fr/,https://www.google.com/maps/place/elsass+piscines/data=!4m7!3m6!1s0x479182ba6f5dc145:0xf1f48327fee8aad5!8m2!3d47.8351757!4d7.3028634!16s%2Fg%2F11ghpp75wc!19sChIJRcFdb7qCkUcR1aro_ieD9PE?authuser=0&hl=fr&rclk=1,,,,
13a6e909-e18f-4d96-b7ea-ff838cc3d958,Azur Piscines 68,0673563068,azurpiscine68@orange.fr,medium,,,,,Mulhouse,pisciniste,pisciniste,1,4.6,29,Société de construction de piscine,http://www.azurpiscines68.fr/,https://www.google.com/maps/place/Azur+Piscines+68/data=!4m7!3m6!1s0x479187e35e2d7bbf:0x4e99ea744aad8d1e!8m2!3d47.7070294!4d7.1049535!16s%2Fg%2F1vljf7ys!19sChIJv3stXuOHkUcRHo2tSnTqmU4?authuser=0&hl=fr&rclk=1,,,,
57ee05e6-2ce1-4c41-be66-3b0ad578571e,Pascal Piscines Créations,0644260049,pascal.piscinescreations@gmail.com,medium,,,,,Mulhouse,pisciniste,pisciniste,1,5.0,19,Piscine,https://www.pascal-piscines-creations68.com/?utm_medium=referral&utm_source=gmb&utm_campaign=lnk-gmb,https://www.google.com/maps/place/Pascal+Piscines+Cr%C3%A9ations/data=!4m7!3m6!1s0x47918f5377f0709d:0xaf41278df54c9fcd!8m2!3d47.6415361!4d7.2376492!16s%2Fg%2F11vcbcv8x5!19sChIJnXDwd1OPkUcRzZ9M9Y0nQa8?authuser=0&hl=fr&rclk=1,,,,
36ee9ab5-4b48-4ff7-9fa3-06b5dfc8713e,Reflets d'eau Colmar,0638822853,contact@blue20.fr,high,,,,,Colmar,pisciniste,pisciniste,1,5.0,35,Société de construction de piscine,https://www.blue20.fr/,https://www.google.com/maps/place/Reflets+d%27eau+Colmar/data=!4m7!3m6!1s0x47916bc0ac37fa4f:0x64fb2e3d5b4d4e83!8m2!3d48.0858102!4d7.3547244!16s%2Fg%2F11tnbxzqb7!19sChIJT_o3rMBrkUcRg05NWz0u-2Q?authuser=0&hl=fr&rclk=1,,,,
face4eee-af94-48b5-88f7-ece2c1e7cf4f,Terratek TP | Aménagement Extérieur et Paysagiste,0767174545,contact@terratek-tp.fr,high,,,,,Mulhouse,pisciniste,pisciniste,1,5.0,73,Société de construction de piscine,https://terratek-tp.fr/,https://www.google.com/maps/place/Terratek+TP+%7C+Am%C3%A9nagement+Ext%C3%A9rieur+et+Paysagiste/data=!4m7!3m6!1s0x47919d4ba3d18741:0x8403bf726cc264d!8m2!3d47.818909!4d7.31355!16s%2Fg%2F11nxr6791_!19sChIJQYfRo0udkUcRTSbMJvc7QAg?authuser=0&hl=fr&rclk=1,,,,
eb93e706-e3e3-43d0-bc74-95fbe573ed12,Sublim Garden - Pisciniste 68,0668159279,contact@sublimgarden.fr,high,,,,,Mulhouse,pisciniste,pisciniste,1,5.0,62,Société de construction de piscine,https://sublimgarden.fr/,https://www.google.com/maps/place/Sublim+Garden+-+Pisciniste+68/data=!4m7!3m6!1s0x479182569bcbbe49:0x37dd77e8291f74e6!8m2!3d47.7926477!4d7.2441704!16s%2Fg%2F11g0hp0d_z!19sChIJSb7Lm1aCkUcR5nQfKeh33Tc?authuser=0&hl=fr&rclk=1,,,,
4742aa94-b516-453e-b7bd-70cbd0529100,Piscines Ibiza Mommenheim,0388739571,contact@gtapiscine.fr,high,,,,,Strasbourg,pisciniste,pisciniste,0,4.6,82,Société de construction de piscine,https://www.gtapiscine.fr/,https://www.google.com/maps/place/Piscines+Ibiza+Mommenheim/data=!4m7!3m6!1s0x4796bfa4f43707f3:0xa6789b66efc1f108!8m2!3d48.7529097!4d7.6598789!16s%2Fg%2F11ff0w7705!19sChIJ8wc39KS_lkcRCPHB72abeKY?authuser=0&hl=fr&rclk=1,,,,
a150b385-02a0-49ef-9854-bb37875cf4f7,Sani Spa,0689395409,sarl.sanispa@gmail.com,medium,Laurent,Allard,LAURENT ALLARD (ALLARD),siret_insee,Roubaix,pisciniste,pisciniste,1,4.7,96,Service de réparation de spas,http://sani-spa.fr/contact,https://www.google.com/maps/place/Sani+Spa/data=!4m7!3m6!1s0x47919b8dc3d39069:0xee678999fe1f2d8c!8m2!3d47.8365131!4d7.2229849!16s%2Fg%2F11c1ng6t3m!19sChIJaZDTw42bkUcRjC0f_pmJZ-4?authuser=0&hl=fr&rclk=1,63.11Z,42476141900045,1999-10-15,42
c449555c-a3b3-43e9-aa49-3c83f34326c7,ESPACE PISCINE,0388727464,contact@espace-piscine.fr,high,,,,,Strasbourg,pisciniste,pisciniste,0,4.6,38,Société de construction de piscine,http://espace-piscine.fr/,https://www.google.com/maps/place/ESPACE+PISCINE/data=!4m7!3m6!1s0x47969573cdebfc61:0xabbb8f1ca4a2e76d!8m2!3d48.8356436!4d7.7393843!16s%2Fg%2F11jchv1hff!19sChIJYfzrzXOVlkcRbeeipByPu6s?authuser=0&hl=fr&rclk=1,,,,
1553a5d5-60d1-411b-a747-3d7eebebe612,Piscines D'Alsace,0390298778,secretariat@piscines-dalsace.fr,high,,,,,Strasbourg,pisciniste,pisciniste,0,4.7,47,Société de construction de piscine,https://piscines-dalsace.fr/,https://www.google.com/maps/place/Piscines+D%27Alsace/data=!4m7!3m6!1s0x4796bf1a5e7a0c41:0x7aebcbb4dc970219!8m2!3d48.7559805!4d7.6512418!16s%2Fg%2F11m2wdnzcr!19sChIJQQx6Xhq_lkcRGQKX3LTL63o?authuser=0&hl=fr&rclk=1,,,,
43bcbb40-c683-4e75-a7ce-4cf5ee01b51c,Apool,0387259563,contact@apool.fr,high,,,,,Saint-Louis (974),pisciniste,pisciniste,0,4.8,55,Société de construction de piscine,https://www.apool.fr/,https://www.google.com/maps/place/Apool/data=!4m7!3m6!1s0x479411497cd0b66f:0x9142d09cb4697165!8m2!3d48.7381853!4d7.0784914!16s%2Fg%2F11kvsc6s7g!19sChIJb7bQfEkRlEcRZXFptJzQQpE?authuser=0&hl=fr&rclk=1,,,,
8b862da9-168c-44b7-8728-8b00f3e5e509,France Pool Liner - Grand Est,0390298774,francepoolliner@gmail.com,medium,Maxime Anthony,Sauner,MAXIME ANTHONY SAUNER,siret_insee,Erstein,pisciniste,pisciniste,0,5.0,3,Société de construction de piscine,https://www.france-pool-liner.fr/,https://www.google.com/maps/place/France+Pool+Liner+-+Grand+Est/data=!4m7!3m6!1s0x64d6b34a8abcf59d:0x7d955635642ee01a!8m2!3d48.425759!4d7.6369967!16s%2Fg%2F11sx__dbfq!19sChIJnfW8ikqz1mQRGuAuZDVWlX0?authuser=0&hl=fr&rclk=1,43.99D,82529088500029,2017-01-01,02
e2dfde2c-89b9-4fe3-8d94-7c99d8fd31cc,Double V,0367978056,contact@double-v.fr,high,,,,,Strasbourg,pisciniste,pisciniste,0,4.9,12,Société de construction de piscine,https://www.double-v.fr/?utm_source=gmb,https://www.google.com/maps/place/Double+V/data=!4m7!3m6!1s0x4796b6db259903f1:0x93e7810893c97743!8m2!3d48.5780358!4d7.6253982!16s%2Fg%2F11qgq6fytm!19sChIJ8QOZJdu2lkcRQ3fJkwiB55M?authuser=0&hl=fr&rclk=1,,,,
f803536d-0ad2-44ca-b60b-1086bc2d235c,B et H Réalisations,0656827858,b.h.realisations@gmail.com,medium,Cynthia,Hentsch,HENTSCH Cynthia,mentions_legales,Strasbourg,pisciniste,pisciniste,0,4.6,45,Société de construction de piscine,https://b-et-h-realisations.fr/,https://www.google.com/maps/place/B+et+H+R%C3%A9alisations/data=!4m7!3m6!1s0x479152a748f7b057:0xc74b475ebd1f8e80!8m2!3d48.5368418!4d7.4562513!16s%2Fg%2F1tdb7rt2!19sChIJV7D3SKdSkUcRgI4fvV5HS8c?authuser=0&hl=fr&rclk=1,,,,
648d45ff-383e-40df-9667-66d5d23bdb91,KARGOTECTURE,0978802859,kargotecture@gmail.com,medium,Est Monsieur Mohamed,Bouayad,est Monsieur Mohamed BOUAYAD,mentions_legales,Strasbourg,pisciniste,pisciniste,0,4.8,22,Société de construction de piscine,https://www.kargotecture.com/,https://www.google.com/maps/place/KARGOTECTURE/data=!4m7!3m6!1s0x4796c9a1747edc49:0x86f02bcee01eab02!8m2!3d48.4842152!4d7.7211722!16s%2Fg%2F11scrwmmqj!19sChIJSdx-dKHJlkcRAqse4M4r8IY?authuser=0&hl=fr&rclk=1,,,,
5b4a805e-1f37-4490-bd2f-7f1adcf8a9d4,JH Distribution,0388870837,christophe@neoone.fr,low,Philippe,Jaeggy,Philippe Jaeggy,mentions_legales,Saint-Louis (974),pisciniste,pisciniste,0,5.0,930,Société de construction de piscine,https://jh-piscines.com/,https://www.google.com/maps/place/JH+Distribution/data=!4m7!3m6!1s0x4796a5f3b9175a3d:0x2510019e991c6e6e!8m2!3d48.64379!4d7.4479406!16s%2Fg%2F1wf20sw7!19sChIJPVoXufOllkcRbm4cmZ4BECU?authuser=0&hl=fr&rclk=1,,,,
67f7c4dc-097c-4140-b858-8620d555ba73,INOXONLINE,0367982076,info@inoxonline.fr,high,Laurent,Allard,LAURENT ALLARD (ALLARD),siret_insee,Roubaix,pisciniste,pisciniste,0,4.9,9,Société de construction de piscine,https://www.inoxonline.fr/,https://www.google.com/maps/place/INOXONLINE/data=!4m7!3m6!1s0x47914dce16788c77:0xedff89234931159!8m2!3d48.4280109!4d7.4990029!16s%2Fg%2F11h0m9mmg_!19sChIJd4x4Fs5NkUcRWRGTNJL43w4?authuser=0&hl=fr&rclk=1,63.11Z,42476141900045,1999-10-15,42
527ad8b0-5f4c-4b06-97f1-8ef1fa5c5b1e,Piscine Art Inox,0367370173,info@piscine-art-inox.fr,high,,,,,Strasbourg,pisciniste,pisciniste,0,5.0,3,Société de construction de piscine,http://piscine-art-inox.fr/,https://www.google.com/maps/place/Piscine+Art+Inox/data=!4m7!3m6!1s0x47914d18a311f5e1:0xc48d2712f812150f!8m2!3d48.4280123!4d7.4990143!16s%2Fg%2F11ddt36ry1!19sChIJ4fURoxhNkUcRDxUS-BInjcQ?authuser=0&hl=fr&rclk=1,,,,
08725d39-4555-4410-945b-f4bfcd9de775,JH Distribution,0388987926,christophe@neoone.fr,low,Philippe,Jaeggy,Philippe Jaeggy,mentions_legales,Lyon,pisciniste,pisciniste,1,5.0,990,Société de construction de piscine,http://www.jh-piscines.com/,https://www.google.com/maps/place/JH+Distribution/data=!4m7!3m6!1s0x47914a5e34d28c61:0xf218952d6794fc85!8m2!3d48.419884!4d7.638921!16s%2Fg%2F1tksgqh6!19sChIJYYzSNF5KkUcRhfyUZy2VGPI?authuser=0&hl=fr&rclk=1,,,,
af81e88b-522e-4994-b22a-9212eb5597db,Lorraine Piscines,0387505852,lorraine.piscines@hotmail.fr,medium,,,,,Metz,pisciniste,pisciniste,0,4.7,105,Société de construction de piscine,http://www.lorraine-piscines.fr/?utm_source=gmb,https://www.google.com/maps/place/Lorraine+Piscines/data=!4m7!3m6!1s0x4794dafdb0207b09:0x28f08cf778e4006b!8m2!3d49.0748562!4d6.146698!16s%2Fg%2F1tdy3dpb!19sChIJCXsgsP3alEcRawDkePeM8Cg?authuser=0&hl=fr&rclk=1,,,,
be9c833f-331e-4a16-8bc1-b77b79b42973,GEORGE Alsace : Entretien et Intervention Piscine Alsace,0367343395,alsace@george-club.fr,high,,,,,Strasbourg,pisciniste,pisciniste,0,4.9,52,Service de nettoyage de piscines,http://www.george-club.fr/alsace,https://www.google.com/maps/place/GEORGE+Alsace+:+Entretien+et+Intervention+Piscine+Alsace/data=!4m7!3m6!1s0x4796b1ff95b2d7a7:0xbf26f52d5ee8c8e6!8m2!3d48.5136571!4d7.7159301!16s%2Fg%2F11qbjlq0xj!19sChIJp9eylf-xlkcR5sjoXi31Jr8?authuser=0&hl=fr&rclk=1,,,,
c41f2cdc-18de-4177-afca-f0ac7fa3b913,Technique Piscine,0636245050,contact@technique-piscine.fr,high,,,,,Saint-Louis (974),pisciniste,pisciniste,0,5.0,5,Piscine,https://www.technique-piscine.fr/,https://www.google.com/maps/place/Technique+Piscine/data=!4m7!3m6!1s0x4796a1c54169a661:0xd49bf01c57c9a97e!8m2!3d48.7713246!4d7.4136794!16s%2Fg%2F11m5p1fr96!19sChIJYaZpQcWhlkcRfqnJVxzwm9Q?authuser=0&hl=fr&rclk=1,,,,
62519f63-6ed5-4bf3-9c55-3af0106f3173,New Sled Piscines Magiline NANCY,0383297312,privacy@magiline.fr,low,,,,,Nancy,pisciniste,pisciniste,0,4.5,22,Société de construction de piscine,https://www.piscines-magiline.fr/pisciniste-constructeur-points-vente/fr/lorraine/meurthe-et-moselle/distributeur-piscines-magiline-essey-les-nancy.html,https://www.google.com/maps/place/New+Sled+Piscines+Magiline+NANCY/data=!4m7!3m6!1s0x4794982cb1da59db:0x7dd5434d3a575f45!8m2!3d48.7070503!4d6.2343976!16s%2Fg%2F1tddr3m3!19sChIJ21nasSyYlEcRRV9XOk1D1X0?authuser=0&hl=fr&rclk=1,,,,
7780c19f-4fad-48f4-a990-bf1fc8ca5805,Thérapiscine,0960403356,contact@therapiscine.fr,high,Nous Trouver,Therapiscine Thérapiscine,THERAPISCINE Nous trouver THÉRAPISCINE,mentions_legales,Strasbourg,pisciniste,pisciniste,0,4.9,29,Magasin de matériel pour piscines,https://therapiscine.fr/,https://www.google.com/maps/place/Th%C3%A9rapiscine/data=!4m7!3m6!1s0x479137c3a03eba53:0x69c395d3577e1127!8m2!3d48.4299239!4d7.6692893!16s%2Fg%2F11r9t9f4p3!19sChIJU7o-oMM3kUcRJxF-V9OVw2k?authuser=0&hl=fr&rclk=1,,,,
d19f9ea1-45ae-4afc-bccb-aa0383effd57,PISCINE & SPA METZ,0365673655,poolservicesmetz@gmail.com,medium,,,,,Metz,pisciniste,pisciniste,0,5.0,3,Société de construction de piscine,https://www.pool-services.fr/,https://www.google.com/maps/place/PISCINE+%26+SPA+METZ/data=!4m7!3m6!1s0x4794db896a687761:0xe1e43b05ed829762!8m2!3d49.076558!4d6.104578!16s%2Fg%2F11z7325fqz!19sChIJYXdoaonblEcRYpeC7QU75OE?authuser=0&hl=fr&rclk=1,,94873960200019,,
0ac8d170-8438-4b31-9d22-c71ba8888156,Tom Pousse Paysage,0388659177,contact@tompoussepaysage.fr,high,Thomas,Stammbach,THOMAS STAMMBACH,siret_insee,Illkirch-Graffenstaden,pisciniste,pisciniste,0,4.7,224,Société de construction de piscine,https://www.tompoussepaysage.fr/,https://www.google.com/maps/place/Tom+Pousse+Paysage/data=!4m7!3m6!1s0x4796ca42735dfbcb:0x560f739a547898d6!8m2!3d48.5132202!4d7.7163427!16s%2Fg%2F1tmxpz1s!19sChIJy_tdc0LKlkcR1ph4VJpzD1Y?authuser=0&hl=fr&rclk=1,81.30Z,48787261600023,2006-02-01,11
3812f9ad-dbc4-46cd-9972-88f46d4e2513,Piscines Desjoyaux Obernai,0388819493,servicecom@desjoyaux.fr,high,,,,,Strasbourg,pisciniste,pisciniste,0,4.9,33,Société de construction de piscine,https://www.desjoyaux.fr/boutiques-desjoyaux/67210--obernai/?utm_source=gmb,https://www.google.com/maps/place/Piscines+Desjoyaux+Obernai/data=!4m7!3m6!1s0x47914de4d3edc9c1:0x9755c33eabb01304!8m2!3d48.4715014!4d7.4958973!16s%2Fg%2F11s4s_4rkk!19sChIJwcnt0-RNkUcRBBOwqz7DVZc?authuser=0&hl=fr&rclk=1,,,,
c21be843-b2fd-4bb7-bb4a-1ab157afb8d3,Abrisud Beauvais - Showroom ouverture sur rendez-vous,0367100287,dpoabrisud@abrisud.fr,low,Fabien,Rivals,Fabien Rivals,mentions_legales,Beauvais,pisciniste,pisciniste,0,4.6,280,Société de construction de piscine,https://www.abrisud.com/,https://www.google.com/maps/place/Abrisud+Beauvais+-+Showroom+ouverture+sur+rendez-vous/data=!4m7!3m6!1s0x47e7ac2313c4e385:0x9bbab7626c43fa8b!8m2!3d49.4159071!4d2.258138!16s%2Fg%2F11ggbd1082!19sChIJhePEEyOs50cRi_pDbGK3ups?authuser=0&hl=fr&rclk=1,,,,
5a51d659-7975-4b47-bd88-01bfc2523217,EVERBLUE ARTS ET JARDINS,0383725207,info@everblue.com,high,,,,,Nancy,pisciniste,pisciniste,0,5.0,7,Société de construction de piscine,https://www.everblue.com/concessionnaires/everblue-laxou/,https://www.google.com/maps/place/EVERBLUE+ARTS+ET+JARDINS/data=!4m7!3m6!1s0x4794a3094f1820f7:0x1d76802ee398a436!8m2!3d48.6922675!4d6.1456748!16s%2Fg%2F11sr9m5jmc!19sChIJ9yAYTwmjlEcRNqSY4y6Adh0?authuser=0&hl=fr&rclk=1,,,,
eda8b73f-6561-459f-85e8-35cd2a8e4e39,Blue Piscine,0389243250,webmaster@agence-wilkom.fr,low,Christine Marie-Rose,Meyer,CHRISTINE MARIE-ROSE MEYER (GUTH),siret_insee,Colmar,pisciniste,pisciniste,1,4.7,56,Société de construction de piscine,http://www.bluepiscine.com/,https://www.google.com/maps/place/Blue+Piscine/data=!4m7!3m6!1s0x4791663fdbd6c983:0xc0167181f1a51b42!8m2!3d48.1034736!4d7.3652749!16s%2Fg%2F1tddr39d!19sChIJg8nW2z9mkUcRQhul8YFxFsA?authuser=0&hl=fr&rclk=1,47.78C,48046651500016,2005-01-15,02
33a3fc50-3f63-4972-91ec-01a68395e5a0,O Concept Piscines et Spa,0383380893,contact@oconcept-piscines.fr,high,Johana Myriam Geraldine,Hurel,JOHANA MYRIAM GERALDINE HUREL,siret_insee,Seichamps,pisciniste,pisciniste,0,4.9,53,Société de construction de piscine,https://www.oconcept-piscines.fr/,https://www.google.com/maps/place/O+Concept+Piscines+et+Spa/data=!4m7!3m6!1s0x47949da2104fb025:0xa7284656776bd43c!8m2!3d48.6192182!4d6.2792172!16s%2Fg%2F11shy2b1_k!19sChIJJbBPEKKdlEcRPNRrd1ZGKKc?authuser=0&hl=fr&rclk=1,73.11Z,89249742100024,2020-12-01,03
e8713c71-e11c-4562-98d6-01ae8cdbc4de,BALEARES PISCINE,0664265858,baleares.piscine@gmail.com,medium,Dominique Andre Yoann,Monaco,DOMINIQUE ANDRE YOANN MONACO,siret_insee,Remomeix,pisciniste,pisciniste,1,5.0,15,Société de construction de piscine,http://www.baleares-piscine.fr/,https://www.google.com/maps/place/BALEARES+PISCINE/data=!4m7!3m6!1s0x4796c7293c812731:0xba0a780d56272d50!8m2!3d48.24906!4d7.5372876!16s%2Fg%2F11t9tp_48n!19sChIJMSeBPCnHlkcRUC0nVg14Cro?authuser=0&hl=fr&rclk=1,70.21Z,81891603300025,2016-03-03,11
89a6ea3b-0128-43cf-8a68-ea6088ea896a,U4PPP,0388012400,contact-ppp@piscines-ppp.com,high,Jean,Leonard,Jean Leonard,mentions_legales,Saint-Louis (974),pisciniste,pisciniste,0,4.7,20,Société de construction de piscine,http://www.piscines-ppp.com/,https://www.google.com/maps/place/U4PPP/data=!4m7!3m6!1s0x47943d22582817fd:0xc284e0c33fd3a07a!8m2!3d48.8531792!4d7.1686516!16s%2Fg%2F11b6d5k8dm!19sChIJ_RcoWCI9lEcReqDTP8PghMI?authuser=0&hl=fr&rclk=1,,,,
2488eec4-8853-47bf-a22e-423e06add776,Piscines Desjoyaux Metz,0387569584,servicecom@desjoyaux.fr,high,,,,,Metz,pisciniste,pisciniste,0,4.5,227,Société de construction de piscine,https://www.desjoyaux.fr/boutiques-desjoyaux/57155--marly/,https://www.google.com/maps/place/Piscines+Desjoyaux+Metz/data=!4m7!3m6!1s0x4794db7c12035755:0xec3e8b5f72592e21!8m2!3d49.0761703!4d6.1474773!16s%2Fg%2F1tl0w88p!19sChIJVVcDEnzblEcRIS5Zcl-LPuw?authuser=0&hl=fr&rclk=1,,,,
9ec1e9d8-b2fb-4537-8745-d24d888033bf,Entreprise Maire,0383728733,laurent.maire@wanadoo.fr,medium,Christine,Maire,CHRISTINE MAIRE (BOUTON),siret_insee,Bayon,pisciniste,pisciniste,0,4.9,11,Société de construction de piscine,https://piscines-maire.fr/,https://www.google.com/maps/place/Entreprise+Maire/data=!4m7!3m6!1s0x47937caf4e0e88e7:0x6dc7b2dd29e75268!8m2!3d48.4710993!4d6.320937!16s%2Fg%2F1vyk1fgt!19sChIJ54gOTq98k0cRaFLnKd2yx20?authuser=0&hl=fr&rclk=1,43.99C,44539089100023,2003-03-01,03
d07536cf-6a5d-4e12-9017-46ceda7c587d,Aquapro Services,0380790519,aquaproservices@aps21.fr,low,,,,,Dijon,pisciniste,pisciniste,0,4.7,62,Société de construction de piscine,http://www.aps21.net/?utm_medium=referral&utm_source=gmb&utm_campaign=lnk-gmb,https://www.google.com/maps/place/Aquapro+Services/data=!4m7!3m6!1s0x47ed626e8ee9722d:0xfeeaad5d4e28475d!8m2!3d47.3511932!4d5.0312196!16s%2Fg%2F11btmqz4mk!19sChIJLXLpjm5i7UcRXUcoTl2t6v4?authuser=0&hl=fr&rclk=1,,,,
119a2b10-1f90-452c-bb38-8abe3f740927,HESTIA PISCINE,0325779491,contact@hestiapiscine-wb.fr,low,Aline Yvette Marie,Cherronnet,ALINE YVETTE MARIE CHERRONNET (RAVAUX),siret_insee,Ruvigny,pisciniste,pisciniste,1,5.0,19,Société de construction de piscine,https://www.hestia-piscine.com/,https://www.google.com/maps/place/HESTIA+PISCINE/data=!4m7!3m6!1s0x47ee99f017a250a5:0x3a1de01289b9ca19!8m2!3d48.2714906!4d4.180721!16s%2Fg%2F11y4y2r6lf!19sChIJpVCiF_CZ7kcRGcq5iRLgHTo?authuser=0&hl=fr&rclk=1,47.52A,98536674900010,2024-03-06,NN
93ce3a04-62c8-49c2-b62f-48a96515e8aa,Rêvons Piscines / Coque Polyester / Troyes - Aube,0351626160,contact@revonspiscines.fr,high,,,,,Troyes,pisciniste,pisciniste,1,4.8,24,Société de construction de piscine,https://www.revonspiscines.fr/,https://www.google.com/maps/place/R%C3%AAvons+Piscines+%2F+Coque+Polyester+%2F+Troyes+-+Aube/data=!4m7!3m6!1s0x47ec1b624b4ceb71:0xe96bd2b167ca3817!8m2!3d48.452646!4d4.3757509!16s%2Fg%2F11fs0p7jf_!19sChIJcetMS2Ib7EcRFzjKZ7HSa-k?authuser=0&hl=fr&rclk=1,,,,
d13152d5-272e-4ced-9523-4989888e91af,TACeauTAC Piscines,0631125661,clement@taceautac.fr,high,,,,,Blois,pisciniste,pisciniste,0,5.0,3,Société de construction de piscine,http://taceautac.fr/,https://www.google.com/maps/place/TACeauTAC+Piscines/data=!4m7!3m6!1s0x47e359d8d17d95c7:0x7519d7fc2979e43!8m2!3d47.5174362!4d1.3150103!16s%2Fg%2F11fd4bj27g!19sChIJx5V90dhZ40cRQ56Xwn-dUQc?authuser=0&hl=fr&rclk=1,,,,
39dee8f7-7de2-4578-8462-e35e4a547178,Histoire d'Ô 45 - Piscines Magiline Orléans,0699759255,privacy@magiline.fr,low,Laurent,Allard,LAURENT ALLARD (ALLARD),siret_insee,Roubaix,pisciniste,pisciniste,0,5.0,6,Société de construction de piscine,https://www.piscines-magiline.fr/pisciniste-magasin-piscines/fr-centre-val-de-loire-distributeur-piscines-magiline/,https://www.google.com/maps/place/Histoire+d%27%C3%94+45+-+Piscines+Magiline+Orl%C3%A9ans/data=!4m7!3m6!1s0x47e515565912e1ad:0xb655eff779ffd7a0!8m2!3d47.814664!4d2.360939!16s%2Fg%2F11lthwwtpj!19sChIJreESWVYV5UcRoNf_effvVbY?authuser=0&hl=fr&rclk=1,63.11Z,42476141900045,1999-10-15,42
458e307f-e832-4dfe-af41-59425862d593,Piscine EG 41,0254325695,contact@piscineeg41.fr,high,,,,,Saint-Denis (93),pisciniste,pisciniste,1,4.5,30,Société de construction de piscine,http://www.piscineeg41.fr/magasin.html,https://www.google.com/maps/place/Piscine+EG+41/data=!4m7!3m6!1s0x47fcae5ec5f49edf:0x3e41015a175368af!8m2!3d47.3289956!4d1.1407475!16s%2Fg%2F1ttp9ntd!19sChIJ3570xV6u_EcRr2hTF1oBQT4?authuser=0&hl=fr&rclk=1,,,,
92105e9c-2e47-4ac6-89fb-6960f4ff5b0e,Piscine 37,0247434015,piscine37@orange.fr,medium,,,,,Joué-lès-Tours,pisciniste,pisciniste,1,4.5,31,Société de construction de piscine,https://www.piscine37.fr/?utm_source=gmb,https://www.google.com/maps/place/Piscine+37/data=!4m7!3m6!1s0x47fcd17c65631c9b:0xef6446dec259bf0b!8m2!3d47.2843195!4d0.8181638!16s%2Fg%2F1tfz9k76!19sChIJmxxjZXzR_EcRC79Zwt5GZO8?authuser=0&hl=fr&rclk=1,,,,
771002ff-2ec0-47bf-aef1-b2b37f98f6b9,Piscines 28 Degrés,0388741368,piscines28degres@gmail.com,medium,,,,,Strasbourg,pisciniste,pisciniste,0,4.7,54,Société de construction de piscine,http://www.piscines-28degres.com/index.php?id_lang=1,https://www.google.com/maps/place/Piscines+28+Degr%C3%A9s/data=!4m7!3m6!1s0x4791490113a88c9d:0x98c61eebc9f82b12!8m2!3d48.3681068!4d7.5824437!16s%2Fg%2F11hz197w0g!19sChIJnYyoEwFJkUcREiv4yesexpg?authuser=0&hl=fr&rclk=1,,,,
b8e0fdd8-ca8a-4c4d-9ca8-2e890cdc5cc7,PISCINES CARRÉ BLEU - DUMONT,0325403354,info@piscinesdumont.fr,high,,Brie,BRIE,mentions_legales,Troyes,pisciniste,pisciniste,1,4.8,37,Société de construction de piscine,http://piscinesdumont.fr/,https://www.google.com/maps/place/PISCINES+CARR%C3%89+BLEU+-+DUMONT/data=!4m7!3m6!1s0x47ee906c5674ff8f:0x689104a68aae8d42!8m2!3d48.1945126!4d4.0027586!16s%2Fg%2F1tfbxstc!19sChIJj_90VmyQ7kcRQo2uiqYEkWg?authuser=0&hl=fr&rclk=1,,,,
eab212c4-589d-4384-aedd-23398d1cc638,Reflet Piscine,0325719830,contact@reflet-piscine.fr,high,Julien,Corroy,Julien Corroy,mentions_legales,Troyes,pisciniste,pisciniste,1,4.5,32,Société de construction de piscine,http://www.reflet-piscine.fr/,https://www.google.com/maps/place/Reflet+Piscine/data=!4m7!3m6!1s0x47eebcec114a6135:0x8ce87ba9622d1bdc!8m2!3d48.3829956!4d4.0094018!16s%2Fg%2F11b6d41944!19sChIJNWFKEey87kcR3BstYql76Iw?authuser=0&hl=fr&rclk=1,,,,
5153a49a-b117-464c-934e-8400ffadf46d,Haliades - Piscines et spas inox - Paris - Ile-de-France,0688854715,contact@haliades.fr,high,Maxime,D Ersu,MAXIME D ERSU (D ERSU),siret_insee,Craponne,pisciniste,pisciniste,2,5.0,3,Société de construction de piscine,http://haliades.fr/,https://www.google.com/maps/place/Haliades+-+Piscines+et+spas+inox+-+Paris+-+Ile-de-France/data=!4m7!3m6!1s0x47e66342d653f7e7:0xbff6c0c4e5200868!8m2!3d48.7769056!4d1.7547066!16s%2Fg%2F11rd9gk2qd!19sChIJ5_dT1kJj5kcRaAgg5cTA9r8?authuser=0&hl=fr&rclk=1,43.99D,88142821300014,2020-01-29,NN
3b20b117-6861-4a01-86e3-af3f1b5e4989,Yvelines piscines services,0612156656,info@leaubienetre.com,high,,,,,Mantes-la-Jolie,pisciniste,pisciniste,1,5.0,8,Société de construction de piscine,https://www.leaubienetre.com/,https://www.google.com/maps/place/Yvelines+piscines+services/data=!4m7!3m6!1s0x47e6bc24040ad1ff:0x18d4a5631f9b19cd!8m2!3d48.9429469!4d1.685979!16s%2Fg%2F11sv05020l!19sChIJ_9EKBCS85kcRzRmbH2Ol1Bg?authuser=0&hl=fr&rclk=1,,,,
f2ca8498-b0cc-42c4-881c-c52ab5b1f3df,Jardins Proust - PISCINES & EXTERIEURS,0648101891,jardinproust@gmail.com,medium,,,,,Saint-Denis (93),pisciniste,pisciniste,1,5.0,3,Société de construction de piscine,http://www.jardinsproust.fr/,https://www.google.com/maps/place/Jardins+Proust+-+PISCINES+%26+EXTERIEURS/data=!4m7!3m6!1s0x62967432204bc0f5:0x42de138e63d40fd2!8m2!3d47.4221721!4d0.9583689!16s%2Fg%2F11wgcz5__0!19sChIJ9cBLIDJ0lmIR0g_UY44T3kI?authuser=0&hl=fr&rclk=1,,,,
d57bbda5-9442-4394-b71e-5f5f18d3e8c6,Piscines Desjoyaux,0254901090,servicecom@desjoyaux.fr,high,,,,,Blois,pisciniste,pisciniste,0,4.7,64,Société de construction de piscine,https://www.desjoyaux.fr/boutiques-desjoyaux/41000-blois/,https://www.google.com/maps/place/Piscines+Desjoyaux/data=!4m7!3m6!1s0x47e35802cfca2f25:0x162b3d508317f44a!8m2!3d47.6004472!4d1.3182697!16s%2Fg%2F11c325r8xd!19sChIJJS_KzwJY40cRSvQXg1A9KxY?authuser=0&hl=fr&rclk=1,,,,
28d829c0-dff2-48ac-817e-bf2f8f0f012d,DECLERCQ PISCINES & SPAS,0255990041,dbao@outlook.fr,medium,Gregoire Joseph Michel Aime,Declercq,GREGOIRE JOSEPH MICHEL AIME DECLERCQ,siret_insee,Conches-En-Ouche,pisciniste,pisciniste,0,5.0,12,Société de construction de piscine,https://www.declercq-piscines.fr/,https://www.google.com/maps/place/DECLERCQ+PISCINES+%26+SPAS/data=!4m7!3m6!1s0x47e4e3c05af6a8ed:0xab7f0db26ee02d9d!8m2!3d47.8730463!4d1.9410298!16s%2Fg%2F11y8hwbm9s!19sChIJ7aj2WsDj5EcRnS3gbrINf6s?authuser=0&hl=fr&rclk=1,43.99D,32376461300044,1982-02-01,12
1f594260-0bbc-40d6-8a8e-c8df1ac49664,GNConcept,0614282245,contact@gnconcept.fr,high,Est Nicolas,M. Grossi,est M. Nicolas GROSSI,mentions_legales,Tours,pisciniste,pisciniste,0,5.0,31,Société de construction de piscine,https://gnconcept.fr/,https://www.google.com/maps/place/GNConcept/data=!4m7!3m6!1s0x47e2d75ef8993bf5:0x6cc3b4176fba26e9!8m2!3d47.5482934!4d0.5568716!16s%2Fg%2F11s_z22t45!19sChIJ9TuZ-F7X4kcR6Sa6bxe0w2w?authuser=0&hl=fr&rclk=1,,,,
0b4c0f78-9519-4f85-a4aa-b458287f6e4f,O BULLES SERVICES,0629425453,obullesservices@sfr.fr,medium,,,,,Clamart,pisciniste,pisciniste,0,5.0,5,Société de construction de piscine,http://obullesservices.fr/,https://www.google.com/maps/place/O+BULLES+SERVICES/data=!4m7!3m6!1s0x47e677f8bbb8938f:0x53ca40a0bb45d116!8m2!3d48.7110894!4d2.2661584!16s%2Fg%2F11fmvbgc9k!19sChIJj5O4u_h35kcRFtFFu6BAylM?authuser=0&hl=fr&rclk=1,,,,
feca0207-bddd-4e64-9537-f7ac6d897123,Aquaservices Piscines,0130990010,aquaservicespiscine@gmail.com,medium,,,,,Mantes-la-Jolie,pisciniste,pisciniste,1,4.7,20,Service de nettoyage de piscines,http://aquaservicespiscines.com/,https://www.google.com/maps/place/Aquaservices+Piscines/data=!4m7!3m6!1s0x47e68a31445ca7f1:0x5bbbcecf760b71db!8m2!3d48.9076061!4d1.8524811!16s%2Fg%2F11gy1fnwfp!19sChIJ8adcRDGK5kcR23ELds_Ou1s?authuser=0&hl=fr&rclk=1,,,,
13c5e67d-052b-48be-bb9e-ff33d21421da,Arbo Concept - Piscines Magiline Blois,0254443871,contact@arbo-concept.com,high,Benjamin Patrick Bob,Heim,BENJAMIN PATRICK BOB HEIM,siret_insee,Saint-Gervais-La-Foret,pisciniste,pisciniste,0,4.8,194,Magasin de matériel pour piscines,http://arbo-concept.com/,https://www.google.com/maps/place/Arbo+Concept+-+Piscines+Magiline+Blois/data=!4m7!3m6!1s0x47e4a8f87c7cd24d:0x98a8cad25bf57453!8m2!3d47.5667878!4d1.3706108!16s%2Fg%2F12vt74g0m!19sChIJTdJ8fPio5EcRU3T1W9LKqJg?authuser=0&hl=fr&rclk=1,81.30Z,50449355200013,2008-05-05,12
29f63c4f-63ac-45ae-824e-751fae1f8ed9,Piscine et paysage Normandie,0768984260,contact@piscineetpaysagenormandie.fr,high,Vincent Michel Bernard,Amedee,VINCENT MICHEL BERNARD AMEDEE,siret_insee,Bosc-Bordel,pisciniste,pisciniste,0,4.5,16,Société de construction de piscine,https://www.piscineetpaysagenormandie.fr/,https://www.google.com/maps/place/Piscine+et+paysage+Normandie/data=!4m7!3m6!1s0x47e733005054e3d7:0xdff1e1a41c8cb33e!8m2!3d49.5991043!4d1.4254934!16s%2Fg%2F11mvsjv48y!19sChIJ1-NUUAAz50cRPrOMHKTh8d8?authuser=0&hl=fr&rclk=1,43.99D,88259172000017,2020-03-03,01
c1a1822d-9406-43c2-b255-aeb91ec68718,DECLERCQ PISCINES & SPAS,0232360400,dbao@outlook.fr,medium,Gregoire Joseph Michel Aime,Declercq,GREGOIRE JOSEPH MICHEL AIME DECLERCQ,siret_insee,Conches-En-Ouche,pisciniste,pisciniste,1,4.5,99,Société de construction de piscine,https://www.declercq-piscines.fr/,https://www.google.com/maps/place/DECLERCQ+PISCINES+%26+SPAS/data=!4m7!3m6!1s0x47e14ab8f34de17d:0xe453667cb56852bf!8m2!3d49.008995!4d1.4109368!16s%2Fg%2F1hc2crfsv!19sChIJfeFN87hK4UcRv1JotXxmU-Q?authuser=0&hl=fr&rclk=1,43.99D,32376461300044,1982-02-01,12
79bc8864-aec2-433d-9f42-f07a23263582,Prestige Piscines,0321302260,contact@prestigepiscines.fr,high,Pascal Lucien Jules,Evrard,PASCAL LUCIEN JULES EVRARD,siret_insee,Wimereux,pisciniste,pisciniste,1,4.6,11,Société de construction de piscine,https://prestigepiscines.fr/,https://www.google.com/maps/place/Prestige+Piscines/data=!4m7!3m6!1s0x47dc2d08b0873135:0x8893c5c1bea9b222!8m2!3d50.6823047!4d1.6356386!16s%2Fg%2F11y1rmbbpp!19sChIJNTGHsAgt3EcRIrKpvsHFk4g?authuser=0&hl=fr&rclk=1,62.01Z,51469569100014,2009-09-08,NN
6309b8ab-9228-4f19-89b0-6d6edd948a62,Piscines Ibiza Lille Avelin,0320162255,contact@piscines-ibiza.fr,low,,,,,Lille,pisciniste,pisciniste,0,4.5,58,Société de construction de piscine,https://www.piscines-ibiza.com/distributeur/pisciniste-avelin/,https://www.google.com/maps/place/Piscines+Ibiza+Lille+Avelin/data=!4m7!3m6!1s0x47c2d366f3452707:0x512e2a8f23ef88df!8m2!3d50.5395331!4d3.0765612!16s%2Fg%2F11q24hp7by!19sChIJBydF82bTwkcR34jvI48qLlE?authuser=0&hl=fr&rclk=1,,,,
63c4b816-ad1c-47b5-8e4f-25832e3d01e4,Piscine et Jardin LE TOUQUET,0321061010,contact@piscineetjardin.com,high,Gautier Jacques Gustave,Landru,GAUTIER JACQUES GUSTAVE LANDRU,siret_insee,Duisans,pisciniste,pisciniste,0,4.5,37,Société de construction de piscine,https://www.piscineetjardin.com/,https://www.google.com/maps/place/Piscine+et+Jardin+LE+TOUQUET/data=!4m7!3m6!1s0x47ddd0bf2ff62359:0x421a75bdda52fd84!8m2!3d50.5215907!4d1.5838801!16s%2Fg%2F12lk9q9f_!19sChIJWSP2L7_Q3UcRhP1S2r11GkI?authuser=0&hl=fr&rclk=1,70.10Z,50143644800010,2007-12-10,03
d307ac00-4a21-4ee5-ad94-66df57b19049,DECLERCQ PISCINES & SPAS,0232349919,dbao@outlook.fr,medium,Gregoire Joseph Michel Aime,Declercq,GREGOIRE JOSEPH MICHEL AIME DECLERCQ,siret_insee,Conches-En-Ouche,pisciniste,pisciniste,1,4.6,78,Société de construction de piscine,https://www.declercq-piscines.fr/,https://www.google.com/maps/place/DECLERCQ+PISCINES+%26+SPAS/data=!4m7!3m6!1s0x47e16ea95798d369:0x118e753f16885842!8m2!3d48.952726!4d0.947259!16s%2Fg%2F1tgnqyx8!19sChIJadOYV6lu4UcRQliIFj91jhE?authuser=0&hl=fr&rclk=1,43.99D,32376461300044,1982-02-01,12
933589dd-7c24-4d25-aee7-70cd2ae65629,Piscines Desjoyaux,0164499373,servicecom@desjoyaux.fr,high,,,,,Évry-Courcouronnes,pisciniste,pisciniste,1,4.4,184,Société de construction de piscine,https://www.desjoyaux.fr/boutiques-desjoyaux/91180-st-germain-les-arpajon/,https://www.google.com/maps/place/Piscines+Desjoyaux/data=!4m7!3m6!1s0x47e5d9cd9253070d:0x9970865f3c5f5dfe!8m2!3d48.6005995!4d2.24616!16s%2Fg%2F1v1skj7d!19sChIJDQdTks3Z5UcR_l1fPF-GcJk?authuser=0&hl=fr&rclk=1,,,,
27a12f2d-bb61-4e8a-a013-f4c7c751533d,Nord Piscine et SPA,0320537646,contact@piscine-nord.fr,high,,,,,Roubaix,pisciniste,pisciniste,0,4.7,134,Société de construction de piscine,https://piscine-nord.fr/,https://www.google.com/maps/place/Nord+Piscine+et+SPA/data=!4m7!3m6!1s0x47c329f55b7f81fb:0x20a336f3dd57f17e!8m2!3d50.6647736!4d3.1716984!16s%2Fg%2F11b6xhgb_j!19sChIJ-4F_W_Upw0cRfvFX3fM2oyA?authuser=0&hl=fr&rclk=1,,,,
d8f81379-32d5-415b-ba7b-8af85d0f7ce1,Piscine et Jardin LILLE,0320050515,contact@piscineetjardin.com,high,Gautier Jacques Gustave,Landru,GAUTIER JACQUES GUSTAVE LANDRU,siret_insee,Duisans,pisciniste,pisciniste,0,4.7,104,Société de construction de piscine,https://www.piscineetjardin.com/,https://www.google.com/maps/place/Piscine+et+Jardin+LILLE/data=!4m7!3m6!1s0x47c329e063625e27:0xd2d8040c208fe8b4!8m2!3d50.6401375!4d3.1231169!16s%2Fg%2F1td5w9m_!19sChIJJ15iY-Apw0cRtOiPIAwE2NI?authuser=0&hl=fr&rclk=1,70.10Z,50143644800010,2007-12-10,03
c9d36ad9-9a4c-4d7d-84e2-d04e330edd82,La Boite à Piscines et Spas (SHOWROOM PISCINE CONTAINER),0276570132,contact@laboiteapiscinesetspas.com,high,,,,,Évreux,pisciniste,pisciniste,1,5.0,31,Société de construction de piscine,http://www.laboiteapiscinesetspas.com/,https://www.google.com/maps/place/La+Boite+%C3%A0+Piscines+et+Spas+%28SHOWROOM+PISCINE+CONTAINER%29/data=!4m7!3m6!1s0x47e14fb1075dca03:0xf97bf17d7fb1836c!8m2!3d48.8933787!4d1.2721832!16s%2Fg%2F11lcdkhs0x!19sChIJA8pdB7FP4UcRbIOxf33xe_k?authuser=0&hl=fr&rclk=1,,,,
a17c3b4b-f594-449b-9805-402e77d7f72f,Piscines Desjoyaux - Amiens,0352561737,servicecom@desjoyaux.fr,high,,,,,Amiens,pisciniste,pisciniste,0,5.0,13,Société de construction de piscine,https://www.desjoyaux.fr/,https://www.google.com/maps/place/Piscines+Desjoyaux+-+Amiens/data=!4m7!3m6!1s0x47e78517f067aad1:0xc2cb38cd8003d952!8m2!3d49.8751259!4d2.2835816!16s%2Fg%2F11yf4fkk7y!19sChIJ0apn8BeF50cRUtkDgM04y8I?authuser=0&hl=fr&rclk=1,,,,
b2c4bb07-b03f-475e-8d0e-c9af23c55848,Piscine et Création Nieppe,0320924040,contact@piscine-et-creation.fr,high,,,,,Lille,pisciniste,pisciniste,0,4.4,151,Société de construction de piscine,http://www.piscine-et-creation.fr/,https://www.google.com/maps/place/Piscine+et+Cr%C3%A9ation+Nieppe/data=!4m7!3m6!1s0x47dcd79ff8136521:0x38c5b2c35ed82e78!8m2!3d50.6857774!4d2.8383675!16s%2Fg%2F11clvx2877!19sChIJIWUT-J_X3EcReC7YXsOyxTg?authuser=0&hl=fr&rclk=1,,,,
abe87c93-3b0b-4909-a0f1-a18c940a8b86,L'Atelier des Paysages et des Jardins - Magiline 92-95,0613500788,fdeassuncao@ladpj.com,low,Frederique,De Assuncao,FREDERIQUE DE ASSUNCAO (DE ASSUNCAO),siret_insee,Argenteuil,pisciniste,pisciniste,2,4.6,11,Société de construction de piscine,https://www.latelier-paysages-jardins.com/,https://www.google.com/maps/place/L%27Atelier+des+Paysages+et+des+Jardins+-+Magiline+92-95/data=!4m7!3m6!1s0x47e666a2c7a97b0f:0xdd942cd0f0c94710!8m2!3d48.9512342!4d2.2138897!16s%2Fg%2F1tgdh8v_!19sChIJD3upx6Jm5kcREEfJ8NAslN0?authuser=0&hl=fr&rclk=1,81.30Z,40335694200025,1996-01-02,11
92e4f390-89fb-4a82-8b7c-205f75027e32,Travaux Publics Brayons - Piscines Magiline Rouen TPB,0235931856,privacy@magiline.fr,low,Laurent,Allard,LAURENT ALLARD (ALLARD),siret_insee,Roubaix,pisciniste,pisciniste,0,4.5,6,Société de construction de piscine,https://www.piscines-magiline.fr/pisciniste-magasin-piscines/fr-normandie-seine-maritime-distributeur-piscines-magiline-neufchatel-en-bray/,https://www.google.com/maps/place/Travaux+Publics+Brayons+-+Piscines+Magiline+Rouen+TPB/data=!4m7!3m6!1s0x47e0e0f6dd5103af:0xb4892af80dfd059e!8m2!3d49.689623!4d1.3673447!16s%2Fg%2F1tdg2hs5!19sChIJrwNR3fbg4EcRngX9DfgqibQ?authuser=0&hl=fr&rclk=1,63.11Z,42476141900045,1999-10-15,42
c892c24c-57a1-4651-bf53-bdcf27b50f56,Azenco Lille,0561908777,contact@azenco.fr,high,Azenco,Zone D,Azenco Zone d,mentions_legales,Lille,pisciniste,pisciniste,0,4.9,15,Magasin de matériel pour piscines,https://azenco.fr/,https://www.google.com/maps/place/Azenco+Lille/data=!4m7!3m6!1s0x47dd2bbc721f3377:0xdefac3578d8bcd13!8m2!3d50.5837374!4d2.9010546!16s%2Fg%2F11tc8xvqn8!19sChIJdzMfcrwr3UcRE82LjVfD-t4?authuser=0&hl=fr&rclk=1,,,,
d5afa0d2-7053-4578-8e54-4dcc78797379,Société Travaux Courtois STC,0328621333,stc@travaux-courtois.fr,high,Bertrand Jean Marceau,Vanryssel,BERTRAND JEAN MARCEAU VANRYSSEL,siret_insee,Pitgam,pisciniste,pisciniste,0,4.5,35,Société de construction de piscine,http://www.travaux-courtois.fr/,https://www.google.com/maps/place/Soci%C3%A9t%C3%A9+Travaux+Courtois+STC/data=!4m7!3m6!1s0x47dcf45ce511d275:0x481fdc0c83322850!8m2!3d50.939246!4d2.3274031!16s%2Fg%2F1tgdh7ww!19sChIJddIR5Vz03EcRUCgygwzcH0g?authuser=0&hl=fr&rclk=1,81.30Z,34487737800010,1988-04-05,11
cd1e3e84-0d64-4430-bea6-0f815f0636b8,Piscine & Spas - Lille Avelin,0359289705,contact@piscineetspas.fr,high,Chargé,De Communication De Piscine,Chargé de communication de Piscine,mentions_legales,Lille,pisciniste,pisciniste,0,4.8,75,Société de construction de piscine,https://www.piscineetspas.fr/,https://www.google.com/maps/place/Piscine+%26+Spas+-+Lille+Avelin/data=!4m7!3m6!1s0x47c2d150e692937d:0x27879b58adbe6486!8m2!3d50.5433789!4d3.0846581!16s%2Fg%2F11x7mfyc1c!19sChIJfZOS5lDRwkcRhmS-rVibhyc?authuser=0&hl=fr&rclk=1,,,,
610a88a3-00a5-451d-9882-b02c5a6b6435,"Piscines Desjoyaux I Lille, Flandres & Littoral",0328404448,servicecom@desjoyaux.fr,high,,,,,Lille,pisciniste,pisciniste,0,4.6,30,Société de construction de piscine,https://www.desjoyaux.fr/boutiques-desjoyaux/59270--bailleul/,"https://www.google.com/maps/place/Piscines+Desjoyaux+I+Lille,+Flandres+%26+Littoral/data=!4m7!3m6!1s0x47dcdb722ca5f4b7:0x3e8fc31ea8f6830d!8m2!3d50.7502507!4d2.7453508!16s%2Fg%2F11l37hwmzx!19sChIJt_SlLHLb3EcRDYP2qB7Djz4?authuser=0&hl=fr&rclk=1",,,,
cc503b49-403c-4e2f-8bf7-9e113761b658,MAGILINE EVREUX,0232242811,privacy@magiline.fr,low,,,,,Évreux,pisciniste,pisciniste,1,4.6,45,Société de construction de piscine,https://www.piscines-magiline.fr/pisciniste-magasin-piscines/fr-normandie-eure-distributeur-piscines-magiline-ste-colombe-la-commanderie/?utm_source=Google&utm_medium=MyBusiness,https://www.google.com/maps/place/MAGILINE+EVREUX/data=!4m7!3m6!1s0x47e113e9fd13f715:0xa3058ec33c27487e!8m2!3d49.101004!4d0.944708!16s%2Fg%2F11b5pm377k!19sChIJFfcT_ekT4UcRfkgnPMOOBaM?authuser=0&hl=fr&rclk=1,,,,
bc126d6c-044f-4a22-8469-8072f5cd6574,DesignPool,0130513417,boutique@designpool.fr,high,,,,,Versailles,pisciniste,pisciniste,2,4.6,20,Piscine,http://www.designpool.fr/,https://www.google.com/maps/place/DesignPool/data=!4m7!3m6!1s0x47e69dd47ad9224f:0x7a8be060714eca3!8m2!3d48.7431338!4d1.919007!16s%2Fg%2F11jrclhdhp!19sChIJTyLZetSd5kcRo-wUBwa-qAc?authuser=0&hl=fr&rclk=1,,,,
44797ded-a331-4fb7-9559-55dd536f152e,Terres Ouest Aménagements,0631935170,accueil@t-o-a.com,low,Jean-Michel,Greco,JEAN-MICHEL GRECO,siret_insee,Varaville,pisciniste,pisciniste,0,4.9,14,Société de construction de piscine,https://terresouestamenagements.fr/,https://www.google.com/maps/place/Terres+Ouest+Am%C3%A9nagements/data=!4m7!3m6!1s0xa0cc1166a92ef819:0x186e9f74cefcbbe5!8m2!3d49.2866087!4d-0.1069935!16s%2Fg%2F11ldxx1033!19sChIJGfguqWYRzKAR5bv8znSfbhg?authuser=0&hl=fr&rclk=1,43.12A,91164145400010,2022-03-21,NN
9c47039d-80bc-473a-ab8d-7bf58faf2ccb,Armor Eau,0296520216,armor.eau@wanadoo.fr,medium,,,,,Saint-Brieuc,pisciniste,pisciniste,0,4.6,48,Société de construction de piscine,http://www.armor-eau.fr/,https://www.google.com/maps/place/Armor+Eau/data=!4m7!3m6!1s0x480e1cfb111ab1c7:0xc3075a708805373f!8m2!3d48.4899264!4d-2.7244409!16s%2Fg%2F1td7sl6k!19sChIJx7EaEfscDkgRPzcFiHBaB8M?authuser=0&hl=fr&rclk=1,,,,
d0c3de88-234b-46d8-8f8a-3e957817db80,Plaisirs d'Eau / Piscines & Spa,0321420707,contact@md-concept.fr,low,Plaisirs,D,Plaisirs d,mentions_legales,Lille,pisciniste,pisciniste,0,4.7,53,Société de construction de piscine,http://www.plaisirs-deau.fr/,https://www.google.com/maps/place/Plaisirs+d%27Eau+%2F+Piscines+%26+Spa/data=!4m7!3m6!1s0x47dd31144ae8e609:0x95c1bfb004b79e7b!8m2!3d50.4294769!4d2.863729!16s%2Fg%2F11gmwksjvy!19sChIJCeboShQx3UcRe563BLC_wZU?authuser=0&hl=fr&rclk=1,,,,
c31387dc-6320-46d2-821a-4bd7d2284491,SDC Piscines,0233213794,sdc.piscine@gmail.com,medium,Cecile Juliette Louise,Spassevitch,CECILE JULIETTE LOUISE SPASSEVITCH (NEE),siret_insee,Rauville-La-Bigot,pisciniste,pisciniste,0,4.9,11,Société de construction de piscine,http://www.piscine-manche.com/,https://www.google.com/maps/place/SDC+Piscines/data=!4m7!3m6!1s0x480c902dda1ae575:0xf21168cbe76d6e98!8m2!3d49.5257819!4d-1.6449266!16s%2Fg%2F1tfj_7n7!19sChIJdeUa2i2QDEgRmG5t58toEfI?authuser=0&hl=fr&rclk=1,35.11Z,43788836500016,2001-05-01,NN
590722ae-d97d-40a4-83e6-e6075db3ce68,Aquablue,0261100356,contact@aquablue-sas.fr,high,,,,,Caen,pisciniste,pisciniste,0,4.5,6,Société de construction de piscine,http://www.aquablue-sas.fr/,https://www.google.com/maps/place/Aquablue/data=!4m7!3m6!1s0x480a4f3126b971a9:0x8fe7578ecadd8564!8m2!3d49.1368933!4d-0.331974!16s%2Fg%2F11h2dl21gc!19sChIJqXG5JjFPCkgRZIXdyo5X548?authuser=0&hl=fr&rclk=1,,,,
71d03801-3e33-4b9e-832b-28f512374e1c,JCHTP,0686874686,compliance@hostinger.com,low,Sebastien,Hache,SEBASTIEN HACHE,siret_insee,Le Havre,pisciniste,pisciniste,0,5.0,10,Société de construction de piscine,http://www.jchtp.fr/,https://www.google.com/maps/place/JCHTP/data=!4m7!3m6!1s0x47e03723d030843f:0x85952ef8842b29cf!8m2!3d49.518816!4d0.323624!16s%2Fg%2F11y33b5501!19sChIJP4Qw0CM34EcRzykrhPgulYU?authuser=0&hl=fr&rclk=1,77.39Z,80140535800020,2014-03-20,12
cffeb07f-b0be-4464-8420-43c17712c328,Piscines & Spa 35 | Esprit Piscine | Hotspring,0299148315,piscines35@wanadoo.fr,medium,,,,mentions_legales,Rennes,pisciniste,pisciniste,1,4.9,266,Société de construction de piscine,https://www.piscinesetspa35.fr/,https://www.google.com/maps/place/Piscines+%26+Spa+35+%7C+Esprit+Piscine+%7C+Hotspring/data=!4m7!3m6!1s0x480ee7b76a2e4de3:0x73bdadfe2b97575e!8m2!3d48.2027947!4d-1.735402!16s%2Fg%2F11g6qj06ly!19sChIJ400uarfnDkgRXleXK_6tvXM?authuser=0&hl=fr&rclk=1,,50156908100026,,
424a88a4-4434-46fc-a65f-7f41addfae54,Legrix Piscine,0620730145,legrixpiscine@gmail.com,medium,,,,,Mantes-la-Jolie,pisciniste,pisciniste,1,5.0,6,Société de construction de piscine,https://legrix-piscine.fr/,https://www.google.com/maps/place/Legrix+Piscine/data=!4m7!3m6!1s0x47e6cb6890681269:0x3f36f74be253842b!8m2!3d49.0489198!4d1.4730973!16s%2Fg%2F11yybt5cz1!19sChIJaRJokGjL5kcRK4RT4kv3Nj8?authuser=0&hl=fr&rclk=1,,,,
777c5247-a16b-4727-943c-385497d03c35,Ouest Piscine Concept - PISCINES HydroSud Rennes,0299606162,contact@ouestpiscine.com,high,Magali,Toutain,Magali TOUTAIN,mentions_legales,Rennes,pisciniste,pisciniste,1,4.5,96,Société de construction de piscine,https://www.ouestpiscine.com/,https://www.google.com/maps/place/Ouest+Piscine+Concept+-+PISCINES+HydroSud+Rennes/data=!4m7!3m6!1s0x480ee092050f40eb:0xa8d89c0d6b0db40d!8m2!3d48.1370626!4d-1.7702591!16s%2Fg%2F1tm11_nb!19sChIJ60APBZLgDkgRDbQNaw2c2Kg?authuser=0&hl=fr&rclk=1,,,,
38fa689d-6342-460a-b237-b15e054d0a34,RENNES PISCINES,0651814049,contact@refpro.fr,low,Lavaleur,Francois,Lavaleur Francois,mentions_legales,Rennes,pisciniste,pisciniste,1,5.0,25,Société de construction de piscine,http://www.rennespiscines.fr/,https://www.google.com/maps/place/RENNES+PISCINES/data=!4m7!3m6!1s0x480ee194f0273909:0x1278c53e8870993d!8m2!3d48.1506773!4d-1.7181905!16s%2Fg%2F11rnnv42bf!19sChIJCTkn8JThDkgRPZlwiD7FeBI?authuser=0&hl=fr&rclk=1,,,,
5b2a5491-3134-427b-8f6c-e565eea510e1,Rêve de Piscine & Spa - Alliance Piscines® & Jacuzzi®,0249628540,dpo@revedepiscine.com,high,,Aubert,AUBERT,mentions_legales,Rennes,pisciniste,pisciniste,1,4.7,41,Société de construction de piscine,https://www.revedepiscine.com/,https://www.google.com/maps/place/R%C3%AAve+de+Piscine+%26+Spa+-+Alliance+Piscines%C2%AE+%26+Jacuzzi%C2%AE/data=!4m7!3m6!1s0x480ee74572ee1899:0x782442885f64a3bd!8m2!3d48.1831292!4d-1.7235248!16s%2Fg%2F11t_tfb5jl!19sChIJmRjuckXnDkgRvaNkX4hCJHg?authuser=0&hl=fr&rclk=1,,,,
a9033311-dc5b-420c-b5dd-c47020990f28,GEORGE Normandie - Entretien et Intervention Piscine Normandie,0255995357,alsace@george-club.fr,high,Le,Design Graphique,Le design graphique,mentions_legales,Le Havre,pisciniste,pisciniste,0,5.0,3,Service de nettoyage de piscines,https://www.george-club.fr/normandie,https://www.google.com/maps/place/GEORGE+Normandie+-+Entretien+et+Intervention+Piscine+Normandie/data=!4m7!3m6!1s0xa5e70dacf072b0d9:0xf526a1a8f384dc58!8m2!3d49.5059458!4d0.088249!16s%2Fg%2F11ykynzjg_!19sChIJ2bBy8KwN56URWNyE86ihJvU?authuser=0&hl=fr&rclk=1,,,,
40fb2774-7a8d-4637-aa58-a7de492e8ac3,Breizh'In - Application résines,0610505375,contact@breizhin.fr,high,,,,,Lorient,pisciniste,pisciniste,0,4.5,4,Société de construction de piscine,https://breizhin.fr/,https://www.google.com/maps/place/Breizh%27In+-+Application+r%C3%A9sines/data=!4m7!3m6!1s0x4810405b4d043bf1:0xc25b8553be987f07!8m2!3d47.7407688!4d-3.1037618!16s%2Fg%2F11hbg811_5!19sChIJ8TsETVtAEEgRB3-YvlOFW8I?authuser=0&hl=fr&rclk=1,,,,
13869091-1b7e-45d7-b976-82cfa66abb0f,LES MOUSSES,0221811968,contact@lesmousses.fr,high,Ludovic,Morvan,LUDOVIC MORVAN (MORVAN),siret_insee,La Richardais,pisciniste,pisciniste,1,4.9,120,Service de nettoyage de piscines,http://www.lesmousses.fr/,https://www.google.com/maps/place/LES+MOUSSES/data=!4m7!3m6!1s0x480e87679851bcf5:0xf4f3fd75b28985c0!8m2!3d48.6073388!4d-2.0451213!16s%2Fg%2F11fq3zqncw!19sChIJ9bxRmGeHDkgRwIWJsnX98_Q?authuser=0&hl=fr&rclk=1,81.21Z,87942189900011,2019-11-22,01
65053991-888f-492b-9144-a10879609c1c,ARMOREAL Piscines & Spas,0296209459,info@everblue.com,high,Thierry,D,Thierry D,mentions_legales,Saint-Brieuc,pisciniste,pisciniste,0,4.6,8,Société de construction de piscine,http://www.everblue.com/concessionnaires/,https://www.google.com/maps/place/ARMOREAL+Piscines+%26+Spas/data=!4m7!3m6!1s0x48121cf49b58ed75:0x35d8674b70d11820!8m2!3d48.7119858!4d-3.0216552!16s%2Fg%2F1tjt1bgb!19sChIJde1Ym_QcEkgRIBjRcEtn2DU?authuser=0&hl=fr&rclk=1,,,,
00f55073-52e6-4e9f-8248-9d537ecb67b5,LYSIA - Centre de formation PVC armé,0240275760,contact@lysia-formation.fr,high,Cedric,Marchal,Cedric MARCHAL,mentions_legales,Saint-Nazaire,pisciniste,pisciniste,1,5.0,42,Société de construction de piscine,https://www.lysia-formation.fr/,https://www.google.com/maps/place/LYSIA+-+Centre+de+formation+PVC+arm%C3%A9/data=!4m7!3m6!1s0x480579d585af7117:0x9905a0c591159b22!8m2!3d47.2773788!4d-2.0059841!16s%2Fg%2F11q40h0f1n!19sChIJF3GvhdV5BUgRIpsVkcWgBZk?authuser=0&hl=fr&rclk=1,,,,
c7405196-5cee-4d96-856b-05cbfc5b0b12,VIVA SPA,0670582502,contact@viva-spa.fr,high,,,,,Rezé,pisciniste,pisciniste,1,4.9,10,Magasin de spa,https://www.viva-spa.fr/,https://www.google.com/maps/place/VIVA+SPA/data=!4m7!3m6!1s0x4805b92a9c8e3fb5:0xec7810ad5f273e44!8m2!3d47.0186835!4d-1.6988526!16s%2Fg%2F11h7z1r7y2!19sChIJtT-OnCq5BUgRRD4nX60QeOw?authuser=0&hl=fr&rclk=1,,,,
a4740687-f060-4f30-9150-f90c96d1c414,Société Kopec Piscine Desjoyaux Spa et Jacuzzi,0299665848,info@kopec-piscines.fr,high,,,,,Rennes,pisciniste,pisciniste,1,4.5,65,Société de construction de piscine,https://www.kopec-piscines.fr/,https://www.google.com/maps/place/Soci%C3%A9t%C3%A9+Kopec+Piscine+Desjoyaux+Spa+et+Jacuzzi/data=!4m7!3m6!1s0x480ee62f69ac3039:0x4b4ccd8f2fa30c53!8m2!3d48.2016646!4d-1.7306271!16s%2Fg%2F1thtn_5z!19sChIJOTCsaS_mDkgRUwyjL4_NTEs?authuser=0&hl=fr&rclk=1,,,,
d7e23091-2fd0-46d6-8119-2d7012c311fd,Leven Propreté entreprise de nettoyage,0671117188,contact@leven-proprete.fr,high,Yann,Coatleven,YANN COATLEVEN,siret_insee,Sainte-Pazanne,pisciniste,pisciniste,1,5.0,7,Service de nettoyage de piscines,https://leven-proprete.fr/,https://www.google.com/maps/place/Leven+Propret%C3%A9+entreprise+de+nettoyage/data=!4m7!3m6!1s0x4805a34799106233:0x76958aec66903465!8m2!3d47.1030067!4d-1.8113229!16s%2Fg%2F11f8cl9vm6!19sChIJM2IQmUejBUgRZTSQZuyKlXY?authuser=0&hl=fr&rclk=1,81.21Z,84358512600017,2018-11-02,NN
ce52e4e4-ab82-48f6-a94a-7d3c049d5d91,Moana France Safeswim,0240469592,commercial@moana-france.com,high,Manuel,Do Sacramento Oliveira,MANUEL DO SACRAMENTO OLIVEIRA,siret_insee,Orvault,pisciniste,pisciniste,1,4.8,5,Société de construction de piscine,http://www.moana-france.com/,https://www.google.com/maps/place/Moana+France+Safeswim/data=!4m7!3m6!1s0x4805ed6ab73e7c71:0xd1b9ba8f63338406!8m2!3d47.2646625!4d-1.623863!16s%2Fg%2F11b6d1mxmg!19sChIJcXw-t2rtBUgRBoQzY4-6udE?authuser=0&hl=fr&rclk=1,46.76Z,44183633500048,2002-05-08,01
53c5f36e-6894-4909-846d-82e731917993,Sarl DG Piscine et DG paysage,0296801276,contact@dg-paysage-piscine.fr,high,Laetitia,Douaglin,LAETITIA DOUAGLIN (DOUAGLIN),siret_insee,Taden,pisciniste,pisciniste,1,4.5,8,Piscine,http://dg-paysage-piscine.fr/,https://www.google.com/maps/place/Sarl+DG+Piscine+et+DG+paysage/data=!4m7!3m6!1s0x480e632383177225:0x621b79fa037157ea!8m2!3d48.4722775!4d-2.0465136!16s%2Fg%2F11h2qmxx6l!19sChIJJXIXgyNjDkgR6ldxA_p5G2I?authuser=0&hl=fr&rclk=1,81.30Z,84509636100025,2019-02-01,01
7a0e746e-747b-4a25-a11d-fc510e35386b,NYMFE O,0296348565,contact@camdsi.fr,low,,,,,Saint-Brieuc,pisciniste,pisciniste,0,4.6,34,Société de construction de piscine,https://www.nymfeo.fr/,https://www.google.com/maps/place/NYMFE+O/data=!4m7!3m6!1s0x480e1b5720f76f95:0x97a1c469bfa3254e!8m2!3d48.4780774!4d-2.6209642!16s%2Fg%2F11f65h8gzv!19sChIJlW_3IFcbDkgRTiWjv2nEoZc?authuser=0&hl=fr&rclk=1,,81967537200018,,
