id,company_name,best_email,website,dirigeant_prenom,dirigeant_nom,dirigeant_full,dirigeant_source,siret_trouve,siren,code_naf,date_creation,tranche_effectif,code_postal_insee,ville_insee,mentions_legales_url,status
5841133e-4800-4a11-ac97-513f0c5e1389,Falize-Blondel,contact@falizeblondel.fr,http://falizeblondel.fr/,ROMAIN,BLONDEL (BLONDEL),ROMAIN BLONDEL (BLONDEL),siret_insee,50968930300022,509689303,81.30Z,2009-01-06,12,80450,CAMON,https://falizeblondel.fr/mentions-legales/,ok_insee
29d924e5-732a-449b-9c92-1f9cd2252141,LES JARDINS DE LA RIANDERIE,didiermathon.j@gmail.com,https://www.lesjardinsdelarianderie.fr/?utm_source=gmb,,,,,,,,,,,,,no_mentions_page
83feb88c-1bcb-438b-a91f-200fff2f8795,Glennelagage,glenndassonneville@gmail.com,https://glennelagage.fr/,JORDAN GLENN,DASSONNEVILLE,JORDAN GLENN DASSONNEVILLE,siret_insee,93839113300015,938391133,46.72Z,2024-12-10,NN,22300,LANNION,https://glennelagage.fr/legal/,ok_insee
1a8322ee-f150-48b3-bd9b-0ea721d1e0fa,Cap Vert Entreprises,f.robaye@gmail.com,https://www.capvertclotures.be/,,,,,,,,,,,,,no_mentions_page
9b73e3d3-2322-431b-9392-0876e40cd36f,Extrême Élagage clôture paysagiste,vindeurstin.brandon@gmail.com,http://www.extreme-elagage.fr/?utm_source=gmb,,,,,,,,,,,,https://www.extreme-elagage.fr/?utm_source=gmb/mentions-legales,no_dirigeant_found
9960c4fe-5ac0-4e66-91cc-c6df3e442309,Bourdeleau Franck,sosordi80@outlook.fr,https://www.bourdeleau.fr/,,,,,,,,,,,,,no_mentions_page
e3398230-b08d-4747-9ae4-65c7c76513c9,Alain Hervé – Élagage & Abattage à Saint-Brieuc et Lamballe,alainhervetf@orange.fr,https://www.alainherve.fr/?utm_source=google&utm_medium=organic&utm_campaign=fiche_google&utm_content=bouton_site_web,,,,,,,,,,,,https://www.alainherve.fr/?utm_source=google&utm_medium=organic&utm_campaign=fiche_google&utm_content=bouton_site_web/mentions-legales,no_dirigeant_found
c8264266-1efb-4afa-af86-7097efb9445c,Lepage Dominique,contact@paysagiste-portail-lepage.fr,http://paysagiste-portail-lepage.com/,,,,,,,,,,,,https://www.paysagiste-portail-lepage.com/,no_dirigeant_found
48e0bc8c-58a9-4830-8390-759345a59e1a,Trancart Espaces Verts,trancartedouard@orange.fr,http://trancart.fr/,,,,,,,,,,,,http://trancart.fr/mentions-legales/,no_dirigeant_found
0d08f06d-189a-4f19-9699-32ce190d66e2,Roche Construction - Gros oeuvre - Menuiseries exterieur - Clôture,contact@roche-renov.fr,https://www.roche-renov.fr/,,,,,,,,,,,,https://www.roche-renov.fr/mentions-legales/,no_dirigeant_found
ea8458b8-2aac-4137-ab1d-8b5caa4fbfbd,Concepts Services,concepts.services57@gmail.com,https://www.concepts-services.fr/,JULIEN,COLONNA,JULIEN COLONNA,siret_insee,94292349100016,942923491,81.30Z,2025-04-07,NN,57360,AMNEVILLE,https://www.concepts-services.fr/legal/mentions-legales,ok_insee
24ea9769-cbb4-4bee-a6c7-edc9f6f84dc4,Menuiserie et Jardin,contact@menuiserieetjardin.bzh,http://menuiserieetjardin.bzh/,,,,,,,,,,,,,no_mentions_page
a639e99e-cff3-448c-bd96-44c2bdd23d9e,Stephane Sauvee,sauvee@ets-sauvee.fr,https://www.ets-sauvee.com/,,,,,,,,,,,,https://ets-sauvee.com/mentions-legales/,no_dirigeant_found
699a58c2-fdd4-4803-bd55-724d002ab7cd,GINKO,ginko80@orange.fr,https://www.paysagiste-ginko-somme.fr/,ARNAUD,DUPONT (DUPONT),ARNAUD DUPONT (DUPONT),siret_insee,50247138600016,502471386,81.30Z,2008-02-07,01,80260,FLESSELLES,https://www.paysagiste-ginko-somme.fr/mentionslegales,ok_insee
0780dc33-b1e4-49d4-a7c5-1df16b03facf,CHARME ET JARDIN,contact@charmeetjardin.fr,http://www.charmeetjardin.fr/,,,,,,,,,,,,https://www.charmeetjardin.fr/mentions-legales-et-politique-de-confidentialite/,no_dirigeant_found
bdba07f0-bc86-46ae-ad7c-c852467162e7,La Maison du Jardin,la.maisondujardin@orange.fr,http://www.lamaison-dujardin.fr/,ROMAIN,DUVAL,ROMAIN DUVAL,siret_insee,52118071100025,521180711,96.09Z,2010-04-01,NN,62290,NŒUX-LES-MINES,https://www.lamaison-dujardin.fr/mentionslegales,ok_insee
b1be9573-a05a-4eb1-8bc0-15e2788ca8f3,PSP Opale,contact@psp-opale.fr,https://psp-opale.fr/,MATHIEU LOUIS CHARLES,PLAETEVOET,MATHIEU LOUIS CHARLES PLAETEVOET,siret_insee,35058499100029,350584991,81.30Z,1989-04-01,12,59210,COUDEKERQUE-BRANCHE,https://www.psp-opale.fr/mentions-legales-et-politique-de-confidentialite/,ok_insee
64c4d125-eabe-45ac-aed9-f3c14e2947c8,Pays Vert | Jardinage et entretien des espaces verts | Paysagiste (77),contact@pays-vert.fr,https://pays-vert.fr/,QUENTIN,COLLAS (COLLAS),QUENTIN COLLAS (COLLAS),siret_insee,82408373700018,824083737,81.30Z,2016-11-23,01,77122,MONTHYON,https://pays-vert.fr/mentions-legales/,ok_insee
560ce4cb-586f-4ba2-b2f6-f713167c6d08,"Foubert Aménagement - Création de jardin et accès d'habitation (terrassement, clôture et pavage)",foubertamenagement@gmail.com,https://www.foubertamenagement.fr/,,,,,,,,,,,,https://www.foubertamenagement.fr/mentions-legales/,no_dirigeant_found
9bec5dd8-1578-44b3-8602-8c4d584557af,Crealis paysage & Piscine,alex@crealis-paysage.fr,http://www.crealis-paysage.fr/,,,,,,,,,,,,,no_mentions_page
29de710b-5c34-44dd-9983-dec3a8b813cc,BATISEC - Clôture de chantier,commercial@batisec.fr,http://www.batisec.fr/,,,,,,,,,,,,http://www.batisec.fr (home),no_dirigeant_found
40c4e62e-2668-4ef1-b309-9602b2eea49a,Caresmel - Artisans du paysage,sarlcaresmel@gmail.com,https://caresmel.net/,,,,,,,,,,,,https://caresmel.net (home),no_dirigeant_found
cda8883f-ffa4-4e86-8625-e7749c7f6456,Carradori Paysage,direction@carradori.lu,https://carradori-groupe.com/,,,,,,,,,,,,https://carradori-groupe.com/mentions-legales/,no_dirigeant_found
73d6c148-3d76-4625-bfaf-2df8566828d4,Eurovert Moreau,eurleurovert@hotmail.fr,http://www.eurovert.fr/,PIERRE,CACHE (CACHE),PIERRE CACHE (CACHE),siret_insee,42251623700019,422516237,81.30Z,1999-04-01,03,59282,DOUCHY-LES-MINES,https://eurovert.fr/fr/page/mentions-legales,ok_insee
c5209ea9-eb30-4366-a199-b678e1f8f8dc,Frieh Michaël,michael.frieh@hotmail.fr,http://paysagiste-friehmichael-29.com/?utm_medium=referral&utm_source=gmb&utm_campaign=lnk-gmb,,,,,,,,,,,,https://www.paysagiste-friehmichael-29.com/?utm_medium=referral&utm_source=gmb&utm_campaign=lnk-gmb/mentions-legales,no_dirigeant_found
8f07b5df-b7bd-49c6-a097-d2abda5c5dea,"Lienart SARL - Paysagiste, entretien de jardin, élagage abattage",gaetan.lienart@orange.fr,https://www.paysagiste-lienart.fr/,LAURENT,ALLARD (ALLARD),LAURENT ALLARD (ALLARD),siret_insee,42476141900045,424761419,63.11Z,1999-10-15,42,59100,ROUBAIX,https://www.paysagiste-lienart.fr/mentions-legales-entreprise-lienart-phalempin/,ok_insee
6e6ea743-f17d-4b38-8376-0c63078e667f,Besson-moreau - élagage - abattage - taille de haies - pose de clôture- terrassement) la ferté sous jouarre et coulommiers 77,contact@elagage-abattage-77.fr,https://elagage-abattage-77.fr/,,,,,,,,,,,,,no_mentions_page
7e3b2456-61db-4309-96c5-6a4e9c4051cf,Allex-Home Paysagiste pour vos Espaces Verts,contact@allex-home-paysagiste.fr,https://allex-home-paysagiste.fr/contact-allex-home-paysagiste-20mn-de-lille-amenagement-paysager-entreprise-sailly-sur-la-lys/,,,,,,,,,,,,,no_mentions_page
6214eb48-7c91-4fc3-8958-151eca056773,"EI-LEBOCQ Olivier /OLIVIER PAYSAGES Entretien de Jardin, Paysagiste Elagueur, Clôture",olivier.lebocq@orange.fr,http://www.olivier-paysages.com/contact.htm,LAURENT,ALLARD (ALLARD),LAURENT ALLARD (ALLARD),siret_insee,42476141900045,424761419,63.11Z,1999-10-15,42,59100,ROUBAIX,https://www.olivier-paysages.com/mentions-legales.htm,ok_insee
e10eb5a0-6585-45c2-8b8b-3a777a4df287,val d'authie services,valdauthieservices@gmail.com,https://www.val-dauthie-services.fr/,,,,,,,,,,,,https://www.val-dauthie-services.fr (home),no_dirigeant_found
068693e0-9ef7-4a62-9d6a-5d00bbede2ff,Les Jardins De Céleste,lesjardinsdeceleste@gmail.com,https://lesjardinsdeceleste.fr/,,,,,,,,,,,,,no_mentions_page
13f93754-4183-4975-8906-127c3444d671,HDC AMENAGEMENT EXTERIEURS / TRAVAUX INT,hdc.sarl.contact@gmail.com,http://www.hdcamenagementsexterieurs.fr/,,,,mentions_legales,,,,,,,,https://www.hdcamenagementsexterieurs.fr/mentions-legales,no_dirigeant_found
8f813fa9-8429-4f1b-aa2e-221f380cb681,Domaine Voituron Paysage (service à la personne avec crédit d'impôt),entdvp60@gmail.com,http://www.domaine-voituron-paysage.fr/,,,,,,,,,,,,http://www.domaine-voituron-paysage.fr (home),no_dirigeant_found
4d652a54-c580-4b5e-a03f-17bd651fc31b,Le Moulin De Pierre EURL,moulindepierrejardin@gmail.com,https://lemoulindepierre.fr/,,,,,,,,,,,,https://lemoulindepierre.fr/mentions-legales,no_dirigeant_found
0d8f5d28-9f1f-437b-b1f9-f751df53fc9e,CFP Clotures Fermetures Production,direction@cfp56.com,https://www.cfp56.com/,,,,,,,,,,,,,no_mentions_page
ebecc988-7cc0-4c54-b163-c982e17f195a,LANTANA AMBIANCES JARDINS,cgenvironnement@groupe-lantana.fr,https://www.lantanapaysage.fr/a-proximite-de-chez-vous/lantana-ambiances-jardins-paysagiste-nord-lille-premesques-59/?utm_source=gmb&utm_medium=organic&utm_campaign=gmb_website,,,,,,,,,,,,https://www.lantanapaysage.fr/a-proximite-de-chez-vous/lantana-ambiances-jardins-paysagiste-nord-lille-premesques-59/?utm_source=gmb&utm_medium=organic&utm_campaign=gmb_website/mentions-legales,no_dirigeant_found
3001de6f-350b-4a83-a610-c5eb88893e8e,Paysagiste BH élagage abattage deracinage taille de hais terrassement création massif est jardin,brayanbechaimont@gmail.com,http://www.paysagistebh.fr/,,,,,,,,,,,,http://www.paysagistebh.fr (home),no_dirigeant_found
980479d1-9a86-48ad-a950-e36c60ec6a32,Dv Espaces Verts et FILS,didier.van0603@orange.fr,https://www.dvespacesverts.fr/,ANTOINE ANDRE JEAN-MARC,VANDERMEERSCH,ANTOINE ANDRE JEAN-MARC VANDERMEERSCH,siret_insee,75291511600012,752915116,81.30Z,2012-07-01,02,59670,NOORDPEENE,https://www.dvespacesverts.fr/mentions-legales,ok_insee
bfe8f2f6-27ae-4f62-bebd-cf241b32f483,PAYSA'NORD,clement.cabuzel@outlook.fr,http://www.paysa-nord.fr/?utm_medium=referral&utm_source=gmb&utm_campaign=lnk-gmb,,,,,,,,,,,,https://www.paysa-nord.fr/?utm_medium=referral&utm_source=gmb&utm_campaign=lnk-gmb/mentions-legales,no_dirigeant_found
e249b4b0-cede-4abf-a52c-3e9666dcea4e,VLP,vaislucaspaysage.vlp@yahoo.com,http://www.vais-lucas-paysage.fr/,LUCAS DAVID,VAIS (VAIS),LUCAS DAVID VAIS (VAIS),siret_insee,51766689700049,517666897,43.91B,2009-09-28,NN,57970,YUTZ,https://www.vais-lucas-paysage.fr/info-legales.html,ok_insee
875e7ea5-8b94-4fdc-9159-a661d96a71c4,Les Jardins de Manu,contact@leray.info,https://leray.info/page/les-jardins-de-manu-paysagiste-ploulech-cotes-d%27armor-bretagne,,,,,,,,,,,,https://leray.info/pro/les-jardins-de-manu-paysagiste-ploulech-cotes-d'armor-bretagne,no_dirigeant_found
4d30f900-986b-4c0e-ab3e-aed50891eabe,Althea Jardins,f.masselot@althea-jardins.fr,https://www.althea-jardins.fr/?utm_source=gmb,,,,,,,,,,,,https://www.althea-jardins.fr/?utm_source=gmb%2Fmentions-legales,no_dirigeant_found
4ee02569-b336-4863-9a1a-a69beffead4d,D.JARDIN,contact@djardin.fr,https://djardin.fr/,,,,,,,,,,,,https://djardin.fr (home),no_dirigeant_found
2ba0af93-e695-44b0-8a51-13159147a489,RM PAYSAGE - RM SERVICES,contact@rmpaysage.fr,http://www.rmpaysage.fr/,,,,,,,,,,,,http://www.rmpaysage.fr (home),no_dirigeant_found
2e23e834-2606-4ea5-841e-c3440a70d639,Epame Paysages,hallot.epame@orange.fr,https://www.epame-paysages.fr/,CHARLOTTE,HALLOT (HALLOT),CHARLOTTE HALLOT (HALLOT),siret_insee,50217555700011,502175557,81.30Z,2008-01-08,11,77515,SAINT-AUGUSTIN,https://www.epame-paysages.fr/mentions-legales/,ok_insee
9451d74c-ecfc-4372-8efe-a9fc22c2d33c,Min tio gardin,mintiogardin@gmail.com,https://mintiogardin-699gl2i.gamma.site/,,,,,,,,,,,,https://mintiogardin-699gl2i.gamma.site (home),no_dirigeant_found
1ea21f39-f602-4023-8adc-b0027cc55836,ACP-Aménagement et conception du paysage,acp62380@outlook.fr,https://www.acp-paysagiste.fr/,ROMAIN CHARLES ANTOINE,MUGUET,ROMAIN CHARLES ANTOINE MUGUET,siret_insee,88540081200016,885400812,62.01Z,2020-07-23,01,62142,COLEMBERT,https://www.acp-paysagiste.fr/mentions-legales/,ok_insee
4819ea47-9d49-468a-af80-bceb2eb85f07,Air2nature,air2nature@gmail.com,https://air2nature.fr/,,,,,,,,,,,,,no_mentions_page
231d8cfd-78a6-4c28-aa28-a6e249ce7897,Vereecque Parcs et Jardins,contact@vereecque.fr,https://www.vereecque.fr/,Vereecque,Parcs et Jardins,Vereecque Parcs et Jardins,mentions_legales,84402991800019,,,,,,,https://www.vereecque.fr/mentions-legales/,ok_mentions
7d8bb6ee-0d3a-4d6e-a391-afd9c859748f,Thibaut élagage,thibautelagage60@gmail.com,https://thibautelagage.fr/,,,,,,,,,,,,https://thibautelagage.fr/mentions-legales,no_dirigeant_found
a761e554-828a-4274-9b1d-801346ed89cf,CREA - CONCEPTIONS ET REALISATIONS EXTERIEURES DE L'ARTOIS,contact@creartois.fr,http://www.creartois.fr/,Rémi,Begue,Rémi Begue,mentions_legales,,,,,,,,http://www.creartois.fr/mentions-legales/,ok_mentions
fce67e57-af5b-46ad-8fdd-5c27bebfec51,Macarez Et Fils,bertalan.emilie@gmail.com,http://www.macarez-et-fils.fr/?utm_source=gmb,JONATHAN RENE ERNEST,MACAREZ,JONATHAN RENE ERNEST MACAREZ,siret_insee,48199814400010,481998144,81.30Z,2005-04-01,03,59860,BRUAY-SUR-L'ESCAUT,https://www.macarezetfils.fr/?utm_source=gmb%2Fmentions-legales,ok_insee
bbaf2b2b-4a19-47e5-8acc-ec99aca05850,MR CLÔTURE,mr.cloture@hotmail.com,https://www.mrcloturecambrai.fr/?fbclid=IwZXh0bgNhZW0CMTEAAR6zrc8nJDRgg27XhCd6VAWWfXtU1xIv1VdL20KnMLm3PxW_7DRV-xI5aWUzAQ_aem_UWovA-CFemh0xd3XFQsFMg,,,,,,,,,,,,https://www.mrcloturecambrai.fr/?fbclid=IwZXh0bgNhZW0CMTEAAR6zrc8nJDRgg27XhCd6VAWWfXtU1xIv1VdL20KnMLm3PxW_7DRV-xI5aWUzAQ_aem_UWovA-CFemh0xd3XFQsFMg/mentions-legales,no_dirigeant_found
c348caaf-13e9-4fa5-941f-bb5d5f58c4b6,DAP Paysagiste - Spécialiste des espaces verts à Reims,dap.paysagiste51@gmail.com,https://www.dap-paysagiste-reims.fr/,,,,,,,,,,,,https://dap-paysagiste-reims.fr/mentions-legales,no_dirigeant_found
42e77a3d-37dd-4eb6-b6ae-5de8330354f3,Au Monde Vert - Aménagement Urbain et Menuiserie Aluminium,aumondevert@gmail.com,http://www.aumondevert.fr/,AU,MONDE VERT,AU MONDE VERT,mentions_legales,,,,,,,,https://aumondevert.fr/mentions-legales/,ok_mentions
fd3fc946-2dba-4cf7-ba0b-ab0737c8aaf4,CREAX,contact@agence-inova.fr,https://www.creax-paysage.fr/,DOMINIQUE ANDRE YOANN,MONACO,DOMINIQUE ANDRE YOANN MONACO,siret_insee,81891603300025,818916033,70.21Z,2016-03-03,11,88100,REMOMEIX,https://www.creax-paysage.fr/mentions-legales/,ok_insee
00c3942f-c2ba-440c-8b36-2b9708f6ed56,Philipot Laurent - Paysagiste & Terrassement,philipot.travauxpaysagers@gmail.com,https://philipottravauxpaysagers.fr/,Laurent,PHILIPOT,PHILIPOT Laurent,mentions_legales,,,,,,,,https://philipottravauxpaysagers.fr/mentions-legales/,ok_mentions
b414c5c2-b031-4ff0-8930-05605ba11ee8,Nature Est,contact@agence-inova.fr,https://www.nature-est.fr/,DOMINIQUE ANDRE YOANN,MONACO,DOMINIQUE ANDRE YOANN MONACO,siret_insee,81891603300025,818916033,70.21Z,2016-03-03,11,88100,REMOMEIX,https://www.nature-est.fr/mentions-legales/,ok_insee
9efc1d39-48cd-4aa4-91af-5501f72de30b,Rozé Pierre,espacesvertsroze@hotmail.fr,https://clotureroze.fr/,,,,,,,,,,,,https://clotureroze.fr/mentions-legales,no_dirigeant_found
535a2887-1c3e-4899-b117-e5cfdaa3b220,Lucky Green Normandie,elodie@luckygreennormandie.com,https://www.lucky-green-normandie.fr/,RAPHAEL MICHEL ROGER,ANNE,RAPHAEL MICHEL ROGER ANNE,siret_insee,90908201800013,909082018,81.30Z,2021-12-16,03,27310,BOURG-ACHARD,https://www.lucky-green-normandie.fr/mentions-legales,ok_insee
f74c097a-db40-41fb-a2cb-11d6bf43a697,Jehl Paysage,contact@jehlpaysage.fr,https://www.jehlpaysage.fr/,CHARLES ANTOINE BRUNO,JEHL (JEHL),CHARLES ANTOINE BRUNO JEHL (JEHL),siret_insee,90539556200010,905395562,81.30Z,2021-11-17,01,76110,ANGERVILLE-BAILLEUL,https://www.jehlpaysage.fr/mentions-legales,ok_insee
dd1a33c6-6561-435f-9107-0b02b6ac17bd,C2M CREATION (sarl),contact@marqueblanche.com,http://www.c2m-creation.com/,,,,,,,,,,,,https://www.marqueblanche.com/mentions-legales,no_dirigeant_found
0f43eab9-3d5a-4437-ba67-0787a90782f4,Metropole Jardin Marc,contact@metropole-jardins.fr,https://www.metropole-jardins.fr/,,,,,,,,,,,,https://metropole-jardins.fr/mentions-legales/,no_dirigeant_found
a58ef592-aa92-4a4d-975f-d5e7eba30708,Brilland Multi Services,brilland40@gmail.com,https://www.brillandmultiservices.fr/,,,,mentions_legales,,,,,,,,https://www.brillandmultiservices.fr/mentions-legales/,no_dirigeant_found
37b96e5a-3835-46f1-9429-473a1b4135de,EURL PRILLIEUX PAYSAGISTE,eurlprillieuxpaysagiste@orange.fr,http://www.prillieuxpaysagiste.fr/,SEVERINE,PRILLIEUX (GORONFLOT),SEVERINE PRILLIEUX (GORONFLOT),siret_insee,49350687700023,493506877,81.30Z,2007-01-02,03,02160,CONCEVREUX,http://www.prillieuxpaysagiste.fr/about/legal/,ok_insee
d08ff699-b1fb-4b5e-91cf-2907e701bc7c,entreprise Bertrand,jacques.bertrand76@wanadoo.fr,https://bertrand-paysagiste-elagueur.fr/contact/,,,,,,,,,,,,https://bertrand-paysagiste-elagueur.fr/mentions-legales/,no_dirigeant_found
1cf56637-a244-493a-9ad6-ff6a1374d59f,DE RUNZ Paysages -- DE RUNZ Services,derunz.paysages@orange.fr,https://derunz-paysages-services.fr/,THIBAUT PULCHRONE,DE RUNZ,THIBAUT PULCHRONE DE RUNZ,siret_insee,92118498200012,921184982,81.30Z,2022-10-22,03,55100,VERDUN,https://derunz-paysages-services.fr/mentions-legales/,ok_insee
8f298e9d-c0a3-4590-86b2-7b726cd440a0,Daniel Moquet signe vos jardins - Ent. Fleury,contact@daniel-moquet.com,https://www.moquet-jardins.com/,,,,,84795779200017,,,,,,,https://www.moquet-jardins.com/mentions-legales,no_dirigeant_found
b57429e4-9465-4c20-b229-a555a77598fc,Emmanuel Philibert SARL,contact@philibert-paysage.fr,http://philibert-paysage.fr/,Delphine,PHILIBERT,Delphine PHILIBERT,mentions_legales,,,,,,,,http://philibert-paysage.fr/mentions-legales/,ok_mentions
b1e9d3f3-d0f7-48fa-90ab-554faeacba6e,JA PAYSAGE,japaysage@orange.fr,http://ja-paysagiste-torigni.fr/,MATHIAS JEAN-LUC ANDRE,LEBARBIER,MATHIAS JEAN-LUC ANDRE LEBARBIER,siret_insee,45143854300014,451438543,81.30Z,2004-01-01,11,50160,TORIGNY-LES-VILLES,https://www.ja-paysagiste-torigni.fr/mentions-legales.php,ok_insee
ffbc6a20-4afd-4a64-ab10-97acb00683c5,VINCENT Paysage,vincentpaysage76@gmail.com,https://vincentpaysage76.fr/,,,,,,,,,,,,,no_mentions_page
1f0f70e4-10ac-4913-9cb5-8160f958cd43,Exterieur Agencé,exterieuragence@gmail.com,https://www.exterieuragence.fr/,HUGO JEAN-MARIE RENE,LESENECHAL,HUGO JEAN-MARIE RENE LESENECHAL,siret_insee,84981579000019,849815790,81.30Z,2019-04-08,02,22490,PLESLIN-TRIGAVOU,https://www.exterieuragence.fr/mentions-legales,ok_insee
3843bbd6-9e51-4a94-b58e-ca6ae9a2f22d,B&A Concept Paysage,contact@ba-conceptpaysage.fr,https://www.ba-conceptpaysage.fr/,BENJAMIN,CHARLY,BENJAMIN CHARLY,siret_insee,93120677500013,931206775,81.30Z,2024-07-22,NN,59870,BOUVIGNIES,https://www.ba-conceptpaysage.fr/mentions-l%C3%A9gales,ok_insee
228b19cc-8060-4299-aeb8-85bc66fade53,GUILLAUME EBERT - PAYSAGISTE À CARENTAN,ebert-paysages@orange.fr,http://www.ebert-paysages.fr/,,,,,,,,,,,,https://www.ebert-paysages.fr/,no_dirigeant_found
a5fdede8-73b2-44d4-9ca9-14abf7e8ab83,Grandeur Nature Pays d'Auge,contact@grandeurnature-paysage.fr,http://grandeurnature-paysage.fr/,,,,,,,,,,,,http://grandeurnature-paysage.fr/mentions-legales/,no_dirigeant_found
5a6bbda5-d8f8-4c65-ac3f-3c3bffa6cb69,Dumont Espaces Verts,dumont.paysagiste@gmail.com,https://www.dumont-espaces-verts.com/,BRUNO,DUMONT (DUMONT),BRUNO DUMONT (DUMONT),siret_insee,49356781200018,493567812,81.30Z,2006-10-01,03,62840,LORGIES,https://dumont-espaces-verts.com/mentions-legales/,ok_insee
a14daae9-9f44-45b3-97a5-291aed76929a,AVAE,contact@avae-paysage.fr,http://avae-paysage.fr/,AURELIEN,VILLIERS (VILLIERS),AURELIEN VILLIERS (VILLIERS),siret_insee,80428952800015,804289528,81.30Z,2014-09-01,03,14210,THUE ET MUE,http://avae-paysage.fr/mentions-legales/,ok_insee
d4302d95-edbe-4d39-9c2b-c147cbac1970,MAZEAS Paysages,mazeaspaysage@orange.fr,https://www.mazeaspaysages.com/,,,,,,,,,,,,,no_mentions_page
7fa49f8d-d217-4371-80f9-b9afca80c152,Les 2 Ifs Espaces Verts,contact@les2ifs.fr,https://www.les2ifs.fr/,,,,,,,,,,,,https://www.les2ifs.fr/mentions-legales,no_dirigeant_found
ba8312a0-fbb7-4779-9696-c63db4bc517f,Caux Environnement,contact@cauxenvironnement.fr,http://www.cauxenvironnement.fr/?utm_source=gmb,,,,,,,,,,,,https://www.cauxenvironnement.fr/?utm_source=gmb/mentions-legales,no_dirigeant_found
64e64130-1ca2-41b8-8e93-2c33922bc1bd,P.L ÉLAGAGE,lorenzopierre81@gmail.com,https://www.pl-elagueur.com/,,,,,,,,,,,,https://www.pl-elagueur.com/mention-legale,no_dirigeant_found
36ee2dd9-284a-410d-a6f2-42adcc100bf9,M.I.L Paysages,milpaysages@orange.fr,http://www.milpaysages.com/,MIL,PAYSAGES,MIL PAYSAGES,mentions_legales,,,,,,,,http://www.milpaysages.com/mentions-legales/,ok_mentions
bfcde120-e73f-4042-9379-5d37482db095,Amiot Espaces Verts,contact@amiotespacesverts.com,http://www.amiot-espaces-verts.com/,JEAN-JACQUES ALPHONSE,AMIOT,JEAN-JACQUES ALPHONSE AMIOT,siret_insee,50909297900020,509092979,81.30Z,2008-11-20,11,50700,VALOGNES,https://www.amiot-espaces-verts.com/mentions-legales.php,ok_insee
059d5ddb-9a43-4f07-85d9-71fed9ee5e88,Societe Normande Du Paysage,snoury@societe-normande-du-paysage.fr,http://www.societe-normande-du-paysage.fr/,,,,,,,,,,,,https://www.societe-normande-du-paysage.fr/mentions-legales,no_dirigeant_found
364968d5-aa5e-426f-a5c2-800c264dc0b4,Horizon Normand - Paysagiste - Aménagement & Entretien de jardins,jb.goubet@horizonnormand.fr,https://horizonnormand.fr/,JEAN-BAPTISTE MATHIEU MAXIME,GOUBET,JEAN-BAPTISTE MATHIEU MAXIME GOUBET,siret_insee,93993447700018,939934477,81.30Z,2025-01-13,NN,14700,SAINT-GERMAIN-LANGOT,https://horizonnormand.fr/mentions-legales/,ok_insee
0e5212fa-defc-42c0-a3ef-5d7ed3a4bf23,Caill' paysage,cqpaysage@gmail.com,https://www.caill-paysage.fr/,,,,,,,,,,,,https://www.caill-paysage.fr/mentions-legales/,no_dirigeant_found
82d0392b-21f6-4d13-9724-4f271b94186f,AVENIR DES PAYSAGES,avenir-des-paysages@orange.fr,https://avenirdespaysages.fr/,JULIEN MARC HERVE,FONTAINE,JULIEN MARC HERVE FONTAINE,siret_insee,82982772400016,829827724,81.30Z,2017-05-15,03,76190,CROIX-MARE,https://www.avenirdespaysages.fr/mentions-legales,ok_insee
49798d1c-35e5-4b63-a054-71e35e73ae24,Clean Paysage,contact@cleanpaysage.com,https://www.cleanpaysage.com/,,LECORDIER,LECORDIER,mentions_legales,,,,,,,,https://www.cleanpaysage.com/mentions-legales,ok_mentions
0006731d-4b90-4b1e-9975-3661971a865e,DODEMAND PAYSAGES,info@dodemandpaysages.com,https://www.dodemandpaysages.fr/,BAPTISTE DAVID ANTHONY,DODEMAND,BAPTISTE DAVID ANTHONY DODEMAND,siret_insee,99446915300013,994469153,81.30Z,2025-12-01,NN,50750,SAINT-MARTIN-DE-BONFOSSE,https://www.dodemandpaysages.fr/mentions-l%C3%A9gales,ok_insee
23489055-74c7-473e-ba03-52d0d24855e5,Meslet aménagements,mesletmathieu50@live.fr,https://mesletpaysage.fr/,Meslet,Mathieu,Meslet Mathieu,mentions_legales,,,,,,,,https://mesletpaysage.fr/mentions-legales/,ok_mentions
cef74892-2c7e-4d07-b913-8e699929e3a2,Jardins Consulting Espaces Verts,accueil@jcev.fr,http://www.j-cev.com/photos,JEAN-CHRISTOPHE,HAMEL,JEAN-CHRISTOPHE HAMEL,siret_insee,48225825800029,482258258,81.30Z,2005-04-21,12,27110,VITOT,https://j-cev.com/mentions-legales/,ok_insee
6cf02cc4-73c0-4946-953c-14e641c33e08,Stelhy Paysage,stelhy.paysage@gmail.com,https://www.stelhypaysage.fr/,,,,,,,,,,,,https://www.stelhypaysage.fr (home),no_dirigeant_found
1350a893-b5b6-443c-a927-b74a5868a196,MG Espaces Vert (paysagiste),artisan.gargowitz@gmail.com,https://mg-espace-vert.fr/?utm_source=gmb,,,,,,,,,,,,https://mg-espace-vert.fr/?utm_source=gmb%2Fmentions-legales,no_dirigeant_found
3bb5488c-6ac5-4096-aea4-8180154dc45e,Meridionale Vert,contact@meridionale-vert.com,https://www.meridionale-vert.com/,,,,,,,,,,,,https://www.meridionale-vert.com/mentions-legales/,no_dirigeant_found
4c20ffc1-38ea-4525-8d4a-cf36be152ccc,Tardivel Paysage,tardivelpaysage@outlook.fr,https://tardivelpaysage.com/paysagiste-lamballe/,YANNICK DANIEL PIERRICK MARIE,TARDIVEL,YANNICK DANIEL PIERRICK MARIE TARDIVEL,siret_insee,81876713900012,818767139,81.30Z,2016-03-01,03,22150,PLOUGUENAST-LANGAST,https://tardivelpaysage.com/mentions-legales/,ok_insee
52c2ca47-f193-4f92-8bbe-e5762f329d53,Bonnet Paysagiste,manuella.bonnetpaysagiste@gmail.com,http://www.bonnet-paysagiste-morbihan.fr/#,,,,,,,,,,,,https://bonnet-paysagiste-morbihan.fr/#/mentions-legales,no_dirigeant_found
7eb0dfba-a797-496c-b016-6ca5201e8c0a,Blumenthal Jardinage & Hydroculture,info@blumenthal-sarl.lu,https://www.blumenthal-sarl.lu/,,,,,,,,,,,,,no_mentions_page
46c0bb09-8b7f-437f-a235-b1f652070c47,Marchitti Paysage,contact@marchittipaysage.fr,http://www.marchittipaysage.fr/,,,,,,,,,,,,,no_mentions_page
e84d917f-65d2-494e-a3b2-9306cc2f284a,VDM Paysage - Abattage d'arbre | Taille de haie | Élagueur Caen | Entretien d'espaces verts | Caen,mail.vandemeersschechristian@gmail.com,https://vdmpaysage.fr/,CHRISTIAN ROBERT,VAN DE MEERSSCHE,CHRISTIAN ROBERT VAN DE MEERSSCHE,siret_insee,85110607000010,851106070,81.30Z,2019-06-01,NN,14460,COLOMBELLES,https://vdmpaysage.fr/mentions-legales/,ok_insee
ef0646de-f29b-4db2-ab1d-b4e850e06037,PJS espaces verts,espacesverts@pjs.fr,http://www.pjs.fr/,SAMY,LEFEBVRE,SAMY LEFEBVRE,siret_insee,41074814900029,410748149,81.30Z,1997-01-06,11,76610,LE HAVRE,https://www.pjs.fr/mentions-legales,ok_insee
d8144ecc-75af-42b8-9b8a-837f6a535d57,ADN Créateur D'Espaces Extérieurs,contact@adn-espaces-exterieurs.com,http://www.adn-espaces-exterieurs.com/,JULIEN,ESNAULT,JULIEN ESNAULT,siret_insee,48810746700018,488107467,43.99C,2006-02-01,03,85150,LES ACHARDS,https://www.adn-espaces-exterieurs.com/annexes/mentions-legales.html,ok_insee
f702c699-bd63-46ec-a91f-921632dbb9c7,L'univert du Paysage,contact@lunivertdupaysage.fr,http://www.lunivertdupaysage.fr/,MORGAN KEVIN,COINTREL,MORGAN KEVIN COINTREL,siret_insee,85001359000011,850013590,81.30Z,2019-04-09,02,27290,ILLEVILLE-SUR-MONTFORT,http://lunivertdupaysage.fr/mentions-legales,ok_insee
4ef04068-a147-4d1e-9027-992d794ed26f,CAJEV Paysagiste - Bretignolles sur Mer,contact@cajev.fr,https://www.cajev.fr/nos-agences/cajev-bretignolles-sur-mer.html,,,,,,,,,,,,https://www.cajev.fr/,no_dirigeant_found
e54d8c7e-d204-4f38-8e5e-d85fa1d53d46,Gauthier Paysage,contact@gauthierpaysage.fr,http://gauthierpaysage.fr/,,,,,,,,,,,,https://www.gauthierpaysage.fr/mentions-legales,no_dirigeant_found
8ae8144d-c237-41f7-9cf3-2aa13861b9b5,Maxime Nicolleau Paysage,maxime@nicolleau-paysagiste.fr,https://www.nicolleau-paysagiste.fr/?utm_source=google&utm_medium=wix_google_business_profile&utm_campaign=5398312942082806633,,,,,,,,,,,,https://www.nicolleau-paysagiste.fr/?utm_source=google&utm_medium=wix_google_business_profile&utm_campaign=5398312942082806633/mentions-legales,no_dirigeant_found
dad80f3a-7b0c-42c5-a5b8-6d16979948ee,Parcs Et Jardins D Oliviers,olivier_rhetat@orange.fr,https://www.jardins-dolivier.fr/,OLIVIER DANIEL,RHETAT,OLIVIER DANIEL RHETAT,siret_insee,48523685500022,485236855,81.30Z,2005-12-01,NN,44170,MARSAC-SUR-DON,https://www.jardins-dolivier.fr/mentionslegales,ok_insee
bdae8a46-411e-42e0-91d6-6a021e7ba243,DANDO Jardinier Paysagiste,contact@dando-paysagiste.fr,http://dando-paysagiste.fr/,FRANCOIS,BARAUD,FRANCOIS BARAUD,siret_insee,53768061300024,537680613,95.11Z,2011-10-01,02,44330,LE PALLET,https://www.dando-paysagiste.fr/mentions-legales/,ok_insee
835c270f-2937-4940-808c-8f97ca115ea9,Un coin de nature,fabricemarie@uncoindenature.com,http://www.uncoindenature.com/,Fabrice,Marie,Fabrice Marie,mentions_legales,,,,,,,,http://www.uncoindenature.com/mentions-legales/,ok_mentions
b1f645c8-9520-4fbd-9969-b144486b33e0,SRB - multiservices,srb.multiservices44@gmail.com,http://www.srb-multiservices.fr/,[NON-DIFFUSIBLE],[NON-DIFFUSIBLE],[NON-DIFFUSIBLE] [NON-DIFFUSIBLE],siret_insee,94783083200012,947830832,43.31Z,2023-01-03,NN,[NON-DIFFUSIBLE],SAINT-LYPHARD,https://srb-multiservices.fr/mentions-legales/,ok_insee
62cd227c-f402-427d-8480-3b7641b040f9,RPay Jardins & Design,accueil@rpay.fr,https://www.rpay.fr/,GEOFFROY ADRIEN,MAZET,GEOFFROY ADRIEN MAZET,siret_insee,40269357600017,402693576,81.30Z,1995-10-03,12,14100,FIRFOL,https://www.rpay.fr/mentions-legales/,ok_insee
e2defbc2-a27f-47ba-accc-c5ca520b1178,ARBR'AUX PAYSAGES,a.sorin443@laposte.net,http://www.arbrauxpaysages.fr/,ANTOINE,SORIN,ANTOINE SORIN,siret_insee,80958244800019,809582448,81.30Z,2015-02-06,03,44320,SAINT-VIAUD,https://www.arbrauxpaysages.fr/mentions-legales.php,ok_insee
e6fc3e06-117a-41e9-911f-b1c04d8d087a,"ATYPIC JARDIN PAYSAGISTE , entreprise d'aménagement, entretien de jardin et piscine",contact@atypic-jardin.fr,https://atypic-jardin.fr/,Endy,MIGUEL,Endy MIGUEL,mentions_legales,,,,,,,,https://atypic-jardin.fr/mentions-legales/,ok_mentions
2de315ae-30ba-4ad2-a4d6-82c069e91549,CHEVALIER Paysagiste,contact@paysagiste-44.com,https://paysagiste-44.com/,,,,,,,,,,,,https://paysagiste-44.com/mentions-legales/,no_dirigeant_found
4ac12658-b9f8-4360-b3d4-8325ee5ba90b,BERNARD Paysages,samuel@bernard-paysages.fr,https://www.bernardpaysages-creationdejardin.fr/,SAMUEL,BERNARD,SAMUEL BERNARD,siret_insee,51083238900033,510832389,81.30Z,2009-03-01,01,85300,SOULLANS,https://www.bernardpaysages-creationdejardin.fr/mentions-legales/,ok_insee
5797d4fb-d8b3-4725-b697-7ebbfa0b473a,Atlantique concept paysage,atlantiqueconceptpaysage@gmail.com,http://www.atlantiqueconceptpaysage.fr/,,,,,,,,,,,,,no_mentions_page
450c665f-24b1-4305-9b2f-acd8b75ef6a0,Jardin Prestige,jardinprestige@orange.fr,http://www.jardin-prestige.fr/,,,,,,,,,,,,https://www.jardin-prestige.fr/mentions-legales/,no_dirigeant_found
a08edbd1-16b2-45cc-8658-f4f8205b884c,"Jaunatre Paysagiste, Pornic, Pisciniste, terrassement, enrobé, assainissement, Loire-Atlantique 44",vosexterieurs@jaunatre.fr,https://www.jaunatre.fr/,,,,,,,,,,,,https://www.jaunatre.fr/systeme/mentions-legales/,no_dirigeant_found
34d67868-a861-43e0-b76e-bab9f314a29b,Isabelle Vincent,cyril+team@agence-apv.fr,https://paysagiste-normandie.fr/ville/cabourg/,,,,,,,,,,,,,no_mentions_page
add45fb8-2c71-4bec-a55d-9f8d977657de,Erdre Paysage – Création & entretien de jardins,contact.part@erdrepaysage.fr,http://www.erdrepaysage.fr/,,,,,,,,,,,,,no_mentions_page
cfcde62e-0eca-43eb-8ed9-376509d1fedb,Paysage des Campanules,contact@paysagedescampanules.com,https://www.paysagedescampanules.com/,CHRISTIAN,REMAUD (REMAUD),CHRISTIAN REMAUD (REMAUD),siret_insee,48537904400020,485379044,81.30Z,2006-01-03,NN,85220,COEX,https://www.paysagedescampanules.com/mentions-legales/,ok_insee
ef59de08-19c7-4604-a725-22fc23537852,Paysagiste Saint Jean de Monts,contact@parcs-jardins.fr,http://www.parcs-jardins.fr/,SIMON,ZERMANI,SIMON ZERMANI,siret_insee,87942948800023,879429488,81.30Z,2019-11-13,03,85160,SAINT-JEAN-DE-MONTS,http://parcs-jardins.fr/mentions-legales/,ok_insee
d158fd3b-b4e1-42ac-840a-b2f877be1b3c,Entreprise Reinard RJL,chevalieranthony49@outlook.fr,https://www.artisan-paysagiste-44.fr/,,,,,,,,,,,,https://www.artisan-paysagiste-44.fr/mentions-legales,no_dirigeant_found
3d83bbba-66e0-4f6b-be99-0afcbec4ce41,Fleurs Du Large,fleursdularge@orange.fr,https://www.fleursdularge.fr/,VINCENT MICKAEL GERARD,GAUTRONNEAU (GAUTRONNEAU),VINCENT MICKAEL GERARD GAUTRONNEAU (GAUTRONNEAU),siret_insee,48290930600029,482909306,81.30Z,2005-04-01,03,85470,BRETIGNOLLES-SUR-MER,https://www.fleursdularge.fr/mentions-legales/,ok_insee
a322ad9d-72b5-481a-a507-dadc99a2534e,PAYSAGE EN ILE,paysage.en.ile@orange.fr,http://www.paysageenile.com/,JÉRÉMY,HAMARD,JÉRÉMY HAMARD,siret_insee,50287498500018,502874985,81.30Z,2008-03-01,03,85680,LA GUERINIERE,http://www.paysageenile.com/mentions-legales/,ok_insee
c8c98c31-75a7-424e-b4ee-adaecda54b4a,Verdon Paysage,mickael.verdon@wanadoo.fr,https://www.verdon-paysagiste.fr/,MICKAEL GERALD LAURENT,VERDON (VERDON),MICKAEL GERALD LAURENT VERDON (VERDON),siret_insee,48106874000010,481068740,43.99D,2005-03-01,01,85170,LES LUCS-SUR-BOULOGNE,https://www.verdon-paysagiste.fr/mentions-legales,ok_insee
2831a5ab-e0e2-4d14-b47e-0065e40448a8,Chauvin Paysage - Paysagiste et Pisciniste,contact@chauvinpaysage.fr,https://chauvinpaysage.fr/,,,,,,,,,,,,,no_mentions_page
c7a7671c-97f8-4611-b7f6-7c88ba452ecf,UNIVERT SABLAIS - Chaigneau Univert,contact@univert-sablais.com,https://univert-sablais.fr/,,,,,,,,,,,,https://univert-sablais.fr/mentions-legales/,no_dirigeant_found
8c6de756-818c-45f3-b93d-aa8574bce92f,Ortie,secretariat@ortiepaysage.com,https://www.ortie-paysage.fr/,,,,,,,,,,,,,no_mentions_page
dc1bb8de-01eb-42ca-9dcb-d6b82fe08d4c,ID2B,contact@id2b.fr,https://www.id2b.fr/,,,,mentions_legales,,,,,,,,https://www.id2b.fr/mentions-legales/,no_dirigeant_found
fce3ef58-6320-47f1-934c-3c664f07da2b,Sauv’Terre Paysages,sauvterre.paysages@gmail.com,http://sauvterrepaysages.fr/,,,,,,,,,,,,http://sauvterrepaysages.fr/mentions-legales/,no_dirigeant_found
b15d8f87-f3df-4ce5-8e16-b64af9b4e2f5,E.N.P.J.,enpj@orange.fr,https://www.enpj.fr/,FRANCIS,BONHOMME,FRANCIS BONHOMME,siret_insee,33075322900013,330753229,81.30Z,1984-04-15,03,44300,NANTES,https://www.enpj.fr/mentions-legales.php,ok_insee
3c98c61a-967c-4065-9e40-e382e1b8c602,MK PAYSAGE,mkpaysage44@gmail.com,https://mkpaysage44.fr/,KÉVIN,MAUMESSON,KÉVIN MAUMESSON,siret_insee,98129647800010,981296478,81.30Z,2023-11-06,NN,44480,DONGES,https://mkpaysage44.fr/mentions-legales,ok_insee
028ff713-c296-4533-a477-adc7d076279a,Loire Paysage,contact@loire-paysage.fr,http://www.loire-paysage.fr/,,,,,,,,,,,,https://www.loire-paysage.fr/mentions-legales/,no_dirigeant_found
fa789421-f729-4ee6-bbd3-dd673f146fab,Côte et Jardins S.A.R.L.,contact@cote-jardins-pornic.fr,https://www.cote-jardins-pornic.fr/,LAURENT,ALLARD (ALLARD),LAURENT ALLARD (ALLARD),siret_insee,42476141900045,424761419,63.11Z,1999-10-15,42,59100,ROUBAIX,https://cote-jardins-pornic.fr/mentions-legales/,ok_insee
fc9f6644-d83e-4b1f-9076-e362aa1410e5,Espace Nature,sarl.espacenature85@gmail.com,http://www.espace-nature85.com/?utm_source=gmb,,,,,,,,,,,,https://www.espace-nature85.com/?utm_source=gmb/mentions-legales,no_dirigeant_found
61ecf07e-c24f-4d4e-b225-52573ba123b9,VERT D'HIER CREATION,contact@vertdhiercreation.fr,http://www.vertdhiercreation.com/,,,,,,,,,,,,,no_mentions_page
6def313b-d8d1-4598-9f84-bea3ed811c19,T-Cap Paysage,tcappaysage@gmail.com,https://www.tcappaysage.fr/,,,,,,,,,,,,,no_mentions_page
c9a6c1ed-e1de-4557-9118-cb7aeed53460,PAPYRUS PAYSAGE,contact@papyrus-paysage.fr,https://www.papyrus-paysage.fr/,,,,,,,,,,,,https://www.papyrus-paysage.fr (home),no_dirigeant_found
48aac9cb-19f5-4ce1-b555-fd0a0eb317a1,Garden Concept,garden.concept@orange.fr,http://www.paysagiste-gardenconcept.fr/,JONATHAN,BOUDIGOU,JONATHAN BOUDIGOU,siret_insee,90807505400019,908075054,81.30Z,2021-12-06,01,85800,GIVRAND,https://www.paysagiste-gardenconcept.fr/mentions-legales,ok_insee
6a6b25b3-7519-4f64-ba75-a186b92f7ece,Sud Loire Paysage,paysagesudloire@gmail.com,http://www.sud-loire-paysage-lege.fr/,DIDIER,CHAIGNEAU,DIDIER CHAIGNEAU,siret_insee,43430830000012,434308300,81.30Z,2001-01-08,02,44650,LEGE,https://www.sud-loire-paysage-lege.fr/mentions-legales,ok_insee
f63ff956-e108-4c76-a81e-96b388435acd,SMP,contact@menard-paysagiste.fr,http://www.menard-paysagiste.fr/,SEBASTIEN FREDERIC PHILIPPE,MENARD,SEBASTIEN FREDERIC PHILIPPE MENARD,siret_insee,51068151300014,510681513,81.30Z,2009-02-02,11,44320,SAINT-VIAUD,http://www.menard-paysagiste.fr/mentions-legales/,ok_insee
98eec600-5620-4d22-8c88-28c73c94fe46,FABRICE CHOBLET,fabrice-choblet@orange.fr,http://www.fabricechoblet-paysage.fr/?utm_medium=referral&utm_source=gmb&utm_campaign=lnk-gmb,,,,,,,,,,,,https://www.fabricechoblet-paysage.fr/?utm_medium=referral&utm_source=gmb&utm_campaign=lnk-gmb/mentions-legales,no_dirigeant_found
ff2b9efc-29ed-4d3f-8155-b3e3f44163fc,Les Jardins de Rémi,contact@lesjardinsderemi.fr,https://www.lesjardinsderemi.fr/,REMI MICHEL RENE,STIER,REMI MICHEL RENE STIER,siret_insee,89197999900010,891979999,81.30Z,2020-12-10,NN,85220,APREMONT,https://www.lesjardinsderemi.fr (home),ok_insee
5e6c773c-65ca-4b20-802a-bbff4c9d56c6,Océanic Systems,contact@oceanic-systems.fr,http://www.oceanic-systems.fr/,GAETAN,WARNET,GAETAN WARNET,siret_insee,79188448900018,791884489,81.30Z,2013-03-01,NN,85300,LE PERRIER,https://oceanic-systems.fr/mentions-legales.html,ok_insee
ef5c1fe7-54ea-4ab1-abe5-ae0fdb636469,LG PAYSAGE,lgpaysages@outlook.com,https://www.lg-paysage.fr/,,,,,,,,,,,,,no_mentions_page
2bc10989-364d-45b3-b9b8-fac1fdd7c520,ECPSylvain,contact@ecp-sylvain.fr,http://www.ecp-sylvain.fr/,SYLVAIN,ALBERTEAU,SYLVAIN ALBERTEAU,siret_insee,84476330000010,844763300,81.30Z,2019-01-02,02,44750,CAMPBON,http://ecp-sylvain.fr/mentions-legales/,ok_insee
94b34030-771c-4617-9a60-0ec16e65a9cd,Jardins Élément Terre,jardins.element.terre@gmail.com,http://www.jardins-element-terre.fr/,FABIEN,GUILLOT,FABIEN GUILLOT,siret_insee,81903730000020,819037300,81.30Z,2016-03-02,NN,85800,GIVRAND,https://jardins-element-terre.fr/mentions-legales/,ok_insee
98170f43-778f-4414-aae1-c955b2b14a9c,"EXTERALU : pergola, portail, store banne, carport, véranda à Compiègne",compiegne@exteralu.fr,https://www.exteralu.fr/,,,,,79490410900015,,,,,,,https://www.exteralu.fr/mentions-legales,no_dirigeant_found
e837e5e9-20a0-4c85-8f40-33ba3ab0f2a9,BoJardin,contact@bo-jardin.fr,https://bo-jardin.fr/,[NON-DIFFUSIBLE],[NON-DIFFUSIBLE],[NON-DIFFUSIBLE] [NON-DIFFUSIBLE],siret_insee,98357793300010,983577933,43.12A,2024-01-15,NN,[NON-DIFFUSIBLE],CHAUMES-EN-RETZ,https://bo-jardin.fr (home),ok_insee
37facede-3345-4e4f-8239-a8dbbe24fe6b,Quiniou Bois Et Jardin,contact@quiniou-boisetjardin.bzh,https://www.quiniou-boisetjardin.bzh/,N,QUINIOU YANNICK,QUINIOU YANNICK N,mentions_legales,,,,,,,,https://www.quiniou-boisetjardin.bzh/mentions-legales,ok_mentions
ce3cca58-4422-42e7-a332-2ef4f2ad3c73,ID JARDIN,fbarrois@idjardin.com,https://www.idjardin.com/,FABRICE,BARROIS,FABRICE BARROIS,siret_insee,42281891400018,422818914,81.30Z,1999-04-01,12,85100,LES SABLES D'OLONNE,https://www.idjardin.com/mentions-legales/,ok_insee
8fc771db-fec9-4dc6-9c32-a2e5d5970e77,Atlantic Sud Paysage,asp-thomas@atlantic-sud-paysage.com,https://www.atlantic-sud-paysage.com/,DANIEL JEAN-PIERRE MARIE,BOUYER,DANIEL JEAN-PIERRE MARIE BOUYER,siret_insee,32937160300021,329371603,81.30Z,1984-01-01,12,44640,LE PELLERIN,https://www.atlantic-sud-paysage.com/mentions-legales/,ok_insee
aa01b04b-3ec3-4e44-86c3-8eb28b5cc10f,LCM paysagiste,lecamjuanito11@gmail.com,https://lcm-paysagiste-84.webnode.fr/,,,,,,,,,,,,,no_mentions_page
e822c42b-aa49-4864-8142-50256fba113f,"Jardivert, paysagiste à Villeneuve-en-Retz",contact@jardivert-paysagiste-44.fr,http://www.jardivert-paysagiste-44.fr/,MELANIE,BLUTEAU,MELANIE BLUTEAU,siret_insee,85387634000011,853876340,81.30Z,2019-09-10,02,44580,VILLENEUVE-EN-RETZ,http://www.jardivert-paysagiste-44.fr/mentions-legales/,ok_insee
d6490091-77da-486f-ae2f-861313833e81,Jardi'CA,contact@jardica.net,https://www.jardica.net/,CHARLIE DOMINIQUE ALAIN,ARNOULT,CHARLIE DOMINIQUE ALAIN ARNOULT,siret_insee,91083112200015,910831122,81.30Z,2022-03-01,NN,44240,LA CHAPELLE-SUR-ERDRE,https://www.jardica.net/mentions-legales,ok_insee
3bac24df-4d80-4ef9-9614-6bd07a0c9623,"KOMILFO Avranches - Pergolas, Stores, Fenêtres, Menuiseries, Portails",contact@komilfo.fr,https://komilfo.fr/,FRANCK,DANET,FRANCK DANET,siret_insee,44009679000058,440096790,71.12B,2002-01-01,12,35000,RENNES,https://www.komilfo.fr/mentions-legales,ok_insee
95e03160-afda-4a22-9663-bfb03f24be45,ECO CLÔTURES by Environnement Center,contact@environnement-center.fr,http://www.menuiserie-environnement-center.com/,,,,,,,,,,,,http://www.menuiserie-environnement-center.com/mentions-legales/,no_dirigeant_found
706c63ff-b98b-4b0c-b7c1-196753dfb62c,Fillaud Créations,fillaudcreations@gmail.com,https://fillaudcreations.fr/,Fabien,FILLAUD,Fabien FILLAUD,mentions_legales,,,,,,,,https://fillaudcreations.fr/?view=article&id=4&catid=2,ok_mentions
2a129bf8-28c2-42dc-afc9-74d640e4ca34,ID CREATION,contact@idcreationpaysage.fr,http://idcreationpaysage.fr/?utm_source=gmb,,,,,,,,,,,,https://idcreationpaysage.fr/?utm_source=gmb/mentions-legales,no_dirigeant_found
15dc2e0b-ee36-4d91-9cfa-2bd9207a2a2b,PROLIANS NORMANDIE Vire,infodesca@descours-cabaud.net,https://www.prolians.fr/?utm_source=GMB&utm_medium=organic,,,,,,,,,,,,https://www.prolians.fr/?utm_source=GMB&utm_medium=organic/mentions-legales,no_dirigeant_found
44d1a66b-401d-43fc-922d-9782d0eb0938,PROLIANS NORMANDIE Saint-Lô Agneaux,infodesca@descours-cabaud.net,https://www.prolians.fr/?utm_source=GMB&utm_medium=organic,,,,,,,,,,,,https://www.prolians.fr/?utm_source=GMB&utm_medium=organic/mentions-legales,no_dirigeant_found
c019ceaa-b399-4ef3-86d7-3f3f50c92674,PROLIANS NORMANDIE Cherbourg-en-Cotentin,infodesca@descours-cabaud.net,https://www.prolians.fr/?utm_source=GMB&utm_medium=organic,,,,,,,,,,,,https://www.prolians.fr/?utm_source=GMB&utm_medium=organic/mentions-legales,no_dirigeant_found
8005465f-a927-446f-bf3c-5c286498edb1,AM Création,adrienmael.creation@gmail.com,https://am-creation.fr/,,,,,,,,,,,,https://am-creation.fr/mentions-legales/,no_dirigeant_found
30a289c4-f49c-4658-96ea-4fa7988a9d47,Atout Clotures,contact@atoutclotures.fr,https://atoutclotures.fr/,ERIC RENE CYRIAC,MICLOTTE,ERIC RENE CYRIAC MICLOTTE,siret_insee,80942771900012,809427719,46.19B,2015-02-09,01,60360,CREVECŒUR-LE-GRAND,https://atoutclotures.fr/mentions-legales,ok_insee
19506b62-a9b5-433e-a974-536283d05621,Pomona Paysage - espaces verts,contact@pomona-paysage.fr,https://pomona-paysage.fr/,ROLAND,DE MONTRICHARD,ROLAND DE MONTRICHARD,siret_insee,93783567600019,937835676,81.30Z,2024-11-24,NN,44100,NANTES,https://pomona-paysage.fr/mentions-legales/,ok_insee
ac81b525-b454-4a09-8676-dd035f3490f7,PROLIANS CMB Lannion,infodesca@descours-cabaud.net,https://www.prolians.fr/?utm_source=GMB&utm_medium=organic,,,,,,,,,,,,https://www.prolians.fr/?utm_source=GMB&utm_medium=organic/mentions-legales,no_dirigeant_found
504c13c9-58ba-4042-b034-40b8335ae781,TIM - Clôtures Portails Motorisation Aluminium Plastiques,secretariat@tim-sa.fr,http://www.tim-sa.fr/,,,,,,,,,,,,https://www.tim-sa.fr/404.php,no_dirigeant_found
fb9b18ef-d9e4-492a-8ff3-f89ad79ff679,Cessou Paysagiste,bureau@cessou-paysagiste.com,http://www.cessou-paysagiste.com/,,,,,,,,,,,,http://cessou-paysagiste.com/mentions-legales/,no_dirigeant_found
30a5a66a-2172-42fa-a2ae-52fd914faee9,GP paysage,guillaumepetra@hotmail.fr,https://www.gp-paysage.fr/,,,,,,,,,,,,https://www.gp-paysage.fr/mentions-legales/,no_dirigeant_found
c735f6c5-9332-4cae-afb6-84a7e21c2f18,Jardins Des Dunes,a.couthier54@gmail.com,http://jardinsdesdunes.fr/?utm_source=gmb,,,,,,,,,,,,https://www.jardinsdesdunes.fr/?utm_source=gmb%2Fmentions-legales,no_dirigeant_found
ad64d210-79ce-46a5-a712-f0cebb06ac09,Ar'Mor Création Aménagement,contact.aca56@gmail.com,http://www.armor-creation-amenagement.fr/,,,,,,,,,,,,,no_mentions_page
ed738a4d-80a3-40f5-9b12-4084c85e2008,PROLIANS BOSSU CUVELIER Abbeville,infodesca@descours-cabaud.net,https://www.prolians.fr/?utm_source=GMB&utm_medium=organic,,,,,,,,,,,,https://www.prolians.fr/?utm_source=GMB&utm_medium=organic/mentions-legales,no_dirigeant_found
e98d4e40-9b41-4b98-8db8-6db2e75bb343,la main verte jardin paysage,eric@lamainvertepaysage.com,http://lamainvertepaysage.com/,ERIC,VRIGNAUD,ERIC VRIGNAUD,siret_insee,53845160000018,538451600,81.30Z,2012-01-01,01,44130,BOUVRON,https://www.lamainvertepaysage.com/mentions-legales/,ok_insee
2e53bf78-44b9-4403-b9e8-9782bc5cec5e,MT Automatismes Pergolas Carports Portails Clôtures,contact@mtautomatismes.fr,http://mtautomatismes.fr/,,,,,,,,,,,,,no_mentions_page
06113f00-0af2-4e68-b12c-ffcc8a5a0412,Easy Clôture - Spécialiste de clôture et grillages en ligne,contact@easycloture.com,https://www.easycloture.com/,,,,,,,,,,,,https://www.easycloture.com (home),no_dirigeant_found
53a623b4-7561-4a0c-9d70-fd017f445c7a,TOOKLO,contact@tooklo.bzh,https://tooklo.bzh/,Nicolas,NOBE,Nicolas NOBE,mentions_legales,,,,,,,,https://tooklo.bzh/tooklo-mentions-legales/,ok_mentions
ff3cd34a-abef-4d42-9fd1-0f9f67b191dc,Côté Clôture Mélantois,contact.basrhin@cote-cloture.fr,https://www.cote-cloture.fr/,,,,,84072430600013,,,,,,,https://www.cote-cloture.fr/content/2-mentions-legales,no_dirigeant_found
300ce1d6-aa77-47aa-9ee6-d77c0586d2b8,PROLIANS NORMANDIE Avranches Saint-Senier,infodesca@descours-cabaud.net,https://www.prolians.fr/?utm_source=GMB&utm_medium=organic,,,,,,,,,,,,https://www.prolians.fr/?utm_source=GMB&utm_medium=organic/mentions-legales,no_dirigeant_found
77c83818-db75-404c-ba65-4ded8b5e94b5,MSME AMENAGEMENT,contact@leray.info,https://leray.info/page/msme-amenagement-bedee-6130c30d6314e835cb3802d8/rennes%20-%2035,,,,,,,,,,,,https://leray.info/pro/msme-amenagement-bedee-6130c30d6314e835cb3802d8,no_dirigeant_found
4eb68ab5-32bc-42ea-a0ae-f931379d71b1,Lecomte PAYSAGE,contact@lecomtepaysage.com,https://lecomtepaysage.com/,,,,,,,,,,,,https://lecomtepaysage.com/mentions-legales/,no_dirigeant_found
5b200276-92e2-4716-bae7-c1a54dbfb3a6,DM paysage,dmpaysage56@gmail.com,https://dmpaysage56.fr/,Mathieu,Duclos,Mathieu Duclos,mentions_legales,,,,,,,,https://dmpaysage56.fr/mentions-legales/,ok_mentions
cf34d9ad-ac39-4a44-adb6-cf58a461df60,PROLIANS CMB Morlaix Saint-Martin-des-Champs,infodesca@descours-cabaud.net,https://www.prolians.fr/?utm_source=GMB&utm_medium=organic,,,,,,,,,,,,https://www.prolians.fr/?utm_source=GMB&utm_medium=organic/mentions-legales,no_dirigeant_found
4bae3ee3-e877-4bd8-bd4b-cdfb7bcf4931,VINCENT GUILLARD,contact@leray.info,https://www.leray.info/page/vincent-guillard-paysagiste-mauron-633720d6f8cf2636c1807a83/null,,,,,,,,,,,,https://leray.info/pro/vincent-guillard-paysagiste-mauron-633720d6f8cf2636c1807a83,no_dirigeant_found
eb449a1f-a06a-424f-ba55-d08762eb0b69,Althea Nova,edano@althea-nova.fr,https://www.althea-nova.fr/,,,,,,,,,,,,https://www.althea-nova.fr/mentions-legales/,no_dirigeant_found
990ff874-24ac-426e-824c-b12288201d16,PROLIANS CMB Quimperlé,infodesca@descours-cabaud.net,https://www.prolians.fr/?utm_source=GMB&utm_medium=organic,,,,,,,,,,,,https://www.prolians.fr/?utm_source=GMB&utm_medium=organic/mentions-legales,no_dirigeant_found
37415615-8fc9-4eea-a734-cb521126752e,LAFON Bois Clôtures,dolioso@orange.fr,https://www.lafon-bois-clotures.fr/,MATHIAS,LAFON,MATHIAS LAFON,siret_insee,60980414100016,609804141,46.73A,1960-01-01,01,91570,BIEVRES,https://www.lafon-bois-clotures.fr (home),ok_insee
a6e45c5f-0148-40be-a151-fb8a4cea55cd,PROLIANS CMB Concarneau,infodesca@descours-cabaud.net,https://www.prolians.fr/?utm_source=GMB&utm_medium=organic,,,,,,,,,,,,https://www.prolians.fr/?utm_source=GMB&utm_medium=organic/mentions-legales,no_dirigeant_found
5b7a3a2a-9724-4db0-9c68-46a6189f8d4d,Clostra,contact@clostra.fr,https://www.clostra.fr/,,,,,,,,,,,,https://www.clostra.fr (home),no_dirigeant_found
816524f3-04de-4b81-a82e-cf2fab213446,Les Ateliers de L'Oust,ateliers-deloust@wanadoo.fr,https://ateliersdeloust.fr/,Les,Ateliers de l,Les Ateliers de l,mentions_legales,,,,,,,,https://ateliersdeloust.fr/mentions-legales/,ok_mentions
46c6fde1-3f75-416e-8669-e6eb9d7297f0,CÔTÉ JARDIN,herveferrand@hotmail.fr,https://www.cote-jardin-56.fr/,,,,,,,,,,,,https://www.cote-jardin-56.fr/mentions-legales/,no_dirigeant_found
4741e86c-4849-4779-9a04-18d6b49c9313,ID Bois - Terrasse - Clôture - Bardage - Abris - Carport - Parquet - Lambris - Sol stratifié - Sol Vinyle,idbois@idbois.fr,https://www.idbois.com/,Maud,Foucher,Maud Foucher,mentions_legales,,,,,,,,https://www.idbois.com/content/2-mentions-legales,ok_mentions
06d6c83b-197b-4be5-a55c-9ee5b2369898,2MPA - Calais,contact@2mpaservices.fr,https://2mpaservices.fr/,,,,,,,,,,,,https://2mpaservices.fr/mentions-legales/,no_dirigeant_found
9a69ba48-de21-48aa-9710-9febbf9013b1,OCM - Ouest Clôtures Matériaux,contact@ouestcloturesmateriaux.com,http://ouestcloturesmateriaux.com/?utm_medium=referral&utm_source=gmb&utm_campaign=lnk-gmb,,,,,,,,,,,,https://ouestcloturesmateriaux.com/?utm_medium=referral&utm_source=gmb&utm_campaign=lnk-gmb/mentions-legales,no_dirigeant_found
9697560d-3dbf-4c34-a432-2abba96a46b4,Végétal design,contact.vegetaldesign@gmail.com,https://www.vegetaldesign.fr/,,,,mentions_legales,,,,,,,,https://www.vegetaldesign.fr/mentions-legales/,no_dirigeant_found
47d5c8ac-0a86-4b37-a82a-1104d1e92c68,"SIRAM Caen - Installation Fenêtres, Portes, Portails, Pergolas, Carports, Volets Menuiserie extérieure PVC, alu et bois",commercial@siram.fr,https://www.siram.fr/,David,Moulinet,David Moulinet,mentions_legales,,,,,,,,https://www.siram.fr/mentions-legales,ok_mentions
b8c22eaa-0875-4189-9b10-33f34182e62e,JARDIN BRETON - Entretien et création de parcs et jardins,bonjour@jardinbreton29.fr,https://www.jardinbreton29.fr/,de,ce fait. Si l,de ce fait. Si l,mentions_legales,,,,,,,,https://jardinbreton29.fr/mentions-legales/,ok_mentions
07dd3eb2-e96d-42ec-82c7-6f1efae7db7c,OCÉPLAST - OCÉWOOD,standard@oceplast.fr,http://www.ocewood.fr/,,,,,,,,,,,,https://www.ocewood.fr/mentions-legales,no_dirigeant_found
bc26bf7c-9fd9-4386-873d-2bb9c04d7964,"Renov' Habitat SOLABAIE - Portes, fenêtres, volets, portails, portes de garage, pergolas, stores, ITE, bardages et isolations",renovhabitat50@sfr.fr,http://www.renovhabitat50.com/,JEROME GUY JOSE,LEVILLAIN,JEROME GUY JOSE LEVILLAIN,siret_insee,82157841600017,821578416,43.32A,2016-07-18,03,50250,LA HAYE,https://www.renovhabitat50.com/cgu/,ok_insee
a983771e-fb3e-4ac1-a06f-49119ac51116,Les clotures du littoral,contact@lescloturesdulittoral.fr,http://www.lescloturesdulittoral.fr/,LAURENT,ALLARD (ALLARD),LAURENT ALLARD (ALLARD),siret_insee,42476141900045,424761419,63.11Z,1999-10-15,42,59100,ROUBAIX,https://www.lescloturesdulittoral.fr/mentions.php,ok_insee
f46c32b9-b7c2-44be-b42b-dd362ffd0610,"Ardennes menuiseries concept : fenêtres, portes, volets, portails, clôtures, garde-corps",contact@exploseo.fr,http://www.ardennes-menuiseries-concept.fr/,,,,,,,,,,,,https://ardennes-menuiseries-concept.fr/mentions,no_dirigeant_found
6ce2f453-e92c-44f5-a4e9-10cf770f722e,Côté Clôture Littoral,contact.basrhin@cote-cloture.fr,https://www.cote-cloture.fr/,,,,,84072430600013,,,,,,,https://www.cote-cloture.fr/content/2-mentions-legales,no_dirigeant_found
2f2daef1-930a-46b6-9c44-081ecd27bc73,Egide by Normabaie - portails et clôtures,standard@normabaie.fr,http://www.normabaie.fr/portail-cloture/,Christophe,Corvi,Christophe Corvi,mentions_legales,,,,,,,,https://www.normabaie.fr/mentions-legales/,ok_mentions
138b5f75-114f-46f0-9ebc-6bebf1a72d29,Gael Rolland Paysage,grtj44@gmail.com,https://www.gael-rolland-paysagiste.fr/,,,,,,,,,,,,https://www.gael-rolland-paysagiste.fr/mentions-legales/,no_dirigeant_found
f66da2a9-64a9-4e91-a043-f92c5b73ccbc,JPP Automatismes - Portail,jppautomatismes@gmail.com,https://www.jppa.fr/,,,,,,,,,,,,https://jppa.fr/mentions-legales,no_dirigeant_found
861c2461-dd6d-4705-9128-35fbf90d284d,Distri Clôtures Côte d'Emeraude,accueil@distri-clotures.fr,https://www.distri-clotures.fr/,RAPHAEL,ANGLERAUX,RAPHAEL ANGLERAUX,siret_insee,43247863400046,432478634,63.11Z,2000-08-08,12,35510,CESSON-SEVIGNE,https://www.distri-clotures.fr/mentions-legales/,ok_insee
99973890-0056-4cd3-915f-3d8357b6d6e5,Distri Clotures,accueil@distri-clotures.fr,https://www.distri-clotures.fr/,RAPHAEL,ANGLERAUX,RAPHAEL ANGLERAUX,siret_insee,43247863400046,432478634,63.11Z,2000-08-08,12,35510,CESSON-SEVIGNE,https://www.distri-clotures.fr/mentions-legales/,ok_insee
be31887d-6314-4748-82c8-fb1335a812ac,"Socodime à Saint Lô - Fabricant Installateur Portails, Vérandas, Carports, Fenêtres, Pergolas...",tourville@socodime.fr,http://www.socodime.com/,EMILIEN JEAN DOMINIQUE,LABBE (LABBE),EMILIEN JEAN DOMINIQUE LABBE (LABBE),siret_insee,33175945600030,331759456,25.12Z,1985-02-11,11,50200,TOURVILLE-SUR-SIENNE,http://www.socodime.com/mentions-legales/,ok_insee
c7f1d391-300f-461a-80fb-44e5b58a8b7e,PROLIANS CMB Pontivy,infodesca@descours-cabaud.net,https://www.prolians.fr/?utm_source=GMB&utm_medium=organic,,,,,,,,,,,,https://www.prolians.fr/?utm_source=GMB&utm_medium=organic/mentions-legales,no_dirigeant_found
864b99ac-07a7-48c3-aaa6-826aa684a80d,"ACME - SOLABAIE Fenêtres (PVC,ALU,BOIS), Portes d'entrée, Portails et Clôtures, Volets, Stores, Pergolas, Portes de garage",huet.fabien@gmail.com,http://www.acme-menuiseries.fr/,Philippe,DAMIENS,Philippe DAMIENS,mentions_legales,,,,,,,,https://acme-menuiseries.fr/mentions-legales/,ok_mentions
ad128b85-1d3a-426c-a5f1-6092a67c4523,"EXTERALU : pergola, portail, store banne, carport, véranda à Saint-Omer",compiegne@exteralu.fr,https://www.exteralu.fr/,,,,,79490410900015,,,,,,,https://www.exteralu.fr/mentions-legales,no_dirigeant_found
0b33f8fe-168b-42dd-a0e4-33f3a634aa32,Entreprise Générale de Clôtures - EGC,egc@egc.fr,https://www.egc.fr/,JEAN-LOUIS GUY,LATRASSE,JEAN-LOUIS GUY LATRASSE,siret_insee,78495033900019,784950339,43.29B,1900-01-01,12,77400,LAGNY-SUR-MARNE,https://www.egc.fr/mentions-legales,ok_insee
5c2ba59c-8bab-4108-8c64-7b7943140815,Bretignolles Clôture Aménagement,contact@clotures-nantaises.fr,https://www.clotures-nantaises.fr/,,,,,,,,,,,,https://www.clotures-nantaises.fr/mentions-legales,no_dirigeant_found
1d3f704f-1d40-4004-a5e3-9d6f97e4b735,CAUDEVEL (ETS),contact@cloturescaudevel.fr,https://www.cloturescaudevel.fr/,,,,,,,,,,,,https://www.cloturescaudevel.fr/mentions-legales/,no_dirigeant_found
461b03ed-c79e-40f5-b441-07debdd25437,AFI - ACIER FOURNITURES INDUSTRIELLES,afi@afi-normandie.com,https://www.afi-pro.com/,,,,,,,,,,,,,no_mentions_page
56e4edae-b222-4b7a-ad9d-ead6c30c3f8b,MD Menuiserie - Saint-Martin-Boulogne 62,contact@mdmenuiserie62.fr,https://www.mdmenuiserie62.fr/,,,,,,,,,,,,,no_mentions_page
c2d36568-8bfb-410b-8a4c-e24c30715583,"EXTERALU : pergola, portail, store banne, carport, véranda à Saint-Quentin",compiegne@exteralu.fr,https://www.exteralu.fr/,,,,,79490410900015,,,,,,,https://www.exteralu.fr/mentions-legales,no_dirigeant_found
5cfe0ae2-5331-49df-b8be-d3f903fcef17,"Access Alu Fabricant et installateur de Portails, carports ...",marinesnauwaert@gmail.com,https://www.access-alu.fr/,Julien,Leclercq,Julien Leclercq,mentions_legales,,,,,,,,https://www.access-alu.fr/mentions-legales,ok_mentions
ca85e910-91ff-44a2-bb87-23d04cc277ca,"Fevre Gabriel - Maçonnerie - Clotûres - Terrasses, Sainte-Pazanne",contact@agence-saycom.fr,https://www.maconnerie-gabriel-fevre.com/,,,,,,,,,,,,https://www.maconnerie-gabriel-fevre.com/mentions-legales-fevre-gabriel/,no_dirigeant_found
9a1b35f3-db13-454e-a504-65c5ed879214,Vue d'extérieur - Aménagement paysager,contact@vuedexterieur.com,https://www.vuedexterieur.fr/,[NON-DIFFUSIBLE],[NON-DIFFUSIBLE],[NON-DIFFUSIBLE] [NON-DIFFUSIBLE],siret_insee,80116904600027,801169046,74.10Z,2014-04-01,NN,[NON-DIFFUSIBLE],FITZ-JAMES,https://www.vuedexterieur.fr/mentions-legales/,ok_insee
ee7743a2-b474-4662-91f9-ae32795e256c,BP Terrassement Pinchon,bpterrassement62@gmail.com,https://www.bp-terrassement.fr/,BRANDON NICOLAS,PINCHON (PINCHON),BRANDON NICOLAS PINCHON (PINCHON),siret_insee,75148449400040,751484494,95.29Z,2012-05-15,NN,62990,MARESQUEL-ECQUEMICOURT,https://www.bp-terrassement.fr/mentions-legales/,ok_insee
e3c98b45-9d84-416e-ad0a-77cfe4258905,VISEE CLOTURES ET PORTAILS,info@viseecloture.com,https://viseecloture.be/,,,,,,,,,,,,,no_mentions_page
f72378a5-788d-4890-835b-bcead839f3d4,THIOLON clôtures,thiolon@thiolon.fr,http://www.thiolon.fr/,CHRISTOPHE RENAUD,THIOLON,CHRISTOPHE RENAUD THIOLON,siret_insee,57221167000037,572211670,46.74A,1900-01-01,03,94260,FRESNES,http://www.thiolon.fr (home),ok_insee
7b5903fb-fbd3-43ad-be98-fed2549f5fdb,PROLIANS CMB Quimper Hippodrome,infodesca@descours-cabaud.net,https://www.prolians.fr/?utm_source=GMB&utm_medium=organic,,,,,,,,,,,,https://www.prolians.fr/?utm_source=GMB&utm_medium=organic/mentions-legales,no_dirigeant_found
676aa91d-2bfe-4d9c-af95-2b46fcc606fb,Côté Clôture Côtes d'Armor,contact.basrhin@cote-cloture.fr,https://www.cote-cloture.fr/,,,,,84072430600013,,,,,,,https://www.cote-cloture.fr/content/2-mentions-legales,no_dirigeant_found
50387aa4-1ff7-43e0-be4f-eff57ea5ac51,Clôture-Privée,contact@cloture-privee.fr,https://www.cloture-privee.com/,GHISLAIN,BISSON,GHISLAIN BISSON,siret_insee,49328634800039,493286348,46.72Z,2006-12-15,12,61450,LA FERRIERE-AUX-ETANGS,https://www.cloture-privee.com/page/mentions-legales-2,ok_insee
f9ce3337-285f-44c9-893e-bd0de0793919,Tissoires Paysages,tissoires.services@gmail.com,http://www.tissoirespaysages.com/,,,,,,,,,,,,,no_mentions_page
5174a364-e198-4a0a-bb19-f4a2e2d3ee4f,Lorraine Clôture 55,contact@lorrainecloture55.fr,http://lorrainecloture55.fr/,,,,,,,,,,,,,no_mentions_page
1bf28b68-92e1-4e87-b699-b4fdfc024709,Clôture béton 76,cloturebetonseinemaritime@gmail.com,http://www-cloturebeton76.fr/,,,,,,,,,,,,http://www-cloturebeton76.fr (home),no_dirigeant_found
34af767a-cb52-4cc0-8dae-15c4daa1e389,Neves Clôtures,neves.clotures@gmail.com,http://neves-clotures.fr/,,,,,,,,,,,,,no_mentions_page
0f2940e4-17ce-40fe-8b00-028b7ab05476,ETS Laurent PONTHIEUX,nathan.ponthieux@orange.fr,https://www.ets-laurent-ponthieux.fr/,est,Monsieur Laurent Ponthieux,est Monsieur Laurent Ponthieux,mentions_legales,,,,,,,,https://www.ets-laurent-ponthieux.fr/mentions-legales/,ok_mentions
ae551fca-ced4-463c-a48a-7562b4ab3e9e,Dufrasne Paysagiste,contact@dufrasne.fr,https://dufrasne.fr/,Dufrasne,Piscine,Dufrasne Piscine,mentions_legales,,,,,,,,https://dufrasne.fr/mentions-legales/,ok_mentions
7471a8a6-a5e1-45ae-aef0-593e6b15fb48,az cloture distribution,devis@az-cloture-distribution.fr,http://www.az-cloture-distribution.fr/,ERIC JEAN,WAGNER,ERIC JEAN WAGNER,siret_insee,74984201900012,749842019,46.73A,2012-02-15,02,52170,BAYARD-SUR-MARNE,https://www.az-cloture-distribution.fr/mentions-legales/,ok_insee
dc99aeb9-3fc8-42b2-9d61-930d707e0ef7,Etablissements Decuyper - Sodam Decuyper,contact@sodam-decuyper.fr,http://www.sodam-decuyper.fr/,DAVID THIERRY BERNARD LEON,GRIGY,DAVID THIERRY BERNARD LEON GRIGY,siret_insee,78878355300050,788783553,62.02A,2012-11-01,01,62400,BETHUNE,https://www.sodam-decuyper.fr/mentions-legales.html,ok_insee
725312a8-3351-4d25-b347-1ce6aae43854,Hello Fermetures,contact@hello-fermetures.com,https://www.hello-fermetures.com/?utm_source=gmb,,,,,,,,,,,,https://hello-fermetures.com/?utm_source=gmb/mentions-legales,no_dirigeant_found
5df506c0-9ca4-4e56-8b32-07f9efaf43d5,Newtech Fermetures - Portail Carport Clôture sur Mesure,24contact@newtech-fermetures.com,http://newtech-fermetures.com/,FRANCOIS,DECOCK,FRANCOIS DECOCK,siret_insee,44078339700043,440783397,43.32B,2002-02-04,11,59273,FRETIN,https://newtech-fermetures.com/mentions-legales-et-conditions-dutilisation/,ok_insee
a98b2231-902a-4eec-8ced-e8800705dc82,L' Univers du Jardin - Clôtures & Portails,contact@universdujardin.com,https://universdujardin.com/,,,,,,,,,,,,https://www.universdujardin.com/,no_dirigeant_found
cb2235f3-2562-4bc0-ace5-d0e95731c8b2,Clôture Littoral Nord,cloturelittoralnord@gmail.com,https://cloture-littoral-nord.fr/,GEOFFREY,DEWET (DEWET),GEOFFREY DEWET (DEWET),siret_insee,88961880700016,889618807,46.73A,2020-10-01,NN,62850,ALEMBON,https://cloture-littoral-nord.fr/mentions-legales/,ok_insee
ed2578f2-44dd-40f6-9a16-ef62954860d7,A Fleur D'écorce,benoitlillichpaysagiste@gmail.com,http://www.elagage-ile-de-france.com/,BENOIT,LILLICH,BENOIT LILLICH,siret_insee,53748347100026,537483471,81.30Z,2011-11-01,01,77320,LESCHEROLLES,http://www.elagage-ile-de-france.com/mentions-legales,ok_insee
78f52ede-dfae-4f59-89db-434951f6bc31,Concept Elagage & Clôtures,conceptelagage59@gmail.com,https://www.elagage-clotures-nord.fr/,BERNARD,PRUVOST,BERNARD PRUVOST,siret_insee,79952907800013,799529078,81.30Z,2014-01-02,01,59150,WATTRELOS,https://www.elagage-clotures-nord.fr/mentions-legales,ok_insee
b229e9d6-4d68-4c17-8407-61b06396cc84,ClotureO,info@clotureo.fr,http://www.clotureo.fr/,JEAN-PHILIPPE ANDRE,BELNAND,JEAN-PHILIPPE ANDRE BELNAND,siret_insee,53243174900011,532431749,74.90B,2011-05-02,01,91090,LISSES,https://www.clotureo.fr/content/2-mentions-legales,ok_insee
8108cbc6-0869-4bfe-9be0-d32ca379b505,Store Déco Lemoine,camillelemoine@store-deco.com,https://www.store-deco.com/,PHILIPPE FRANCOIS,LEMOINE,PHILIPPE FRANCOIS LEMOINE,siret_insee,35074098100054,350740981,43.32A,1989-05-01,12,02100,SAINT-QUENTIN,https://www.store-deco.com/mentions-legales,ok_insee
6b89aac2-4c78-4c9a-9be1-cc2847f9be10,IDESIGN - Protection Solaire & Storiste Île de France,idesign@idesign-deco.fr,https://www.idesign-deco.fr/,,,,,,,,,,,,https://www.idesign-deco.fr/mentions-legales/,no_dirigeant_found
56cb10a2-1c9d-4766-bbf5-905858e87bf6,Chatelet Fermeture,contact@eldo.com,https://www.eldo.com/pro/chatelet_fermeture/,HUGO,MELET,HUGO MELET,siret_insee,82882780800019,828827808,70.22Z,2017-03-01,12,31000,TOULOUSE,https://www.eldo.com/mentionsLegales,ok_insee
fdd615b9-16da-470a-8f21-c6bf322e35ff,Art et Fenêtres Reims,dpo@artetfenetres.fr,https://reims.artetfenetres.com/?utm_campaign=GMB_reims&utm_medium=organic&utm_source=GMB,,,,,,,,,,,,https://www.artetfenetres.com/revendeur/reims.html?utm_campaign=GMB_reims&utm_medium=organic&utm_source=GMB/mentions-legales,no_dirigeant_found
1f748471-8e99-4621-9a34-30fb290c1bb5,Clôtures Saniez,dorothee.sauvage@clotures-saniez.com,http://www.clotures-saniez.com/,JEREMY EGIZIANO JEAN,JOUSSE,JEREMY EGIZIANO JEAN JOUSSE,siret_insee,80797596600035,807975966,47.91B,2014-12-01,NN,59265,AUBENCHEUL-AU-BAC,http://www.clotures-saniez.com/mentions-legales,ok_insee
fcd30e0d-75c0-490f-80fb-3dde567c7073,Maintenance Portail et clôture,maintenance.portails@gmail.com,http://maintenanceportails.com/,,,,,,,,,,,,,no_mentions_page
852ef320-309f-402f-b388-e12914da3c6a,SAS TP ENROBE,tp.enrobe.cloture@gmail.com,http://tpenrobecloture.com/index.php,,,,,,,,,,,,,no_mentions_page
0fcb14ba-5706-4bff-982c-bea6fc668295,Laurent Gosset Clôture,laurentgosset4@gmail.com,http://www.laurentgosset-cloture.fr/,LAURENT,GOSSET (GOSSET),LAURENT GOSSET (GOSSET),siret_insee,89200306200015,892003062,43.29B,2021-01-01,02,80600,BOUQUEMAISON,https://laurentgosset-cloture.fr/fr/page/mentions-legales,ok_insee
8926e74c-28b0-4f02-8c91-b371c3c180e7,Portails et Paysages,lerosier50@cegetel.net,http://portailsetpaysages.com/,,,,,,,,,,,,,no_mentions_page
1535b37c-1683-41ec-9a4e-8ef949373282,Jardin Paysage - Création et entretien - Gondecourt,jardin_paysage@hotmail.fr,https://www.jardinpaysage.net/,,,,,,,,,,,,https://www.jardinpaysage.net/contact/mentions-legales/,no_dirigeant_found
f2eb94e7-2251-4e5a-a8c7-f540d669bb3d,Établissements Normand,etsnormand60@gmail.com,https://www.ets-normand.fr/,est Monsieur Baptiste,BOURALY,est Monsieur Baptiste BOURALY,mentions_legales,,,,,,,,https://www.ets-normand.fr/mentions-legales/,ok_mentions
afb49606-fe25-4c80-8e27-184e06ce0e3b,L'Expert Fenêtre - Entreprise Parisienne De Sécurité - Quincy Voisins,contact@parisienne-securite.fr,https://www.parisienne-securite.fr/,LAURENT,ALLARD (ALLARD),LAURENT ALLARD (ALLARD),siret_insee,42476141900045,424761419,63.11Z,1999-10-15,42,59100,ROUBAIX,https://parisienne-securite.fr/mentions-legales/,ok_insee
b9f3f75c-076e-49ee-aac9-a40c0dda5e2f,Ets DEMAISON,cdemaison@etsdemaison.fr,https://www.etsdemaison.fr/,CLEMENT,DEMAISON (DEMAISON),CLEMENT DEMAISON (DEMAISON),siret_insee,89314243000014,893142430,43.12A,2021-01-19,01,80340,MORCOURT,https://www.etsdemaison.fr/mentions-legales,ok_insee
aef5edeb-a85f-4aea-84d7-10135c1c99ec,SCOP LES JARDINS DE DEMAIN,contact@jardins-de-demain.fr,http://www.jardins-de-demain.fr/,,,,,,,,,,,,,no_mentions_page
ed76a8af-e98f-4f95-a10f-3ae5bb3a5b3f,Clôtures et Portails d'Hazebrouck,contact@cphazebrouck.fr,https://cphazebrouck.fr/,MATTHIEU,DUPUIS,MATTHIEU DUPUIS,siret_insee,38451062400032,384510624,43.29B,1992-01-20,22,59128,FLERS-EN-ESCREBIEUX,https://cphazebrouck.fr/mentions-legales/,ok_insee
8c74fbcb-7001-42ab-af75-d371b01301e2,Les Grillages de Pierrefonds,contact@grillages-pierrefonds.fr,http://www.grillages-pierrefonds.fr/,MATTHIEU,DUPUIS,MATTHIEU DUPUIS,siret_insee,38451062400040,384510624,43.29B,1992-01-20,22,59128,FLERS-EN-ESCREBIEUX,http://www.grillages-pierrefonds.fr/mentions-legales/,ok_insee
453d67e4-fa93-4ec4-9068-5451eff9b8c5,Giorgi Parcs Et Jardins,paysagiorgi@wanadoo.fr,https://www.giorgi-paysagiste.fr/,JULIEN,GIORGI,JULIEN GIORGI,siret_insee,32474567800049,324745678,81.30Z,1982-01-01,12,62950,NOYELLES-GODAULT,https://www.giorgi-paysagiste.fr/mentions-legales,ok_insee
4c38a5a3-235d-4b1b-ad37-20ff19f2215f,Clôtures & Portails du Douaisis,contact@commtoi.com,https://cloturesetportails.fr/?utm_source=gmb,,,,,,,,,,,,https://cloturesetportails.fr/?utm_source=gmb%2Fmentions-legales,no_dirigeant_found
36f67321-816f-40fd-8ed7-f3bb592045a9,Vétiver Jardin - Paysagiste & Élagage,contact@vetiverjardin.fr,https://www.vetiverjardin.fr/,CHRISTOPHE,VAST (VAST),CHRISTOPHE VAST (VAST),siret_insee,52441368900018,524413689,81.30Z,2010-09-01,03,59130,LAMBERSART,https://www.vetiverjardin.fr/mentions-legales,ok_insee
b8599b02-0611-4656-81f4-1c372cfa62fa,BS Entreprise Reims / Travaux de Rénovation,secretariat@bs-entreprise.fr,https://bs-entreprise-renovation-51.com/,,,,mentions_legales,,,,,,,,https://bs-entreprise-renovation-51.com/mentions-legales/,no_dirigeant_found
1ebede3a-2363-4ee2-93af-ef8a809b3c64,Aménagement exterieur Desrumaux Sébastien élagage,sebastiendesrumaux@orange.fr,http://www.sebastiendesrumaux.com/,SEBASTIEN,DESRUMAUX (DESRUMAUX),SEBASTIEN DESRUMAUX (DESRUMAUX),siret_insee,44038002000022,440380020,81.30Z,2002-01-02,02,59840,PERENCHIES,https://www.sebastiendesrumaux.com/mentions-legales,ok_insee
e68766fc-4b68-493e-9c5d-c87bc3cc4c84,De Azevedo,contact@deazevedo-batiment.fr,https://www.deazevedo-batiment.fr/,,,,,,,,,,,,https://www.deazevedo-batiment.fr/mention-legales/,no_dirigeant_found
bf8d2835-8766-435d-8a89-4fabc28981e2,VIB Clôtures,contact@vib-clotures.fr,https://www.vib-clotures.fr/,Vincent,BETEMS,Vincent BETEMS,mentions_legales,,,,,,,,https://www.vib-clotures.fr/mentions-legales/,ok_mentions
cb1d63ec-3f41-4c20-9a7d-5dfc6dd2f658,Espace Décor SARL,contact@espace-decor-paysagiste.fr,http://www.espace-decor-paysagiste.fr/,,,,,,,,,,,,http://www.espace-decor-paysagiste.fr (home),no_dirigeant_found
3d6a2fe5-e6be-4fa6-8582-318b11b08d36,ROBBE Menuiserie & Domotique,a.quilliot@robbepvc.fr,https://www.robbemd.fr/,,,,,,,,,,,,https://robbemd.fr/mentions-legales/,no_dirigeant_found
e79170c1-5824-4a08-85e0-da07311a3510,SARL DUCHATEAU - Paysagiste,contact@duchateaufrancois.fr,https://duchateaufrancois.fr/,MARIE-LUCIE,DUCHATEAU,MARIE-LUCIE DUCHATEAU,siret_insee,48172959800013,481729598,81.30Z,2005-01-01,02,77370,CHATEAUBLEAU,https://duchateaufrancois.fr/mentions-legales/,ok_insee
eebc01a1-8134-46f3-a1ef-73221327f356,AT HOME Fermetures & Couvertures,contact@athomefermetures.com,https://www.athomefermetures.com/,GREGORY,BAZIN (BAZIN),GREGORY BAZIN (BAZIN),siret_insee,52047833000027,520478330,43.32B,2010-03-01,11,59270,BAILLEUL,https://www.athomefermetures.com/mentions,ok_insee
0b5df409-1256-4e6e-bf37-0c98055f856e,Delefortrie Paysages - Entretien - Conception,bureau@delefortrie.fr,http://www.delefortrie.fr/,,,,,,,,,,,,https://delefortrie.fr/mentions-legales/,no_dirigeant_found
733e625e-bfa8-4ee6-9120-5b35b608c799,Ma clôture SANIEZ - Saint-Quentin,contact@macloture-saniez.fr,https://www.macloture-saniez.com/,DOROTHEE,SAUVAGE,DOROTHEE SAUVAGE,siret_insee,84903266900012,849032669,43.29B,2019-03-01,11,59730,SOLESMES,https://www.macloture-saniez.com/mentions-legales/,ok_insee
9ae86641-d982-4e43-abc5-3221e6663c3f,Moras Paysages,moras.paysages@orange.fr,https://www.moraspaysages.com/,CHRISTOPHE,VIET (VIET),CHRISTOPHE VIET (VIET),siret_insee,44308212800028,443082128,81.30Z,2002-08-01,03,77510,DOUE,https://www.moraspaysages.com/mentions-legales,ok_insee
3cefa8ec-199f-47c5-9eb9-d657881cb8ba,OD Bois & Clôture,contact@odboisetcloture.fr,https://www.odboisetcloture.fr/,,,,,,,,,,,,https://www.odboisetcloture.fr (home),no_dirigeant_found
d377c617-10d0-4d2c-ad74-7f5469fb93f9,Hardy Stores Et Fermetures,contact@hardystores.net,https://www.hardy-stores-fermetures.fr/,,,,,48492206700026,,,,,,,https://www.hardy-stores-fermetures.fr/mentions-legales,no_dirigeant_found
5c627242-6785-45c1-93cb-9990e882a34e,Goosse Terrassement Lux Sàrl,contact@goosseterrassement.com,https://goosseterrassement.eu/,,,,,,,,,,,,,no_mentions_page
85cee89b-b8db-4a45-99c1-3034afcf3f07,La Fourmi Verte Solutions Jardin,contact@la-fourmi-verte.fr,http://la-fourmi-verte.fr/,,,,,,,,,,,,http://la-fourmi-verte.fr (home),no_dirigeant_found
390f3783-cf38-4f96-a06f-c7eb0d1bf91d,FAA Menuiseries,faamenuiseries@gmail.com,https://faamenuiseries.fr/,Menuiseries,FAA,FAA Menuiseries,mentions_legales,,,,,,,,https://faamenuiseries.fr/fr/page/mentions-legales,ok_mentions
4fba657a-c1fb-47ed-9cd8-d085fad9f890,COMPAGNIE DES CLOTURES,contact@cloturecc.fr,https://compagniedesclotures.squarespace.com/,,,,,,,,,,,,https://compagniedesclotures.squarespace.com (home),no_dirigeant_found
7761bd8d-b9c7-4d3b-a19f-0cd3241f2434,West Terrassement Aménagements,west.terrassement@outlook.fr,https://west-terrassement-amenagement.fr/,,Antunes,Antunes,mentions_legales,,,,,,,,https://west-terrassement-amenagement.fr/mentions-legales/,ok_mentions
98c642d3-fff1-4674-b8dd-926f4c745002,Besenius Portails et Clôtures,info@besenius.lu,https://www.portails-et-clotures.com/,,,,,,,,,,,,https://www.portails-et-clotures.com (home),no_dirigeant_found
cca71d3e-f8d2-485f-9fbf-e87aa9cefcd0,PS Jardinage Paysagiste Sàrl,psjardinage@gmail.com,https://www.ps-jardinage.lu/,,,,,,,,,,,,https://www.ps-jardinage.lu (home),no_dirigeant_found
c476d075-0a6b-4a70-af83-bf87d3ce52e4,Clovan,info@clovan.eu,https://clovan.eu/?utm_source=gmb,,,,,,,,,,,,https://clovan.eu/?utm_source=gmb%2Fmentions-legales,no_dirigeant_found
f26f5d5a-89d3-49aa-927f-e16fa765bd3b,"AM1 Fermetures - Pose de Fenêtres, Volets, Portes & Portails à Epinal",fermetures.am1@gmail.com,https://www.fermetures-am1.fr/,de,AM,de AM,mentions_legales,,,,,,,,https://www.fermetures-am1.fr (home),ok_mentions
40c0eeac-8d04-4461-8c23-886083aea60e,C2H Fermetures,contact@c2h-fermetures.com,http://www.c2h-fermetures.com/,FREDDY,CHICOT,FREDDY CHICOT,siret_insee,82933921700012,829339217,43.32A,2017-04-26,03,77510,REBAIS,http://www.c2h-fermetures.com/mentions-legales/,ok_insee
2d4b39f0-bff9-4727-aedd-8a0b30e977aa,La Fermeture Française,contact@lafermeturefrancaise.fr,http://www.lafermeturefrancaise.fr/,,,,,,,,,,,,https://www.lafermeturefrancaise.fr/cgv,no_dirigeant_found
4c6e46c9-3bb1-4127-921d-055b143654a9,Pereira de Jesus Paysagiste Sàrl,pereirapaysagiste@gmail.com,https://pereirapaysagiste.lu/,,,,mentions_legales,,,,,,,,https://www.pereirapaysagiste.lu/mentions-legales,no_dirigeant_found
624cc44b-b9ad-4740-b953-71adae632e82,SARL AFM CLOSPEED,minettefrederic@free.fr,http://afmsarl.fr/,DOMINIQUE ANDRE YOANN,MONACO,DOMINIQUE ANDRE YOANN MONACO,siret_insee,81891603300025,818916033,70.21Z,2016-03-03,11,88100,REMOMEIX,http://www.afmsarl.fr/mentions-legales/,ok_insee
ce4a45a1-3975-4a50-ba46-aca723dbfabb,Concept4,info@concept4.lu,https://www.concept4.lu/,LAURENT,ALLARD (ALLARD),LAURENT ALLARD (ALLARD),siret_insee,42476141900045,424761419,63.11Z,1999-10-15,42,59100,ROUBAIX,https://www.concept4.lu/mentions-legales/,ok_insee
ff3b311b-fdc2-458f-b359-e25c8352aa25,GRAILLOT / Terres de Fenêtre (Fenêtres - Pergola - Volets - Portes d'entrées - Portes de garage - Portails - Vérandas ),contact@graillot51.fr,http://www.graillot51.fr/,Jean-Michel,BROQUET GRAILLOT,Jean-Michel BROQUET GRAILLOT,mentions_legales,,,,,,,,http://graillot51.fr/mentions-legales/,ok_mentions
6c48c2e7-55e8-4350-905f-7be39ed502d7,Vert Veine Creation Sàrl,info@vertveine.lu,https://www.vertveine.lu/,,,,mentions_legales,,,,,,,,https://www.vertveine.lu/mentions-legales,no_dirigeant_found
5e209fdb-4898-4045-9d9c-6a61f2b4584e,Gimel Paysages - Aménagement extérieur - Clôture 77,contact@gimelpaysages.fr,https://www.gimelpaysages.fr/,,,,,,,,,,,,,no_mentions_page
35853a91-0f88-49e5-b422-f0f04c4b000a,AZ Clôture,contact@az-cloture.fr,https://www.azcloture.com/,Eric,Wagner,Eric Wagner,mentions_legales,,,,,,,,https://azcloture.com/mentions-legales/,ok_mentions
46046acd-c190-4a45-b269-71a6db5e9639,Les Espaces Verts De La Champagne,espaces-verts-champagne@orange.fr,http://www.espaces-verts-champagne.fr/,,,,,,,,,,,,http://www.espaces-verts-champagne.fr (home),no_dirigeant_found
1cbe1c7d-20fb-4ab0-8cd3-a920229a2403,LTS Paysage,lorenzobrochard10@icloud.com,https://www.lts-paysage.fr/,,,,mentions_legales,,,,,,,,https://www.lts-paysage.fr/mentions-legales/,no_dirigeant_found
7624e36f-4629-4634-a1c7-b25e5a0f0746,L&S Green Creations,info@lsgreencreations.com,https://www.lsgreencreations.com/,,,,,,,,,,,,https://www.lsgreencreations.com (home),no_dirigeant_found
ef347770-fe5b-42be-9066-694cb2cd730e,Leo Huynen Sarl,accueil@leo-huynen.fr,http://www.leo-huynen.fr/,Claire,HUYNEN IMMATRICULATION,Claire HUYNEN IMMATRICULATION,mentions_legales,45207807400039,,,,,,,http://leo-huynen.fr/mentions-legales/,ok_mentions
1a556752-3fd9-466c-897b-cb2860d44e28,Etablissements Corson-Lemaire,contact@corson-lemaire.fr,https://www.corson-lemaire.fr/,,,,,,,,,,,,https://www.corson-lemaire.fr/mentions-legales/,no_dirigeant_found
b480d2c3-0a60-4eb2-b4e3-7cef3e1b5bd4,Leo Huynen,accueil@leo-huynen.fr,https://leo-huynen.fr/?utm_source=gmb,,,,,,,,,,,,https://leo-huynen.fr/?utm_source=gmb%2Fmentions-legales,no_dirigeant_found
5c54a704-d34c-4452-ace6-c2bf12e77869,Finalu,contact@clos2000.fr,http://www.clos2000.fr/,Philippe,REGNAULT,Philippe REGNAULT,mentions_legales,,,,,,,,https://clos2000.fr/mentions-legales/,ok_mentions
8068928a-94a8-42fa-8334-00e5d89f4646,Lux Concept & Pergola,contact@luxconcept-pergola.lu,https://luxconcept-pergola.lu/,Geoffrey,CHAUDESAIGUES,CHAUDESAIGUES Geoffrey,mentions_legales,,,,,,,,https://luxconcept-pergola.lu/mentions-legales/,ok_mentions
e6c10ba9-a3cf-4334-ab31-37e3357c486e,Innovation Nature et Paysage,webmaster.wilkom@gmail.com,https://www.innovation-nature-paysage.fr/,,,,mentions_legales,,,,,,,,https://www.innovation-nature-paysage.fr/mentions-legales/,no_dirigeant_found
97e739f7-b699-477f-9d4a-333a829e481b,Natural Garden's Cardose & Fortes SARLS,info@naturalgardens.lu,https://www.naturalgardens.lu/,,,,,,,,,,,,,no_mentions_page
310e8e0b-8d94-4876-afbe-80f836f3ad11,"SOUGO , clôtures , portails & aménagements extérieurs",contact@sougo.fr,http://www.sougo.fr/,,,,,,,,,,,,http://sougo.fr/mentions-legales/,no_dirigeant_found
3d48df4e-6b93-42d5-8dab-a05d47739710,Colver Créateur de jardin,contact@colver.fr,https://www.colver.fr/?utm_source=gmb,,,,,,,,,,,,https://colver.fr/?utm_source=gmb%2Fmentions-legales,no_dirigeant_found
73e8742e-2148-47db-994d-1cdf1ec8005b,Cloture Louis,cloturelouis@gmail.com,https://cloture-louis-57.fr/,CHARLENE,LOUIS,CHARLENE LOUIS,siret_insee,53278143200028,532781432,43.32A,2011-06-01,01,57070,METZ,https://cloture-louis-57.fr/fr/page/mentions-legales,ok_insee
33459325-ce19-41ae-a780-95e3d58fc7d0,Tempo-Lock,contact@tempo-lock.fr,https://www.tempo-lock.fr/?utm_medium=referral&utm_source=gmb&utm_campaign=lnk-gmb,,,,,,,,,,,,https://tempo-lock.fr/?utm_medium=referral&utm_source=gmb&utm_campaign=lnk-gmb/mentions-legales,no_dirigeant_found
53fa5c8b-5894-4dfa-9479-9f84721381c5,Clotures Et Portails de France,s.delcourt@cpfgroupe.fr,https://www.cpfgroupe.fr/,,,,,,,,,,,,,no_mentions_page
2f894fa4-88f6-4c45-a4e8-ec03760749b0,Au Natur'L - Paysagiste,aunaturel.paysages@gmail.com,https://www.naturenscene.fr/,,,,mentions_legales,,,,,,,,https://www.naturenscene.fr/mentions-legales/,no_dirigeant_found
a13f72d6-a759-4633-9e68-bc932f439ce5,MS Concept,contact@msconcept-metallerie.com,https://www.msconcept-metallerie.com/?utm_source=gmb,,,,,,,,,,,,https://www.msconcept-metallerie.com/?utm_source=gmb/mentions-legales,no_dirigeant_found
15dd64f6-60d1-4ede-bf86-de1fbf5b945d,Vallet Paysage Jardinier Paysagiste,mr.vallet.fbl@gmail.com,http://www.vallet-paysage-lorraine.com/?utm_source=google&utm_medium=wix_google_business_profile&utm_campaign=9425931641362103118,JORDAN,VALLET (VALLET),JORDAN VALLET (VALLET),siret_insee,85174058900011,851740589,81.30Z,2019-04-16,NN,54150,NORROY-LE-SEC,https://www.vallet-paysage-lorraine.com/?utm_source=google&utm_medium=wix_google_business_profile&utm_campaign=9425931641362103118/mentions-legales,ok_insee
2d93470b-631c-43d9-810a-f129a672edb6,"CAS Lux - Clôtures, barrières, portails et grillages",info@cas-lux.lu,https://www.cas-lux.lu/?utm_source=google&utm_medium=organic&utm_campaign=gmb&utm_content=website_link,,,,,,,,,,,,https://www.cas-lux.lu/?utm_source=google&utm_medium=organic&utm_campaign=gmb&utm_content=website_link/mentions-legales,no_dirigeant_found
c0c5ad9c-fcd6-495f-80db-3e87c3604b5b,ENTREPRISE DE MENUISERIE SALIOU,contact@menuiseriesaliou.fr,http://www.menuiseriesaliou.fr/,,,,,,,,,,,,,no_mentions_page
8cd770fb-7867-4640-8dbc-45cb578100e4,Protec-Fermetures,direction@protecfermetures.fr,https://www.protecfermetures.com/,,,,,,,,,,,,https://protecfermetures.com/mentions-legales,no_dirigeant_found
c31db670-838c-476a-82be-f813bad7782e,CIP & Clôtures,contact@cipcloture.fr,http://www.cipcloture.fr/,CHRISTIAN,CARITE (CARITE),CHRISTIAN CARITE (CARITE),siret_insee,89468377000024,894683770,81.30Z,2021-03-01,11,60300,SENLIS,https://www.cipcloture.fr/mentions,ok_insee
93ebac38-880c-4e95-898c-e735436925cb,Chantrieux rénovation couvreur pose de vélux rénovation réparation démoussage urgence toiture Rouen,daylonchantrieux87@gmail.com,https://www.chantrieux-renovation.fr/,Daylon,Chantrieux,Daylon Chantrieux,mentions_legales,,,,,,,,https://www.chantrieux-renovation.fr/mentions-legales,ok_mentions
b9ff9306-199c-4412-b541-39fd40c2df8c,LH Paysages,lhpaysages@gmail.com,https://lhpaysages.fr/,CHRISTOPHE,LE HIR (LE HIR),CHRISTOPHE LE HIR (LE HIR),siret_insee,89477015500030,894770155,81.30Z,2021-03-01,01,29217,PLOUGONVELIN,https://lhpaysages.fr/fr/page/mentions-legales,ok_insee
30c6a78d-98e9-4408-8a67-2062f219689a,FMS Fermetures Menuiseries Schoch Talange,jerome.k@fm-s.eu,https://fmsgroupe.fr/,,,,,42193247600045,,,,,,,https://fmsgroupe.fr/legales/mentions-legales/,no_dirigeant_found
dc84605c-65aa-467e-a25b-d9b707cc1181,CG Environnement Sàrl,cgenvironnement@email.lu,https://cg-environnement.lu/,,,,,,,,,,,,https://cg-environnement.lu (home),no_dirigeant_found
4f785373-85e4-4bf3-b96c-1e99aece62dd,Concept Home & Véranda,contact@concepthomeverandas.fr,http://concepthomeverandas.fr/,Arnaud,MAURICE,MAURICE Arnaud,mentions_legales,,,,,,,,http://concepthomeverandas.fr/mentions-legales/,ok_mentions
0f809ed2-3cb6-4ee1-9c25-8d608738c28f,EUROFENCE,bruno.caille@eurofence.pro,http://www.eurofence.pro/,,,,,,,,,,,,,no_mentions_page
70cc4706-50c6-42b2-8057-8d94c5f52ac3,LZR Sàrl,info@lzr.lu,https://www.lzr.lu/,,,,,,,,,,,,https://lzr.lu/mentions-legales/,no_dirigeant_found
87c0cb90-e472-44e1-9c00-808da9300f32,Presta service,presta.s.renovation@gmail.com,http://prestaservices.site-solocal.com/,LUCIANO JACQUES,DARNANVILLE (DARNANVILLE),LUCIANO JACQUES DARNANVILLE (DARNANVILLE),siret_insee,49043140000012,490431400,43.34Z,2006-06-01,NN,76570,PAVILLY,https://prestaservices.site-solocal.com/mentionslegales,ok_insee
7a07a2a5-6964-4a7c-b2df-f44013bc0321,Dam'Nature – Paysagiste par Dam'Nature – Paysagiste Metz Thionville,accueil@damnature.fr,https://www.damnature.fr/,,,,,,,,,,,,https://www.damnature.fr (home),no_dirigeant_found
a28d3b6b-7dbb-4104-99a4-8c5928153320,Manu Espaces Verts,manuespacesverts@gmail.com,https://www.manu-espaces-verts.fr/?utm_medium=referral&utm_source=gmb&utm_campaign=lnk-gmb,,,,,,,,,,,,https://www.manu-espaces-verts.fr/?utm_medium=referral&utm_source=gmb&utm_campaign=lnk-gmb/mentions-legales,no_dirigeant_found
8a2249bd-f2d3-4fae-949c-36b7601d1bae,Cloralisse,contact@cloralisse.fr,http://www.cloralisse.fr/fabricant-fournisseur-vente-cloture-professionnel,,,,,,,,,,,,,no_mentions_page
7612b380-5dc2-4df9-be77-8d0c7f7d3594,Aéby Sté,societe.aeby0@orange.fr,http://www.aeby-abris.fr/,ANETTE,CHEMIN (AEBY),ANETTE CHEMIN (AEBY),siret_insee,31990368800012,319903688,43.99C,1980-09-01,01,61100,LA SELLE-LA-FORGE,https://www.aeby-abris.fr/mentions-legales,ok_insee
f2dfebc2-4607-4324-9572-a6f9ab75cbb4,Maçonnerie Rénova Construction-Rénovation-création aménagement extérieur,renova.maconnerie@yahoo.com,https://maconnerie-renova.fr/,KÉVIN HENRI-LUC STÉPHANE,THOMAZEAU,KÉVIN HENRI-LUC STÉPHANE THOMAZEAU,siret_insee,93079973900014,930799739,43.99C,2024-07-01,NN,35800,DINARD,https://maconnerie-renova.fr/mentions-legales/,ok_insee
84362cbb-f028-441f-a5fe-11f4473762fa,Spellini S.àr.l.,info@spellini.lu,http://www.spellini.lu/,,,,,,,,,,,,http://www.spellini.lu (home),no_dirigeant_found
c9c8f59d-b211-4222-ac8d-9500b9a69356,L'artizan,contact@lartizan.bzh,https://www.lartizan.bzh/,,,,,,,,,,,,https://www.lartizan.bzh/mentions-legales/,no_dirigeant_found
4279eeef-c480-4d7a-89ac-37a74b721b13,AFC - Automatisations Fermetures Concept,contact@afc14.com,https://www.afc14.com/,LAURENT,ALLARD (ALLARD),LAURENT ALLARD (ALLARD),siret_insee,42476141900045,424761419,63.11Z,1999-10-15,42,59100,ROUBAIX,https://www.afc14.com/mentions,ok_insee
bce16553-92dc-4be2-b6e6-fa737dcef92a,ESPACE CLÔTURE CAEN,admin@adveris.fr,https://www.espace-cloture.fr/,,,,,,,,,,,,https://www.espace-cloture.fr/mentions-legales/,no_dirigeant_found
448ddb5d-1a73-4cbc-a301-fa3f3498a29e,SARL Costard,contact@entreprisecostard.fr,https://www.entreprisecostard.fr/,ALAIN PASCAL,COSTARD,ALAIN PASCAL COSTARD,siret_insee,50781581900010,507815819,43.21A,2008-07-01,03,35120,LA BOUSSAC,https://www.entreprisecostard.fr/mentions-legales,ok_insee
8951dae0-0f41-49b7-af9e-cbe689c0efdd,Langlois tp,davidlanglois44110@hotmail.fr,https://langloistp.fr/,LANGLOIS,DAVID,LANGLOIS DAVID,mentions_legales,,,,,,,,https://langloistp.fr/mentions-legales/,ok_mentions
61538c35-2f01-40d7-94b4-ce103a2cdf95,Ermelux SARLS,info@ermelux.lu,https://www.ermelux.lu/,Ermelux Eédaction,SARLS,Ermelux SARLS Eédaction,mentions_legales,,,,,,,,https://ermelux.lu/mentions-legales/,ok_mentions
7a100559-8eb4-4f05-82c0-8b833336b2e5,Maillard paysagiste,espacevert.maillard@wanadoo.fr,http://paysagiste-maillard.com/?utm_medium=referral&utm_source=gmb&utm_campaign=lnk-gmb,,,,,,,,,,,,https://www.paysagiste-maillard.com/?utm_medium=referral&utm_source=gmb&utm_campaign=lnk-gmb/mentions-legales,no_dirigeant_found
9f5726fb-f673-478d-a6d4-4d25d7fe2e6e,ACH Menuiserie SOLABAIE Avranches,contact@atlantem.fr,http://www.solabaie.fr/entreprise-menuiserie/manche/saint-martin-des-champs/ach-menuiserie-183,,,,,34013773600063,,,,,,,https://www.solabaie.fr/mentions-legales/,no_dirigeant_found
fba37411-f45c-47b2-ae6c-30f63be65717,Iso Rénovation SARL,contact@iso-renovation.fr,http://www.iso-renovation.fr/?utm_source=gmb,,,,,,,,,,,,https://www.iso-renovation.fr/?utm_source=gmb/mentions-legales,no_dirigeant_found
d12c371d-29eb-4386-bfd2-a0aad54ef901,Mgt clôture,mgtcloture@gmail.com,https://mgtcloture.fr/,,,,,,,,,,,,https://mgtcloture.fr (home),no_dirigeant_found
7c25f164-2183-4cee-ba2a-ccbce1e3dd6a,Paysage Luxembourgeois Sàrl,info@paysagelux.lu,http://www.paysagelux.lu/,,,,,,,,,,,,http://www.paysagelux.lu (home),no_dirigeant_found
d4d05294-f698-4ee6-9230-42f673198fa2,SARL LOUVE,contact@louve-bat.fr,http://www.louve-bat.fr/,,,,,61582080112551,,,,,,,https://louve-bat.fr/,no_dirigeant_found
734c6d83-ccb7-43ea-a9c2-f6e9e07fe871,A.F.I.,afi-@hotmail.fr,https://www.afiportesportailscotesdarmor.fr/,,,,,,,,,,,,,no_mentions_page
4cf7e7b1-9fa0-4bc0-b042-68bd172053a1,Portail Plus,contact@portailplus.com,http://www.portailplus.com/?utm_source=gmb,,,,,,,,,,,,https://www.portailplus.com/?utm_source=gmb%2Fmentions-legales,no_dirigeant_found
270fcee9-6e3c-4458-b321-6a1787d897fd,Normanet | Entreprise de nettoyage et entretien espaces verts Dives-sur-Mer,contact@normanet.net,http://normanet.net/,,NORMANET,NORMANET,mentions_legales,38315448100022,,,,,,,https://www.normanet.net/mentions-legales/,ok_mentions
cd0539ee-01ff-4372-acb9-b64653c31563,Domotic Fermetures,domotic.fermetures@wanadoo.fr,http://www.domotic-fermetures-29.com/,THIBAULT,LE BORGNE (LE BORGNE),THIBAULT LE BORGNE (LE BORGNE),siret_insee,43872249800013,438722498,43.21A,2001-06-17,02,29600,SAINT-MARTIN-DES-CHAMPS,https://domotic-fermetures-29.com/fr/page/mentions-legales,ok_insee
20c48a7e-659f-476e-b867-95173e1040cd,Manche Clôtures,contact@poulain-nicolle.fr,http://www.poulain-nicolle.fr/,AMAURY YVES MARIE,CLAISE,AMAURY YVES MARIE CLAISE,siret_insee,89861835000067,898618350,43.29B,2021-04-16,03,14650,CARPIQUET,https://www.poulain-nicolle.fr/mentionslegales,ok_insee
d50c5fc2-7e4d-4000-a502-afb3f09742c5,Sport Factory (Pareballon.fr) - Clôtures sportives et Equipements Sportifs,contact@pareballon.fr,https://www.pareballon.fr/,,,,,,,,,,,,,no_mentions_page
368e5bfb-45ef-4f51-ad04-9a3b01ed3bd9,RMT SERVICES,rmtservices22100@gmail.com,https://cloture-rmtservices.fr/,RICHARD CHRISTOPHE DANIEL,HULAUD,RICHARD CHRISTOPHE DANIEL HULAUD,siret_insee,91492467500012,914924675,81.21Z,2022-06-27,NN,22100,QUEVERT,https://cloture-rmtservices.fr/fr/page/mentions-legales,ok_insee
61149225-25a2-470b-ace6-924e0107ff73,EIRL YOHANN ANGOT,contact@menuiserie-angot.fr,https://www.yohannangot-50.fr/,YOHANN ROMAIN CYRILLE,ANGOT (ANGOT),YOHANN ROMAIN CYRILLE ANGOT (ANGOT),siret_insee,83421978400016,834219784,43.32A,2018-01-20,03,50190,MILLIERES,https://yohannangot-50.fr/fr/page/mentions-legales,ok_insee
189f1507-584f-493b-9140-34b5a0f72561,ESPACE CLÔTURE BREST,admin@adveris.fr,https://www.espace-cloture.fr/,,,,,,,,,,,,https://www.espace-cloture.fr/mentions-legales/,no_dirigeant_found
2346fbb3-9fc3-4676-bca7-3923e5d65f93,C Carré,info@ccarre-espacesverts.fr,https://www.ccarre-espacesverts.fr/,GERAULT THEO PHILIPPE,PRADAL (PRADAL),GERAULT THEO PHILIPPE PRADAL (PRADAL),siret_insee,91336809800012,913368098,81.30Z,2022-05-11,01,61100,LA SELLE-LA-FORGE,https://www.ccarre-espacesverts.fr/index.php/mentions-legales/,ok_insee
174a2c6f-6199-416e-93ff-404be31010d6,Metalu Plast - Fabricant d'équipements sportifs,yr@metalu-plast.com,https://www.metalu-plast.com/,Jean,Claude Behr,Jean Claude Behr,mentions_legales,,,,,,,,https://www.metalu-plast.com/mentions-legales/,ok_mentions
d4e08576-ef6a-4f8d-95f8-dc2eb979843c,Closystem,contact@closystem.com,https://www.closystem.com/,LAURENT,ALLARD (ALLARD),LAURENT ALLARD (ALLARD),siret_insee,42476141900045,424761419,63.11Z,1999-10-15,42,59100,ROUBAIX,https://www.closystem.com/mentions-legales/,ok_insee
aa37dada-3dbd-4349-a8f6-3e779605b9a4,AEV RENOVATION,contact@aev-renovation.fr,https://www.aev-renovation.fr/,,,,,,,,,,,,https://aev-renovation.fr/mentions-legales/,no_dirigeant_found
aba4ebbe-6de0-4110-805d-7cfd8f70f76a,GRIERE Paysage,grierepaysage@orange.fr,https://grierepaysage.fr/,Nicolas E-mail,GRIERE,Nicolas GRIERE E-mail,mentions_legales,,,,,,,,https://grierepaysage.fr/mentions-legales,ok_mentions
769770c1-28e1-4ca7-a989-cf32aa304266,SARL CHILE Frédéric,nastasia@chile-frederic.com,https://chile-frederic.com/,CHILE,FREDERIC,CHILE FREDERIC,mentions_legales,,,,,,,,https://chile-frederic.com/mentions-legales,ok_mentions
d019eb64-a271-4506-be95-d07df242b2ab,Jb Menuiserie 61,lolabonhommet@hotmail.fr,http://jbmenuiserie61.site-solocal.com/?utm_source=gmb,,,,,,,,,,,,https://jbmenuiserie61.site-solocal.com/?utm_source=gmb/mentions-legales,no_dirigeant_found
0ef6b9e2-f9fa-430f-9aff-941e3c08babb,Les Ouvertures de votre habitat,contact@o2vh.fr,https://www.les-ouvertures-de-votre-habitat.fr/,Jean-Michel,Léger,Jean-Michel Léger,mentions_legales,91382170800017,,,,,,,https://www.les-ouvertures-de-votre-habitat.fr/mentions-legales.php,ok_mentions
3822ee8c-61d9-46bd-9bb1-8504e49fc051,LC Rénover Menuiserie,philippe@lc-renover.fr,https://lc-renover.fr/,,,,,,,,,,,,https://lc-renover.fr/mentions-legales/,no_dirigeant_found
69e18f1b-5455-435b-9df7-fa648e6217c3,AN C,contact@anc.bzh,https://anc.bzh/?utm_source=gmb,,,,,,,,,,,,https://anc.bzh/?utm_source=gmb%2Fmentions-legales,no_dirigeant_found
35bbee23-77dd-41fa-9c0b-22e9a5a81580,PâtureSens,contact@paturesens.com,https://www.paturesens.com/,,,,,,,,,,,,,no_mentions_page
ab297409-41b5-4372-b2c2-8188c6530b6d,Maison Outdoor,maison.outdoor14@gmail.com,http://www.maison-outdoor.fr/?utm_source=gmb,,,,,,,,,,,,https://www.maison-outdoor.fr/?utm_source=gmb/mentions-legales,no_dirigeant_found
fe5a6a6b-a5bc-4b5b-81d9-c51cca22edb7,Art et Fenêtres - Bonnot Menuiseries,contact@menuiseriebonnot.fr,http://www.menuiseriebonnot.fr/,GILDAS,BONNOT (BONNOT),GILDAS BONNOT (BONNOT),siret_insee,43695007500024,436950075,43.33Z,1969-01-01,11,22140,BEGARD,https://www.menuiseriebonnot.fr/Mentions-legales_60.html,ok_insee
348c5c39-a9fb-48c9-857a-9863abfccfbe,SHM - Société Havraise de Menuiserie,contact@shm76.fr,http://www.shmlehavre.fr/?utm_source=gmb,,,,,,,,,,,,https://www.shmlehavre.fr/?utm_source=gmb/mentions-legales,no_dirigeant_found
c68dbe81-010f-4203-bb9b-1015e6e7a0c9,FC Paysage,fcpaysage@orange.fr,https://fcpaysage.fr/,FLAVIEN ROMAIN GUY,CREVON,FLAVIEN ROMAIN GUY CREVON,siret_insee,94908349700014,949083497,81.30Z,2023-02-01,02,50480,SAINTE-MERE-EGLISE,https://fcpaysage.fr/mentions-legales/,ok_insee
caed519c-5366-48e9-acd8-60651089d128,SOBELYA - Maçonnerie & Paysage,contact@sobelya.fr,https://www.sobelya.fr/,ROMAIN FRANCK THOMAS,BARBIN (BARBIN),ROMAIN FRANCK THOMAS BARBIN (BARBIN),siret_insee,82960919700027,829609197,43.99C,2017-06-01,03,85140,CHAUCHE,https://www.sobelya.fr/mentions-legales/,ok_insee
888a60a4-67ac-4554-934c-b02072eb461d,Jardi'Net Paysage,dumas.jardinet35@gmail.com,https://www.jardinet-paysage-35.fr/,,,,,,,,,,,,https://www.jardinet-paysage-35.fr/mentions-legales/,no_dirigeant_found
b3c0ea54-220f-4edd-be1d-36d1d72f55dd,Menuiserie Guérin,contact@menuiserieguerin.fr,http://www.guerin-menuiserie-flers.fr/,,,,,81424099000014,,,,,,,https://www.guerin-menuiserie-flers.fr/info,no_dirigeant_found
01391e8d-672f-4e09-aa48-b1247bf4e8c3,Clotures Tarlier,clotures.tarlier@cloturestarlier.fr,https://www.cloturestarlier.fr/,BENOIT,PANEL,BENOIT PANEL,mentions_legales,,,,,,,,https://www.cloturestarlier.fr/mentions-legales/,ok_mentions
8707fbe0-a84a-4b94-98e5-77a2f1cfeabf,CS Koncept,contact@cs-koncept.fr,http://www.cs-koncept.fr/,,,,,,,,,,,,https://www.cs-koncept.fr/mentions-legales/,no_dirigeant_found
e7d3dac1-27ef-4c89-a1de-87f083203c15,Stores et fermetures de l’eure,slefaye@storeferm27.fr,https://www.stores-fermetures27.fr/,STEVE HUBERT JEAN,LEFAYE (LEFAYE),STEVE HUBERT JEAN LEFAYE (LEFAYE),siret_insee,90364200700020,903642007,43.32A,2021-09-28,03,27220,GROSSŒUVRE,https://www.stores-fermetures27.fr/fr/mentions-legales,ok_insee
062460b0-38a4-469f-91e1-1bc1d871ed35,Volets Portes D' Aujourd Hui,mathias.paul@voletsetportes.com,https://www.voletsetportes.com/,JEROME GILBERT,PAUL,JEROME GILBERT PAUL,siret_insee,33050165100021,330501651,43.32A,1984-08-02,03,76600,LE HAVRE,https://www.voletsetportes.com/mentions-legales,ok_insee
2e5bd412-8dfb-4d89-8532-7706c8a4229a,"GYT | Portails, Clôtures, Volets et Portes de garage sur-mesure",contact@gyt.fr,http://www.gyt.fr/,,,,,,,,,,,,https://www.gyt.fr/mentions-legales,no_dirigeant_found
16c4010e-c67b-4f49-9c3d-b53cf60d3ce9,Oudin SAS,contact@oudinsas.fr,http://www.oudin-menuiserie85.fr/,,,,,50831145300023,,,,,,,https://www.oudin-menuiserie85.fr/mentions-legales,no_dirigeant_found
1783c12c-885a-4953-a11e-fc090eab02d4,Clôture-Portail-Services,contact@cloture-portail-services.fr,https://cloture-portail-services.fr/,,,,,,,,,,,,,no_mentions_page
0cd19ee9-6a72-43f4-a73e-fd21dd91f8ad,Multiclo,info@multiclo.fr,http://multiclo.fr/index.php?disableIntro=true,,,,,,,,,,,,https://multiclo.fr/index.php?disableIntro=true/mentions-legales,no_dirigeant_found
c694169d-75f6-42c0-911f-2bc8676fe31d,Alliance Paysages,alliancepaysages@laposte.net,http://www.alliancepaysages.com/,HERVE JEAN ALAIN,BOURHIS,HERVE JEAN ALAIN BOURHIS,siret_insee,49898754400018,498987544,81.30Z,2007-08-01,02,44690,CHATEAU-THEBAUD,https://www.alliancepaysages.com/mentionslegales,ok_insee
5783a2b2-b276-44fa-a1d2-843167ef574b,Andromede jardins,andromede.jardins@gmail.com,https://www.andromedejardins-85.fr/?utm_medium=referral&utm_source=gmb&utm_campaign=lnk-gmb,,,,,,,,,,,,https://www.andromedejardins-85.fr/?utm_medium=referral&utm_source=gmb&utm_campaign=lnk-gmb/mentions-legales,no_dirigeant_found
03632837-784f-4d2a-8af7-7e55770be418,SARL MR2B,contact@agence-saycom.fr,http://www.menuiserie-pvc-saint-brevin.fr/,,,,,,,,,,,,https://www.menuiserie-pvc-saint-brevin.fr/mentions-legales-mr2b-44250/,no_dirigeant_found
028784ba-9a2b-4fd6-abcd-867755827076,Saint Martin Gaveau,vrd@saintmartingaveau.fr,https://www.saint-martin-gaveau.fr/,GAEL HUBERT ETIENNE,GAVEAU,GAEL HUBERT ETIENNE GAVEAU,siret_insee,78082236700030,780822367,81.30Z,1972-01-01,11,27400,INCARVILLE,https://www.saint-martin-gaveau.fr/mentions-legales,ok_insee
1e7cf98f-33f0-49ec-be89-8b0ee7126ad2,CLOTURES DE SEINE,contact@cloturesdeseine.fr,http://www.cloturesdeseine.com/,,OMONT,OMONT,mentions_legales,,,,,,,,https://cloturesdeseine.fr/mentions-legales/,ok_mentions
b886780c-1292-475c-b023-7451a2c307cc,ADF 44 Atlantic Domotique Fermeture,adfermeture44@gmail.com,http://www.adf44.fr/,,,,,,,,,,,,http://adf44.fr/mentions-legales/,no_dirigeant_found
d667d884-8b13-40ac-bd31-9930901fb403,LIPPI La Clôture Contemporaine,brest@lippi.fr,https://www.lippi.fr/magasins-installateurs/ile-de-france/pose-portail-et-cloture-77-dammartin-en-goele-seine-et-marne-la-cloture-contemporaine?utm_source=google&utm_medium=organic&utm_campaign=gmb,,,,,,,,,,,,,no_mentions_page
3edc086c-d59d-4bcf-9461-7a27d3402329,Clôtures Services SARL,sarl-clotures-services@orange.fr,http://www.sarl-clotures-services.com/?utm_source=gmb,,,,,,,,,,,,https://www.sarl-clotures-services.com/?utm_source=gmb/mentions-legales,no_dirigeant_found
599460fb-5587-4b5d-9be8-32e00b70c8aa,Passier SA,contact@sa-passier.fr,http://www.clotures-passier.fr/,REGINE MARIE ODETTE GHISLAINE,PASSIER (BRIAND),REGINE MARIE ODETTE GHISLAINE PASSIER (BRIAND),siret_insee,34399291300016,343992913,43.99C,1987-12-31,12,49110,MAUGES-SUR-LOIRE,https://www.clotures-passier.fr/mentionslegales,ok_insee
c00a0d24-7182-49fd-b7eb-2c39300406d0,Clôtures Tropardy,contact@clotures-tropardy.fr,https://www.clotures-tropardy.fr/,,,,,,,,,,,,https://www.clotures-tropardy.fr (home),no_dirigeant_found
1bac76b5-6b5e-436e-b29d-de78c38abcf4,SAS Cyril Leclair,contact@menuiserie-leclair.fr,https://www.menuiserie-leclair.fr/,MAXIME CHRISTIAN PASCAL,DAVID,MAXIME CHRISTIAN PASCAL DAVID,siret_insee,49325322300025,493253223,43.32A,2006-10-01,11,85600,TREIZE-SEPTIERS,https://www.menuiserie-leclair.fr/mentions-legales/,ok_insee
3602e1fe-a192-47e0-aed9-600283d79eae,Renaud Vincent,contact@ets-renaud.fr,http://www.ets-renaud.fr/?utm_source=gmb,,,,,,,,,,,,https://www.ets-renaud.fr/?utm_source=gmb/mentions-legales,no_dirigeant_found
a85612f3-6a11-4f97-bcd4-05c3f955c979,CLOTURES LANGLOIS,contact@clotures-langlois.fr,http://clotures-langlois.fr/,GUILLAUME BENOIT MAURICE,CARPENTIER,GUILLAUME BENOIT MAURICE CARPENTIER,siret_insee,72050103000020,720501030,43.99C,1972-01-01,11,76150,MAROMME,http://clotures-langlois.fr/mentions-legales/,ok_insee
0d67fb8d-bc46-48bc-a9f1-e4679a2dc816,A.H Fermetures SAS - Art & Fenêtres - Octeville-sur-Mer,dpo@artetfenetres.fr,https://www.artetfenetres.com/revendeur/ah-fermetures/adresses-magasins/octeville-sur-mer-76930.html#contact/?utm_medium=referral&utm_source=gmb&utm_campaign=lnk-gmb,,,,,,,,,,,,https://www.artetfenetres.com/revendeur/ah-fermetures/adresses-magasins/octeville-sur-mer-76930.html#contact/?utm_medium=referral&utm_source=gmb&utm_campaign=lnk-gmb/mentions-legales,no_dirigeant_found
e1d6296b-13c5-447c-81f3-7438697e3205,Clôtures Bataille SARL,contact@clotures-bataille.fr,http://www.clotures-bataille.fr/?utm_source=gmb,,,,,,,,,,,,https://www.clotures-bataille.fr/?utm_source=gmb/mentions-legales,no_dirigeant_found
3a407a95-21b0-442f-9553-8eebcd44d7e0,"MILLION DIFFUSION 85, Aménagements extérieurs et distributeur marque DOIZON.",milliondiffusion85@orange.fr,https://www.milliondiffusion85.com/,Arnoux,Nicolas,Arnoux Nicolas,mentions_legales,,,,,,,,https://www.milliondiffusion85.com/mentions-legales-politique-de-confidentialite/,ok_mentions
ac9f08f4-14d7-4124-a565-8e0920c4fd84,Eric Devaux Sarl,contact@eric-devaux.fr,http://www.eric-devaux.fr/,,,,,,,,,,,,,no_mentions_page
4c898736-3c6f-4861-bbc5-31a3768f4318,Simec - L'Atelier Simec,commercial@simec57.fr,http://www.lateliersimec.fr/,,,,,,,,,,,,http://www.lateliersimec.fr (home),no_dirigeant_found
bc4586c7-4155-4bde-aec0-f55ebc2fdc19,OK Clotures,ok.clotures@okclotures.fr,https://www.okclotures.fr/,Benoit,PANEL,Benoit PANEL,mentions_legales,,,,,,,,https://okclotures.fr/mentions-legales/,ok_mentions
d165dc5b-7a7a-4c8e-8acc-e5da8724a9e4,ESPACE CLOTURE NANTES,admin@adveris.fr,https://www.espace-cloture.fr/,,,,,,,,,,,,https://www.espace-cloture.fr/mentions-legales/,no_dirigeant_found
36be3fdb-8210-47d8-80dd-54a0f5808a0c,Alliance Paysages,alliancepaysages@laposte.net,http://www.alliancepaysages.com/,HERVE JEAN ALAIN,BOURHIS,HERVE JEAN ALAIN BOURHIS,siret_insee,49898754400018,498987544,81.30Z,2007-08-01,02,44690,CHATEAU-THEBAUD,https://www.alliancepaysages.com/mentionslegales,ok_insee
7457dbab-4dad-44c7-8b5a-4f9efb8ba10a,Dieppe Home Services,dieppehomeservices@gmail.com,http://www.dieppehomeservices.com/?utm_source=gmb,,,,,,,,,,,,https://www.dieppehomeservices.com/?utm_source=gmb/mentions-legales,no_dirigeant_found
b2c2bb4f-53ae-4ce4-8442-eca8c3260706,P S M,contact@psm-portails.fr,http://www.psm-portails.fr/?utm_source=gmb,,,,,,,,,,,,https://www.psm-portails.fr/?utm_source=gmb/mentions-legales,no_dirigeant_found
2924294f-73e7-463b-be7f-4bf19b083f85,VitaWood,info@vitawood.fr,https://vitawood.fr/contactez-nous/,,,,,,,,,,,,https://vitawood.fr/mentions-legales/,no_dirigeant_found
f76aca46-8bfa-45ee-b317-72509af691f7,Les Clôtures Normandes - Clôture Portail Pergola Carport & Terrasse,lescloturesnormandes@gmail.com,https://lecorre76.fr/fr,,,,,,,,,,,,https://lecorre76.fr/fr/mentions-legales,no_dirigeant_found
2e11fd23-b5a1-4231-bb89-0fbe5e1c5153,Fenétrier® VEKA Arcade Artisan conseil,contactfrance@veka.com,https://www.veka.fr/agence/arcade-le-havre/,,,,,,,,,,,,https://www.veka.fr/mentions-legales/,no_dirigeant_found
5e033454-2c17-4257-b0da-bd1c8ac3c18f,Timothée François,contact@tschoeppe.fr,https://www.tschoeppe.fr/tschoeppe/reseau-tschoeppe/votre-specialiste/portail-timothee-francois-14.html,,,,,,,,,,,,https://www.tschoeppe.fr/page-non-trouvee.html,no_dirigeant_found
ab73458d-8367-439c-80fd-483f5967c5fb,Sicobal,contact@sicobal.fr,https://www.sicobal.fr/?utm_source=gmb,,,,,,,,,,,,https://sicobal.fr/?utm_source=gmb%2Fmentions-legales,no_dirigeant_found
2a8f2123-43bd-4897-89ae-5ddf1f8d73d2,ECD Clôtures Duval,clotureduval27@gmail.com,https://www.cloturesduval.com/?utm_medium=referral&utm_source=gmb&utm_campaign=lnk-gmb,,,,,,,,,,,,https://www.cloturesduval.com/?utm_medium=referral&utm_source=gmb&utm_campaign=lnk-gmb/mentions-legales,no_dirigeant_found
ac11a3fe-4f4b-4ff8-9dfa-a96be5cd6388,ARB METAL,arb.metal@outlook.fr,https://www.arb-metal.com/?utm_medium=referral&utm_source=gmb&utm_campaign=lnk-gmb,,,,,,,,,,,,https://www.arb-metal.com/?utm_medium=referral&utm_source=gmb&utm_campaign=lnk-gmb/mentions-legales,no_dirigeant_found
51f7c8b6-de43-4249-bf3f-41ac79bc43fc,Gueville Paysage Et Environnement,gpe76contact@gmail.com,http://www.gpe76.fr/?utm_medium=referral&utm_source=gmb&utm_campaign=lnk-gmb,,,,,,,,,,,,https://gpe76.fr/?utm_medium=referral&utm_source=gmb&utm_campaign=lnk-gmb/mentions-legales,no_dirigeant_found
d6f6f302-308d-4776-b698-abe2df7e29e0,"Artisan Mayer Louis 76 - Élagage, Abattage, Dessouchage d'arbres - Taille Haies, pose Pelouse et Clôture",contact@arboristelagage-76.fr,https://arboristelagage-76.fr/,,,,,,,,,,,,https://arboristelagage-76.fr,no_dirigeant_found
84d9c319-3b27-4722-bc3f-4e8981e932bd,BRISSET CLÔTURES/PORTAILS & PAYSAGES,distributeurcloture@gmail.com,http://www.distributeur-cloture.com/,,,,,,,,,,,,,no_mentions_page
fea9b0a3-4e1e-415a-905f-eb56f0696d1a,Les Menuiseries Conforts - Solabaie,contact@atlantem.fr,https://www.solabaie.fr/entreprise-menuiserie/finistere/pont-labbe/solabaie-pont-labbe-77/,,,,,34013773600063,,,,,,,https://www.solabaie.fr/mentions-legales/,no_dirigeant_found
27e83be0-4519-4394-988d-6ee15affea7a,Espace Cour Aménagement extérieur,espacecour@gmail.com,http://www.espacecour.fr/?utm_source=gmb,,,,,,,,,,,,https://espacecour.fr/?utm_source=gmb%2Fmentions-legales,no_dirigeant_found
33c433ba-1609-4cca-855d-7935f0b71b03,ENTREPRISE LECOEUR ( Clôtures/Portails),contact@entreprise-lecoeur.fr,http://www.entreprise-lecoeur.fr/,CHRISTOPHE,LECOEUR,CHRISTOPHE LECOEUR,siret_insee,53770206000014,537702060,43.29B,2011-11-02,02,27700,CUVERVILLE,https://www.entreprise-lecoeur.fr/fr/mentions-legales,ok_insee
beb5fd52-59d8-435e-8ff1-718b43be0e38,LIPPI Gaillon,brest@lippi.fr,https://www.lippi.fr/eure-magasin-cloture-portail-gaillon/?utm_source=google&utm_medium=organic&utm_campaign=gmb,les,Jardins d,les Jardins d,mentions_legales,,,,,,,,https://www.lippi.fr/?utm_source=google&utm_medium=organic&utm_campaign=gmb%2Fmentions-legales,ok_mentions
377063c2-5edd-4fc8-9e3b-c7d928698ac7,Expert Fermetures à Baud,baud@expert-fermetures.com,http://www.expert-fermetures.com/,,,,,,,,,,,,https://www.expert-fermetures.com,no_dirigeant_found
8c7bff1b-de70-409d-a61a-eaa8a1256ec1,ALLARD JARDIN GUERANDE,marzan@allardjardin.fr,https://www.entreprise-allard.com/,PASCAL,ALLARD,PASCAL ALLARD,siret_insee,40085830400027,400858304,41.20B,1995-04-01,03,56130,MARZAN,https://www.entreprise-allard.com/mentions-legales/,ok_insee
69d55ae8-0565-4de4-920e-053fdfce737b,Corenov fenêtres portes portails,corenov@free.fr,http://corenov.net/,,,,,,,,,,,,,no_mentions_page
7d2ce189-8e51-493f-9f68-c8e47220a28e,Acti Clôtures Fermetures Lorant,acf.lorant@wanadoo.fr,http://www.portails-clotures-cotesdarmor.fr/,MAXIME,LORANT,MAXIME LORANT,siret_insee,41296982600012,412969826,25.12Z,1997-07-01,02,22360,LANGUEUX,https://www.portails-clotures-cotesdarmor.fr/mentions-legales,ok_insee
d76df110-0bdb-4cf7-8ad7-a00f0b39bb12,AUTOUR DE LA BRANCHE,bienvenue@autourdelabranche.com,https://www.autourdelabranche.com/,DIDIER LOUIS-MARIE,CHATAIGNER,DIDIER LOUIS-MARIE CHATAIGNER,siret_insee,88160992900016,881609929,46.13Z,2020-02-14,NN,44770,LA PLAINE-SUR-MER,https://www.autourdelabranche.com/mentions-legales/,ok_insee
b2dab8a6-6aef-4575-8d4f-6b6ad5acf919,Alu Bretagne service - Actipose Saint Brieuc,contact@alu-bretagne-service.fr,http://www.alu-bretagne-service.fr/,,,,,98265760300014,,,,,,,https://www.alu-bretagne-service.fr/mentions-legales,no_dirigeant_found
1e9992da-8096-4959-bad5-6e7edc36458c,Clo 35,clo-35@clo35.fr,https://www.clo35.fr/,,,,,,,,,,,,,no_mentions_page
85b9d632-5285-4099-b91b-64c8e403507c,Crea Verde,contact@refpro.fr,https://crea-verde.fr/,Gervais,DOUA,Gervais DOUA,mentions_legales,,,,,,,,https://crea-verde.fr/mentions-legales/,ok_mentions
72ac10f3-f003-4e70-a9cf-7aeb973839ac,Enclame Aménagements,contact@eric-herbomel.fr,http://enclame.fr/,[NON-DIFFUSIBLE],[NON-DIFFUSIBLE],[NON-DIFFUSIBLE] [NON-DIFFUSIBLE],siret_insee,88199357000012,881993570,62.01Z,2020-03-01,NN,[NON-DIFFUSIBLE],PONTS-ET-MARAIS,https://enclame.fr/mentions-legales/,ok_insee
e1592932-c088-4939-a057-9f2d4f8f4ebe,Clôture C.N.E Clôture.Normande.Européenne,c.n.e.cloture@gmail.com,https://cloture-cne76.fr/,De,Oliveira Claude,De Oliveira Claude,mentions_legales,,,,,,,,https://cloture-cne76.fr/mentions-legales/,ok_mentions
45078a66-8d90-4089-bb5b-80dfd0754d97,PORTAILS 3D/ PHARE OUEST DISTRIBUTION,pod44@orange.fr,http://www.phare-ouest-distribution.fr/,NICOLAS,CUSSONNEAU (CUSSONNEAU),NICOLAS CUSSONNEAU (CUSSONNEAU),siret_insee,51810584600043,518105846,43.32A,2009-09-28,02,44250,SAINT-BREVIN-LES-PINS,https://www.phare-ouest-distribution.fr/mentions-legales,ok_insee
46cd7862-7b4e-4286-a1b7-423de1290532,Biard Declercq TP,scierieducabalet@wanadoo.fr,https://www.travaux-publics-amenagement-exterieur-normandie.com/,MALO LAURENT JULIEN,BIARD,MALO LAURENT JULIEN BIARD,siret_insee,97799355900011,977993559,43.12A,2023-07-21,03,76260,CANEHAN,https://www.travaux-publics-amenagement-exterieur-normandie.com/mentions-legales/,ok_insee
c18dd12f-6434-41e3-b3fc-aff95582a855,Vivier Clotures,brest@lippi.fr,https://www.lippi.fr/loire-atlantique-magasin-cloture-portail-la-baule/,Kévin,JEANOT,JEANOT Kévin,mentions_legales,,,,,,,,https://www.lippi.fr/mentions-legales/,ok_mentions
f190e2a4-9a87-40a2-8f92-11703590227d,A2F Automatismes et Fermetures du Finistère,contact@a2f-fermetures.fr,https://www.a2f-fermetures.fr/,PHILIPPE,PENNETIER (PENNETIER),PHILIPPE PENNETIER (PENNETIER),siret_insee,49374049200035,493740492,80.20Z,2007-01-15,02,29950,CLOHARS FOUESNANT,https://www.a2f-fermetures.fr/mentions-legales/,ok_insee
1e6adca4-979b-4b0f-ac40-a9a6fe54f8b2,Baie Ouest,contact.baieouestlorient@gmail.com,http://www.baieouest-lorient.fr/?utm_source=gmb,,,,,,,,,,,,https://www.baieouest-lorient.fr/?utm_source=gmb/mentions-legales,no_dirigeant_found
970a218c-dd81-482d-be08-1e47c93e590f,Kostum,accueil@cadiou.bzh,https://www.kostum.fr/,,,,,,,,,,,,https://www.kostum.fr/mentions-legales,no_dirigeant_found
378aa689-72bd-496d-9d6c-75c654d752f0,ESPACE CLÔTURE SAINT-BRIEUC,admin@adveris.fr,https://www.espace-cloture.fr/,,,,,,,,,,,,https://www.espace-cloture.fr/mentions-legales/,no_dirigeant_found
d76d39e7-20ee-4b38-b72c-375471105270,ALLARD Jardin,marzan@allardjardin.fr,http://www.entreprise-allard.com/,PASCAL,ALLARD,PASCAL ALLARD,siret_insee,40085830400027,400858304,41.20B,1995-04-01,03,56130,MARZAN,http://www.entreprise-allard.com/mentions-legales/,ok_insee
4e65b16d-3b37-4f54-94fe-60cb55722080,breizh clôture terrasse,breizh.cloture.terasse@gmail.com,http://breizh-cloture-terrasse.com/?utm_medium=referral&utm_source=gmb&utm_campaign=lnk-gmb,,,,,,,,,,,,https://www.breizh-cloture-terrasse.com/?utm_medium=referral&utm_source=gmb&utm_campaign=lnk-gmb/mentions-legales,no_dirigeant_found
67c8f7cd-804a-4c1a-af20-859edf428924,Atlantique Portail Automatique,apa.vannes@gmail.com,http://www.portail-automatique-56.fr/,,,,,,,,,,,,,no_mentions_page
23ba56d3-1936-4922-b65a-c88b3f8ea77d,Portail + Portail - Clôture - Porte de garage - Pergola,portailplussg@groupe-broceliande.fr,http://www.portail-plus.fr/,,Portail,Portail,mentions_legales,,,,,,,,http://www.portail-plus.fr/mentions-legales/,ok_mentions
2d6c6aa4-8e21-49e6-bfe1-9e155c38a955,"Barbaud Création - Clôtures, Terrassement, Assainissement, Nettoyage de terrain",barbaudcreation@orange.fr,https://barbaudcreation.fr/,ARNAUD,BARBAUD,ARNAUD BARBAUD,siret_insee,88026572300010,880265723,43.99C,2020-01-02,NN,44190,GETIGNE,https://barbaudcreation.fr/mentions-legales/,ok_insee
16d6b967-c7fa-4c43-b254-8ed92d3c3635,Atlantic System,contact@atlanticsystem.eu,http://www.atlanticsystem.eu/,,,,,,,,,,,,,no_mentions_page
ce200e46-bbcb-4076-9670-57f8393e75c3,Portails Océan,lpo.quimper@bbox.fr,https://www.portailsocean-quimper.fr/,CHRISTINE,PARROT (PERRY),CHRISTINE PARROT (PERRY),siret_insee,79458855800013,794588558,43.32A,2013-09-01,02,29140,ROSPORDEN,https://www.portailsocean-quimper.fr/mentions-legales,ok_insee
34ad39f4-6460-4fc3-9bbc-c0a9cb28b044,IDVERDE CLOTURE,siege@idverde.com,https://idverde.fr/expertises/creation/clotures/,Linda,PANIKIAN,Linda PANIKIAN,mentions_legales,,,,,,,,https://idverde.fr/mentions-legales/,ok_mentions
894b2720-bf79-4d14-9f8f-82b4bff0dde2,Créa'Paysage,creapaysage44rm@orange.fr,http://creapaysagesarl.site-solocal.com/,LAURENT FERDINAND MARIE,MAISONNEUVE,LAURENT FERDINAND MARIE MAISONNEUVE,siret_insee,43173802000012,431738020,81.30Z,2000-05-03,11,44130,NOTRE-DAME-DES-LANDES,https://creapaysagesarl.site-solocal.com/mentionslegales,ok_insee
6e8d32df-2aef-4cf4-a3f2-df3e187e0088,Brev'in Store - Pascal Thoury Menuiseries,brevinstore44@gmail.com,https://www.brevinstore.fr/,Fabian,Q,Fabian Q,mentions_legales,,,,,,,,https://www.brevinstore.fr/mentions-legales,ok_mentions
545d15bd-274f-4ed7-96b5-11e576d13204,Clôtures Concept,cloturesconcept@groupe-broceliande.fr,http://www.clotures-concept.fr/,Clôtures,Concept,Clôtures Concept,mentions_legales,,,,,,,,http://www.clotures-concept.fr/mentions-legales/,ok_mentions
4252615a-57f5-4345-a1cc-7b8032e73bbe,West Clôtures - Pose de clôtures dans le Morbihan,litusagency@gmail.com,https://www.westclotures.fr/,PIERRE-LOUIS,GABORIAU,PIERRE-LOUIS GABORIAU,siret_insee,98099417200032,980994172,43.29B,2023-10-04,NN,56500,EVELLYS,https://www.westclotures.fr/mentions-legales,ok_insee
fb4adb26-0410-4067-9526-2c0af9affaa3,Clôtures Nantaises,contact@clotures-nantaises.fr,https://www.clotures-nantaises.fr/,,,,,,,,,,,,https://www.clotures-nantaises.fr/mentions-legales,no_dirigeant_found
83eb8b18-6167-4711-b0d5-ccb93a944185,ML SOLUTIONS - Fenêtres Aluminium & Bois - Portails - Portes d’entrée - Finistère,contact@ml-solutions.fr,http://www.ml-solutions.fr/,,,,,,,,,,,,https://www.ml-solutions.fr/mentions-legales,no_dirigeant_found
5638307d-72ee-422c-bb38-11a00605b129,AMC Concept Réno SASU,adrienpocinho@gmail.com,https://amc-concept-reno.fr/,,Pocinho,Pocinho,mentions_legales,,,,,,,,https://amc-concept-reno.fr/mentions-legales/,ok_mentions
8f938050-722f-41da-afc9-0f8ee4cce679,FERMATIC Bretagne / Pays de la Loire,contact@fermatic.fr,https://www.fermatic.fr/?utm_source=gmb,,,,,,,,,,,,https://www.fermatic.fr/?utm_source=gmb%2Fmentions-legales,no_dirigeant_found
4870325e-8f5f-4059-8d79-37aa8f8295a4,L'Expert Fenêtre Bournigal Couëron,contact@bournigalsarl.fr,https://www.bournigalsarl.fr/,CAMILLE,BOURNIGAL,CAMILLE BOURNIGAL,siret_insee,43873722300018,438737223,43.32A,2001-06-01,12,44100,NANTES,https://www.bournigalsarl.fr/mentions,ok_insee
9a1c3321-016b-448e-a8ad-30e37594c339,Allard Jardin,marzan@allardjardin.fr,https://www.allard-jardin.fr/,PASCAL,ALLARD,PASCAL ALLARD,siret_insee,40085830400027,400858304,41.20B,1995-04-01,03,56130,MARZAN,https://allard-jardin.fr/mentions-legales/,ok_insee
e8b15d87-cf3f-4d21-a238-68ac94010076,SARL Queffelec,contact@entreprisequeffelec.com,https://www.entreprisequeffelec.com/,DAMIEN,QUEFFELEC,DAMIEN QUEFFELEC,siret_insee,97946546500016,979465465,43.32A,2023-09-08,01,29120,PONT-L'ABBE,https://www.entreprisequeffelec.com/mentions-legales/,ok_insee
665b3d65-8259-4994-b664-e82594dce12c,La Rénov,la.renov@outlook.fr,https://www.la-renov.fr/,,,,,,,,,,,,https://www.la-renov.fr/cgv-la-renov-saint-nazaire-44600,no_dirigeant_found
3c7a0f13-df6f-4d9e-84c2-0d37e6a57741,Kermabon tp,kermabontp@gmail.com,http://www.kermabontp.fr/,,,,,,,,,,,,https://www.kermabontp.fr/mentions-legales/,no_dirigeant_found
5120017b-592b-4c46-b313-ce76a58a4cb4,LMC Ouvertures,contact@lmc-ouvertures.fr,https://www.lmc-ouvertures.fr/,CLAIRE CELINE,DELANOS (CHOIMET),CLAIRE CELINE DELANOS (CHOIMET),siret_insee,53959327700012,539593277,47.91B,2012-03-01,01,44000,NANTES,https://www.lmc-ouvertures.fr/2-mentions-legales,ok_insee
22952c63-27db-4de4-af22-3abb09d040b1,Autour Clôture,frederic.masse@aliceadsl.fr,https://www.autourcloture.fr/,FREDERIC,MASSE (MASSE),FREDERIC MASSE (MASSE),siret_insee,49079730500011,490797305,43.32A,2006-06-12,NN,62360,SAINT-ETIENNE-AU-MONT,https://www.autourcloture.fr/mentionslegales,ok_insee
c6090b40-3754-4a33-ad3c-85c4efd399cc,Ocre,contact@ocre56.fr,http://www.ocre56.fr/,,,,,,,,,,,,,no_mentions_page
20768db0-3955-4884-adaa-9de8a4cd7d87,Clôtures 44,contact@clotures-44.com,https://www.clotures-44.com/,Thomas,GUERIN,Thomas GUERIN,mentions_legales,,,,,,,,https://www.clotures-44.com/mentions-legales/,ok_mentions
c926cc94-d7ac-4621-a834-6393bddd78dd,Lazou Entreprise,contact@lazou.fr,http://www.lazou.fr/?utm_source=gmb,,,,,,,,,,,,https://www.lazou.fr/?utm_source=gmb/mentions-legales,no_dirigeant_found
e23dd15a-2a57-4ad1-acc7-1937a44f8fad,Créa Clos,creaclos@creaclos.com,https://www.creaclos.com/,,,,,,,,,,,,,no_mentions_page
dd3dd27c-bce8-4e64-84c1-3508f623dc29,STYL'BAIES Distributeur Calibaie,contact@normabaie.fr,http://www.calibaie.com/,Christophe,Corvi,Christophe Corvi,mentions_legales,89221603700028,,,,,,,https://www.calibaie.com/mentions-legales/,ok_mentions
6065d856-f6d4-4cce-8d77-728dd6507431,Emma portails et clôtures,portailetcloture@gmail.com,https://portailetcloture.com/,,,,,,,,,,,,https://portailetcloture.com (home),no_dirigeant_found
37c59636-bfd7-48db-8b40-44dcaf962301,Cloture Pro,cloturespro@gmail.com,http://clotures-pro.fr/,Mr,Onmaz,Mr Onmaz,mentions_legales,,,,,,,,https://clotures-pro.fr/mentions-legales,ok_mentions
174449c5-f602-44cb-b505-97ec0d0eb54d,Artisan Beck - Clôturiste & Aménagement de jardin,beckjimmy85@yahoo.com,https://www.artisan-beck-91.fr/,JIMMY JEAN,BECK,JIMMY JEAN BECK,siret_insee,53086223400016,530862234,47.89Z,2011-03-08,NN,91120,PALAISEAU,https://www.artisan-beck-91.fr/info-legales.html,ok_insee
7abfc147-3fcd-4fbc-8d36-891ae6f7d027,Innov'Ouvertures,contact@innov-ouvertures.fr,https://www.innov-ouvertures.fr/,Denis,PAVAGEAU,Denis PAVAGEAU,mentions_legales,,,,,,,,https://www.innov-ouvertures.fr/mentions-legales/,ok_mentions
7f587fd4-1a60-49c7-af53-9c589d315792,Miroiterie du Blavet - Pontivy,contact@mdb.bzh,http://miroiterie-du-blavet.fr/,Bernard,d,Bernard d,mentions_legales,,,,,,,,https://www.miroiterie-du-blavet.fr/mentions-legales,ok_mentions
bf372cf9-bf11-4686-8e0b-37d6bcf029fa,TJS ALU Plast,contact@tjs-aluplast-menuiserie.fr,https://www.tjs-aluplast-menuiserie.fr/?utm_source=gmb,,,,,,,,,,,,https://www.tjs-aluplast-menuiserie.fr/?utm_source=gmb%2Fmentions-legales,no_dirigeant_found
bd64a24c-c188-4334-aac5-4c3b5cf3f375,BPA,sarlbpa56@gmail.com,http://www.bpa-sarl.fr/,Patrick,CARO,Patrick CARO,mentions_legales,,,,,,,,https://bpa-sarl.fr/mentions-legales/,ok_mentions
7a32806c-7408-4572-8690-e5fe22cf22fc,E2M Bleu-Passion,contact@e2mbleupassion.fr,http://www.e2mbleupassion.fr/,,,,,,,,,,,,https://e2mbleupassion.fr,no_dirigeant_found
56947886-fc2b-4ec0-9c32-680e7619543d,PISCINES CÔTÉ LANDES,contact@piscines-cote-landes.com,http://www.piscines-cote-landes.com/,PISCINES,COTE LANDES,PISCINES COTE LANDES,mentions_legales,,,,,,,,https://www.piscines-cote-landes.com/mentions-legales,ok_mentions
d31286f3-d5ac-47f3-84a5-a900b060800d,"DECOFERM CONCESSIONNAIRE DES MARQUES ""RENOVAL ; STORISTES DE FRANCE et RENSON""",conseil@quintesis.com,https://www.decoferm.fr/,LAURENCE,CHERVIER,LAURENCE CHERVIER,mentions_legales,50890350700020,,,,,,,https://www.decoferm.com?lang=fr&rublvl1=mentions-legales,ok_mentions
0e6e2bfd-287a-4463-bb3d-d71d3b625085,Clôtures de l'Atlantique,nantes@cloturesdelatlantique.fr,http://www.cloturesdelatlantique.fr/,Clôtures,de l'Atlantique,Clôtures de l'Atlantique,mentions_legales,,,,,,,,http://www.cloturesdelatlantique.fr/mentions-legales/,ok_mentions
1755451d-28d4-4673-9210-e84660edcf6a,O2Bois - Constructeur Terrasses bois & Aménagements Extérieurs,contact@o2bois.fr,https://o2bois.fr/,TONY,DUFAY,TONY DUFAY,siret_insee,98025294400015,980252944,43.32A,2023-10-05,NN,33210,PUJOLS-SUR-CIRON,https://o2bois.fr/mentions-legales/,ok_insee
30cd9ffa-4304-432b-9aa3-93c6c86cd7fa,passion construction,saligue.corinne@orange.fr,http://www.passion-construction.fr/,,,,,,,,,,,,,no_mentions_page
23b57bf5-0304-4b3b-84c1-c174179a41ed,Débord'eaux Créations piscines,contact@debord-eaux.fr,https://debord-eaux.fr/,,NIEDDU,NIEDDU,mentions_legales,,,,,,,,https://debord-eaux.fr/mentions-legales/,ok_mentions
df405687-a42e-4ce2-8bee-fe15f2d9a406,POOL & GARDEN,poolgarden33290@gmail.com,https://pisciniste-ludon.fr/,GEOFFREY SEBASTIEN GILLES,LEMOISSON (LEMOISSON),GEOFFREY SEBASTIEN GILLES LEMOISSON (LEMOISSON),siret_insee,87771185300011,877711853,81.29B,2019-09-09,NN,33290,LUDON-MEDOC,https://pisciniste-ludon.fr/mentions-legales,ok_insee
d929cb28-1d3f-4670-be15-1d4b4e3e5557,Mr Pool & Garden - Pisciniste Paysagiste Gujan Mestras et Gironde,contact@mrpg.fr,http://www.mrpg.fr/,,,,,,,,,,,,http://www.mrpg.fr (home),no_dirigeant_found
3dc095db-c561-4531-a15f-78374b8e57ea,K'PISCINE,kpiscine@gmail.com,https://www.liner-piscine-gironde.com/?utm_medium=referral&utm_source=gmb&utm_campaign=lnk-gmb,,,,,,,,,,,,https://www.liner-piscine-gironde.com/?utm_medium=referral&utm_source=gmb&utm_campaign=lnk-gmb/mentions-legales,no_dirigeant_found
43331418-04a3-4612-a0c3-a7640b0514c0,COMPTOIR DE LA PISCINE,contact@comptoirdelapiscine.fr,https://comptoirdelapiscine.fr/,FEHRIDE,MECHRI,FEHRIDE MECHRI,siret_insee,83864867300013,838648673,46.74A,2018-04-01,01,40990,MEES,https://comptoirdelapiscine.fr/mentions-legales/,ok_insee
a5e7716c-0563-4612-8435-b823a4c8aa04,Stratification piscine,stratificationpiscines@gmail.com,http://www.stratification-piscines.com/,,,,,,,,,,,,,no_mentions_page
c14b8e21-e0d9-4c75-9780-76be6537031d,Les Wooders Bordelais,contact@les-wooders-bordelais.fr,https://www.les-wooders-bordelais.fr/,,,,mentions_legales,,,,,,,,https://www.les-wooders-bordelais.fr/mentions-legales-politique-de-confidentialite/,no_dirigeant_found
7decafe2-b2a1-4414-a0d5-63757f0aaa69,CP Bassin 33,cpbassin33@gmail.com,http://www.cpbassin33.fr/,,LEROY,LEROY,mentions_legales,,,,,,,,https://cpbassin33.fr/mentions-legales/,ok_mentions
b043db6c-9195-4543-a677-e945610a2807,MB PISCINE,contact.mbpiscine@yahoo.com,http://mbpiscine.fr/,,,,,,,,,,,,,no_mentions_page
ca9491e8-25d5-4e0a-8ed4-90934e761727,Ecopaysages - Création et Entretien d'Espaces Verts,info@ecopaysages.lu,http://www.ecopaysages.lu/,,,,,,,,,,,,http://www.ecopaysages.lu (home),no_dirigeant_found
ea5ee83a-32f0-4e7e-a7b7-dd66db8a0521,BVB CONSTRUCTIONS,contact@bvb-constructions.fr,http://bvb-constructions.fr/,WILLIAM,BOUDIN (BOUDIN),WILLIAM BOUDIN (BOUDIN),siret_insee,83893888400015,838938884,43.99C,2018-04-10,01,33460,ARSAC,http://www.bvb-constructions.fr/mentions-legales/,ok_insee
4c4c0a18-8bc1-4228-ab4b-4656fd6e9ab2,TERRASSE BOIS ET COMPOSITE BORDEAUX,aquitainepaysage@gmail.com,https://www.bordeauxterrassebois.com/,,,,,,,,,,,,,no_mentions_page
f1202851-5f7c-403c-9c78-f977b13c8069,O'Jardins piscine et jardinerie,contact.ojardins@gmail.com,https://www.ojardins.fr/?utm_medium=referral&utm_source=gmb&utm_campaign=lnk-gmb,,,,,,,,,,,,https://www.ojardins.fr/?utm_medium=referral&utm_source=gmb&utm_campaign=lnk-gmb/mentions-legales,no_dirigeant_found
024cccef-023c-40b8-b5be-fd847fb24084,ALUMINIUM HABITAT,contact@aluminium-habitat.fr,https://aluminium-habitat.fr/,,,,,,,,,,,,https://aluminium-habitat.fr/,no_dirigeant_found
20a3a82f-a12c-4c46-9331-1db8a0b7761d,PISCINES CÔTÉ LANDES EST A CAPBRETON,contact@piscines-cote-landes.com,https://www.piscines-cote-landes.com/,PISCINES,COTE LANDES,PISCINES COTE LANDES,mentions_legales,,,,,,,,https://www.piscines-cote-landes.com/mentions-legales,ok_mentions
91afcafb-4445-4821-9b2c-90ca4d654119,Arkoval,contact@arkoval.com,https://arkoval.com/,JEAN-BAPTISTE,THEVENIN,JEAN-BAPTISTE THEVENIN,siret_insee,91954935200012,919549352,43.32A,2022-09-20,01,33270,FLOIRAC,https://arkoval.com/arkoval-revtements-extrieurs/mentions-legales,ok_insee
1ebe23ce-5f16-429e-b8e4-bdbf81f2239d,Dans l’O piscine,contact@danslo-piscine.com,http://danslo-piscine.com/,Stéphane,Pingeot,Stéphane Pingeot,mentions_legales,,,,,,,,https://danslo-piscine.com/mentions-legales-dans-lo-createur-de-piscines/,ok_mentions
d6b32037-f77e-4c94-8f95-596afecd4464,ALBA CLO,contact@albaclo.fr,https://alba-clo.com/,,,,,,,,,,,,https://alba-clo.com/,no_dirigeant_found
abab8bb7-c61f-406e-a276-391650f45034,Douceur Piscine,contact@douceurpiscine.com,https://www.douceurpiscine.com/,JEROME,BACQUE,JEROME BACQUE,siret_insee,89295031200017,892950312,43.99D,2021-01-02,00,33450,MONTUSSAN,https://douceurpiscine.com/mentions-legales/,ok_insee
8cd8e5c7-f861-4463-a79f-a2227a5557fe,Agretec Piscines Concessionnaire Carre Bleu,agretec-carrebleu@agretec.net,http://agretecpiscinescarrebleu.site-solocal.com/,STANISLAS,DE TYMOWSKI,STANISLAS DE TYMOWSKI,siret_insee,40066408200015,400664082,43.39Z,1995-04-05,03,33370,ARTIGUES-PRES-BORDEAUX,https://agretecpiscinescarrebleu.site-solocal.com/mentionslegales,ok_insee
2b2e06a4-bb84-4502-bb1c-91cacb1369da,BNS'Eau - Piscines HydroSud,contact@piscines-hydrosud.fr,https://www.piscines-hydrosud.fr/magasin-piscines-hydrosud/195-piscines-hydrosud-benesse-maremne?utm_campaign=lbc&utm_content=Benesse-40-BNS-Eau&utm_medium=maps&utm_source=google,,,,,,,,,,,,https://www.piscines-hydrosud.fr/magasins/piscines-hydrosud-benesse-maremne/?utm_campaign=lbc&utm_content=Benesse-40-BNS-Eau&utm_medium=maps&utm_source=google/mentions-legales,no_dirigeant_found
8ecd33c8-f8cc-4a33-b6ea-bc1b0545515c,Piscine Concept - Hydro Sud La Teste,contact@piscines-hydrosud.fr,https://www.piscines-hydrosud.fr/magasin-piscines-hydrosud/347-piscines-hydrosud-la-teste-de-buch,Arnaud,Morisset,Arnaud Morisset,mentions_legales,,,,,,,,https://www.piscines-hydrosud.fr/mentions-legales/,ok_mentions
a4b1ee57-ebfc-4619-b2e1-4449fd2789e4,Aquattitude SARL,roze40@orange.fr,http://www.aquattitude-sarl.fr/,KARINE OLGA AIMEE,ROZE (DUMONTIER),KARINE OLGA AIMEE ROZE (DUMONTIER),siret_insee,48539568500020,485395685,43.99D,2006-01-02,01,40230,SAINT-JEAN-DE-MARSACQ,https://www.aquattitude-sarl.fr/mentions-legales,ok_insee
0a86a639-e19f-4165-be23-833d001024e2,Aboral Piscines,contact@aboral.fr,https://www.aboral.fr/,Pierre-Antoine,GASCIOLLI,Pierre-Antoine GASCIOLLI,mentions_legales,48853384500035,,,,,,,https://www.aboral.fr/mentions-legales/,ok_mentions
b6eaa4d0-0fdc-478d-ae3c-271de30a131e,Ets Dompeyre,contact@dompeyre-maconnerie.fr,https://dompeyre-maconnerie.fr/?utm_source=gmb,,,,,,,,,,,,https://www.dompeyre-maconnerie.fr/?utm_source=gmb%2Fmentions-legales,no_dirigeant_found
b76ab15a-260b-4f89-9900-6bde7077be40,Piscine Cazala - Pisciniste : Construction de piscine,piscinecazala@gmail.com,https://piscinecazala.com/,DENIS,RODRIGUEZ (RODRIGUEZ),DENIS RODRIGUEZ (RODRIGUEZ),siret_insee,38467777900033,384677779,43.39Z,1992-01-01,01,64370,MORLANNE,https://piscinecazala.com/mentions-legales/,ok_insee
360a0d40-11c2-4bd4-b8d2-d6cd039910e9,Steel & Style,contact@steel-and-style.com,https://www.steel-and-style.com/,,,,,,,,,,,,https://www.steel-and-style.com (home),no_dirigeant_found
48ef0e59-b497-4258-8768-672ce26be76f,Concept plan 3D - Construction - Rénovation/Extension/Surélévation - permis de construire,contact@concept-plan-3d.fr,https://concept-plan-3d.fr/,JEAN PIERRE,SANCHEZ,JEAN PIERRE SANCHEZ,siret_insee,81454720400036,814547204,74.90B,2015-11-15,NN,33560,CARBON-BLANC,https://concept-plan-3d.fr (home),ok_insee
b86a2eff-415e-4e1c-90d8-e7f29bc751ca,Aqua Structures SAS,comeo.digital@gmail.com,https://www.piscinesaquastructures.com/?utm_source=gmb,,,,,,,,,,,,https://piscinesaquastructures.com/?utm_source=gmb%2Fmentions-legales,no_dirigeant_found
8a3616e7-4be9-4b6a-9900-8e42b913af21,COMPTOIR DE LA PISCINE,contact@comptoirdelapiscine.fr,https://comptoirdelapiscine.fr/,FEHRIDE,MECHRI,FEHRIDE MECHRI,siret_insee,83864867300013,838648673,46.74A,2018-04-01,01,40990,MEES,https://comptoirdelapiscine.fr/mentions-legales/,ok_insee
981afe61-928e-4dd8-83cb-11feb4240e3a,Piscines Gautier,piscinesgautier33@gmail.com,http://www.piscinesgautier.fr/,MARIN,DUPLANTIER (DUPLANTIER),MARIN DUPLANTIER (DUPLANTIER),siret_insee,38987274800014,389872748,43.99D,1993-01-01,02,33610,CESTAS,http://piscinesgautier.fr/mentions-legales/,ok_insee
7439b5e3-9e47-4433-bd9e-8aab526c293d,AQUITAINE TECHNIQUE PISCINE,atpiscine@hotmail.com,http://www.aquitainetechniquepiscine.fr/,JEROME,GUYON,JEROME GUYON,siret_insee,44893245900036,448932459,43.39Z,2003-06-16,01,40460,SANGUINET,http://www.aquitainetechniquepiscine.fr/mentions.html,ok_insee
8a68eaaa-1367-4ce0-a29a-3d31d18083fd,Piscines du Val de L'Eyre,pvl33@orange.fr,https://www.piscinesduvaldeleyre.com/?utm_source=gmb,,,,,,,,,,,,https://www.piscinesduvaldeleyre.com/?utm_source=gmb/mentions-legales,no_dirigeant_found
5b650136-c5db-4842-af48-771f03296bea,IO Design,contact@io-wood-design.com,https://io-wood-design.com/,,,,,,,,,,,,,no_mentions_page
41492735-ca40-4cb3-91a2-278bba1eed01,COMPTOIR DE LA PISCINE,contact@comptoirdelapiscine.fr,https://www.comptoirdelapiscine.fr/,FEHRIDE,MECHRI,FEHRIDE MECHRI,siret_insee,83864867300013,838648673,46.74A,2018-04-01,01,40990,MEES,https://comptoirdelapiscine.fr/mentions-legales/,ok_insee
2f1b23c2-15ba-4159-bf69-205acb776ab1,Créateck Paysage - Paysagiste Bordeaux & alentours,contact@createck-paysage.com,http://www.createck-paysage.com/,,,,,43521776500039,,,,,,,https://www.createck-paysage.com/informations-legales.html,no_dirigeant_found
b34b2f39-d1b1-444c-9fe3-81cb58f834d3,BBC Constructions,contact@bbcconstructions.fr,http://www.bbcconstructions.fr/,BENOIT,AYRES (AYRES),BENOIT AYRES (AYRES),siret_insee,53881847700019,538818477,41.20A,2012-01-02,02,33290,LE PIAN-MEDOC,https://www.bbcconstructions.fr/fr/mentions-legales,ok_insee
82166443-625a-47ed-9b1d-689ce064852e,Piscine Klea / l'esprit piscine / Caldera Spas,cp@aelexa.com,https://www.esprit-piscine.fr/piscine-klea,,,,,,,,,,,,https://www.esprit-piscine.fr/mentions-legales/,no_dirigeant_found
81cbd519-df8b-45fa-83dc-fefd66866296,Côté Piscine / l'esprit piscine,cp@aelexa.com,https://www.esprit-piscine.fr/cote-piscine/,,,,,,,,,,,,https://www.esprit-piscine.fr/mentions-legales/,no_dirigeant_found
c42ed50c-b2aa-4b56-990a-8c93095c124c,REGARD EXTERIEUR,contact@regardexterbisca.fr,https://regardexterbisca.fr/,FILIPE,ANDRADE DIOGO,FILIPE ANDRADE DIOGO,siret_insee,80855832400022,808558324,47.78C,2015-01-02,01,40600,BISCARROSSE,https://regardexterbisca.fr/mentions-legales/,ok_insee
eb6a903a-14a1-4303-a8b3-e20337b84676,T.O L'Atelier des Jardins,to.latelierdesjardins@gmail.com,https://tolatelierdesjardins.fr/,,,,,,,,,,,,https://tolatelierdesjardins.fr/mentions-legales/,no_dirigeant_found
96d5b634-7411-458c-93c4-68671eeceff8,Everblue - Areva Piscines,info@everblue.com,https://www.everblue.com/concessionnaires/everblue-bruges/,Thierry,D,Thierry D,mentions_legales,,,,,,,,https://www.everblue.com/mentions-legales/,ok_mentions
2f5cfaee-6898-47b3-8adf-3fe3bb0804a4,Landes Piscine,duprat-david@landes-piscine.com,https://www.landes-piscine.com/,,,,mentions_legales,,,,,,,,https://landes-piscine.com/mentions-legales/,no_dirigeant_found
4e64980f-28e8-48c4-aba1-c641d837ce50,AQUA 33 Ambarès,cars@aqua33440.fr,https://www.aqua33.pro/,Cyril,MANSENCAUT,Cyril MANSENCAUT,mentions_legales,,,,,,,,https://www.aqua33.pro/mentions-legales,ok_mentions
5cfac4c3-2957-40b4-8c82-26dca19667fd,Abri-Intégral,gestions@abri-integral-piscines.fr,https://abri-integral-piscines.fr/?utm_source=gmb,,,,,,,,,,,,https://abri-integral-piscines.fr/?utm_source=gmb/mentions-legales,no_dirigeant_found
767c075c-6d65-46a2-8d37-a3842c9b88d5,Metrik Construction Bois,contact@metrik-constructionbois.com,https://metrik-constructionbois.com/,,,,,,,,,,,,,no_mentions_page
8b24f436-017a-421a-9c8c-81c29772ae18,Pisciniste Bordeaux - Diffazur Piscines,contact@diffazur.fr,https://www.diffazur.fr/,Céline,Gresil,Céline Gresil,mentions_legales,,,,,,,,https://www.diffazur.fr/mentions-legales/,ok_mentions
351ddbb3-5961-47b2-995e-44afac883fdf,Eldo Bordeaux,contact@eldo.com,https://www.eldo.com/,,,,,,,,,,,,https://www.eldo.com/cgu,no_dirigeant_found
85853ab7-3f6a-43a4-9288-289af92deb7b,Slgrealisation,slgrealisation@gmail.com,https://slgrealisation.fr/,,SLGrealisation,SLGrealisation,mentions_legales,88338406700012,,,,,,,https://slgrealisation.fr/mentions-legales,ok_mentions
65a02caa-8d3a-4194-96e8-8556dee47182,LA MAISON DE LA PISCINE,info@lamaisondelapiscine.com,https://shop.lamaisondelapiscine.com/,ROMAIN,HARDY,ROMAIN HARDY,siret_insee,44863957500019,448639575,20.59Z,2003-05-20,21,01600,TREVOUX,https://shop.lamaisondelapiscine.com/content/2-mentions-legales,ok_insee
96bf1bf6-ac1f-4dfe-8f66-d805aade82ac,Archenergie,contact17@archenergie.fr,https://archenergie.fr/,,,,,,,,,,,,https://archenergie.fr/mentions-legales/,no_dirigeant_found
db6a096e-0389-4b12-9d37-a1c815072741,Abrisud Bordeaux - Showroom ouverture sur rendez-vous le samedi,dpoabrisud@abrisud.fr,https://www.abrisud.com/fr/agences/abrisud-bordeaux,Fabien,Rivals,Fabien Rivals,mentions_legales,,,,,,,,https://www.abrisud.com/fr/mentions-legales,ok_mentions
54a1ac82-783f-4e6c-9095-78badddadd41,La Pensée Bleue,francisdupuypsb@hotmail.fr,https://piscines-lapenseebleue.com/,,,,,,,,,,,,https://piscines-lapenseebleue.com/mentions-legales/,no_dirigeant_found
983c5a62-6ac5-4632-9d7e-fca7556e4fdd,Piscine Entretien Nettoyage,p-e-n@orange.fr,https://www.piscines-entretien-nettoyage.fr/,GABRIEL,ROBERT (ROBERT),GABRIEL ROBERT (ROBERT),siret_insee,81992361600026,819923616,43.99D,2016-04-06,01,33460,SOUSSANS,https://www.piscines-entretien-nettoyage.fr/mentionslegales,ok_insee
8663a97c-df38-4368-a884-8b4843119253,TOUSCHALETS - Agence de Bordeaux (Montussan),contact@touschalets.com,http://www.touschalets.com/,,,,,,,,,,,,http://www.touschalets.com (home),no_dirigeant_found
84dba57a-3cbc-49d2-9138-8f5a0928fb63,Agretec Piscines Carre Bleu,contact@carrebleu.fr,http://www.piscines-carrebleu.fr/trouvez-votre-pisciniste,PATRICE,RUBIO,PATRICE RUBIO,siret_insee,39774440000029,397744400,46.73B,1994-06-30,03,26200,MONTELIMAR,https://www.piscines-carrebleu.fr/mentions-legales/,ok_insee
bc0b4b0f-89bb-4d1e-8efc-a3f20b8d3d67,EDC BERTIN,contact@edcbertin.com,https://www.edcbertin.com/,,,,,,,,,,,,,no_mentions_page
f9e2db5d-ade7-4fa5-9f7c-10572617cfdf,Musset Pool Design,contact@musset-pooldesign.fr,https://www.musset-pooldesign.fr/,,,,,,,,,,,,https://www.musset-pooldesign.fr/mentions-legales/,no_dirigeant_found
9cc918f8-d3fd-47ce-aced-884178ed3df1,Duckteur Pool,contact@duckteurpool.fr,https://www.duckteurpool.fr/contact,PASCAL,MANDEMENT,PASCAL MANDEMENT,siret_insee,84937704900010,849377049,43.99D,2019-03-14,NN,31600,LABASTIDETTE,https://www.duckteurpool.fr/mentions-legales,ok_insee
aa9a7813-5e16-464c-8d40-15f21d060675,VICA / MAGILINE piscines & spas Villefranche sur saône,contact@vica-piscines.fr,https://www.vica-piscines.fr/,LAURENT,ALLARD (ALLARD),LAURENT ALLARD (ALLARD),siret_insee,42476141900045,424761419,63.11Z,1999-10-15,42,59100,ROUBAIX,https://vica-piscines.fr/mentions-legales/,ok_insee
d81307fb-8802-4260-b114-dbb5fffd67c7,Aqua Gascogne,aqua.gascogne@gmail.com,https://aqua-gascogne-piscine.fr/,ALEXANDRE GUY PATRICK,CASABAN (CASABAN),ALEXANDRE GUY PATRICK CASABAN (CASABAN),siret_insee,88879768500011,888797685,43.99D,2020-09-01,00,32130,NOILHAN,https://aqua-gascogne-piscine.fr/mentions-legales,ok_insee
a16cfb71-dc11-4f93-8d1e-b4bb46837910,Piscines VERRIER - Construction et rénovation de piscines à Montpellier,contact@hrz.fr,http://www.piscines-verrier.fr/,Piscines,Verrier,Piscines Verrier,mentions_legales,,,,,,,,https://www.piscines-verrier.fr/mentions-legales,ok_mentions
4c5f2095-c0bb-454b-9ce1-b3d1450df99b,Entreprise piscine riviera,contact@cbd-sud.shop,http://cbd-sud.shop/,LOUIS,RIVIERA,LOUIS RIVIERA,siret_insee,84045360900033,840453609,47.78C,2018-06-13,01,84120,PERTUIS,http://cbd-sud.shop/mentions-legales/,ok_insee
df90918f-d94b-4d47-b281-8a8c41f0aa8c,COMPTOIR DE LA PISCINE,contact@comptoirdelapiscine.fr,https://www.comptoirdelapiscine.fr/,FEHRIDE,MECHRI,FEHRIDE MECHRI,siret_insee,83864867300013,838648673,46.74A,2018-04-01,01,40990,MEES,https://comptoirdelapiscine.fr/mentions-legales/,ok_insee
a6749750-75e7-42b7-8afc-26e25c97d04a,ARTEBETON,info@artebeton.fr,http://www.artebeton.fr/,ECATERINA,ODOBESCU (ODOBESCU),ECATERINA ODOBESCU (ODOBESCU),siret_insee,82248236000010,822482360,41.20A,2016-09-01,02,82370,VILLEBRUMIER,https://www.artebeton.fr/mentions-legales/,ok_insee
7cd5ef73-b427-40ae-886f-d95f774b4dab,LAGOON Formations,contact@lagoon-formations.com,https://lagoon-formations.com/,,,,,,,,,,,,https://lagoon-formations.com/mentions-legales,no_dirigeant_found
3d2fd19d-baa8-41b6-b188-7ccd30fcaeb7,Piscine naturelle BioNova,contact@bionova.fr,http://www.bionova.fr/,,,,,,,,,,,,https://www.bionova.fr/mentions-legales,no_dirigeant_found
959c6969-8d70-4b7d-b8af-f2519bfbddf3,BioValue BioPoolTech - piscine naturelle en bois immergé et filtration biologique connectée,contact@biovalue.fr,https://www.biovalue.fr/,,,,,93867462900010,,,,,,,https://www.biovalue.fr/mentions-legales,no_dirigeant_found
8e5561a7-7c17-4ecc-b4ca-a95741c9ab68,LES PISCINES DU DAUPHINÉ,contact@lespiscinesdudauphine.fr,https://www.lespiscinesdudauphine.fr/,FRÉDÉRIC,BERNARD,FRÉDÉRIC BERNARD,siret_insee,51060874800032,510608748,43.99D,2009-03-01,NN,38250,SAINT-NIZIER-DU-MOUCHEROTTE,https://www.lespiscinesdudauphine.fr (home),ok_insee
9cb409a3-8f24-446c-8595-6c9145c22e3c,Service Plus Piscine,contact@serviceplus38.com,https://serviceplus38.com/,,,,,,,,,,,,https://www.serviceplus38.fr/,no_dirigeant_found
41b1dfe4-0afa-43bb-9a61-9f5955349018,Aymard Creations - Pisciniste Landes,aymard.creations@bbox.fr,http://www.aymard-creations.com/,FRANCK GERARD,AYMARD,FRANCK GERARD AYMARD,siret_insee,39122092800025,391220928,47.64Z,1993-04-01,02,40130,CAPBRETON,https://aymard-creations.com/mentions-legales/,ok_insee
350022b8-c212-41c9-a830-990f276dca28,🏊‍♂️ Difloisirs : Livraison Piscines bois PACA ☀️,contact@difloisirs.com,https://www.difloisirs.com/?utm_source=google&utm_medium=organic&utm_campaign=gmb,,,,,,,,,,,,https://www.difloisirs.com/?utm_source=google&utm_medium=organic&utm_campaign=gmb/mentions-legales,no_dirigeant_found
3079b04d-50c5-4de4-9f16-3aaeaba2815e,Le Bon Bain,contact@lebonbain.fr,http://www.lebonbain.fr/,VINCENT,ARBONA,VINCENT ARBONA,siret_insee,79964276400036,799642764,47.78C,2014-01-09,02,13120,GARDANNE,https://www.lebonbain.fr/mentions-legales,ok_insee
0d19e60a-7f04-48a1-82d9-fea9e2a2d717,MUMCULAR PVC. Pose de pvc armé,mumcular.pvc@gmail.com,http://mumcular.fr/,,,,,50949069400021,,,,,,,http://mumcular.fr/mentions-legales/,no_dirigeant_found
0a91391d-bbcc-48d4-9048-6844a3ede577,Piscine Coque DI MARIA AQUA SERVICE,contact@piscines-herault.fr,https://www.piscines-herault.fr/,,,,,51090980700024,,,,,,,https://www.piscines-herault.fr/mentions-legales/,no_dirigeant_found
9648a8cd-34c1-43ac-b802-9cb179656b10,MOOD PISCINE,moodpiscine@gmail.com,https://www.moodpiscine.fr/,,,,,,,,,,,,https://www.moodpiscine.fr (home),no_dirigeant_found
ceda4b9f-e42f-4e55-9409-1acd3bd62454,TOLOSA PISCINE - Pisciniste toulouse - depannage piscine - rénovation piscine toulouse,dimitri@tolosa-piscine-multitravaux.fr,https://www.tolosa-piscine-multitravaux.fr/,,,,,,,,,,,,,no_mentions_page
8fa97bc7-cfbe-4747-be74-8f57e6a36a2f,Lynéo Piscines,contact@lyneopiscines.com,http://www.lyneopiscines.com/,,,,,,,,,,,,,no_mentions_page
53a4493f-e7f1-481c-b452-262b9df9ec12,piscineherault,agence@piscineherault.fr,https://piscineherault.fr/,,,,,,,,,,,,,no_mentions_page
bb53cd90-c9c3-4659-9b49-63e0fc16acb7,CREATIONS DU BORN - 40260,creationsduborn.isaura@orange.fr,http://www.creationsduborn.fr/,,,,mentions_legales,,,,,,,,https://www.creationsduborn.fr/mentions-legales/,no_dirigeant_found
a42506e4-e9b8-465e-aff0-e0a47431be24,WATER TECHNIC France,jacques.wtf@gmail.com,http://www.water-technic.fr/,,,,,,,,,,,,http://www.water-technic.fr (home),no_dirigeant_found
0707f35c-d11e-43b9-bbf5-09b4df0d9f8d,Greenkub,contact@greenkub.fr,https://www.greenkub.fr/,ERIC,SOLOMAMPIONONA,ERIC SOLOMAMPIONONA,siret_insee,79880237700035,798802377,46.49Z,2013-09-15,21,34160,CASTRIES,https://www.greenkub.fr/mentions-legales/,ok_insee
e618da49-62ae-4fe5-8520-bc0b458269e1,BIOPOOLTECH,contact@biopooltech.com,http://www.biopooltech.com/,EMMANUEL FRANCOIS JACQUES,BERTHOD,EMMANUEL FRANCOIS JACQUES BERTHOD,siret_insee,82220823700013,822208237,71.12B,2016-08-05,03,13080,AIX EN PROVENCE,http://biopooltech.com/mentions-legales/,ok_insee
cc6c1c26-da06-429e-9ce4-6b0df2b997b7,Eureka piscines,eurekapiscine@gmail.com,https://www.eureka-piscines.fr/,,,,,,,,,,,,https://www.eureka-piscines.fr/footer/mentions-legales,no_dirigeant_found
43c99484-6b3e-4817-af9c-69c52598429a,Cocktail Piscine 83 - Adopte une Piscine,contact@cocktailpiscine83.com,https://www.cocktailpiscine83.com/,ERIC LOUIS LEON,KUBICKI,ERIC LOUIS LEON KUBICKI,siret_insee,87981762500020,879817625,47.52A,2020-01-02,01,83136,ROCBARON,https://www.cocktailpiscine83.com/mentions-legales,ok_insee
2994cd6b-8a0f-4e09-a4c5-590b239379c5,SL Terrassement Piscine,contact@sl-terrassement-piscine.fr,https://sl-terrassement-piscine.fr/,,,,,,,,,,,,https://sl-terrassement-piscine.fr/,no_dirigeant_found
0b8f6c54-bae3-42eb-a3a5-5341c4d08902,LAMIPOSE,philippe.lamidieu@lamipose.fr,http://lamipose-liner-arme.fr/,,,,,,,,,,,,http://www.lamipose-liner-arme.fr/mentions-legales/,no_dirigeant_found
623d672b-995a-4da4-9ccc-790ff1e01359,Atout Loisir,contact@atoutloisir.com,https://www.atoutloisir.com/,,,,,,,,,,,,,no_mentions_page
00fd8fc8-9768-48f2-bbaa-9d67db86be58,Piscines Sotechbat,p.sotechbat@hotmail.fr,https://www.piscine-sotechbat.fr/,,,,,,,,,,,,https://piscine-sotechbat.fr/mentions-legales/,no_dirigeant_found
6bdb5a8e-f9a0-4345-8821-e84f5bb926e2,Les piscines du forez,lespiscinesduforez@gmail.com,https://estvar.oceazur-piscines.com/,,,,,,,,,,,,https://estvar.oceazur-piscines.com/?page_id=225,no_dirigeant_found
d81d00b1-6f58-4442-87b6-b4b90ece7b3b,"Cs paysage - entretien de jardin (particulier et entreprise) et création paysagère (clôture, terrasse, allée, terrassement)",contact@confortservices.net,https://paysagiste.confortservices.net/,,,,,,,,,,,,,no_mentions_page
ce211e9a-5dd9-4a5c-92d9-f1d4a0f512ee,REVOLUTION PISCINE,contact@revolutionpiscine.fr,http://www.revolutionpiscine.fr/,LUDOVIC CLAUDE,FICI,LUDOVIC CLAUDE FICI,siret_insee,84002051500010,840020515,43.99D,2018-06-01,01,13800,ISTRES,https://www.revolutionpiscine.fr/mentions-legales,ok_insee
d6ce2fcd-e575-4f5d-9877-f9a3d64905c9,piscine experts,piscine.experts@gmail.com,http://piscine-experts.fr/,CHEHADE,GHISLAIN,CHEHADE GHISLAIN,mentions_legales,,,,,,,,https://piscine-experts.fr/mentions-legales,ok_mentions
3966b447-47a6-4b7a-992f-aca83aa1adca,Piscines DESJOYAUX,servicecom@desjoyaux.fr,https://www.desjoyaux.fr/boutiques-desjoyaux/82000-montauban/,,,,,,,,,,,,https://www.desjoyaux.fr/mentions-legales/,no_dirigeant_found
bda1a711-4ded-4f47-8273-731a22937642,Piscine Ivoire Polyester,contact@piscine-ivoire-polyester.com,https://piscine-ivoire-polyester.com/,DOMINIQUE CHARLES,MERESSE (MERESSE),DOMINIQUE CHARLES MERESSE (MERESSE),siret_insee,49781460800053,497814608,43.99A,2007-05-04,NN,83590,GONFARON,https://piscine-ivoire-polyester.com/mentions-legales/,ok_insee
ba82d47b-7e04-4c7d-b454-e141e6542690,Piscines & Eaux,contact@piscineseteaux.fr,http://www.piscineseteaux.fr/,,,,,,,,,,,,http://piscineseteaux.fr/mentions-legales/,no_dirigeant_found
ac3b71f6-d81e-4cfd-9bf1-803581a5d2eb,M2P Maçonnerie paysagère et piscine,sarlm2p@outlook.fr,http://www.sarlm2p.fr/,QUENTIN AIMÉ PIERRE,MANDIER,QUENTIN AIMÉ PIERRE MANDIER,siret_insee,94305521000018,943055210,81.30Z,2025-04-08,NN,38140,RENAGE,https://www.sarlm2p.fr/mentions_legales.html,ok_insee
6c12d4c1-d4b6-4d3c-9ed2-026c306c9093,Portails CPO - Portails et clôtures à Vannes,contact@portail-cpo.com,http://www.portail-cpo.com/?utm_source=gmb,,,,,,,,,,,,,no_mentions_page
99ed716a-c9f0-4f59-b496-beed3b684f3e,Beaulieu Piscine,lr@beaulieugroupe.com,https://www.beaulieu-piscines.fr/,,,,,,,,,,,,https://www.beaulieu-piscines.fr/mentions-legales/,no_dirigeant_found
2f35566d-f525-4bce-8f20-5756ed1355ea,Charton Paysage & Piscine,chartonpiscine@gmail.com,http://www.chartonpiscine.fr/,,,,,,,,,,,,,no_mentions_page
4b342b61-f6a5-4dd9-9717-41fe75ec8144,Habitat piscine services,habitatpiscineservices@gmail.com,http://www.habitat-piscine-services.com/,,,,,,,,,,,,,no_mentions_page
d634c364-83bc-4618-bdf2-04da6d37a6b8,Création piscines occitanie,creationpiscines.occitanie@gmail.com,https://www.creationpiscinesoccitanie.fr/,CÉDRIC FABRICE BRUNO,VAN BALKOM,CÉDRIC FABRICE BRUNO VAN BALKOM,siret_insee,95110194800010,951101948,43.99D,2023-04-01,NN,11400,LA POMAREDE,https://www.creationpiscinesoccitanie.fr/mentions-legales/,ok_insee
02af735e-1427-4076-96a5-432962919f26,Aqua Dream 38 - Pisciniste Grenoble,contact@digilocal.fr,https://piscinespa-grenoble.com/,OLIVIER MARC MAURICE,GRAVNER,OLIVIER MARC MAURICE GRAVNER,siret_insee,53521650100010,535216501,47.52A,2011-10-17,01,38320,BRIE-ET-ANGONNES,https://piscinespa-grenoble.com/mentions-legales/,ok_insee
3cc05b4a-fd7d-41f1-b66d-493efa30a1d4,Neptune Piscines,contact@neptunepiscines31.fr,https://www.neptunepiscines31.fr/,ELODIE,GAUTHIER (DIGARD),ELODIE GAUTHIER (DIGARD),siret_insee,48946485900029,489464859,43.12A,2006-04-01,02,31430,LUSSAN-ADEILHAC,https://www.neptunepiscines31.fr/mentions-legales,ok_insee
1f243bfb-c9fe-4fc5-b3f3-6ad38c218ce8,Bleu 30 Piscines,contact@bleu30-piscines.fr,http://www.bleu30-piscines.fr/,BENJAMIN BERNARD MATTEO,CICIRELLO,BENJAMIN BERNARD MATTEO CICIRELLO,siret_insee,82188882300027,821888823,43.99D,2016-08-01,01,30900,NIMES,https://www.bleu30-piscines.fr/copie-de-construction,ok_insee
80b71b12-fb5a-4640-9a63-2d7faf15a4a9,POOL SPIRIT,contact@poolspirit.fr,http://www.poolspirit.fr/,FREDERIC,MORELLI,FREDERIC MORELLI,siret_insee,81822102000014,818221020,43.99D,2016-02-04,NN,83270,SAINT-CYR-SUR-MER,https://www.poolspirit.fr/mentions-legales.html,ok_insee
8b5226f0-0a80-4084-a8f1-af8c6bb238ea,K Ré Do,compta@kredo-piscines.fr,http://www.kredo-piscines.fr/,ARNAUD,MONCORGE,ARNAUD MONCORGE,siret_insee,89396585500016,893965855,43.99D,2021-02-05,02,38280,VILLETTE-D'ANTHON,http://www.kredo-piscines.fr/mentions-legales/,ok_insee
288fa9f8-a20a-45e6-8bf2-9fc50377351f,Lagon Piscines,contact@lagonpiscines.com,http://www.lagonpiscines.com/contact,Gérald,TAORMINA,Gérald TAORMINA,mentions_legales,,,,,,,,https://www.lagonpiscines.com/mentions-legales/,ok_mentions
a6fe93ce-b572-4e52-abd1-9b27183e0cad,COIN PISCINE,contact@coinpiscine.com,http://www.coinpiscine.com/,CAMILLE,CHER,CAMILLE CHER,siret_insee,82536253600013,825362536,47.78C,2017-01-26,NN,13790,PEYNIER,https://www.coinpiscine.com/mentions-legales/,ok_insee
7283c515-763d-4f5f-b579-73d322d86471,Bain de Soleil - Piscine et Spa,contact@bds-piscine.com,https://bds-piscine.com/,FOUAD,MIRI,FOUAD MIRI,siret_insee,87940319400019,879403194,47.52B,2019-11-08,01,01440,VIRIAT,https://bds-piscine.com/mentions-legales/,ok_insee
a0bfdb98-7322-410f-b4e1-6cb870afb236,VG Concept,vgconcept@hotmail.fr,https://www.vg-concept.fr/,est Monsieur Vincent,GERVAIS,est Monsieur Vincent GERVAIS,mentions_legales,,,,,,,,https://www.vg-concept.fr/mentions-legales/,ok_mentions
47607297-33b8-4fe4-bbf9-a116985dde4e,La Piscine Occitane Fabricant Piscine Coque France,contact@la-piscine-occitane.fr,https://www.la-piscine-occitane.fr/,JEAN PAUL,DUBOUÉ,JEAN PAUL DUBOUÉ,siret_insee,91955918700019,919559187,22.23Z,2022-09-21,01,09270,MAZERES,https://la-piscine-occitane.fr/mentions-legales/,ok_insee
4e3bdbfc-8a8f-4e33-a7bf-d6a65a7afd6f,El Oustani Construction,hamedeloustani@hotmail.com,http://www.eloustani34.fr/,,,,,,,,,,,,,no_mentions_page
850f051e-16d7-4402-a9fc-99f76c826c59,Gilbert Piscines,eric.gilbert82@gmail.com,https://www.gilbert-piscines.fr/,ERIC PIERRE,GILBERT,ERIC PIERRE GILBERT,siret_insee,80151247600012,801512476,43.99D,2014-04-01,01,82370,NOHIC,https://www.gilbert-piscines.fr/about/,ok_insee
877979aa-6840-4f52-9270-dca6bc26a07e,MTS CONSTRUCTIONS,mtsconstructions34@gmail.com,https://mtsconstructions.fr/,STEPHANE,AIELLO,STEPHANE AIELLO,siret_insee,42513375800036,425133758,62.01Z,1996-10-01,NN,34090,MONTPELLIER,https://mtsconstructions.fr/mentions-legales,ok_insee
625e92ed-f020-4e92-a54c-040dfb907980,Sarl schifano,contact@schifano-piscine.com,https://www.schifano-piscine.com/,DENIS MARC,SCHIFANO,DENIS MARC SCHIFANO,siret_insee,75318312800036,753183128,81.30Z,2012-07-19,01,01600,TREVOUX,https://www.schifano-piscine.com/fr/mentions-legales,ok_insee
ca37e056-6b5c-416f-a3f6-61bb2469c346,elite piscine service,contact@elitepiscineservice.fr,http://elitepiscineservice.fr/,,,,,,,,,,,,https://www.elitepiscineservice.fr/,no_dirigeant_found
4690999a-e07d-41e3-9bac-302769bcf81d,O Blue,girardsandra6@gmail.com,https://www.oblue.fr/?utm_medium=referral&utm_source=gmb&utm_campaign=lnk-gmb,,,,,,,,,,,,https://www.oblue.fr/?utm_medium=referral&utm_source=gmb&utm_campaign=lnk-gmb/mentions-legales,no_dirigeant_found
7d6f6cd2-dc77-474e-948e-0b60bbd1cea4,SOLS BOIS CONCEPT,solsboisconcept34@gmail.com,https://sols-bois-concept.fr/,,,,,,,,,,,,,no_mentions_page
326f8d82-c4a7-4cba-abb1-51172619782b,A L'eau Léo,contact.aleauleo@gmail.com,https://www.aleauleo.fr/,LÉO MEHDY TOM,BENNIS,LÉO MEHDY TOM BENNIS,siret_insee,94892328900011,948923289,81.29B,2023-01-24,NN,34550,BESSAN,https://www.aleauleo.fr/mentions-legales-confidentialite/,ok_insee
32a6f43d-ec80-403f-85ce-ea1111a81dda,Florea Piscines - Entreprise Familiale Depuis 2003 Partenaire EXCEL PISCINES,contact@floreapiscines.fr,http://www.floreapiscines.fr/,Adrien,OHANESSIAN,Adrien OHANESSIAN,mentions_legales,,,,,,,,https://www.floreapiscines.fr/mentions-legales/,ok_mentions
8562fdf8-0836-468f-9fb0-f7c0d54a58bd,CSPiscine34,smart.journey.prober@gmail.com,https://business.google.com/v/cs-piscine34/08195955755692943207/f133/_?%7Bignore%7Dcaid=%7Bcampaignid%7D&agid=%7Badgroupid%7D&gclid=%7Bgclid%7D&utm_source=gmb#location,,,,,,,,,,,,https://business.google.com/v/cs-piscine34/08195955755692943207/f133/_?%7Bignore%7Dcaid=%7Bcampaignid%7D&agid=%7Badgroupid%7D&gclid=%7Bgclid%7D&utm_source=gmb#location (home),no_dirigeant_found
dac567a4-ff61-43c8-86f1-8440afa66e15,Odyssea Piscines,contact@odyssea-piscines.com,http://www.odyssea-piscines.com/,FRANCK,BROUTIN (BROUTIN),FRANCK BROUTIN (BROUTIN),siret_insee,53449096600015,534490966,43.99D,2011-09-01,01,83340,LE CANNET-DES-MAURES,http://www.odyssea-piscines.com/mentions-legales.php,ok_insee
176b5b38-efee-4458-a36d-7152ab4f2e7f,Pinzetta Piscine,pinzetta.piscine@gmail.com,https://www.piscines-voiron.fr/,,,,,,,,,,,,,no_mentions_page
9b6c7196-80e4-442a-96d0-2628ec198185,D.A.C PISCINES (Drôme Ardèche Construction piscines),contact@dacpiscines.fr,https://www.dacpiscines.fr/,,,,,,,,,,,,,no_mentions_page
2bde9d4f-fcfa-47ef-8f48-553941970b75,o phil de l eau,ophildeleau@free.fr,http://ophildeleaupiscine.com/,,,,,,,,,,,,,no_mentions_page
9f435c31-8270-421a-8b82-1e7920a0ec57,Stella Piscines,contact@stella-piscines.fr,http://www.stella-piscines.fr/,,Contact,Contact,mentions_legales,,,,,,,,http://www.stella-piscines.fr/mentions-legales/,ok_mentions
68855a01-11fa-40f3-bb0e-ae3eee113b4d,SARL BLEU-GRIS,contact@bleugris-piscines.com,https://www.bleugris-piscines.fr/,EDOUARD,FLOUR (FLOUR),EDOUARD FLOUR (FLOUR),siret_insee,90938043800012,909380438,47.52B,2022-01-20,NN,01340,FOISSIAT,https://www.bleugris-piscines.fr/fr/mentions-legales,ok_insee
fbe55146-6bf2-4125-85a3-d5ab844867a8,O Plaisir piscines 83,o.plaisir.piscine83@gmail.com,https://www.oplaisirpiscine83.fr/,LAETITIA,BOUTILLIER,LAETITIA BOUTILLIER,siret_insee,89020070200011,890200702,43.99D,2020-10-01,NN,83136,GAREOULT,https://www.oplaisirpiscine83.fr/mentions-legales,ok_insee
77893458-7880-4418-a7b8-969dc32f4d31,Sélection Piscines,selection-piscines@gmail.com,https://selection-piscines.fr/,Sélection,Piscines,Sélection Piscines,mentions_legales,90873591300018,,,,,,,https://selection-piscines.fr/mentions-legales/,ok_mentions
c4883168-e5e9-41dc-8371-30dab03eac8d,Toul'bois,toulbois@gmail.com,https://toulbois.fr/,,,,,,,,,,,,,no_mentions_page
118b75ff-6083-4195-9a31-c84e2d3adb05,Piscines d'O,alexandre@piscinesdo.fr,http://www.piscinesdo.fr/,,,,,,,,,,,,,no_mentions_page
28ba138e-19a9-49c3-bbab-770f9771ebe5,cj piscines,cjpiscines@free.fr,https://www.cj-piscines.fr/,,,,,,,,,,,,https://www.cj-piscines.fr/mentions-legales,no_dirigeant_found
b3be9281-4d1e-464e-a3d4-86b17c73304c,Les Piscines du Beaujolais,mbarraud90@gmail.com,https://lespiscinesdubeaujolais.fr/,Maxime Mentions légales,BARRAUD,Maxime BARRAUD Mentions légales,mentions_legales,,,,,,,,https://lespiscinesdubeaujolais.fr/mentions-legales/,ok_mentions
bfbbd74e-dc7a-4630-b5ac-46d020413f35,CNT constructions,contact@cnt-constructions.fr,https://cnt-constructions.fr/,DHIAB,TEBOULBI (TEBOULBI),DHIAB TEBOULBI (TEBOULBI),siret_insee,45108406500023,451084065,43.99C,2004-01-01,02,83210,LA FARLEDE,https://cnt-constructions.fr (home),ok_insee
0550d53a-4063-4e99-8db4-21b09b610637,MOISSAC PISCINES ET TERRASSEMENT,jean-marc.cason@orange.fr,http://www.moissac-piscines.sitew.fr/,,,,,,,,,,,,http://www.moissac-piscines.sitew.fr (home),no_dirigeant_found
caf91f7b-b2ac-4477-a54a-aa872d43079e,Constans Paysage,constans.paysage@hotmail.fr,http://constanspaysage.com/,,,,,,,,,,,,,no_mentions_page
5862d555-8468-40cc-9852-e90a7b14de37,SUD LINER,sudliner34@gmail.com,http://www.sudliner.fr/,SUD,LINER,SUD LINER,mentions_legales,,,,,,,,https://www.sudliner.fr/mentions-legales,ok_mentions
9587a208-0eb9-4633-bcbc-3c35cb90fd0f,Piscines Et Aménagements EURL,contact@piscinesetamenagements.fr,http://www.piscinesetamenagements.fr/,,,,,,,,,,,,https://www.piscinesetamenagements.fr/,no_dirigeant_found
6a5b6402-d4b1-4e19-ab37-98653044a00f,mce-robot-piscine,contact@mce-robot-piscine.com,http://mce-robot-piscine.com/,,,,,,,,,,,,http://mce-robot-piscine.com (home),no_dirigeant_found
1b649767-7f3e-4a0a-b4c8-4b090b568319,Pisciniste spécialiste de la piscine à coque : ALP EXCEL PISCINES,pascalchardonalp@gmail.com,https://www.alp-excel-piscines.fr/,PASCAL,CHARDON,PASCAL CHARDON,siret_insee,53403369100013,534033691,46.69A,2011-08-01,01,82170,GRISOLLES,https://www.alp-excel-piscines.fr/mentions-legales/,ok_insee
e0ec39b7-33f6-4dce-9caa-b6b6ccc1a3d6,Yolande PISCINISTE ISTRES,sebastien.yolande@laposte.net,https://piscinisteistres.fr/,SEBASTIEN YVAN IVAN,YOLANDE,SEBASTIEN YVAN IVAN YOLANDE,siret_insee,79465903700012,794659037,81.21Z,2013-07-09,NN,13800,ISTRES,https://piscinisteistres.fr/mentions-legales/,ok_insee
c9562ae5-3edf-4d22-bf19-46d555c808f3,"Construction de piscine, TP, revêtements sol dans le Tarn - O.V.E. TP",ced.garguil@gmail.com,https://www.ove-tp.com/,CEDRIC,GARGUILO,CEDRIC GARGUILO,siret_insee,53141859800029,531418598,43.99C,2011-04-01,02,81500,GIROUSSENS,https://www.ove-tp.com/mentions-legales-cgu/,ok_insee
d174f78c-12eb-40e6-a563-acfb1b13f55c,Piscine et Spa des Alpes,contact@piscine-spa-alpes.com,https://piscine-spa-alpes.com/,Gabriel Anthony,CECILLON,CECILLON Gabriel Anthony,mentions_legales,,,,,,,,https://piscine-spa-alpes.com/mentions-legales/,ok_mentions
608faf3c-040a-420d-b4ee-175bec4cc37d,SAS Piscines Silvani,piscines@silvani.fr,http://www.silvani.fr/,,,,,,,,,,,,,no_mentions_page
7b060a6e-47f8-436b-8652-7d8eacf209d7,Techni' Piscine Services,jmp31250@hotmail.fr,http://www.techni-piscine-services.com/,,,,,,,,,,,,,no_mentions_page
f080e834-a34e-4995-875e-79087641ea02,Aqua Pro Piscine | Rénovation et entretien de piscine | Pisciniste Vaucluse,aquapropiscine@sfr.fr,http://www.aquapro-piscine.fr/,,,,,,,,,,,,http://www.aquapro-piscine.fr/mentions-legales.html,no_dirigeant_found
5b46aa3f-b061-4b42-bcdf-27cbccef7b8d,BRI'O PISCINES - EP Construction et Rénovation piscines depuis 1999 - SARL Eaux et Piscines Construction,contact@brio-piscines.com,http://www.brio-piscines.com/,,,,,,,,,,,,https://brio-piscines.com/mentions-legales/,no_dirigeant_found
5e2b0c93-ea13-48f1-9ce9-9da388a72e2a,Eric piscines,ericpiscines@aol.com,http://eric-piscines.fr/,,,,,,,,,,,,,no_mentions_page
e67ca508-80cb-4de7-9497-bb0c8d10cab2,Terrasse détente et spas,contact@terrasse-detente-spas.fr,https://www.terrasse-detente-spas.fr/,CHRISTOPHE,TRICHARD,CHRISTOPHE TRICHARD,siret_insee,88369563700016,883695637,43.32A,2020-05-25,01,69550,SAINT-JEAN-LA-BUSSIERE,https://www.terrasse-detente-spas.fr/mentions-legales,ok_insee
3e43e7e0-b3f4-47cf-890d-b5d4fb51a379,PISCINE SERVICE ENTRETIEN,spatech@bbox.fr,http://www.piscine-service-entretien.fr/,FRANÇOIS ROGER DANIEL,CHARREL,FRANÇOIS ROGER DANIEL CHARREL,siret_insee,97815119900012,978151199,43.99D,2023-07-11,01,26120,CHABEUIL,https://piscine-service-entretien.fr/mentions-legales/,ok_insee
9c53ce6c-f962-49c3-a2c3-91608e0fa156,Galaxo Piscines,contact@galaxo-piscines.fr,https://galaxo-piscines.fr/,,,,,,,,,,,,https://galaxo-piscines.fr/mention-legales,no_dirigeant_found
5f6cbb15-1fb2-4a8a-a547-8f4f0672f224,BLM BÂTIMENT PISCINE,blm.batiment.piscine@gmail.com,https://blmbatiment-piscine.fr/,,,,,,,,,,,,,no_mentions_page
2a884a96-0acb-4cc3-95fa-92ab45d03a06,SJ Piscine & Services,sjpiscine@gmail.com,https://sjpiscine.com/,Nom,Prénom,Nom Prénom,mentions_legales,,,,,,,,https://sjpiscine.com/mentions-legales/,ok_mentions
8d7adceb-144e-4f6c-b165-9aaf271fae6a,SARL PEP piscines,eurlpeppiscine@gmail.com,https://www.pep-piscine.fr/,,,,,,,,,,,,https://www.pep-piscine.fr/mentionslegales.html,no_dirigeant_found
26395ff7-81c9-4e5f-a8d4-2307203caf15,Ovalie Pool,gd.ovaliepool@gmail.com,http://ovaliepool.fr/,Geoffrey,Darriet,Geoffrey Darriet,mentions_legales,,,,,,,,https://ovaliepool.fr/cgu/,ok_mentions
344c8455-a666-46be-a711-458e5a3e3b08,ABC CHRISTOPHE PISCINES,abcchristophepiscine@gmail.com,http://www.abc-christophe-piscines.fr/,CHRISTOPHE JOSEPH,THERME,CHRISTOPHE JOSEPH THERME,siret_insee,53490959300012,534909593,43.99D,2011-10-03,NN,82700,SAINT-PORQUIER,http://www.abc-christophe-piscines.fr (home),ok_insee
783d9722-7980-4977-b21c-67829d96ff4e,Trc-piscine,contact@trc-piscines.fr,http://www.trc-piscines.fr/,,,,,,,,,,,,https://www.trc-piscines.fr/mentions-legales,no_dirigeant_found
0b7bd48f-3a4a-4fc8-b9d2-9a3be546da20,Chaumery Piscine & Co,contact@chaumery-piscine.fr,https://www.chaumery-piscine.fr/,GILBERT MARC,CHAUMERY,GILBERT MARC CHAUMERY,siret_insee,89264647200019,892646472,43.99C,2020-12-16,02,13170,LES PENNES-MIRABEAU,https://www.chaumery-piscine.fr/mentions-legales,ok_insee
513e254d-0692-439c-9188-9cdf602c49b7,Piscin'Alpes - Magiline,privacy@magiline.fr,https://www.piscines-magiline.fr/pisciniste-magasin-piscines/fr-auvergne-rhone-alpes-isere-distributeur-piscines-magiline-barraux/,LAURENT,ALLARD (ALLARD),LAURENT ALLARD (ALLARD),siret_insee,42476141900045,424761419,63.11Z,1999-10-15,42,59100,ROUBAIX,https://www.piscines-magiline.fr/mentions-legales/,ok_insee
0d84da80-3a8f-46e3-bce8-c589f05b0b7c,Biloba Tech’,contact@bilobatech.fr,http://www.bilobatech.fr/,,,,,,,,,,,,https://www.bilobatech.fr/mentions-legales/,no_dirigeant_found
1e2f35ff-623d-4e6d-82c1-82b3e70589b4,Iglésias Sébastien,sebastien.iglesias@free.fr,https://paysagiste-elagage-cavalaire.fr/,SEBASTIEN PATRICK GERALD,IGLESIAS (IGLESIAS),SEBASTIEN PATRICK GERALD IGLESIAS (IGLESIAS),siret_insee,44225319100021,442253191,81.30Z,2002-06-05,NN,83240,CAVALAIRE-SUR-MER,https://paysagiste-elagage-cavalaire.fr/mentions-legales/,ok_insee
746e7f72-b7d8-457b-b285-567d85ecab5d,Piscines Quilez Freres,contact@piscines-quilez.com,http://www.piscines-quilez.com/,,,,,,,,,,,,,no_mentions_page
25b32213-b83c-4fe1-8d25-800a5e053c28,COTE PISCINE zae les vignes grandes,contact@cote-piscine-34.fr,http://www.cote-piscine-34.fr/,PATRICK,LACALLE,PATRICK LACALLE,siret_insee,84116168000019,841161680,43.12A,2018-07-18,01,34350,VENDRES,https://www.cote-piscine-34.fr/fr/mentions-legales,ok_insee
fcf0fb16-b307-4913-9372-878bc1710cb8,Horizon Vert Paysage,horizonvert83@gmail.com,https://horizonvert-paysage.com/,,,,,,,,,,,,https://horizonvert-paysage.com/mentions-legales/,no_dirigeant_found
43acd26e-3eb6-48e7-8e4c-464a05738ee8,"Techniflore | Traitement des palmiers, soins des végétaux et dératisation",contact@techniflore.fr,https://www.techniflore.fr/,,,,,94450863900017,,,,,,,https://www.techniflore.fr/mentions-legales/,no_dirigeant_found
86a8e0aa-aea9-4442-804b-d6a3c0711538,"Ets Derbez - Pépinière, Création, et Entretien de jardin",info@derbez.fr,http://www.derbez.fr/,,,,,,,,,,,,https://www.derbez.fr/cgv,no_dirigeant_found
4bbbf123-24bd-4f3f-8c30-59d7206da4bf,Maglian'eau Piscine,contact@maglianeau-piscine.fr,https://maglianeau-piscine.fr/,THOMAS,MAGLIANO,THOMAS MAGLIANO,siret_insee,94783022000010,947830220,43.22A,2023-01-16,NN,31190,GRAZAC,https://maglianeau-piscine.fr/mentions-legales/,ok_insee
6925e233-9f38-4ea7-b443-f65661874856,DREAM PAYSAGE,benjamin@dream-paysage.com,http://dream-paysage.com/,,,,,,,,,,,,https://www.dream-paysage.com,no_dirigeant_found
19d0d6e6-c82a-4839-a636-a7a121a054e6,Pose PVC armé Entreprise,contact@pvc-arme.com,http://www.pvc-arme.com/,,,,,,,,,,,,http://www.pvc-arme.com (home),no_dirigeant_found
80405eae-b0f6-4449-a9d2-6614db1cef23,Pépinière Tropicana Flore,contact@tropicanaflore.com,https://tropicanaflore.com/,David,RUFFRAY,David RUFFRAY,mentions_legales,,,,,,,,https://tropicanaflore.com/mentions-legales/,ok_mentions
84906a40-8bb0-4592-b64b-639c8bd9bb62,Art et Nature,contact@artetnature.fr,http://artetnature.fr/,,,,,,,,,,,,,no_mentions_page
709b6c7e-1d35-457c-9eef-0c69e93cf960,Basso Jardins,mbjardins@wanadoo.fr,http://www.basso-jardins.fr/jardinier_paysagiste_golfe_de_saint_tropez/,MARC-ANDRE,BASSO,MARC-ANDRE BASSO,siret_insee,51983579700019,519835797,81.30Z,2010-01-01,02,83120,LE PLAN-DE-LA-TOUR,http://www.basso-jardins.fr/jardinier_paysagiste_golfe_de_saint_tropez/mentions_legales_basso_jardins_sainte_maxime_var_83_jardinier_paysagiste/,ok_insee
7dcf5e9e-c9a0-4360-94d9-18afa6381baa,idverde,enquiries@idverde.com,http://www.idverde.com/,,,,,,,,,,,,,no_mentions_page
2e6628e7-e011-4cdd-99d0-ec6c3d91084b,Les piscines du Somail - Rénovation - Fuites - Constructions - Narbonne Aude,info@lespiscinesdusomail.fr,http://www.lespiscinesdusomail.fr/,,,,,,,,,,,,,no_mentions_page
dc862b53-064a-4406-b13f-d3dfc7f68aed,SERPE - Agence du Cannet des Maures,cannet-des-maures@serpe.fr,https://www.cannet-des-maures.serpe.fr/,,,,,,,,,,,,,no_mentions_page
d89f0cce-421d-454b-8999-81c63365ac85,Nathalie Odiot Architecture d'intérieur,contact@nathalieodiot.com,http://www.odiotsala.archi/,NATHALIE,ODIOT,NATHALIE ODIOT,siret_insee,79398885800056,793988858,74.10Z,2013-06-05,02,83310,GRIMAUD,https://odiotsala.archi/mentions-legales/,ok_insee
f37a26bb-cf6c-4aa8-80c9-ee811fe66c86,Clean Jardin,clean.jardin@hotmail.fr,https://www.cleanjardins.fr/,,,,,,,,,,,,https://www.cleanjardins.fr/mentions-legales/,no_dirigeant_found
7521246b-fec7-485f-bb6c-f7aeb7d56a1d,Pépinière des Terrassonnes,terrassonnes@wanadoo.fr,http://www.pepiniere-terrassonnes.com/,,,,,,,,,,,,https://www.pepiniere-terrassonnes.com/mentions-legales-politique-de-confidentialite,no_dirigeant_found
3e5a0cf3-595f-4b82-b5c6-97f62dd111dc,PROTECH CONSTRUCTION,contact@protech-constructions.com,https://protech-constructions.com/,ABDELALY,BENKACEM (BENKACEM),ABDELALY BENKACEM (BENKACEM),siret_insee,81015458300019,810154583,43.99C,2015-03-01,02,34080,MONTPELLIER,https://protech-constructions.com/index.php/mentions-legales/,ok_insee
3e1b2920-a82e-4781-b58f-1bc8c81473e6,Bruno Paysage - Création de jardin et clôtures,brunopaysage83@gmail.com,http://www.bruno-paysage.fr/,,,,,,,,,,,,,no_mentions_page
fef80fc8-bc74-4cee-a2ed-37db26fa8938,L&L Piscine,contact@tllp.fr,http://www.tllp.fr/,,,,mentions_legales,,,,,,,,https://www.tllp.fr/mentions-legales/,no_dirigeant_found
c35788b4-9382-498a-93f6-9a10fcbdb335,Les Jardins d'Aurélien - LJA espaces verts- jardinier - élagueur professionnel,lesjardins.aurelien83@gmail.com,https://www.jardinier-frejus.com/,,,,,,,,,,,,,no_mentions_page
dc9c4ac8-0315-4ec2-a13a-a95e5d3c7fb3,Le Temps des Jardins,infos@letempsdesjardins.fr,http://www.letempsdesjardins.fr/,Nicolas,Esclapez,Nicolas Esclapez,mentions_legales,,,,,,,,https://www.letempsdesjardins.fr/mentions-legales,ok_mentions
c37a54c2-2844-46cc-ab27-d9d126775c2c,ENTREPRISE CIMES ET JARDINS,cimeetjardin@gmail.com,http://www.cimes-et-jardins.fr/,,,,,,,,,,,,,no_mentions_page
a5d0956c-830e-4873-ac10-597430ba6788,Stewart Jardins,stewartjardins@gmail.com,https://stewartjardins.com/,,,,,,,,,,,,,no_mentions_page
eede97bc-3e49-4c19-97b0-264c313f5c75,Archi Paysage,contact@archipaysage.com,https://www.archipaysage.com/,,,,,,,,,,,,https://www.archipaysage.com/,no_dirigeant_found
7be53328-293d-4ecb-9abd-fc04253cdbe2,TEE PAYSAGE,teep@lajus.fr,https://www.tee-paysage.fr/,Nom de l,SILVI JORIS,SILVI JORIS Nom de l,mentions_legales,,,,,,,,https://www.tee-paysage.fr/mentions-legales/,ok_mentions
4b3bf996-5bf6-4d85-8d1a-290e66b4a6e0,Dalmazzini Garden,alexandre.dalmazzini@gmail.com,https://www.dalmazzinigarden.com/,,,,,,,,,,,,https://www.dalmazzinigarden.com (home),no_dirigeant_found
4a4429fa-ee8f-499b-81e0-16412bfe0e0c,French Riviera Gardener,frgjardins@gmail.com,http://www.frenchrivieragardener.fr/,Fleury,Alexandre,Fleury Alexandre,mentions_legales,,,,,,,,https://frenchrivieragardener.fr/mentions-legales/,ok_mentions
4d1a9092-83b3-47de-ae93-33cba9b78ff1,Land'Act - Agence Sud,contact@land-act.fr,https://land-act.fr/,,,,,,,,,,,,https://land-act.fr/mentions-legales,no_dirigeant_found
224ce230-f3cd-4ac0-940a-9146efa6cd96,Agence Guillermin - Architectes Paysagistes Concepteurs,contact@agence-guillermin.fr,http://www.agence-guillermin.fr/,,,,,,,,,,,,,no_mentions_page
810eb9a7-9f0e-4095-9a6b-0c620be61505,idverde,enquiries@idverde.com,http://www.idverde.com/,,,,,,,,,,,,,no_mentions_page
1786e98d-b5b3-4da2-9892-86c496bbe928,Cyril Filangi,cyril@filangi.com,https://www.filangi.com/,,,,,,,,,,,,,no_mentions_page
e3ab31bc-580f-4dd0-ae22-5fd7ecdb02b0,Paysages Secrets,contact@paysages-secrets.fr,https://paysages-secrets.fr/,,,,,,,,,,,,https://paysages-secrets.fr,no_dirigeant_found
7e20e27c-a9f4-4699-8677-11f493c13780,MO RENOVATION PISCINE,gossemoreno@gmail.com,http://morenovationpiscine.fr/,,,,,,,,,,,,,no_mentions_page
b722c35e-e357-418a-96ca-9a7312324f54,Les Jardins Florissants,lesjardinsflorissants@hotmail.fr,http://www.lesjardinsflorissants.fr/,JÉRÉMIE JEAN-PIERRE ROBERT,BERTOLINO,JÉRÉMIE JEAN-PIERRE ROBERT BERTOLINO,siret_insee,80055534400012,800555344,81.30Z,2014-01-20,03,06130,GRASSE,http://www.lesjardinsflorissants.fr/mentions-legales/,ok_insee
a8504a27-3a8d-4ef5-9509-dae71f36bc73,Ka’Renov Jardins,contact@decojardins.com,http://www.decojardins.fr/,,,,,,,,,,,,,no_mentions_page
3e52fc9c-be7f-41cb-bf39-f2a1d7ad11d1,AZUREA PAYSAGES,sw@azurea-paysages.com,http://www.azurea-paysages.com/,,,,,,,,,,,,,no_mentions_page
c147f05a-a0f4-413f-8ab0-63b05f432abd,STUDIO MATHIEU BESNIER - Garden Design,hello@mathieubesnier.com,https://www.mathieubesnier.com/,MATHIEU GHISLAIN JOSE,BESNIER (BESNIER),MATHIEU GHISLAIN JOSE BESNIER (BESNIER),siret_insee,82003165600011,820031656,81.30Z,2016-04-29,NN,06130,GRASSE,https://www.mathieubesnier.com/mentions-legales/,ok_insee
fa422bf8-cbb4-4d56-9fe4-a6d78e0c4eec,SERPE - Agence de Nice,alpes-maritimes@serpe.fr,https://www.nice.serpe.fr/,,,,,,,,,,,,,no_mentions_page
d8896a8d-b64c-45e8-b5ef-eb74ce18ae19,English Garden,admin@englishgarden.com,http://www.englishgarden.com/,,,,,,,,,,,,http://www.englishgarden.com (home),no_dirigeant_found
7eec9e1f-fbb2-4847-83cf-477c6f331443,Exterior Design,vaujard@exteriordesign.fr,http://www.exteriordesign.fr/,VINCENT RENE RAYMOND,AUJARD,VINCENT RENE RAYMOND AUJARD,siret_insee,80151676600020,801516766,81.30Z,2014-04-01,NN,06100,NICE,https://www.exteriordesign.fr/informations-l%C3%A9gales/,ok_insee
30a7cbd7-a21b-4551-9356-5b2c2f74ab24,Bertoncini Jean-François,etsbertoncini@gmail.com,https://www.ets-bertoncini.fr/,,,,,,,,,,,,https://www.ets-bertoncini.fr/mentions-legales,no_dirigeant_found
15d7ba58-e60c-4cd8-a3e8-48ea5d417ba9,CALDERONI JARDINS,contact@calderoni-jardins.fr,https://calderoni-jardins.fr/,,,,,51090980700016,,,,,,,https://calderoni-jardins.fr/mentions-legales/,no_dirigeant_found
b0418783-cfe3-43c4-90a6-74ee481633a2,TEE PAYSAGE,teep@lajus.fr,https://www.tee-paysage.fr/,Nom de l,SILVI JORIS,SILVI JORIS Nom de l,mentions_legales,,,,,,,,https://www.tee-paysage.fr/mentions-legales/,ok_mentions
d4cb3a80-96f0-422b-8ad6-773fa7836933,ES Azur Paysage,esazurpaysage@gmail.com,https://esazurpaysage83.com/,,,,,,,,,,,,https://esazurpaysage83.com/mentions-legales,no_dirigeant_found
f5fc3afb-0f66-400b-ae22-9fc17e1920a4,ATRIUM PAYSAGE,info@atrium-paysage.fr,http://www.atrium-paysage.fr/,EMMANUEL,RATTO (RATTO),EMMANUEL RATTO (RATTO),siret_insee,41190595300021,411905953,81.30Z,1997-04-22,21,06600,ANTIBES,https://www.atrium-paysage.fr/mentions-legales/,ok_insee
ca545575-b38e-4947-a2d3-30aa10f156e8,Saisons Paysages,saisonspro@gmail.com,http://www.saisons.pro/,,,,,,,,,,,,,no_mentions_page
be2e09c0-2648-4f7c-97e6-9be287e9f3ff,Aux Jardins d'Adrien - Création & Aménagements d'extérieurs - Vence & Alentours,auxjardinsdadrien@gmail.com,https://auxjardinsdadrien.com/,Adrien,GOFFOZ,Adrien GOFFOZ,mentions_legales,,,,,,,,https://auxjardinsdadrien.com/mentions-legales/,ok_mentions
aad3fbbf-1250-45d4-b481-6f2e488903c4,Garten in form,info@garten-in-form.com,http://www.garten-in-form.com/,,,,,,,,,,,,,no_mentions_page
9070a3e0-5e8b-416d-bcf4-6e391112d47a,MAX GARDEN,atel.garden@gmail.com,http://maxgardenpaysagiste.com/,,,,,,,,,,,,,no_mentions_page
b6c88dee-9ac6-4cd0-8ad3-610d4a48dfc0,GARDEN ART PROVENCE Jardinier / paysagiste,gardenartprovence@gmail.com,https://gardenartprovence-06.com/,,,,,,,,,,,,https://gardenartprovence-06.com/mentions-legales,no_dirigeant_found
fb68e514-6c9e-46c0-8e82-37dfe92ff49a,Petitjean Paysage,contact@petitjeanpaysage.com,https://www.petitjeanpaysage.com/fr/,,,,,,,,,,,,https://www.petitjeanpaysage.com/,no_dirigeant_found
30f803c1-78be-44d0-b4dd-48b14b4e2c4e,Déco Jardins Paysagiste expert,contact@decojardins.com,https://www.decojardins.com/,,,,,,,,,,,,,no_mentions_page
7164dfdd-58b6-4560-90aa-2685882fc08d,Jardin Terre de Provence - Paysagiste,terredeprovence@live.fr,https://jardin-terredeprovence.fr/,ERIC ROGER DOMINIQUE,LERDA (LERDA),ERIC ROGER DOMINIQUE LERDA (LERDA),siret_insee,53897602800018,538976028,81.30Z,2012-01-01,03,06130,GRASSE,https://jardin-terredeprovence.fr/fr/mentions-legales,ok_insee
fda56433-4f22-41ad-a66e-b90b7237987f,Atrium Paysage,info@atrium-paysage.fr,https://www.atrium-paysage.fr/,EMMANUEL,RATTO (RATTO),EMMANUEL RATTO (RATTO),siret_insee,41190595300021,411905953,81.30Z,1997-04-22,21,06600,ANTIBES,https://www.atrium-paysage.fr/mentions-legales/,ok_insee
1443bc53-3bbe-41a7-a80c-670905ed1a06,Atelier Arbre Bleu – Architecte paysagiste,contact@atelier-arbre-bleu.fr,https://atelier-arbre-bleu.fr/,,,,,,,,,,,,,no_mentions_page
3d4473f4-1853-4d7b-a55f-0c846cfd80fe,L.E Concept Paysager,contact@leconceptpaysager.com,http://www.leconceptpaysager.com/?utm_source=gmb,,,,,,,,,,,,https://www.leconceptpaysager.com/?utm_source=gmb/mentions-legales,no_dirigeant_found
efdd80a9-39bc-4da1-a979-5ea4d5495616,Pépinières Gaudissart,contact@pepinieres-gaudissart.fr,https://www.pepinieres-gaudissart.fr/,BRUNO ALEXANDRE CLEMENT,GORTINA,BRUNO ALEXANDRE CLEMENT GORTINA,siret_insee,31302979500017,313029795,81.30Z,1978-01-01,12,06140,VENCE,https://www.pepinieres-gaudissart.fr/mentions-legales,ok_insee
eb18a620-e7a9-482b-a249-dde230165990,Les Jardins Desilles,contact@lesjardinsdesilles.fr,https://lesjardinsdesilles.fr/,YVAN,DESILLES,YVAN DESILLES,siret_insee,94807715100017,948077151,81.30Z,2023-02-15,NN,83440,CALLIAN,https://lesjardinsdesilles.fr/mentions-legales/,ok_insee
122bb19f-84e1-43b5-ab1e-c943554de80c,Eden Paysage,contact@eden-paysage.com,http://www.eden-paysage.com/,THOMAS,MOUROT,THOMAS MOUROT,siret_insee,43217627900011,432176279,81.30Z,2000-01-01,02,06600,ANTIBES,https://www.eden-paysage-06.com/mentions-legales,ok_insee
c4277b4e-215d-4204-b282-3417fa37604e,Symbi Om Paysages | Paysagiste Antibes,contact@symbiompaysages.fr,https://symbiompaysages.fr/,,,,,,,,,,,,https://symbiompaysages.fr/mentions-legales/,no_dirigeant_found
aa5273a3-7eac-4d5d-b8ee-c3584389bb7c,Deminiac Paysages,contact@deminiac-paysages.com,https://www.deminiac-paysages.com/,,,,,,,,,,,,https://www.deminiac-paysages.com/fr/agrement-phytosanitaire,no_dirigeant_found
df318c0a-74fd-4005-87db-0978c90317b7,Bouvreuil Paysages,contact@bouvreuilpaysages.fr,https://www.bouvreuilpaysages.fr/,,,,,,,,,,,,https://www.bouvreuilpaysages.fr/mentions-legales/,no_dirigeant_found
0a64da1c-007e-425b-9774-0503e86b4063,Azur paysage,azurpaysage@orange.fr,https://www.azurpaysage.fr/,LAURENT,ALLARD (ALLARD),LAURENT ALLARD (ALLARD),siret_insee,42476141900045,424761419,63.11Z,1999-10-15,42,59100,ROUBAIX,https://www.azurpaysage.fr/?page_id=468,ok_insee
10a7af22-3c96-44b8-a891-5df1a347ad28,Bocca Jardins,contact@boccajardins.fr,http://www.boccajardins.fr/,ERIC HERVE PATRICK,DARTOIS (DARTOIS),ERIC HERVE PATRICK DARTOIS (DARTOIS),siret_insee,49408181300011,494081813,81.30Z,2007-02-01,02,06150,CANNES,https://www.boccajardins.fr/mentions-legales,ok_insee
8774e95b-2971-43f8-ba6f-7879ddadb758,DELTA PAYSAGE,49deltapaysage@gmail.com,http://www.deltapaysage-paysagiste-vence.fr/,DORIAN ANTOINE YANN,GARRIGOU,DORIAN ANTOINE YANN GARRIGOU,siret_insee,88254520500024,882545205,81.30Z,2020-03-18,01,06250,MOUGINS,https://www.deltapaysage-paysagiste-vence.fr/mentions-legales/,ok_insee
6f829f84-caf8-449c-8275-eb7bede7798a,Martin & Martin Paysages,contact@martin-paysages.com,https://martin-paysages.com/,FABIEN ROGER RAYMOND,MARTIN,FABIEN ROGER RAYMOND MARTIN,siret_insee,38828427500012,388284275,81.30Z,1992-08-01,11,06220,VALLAURIS,https://martin-paysages.com/mentions-legales-et-politique-de-confidentialite/,ok_insee
1dfe9827-0928-4ee5-8061-ae3084f28ea3,Green Life Paysage,contact@greenlife-paysage.com,http://greenlife-paysage.com/,,,,,,,,,,,,http://greenlife-paysage.com (home),no_dirigeant_found
637e2035-62be-49cd-b769-ec3f1fe74a6e,RIVIERE PAYSAGE,contact@riviere-paysage.com,https://www.riviere-paysage.com/,Guillaume,Rivière,Guillaume Rivière,mentions_legales,,,,,,,,https://riviere-paysage.com/mentions-legales/,ok_mentions
4ac98356-ee28-4166-8d87-278bff7d73de,Paysagiste Nice | ATCP 06,atconception06@gmail.com,https://www.nice-paysagiste.fr/,ALEXANDRE MAXIME BENJAMIN,THIBAUT,ALEXANDRE MAXIME BENJAMIN THIBAUT,siret_insee,90978568500019,909785685,81.30Z,2022-01-06,NN,06200,NICE,https://www.nice-paysagiste.fr/mentions-legales,ok_insee
d8cbc743-e7e1-47da-9a11-d44540208691,avril paysagiste,contact@avril-paysagiste.com,http://www.avril-paysagiste.com/,ERIC MATERNE,AVRIL,ERIC MATERNE AVRIL,siret_insee,50779909600023,507799096,81.30Z,2008-07-01,12,06330,ROQUEFORT-LES-PINS,http://www.avril-paysagiste.com (home),ok_insee
6cbf22a1-806e-49b4-b51c-e89337dddb86,Esterel Paysage,contact@esterel-paysage.fr,https://www.esterel-paysage.fr/,,,,,,,,,,,,https://www.esterel-paysage.fr (home),no_dirigeant_found
6e0009e6-0dcf-48e1-8dfe-05c37e07017a,Danielou Elagage,contact@danielouelagage.com,https://danielouelagage.com/,NICOLAS JEAN,DANIELOU (DANIELOU),NICOLAS JEAN DANIELOU (DANIELOU),siret_insee,83205851500012,832058515,81.30Z,2017-09-11,NN,06140,VENCE,https://danielouelagage.com/mentions-legales/,ok_insee
a41fbdde-c8ce-4f3a-994e-509e68dab671,Concept Parcs et Jardins,conceptparcsjardins@gmail.com,https://www.concept-parcs-et-jardins.com/,STEPHANIE DOMINIQUE JOSIANE,PAYS (MARFIA),STEPHANIE DOMINIQUE JOSIANE PAYS (MARFIA),siret_insee,81900100900011,819001009,81.30Z,2016-03-09,03,06200,NICE,https://www.concept-parcs-et-jardins.com/mentions-legales/,ok_insee
fdf182c3-7387-48af-86a6-1c2a0ff68ba2,REGION ESPACES VERTS,contact@regionespacesverts.fr,https://www.regionespacesverts.fr/,,,,,,,,,,,,https://regionespacesverts.fr/mentions-legales/,no_dirigeant_found
b458898f-5562-4d28-9fb0-b42ea5340680,Innov Riviera - Paysagiste Alpes Maritimes,entrepriseriviera0606@gmail.com,http://innovriviera.fr/,Koda,Agency,Koda Agency,mentions_legales,,,,,,,,http://innovriviera.fr/mentions-legales/,ok_mentions
c8bc988a-3e78-4438-a193-69cec9a093bd,Agence Faragou,agence@faragou.com,https://faragou.com/,,,,,,,,,,,,https://faragou.com/cgu/,no_dirigeant_found
24655827-0e69-4e86-9248-c1172a9170b4,"Jardin Molinari - Paysagiste, Elagage et Entretien de Jardin Nice",assistante@jardinmolinari.fr,http://www.jardin-molinari.com/?utm_medium=referral&utm_source=gmb&utm_campaign=lnk-gmb,,,,,,,,,,,,https://www.jardin-molinari.com/?utm_medium=referral&utm_source=gmb&utm_campaign=lnk-gmb/mentions-legales,no_dirigeant_found
30c4deaf-0642-4e9d-8953-7966366565f1,Nazarian Espaces Verts,espacesverts@nazarian.fr,http://www.espacesverts.nazarian.fr/,,,,,,,,,,,,http://www.espacesverts.nazarian.fr (home),no_dirigeant_found
48ef81c3-c662-428c-b0ef-5197b8bb904c,VERT COOP SERVICES,contact@vert-coop-services.com,http://www.vert-coop-services.com/,JACQUES,BEATO,JACQUES BEATO,siret_insee,52093696400011,520936964,96.09Z,2010-03-01,01,06700,SAINT-LAURENT-DU-VAR,https://www.vert-coop-services.com/mentionslegales2,ok_insee
e047ea97-2629-4bb9-9b67-7b076bd19500,Les Jardins Fleuris,schulzphilippe@wanadoo.fr,https://www.les-jardins-fleuris.com/,,,,,,,,,,,,https://www.les-jardins-fleuris.com/mentions-legales,no_dirigeant_found
f889be0c-134a-4f50-9176-073454677ff0,Azur Jardin Création,azurjardincreation@gmail.com,https://www.azur-jardin-creation.fr/,,,,,,,,,,,,https://www.azur-jardin-creation.fr/mentions-legales/,no_dirigeant_found
e7125f59-dcf2-4eed-9373-55cbd48d8737,Coopérative Agricole LES ILAIRES,contact@lesilaires.com,https://lesilaires.com/,,,,,,,,,,,,,no_mentions_page
781ff600-2ef4-4bd8-9492-0e4051c5a533,Dessine-moi un jardin _ Anthony Pellegrini_ Paysagiste,dmunjardin@gmail.com,http://www.dmunjardin.com/,ANTHONY SERGE,PELLEGRINI (PELLEGRINI),ANTHONY SERGE PELLEGRINI (PELLEGRINI),siret_insee,85231014300015,852310143,81.30Z,2019-07-09,00,06800,CAGNES-SUR-MER,https://www.dmunjardin.com/mentions-legales,ok_insee
0e1765c3-3f27-4421-9363-7fb0f61c8db6,Julien D'jardin,juliendjardin@gmail.com,http://www.juliendjardin.fr/,,,,,,,,,,,,,no_mentions_page
ec580c17-185a-45fd-a39d-8c4d00e67725,Ambiance Paysages,ambiancepaysages06@gmail.com,http://www.ambiance-paysages.com/,,,,,,,,,,,,https://www.ambiance-paysages.com/mentions-legales/,no_dirigeant_found
73c3f6cc-f04c-4d09-bec1-1e38f2eaec20,Sun Jardin 06,sunjardin@wanadoo.fr,http://www.sunjardin.fr/,CEDRIC,EHRHART (EHRHART),CEDRIC EHRHART (EHRHART),siret_insee,49428418500019,494284185,81.30Z,2007-01-01,03,06800,CAGNES-SUR-MER,https://www.sunjardin.fr/mentionslegales,ok_insee
2c888279-8147-44cf-9f26-522a853f7e7e,Les Jardins de Fabien Jardinier Paysagiste Saint-Raphael Fréjus Création & Entretien Jardin,lesjardinsfabien@gmail.com,https://www.lesjardinsfabien.fr/,Les,Jardins de Fabien,Les Jardins de Fabien,mentions_legales,,,,,,,,https://www.lesjardinsfabien.fr/mentions-l%C3%A9gales,ok_mentions
318beaaf-5cf7-4526-8ed0-8cbbeace9a67,Paysage Environnement,contact@paysage-environnement.fr,https://paysage-environnement.fr/,PATRICK LAURENT CHRISTOPHE,JACOB (JACOB),PATRICK LAURENT CHRISTOPHE JACOB (JACOB),siret_insee,75035715400012,750357154,81.30Z,2012-03-14,12,06470,PEONE,https://www.paysage-environnement.fr/mentions-legales,ok_insee
fdd00df6-8dad-4317-83ae-171e36df9b27,ARROSAGE ET PAYSAGE,contact@arrosage-et-paysage.fr,https://arrosage-et-paysage.fr/,,,,,,,,,,,,https://arrosage-et-paysage.fr/mentions-legales/,no_dirigeant_found
c630df67-75e8-4a0b-b487-651b50540e37,Mortreux Julien,julmtx@gmail.com,https://paysagiste-var83.com/,JULIEN,MORTREUX (MORTREUX),JULIEN MORTREUX (MORTREUX),siret_insee,78962870800016,789628708,81.30Z,2012-12-01,02,83440,TOURRETTES,https://paysagiste-var83.com/mentions-legales/,ok_insee
2a7d1efc-5d33-41d6-bb73-66fb4a4a1a86,Piscine et paysage ( garnero Yoan ),piscineetpaysage06@gmail.com,https://piscineetpaysage.fr/,,,,,,,,,,,,https://piscineetpaysage.fr (home),no_dirigeant_found
f349560c-7d0f-4938-aea6-0e23079add74,Azur Environnement Service - Paysagiste,entreprise.aes@laposte.net,https://www.azur-environnement-service.fr/,,,,,,,,,,,,https://www.azur-environnement-service.fr/mentions-l%C3%A9gales,no_dirigeant_found
67e696cd-0f4a-499e-bd71-3c6454c326c4,VERTUOSE ESPACES VERTS,info@vertuosepaysage.com,https://www.vertuosepaysage.com/,,,,,82344255300025,,,,,,,https://www.vertuosepaysage.com/mentions-legales,no_dirigeant_found
b5173f25-35fb-4a5c-a4ad-44197ca58e64,Acoya Jardin,acoyajardin@gmail.com,https://acoyajardin.com/,,,,,,,,,,,,,no_mentions_page
43fa459a-cacc-4e39-91e0-eb058b49222c,Jardin Apollonia,jardin.apollonia@gmail.com,https://www.jardinapollonia.com/,,,,,,,,,,,,https://www.jardinapollonia.com (home),no_dirigeant_found
57d8fb18-5f9d-4e2d-9884-d6c12033c67e,Hortus Garriga - HGPaysages,contact@hortusgarriga.com,https://hgpaysages.com/,,,,,,,,,,,,https://hgpaysages.com (home),no_dirigeant_found
c61fabe7-5510-4ba3-b5d6-d27bb09e521c,Garden Park Concept - Agence Fréjus - Revêtements extérieurs de qualité,contact@clairecottais.com,https://gardenparkconcept.com/agences-amenagements-exterieurs/garden-park-concept-frejus/,Gregory,ARNOLDI,Gregory ARNOLDI,mentions_legales,,,,,,,,https://gardenparkconcept.com/mentions-legales/,ok_mentions
d20f6cf8-4b64-4dc1-a87f-3401be0bd180,Hortus & Canis,hortus.canis@hotmail.com,https://www.hortus-canis.fr/,PASCAL PHILIPPE,MULLER,PASCAL PHILIPPE MULLER,siret_insee,89847713800017,898477138,81.30Z,2021-04-26,01,06100,NICE,https://hortus-canis.fr/mentions-legales/,ok_insee
857286fb-f031-4b15-a3b8-d23860bc75b0,La Fabrique de Paysages Jardinier/Paysagiste,lafabriquepaysages@gmail.com,http://www.lafabriquedepaysages.com/,,,,,,,,,,,,,no_mentions_page
f5b93a86-5b92-4e70-a890-49986b11028d,Art Top Paysage - Jardinier paysagiste,arttoppaysage@gmail.com,http://art-top-paysage.fr/,ALEXANDRE ERIC VINCENT JOSEPH,IEMOLO,ALEXANDRE ERIC VINCENT JOSEPH IEMOLO,siret_insee,51095968700037,510959687,81.30Z,2009-03-01,NN,06510,CARROS,https://www.art-top-paysage.fr/mentions-legales/,ok_insee
b8c42433-a63d-4afb-bfd3-557b7fdd3e93,Paysagiste Prudon,barthelemy@free.fr,https://www.prudon-paysages.fr/,,,,,,,,,,,,https://www.prudon-paysages.fr/404.php,no_dirigeant_found
e56e34f2-6dec-4cee-92fc-5f69de954c03,Jardins et Paysages de France,contact@jardinsetpaysagesdefrance.com,https://www.groupejardinsetpaysagesdefrance.com/,JEAN-LUC PHILIPPE,FAURE,JEAN-LUC PHILIPPE FAURE,siret_insee,80116458300016,801164583,81.30Z,2014-03-21,12,13320,BOUC-BEL-AIR,https://www.groupejardinsetpaysagesdefrance.com/fr/mentions-legales,ok_insee
144db3f1-f4bf-4397-8233-a96d439a0c4d,Paysagiste Nice - Entreprise Riviera,entrepriseriviera0606@gmail.com,https://innovriviera.fr/paysagiste-a-nice/,Koda,Agency,Koda Agency,mentions_legales,,,,,,,,https://innovriviera.fr/mentions-legales/,ok_mentions
91985084-04fe-4d6f-8397-d93cb94ad99d,Sublimes Paysages,sublimes.paysages@gmail.com,https://sublimespaysages.com/,,,,,,,,,,,,,no_mentions_page
0f54bf67-3693-489b-abbe-130c0168d5cf,Midi Jardins : Jardinier Monaco,midijardins@monaco.mc,http://midi-jardins-monaco.com/,,,,,,,,,,,,https://midi-jardins-monaco.com/mentions-legales/,no_dirigeant_found
10f9f960-b592-40ca-a60d-b254b7fb8a19,MC Riviera Paysage,contact@mcrivierapaysage.com,http://www.mcrivierapaysage.com/,est,Jean Becchetti,est Jean Becchetti,mentions_legales,,,,,,,,https://mcrivierapaysage.com/mentions-legales/,ok_mentions
d3912a5c-73f3-4109-987b-305fa65ae3f1,Concept Azur Paysage,chrisgrip@yahoo.com,https://conceptazur.com/,,,,,,,,,,,,,no_mentions_page
bb38e961-1850-455a-99df-37b510ed4b9b,POOLRITUAL,contact@poolritual.com,https://www.poolritual.com/,GUILLAUME,LANNI,GUILLAUME LANNI,siret_insee,98117563100010,981175631,81.29B,2023-11-02,NN,83240,CAVALAIRE-SUR-MER,https://www.poolritual.com/mentions-legales,ok_insee
23287ba5-1a39-48da-bebd-f203f2ed19e1,Atelier Agapit Paysage,contact@agapit.fr,https://www.agapit.fr/,,,,,,,,,,,,,no_mentions_page
25eb8204-5b44-42d9-b232-8ca38f7509df,Jardin o vert,jardin.overt@yahoo.com,https://jardinovert.fr/,,,,,,,,,,,,https://jardinovert.fr/cgu,no_dirigeant_found
af23ca77-df78-4368-8346-12061cb11ee0,Palm Azur SARL,contact@palm-azur.com,http://www.palm-azur.com/,,,,,,,,,,,,,no_mentions_page
cec06f99-5d07-48e2-87da-b707398815eb,kanopée,fred.kanopee@free.fr,http://kanopee-jardins.fr/,,,,,,,,,,,,,no_mentions_page
260029c6-a1e7-41b9-a3c8-1786a0c50917,Astier Immobilier,adv@astier-immobilier.fr,http://www.astier-immobilier.fr/,LAURENT,ALLARD (ALLARD),LAURENT ALLARD (ALLARD),siret_insee,42476141900045,424761419,63.11Z,1999-10-15,42,59100,ROUBAIX,http://www.astier-immobilier.fr/mentions-legales-astier-immo.html,ok_insee
c75f6d32-ed32-4a3c-8ff6-5eefc783e7f4,Arbre d'Or L',arbredor@wanadoo.fr,https://www.arbredor.fr/,PATRICK DANIEL,TONNELIER (TONNELIER),PATRICK DANIEL TONNELIER (TONNELIER),siret_insee,40008389500047,400083895,81.30Z,1995-01-02,02,83120,SAINTE-MAXIME,https://www.arbredor.fr/mentions-legales,ok_insee
4031b8e0-1df0-4bd1-88d6-1c35d4f369c2,Caranta Batiment,fcfinance@carantabatiment.fr,http://carantabatiment.site-solocal.com/,,,,,35070619800016,,,,,,,https://carantabatiment.site-solocal.com/mentionslegales,no_dirigeant_found
9a63cffd-f11f-4ed2-ab65-c8db1a297889,Piscines Desjoyaux - Piscines Bourganel,servicecom@desjoyaux.fr,https://www.desjoyaux.fr/boutiques-desjoyaux/83310-grimaud/,,,,,,,,,,,,https://www.desjoyaux.fr/mentions-legales/,no_dirigeant_found
ddbee11e-47cd-42d3-983f-10ec8e77d92e,3B Piscine / Dreaming Blue,info@3bpiscine.com,http://3bpiscine.com/,Isabelle,Brouchier,Isabelle Brouchier,mentions_legales,,,,,,,,https://3bpiscine.com/mentions-legales-politique-de-confidentialite/,ok_mentions
5e0e775c-fdac-46a5-92da-ca38bfc313e9,La Jardinerie de Pessicart,proxijardin@orange.fr,https://www.lajardineriedepessicart.fr/,,,,,,,,,,,,https://www.lajardineriedepessicart.fr/https-www-lajardineriedepessicart-fr-mentions-legales-1.html,no_dirigeant_found
f7b57c1a-ccf4-4019-9492-c19a2864eba2,Hydro Center,info@hydro-center.fr,https://www.hydro-center.fr/,,,,,,,,,,,,,no_mentions_page
13b35a33-e54a-4a88-935f-2752d85e667c,"Paca Débroussaillage06 Élagage, Abattage et Débroussaillage à Nice et dans les Alpes-Maritimes",pacadebroussaillage06@gmail.com,https://pacadebroussaillage.fr/,Patrick,DA RUGNA,DA RUGNA Patrick,mentions_legales,,,,,,,,https://pacadebroussaillage.fr/mentions-legales/,ok_mentions
681d2951-04dd-4218-b503-00e0321273a4,Azur Pool Concept – Piscines & Bien-être à Saint-Tropez,contact@azurpoolconcept.com,https://www.azurpoolconcept.com/,LAURENT,ALLARD (ALLARD),LAURENT ALLARD (ALLARD),siret_insee,42476141900011,424761419,63.11Z,1999-10-15,42,59100,ROUBAIX,https://azurpoolconcept.com/mentions-legales/,ok_insee
ba35dab4-8997-4914-838b-22ca0e6dd382,Objectif Piscines Sainte Maxime,contact@objectifpiscines.com,http://www.objectifpiscines.com/,JEAN YVES ERIC,TIERCE (TIERCE),JEAN YVES ERIC TIERCE (TIERCE),siret_insee,50243860900013,502438609,43.99D,2008-01-08,NN,83120,SAINTE-MAXIME,https://objectifpiscines.com/mentions-legales/,ok_insee
ff6144ee-ba82-4bed-a775-0656044da7bc,STB - SERVICES TRAVAUX BATIMENT,jeanroque69@gmail.com,https://www.stb-roque.fr/,JOAO MANUEL,SIMOES ROQUE (SIMOES ROQUE),JOAO MANUEL SIMOES ROQUE (SIMOES ROQUE),siret_insee,81846962900021,818469629,43.99C,2016-01-26,02,83240,CAVALAIRE-SUR-MER,https://www.stb-roque.fr/mentions-legales,ok_insee
6690172c-39f3-47f7-b754-1bb0c1fe9a88,Pastor Piscine Arrosage,aix@pastor.fr,https://www.pastor.fr/,,,,,,,,,,,,https://www.pastor.fr/mentions-legales,no_dirigeant_found
064bd36c-0d98-4ff8-afd8-cb74c87ba988,S.D.S Kathleen Piscine Pisciniste,sdskathleenpiscine@gmail.com,https://s-d-s-kethleen-piscine.webnode.fr/,,,,,,,,,,,,,no_mentions_page
d25da302-cdbd-4b07-a3d1-dab557c7230f,Couleur Nature Paysage Piscines Naturelles,info@couleur-nature-piscine.fr,https://www.couleur-nature-piscine.fr/,RENAUD LUCIEN ALAIN,BLOCQUEL (BLOCQUEL),RENAUD LUCIEN ALAIN BLOCQUEL (BLOCQUEL),siret_insee,83807542200017,838075422,81.30Z,2018-02-26,02,83680,LA GARDE-FREINET,https://www.couleur-nature-piscine.fr/mentions,ok_insee
808ca57e-853f-4426-b62b-1a9ebb06b5f5,RC Entreprise,contact@rc-entreprise.fr,https://rc-entreprise.fr/,,,,,,,,,,,,,no_mentions_page
5b61e462-13e4-4afe-9142-f1adfd91392c,Clôtures Marsiglia Roquebrune,cogolin@clotures-marsiglia.com,https://www.clotures-marsiglia.com/,,,,,49083455300011,,,,,,,https://www.clotures-marsiglia.com/mentions-legales/,no_dirigeant_found
e0a191a7-4720-42a6-9234-880b63a3610d,Everblue - Rosso Francis,info@everblue.com,https://www.everblue.com/concessionnaires/everblue-saint-tropez/,Thierry,D,Thierry D,mentions_legales,,,,,,,,https://www.everblue.com/mentions-legales/,ok_mentions
1203c3e9-0e26-4262-ae7c-931fafecf4e8,Delattre Distribution Var,vallauris@delattredistribution.com,https://www.delattredistribution.com/,,,,,,,,,,,,https://www.delattredistribution.com/mentions-legales/,no_dirigeant_found
4fc745fb-182c-483f-906e-2fed4e2e3ab1,Diffazur Piscines Fréjus - Pisciniste - Constructeur de piscines béton,contact@diffazur.fr,http://www.diffazur.fr/,Céline,Gresil,Céline Gresil,mentions_legales,,,,,,,,https://www.diffazur.fr/mentions-legales/,ok_mentions
7471c5b3-eb75-499b-8763-cefff189bfdd,Delattre Distribution,vallauris@delattredistribution.com,http://www.delattredistribution.com/,,,,,,,,,,,,http://www.delattredistribution.com/mentions-legales/,no_dirigeant_found
3262ef2c-ba10-4aef-9497-668148b7b509,Azur Spa Design | Giovanni Riboli,contact@azurspadesign.fr,https://azurspadesign.fr/,,,,,,,,,,,,,no_mentions_page
f759a15d-4390-4eb0-b6b8-7ee085ec27e2,Piscine de Vidauban,acces.droit@dracenie.com,https://www.dracenie.com/piscines/vidauban,,,,,,,,,,,,https://www.dracenie.com,no_dirigeant_found
3a7b7395-d20b-43ff-8466-50cf4c937ca4,Techni Green,commercial@techni-green.com,https://techni-green.com/,Jean,Marc Faroux,Jean Marc Faroux,mentions_legales,,,,,,,,https://techni-green.com/mentions-legales/,ok_mentions
d01180e4-b0dd-4187-afbb-645345d3dc5c,Pool Store Design - Matériel piscine golfe St-Tropez,poolstoredesign@orange.fr,https://www.pool-store-design.fr/,MICHEL,TORCHIA (TORCHIA),MICHEL TORCHIA (TORCHIA),siret_insee,80145672400021,801456724,47.78C,2014-04-02,02,83310,GRIMAUD,https://www.pool-store-design.fr/mentions-legales/,ok_insee
a1f2a440-bd42-4bef-9395-707d05fd240c,SPL Piscines et Spas Fréjus,spa@splfrejus.com,http://www.splfrejus.com/,ARNAUD BERNARD CLAUDE,BALHAN,ARNAUD BERNARD CLAUDE BALHAN,siret_insee,34062485700025,340624857,46.74B,1987-03-24,03,83600,FREJUS,https://www.splfrejus.com/mentions-legales/,ok_insee
873e9b6b-da39-47db-b4bb-24cc6aec5a86,MAREVA Piscines et Filtrations - Agence de Saint Laurent du Var,contact@mareva.fr,http://www.mareva.fr/,STÉPHAN,BRUN,STÉPHAN BRUN,siret_insee,34373891000086,343738910,46.75Z,1988-01-28,12,13310,SAINT-MARTIN-DE-CRAU,https://www.mareva.fr/mentions-legales.html,ok_insee
ef80345e-e7b3-4605-a942-562fde273e17,DE GERMOND TPC 1,contact@degermondtpc.fr,https://www.tpc1.fr/,,,,,,,,,,,,https://www.tpc1.fr/fr/mentions-legales,no_dirigeant_found
68199e01-71a0-49ba-aa09-d1aec405e14d,Vert l'essentiel 06,vertlessentiel06@gmail.com,http://www.vertlessentiel06.fr/,,,,,,,,,,,,https://vertlessentiel06.fr/,no_dirigeant_found
3fc035a6-baa7-41dd-a2f7-597efe708fd7,RSM Diffusion,info@rsmdiffusion.com,https://www.rsm-diffusion.com/contact-fournisseur-pierres-naturelles/,,,,,92243059000013,,,,,,,https://www.rsm-diffusion.com/mentions-legales/,no_dirigeant_found
d352539b-6775-49aa-ad40-f8326589fdf6,Abrisud Draguignan-Le Muy Showroom ouverture sur rendez-vous,dpoabrisud@abrisud.fr,https://www.abrisud.com/fr/agences/abrisud-le-muy,,,,,,,,,,,,https://www.abrisud.com/fr/avis-clients,no_dirigeant_found
bbf1d594-662d-443d-a1de-133a8bd1072a,Piscines Desjoyaux,servicecom@desjoyaux.fr,https://www.desjoyaux.fr/boutiques-desjoyaux/83490-le-muy/,,,,,,,,,,,,https://www.desjoyaux.fr/mentions-legales/,no_dirigeant_found
08b5f397-2025-4a3e-91e2-2cc58e469c68,Duculty Kit Piscines - Pisciniste EXCEL PISCINES,kitpiscines83@wanadoo.fr,http://www.ducultypiscines.fr/,JACQUES,DUCULTY (DUCULTY),JACQUES DUCULTY (DUCULTY),siret_insee,41409579400015,414095794,43.99D,1997-10-01,02,83490,LE MUY,https://www.ducultypiscines.fr/mentions-legales,ok_insee
db9eaed2-d8ed-4714-961c-4c0b68550d5f,Cocktail Piscine Plus,contact@cocktailpiscineplus.fr,https://cocktailpiscineplus.fr/,KARIM,AHMADOUCHE,KARIM AHMADOUCHE,siret_insee,81098741200014,810987412,47.52A,2015-04-21,03,83170,BRIGNOLES,https://www.cocktailpiscineplus.fr/mentions-legales,ok_insee
3cefd326-6807-4581-a46f-d4fd4da4bd11,Aqua 06 / Aqua piscine,aqua.piscine06@gmail.fr,http://aqua06-piscine.fr/,Francky,Plomberie,Francky Plomberie,mentions_legales,,,,,,,,https://plomberie-piscine.fr/mentions-legales/,ok_mentions
db3c46b3-ef0c-446e-9d48-365d5e9dea80,L'entrepôt de la piscine Roquebrune,lentrepotdelapiscine@gmail.com,https://entrepot-piscine-jardin.fr/,,,,,,,,,,,,https://entrepot-piscine-jardin.fr/pages/mentions-legales,no_dirigeant_found
b8428821-bf2a-4989-9ba2-13aeaa586bdf,Rioli Jardins Pere Et Fils,rioli.jardins@gmail.com,https://www.rioli-jardins.fr/,,,,,,,,,,,,,no_mentions_page
e9a15c33-4f86-4c27-8585-6cc06ff2521d,Adouclean,adouclean@free.fr,http://adoucisseur-lemuy.fr/,SAMIR,MEKIDECHE (MEKIDECHE),SAMIR MEKIDECHE (MEKIDECHE),siret_insee,51752733900025,517527339,81.29B,2009-11-01,NN,83490,LE MUY,https://www.adoucisseur-lemuy.fr/mentions-legales,ok_insee
492795a3-4fd6-477d-a1c9-6856b3b6d8fb,Le Comptoir de l'Eau,contact@lecomptoirdeleau.com,https://www.lecomptoirdeleau.com/,,,,,,,,,,,,,no_mentions_page
bac5eba8-c0c0-4173-b3d4-05f09f358dae,SARL BENP Construction - Rénovation - Piscine,contact@benp.fr,https://www.benp.fr/,,,,,,,,,,,,https://www.benp.fr/,no_dirigeant_found
2e618aa7-1854-4393-acd6-92945a9044f8,Piscine Coque Center,contact@piscine-coque-center.com,https://www.piscine-coque-center.fr/nous-contacter,,,,,,,,,,,,https://www.piscine-coque-center.fr/content/2-mentions-legales,no_dirigeant_found
a57a03b1-33ef-4fd4-b1c9-69f6154312ed,Unibad,contact@unibad.com,http://www.unibad.com/,,UNIBAD,UNIBAD,mentions_legales,32558857200025,,,,,,,https://www.unibad.com/mentions-legales/,ok_mentions
06fc7619-28df-483f-9eec-0562eabc5ef8,Direct'Spa 06 : jacuzzis extérieurs et Spas Antibes Biot,contact@directspa.fr,https://www.directspa.fr/,LAURENT,ALLARD (ALLARD),LAURENT ALLARD (ALLARD),siret_insee,42476141900045,424761419,63.11Z,1999-10-15,42,59100,ROUBAIX,https://www.directspa.fr/mentions-legales/,ok_insee
f5403b25-4ffd-4f04-b973-b1a0a2dc0fc6,Tout Piscine,contact@tout-piscine.fr,https://www.tout-piscine.fr/,Loïc Crédits Photos,BOTTON,Loïc BOTTON Crédits Photos,mentions_legales,,,,,,,,https://www.tout-piscine.fr/mentions-legales.php,ok_mentions
77f6c68a-f3f8-492d-b5d9-68416ab6c03f,DAVID PISCINE MULTISERVICES,lebras.d@outlook.fr,http://davidpiscinemultiservices.fr/,DAVID MICHEL,LE BRAS,DAVID MICHEL LE BRAS,siret_insee,81369227400026,813692274,81.29B,2015-10-01,01,06460,SAINT-VALLIER-DE-THIEY,https://davidpiscinemultiservices.fr/mentions-legales/,ok_insee
533dded0-df0b-40f9-ba2d-ffa696bdec6c,Les Rénovateurs Piscines - Mondial Piscine,contact@lesrenovateurspiscines.fr,https://lesrenovateurspiscines.fr/,LAURENT,ALLARD (ALLARD),LAURENT ALLARD (ALLARD),siret_insee,42476141900045,424761419,63.11Z,1999-10-15,42,59100,ROUBAIX,https://lesrenovateurspiscines.fr/mentions-legales-rgpd/,ok_insee
33ee75e3-9397-429d-bc51-b2b5c4033470,SPA Piscines,info@spapiscines.com,http://www.spapiscines.com/,CHRISTOPHE MARCEL HENRI,PASCAL,CHRISTOPHE MARCEL HENRI PASCAL,siret_insee,39083810000035,390838100,46.90Z,1993-04-01,03,06200,NICE,https://www.spapiscines.com/mentions-legales/,ok_insee
a9b23f4d-d610-4f46-9c40-99772b1d2490,ABRITECH,contact@clover-abrisdepiscine.com,http://clover-abrisdepiscine.com/,est Karim,KHEDDOUCHE,est KHEDDOUCHE Karim,mentions_legales,,,,,,,,https://clover-abrisdepiscine.com/mentions-legales/,ok_mentions
17187a75-5318-425c-ad7a-cab619f0e034,Assist'piscine Services,assistpiscineservices@laposte.net,https://www.assist-piscine-services-06.fr/,THIERRY,DIACON (DIACON),THIERRY DIACON (DIACON),siret_insee,51039866200021,510398662,81.29B,2009-02-10,01,06130,GRASSE,https://www.assist-piscine-services-06.fr/mentions-legales,ok_insee
5fd0244b-63ac-4444-847c-8172291bb264,ARPISSIMO PISCINES,contact@arpissimopiscines.com,https://www.arpissimopiscines.com/,ANDRE,LANZA (LANZA),ANDRE LANZA (LANZA),siret_insee,41202932400024,412029324,46.18Z,1997-05-05,03,06800,CAGNES-SUR-MER,https://www.arpissimopiscines.com/mentions-legales,ok_insee
a840f060-63fa-4736-82ad-d9c2cf340163,SPL,spa@splfrejus.com,http://www.splfrejus.com/,ARNAUD BERNARD CLAUDE,BALHAN,ARNAUD BERNARD CLAUDE BALHAN,siret_insee,34062485700025,340624857,46.74B,1987-03-24,03,83600,FREJUS,https://www.splfrejus.com/mentions-legales/,ok_insee
4bb9ea02-166a-438e-a0da-6eb60b99feb7,Diffazur Piscines Nice - Pisciniste - Constructeur de piscines béton,contact@diffazur.fr,http://www.diffazur.fr/,Céline,Gresil,Céline Gresil,mentions_legales,,,,,,,,https://www.diffazur.fr/mentions-legales/,ok_mentions
723dcc04-c71c-40f3-9129-5688ec2e3f3b,Piscinett,piscinettantibes@piscinett06.fr,http://www.piscinett.com/,John,MISIANO,John MISIANO,mentions_legales,,,,,,,,https://www.piscinett.com/mentions-l%C3%A9gales,ok_mentions
c4c16871-2a68-4981-b5d2-2b338dd35fd0,SUN PISCINES,contact@sunpiscines.fr,http://www.sunpiscines.fr/,Fabrice,LAGALICE,Fabrice LAGALICE,mentions_legales,,,,,,,,http://sunpiscines.fr/mentions-legales/,ok_mentions
513d417c-451c-4e0c-8b2a-7681d6bcda7b,SAS Piscinaro,contact@piscinaro.fr,http://www.piscinaro.fr/,LOIC,MERADOU,LOIC MERADOU,siret_insee,03702017900018,037020179,36.00Z,1970-01-01,03,06600,ANTIBES,https://www.piscinaro.fr/mentions-legales,ok_insee
26e240b2-ce45-4513-a7bc-6e269389136a,New-Pool Pisciniste Frejus,contact@new-pool.fr,https://new-pool.fr/,,,,,,,,,,,,,no_mentions_page
dd15b6bb-07b0-48e6-9662-04fe2e4c9765,Virginia Piscines,virginiapiscines@orange.fr,http://www.virginiapiscines.fr/?utm_source=gmb,,,,,,,,,,,,,no_mentions_page
017c1cff-d086-47af-b308-1e16629955ea,O PURE PISCINE,contact@opurepiscine.fr,http://www.opurepiscine.fr/,CINDY KAREN AURELIE,PROKOP,CINDY KAREN AURELIE PROKOP,siret_insee,81943064600029,819430646,47.52A,2016-03-17,01,06600,ANTIBES,https://www.opurepiscine.fr/mentions-legales,ok_insee
810afda5-2914-483e-bc5a-1b4b0609534b,Ets. Piscinco: magasin d'accessoires de piscine à Nice,piscinco@gmail.com,https://pisciniste-nice.fr/,IVAYLO MIHAILOV,DOKOV (DOKOV),IVAYLO MIHAILOV DOKOV (DOKOV),siret_insee,52790471800030,527904718,43.99A,2010-10-12,01,06200,NICE,https://www.piscinco.com/mentions-legales/,ok_insee
8c1baff9-562b-46fe-a0d8-afafccae3b2d,Aquaconcept Antibes,contact.aqua06@gmail.com,https://www.aquaconceptantibes.fr/,NICOLAS,OUTIL,NICOLAS OUTIL,siret_insee,92842685700019,928426857,43.99D,2024-04-26,NN,06600,ANTIBES,https://www.aquaconceptantibes.fr/mentions-legales,ok_insee
9967e81c-af11-4148-aac4-8417d1193207,SAINT PAUL PISCINES,agence@saintpaulpiscines.com,http://www.saintpaulpiscines.com/,,,,,,,,,,,,http://saintpaulpiscines.com/mentions-legales/,no_dirigeant_found
ebfed71d-6a8c-4eab-a80f-af6943333b86,Absolu Piscines Services - Magasin piscines Roquefort-les-pins,contact@absolupiscines-services.fr,https://www.absolupiscines.fr/,JORDAN DYLAN,MULLER,JORDAN DYLAN MULLER,siret_insee,81775997000012,817759970,81.29B,2016-01-13,01,06600,ANTIBES,https://www.absolupiscines.fr/fr/mentions.htm,ok_insee
6c84bd03-4e53-4316-a3f0-10a7dbe3146e,Energie piscines,johan@developpeur-web.tech,http://energiepiscines.com/,Julien,Benisti,Julien Benisti,mentions_legales,,,,,,,,https://energiepiscines.com/mentions-legales,ok_mentions
08d582fa-de99-4b9e-b5f0-bc201543bb46,Azur Clean Piscine,azurcleanpiscine@gmail.com,http://www.azurcleanpiscine.fr/,,,,,,,,,,,,https://www.azurcleanpiscine.fr/mentions-legales/,no_dirigeant_found
3f977f39-37ce-4ee8-89a4-910b2a8fcb15,Aqua Paysage,annonay@bel-o.fr,https://belo-piscine.fr/,,,,,,,,,,,,https://belo-piscine.fr/mentions-legales/,no_dirigeant_found
7257d9a8-e75d-4b7a-89d4-341433f7ca04,"Piscine Clean - Construction, Maintenance et Entretien de Piscines",contact@piscine-clean.fr,http://piscine-clean.fr/,LAURENT,ALLARD (ALLARD),LAURENT ALLARD (ALLARD),siret_insee,42476141900045,424761419,63.11Z,1999-10-15,42,59100,ROUBAIX,https://www.piscine-clean.fr/mentions-legales/,ok_insee
27b9e20e-1eb7-4314-b1b9-791ae6515b16,RC Piscines et Spas - Laghetto,contact@rcpiscinesetspas.fr,https://www.rcpiscinesetspas.fr/,,,,,,,,,,,,https://www.rcpiscinesetspas.fr/,no_dirigeant_found
9acbb846-8c01-421b-b0d3-f31b3e449a6b,Seve,contact@seve-paysage.com,http://www.seve-paysage.com/,,,,,38486113400029,,,,,,,https://www.seve-paysage.com/mentions-legales,no_dirigeant_found
a9de6843-754d-4373-b01b-5582c1a7cfc0,Rat-Patron Jardins - Paysagiste,contact@ratpatron-jardins-paysagiste.fr,http://www.ratpatron-jardins-paysagiste.fr/,,,,,,,,,,,,https://www.ratpatron-jardins-paysagiste.fr/mentions-legales/,no_dirigeant_found
675198fd-e8fd-4d95-a19b-00f56b81fc13,Piscines Desjoyaux,servicecom@desjoyaux.fr,https://www.desjoyaux.fr/boutiques-desjoyaux/06250-mougins/,,,,,,,,,,,,https://www.desjoyaux.fr/mentions-legales/,no_dirigeant_found
2b2e8a49-5f8c-4e2f-adae-0504100cc5c1,Isere Paysage,iserepaysage@sfr.fr,http://www.isere-paysage-voiron.fr/,THIERRY,GUIBOUD-RIBAUD (GUIBOUD-RIBAUD),THIERRY GUIBOUD-RIBAUD (GUIBOUD-RIBAUD),siret_insee,80196122800013,801961228,81.30Z,2014-03-31,02,38960,SAINT-ETIENNE-DE-CROSSEY,https://www.isere-paysage-voiron.fr/mentions-legales,ok_insee
721cee4f-2c20-43e5-b5b9-75355528198a,Millet Paysage Environnement,info@millet-paysage.com,https://millet-paysage.com/,,,,,,,,,,,,https://millet-paysage.com/mentions-legales/,no_dirigeant_found
ced4281e-f8d5-429b-8cbd-bc1b30222cdc,GD Paysagiste 74,germanettidylan@gmail.com,https://www.gd-paysagiste.fr/,Elagage,GD,GD Elagage,mentions_legales,,,,,,,,https://www.gd-paysagiste.fr/mentions-legales,ok_mentions
3c6ebb58-ed1e-4d9d-8ee2-2226613704a6,Berthet et Fils Paysagiste,sarlberthet73@gmail.com,https://www.sarlberthet-fils.fr/,CHRISTOPHE,BERTHET (BERTHET),CHRISTOPHE BERTHET (BERTHET),siret_insee,42336888500012,423368885,81.30Z,1999-04-12,01,73170,LOISIEUX,https://www.sarlberthet-fils.fr/mentions-legales,ok_insee
ae156f97-2640-4fdf-8000-9d685d8b94bb,SARL Les Jardins du Val Rupéen,jcrojon@hotmail.com,http://www.paysagisterojonisere.fr/,,,,,,,,,,,,,no_mentions_page
a164d460-3ab2-47ad-876b-8e8bb885a265,Everblue - LB Piscines,info@everblue.com,https://www.everblue.com/concessionnaires/everblue-vence/,Thierry,D,Thierry D,mentions_legales,,,,,,,,https://www.everblue.com/mentions-legales/,ok_mentions
da5ee1e9-57cf-4283-a6a4-db1791117f10,Brigitte Dematteis - Paysagiste,bdm@dematteispaysagiste.fr,https://dematteis-paysagiste.com/,,,,,,,,,,,,,no_mentions_page
d7146153-c0a8-42ff-8005-fd199d7fdf7b,Aqua Polyester,contact@aquapolyester.fr,http://www.aqua-polyester.com/,,,,,,,,,,,,http://www.aqua-polyester.com (home),no_dirigeant_found
df90886e-e8e7-4ba6-8c2b-82ecc66462b5,Nature Et Paysage,contact@natureetpaysage.com,http://www.natureetpaysage.com/,JEAN-DAVID,VARTANIAN (VARTANIAN),JEAN-DAVID VARTANIAN (VARTANIAN),siret_insee,44263411900022,442634119,81.30Z,2002-07-01,11,38450,LE GUA,https://www.natureetpaysage.com/mentions-legales,ok_insee
5500a8f4-74d6-4a28-adea-0865728c606e,Everblue - France Piscines,info@everblue.com,https://www.everblue.com/concessionnaires/everblue-le-cannet/,,,,,,,,,,,,,no_mentions_page
ae242da0-8042-49c2-aef9-b1b1a087ba0d,Jardin Blanc,contact@jardinblanc.fr,http://www.jardinblanc.fr/,STEPHANE,BLANC (BLANC),STEPHANE BLANC (BLANC),siret_insee,44109526200016,441095262,81.30Z,2002-02-25,03,38840,SAINT-HILAIRE-DU-ROSIER,https://jardinblanc.fr/mentions-legales/,ok_insee
5ad093a5-883f-47da-8c1d-ef8b5d8465fa,Les Paysagistes Français,info@lespaysagistesfrancais.fr,http://www.lespaysagistesfrancais.fr/,,,,,,,,,,,,http://www.lespaysagistesfrancais.fr/mentions-legales,no_dirigeant_found
964874ff-6f36-48dc-ba9f-9e2327885bd2,Cyprès des Alpes Paysagiste,contact@cda-paysagiste.fr,http://www.cda-paysagiste.fr/,Cyprès,des Alpes,Cyprès des Alpes,mentions_legales,51090980700024,,,,,,,https://www.cda-paysagiste.fr/mentions-legales/,ok_mentions
160fe050-3ca6-4e60-8c11-b0c126cde648,Rivat Paysagiste,contact@rivat-paysagiste.fr,http://www.rivat-paysagiste.fr/,,,,,44851337400026,,,,,,,http://www.rivat-paysagiste.fr (home),no_dirigeant_found
328566b2-2fa7-44b9-b22f-6c12f0b203ca,J.Millon Paysagiste,contact@millon-paysagiste.fr,http://www.millon-paysagiste.fr/,,,,,39124812700014,,,,,,,http://www.millon-paysagiste.fr/mentions-legales/,no_dirigeant_found
9f599369-d8be-4662-bd40-9e5da6bcdb10,Espaces Verts Du Dauphine,contact@evd38.com,http://www.evd38.com/,MARC,PAQUIER,MARC PAQUIER,siret_insee,38468875000023,384688750,81.30Z,1992-01-01,21,38400,SAINT-MARTIN-D'HERES,https://evd38.com/mentions-legales/,ok_insee
0356eee4-50a6-4c0b-a144-d03c2418b4b9,RD Paysagiste,reinhardtdavid.elagage@gmail.com,https://www.rd-paysagiste-69.fr/,,,,,,,,,,,,https://www.rd-paysagiste-69.fr/mentions-legales,no_dirigeant_found
2e6cd2b6-4d42-4ad2-b3f5-52cfc2908df6,BAZZOLI PAYSAGISTE,info@samuelbazzoli.com,http://www.samuelbazzoli.com/,,,,,,,,,,,,https://www.samuelbazzoli.com/mentions-l%C3%A9gales,no_dirigeant_found
60bc35db-c62f-48ee-84cb-0cf90dbbfc14,Grimaldi Jardins Paysages,grimaldi.joseph@gmail.com,https://www.grimaldi-paysagiste.com/,,,,,,,,,,,,https://www.grimaldi-paysagiste.com/about/,no_dirigeant_found
4b9a9c94-7b44-4d3e-a556-31f1df94e983,FF Jardins Sàrl,info@ffjardins.ch,https://www.ffjardins.ch/,,,,,,,,,,,,https://www.ffjardins.ch/mentions-legales,no_dirigeant_found
a86b1917-aa9c-4073-bdb7-9285f716a540,BALDUZZI JARDINS,info@balduzzi-jardins.fr,https://www.balduzzi-jardins.fr/,,,,,,,,,,,,,no_mentions_page
5167e6ad-87a1-44c1-ad49-8b10fe0bc466,Lem'Alp Paysages SARL,lemalp-paysages@hotmail.com,https://www.lemalp-paysages.com/,Geoffrey,Bidal,Geoffrey Bidal,mentions_legales,,,,,,,,https://www.lemalp-paysages.com/mentions-legales/,ok_mentions
6f06a3b0-1fa4-4438-9dcc-8adbb3b43e95,Attila Paysage/Attila Services,attila.espacesverts@gmail.com,https://www.attila-paysage.fr/,LIONEL,MASNADA (MASNADA),LIONEL MASNADA (MASNADA),siret_insee,45202640400031,452026404,81.30Z,2004-01-01,02,38360,SASSENAGE,https://www.attila-paysage.fr/mentions-legales/,ok_insee
3d5faaf7-4af9-4c06-a281-a52b896529e2,Dauphiné Environnement - Paysagiste Rhône Alpes,dauphine.environnement@wanadoo.fr,http://www.dauphine-environnement.com/,FANNY,DROUIN (DROUIN),FANNY DROUIN (DROUIN),siret_insee,34340954600011,343409546,81.30Z,1987-12-18,02,38140,LA MURETTE,https://www.dauphine-environnement.com/mentions-legales/,ok_insee
cc399cf5-8fcb-41f6-9ce6-b408daf81281,Bega Jardins,bega.jardins@hotmail.com,https://www.begajardins.ch/,,,,,,,,,,,,https://www.begajardins.ch/mentions-legales,no_dirigeant_found
10ecac86-edbd-47b3-a81b-6b9484bdf360,AL-Dior Paysagiste Sàrl,inf@al-diorpaysagiste.ch,https://al-diorpaysagiste.ch/,,,,,,,,,,,,,no_mentions_page
caa62d7f-ff69-4c64-b835-ca256bafa42d,Assier Paysage,contact@comindesign.fr,https://assier-paysagiste-tp.com/,DORIAN FRANCOIS,ASSIER,DORIAN FRANCOIS ASSIER,siret_insee,74732059600048,747320596,81.30Z,1973-01-01,11,73100,AIX-LES-BAINS,https://assier-paysagiste-tp.com/mentions-legales/,ok_insee
49dce427-e0eb-437e-8b97-ddec3987bc18,Techny-paysage,technypaysage@wanadoo.fr,https://technypaysage.fr/,,,,,,,,,,,,https://technypaysage.fr/mentions-legales,no_dirigeant_found
976ec8b8-77db-435c-a98a-fdd14ec6de30,"Paysage de Bocsozel - Paysagiste, Bourgoin-Jallieu, La Côte-Saint-André, Voiron",m.bonhomme@paysageb.fr,http://www.isere-paysagiste.fr/,MICHAEL,BONHOMME,MICHAEL BONHOMME,siret_insee,48984846500022,489848465,81.30Z,2006-04-10,03,38690,EYDOCHE,http://isere-paysagiste.fr/mentions-legales/,ok_insee
c2d40133-584b-49bf-b1d4-9ceaccca00af,Cheminal Jérémie,cheminaljeremie@gmail.com,https://www.macon-paysagiste-74.fr/,,,,,,,,,,,,,no_mentions_page
10987680-fef3-4ac4-8356-ac29616d48c5,AZUR PISCINES RIVIERA,azurpiscinesriviera@gmail.com,http://azurpiscinesriviera.fr/,ERIC,LAISSARD,ERIC LAISSARD,siret_insee,81835196700026,818351967,47.52A,2016-02-05,02,06650,LE ROURET,https://azurpiscinesriviera.fr/index.php/politique-de-confidentialite/,ok_insee
22b89d45-0a81-458c-ae88-b5918b25b345,Jardin Naturel,webmaster@jardin-naturel.fr,http://www.jardin-naturel.fr/,SEBASTIEN MARCEL ALBERT,VEUILLET,SEBASTIEN MARCEL ALBERT VEUILLET,siret_insee,48307965300018,483079653,81.30Z,2005-07-01,00,74300,THYEZ,https://www.jardin-naturel.fr/presentation/mentions-legales/,ok_insee
9c0a689c-7d86-4b4a-9c5e-741d316a108f,Végétal'Titude,rodg@orange.fr,https://vegetal-titude.com/,,,,,,,,,,,,https://vegetal-titude.com/cgv.html,no_dirigeant_found
1ae828ad-55bf-401e-9a97-582701d7f6c2,Azevedo Maçonnerie et Paysagisme SA,azevedo-paysages@hotmail.com,https://www.azevedo-paysages.ch/,,,,,,,,,,,,,no_mentions_page
bcefe4f5-6e81-418c-9721-e88e8e125c03,Christophe Gaillard Paysagiste,customercare@localsearch.ch,https://yellow.local.ch/d/WEVinjaR4Pn2x2x_CBKXyg,,,,,,,,,,,,,no_mentions_page
2b2e5a49-6541-40ce-b58a-7af688efc4c8,De Gand Paysage,info@degandpaysage.ch,https://degandpaysage.ch/,,,,,,,,,,,,https://degandpaysage.ch (home),no_dirigeant_found
e26ebb85-b0d7-42cf-9870-3e91bdbee0a3,Services Pro Paysage,contact@servicespropaysage.fr,http://www.servicespropaysage.fr/,,,,mentions_legales,,,,,,,,http://www.servicespropaysage.fr/mentions-legales/,no_dirigeant_found
5b6fdb62-d6ee-4bcd-8f6e-67946ba54a62,Les sens du paysagiste,les.sens.du.paysagiste@gmail.com,https://www.lessensdupaysagiste.com/?utm_source=gmb,,,,,,,,,,,,https://www.lessensdupaysagiste.com/?utm_source=gmb%2Fmentions-legales,no_dirigeant_found
2f7ae472-739a-4de1-b8b8-0e0494a4c671,Maillefer paysagiste SA,info@maillefer-paysagiste.ch,http://www.maillefer-paysagiste.ch/,,,,,,,,,,,,,no_mentions_page
d4337c69-64c8-4d9a-adae-c726b9d65dfd,Renard Paysagiste,entrenard74@gmail.com,https://www.renardpaysagiste.fr/,STANY,RENARD,STANY RENARD,siret_insee,83922189200012,839221892,47.82Z,2018-03-14,NN,74140,MESSERY,https://www.renardpaysagiste.fr/mentions-l%C3%A9gales,ok_insee
7f302ccc-a247-4275-bef7-a9fd022190e5,Beni Paysagiste Sàrl,info@beni-paysagiste.ch,https://www.beni-paysagiste.ch/,,,,,,,,,,,,https://www.beni-paysagiste.ch (home),no_dirigeant_found
1d90a9e3-e96d-4225-b76c-bae74b698de4,Jardin Essentiel - Concepteur paysagiste,info@jardin-essentiel.ch,https://jardin-essentiel.ch/,,,,,,,,,,,,https://www.jardin-essentiel.ch/mentions-legales/,no_dirigeant_found
9fc339b4-9f8c-4072-9058-807964042a80,DAMON Paysage,damonpaysage@mail.ch,https://damonpaysage.ch/,,,,,,,,,,,,https://www.damonpaysage.ch/mentions-legales,no_dirigeant_found
9bf03371-b5ea-4017-bf87-dac79129f3e6,Gauthier Paysage 74,gauthierpaysage74@outlook.fr,https://www.gauthierpaysage74.fr/,,,,,,,,,,,,https://www.gauthierpaysage74.fr (home),no_dirigeant_found
02ecae5a-8bab-412f-89c7-66aaceb995b7,TFM Espaces Verts,tfm74.info@gmail.com,https://tfmespacesverts.fr/,JULIEN NICOLAS ROLAND,MISCHLER,JULIEN NICOLAS ROLAND MISCHLER,siret_insee,91290782100017,912907821,81.30Z,2022-04-01,01,74500,NEUVECELLE,https://tfmespacesverts.fr/mentions-legales,ok_insee
0ca9694a-7c7b-42b2-996b-ebf2d0030917,GAGNAIRE PAYSAGE - Pépinière Chablaisienne,gagnairefleur@wanadoo.fr,https://gagnaire-paysage.fr/,MADELEINE ANDREE,GAGNAIRE (ARANDEL),MADELEINE ANDREE GAGNAIRE (ARANDEL),siret_insee,79688074800010,796880748,01.19Z,1968-01-01,11,74200,THONON-LES-BAINS,https://gagnaire-paysage.fr/mentions-legales/,ok_insee
16d0e383-580c-4fa7-a2da-1dd2a8f7b099,Bondaz Frères Paysagistes,mail@paysagistes-bondaz.com,https://paysagistes-bondaz.com/,VINCENT,BIDAL,VINCENT BIDAL,siret_insee,79175906100025,791759061,81.30Z,2013-03-01,12,74200,ALLINGES,https://paysagistes-bondaz.com/fr/page/mentions-legales,ok_insee
6c7c60f6-04b2-44dd-ae2d-30df85694cf8,Prestige paysage,prestigepaysage@outlook.com,https://prestigepaysage.ch/,,,,,,,,,,,,https://prestigepaysage.ch (home),no_dirigeant_found
8ad3e098-a0f7-4902-a697-7c9ede5b79fb,Claris Paysages,phiclaris@yahoo.fr,https://www.paysagisme-entretien-jardin.ch/,,,,,,,,,,,,https://www.paysagisme-entretien-jardin.ch/mentions-l%C3%A9gales,no_dirigeant_found
c21d978e-714c-42f6-ba96-c6ce0343b1dd,Pays’alp,comparcomtech@gmail.com,https://paysagistepaysalp.fr/,,Thorens,Thorens,mentions_legales,,,,,,,,https://paysagistepaysalp.fr/mentions-legales/,ok_mentions
dba3ea46-4647-406d-ac06-e9dfdee1405c,KMK PAYSAGE,contact@kmk-paysage.com,https://www.kmk-paysage.com/,,,,,,,,,,,,,no_mentions_page
fa8e2c1b-4d09-4f97-af90-f2714ee8a8f3,CASAJARDINIA PAYSAGISTE,support@casajardinia.ch,http://www.casajardinia-interiors.ch/,,,,,,,,,,,,https://casajardinia-interiors.ch/policies/legal-notice,no_dirigeant_found
4ffc00be-02c2-4e79-bf60-3b7b997c01d8,Simeon Paysagiste 74,bscouverture27@gmail.com,https://www.simeon-paysagiste.fr/,,,,,,,,,,,,https://www.simeon-paysagiste.fr/mentions-legales,no_dirigeant_found
bc262fcb-7a8d-40ab-b4cb-8756e661409c,CTPM Piscine et Terrassement | Toulouse,contact@clanet-ctpm.fr,https://clanet-ctpm.fr/,THOMAS,CLANET (CLANET),THOMAS CLANET (CLANET),siret_insee,88273468400013,882734684,43.12A,2020-03-11,NN,31410,SAINT-HILAIRE,https://clanet-ctpm.fr/cgv/,ok_insee
b58b59f4-b23d-4333-b1d5-2ab06128aaf8,Nature & paysage,naturepaysage.contact@gmail.com,https://nature-et-paysage-sciez.fr/?utm_source=gmb,CYRIL PHILIPPE CHRISTIAN,FEVRIER,CYRIL PHILIPPE CHRISTIAN FEVRIER,siret_insee,93255483500011,932554835,81.30Z,2024-09-02,NN,74140,SCIEZ,https://nature-et-paysage-sciez.fr/?utm_source=gmb/mentions-legales,ok_insee
fe2042a4-b9a2-4944-83cf-75f760977ee1,Wattalex Electricien plaquiste,contact@refpro.fr,https://wattalex.fr/,Hamard,Alexis,Hamard Alexis,mentions_legales,,,,,,,,https://wattalex.fr/mentions-legales/,ok_mentions
86d0db2b-74c8-4d37-a3ae-1aca13bdf470,Danuser Paysagiste,danuser.paysagiste@gmail.com,http://www.danuser-paysagiste.ch/,,,,,,,,,,,,,no_mentions_page
b811a253-4630-49a2-9cee-acad6fe1d02a,1936 Paysages Sàrl,info@1936-paysages.ch,http://www.1936-paysages.ch/,,,,,,,,,,,,,no_mentions_page
5e6d0a53-7cc5-4a6a-b598-01f645bcb865,A.D.E.P,info@adep-reignier.com,https://www.adep-reignier.com/,Adrien,Verdan,Adrien Verdan,mentions_legales,80036304600023,,,,,,,https://www.adep-reignier.com/politique-de-confidentialite/,ok_mentions
f73f4f5d-b24c-4b43-ade1-f0abcccb4ef1,EMG 56 – Electricité Plomberie Chauffage RGE,contact@grouplive.net,https://www.emg56.fr/,,,,,,,,,,,,https://www.emg56.fr/mentions-legales,no_dirigeant_found
f43376bb-6837-47c1-a3b0-78193c3326d7,Le Roy Électricité Générale,lreg@orange.fr,https://www.electricite-lreg.fr/contact/,,,,,,,,,,,,,no_mentions_page
45fd2f00-31f0-45ae-9498-0528b7ae2070,RS Energies,sarl.rsenergies@gmail.com,https://www.plomberie-rs-energies.fr/,SAMUEL PIERRE MICHEL,HUET,SAMUEL PIERRE MICHEL HUET,siret_insee,90499081900032,904990819,43.22A,2021-10-08,01,56890,SAINT-AVE,https://www.plomberie-rs-energies.fr/mentions-legales,ok_insee
4fc97836-4a74-48c6-b52d-8be73997d0a2,Dépan'Toit Brech Couvreur Qualifié - Démoussage Toit - Réparation Fuite Toiture - Pose Gouttières,infos@depantoitbrechcouvreur.ovh,https://depantoitbrechcouvreur.ovh/,,,,,,,,,,,,,no_mentions_page
1b6ad235-2604-44e7-bed7-affdd095dc4c,Sylvain DRON Chauffage Plomberie Electricité,sylvain.dron@plombier-morbihan.fr,http://www.plombier-morbihan.fr/,,,,,,,,,,,,http://www.plombier-morbihan.fr (home),no_dirigeant_found
820fe06f-a402-4587-90b1-45d6fc4413e7,SAVOY-PAYSAGE,thyez@savoypaysage.com,http://www.savoypaysage.com/,JEROME,REVEL,JEROME REVEL,siret_insee,95001087600015,950010876,81.30Z,1900-01-01,11,74300,THYEZ,https://www.savoypaysage.com/a-propos-de-nous/#mentions-legales,ok_insee
544591b2-dfef-4538-bd89-12aa760e0a04,SARL ANTHONY HERPE,contact@herpeanthony-epc.fr,https://www.herpeanthonyepc35.fr/,ANTHONY,HERPE (HERPE),ANTHONY HERPE (HERPE),siret_insee,81070360300029,810703603,43.21A,2015-04-02,03,35290,SAINT-MEEN-LE-GRAND,https://www.herpeanthonyepc35.fr/mentions-legales/,ok_insee
9be92b1a-ee85-4670-a7e7-0c434d37114d,C3KA Paysagiste SARL,contact.c3ka@gmail.com,https://c3ka.ch/,,,,,,,,,,,,,no_mentions_page
fcc509e9-1458-4a94-928e-518bc0b4b32e,LUMIN-EAU - Plombier Chauffagiste Climatisation,contact@lumin-eau.fr,https://www.lumin-eau.fr/,,,,,,,,,,,,https://www.lumin-eau.fr (home),no_dirigeant_found
1f46fdfe-c396-45c3-81bf-6a71e76708fd,Matt Renov,contact@leray.info,https://www.leray.info/page/matt-renov,,,,,,,,,,,,https://leray.info/pro/matt-renov,no_dirigeant_found
2d66baf3-b5b8-4cf0-adda-b14945446280,Fabien Le Nézet - Electricité générale,le-nezet.fabien@orange.fr,https://lenezet.fr/,Fabien,Le Nézet,Fabien Le Nézet,mentions_legales,,,,,,,,https://lenezet.fr/mentions-legales/,ok_mentions
4c2d078b-3ece-4cc4-84ea-108a79a38ec3,Beaudoin Concept,pbpaysage74@gmail.com,http://www.beaudoinconcept.com/,,,,,,,,,,,,,no_mentions_page
fe45dcf2-65c9-4187-9f17-97e6e1055feb,René Rosselin SARL,ae2r.elec@gmail.com,https://rene-rosselin.fr/,,,,,,,,,,,,,no_mentions_page
835f889f-0806-4d1b-85c2-8c9320c98328,THERMIPRO Sanitaire Chauffage Plomberie,thermipro@gmail.com,https://www.thermipro.fr/,,,,,,,,,,,,,no_mentions_page
e107e02f-0de3-4ad8-86f6-344cd61e89b0,Renovappart,contact@renovappart53.fr,https://www.renovappart53.fr/,EMAD,HAFEZ,EMAD HAFEZ,siret_insee,88425673600015,884256736,43.34Z,2020-05-01,01,53240,LA BACONNIERE,https://www.renovappart53.fr/mentions-legales.html,ok_insee
64c3d65e-42aa-45ce-8280-e987d23cc482,Ets C.A&FILS,contact@caetfilsrenovation.fr,https://caetfilsrenovation.fr/,ANTHONY MICHEL,CARPENTIER,ANTHONY MICHEL CARPENTIER,siret_insee,51012907500022,510129075,43.91B,2009-02-01,NN,35850,GEVEZE,https://caetfilsrenovation.fr/mentions-legales/,ok_insee
fbb5639b-3dca-4349-b9ee-4931085f5329,HOUEIX,contact@houeix56.fr,https://houeix56.fr/,,,,,,,,,,,,https://houeix56.fr/mentions-legales/,no_dirigeant_found
43429ce1-d81e-4dcb-99cc-9f5ac94bafd0,"Artisan Couvreur Orgères M.canet - Réparation Rénovation toiture, Façade, Gouttières Couverture 35 Ille-et-Vilaine Rennes",canet.nettoyage@gmail.com,https://rennes-couvreur.fr/,Marc,Canet,Marc Canet,mentions_legales,,,,,,,,https://rennes-couvreur.fr/mentions-legales/,ok_mentions
5e90f4e4-8703-47e4-a207-7bb6935869d8,Legavre alexandre Chauffage Plomberie,legavre.alexandre@gmail.com,http://legavrealexandre.fr/,,,,,,,,,,,,,no_mentions_page
cc0409fd-c94c-45d8-a9c8-0c7fd18b45ec,SDG Services Chauffage Plomberie,sdgservices35@gmail.com,https://sdg-chauffage.fr/,Seydou,Diallo,Seydou Diallo,mentions_legales,,,,,,,,https://sdg-chauffage.fr/mentions-legales,ok_mentions
391700b1-773b-4ac1-a7b4-fa6d037be9a7,domoplombelec - motorisation/domotique,domoplombelec@gmail.com,http://domoplombelec.fr/,,,,,,,,,,,,https://www.domoplombelec.fr/,no_dirigeant_found
3efb0740-6854-4491-a687-155464809a3f,Le Pendu Électricité/Couverture,hello@electricien-couvreur-erdeven.fr,https://electricien-couvreur-erdeven.fr/,GWENDAL JOSEPH MARIE,LE PENDU,GWENDAL JOSEPH MARIE LE PENDU,siret_insee,93158629100011,931586291,43.21A,2024-08-05,NN,56410,ERDEVEN,https://electricien-couvreur-erdeven.fr/mentions-legales/,ok_insee
94ba907d-927f-41e3-bdf0-f4765089ad57,Arti'Breizh Plomberie,artibreizh@yahoo.com,https://artibreizh.fr/,KEVIN DAN,ADAM,KEVIN DAN ADAM,siret_insee,88838298300011,888382983,43.22A,2020-09-01,NN,35310,BREAL-SOUS-MONTFORT,https://artibreizh.fr/mentions-legales/,ok_insee
c041ca4d-9b61-4d7d-9358-dea69a064722,Artisan Electricien Ruellan AER,aer35@sfr.fr,http://www.aer35.com/,VINCENT,RUELLAN (RUELLAN),VINCENT RUELLAN (RUELLAN),siret_insee,79869017800016,798690178,43.21A,2013-12-02,02,35590,SAINT-GILLES,https://www.aer35.com/mentions-legales/,ok_insee
04d051b3-a31f-465c-895c-180779c8b91c,Y'EAU CONCEPT,technique@imagic.fr,https://www.plombier-yeauconcept.fr/,YOANN BRUNO YANNICK,RUELLEUX (RUELLEUX),YOANN BRUNO YANNICK RUELLEUX (RUELLEUX),siret_insee,85379105100016,853791051,43.22A,2019-09-06,01,35590,SAINT-GILLES,https://www.plombier-yeauconcept.fr/mentions-legales/,ok_insee
81c1cb64-2abc-4f00-bc23-932f0eafd754,Chris Elec Et Plomberie,contact@chriselec.fr,https://www.chriselec.fr/,NATHALIE,DIAZ ROSA (BETTON),NATHALIE DIAZ ROSA (BETTON),siret_insee,79236773200015,792367732,43.21A,2013-04-10,02,53940,SAINT-BERTHEVIN,https://www.chriselec.fr (home),ok_insee
dfd60d3f-5d8a-4241-83f8-9a92fdc9572c,Bouttier Miguel,bouttier.miguel@gmail.com,https://www.bouttiermiguel.fr/,,,,,,,,,,,,https://www.bouttiermiguel.fr/mentions-legales/,no_dirigeant_found
3425bdfc-4984-49e6-b595-635c760a7f90,A.D.M Chauffage et Plomberie,admservices35@gmail.com,https://www.adm-chauffageetplomberie.fr/contact,,,,,,,,,,,,https://www.adm-chauffageetplomberie.fr/contact/mentions-legales,no_dirigeant_found
122ae06b-5323-4c83-b0f5-172c8a45a173,JC Electricité Plomberie,contact@jcelectriciteplomberie.fr,https://jcelectriciteplomberie.fr/,,,,,,,,,,,,https://jcelectriciteplomberie.fr/mentions-legales/,no_dirigeant_found
d6f57458-2366-4fc9-8f15-57ac80180bda,Brit'Energies - Electricien Rennes (35),contact@britenergies.fr,http://www.britenergies.fr/,,,,,,,,,,,,,no_mentions_page
f04a8156-982a-4267-94a5-ea36af2809d0,DUBOIS SERVICES - Salle de bain et Rénovation,contact@dubois-services.fr,https://www.dubois-services.fr/?utm_source=gmb,,,,,,,,,,,,https://www.dsbain.fr/?utm_source=gmb/mentions-legales,no_dirigeant_found
89540972-d8a7-4178-b63c-f9837b78e3aa,LESPRIT REIGNER,contact@lesprit-reigner.fr,https://lesprit-reigner.fr/,,,,,51090980700016,,,,,,,https://lesprit-reigner.fr/mentions-legales/,no_dirigeant_found
3cccaf44-d938-48e7-8fab-77b241497013,NM Jardinier Paysagiste Sàrl,ricardo@nmjardinierpaysagiste.ch,https://nmjardinierpaysagiste.ch/,,,,,,,,,,,,https://nmjardinierpaysagiste.ch (home),no_dirigeant_found
037576ef-22ec-4eea-b5cf-80a10a4bbff9,ELO Service Dépannage,elo.servicedepannage@hotmail.com,https://www.eloservicedepannage.fr/,MAIDY,MEZALI,MAIDY MEZALI,siret_insee,94960223900012,949602239,43.21A,2023-04-01,NN,35700,RENNES,https://www.eloservicedepannage.fr/mentions-l%C3%A9gales,ok_insee
a763aec9-ff34-4bb7-9dcf-4933b32d142e,Dori Jardins - Jardinier Paysagiste | Nyon,dori.jardins@gmail.com,https://www.dori-jardin.ch/,,,,,,,,,,,,,no_mentions_page
ad401672-8489-4428-aaf1-c705a79368fb,HEA,hea.plomberiechauffage@gmail.com,https://www.plomberiechauffagehea.fr/,Anass,EL HAOUARI,Anass EL HAOUARI,mentions_legales,,,,,,,,https://www.plomberiechauffagehea.fr/mentions-legales,ok_mentions
4749bea9-89bf-42d3-b3fc-3aca3586e65c,MJ plomberie,contact@mjplomberie35.com,https://mjplomberie35.com/,JONATHAN,MANCEAU (MANCEAU),JONATHAN MANCEAU (MANCEAU),siret_insee,88865087600020,888650876,43.22A,2020-09-02,02,35000,RENNES,https://mjplomberie35.com/fr/page/mentions-legales,ok_insee
bd997278-cdf2-4323-a2c6-89d1fe103bfe,Electricien Sarl Sylvain ferret,sylvain.ferret@hotmail.fr,https://sylvainferret.fr/,Sylvain,FERRET,Sylvain FERRET,mentions_legales,,,,,,,,https://sylvainferret.fr/mentionsLegales/,ok_mentions
f72906fa-7c4e-411e-a163-4717e90dde5d,Atelier Elec plus,contact@atelier-elecplus.fr,http://www.atelier-elecplus.fr/,Jacques,Rouinvy,Jacques Rouinvy,mentions_legales,,,,,,,,https://www.atelier-elecplus.fr/mentions-legales-atelier-elec-plus.html,ok_mentions
dec8ec04-7654-4bda-b485-dc0c1fdaf34a,Nico Martin paysage,nicolas.martin74500@yahoo.fr,https://nicomartinpaysage.fr/,Yohan,Alavoine,Yohan Alavoine,mentions_legales,,,,,,,,https://nicomartinpaysage.fr/page-mentions-legales/,ok_mentions
4124d66a-533a-420c-9548-3f4236677b94,EURL Elric Yoann plombier et multi-services,contact@refpro.fr,https://www.eurl-elricyoann.fr/,Elric,Yoann,Elric Yoann,mentions_legales,,,,,,,,https://eurl-elricyoann.fr/mentions-legales/,ok_mentions
28bf967d-ead4-4872-87b2-8b05ef0c26cc,"ELITHERME : Plombier, Chauffagiste, Électricien, Carreleur, Salle de bain - Rennes",contact@elitherme.fr,http://elitherme.fr/,ISMAEL,HOUMA (HOUMA),ISMAEL HOUMA (HOUMA),siret_insee,89297445200013,892974452,43.22A,2021-01-02,00,35510,CESSON-SEVIGNE,http://elitherme.fr (home),ok_insee
0373cdbd-aa0f-4137-9c4f-9e5d93c0663f,Gaype Paysage,contact@gaype-paysage.fr,https://gaype-paysage.fr/,,,,,,,,,,,,,no_mentions_page
b8e5d679-388d-43b9-adb4-1153790710c8,Monsifrot Peyrouny,monsifrot-peyrouny.sarl@orange.fr,https://monsifrot-peyrouny.fr/,Cedric,QUEVERT,Cedric QUEVERT,mentions_legales,,,,,,,,https://monsifrot-peyrouny.fr/mentions-legales/,ok_mentions
ad4996a0-8420-41cd-a6f9-1569e66d287c,EAURELEC,eaurelec@gmail.com,https://eaurelec.pme.site/,AURELIEN,BALLU (BALLU),AURELIEN BALLU (BALLU),siret_insee,83225896600015,832258966,43.22A,2017-09-25,02,53230,ASTILLE,https://eaurelec.pme.site/mentions-legales,ok_insee
bad2c73b-7e66-4386-8b31-a7e301517ce8,"BIBAL SAS, Plomberie, Chauffage, Electricité, VMC, Climatisation",sarl-bibal@orange.fr,https://www.sarl-bibal.fr/,,,,,,,,,,,,https://www.sarl-bibal.fr/mentions-legales/,no_dirigeant_found
b2d27d8f-9a06-49f5-81c3-a567729f350b,Steven Eveillard,steveneveillard0504@gmail.com,https://eveillardecoenergies.fr/,STEVEN,EVEILLARD (EVEILLARD),STEVEN EVEILLARD (EVEILLARD),siret_insee,79020326900036,790203269,43.22A,2013-01-03,02,35310,BREAL-SOUS-MONTFORT,https://eveillardecoenergies.fr/politique-de-confidentialite-mentions-legales-et-cookies/,ok_insee
093fb91e-048e-4f52-98b3-87ba48a5df34,LERAY DAVID,leray.david0072@orange.fr,http://leraydavid.site-solocal.com/?utm_source=gmb,,,,,,,,,,,,https://leraydavid.site-solocal.com/?utm_source=gmb/mentions-legales,no_dirigeant_found
618bd3fc-440c-453f-b7a2-d2b9470c63ff,Arthuis Poirier SAS,contact@arthuis-poirier.com,https://arthuispoirier.com/,,,,,,,,,,,,https://arthuispoirier.com/mentions-legales/,no_dirigeant_found
7760ad6d-d53d-41e1-82c5-d28faeacc7ef,ANGEBAULT Plomberie,angebault.thomas.plomberie@gmail.com,https://www.angebaultplomberie.eu/?utm_medium=referral&utm_source=gmb&utm_campaign=lnk-gmb,,,,,,,,,,,,https://www.angebaultplomberie.eu/?utm_medium=referral&utm_source=gmb&utm_campaign=lnk-gmb/mentions-legales,no_dirigeant_found
0998c4b7-26f5-4d33-9f5e-fae849dc43b3,Plombier-Chauffagiste près Saintes - Sébastien COLLIGNON,sebacol1@orange.fr,http://www.plombierchauffagiste17.fr/,,,,,,,,,,,,https://www.plombierchauffagiste17.fr/,no_dirigeant_found
c24a5e4e-4711-4a95-856f-0ae32622a914,Gonnier Raphaël,contact@refpro.fr,https://gonnierraphael.fr/,Raphaël,Gonnier,Raphaël Gonnier,mentions_legales,,,,,,,,https://gonnierraphael.fr/mentions-legales/,ok_mentions
6ab8442a-6f19-45a6-a6cd-d3952f5a8f9a,EURL BOISRAME COURSELAUD,boisrame.courselaud@orange.fr,http://www.boisrame-courselaud.fr/,,,,,,,,,,,,http://www.boisrame-courselaud.fr/mentions-legales/,no_dirigeant_found
899dbd92-fd01-4ba4-966a-28779dde2579,TROTTIER CYRILLE,debouchagecanalisation.trottier@gmail.com,https://www.debouchage-canalisation-trottier.fr/,,,,,,,,,,,,https://www.debouchage-canalisation-trottier.fr (home),no_dirigeant_found
a1347948-bb41-44b5-a8a8-30b1269f2635,Ets SARRAUD,vous@fournisseur.fr,https://www.entreprise-sarraud.fr/,,,,,,,,,,,,https://www.entreprise-sarraud.fr/mentions-legales,no_dirigeant_found
c5e2a052-aa59-4beb-9b5b-ad4dcb72b5db,Jourdan Crespin SARL,contact@jourdan-crespin.com,http://www.jourdan-crespin.com/?utm_source=gmb,,,,,,,,,,,,https://www.jourdan-crespin.com/?utm_source=gmb%2Fmentions-legales,no_dirigeant_found
decc2acb-b48e-4aac-8239-091f976cd21e,"ROY HABITAT | Electricité, Photovoltaïque, chauffage",contact@roy-habitat.fr,https://www.roy-habitat.fr/,YORIC,ROY,YORIC ROY,siret_insee,53382560000034,533825600,43.21A,2011-08-01,11,79200,PARTHENAY,https://www.roy-habitat.fr/mentions-legales,ok_insee
67e74450-2d94-4a7c-ac25-f8a2e2e7cd38,L' Eco des Jardins,info@lecodesjardins.ch,http://www.lecodesjardins.ch/,,,,,,,,,,,,,no_mentions_page
c7cf722a-0303-4f0a-9f57-367bfb00dc4e,Sarl Courand Pascal,pascal.courand@orange.fr,https://www.courand-bisso.fr/,JEAN-NOËL,BISSO,JEAN-NOËL BISSO,siret_insee,40908365600010,409083656,43.22B,1996-09-01,03,17200,SAINT-SULPICE-DE-ROYAN,https://www.courand-bisso.fr/mentions-legales,ok_insee
2ed595a7-5e9c-4c5c-9b53-4ed63916455a,Hidden Artisan Électricien,contact@home-hidden.com,https://home-hidden.com/,,,,,,,,,,,,https://home-hidden.com (home),no_dirigeant_found
e14a8bcc-b495-4df1-95b2-123f38b2e79d,EURL Dupuy Bastien,eurldupuy.bastien@gmail.com,https://eurldupuybastien.fr/,Bastien,DUPUY,Bastien DUPUY,mentions_legales,,,,,,,,https://eurldupuybastien.fr/mentions-legales/,ok_mentions
8e2863b2-e835-4119-9a92-270d82060cd9,"ASD plombier, électricien à Chantepie près de Rennes",asd.perrin7@gmail.com,https://www.asd-electricite-plomberie.fr/,DIDIER,PERRIN,DIDIER PERRIN,siret_insee,50813055600022,508130556,43.22A,2008-09-12,02,35135,CHANTEPIE,https://www.asd-electricite-plomberie.fr/mentions-legales/,ok_insee
89789fde-a281-4435-8b52-b98a35a82ad9,TRANQUARD STEPHANE,tranquardstephane@gmail.com,https://www.tranquardstephane.fr/,STEPHANE,TRANQUARD,STEPHANE TRANQUARD,siret_insee,83781319500018,837813195,43.22A,2018-02-26,02,17300,ROCHEFORT,https://www.tranquardstephane.fr/,ok_insee
16e81852-7713-4a3c-ae30-abb3009a2ef2,sarl pascal sta,contact@pascal-sta.fr,https://www.pascal-sta.fr/,PASCAL,MOUNIER,PASCAL MOUNIER,siret_insee,53978005600013,539780056,43.22B,2012-02-01,01,17460,TESSON,https://www.pascal-sta.fr/fr/mentions-legales,ok_insee
6591cd7f-8004-4919-a0e4-4c0b10fa1dee,Plisson Plomberie Chauffage,com.artisansartipole@orcab.coop,http://www.artipole.fr/nos-artisans-artipole/entreprise-plisson-frederic,,,,,,,,,,,,https://www.artisansartipole.fr/artisans/entreprise-plisson-frederic-17137-couvreur-zingueur-etancheur-plombier-bainiste/mentions-legales,no_dirigeant_found
96710b71-4507-4fac-8f0f-9f05d9180fb9,SARL King Elec,contact@cnsconsulting.fr,https://king-elec.fr/,JEREMIE,CHARPENTIER,JEREMIE CHARPENTIER,siret_insee,88076178800012,880761788,43.22A,2020-01-02,01,17260,SAINT-ANDRE-DE-LIDON,https://king-elec.fr/mentions-legales/,ok_insee
da8ba74e-7aae-4e3a-8f46-acd6af64ae18,"Électriciens, Climaticiens, Frigoristes & Co. du Bassin Niortais - SAS EDBN",contact@electricien-niortais.fr,http://electricien-niortais.fr/,Victor,HERAUD,Victor HERAUD,mentions_legales,98088821600016,,,,,,,https://www.electricien-niortais.fr/mentions-legales/,ok_mentions
6ff090f2-8680-4b05-a7e3-8c55d4e9b0b5,Bastien Contamine Electricité,eurl.bce@orange.fr,https://www.contamine-electricite-ile-de-re.fr/,,,,,,,,,,,,,no_mentions_page
cf0e580b-ec09-4c2c-bf04-e9765ded2706,Sanitelec,sanitelec17@bbox.fr,http://www.sanitelec-chauffagiste.fr/,NICOLAS,GARNIER,NICOLAS GARNIER,siret_insee,39091564300048,390915643,43.22A,1993-04-13,NN,17400,SAINT-JEAN-D'ANGELY,https://sanitelec-chauffagiste.fr/fr/page/mentions-legales,ok_insee
e6801001-f86f-4e1e-b0b9-19b0ad18e85f,Chauvet SAS,contact@chauvet79.com,https://www.chauvet79.com/,LAURENT,CHAUVET,LAURENT CHAUVET,siret_insee,38958931800010,389589318,43.21A,1993-01-01,11,79000,NIORT,https://www.chauvet79.com/mentions-legales/,ok_insee
ba1edb7f-41e1-4252-a431-1549e204c9a4,2M Maintenance & Dépannage,2m.maintenanceetdepannage@gmail.com,http://2mdepannage.com/,,,,,,,,,,,,https://2mdepannage.com/mentionslegales/,no_dirigeant_found
d8398df8-912f-44c8-ab4b-b4ef1cbc3a96,Paysage Genevois,info@paysage-genevois.ch,http://www.paysage-genevois.ch/,,,,,,,,,,,,,no_mentions_page
da563160-ba4f-4ded-8fc5-c33abade85a6,Les Pros du Paysage,contact@lesprosdupaysage.com,https://lesprosdupaysage.com/,,,,,,,,,,,,https://lesprosdupaysage.com/boutique/conditions-generales-de-vente/,no_dirigeant_found
9dc405d2-d94a-4d32-ae40-072e733d7926,"GÉNIE ÉNERGY - Électricité, Plomberie, Pompe à chaleur, Climatisation, Photovoltaïque",genie.energy17300@gmail.com,https://www.xn--gnieenergy-b7a.com/?utm_source=gmb,,,,,,,,,,,,https://www.xn--gnieenergy-b7a.com/?utm_source=gmb/mentions-legales,no_dirigeant_found
7bae2154-d701-4109-9420-d251f573e99f,Entreprise Gervreau St Palais Sur Mer,contact@entreprisegervreau.fr,https://www.entreprisegervreau.fr/,REGIS,GERVREAU,REGIS GERVREAU,siret_insee,48985248300028,489852483,43.22A,2006-04-01,03,17420,SAINT-PALAIS-SUR-MER,https://www.entreprisegervreau.fr/mentions-legales/,ok_insee
aaea83eb-b5a0-41d1-94c9-d9bb7755b6bf,NSG Plomberie-Chauffage-Domotique,contact@nsg-plomberie.fr,https://nsg-plomberie.fr/,,,,,,,,,,,,https://nsg-plomberie.fr/mentions-legales,no_dirigeant_found
c4e2c5bb-eef5-4ccf-9626-ba5e8cf8022d,Rés-Home,contact@res-home.fr,http://res-home.fr/,JEAN-BAPTISTE,SAILLARD,JEAN-BAPTISTE SAILLARD,siret_insee,97808652800012,978086528,43.21A,2023-09-01,NN,79360,MARIGNY,https://www.res-home.fr/mentions-legales,ok_insee
a3838321-6ed6-41d6-a709-487c3d155e5c,Durand Nicolas,nicolasdurand17300@gmail.com,https://plomberie-rochefort.fr/plombier/rochefort,NICOLAS JEAN-MICHEL,DURAND,NICOLAS JEAN-MICHEL DURAND,siret_insee,90076581900017,900765819,43.22A,2021-07-01,01,17300,ROCHEFORT,https://plomberie-rochefort.com/fr/page/mentions-legales,ok_insee
6e144168-b83e-40d6-ba99-c8aa78f2f7fa,"Spécialiste en Chauffage, Froid & Climatisation - Penaud Matthieu",contact@re-climat.fr,https://www.re-climat.com/,,,,,,,,,,,,https://www.re-climat.com/mentions-legales,no_dirigeant_found
dd609b0d-9bbf-4679-926a-2aea051e3fde,"AD ELEC Électricité générale - Installateur en domotique , interphonie, automatisme, vidéosurveillance et alarme..",contact@ad-elec.fr,https://www.ad-elec.fr/,ADRIEN JEAN,LOUINEAU,ADRIEN JEAN LOUINEAU,siret_insee,97795162300015,977951623,43.21A,2023-07-07,NN,17610,CHANIERS,https://www.ad-elec.fr/mentions-legales,ok_insee
de5f27af-4bd5-4000-999f-9662995f97ee,NGE - Niort Générale Electricité,nicolas.gourgon@ngelec.fr,http://www.ngelec.fr/,,,,,,,,,,,,,no_mentions_page
7bdc9477-1627-4ce1-9cb7-fc667146117c,Dos Santos Sylvain,dossantos79@sfr.fr,https://s-ds.fr/?utm_source=gmb,,,,,,,,,,,,https://www.s-ds.fr/?utm_source=gmb%2Fmentions-legales,no_dirigeant_found
cd02f646-9fb8-4a4f-9708-497ebb9f9d78,Telle plomberie,telleplomberie17@gmail.com,https://telleplomberie.com/,ESTEBAN,EGEA Y CERDA,ESTEBAN EGEA Y CERDA,siret_insee,43130377500016,431303775,63.11Z,2000-05-02,02,57200,SARREGUEMINES,https://telleplomberie.com/mentions-legales/,ok_insee
8ed17556-f9df-4166-938e-56787ae71b34,STPH 17,contact@stph17.fr,https://www.stph17.com/,,,,,,,,,,,,,no_mentions_page
d4e01698-c323-4db4-b84b-bac299e0598e,SAS AM Entreprise - Electricité Chauffage Climatisation Dépannage Courlay,contact@agence-saycom.fr,https://www.am-sas.fr/,ETIENNE,AYRAULT,ETIENNE AYRAULT,siret_insee,84455960900012,844559609,43.22B,2018-12-10,03,79440,COURLAY,https://www.am-sas.fr/mentions-legales/,ok_insee
39eb7201-3b71-4386-870d-3ebee51c9f37,LGM Associes Sarl,sarl.lgm@outlook.fr,http://www.lgm-associes.fr/,JULIEN,LE GAL,JULIEN LE GAL,siret_insee,83869738100013,838697381,43.22A,2018-04-16,NN,79230,VOUILLE,https://www.lgm-associes.fr/mentions-legales,ok_insee
2fd69a8a-5e6b-4266-814f-9b4549c9877c,Sylvain H. Renov - Couvreur La Rochelle,contact@couvreur-larochelle.fr,https://www.couvreur-larochelle.fr/,Betty,Diard,Betty Diard,mentions_legales,,,,,,,,https://www.couvreur-larochelle.fr/mentions-legales,ok_mentions
6f59d8df-8114-4699-9e7c-adce8a571ac3,BRUNET,dpo@ortec.fr,http://www.brunet-groupe.fr/?utm_source=gmb,,,,,,,,,,,,https://www.brunet-groupe.fr/?utm_source=gmb%2Fmentions-legales,no_dirigeant_found
018a249b-786b-4fed-9362-3015d2283a79,Eric Duval - Savoir Bien Rénover I Courtier en Travaux et Assistant Maîtrise d'Ouvrage tous Travaux.,contact@savoirbienrenover.fr,https://savoirbienrenover.fr/,,,,,,,,,,,,https://savoirbienrenover.fr/mentions-legales/,no_dirigeant_found
f3ff2342-a561-4c1f-99c8-70182575a0fe,Sarl Lamarche,sarl.lamarche79@gmail.com,https://www.sarllamarche.com/?utm_medium=referral&utm_source=gmb&utm_campaign=lnk-gmb,,,,,,,,,,,,https://www.sarllamarche.com/?utm_medium=referral&utm_source=gmb&utm_campaign=lnk-gmb/mentions-legales,no_dirigeant_found
570ebfd9-afc8-4931-973e-cfbc11068763,Arrenaux,contact@arrenaux.fr,https://www.arrenaux.fr/,LOUIS,SIMARD,LOUIS SIMARD,siret_insee,97785317500015,977853175,43.39Z,2023-08-13,NN,53360,QUELAINES-SAINT-GAULT,https://arrenaux.fr/conditions-generales-de-vente/,ok_insee
43fc70d3-fc22-4ae0-a483-01a6d076f303,"Atlantique Maintenance Plomberie - Plombier, Dépannage, Recherche de fuite, Débouchage",amp17100@gmail.com,http://www.amp-plombier.com/,MICHAEL,FRICAUD,MICHAEL FRICAUD,siret_insee,83172300200018,831723002,43.22B,2017-08-01,NN,17570,LES MATHES,https://www.amp-plombier.com/mentions-legales,ok_insee
5ece9b33-f2f9-4c0e-bc92-c32c994fd34b,Vinconneau Romain,com.artisansartipole@orcab.coop,http://www.artipole.fr/,JOEL ALAIN,SCHOENHER,JOEL ALAIN SCHOENHER,siret_insee,41986440000033,419864400,46.73A,1998-06-09,22,85620,ROCHESERVIERE,https://www.artipole.fr/mentions-legales,ok_insee
18c50327-1082-4e73-9458-196a10b32fde,Artisan Couvreur Nettoyage de toitures Réparation Démoussage Recherche de fuites - Cholet - Benji CAPELLO,benji.capello@gmail.com,http://www.couverturebc.fr/,BENJI JUNIOR FRANCKY,CAPELLO,BENJI JUNIOR FRANCKY CAPELLO,siret_insee,84537673000030,845376730,43.91B,2019-02-01,NN,91230,MONTGERON,https://www.couverturebc.fr/mentions-legales.php,ok_insee
ed75fe88-7fdc-4e72-b670-bc44c91fc108,HAUTBOIS Rodolphe,evp.hautbois@orange.fr,https://www.entreprise-vitreenne-de-plomberie.fr/,RODOLPHE,HAUTBOIS (HAUTBOIS),RODOLPHE HAUTBOIS (HAUTBOIS),siret_insee,83895655500026,838956555,43.22A,2018-04-30,01,35500,VITRE,https://entreprise-vitreenne-de-plomberie.fr/mentions-legales/,ok_insee
31659afa-68de-4b20-b30d-7d3394f0b38f,SAS Stéphane Accardo,accardo.electricite17@orange.fr,http://accardo-electricite.com/,STEPHANE,ACCARDO,STEPHANE ACCARDO,siret_insee,82213781600010,822137816,43.21A,2016-08-19,02,17200,SAINT-SULPICE-DE-ROYAN,http://accardo-electricite.com (home),ok_insee
0e0a261b-66e7-46c8-aa4b-a62e03ffc68d,Forestier EURL,eurl.forestier@gmail.com,https://www.forestier-plomberie.fr/,JORDANE,FORESTIER,JORDANE FORESTIER,siret_insee,84506461700044,845064617,43.22A,2019-01-04,NN,17300,ROCHEFORT,https://www.forestier-plomberie.fr/mentions-legales/,ok_insee
10af14d4-9f6e-4141-9802-61530a7ee8c7,ETS VALLET,jean.louis@ets-vallet.com,http://ets-vallet.com/?utm_medium=referral&utm_source=gmb&utm_campaign=lnk-gmb,,,,,,,,,,,,https://www.ets-vallet.com/?utm_medium=referral&utm_source=gmb&utm_campaign=lnk-gmb/mentions-legales,no_dirigeant_found
71c79311-a77d-4ebc-973d-6de0b1df8c2f,Aldr,anthonylepoivredieu@gmail.com,http://aldr-renovation.net/,ANTHONY JEAN-PATRICK JEAN-PIERRE,LEPOIVRE-DIEU,ANTHONY JEAN-PATRICK JEAN-PIERRE LEPOIVRE-DIEU,siret_insee,91166955400014,911669554,43.21A,2022-04-01,NN,85600,TREIZE-SEPTIERS,https://www.aldr-renovation.net/mentions-legales.php,ok_insee
9c150ca3-256a-4588-b6bb-1626351b6bd8,Quintard SARL,sarl.quintard@outlook.com,http://sarl-quintard.webnode.fr/?utm_source=gmb,,,,,,,,,,,,,no_mentions_page
9d0e0361-fab8-4269-b57a-25ddef699b35,ACTIV TRAVAUX - Rénovation immobilière à La Rochelle,i.denisvalance@activ-travaux.com,https://larochelle.activ-travaux.com/,,,,,,,,,,,,https://www.activ-travaux.com/concession/la-rochelleid/,no_dirigeant_found
3b4c76d7-1f20-4983-bce3-3106a46443e6,"Dessevre Uzureau SARL - plombier, électricien, chauffagiste",contact@agence-saycom.fr,https://www.chauffage-electricite-chemille.fr/,,,,,,,,,,,,https://www.chauffage-electricite-chemille.fr/mentions-legales-plombier-chemille-en-anjou/,no_dirigeant_found
5c15be87-2ca9-4a83-98dd-8e08201ab874,Amc SARL,contact@amc-cholet.fr,http://www.amc-cholet.fr/,,,,,,,,,,,,http://www.amc-cholet.fr/#mentions-legales,no_dirigeant_found
a395774d-47fa-4fc8-a382-c775350e3d1b,LMK Plomberie,lmkplomberie@gmail.com,http://www.lmk-plomberie.fr/?utm_source=gmb,,,,,,,,,,,,https://www.lmk-plomberie.fr/?utm_source=gmb/mentions-legales,no_dirigeant_found
4816f668-610a-4408-9700-b7a914280270,Didier Didier Electricite Generale,didier.elec@wanadoo.fr,https://www.didier-electricite-cholet.fr/,DIDIER,GILARDEAU (GILARDEAU),DIDIER GILARDEAU (GILARDEAU),siret_insee,47772732500029,477727325,43.22B,2004-08-02,01,49230,SEVREMOINE,https://www.didier-electricite-cholet.fr/mentions-legales,ok_insee
14bff0d3-afe0-49f2-a106-39410a95b8b4,ATC,contact@atc-sarl.fr,http://www.atc-sarl.fr/?utm_source=gmb,,,,,,,,,,,,https://www.atc-sarl.fr/?utm_source=gmb/mentions-legales,no_dirigeant_found
003f0c16-67cd-4ee6-8faa-e37a1a740fe6,Avf Plomberie,avf.plomberie17@hotmail.com,http://www.avf-plomberie.com/?utm_source=gmb,,,,,,,,,,,,https://www.avf-plomberie.com/?utm_source=gmb/mentions-legales,no_dirigeant_found
a3ac6591-d329-4c6a-afd3-08360af6c7a4,SAS Bordron Associes,contact@bordron-associes.fr,http://www.bordron-associes.fr/?utm_source=gmb,,,,,,,,,,,,https://www.bordron-associes.fr/?utm_source=gmb%2Fmentions-legales,no_dirigeant_found
b28398e6-731b-4e7d-ab70-bb8def3c30fd,CARTRON - MOYON - Plombier - Chauffagiste - Electricité - Energies Renouvelables - Salle de bain,contact@cartron-moyon.fr,https://www.cartron-moyon.fr/,BENOIT,MOYON,BENOIT MOYON,siret_insee,53387545600014,533875456,43.22A,2011-07-01,02,85250,SAINT-FULGENT,https://www.cartron-moyon.fr/mentions-legales/,ok_insee
519cbeec-a51f-41a8-8e29-6c710a6500fa,Lp2c,lp2c@outlook.fr,https://www.lp2cchauffage.fr/,,,,,,,,,,,,https://www.lp2cchauffage.fr/mentions-legales/,no_dirigeant_found
9859995b-2181-43c1-a544-9dadd96ae8a8,Les plombiers déboucheurs,christophebonine@gmail.com,https://lesplombiersdeboucheurs.com/,,,,,,,,,,,,https://lesplombiersdeboucheurs.com/mentions-legales/,no_dirigeant_found
881b5748-f617-4e31-b09b-2bcd42ab1673,La Plomberie Française - LPF,contact@laplomberiefrancaise.fr,http://www.laplomberiefrancaise.fr/,Baptiste,HAUDEBOURG,Baptiste HAUDEBOURG,mentions_legales,,,,,,,,https://www.laplomberiefrancaise.fr/mentions-legales-et-politique-de-confidentialite/,ok_mentions
e18bf0fe-34f5-4cae-90d0-aa0d8e7f6b3e,Meignan Herve Plomberie Elec,sarl-meignanherve@orange.fr,https://meignan-herve.fr/,,,,,,,,,,,,,no_mentions_page
eb2bb17b-3a56-43c5-8e2c-6aaab2d23205,"CHABOT RM - plombier, électricien, dépannage, chauffage",contact@chabotrm.fr,https://www.chabotrm.fr/,,,,,,,,,,,,https://www.chabotrm.fr/mentions-legales/,no_dirigeant_found
11b2bfea-5e83-400c-87ad-f48d71185bd8,EURL LVP ANGOULINS,lv17@free.fr,https://lvp17plomberie.fr/,LAURENT,ALLARD (ALLARD),LAURENT ALLARD (ALLARD),siret_insee,42476141900045,424761419,63.11Z,1999-10-15,42,59100,ROUBAIX,https://lvp17plomberie.fr/mentions-legales/,ok_insee
78b0647d-c07f-47e7-bf34-2b128baecae8,Loire Chauffage Solaire,contact@arti-reseau.fr,https://loirechauffagesolaire.fr/,Mario,Brillant,Mario Brillant,mentions_legales,,,,,,,,https://loirechauffagesolaire.fr/mentions-legales/,ok_mentions
cc24acde-0874-4770-80bd-9ff2ddcbf1dd,APC Home,contact@apc-home.fr,http://www.apc-home.fr/,JULES CHRISTIAN ANDRE GEORGES,BESNARD-FUZEAU (BESNARD),JULES CHRISTIAN ANDRE GEORGES BESNARD-FUZEAU (BESNARD),siret_insee,89020325000026,890203250,70.21Z,2020-10-16,01,79000,NIORT,http://www.apc-home.fr/mentions-legales/,ok_insee
6b3bc077-4c3e-43e5-8aaf-8c6826dd0e57,Merlet Guillaume,guillaumemerlet@wanadoo.fr,https://merlet-chauffage-plombier.fr/?utm_source=gmb,,,,,,,,,,,,https://merlet-chauffage-plombier.fr/?utm_source=gmb/mentions-legales,no_dirigeant_found
523feadb-795d-4df1-8778-407ab0f0a515,JLG Confort,jordan.legal@outlook.fr,https://jlgconfort.fr/,JORDAN,LE GAL,JORDAN LE GAL,siret_insee,90404839400012,904048394,43.21A,2021-11-01,01,49140,RIVES-DU-LOIR-EN-ANJOU,https://jlgconfort.fr/mentions-legales/,ok_insee
244a0bd1-93df-4b45-9c44-27e392929ef1,BTP CFA Maine-et-Loire,contact-44sb@btpcfa-pdl.com,http://www.btpcfa-pdl.com/49,Eymard,DE CRECY,Eymard DE CRECY,mentions_legales,78605529300033,,,,,,,https://www.btpcfa-pdl.com/mentions-legales/,ok_mentions
07133243-2d01-4deb-a15c-8d4495d730fc,Franck Elec Services,franck.elec.services35@gmail.com,https://www.franckelecservices.fr/,FRANCK DIDIER,VANDENBROUCKE (VANDENBROUCKE),FRANCK DIDIER VANDENBROUCKE (VANDENBROUCKE),siret_insee,82836060200019,828360602,43.21A,2017-04-01,NN,35460,MAEN ROCH,https://www.franckelecservices.fr/conditions-generales-de-vente/,ok_insee
945e102d-773b-41f9-be82-c7caf3188e7c,Girard électricité,girardelec85@gmail.com,https://girardelectricite.fr/,,,,,,,,,,,,https://girardelectricite.fr (home),no_dirigeant_found
bebaf526-d649-4f81-a10b-6f37da21faa0,PETITEAU,contact@petiteau-energies.fr,https://www.petiteau-angers.fr/,Cédric,M.PETITEAU,M.PETITEAU Cédric,mentions_legales,41118667900022,,,,,,,https://petiteau-angers.fr/mentions-legales/,ok_mentions
b5379d81-6872-4e31-b5bf-08e31cc8f8e0,Gaborieau Electricien Plombier Chauffagiste,sasghislain.gaborieau@gmail.com,http://ets-gaborieau.fr/,,GABORIEAU,GABORIEAU,mentions_legales,82066004100014,,,,,,,http://www.ets-gaborieau.fr/mentions-legales/,ok_mentions
8bb018dc-de38-40fe-9521-9a09e9931588,SARL MOREAU-NAULLEAU,moreau.naulleau@gmail.com,https://moreau-naulleau-85.fr/,,,,,,,,,,,,https://moreau-naulleau-85.fr/mentions-legales,no_dirigeant_found
b52f112c-7e5d-4df3-ade8-0a3c22ca9d36,Thibaudeau SARL,contact@thibaudeau-sarl.fr,http://www.thibaudeau-sarl.fr/,,,,,,,,,,,,http://www.thibaudeau-sarl.fr (home),no_dirigeant_found
8930f05c-c707-4f07-a172-ec10b1ed8149,Courcier Ars,contact@courcier-ars.fr,http://courcier-ars-iledere.com/,est Philippe Grisset.,ARTICLE,est Philippe Grisset. ARTICLE,mentions_legales,,,,,,,,http://courcier-ars-iledere.com/pagem,ok_mentions
24701d22-07d1-43c4-8d11-3a67fc007b0d,17Elec,contact@17elec.fr,http://www.17elec.fr/,ERIC LAURENT EMMANUEL,MARCEAU,ERIC LAURENT EMMANUEL MARCEAU,siret_insee,51065825500037,510658255,43.21A,2009-03-01,NN,17140,LAGORD,https://www.17elec.fr/mentions-legales/,ok_insee
967c7216-a652-4a5f-a8f0-6ad1594e1bef,ARP 17,contact@arp17.fr,http://www.arp17.fr/,,,,,,,,,,,,https://www.arp17.fr/mentions-legales/,no_dirigeant_found
3541be8d-6343-44e9-b522-9fd3528330ca,BTP Electricité,contact@btpelectricite.com,https://btpelectricite.com/,,,,,,,,,,,,https://btpelectricite.com/conditions-generales-de-ventes/,no_dirigeant_found
4edc85f6-f2a9-4706-9ede-60b039f3adf2,Sarl Maillet Ludovic,sarl.mailletludovic@orange.fr,https://www.sarlmailletludovic.fr/,,,,,,,,,,,,,no_mentions_page
77792971-369a-42cc-97fe-b908c12b4676,"GIROPROS Plombier, Chauffagiste, Electricien, Salle de bain",contact@giropros.com,https://www.giropros.com/,ANNE,GIRAUDEAU (DENIS),ANNE GIRAUDEAU (DENIS),siret_insee,49523872700038,495238727,43.22A,2007-05-02,01,85300,CHALLANS,https://www.giropros.com/mentions-legales/,ok_insee
819cdbbe-4841-4a39-9b5a-3ade9cf27795,Le Thiec,contact@le-thiec.fr,https://www.le-thiec.fr/,Lionel,Le Thiec,Lionel Le Thiec,mentions_legales,,,,,,,,https://www.le-thiec.fr/mentions-legales,ok_mentions
c2b14f49-5d54-4192-befa-6b461d353649,Coup de Ju,contact@coup-de-ju.fr,https://coup-de-ju.fr/,,,,,,,,,,,,,no_mentions_page
73526f92-bae3-4466-a993-cd95383fa137,SARL AE2P - Sébastien GRAVOUEILLE - Électricien Montrevault,artisan.artsrenov@gmail.com,http://sarl-ae2p.fr/,STÉPHANE,GUENOUN,STÉPHANE GUENOUN,siret_insee,81899417000012,818994170,43.32B,2016-02-22,01,75016,PARIS,https://sarl-ae2p.fr/mentions-legales/,ok_insee
7ab1bd33-e39c-469f-b3b0-a17de51642e3,SARL Lebrun - plombier - chauffagiste - électricien,contact@sarl-lebrun.com,https://www.sarl-lebrun.com/,AUDE DENISE JEANINE,DURAND,AUDE DENISE JEANINE DURAND,siret_insee,43311590400057,433115904,63.11Z,2000-08-30,41,75008,PARIS,https://www.sarl-lebrun.com/mentions-legales/,ok_insee
af5bff42-8173-4236-a6dd-3ba855a4f4cd,Rénovation Sablaise,contact@renovationsablaise.fr,https://renovationsablaise.fr/,ROLAND GEORGES OLIVIER,RAIMBERT,ROLAND GEORGES OLIVIER RAIMBERT,siret_insee,91175436400014,911754364,68.10Z,2022-03-23,01,85100,LES SABLES D'OLONNE,https://www.renovationsablaise.fr/mentions-legales/,ok_insee
fbe30e5d-7337-4c63-aca3-f8887b43920e,Aklm Plomberie-Chauffage,contact@aklm-plomberie-chauffage.fr,http://aklm-plomberie-chauffage.fr/,ADRIEN XAVIER ETIENNE HERVE,BURGAUD,ADRIEN XAVIER ETIENNE HERVE BURGAUD,siret_insee,89827793400011,898277934,43.22A,2021-05-01,NN,85300,LE PERRIER,http://aklm-plomberie-chauffage.fr/mentions-legales/,ok_insee
5aa4b349-1478-4362-ad59-bb022aa6a414,BRUNET LOIZEAU,dpo@ortec.fr,http://www.brunet-groupe.fr/?utm_source=gmb,,,,,,,,,,,,https://www.brunet-groupe.fr/?utm_source=gmb%2Fmentions-legales,no_dirigeant_found
ab0e2e41-cf78-4c8d-b9c4-f857b3d0c3cd,"MPC ÉNERGIE – Plomberie, Chauffage & Pompes à Chaleur aux Garennes sur Loire, Angers et alentours",k.menier@outlook.fr,https://mpc-energie.fr/,,,,,,,,,,,,https://mpc-energie.fr/mentions-legales,no_dirigeant_found
69f3e308-d573-4263-b49d-815a2e363a03,D.e.c. Sarl,contact@dec85.fr,https://dec85.fr/,MICKAEL,PAJOT,MICKAEL PAJOT,siret_insee,50977685200022,509776852,43.22B,2009-01-19,02,85300,CHALLANS,https://dec85.fr/mentions-legales-site-internet-dec-challans-chauffagiste/,ok_insee
65a90496-910d-4f17-b4e5-77afc89a052f,"Entreprise Boucard Stéphane (plomberie, chauffage, salle de bain, couverture et zinguerie)",contact@boucard-plombier-couvreur.com,http://www.boucard-plombier-couvreur.com/,STEPHANE,BOUCARD,STEPHANE BOUCARD,siret_insee,52517969300011,525179693,43.22B,2010-10-01,02,44770,LA PLAINE-SUR-MER,https://plombier-pornic.fr/mentions-legales/,ok_insee
66e33782-7bd5-47b7-8485-154dfd2d835f,Pascal Barreau - Plombier chauffage électricien,pascal-barreau@live.fr,https://www.pascal-barreau.fr/,PASCAL JEAN-CLAUDE,BARREAU (BARREAU),PASCAL JEAN-CLAUDE BARREAU (BARREAU),siret_insee,50518205500010,505182055,43.22A,2008-07-01,NN,85230,BEAUVOIR-SUR-MER,https://www.pascal-barreau.fr/mentions-legales/,ok_insee
b1196c37-5c92-4b48-8cbf-d7fd5a4c1c13,APCS Derrien,laurent.derrien@apcs-sarl.com,https://www.apcs-derrien.fr/,LAURENT,DERRIEN,LAURENT DERRIEN,siret_insee,80777912900020,807779129,43.22A,2014-10-29,03,44600,SAINT-NAZAIRE,https://www.apcs-derrien.fr/mentions-legales,ok_insee
b89b154b-b32b-46c9-85fc-b538c1ce7772,SARL Olivier's Plomberie,secretariat@oliviersp.fr,http://www.oliviersp.fr/contact/,,,,,,,,,,,,http://www.oliviersp.fr/mentions-l%C3%A9gales/,no_dirigeant_found
85eac19c-0581-4d0e-b7c3-99af6a2baa14,Acces Artisan 44,contact@acces-artisan-44.fr,http://www.acces-artisan-44.fr/,GUILLAUME,GRASSET,GUILLAUME GRASSET,siret_insee,44942065200025,449420652,43.22A,2003-07-02,NN,44000,NANTES,https://www.acces-artisan-44.fr/mentions-legales,ok_insee
fb7a6169-74b3-46db-acd6-fb785a60dfb3,Entreprise Anezo - Plombier & chauffagiste - Nantes,entrepriseanezo@gmail.com,http://entreprise-anezo.fr/,ALAIN,MAUPOUX,ALAIN MAUPOUX,siret_insee,38291691400023,382916914,43.22A,1991-07-30,03,44000,NANTES,http://www.entreprise-anezo.fr/mentions-legales/,ok_insee
b9a0df34-f5e8-4397-81a8-1b5e203b3c85,"SARL MERCERON MICHEL - plombier, électricien, dépannage,chauffage, salles de bain",contact@merceronenergies.fr,https://www.merceron-plombier-electricien.fr/,FABIEN,MERCERON-BARRANGER,FABIEN MERCERON-BARRANGER,siret_insee,39864512700018,398645127,43.21A,1994-10-01,11,85300,LE PERRIER,https://www.merceron-plombier-electricien.fr/mentions-legales/,ok_insee
54c0d33b-adb7-48ea-bb22-e6dd7c1bc858,A L'eau Elec,aleauelec85@gmail.com,https://www.aleauelec.fr/,BASTIEN ROMAIN REMY,GABORY,BASTIEN ROMAIN REMY GABORY,siret_insee,50954368200025,509543682,43.22A,2009-01-05,03,85220,COEX,https://www.aleauelec.fr/mentions-legales/,ok_insee
96289eca-1338-4688-9ab1-b9ab7d229487,PLOMBERIE MN,plombier.mn@gmail.com,http://www.plomberiemn.fr/,Michel,Nguyen,Michel Nguyen,mentions_legales,,,,,,,,https://plomberiemn.fr/mentions/,ok_mentions
144b00a7-46d6-4d63-aec0-67a0870736d4,"Plombier Trav'eau Renov Saint Nazaire Dépannage, Chauffe-Eau Rénovation Salle de Bains",janfaoui@live.fr,https://www.plombierdepannage44600.fr/?utm_source=gmb,,,,,,,,,,,,https://www.plombierdepannage44600.fr/?utm_source=gmb/mentions-legales,no_dirigeant_found
3bb2c2ae-19af-4d9c-8c87-f53ac241f705,PLENERGIE,contact@plenergie.eu,http://www.plenergie.eu/,,,,,,,,,,,,http://www.plenergie.eu (home),no_dirigeant_found
33327895-fe09-4a6f-8639-9a0a800874d5,ClimElec17,stephane@climelec17.fr,http://www.climelec17.fr/,,,,,,,,,,,,,no_mentions_page
37dbe59f-1f4a-4133-87f0-f2e722fac5b3,"DS MOREAU- électricité générale, chauffage, énergie renouvelable",contact@ds-moreau.fr,http://www.electricite-moreau-daniel.fr/,SYLVAIN HENRI VALENTIN,MOREAU,SYLVAIN HENRI VALENTIN MOREAU,siret_insee,85016869100010,850168691,43.21A,2019-04-18,03,85220,SAINT-REVEREND,https://electricite-moreau-daniel.fr/wp-content/cache/wp-rocket/electricite-moreau-daniel.fr/mentions-legales/index.html_gzip,ok_insee
4c66368d-b6fe-49c6-b852-68177652273b,CREAREA électricité / plomberie / chauffage / agencement sdb & cuisine,yohann.gravouil@gmail.com,http://www.crearea.fr/,,,,,,,,,,,,,no_mentions_page
eeedde87-4e73-41e9-af74-8fdca6916562,SARL Pajot-Chevrier (PB ELEC),contact@pbelec.fr,https://pbelec.fr/,,,,,,,,,,,,https://pbelec.fr/mentions-legales,no_dirigeant_found
24be674b-4b3b-4a65-a213-5468f29df63f,Michaud Pajot SARL,accueil@michaud-pajot-energies.fr,http://www.michaud-pajot.fr/,LAURENT PASCAL,PAJOT,LAURENT PASCAL PAJOT,siret_insee,49764984800023,497649848,43.22B,2007-04-10,03,85550,LA BARRE-DE-MONTS,https://www.michaud-pajot.fr/mentionslegales,ok_insee
fc17f176-7d9f-48a9-aa3a-f281b0524d57,Groussin SARL plomberie chauffage électricité,contact@ets-groussin.com,http://www.sarl-groussin.com/,SANDRA ANICETTE ELISABETH,BOUCARD,SANDRA ANICETTE ELISABETH BOUCARD,siret_insee,98981610300018,989816103,43.22A,2025-07-29,NN,85690,NOTRE-DAME-DE-MONTS,https://www.ets-groussin.com/mentions-legales/,ok_insee
571761ed-02f5-41a2-912c-b27389bc337b,SARL DOUAUD,sarldouaud@orange.fr,http://www.sarl-douaud.fr/,,,,,,,,,,,,https://www.sarl-douaud.fr/mentions-legales,no_dirigeant_found
2a4da83d-6836-4f69-8f28-12c8837023ff,Eurl Jean-Francois Pillet,accueil@pillet-elec.com,http://www.pillet-elec.com/,DAMIEN,LAGORD,DAMIEN LAGORD,siret_insee,44803618600014,448036186,43.21A,2003-03-01,12,85230,BEAUVOIR-SUR-MER,https://www.pillet-elec.com/mentions-legales/,ok_insee
4c8bda07-8562-4531-bc59-5080b6f193c7,Couvreur à La roche sur yon - Devis en 48H - Entretien et Remplacement de toiture | AC Nettoyage et Multiservices,contact@ac-nettoyage-multiservices.fr,https://ac-nettoyage-multiservices.fr/,ALVIN JEAN ANDRE,CAUBET,ALVIN JEAN ANDRE CAUBET,siret_insee,84913416800020,849134168,81.21Z,2019-02-27,NN,85000,LA ROCHE-SUR-YON,https://ac-nettoyage-multiservices.fr/mentions-legales/,ok_insee
699e4b12-90d4-4866-929c-20bee640f38e,ARTEO Dépannages & Installations,boxarteo@gmail.com,https://arteo-depannage.fr/,,,,,,,,,,,,https://arteo-depannage.fr/mentions-legales/,no_dirigeant_found
5ee1df3f-d30b-4a97-8f74-c04aff2e8526,Chacun Jean-Paul - Plombier - électricien - chauffage - dépannage - La Roche sur Yon,jean-paul.chacun@wanadoo.fr,https://www.jpc-jean-paul-chacun.fr/,Jean-Paul,CHACUN,Jean-Paul CHACUN,mentions_legales,,,,,,,,https://www.jpc-jean-paul-chacun.fr/mentions-legales/,ok_mentions
b8dcc89d-f3f7-44a5-bd42-a956afa9b37f,E.C.C.S Electricité Chauffage Climatisation Sanitaire,eccs@eccs.fr,http://www.eccs.fr/,FREDDY,ARNAUD,FREDDY ARNAUD,siret_insee,30970786700037,309707867,43.21A,1977-04-04,32,85100,LES SABLES D'OLONNE,https://www.eccs.fr/mentions-legales/,ok_insee
65965c9d-d37b-4e29-badd-98603d21f0a7,Atelec Sarl,atelec@orange.fr,https://www.atelec-pompes.fr/,,,,,,,,,,,,https://www.atelec-pompes.fr/mentions-legales/,no_dirigeant_found
2d07ab80-330a-4c11-be45-fa87b5e7a0aa,"Sodeol Sarl - Inspection vidéo, réhabilitation des réseaux, recherche de fuites",sodeol85@gmail.com,https://www.sodeol-plomberie-debouchage.fr/,KARINE,DELAPORTE (BOURRIAU),KARINE DELAPORTE (BOURRIAU),siret_insee,50264562500018,502645625,43.21A,2008-02-01,01,85230,BEAUVOIR-SUR-MER,https://www.sodeol-plomberie-debouchage.fr/mentions-legales/,ok_insee
2575c67c-001b-4f32-ae63-587d2d1bc941,Delagneau Philippe - Électricité Climatisation,contact@delagneau-elec.fr,https://www.delagneau-elec.fr/,,,,,,,,,,,,https://www.delagneau-elec.fr/mentions-legales/,no_dirigeant_found
98f74078-d20d-4c3f-877b-7b0c54d53e7d,SARL Le Courant des Fils,contact@lecourantdesfils.fr,http://www.lecourantdesfils.fr/,OLIVIER PASCAL RÉGIS,LOIRAT,OLIVIER PASCAL RÉGIS LOIRAT,siret_insee,98229180900019,982291809,43.21A,2023-12-07,NN,85190,AIZENAY,http://www.lecourantdesfils.fr/mentions-legales/,ok_insee
46776fd9-60de-47f7-ac70-294b73cb3c81,ARTI ECO PLOMBERIE,arti.eco@orange.fr,https://artiecoplomberie.pme.site/,JEAN-PIERRE,GUIHEUX,JEAN-PIERRE GUIHEUX,siret_insee,88026415500016,880264155,43.22A,2020-01-08,02,44830,BOUAYE,https://artiecoplomberie.pme.site/mentions-legales,ok_insee
8466bd28-0c58-4734-a776-4b4f96eb703c,"ARPEG - Entreprise de plomberie, électricité et chauffage à Angers (49)",arpeg@orange.fr,https://www.arpeg49.fr/,,,,,50899222900023,,,,,,,https://www.arpeg49.fr/mentions-legales,no_dirigeant_found
3d9b3de2-f970-48c9-81d8-850e3669b0c6,Arnaud Perrault TP-Enrobé,contact@agence-saycom.fr,https://www.perrault-arnaud-beauvoir-sur-mer.fr/,,,,,,,,,,,,https://www.perrault-arnaud-beauvoir-sur-mer.fr/mentions-legales-a-perrault-tp-travaux-publics-beauvoir-sur-mer/,no_dirigeant_found
7c51a844-6ff2-4d5d-9708-3373241a558b,SAS LITTORAL CONFORT,contact@littoralconfort.fr,https://www.littoralconfort.fr/,Damien,Cailleaud,Damien Cailleaud,mentions_legales,98286724400013,,,,,,,https://www.littoralconfort.fr/mentions-legales/,ok_mentions
2847e96b-f44e-4550-9621-836dcfb698e8,PPC Renouvelables,ppcrenouvelables@gmail.com,https://ppc-renouvelables.fr/,,Vonnet,Vonnet,mentions_legales,,,,,,,,https://ppc-renouvelables.fr/mentions-legales/,ok_mentions
145a8f9a-2c72-4080-b13a-1b89fd904e45,Tessier-Pontoizeau SARL,m.pontoizeau.plomberie@orange.fr,https://tessier-pontoizeau.fr/,,,,,,,,,,,,https://www.tessier-pontoizeau.fr/mentions-legales/,no_dirigeant_found
9b8361b1-7c95-431d-a763-ad1467f5bad7,Atout Chauffage,atoutchauffage44@gmail.com,https://atoutchauffage.fr/,,,,,,,,,,,,https://atoutchauffage.fr/mentions-legales/,no_dirigeant_found
96241c0e-ed98-4596-8e65-1b2bb0b4ae9f,Champiré,eurl.champire@gmail.com,https://www.plombelec-champire.com/,F.,CHAMPIRE,F. CHAMPIRE,mentions_legales,84907943900030,,,,,,,https://www.plombelec-champire.com/mentions-legales/,ok_mentions
208c803e-589b-45e3-b6ff-fc4c4a903bf2,Access Energie,agence@access-energie.fr,http://www.access-energie.fr/,NICOLAS,CORMIER,NICOLAS CORMIER,siret_insee,50989675900032,509896759,43.22A,2009-01-19,12,44800,SAINT-HERBLAIN,https://access-energie.fr/mentions-legales/,ok_insee
6f4757af-7046-445a-ae61-3fb3186c880c,STEPH'ELEC 85 électricien les Sables d'Olonne,stephelec85@gmail.com,http://www.stephelec-85.fr/,Alexis,Gauvrit France https,Alexis Gauvrit France https,mentions_legales,,,,,,,,http://www.stephelec-85.fr/mentions-legales/,ok_mentions
9ce578ff-5c90-4442-97eb-1663fd93c2bc,Btp Cfa Vendée,contact-44sb@btpcfa-pdl.com,https://www.btpcfa-pdl.com/cfa/btp-cfa-vendee/,Eymard,DE CRECY,Eymard DE CRECY,mentions_legales,78605529300033,,,,,,,https://www.btpcfa-pdl.com/mentions-legales/,ok_mentions
a1d72a14-5f75-4076-a556-291e22986ea5,CHABOT GIRARD - électricité - plomberie - chauffage,contact@chabotgirard.fr,https://www.chabot-girard.fr/,SEBASTIEN,CHABOT (CHABOT),SEBASTIEN CHABOT (CHABOT),siret_insee,48772059100022,487720591,43.21A,2006-01-02,11,85170,DOMPIERRE-SUR-YON,https://www.chabot-girard.fr/mentions-legales/,ok_insee
2b4952f7-2a78-4e02-9a2d-a04d20fabb5d,Technibat Sarl,technibat8@wanadoo.fr,https://www.technibat-vendee.fr/,FABRICE DOMINIQUE ROBERT,CHEVALLIER (CHEVALLIER),FABRICE DOMINIQUE ROBERT CHEVALLIER (CHEVALLIER),siret_insee,40170056200010,401700562,43.21A,1995-07-01,03,85370,NALLIERS,https://www.technibat-vendee.fr/mentionslegales,ok_insee
903a37db-085d-423f-bb2a-c3de82ebf5cc,IECP,iecp@free.fr,https://iecp.fr/?utm_source=gmb,,,,,,,,,,,,https://iecp.fr/?utm_source=gmb%2Fmentions-legales,no_dirigeant_found
cf2cf75d-a9fe-4add-921b-90ba63947f41,EIRL Yann Jezequel,jezelec49@gmail.com,http://jezelec.fr/,Yann,JEZEQUEL,Yann JEZEQUEL,mentions_legales,,,,,,,,https://jezelec.fr/mentions-legales/,ok_mentions
205f614b-b1e8-4987-afc1-7cbbf910b8f9,RK ENERGIE SERVICE - Dépannage Plomberie - Climatisation - Urgence Dépannage,rkenergieservice49@gmail.com,https://www.rk-energie-service.fr/,,,,,,,,,,,,,no_mentions_page
c1f44c2b-e161-45a4-9cf9-cd31a3a5b749,"Dir'Elec électricien, plombier, chauffage Challans",contact@direlec85.fr,https://www.direlec85.fr/,GUILLAUME MICHEL FREDERIC,DUPE (DUPE),GUILLAUME MICHEL FREDERIC DUPE (DUPE),siret_insee,78876114600026,788761146,43.21A,2012-10-01,03,85670,SAINT-CHRISTOPHE-DU-LIGNERON,https://www.direlec85.fr/mentions-legales/,ok_insee
ca7e5652-7bed-4c22-85d4-3a76816ef2f6,Yoann Dépanne,yoann.depanne@icloud.com,https://www.yoann-depanne.fr/,,,,,,,,,,,,,no_mentions_page
c20b624a-2325-4199-8cc1-b6c6a3a560e7,Sarl Guilbot Frédéric,contact@sarl-guilbot.fr,https://www.sarl-guilbot.fr/,FREDERIC,GUILBOT (GUILBOT),FREDERIC GUILBOT (GUILBOT),siret_insee,47798835600028,477988356,43.21A,2004-07-08,11,85400,LES MAGNILS-REIGNIERS,https://www.sarl-guilbot.fr/mentions-legales/,ok_insee
297f0128-3550-4f7b-823f-bac862edcb1f,Bicycl'eau Angers - Votre plombier à vélo (dépannage et installation),contact@bicycleau.fr,http://www.angers.bicycleau.fr/,[NON-DIFFUSIBLE],[NON-DIFFUSIBLE],[NON-DIFFUSIBLE] [NON-DIFFUSIBLE],siret_insee,51455232200059,514552322,90.03A,2009-08-31,NN,[NON-DIFFUSIBLE],STRASBOURG,http://angers.bicycleau.fr/mentions-legales/,ok_insee
606bcd06-e605-4960-b40f-323d4c43ded9,"Ordonneau Dugast - Plomberie - Chauffage - Electricité, Saint-Etienne-du-Bois",contact@agence-saycom.fr,https://www.ordonneau-dugast.fr/,,,,,,,,,,,,https://www.ordonneau-dugast.fr/mentions-legales/,no_dirigeant_found
c2f575b4-1da2-4769-af6a-2aca92c3ca38,Bluteau Gaël,eurl.bluteau.gael@orange.fr,http://www.bluteau-gael.fr/,Bluteau,GaÃ,Bluteau GaÃ,mentions_legales,,,,,,,,https://www.bluteau-gael.fr/bluteau-gael-electricite-chauffage-plomberie-vendee-la-tardiere-mentions-legales.html,ok_mentions
8581160f-bf73-4a68-9483-61f4c4a5da74,La Belle Plomberie Angevine,francois@lbpa.fr,https://lbpa.fr/,,,,,,,,,,,,https://lbpa.fr/mentions-legales,no_dirigeant_found
1c5c271e-6542-4c6b-a214-6f7de2b5fd1f,AB Plomberie,gael@abplomberie.com,http://www.abplomberie.com/?utm_source=gmb,,,,,,,,,,,,https://abplomberie.com/?%2Fmentions-legales,no_dirigeant_found
c6746227-c8f2-4a23-b6ae-fc453de8bd71,Fagault Plomberie,fagaultplomberie@outlook.fr,https://fagaultplomberie.fr/,LAURENT,ALLARD (ALLARD),LAURENT ALLARD (ALLARD),siret_insee,42476141900045,424761419,63.11Z,1999-10-15,42,59100,ROUBAIX,https://fagaultplomberie.fr/mentions-legales/,ok_insee
4a77711a-4560-449b-94bc-bc099fd22112,Raison Sarl,raison.sarl@laposte.net,http://www.assainissement-fontenaylecomte.fr/,ANTONIO MICHEL PAUL,RAISON (RAISON),ANTONIO MICHEL PAUL RAISON (RAISON),siret_insee,49529894500025,495298945,43.12A,2007-04-01,01,85370,LE LANGON,https://www.assainissement-fontenaylecomte.fr/mentionslegales,ok_insee
5d8127c2-7eeb-4d17-819b-0d601ef0bf3b,EURL Benjamin RACINEUX Plombier et rénovation de salles de bain,contact@racineux-plomberie.fr,https://www.racineux-plomberie.fr/,BENJAMIN,RACINEUX,BENJAMIN RACINEUX,siret_insee,90852609800011,908526098,43.22A,2021-12-23,02,49190,ROCHEFORT-SUR-LOIRE,https://racineux-plomberie.fr/mentions-legales/,ok_insee
cffe3e04-e4fa-42f0-93f8-5ea9d759fb2e,Nouvelles Energies Services,contact@nouvelles-energies-services.fr,http://www.nouvelles-energies-services.fr/?utm_source=gmb,,,,,,,,,,,,https://www.nouvelles-energies-services.fr/?utm_source=gmb%2Fmentions-legales,no_dirigeant_found
c43986bc-f01d-4835-b752-06be6f0656bd,"Neau Jean Pierre et fils – Plomberie, salles de bain, chauffage, électricité Fontenay le Comte",neau.jean-pierre@wanadoo.fr,https://www.neaujean-pierre.fr/,Sébastien,NEAU,Sébastien NEAU,mentions_legales,45144097800017,,,,,,,https://www.neaujean-pierre.fr/mentions-legales/,ok_mentions
f2b9a6c8-4803-45df-a6ab-6f997cfacd04,Sarl Lanoue Florent,contact@florentlanoue.com,https://florentlanoue.com/,Florent,LANOUE,Florent LANOUE,mentions_legales,,,,,,,,https://florentlanoue.com/mentions-legales/,ok_mentions
ff95c5cc-7304-4977-bcec-67e6fe017c8d,Remaud-Lambert Electricité à Avrillé,contact@agence-saycom.fr,https://www.remaud-lambert-sarl.fr/,,,,,,,,,,,,https://www.remaud-lambert-sarl.fr/mentions-legales-electricien-chauffagiste-avrille-85440/,no_dirigeant_found
d7f15146-e326-46fd-9b3f-99071596e661,Sarl Didier Painsard - chauffage - plomberie - electricité à Cezais,painsard@orange.fr,https://www.didierpainsard.fr/,MICHELE SOLANGE ANDREE,PAINSARD (MAROLLEAU),MICHELE SOLANGE ANDREE PAINSARD (MAROLLEAU),siret_insee,45181914800011,451819148,43.22A,2004-01-01,02,85410,RIVES-DU-FOUGERAIS,https://www.didierpainsard.fr/mentions-legales/,ok_insee
3a8f28fe-3720-4e14-8247-12067213ba3b,SARL Benoît BRETAUDEAU,bretaudeau.benoit@wanadoo.fr,https://www.benoit-bretaudeau.com/,CHARLY,GAUTIER,CHARLY GAUTIER,siret_insee,49143559000022,491435590,43.21A,2006-07-01,11,85250,CHAVAGNES-EN-PAILLERS,https://www.benoit-bretaudeau.com/mentions-legales,ok_insee
fdeb97c3-10fc-46d8-ba48-82087ac7b72d,Chevreul Electricité et Plomberie,marie@mail.com,https://chevreul-electricien-angers.fr/,PIERRE PAUL MICHEL,CHEVREUL,PIERRE PAUL MICHEL CHEVREUL,siret_insee,94788315300019,947883153,43.21A,2023-02-01,01,49070,SAINT-LEGER-DE-LINIERES,https://www.chevreul-electricien-angers.fr/mentions-legales,ok_insee
456bcce6-bd32-4b08-a8b1-40e85751a1e5,Neault Sarl,contact@neault.fr,https://www.neault.fr/,,,,,,,,,,,,,no_mentions_page
c9dd6451-347c-4105-a02b-211ffbbeb1fc,FLORIAN BARON - Electricité - Plomberie - Chauffage - Energies renouvelables,sarlflorianbaron@gmail.com,https://electricien-chauche.fr/,,,,,,,,,,,,https://electricien-chauche.fr/mentions-legales/,no_dirigeant_found
5289ca89-da40-42d8-9829-7c5da91f97f9,"Chevrier électricité, domotique, chauffage, dépannage",contact@chevrier-electricite.fr,https://www.chevrier-electricite.fr/,GAETAN PASCAL PHILIPPE,CHEVRIER,GAETAN PASCAL PHILIPPE CHEVRIER,siret_insee,53131160300017,531311603,43.21A,2011-04-01,03,85300,SOULLANS,https://www.chevrier-electricite.fr/mentions-legales/,ok_insee
23f5dc6c-cbc3-4670-a2c8-2fe811c596b8,"SARL RIVALIN, plombier, électricien",monmail@gmail.com,https://www.rivalin-plomberie.fr/,Aurélien,RIVALIN,RIVALIN Aurélien,mentions_legales,52065890700016,,,,,,,https://www.rivalin-plomberie.fr/mentions-legales/,ok_mentions
54f4186b-b7c1-4065-9c4a-3679cd10395a,SARL VEQUAUD-DUBOIS - Plombier - Chauffagiste - Couvreur,contact@agence-saycom.fr,https://www.vequaud-dubois.fr/,ANNE,DUBOIS (VEQUAUD),ANNE DUBOIS (VEQUAUD),siret_insee,43334464500018,433344645,43.22A,2000-10-01,03,85400,LUCON,https://www.vequaud-dubois.fr/mentions-legales-vequaud-dubois-depannage-et-de-plomberie-a-lucon/,ok_insee
83755d69-f90e-420e-9b13-cd2063faa3b1,Durable Elec - Électricien Angers (49),contact@travauxdurables.com,http://www.durableelec.fr/,,,,,,,,,,,,https://www.travauxdurables.fr/durable-elec/,no_dirigeant_found
73c34dbf-a260-4a3a-b880-a314157978ea,Chevreul Electricité et Plomberie,marie@mail.com,https://www.chevreul-electricien-angers.fr/contact?utm_source=gmb,,,,,,,,,,,,https://www.chevreul-electricien-angers.fr/contact?utm_source=gmb/mentions-legales,no_dirigeant_found
20015d2c-9eda-4842-8604-17076fe0894c,JG énergies - Dépannage - Plombier - Electricité - Chauffage - Pompe à Chaleur,contact@jgenergies.fr,https://www.jgenergies.fr/,JONATHAN GÉRARD GUY,GODARD,JONATHAN GÉRARD GUY GODARD,siret_insee,93067555800017,930675558,43.22A,2024-07-15,NN,85250,SAINT-ANDRE-GOULE-D'OIE,https://www.jgenergies.fr/mentions-legales/,ok_insee
0a6f3be8-d0fe-4d40-ae54-3cf8c10a44b5,OUVRARD BATIMENT,contact@ouvrard-batiment.com,http://www.ouvrard-batiment.com/,ERIC MARIE ROGER ANDRE,VIOLLEAU,ERIC MARIE ROGER ANDRE VIOLLEAU,siret_insee,39012741300016,390127413,18.12Z,1993-01-18,03,85500,LES HERBIERS,http://www.ouvrard-batiment.com/mentions-legales/,ok_insee
43eebe88-0bec-44db-8407-b8a8bab1f85d,CNG Plomberie,contact@cng-plomberie.fr,https://www.cng-plomberie.fr/,,,,,,,,,,,,https://www.cng-plomberie.fr/mentions-legales/,no_dirigeant_found
9ccf77d1-8c30-40f1-9e9a-93b903d0fb28,"SOULARD DIDIER - Plomberie - Chauffage - Electricité, Vendée",contact@didiersoulard.com,https://www.didiersoulard.com/,VINCENT RENÉ YVON,CHARRIER,VINCENT RENÉ YVON CHARRIER,siret_insee,43480298900013,434802989,43.22B,2001-02-01,12,85700,POUZAUGES,https://www.didiersoulard.com/mentions-legales/,ok_insee
9bd9fa2d-30bb-459d-8f61-eba7605ea241,"PRO'CES (ex Rouzeau-Billaud), plombier les herbiers",contact@agence-saycom.fr,https://www.proces-vendee.fr/,,,,,,,,,,,,https://www.proces-vendee.fr/mentions-legales-plombier-saint-paul-en-pareds/,no_dirigeant_found
f84c8321-7ee4-4553-877b-e47056def237,inobat,contact@refpro.fr,https://inobat-design.fr/,HAY,HERVE,HAY HERVE,mentions_legales,,,,,,,,https://inobat-design.fr/mentions-legales/,ok_mentions
98cd7734-08ec-4d3a-bd55-e7f6fecaccb2,E.S.C.I.E Electricité chauffage plomberie Chantonnay,contact@escie.fr,https://www.escie85.fr/,NICOLAS,PAQUEREAU,NICOLAS PAQUEREAU,siret_insee,43753863000025,437538630,43.21A,2001-04-01,03,85110,CHANTONNAY,https://www.escie85.fr/mentions-legales/,ok_insee
38dd736c-c5d3-4d9d-94e4-4886ae8f6ef4,Artisan plombier Dépannage 49,artisanplombier49@outlook.fr,https://artisanplombierdepannage49.fr/,,,,,,,,,,,,https://artisanplombierdepannage49.fr (home),no_dirigeant_found
516c0d71-89ee-4b6c-ac33-dfe0aa8467db,"Fabien Boissinot - Électricien, Plombier et chauffage",contact@boissinotfabien.fr,https://www.boissinotfabien.fr/,FABIEN,BOISSINOT,FABIEN BOISSINOT,siret_insee,82780063200024,827800632,43.22B,2017-02-13,03,85390,MOUILLERON-SAINT-GERMAIN,https://www.boissinotfabien.fr/mentions-legales/,ok_insee
c1a20a15-4cfd-4a46-b4f2-cf672a3fd221,Entreprise COUTANT,contact@entreprisecoutant.fr,http://entreprisecoutant.fr/,,,,,,,,,,,,,no_mentions_page
0cb15527-38de-40ed-a7ea-484d3c120cd3,Piscines CARRE BLEU - Vendée,laroche@carrebleu.fr,https://www.carrebleu-laroche.fr/,BENJAMIN,TALBOT,BENJAMIN TALBOT,siret_insee,81841224900026,818412249,43.99D,2016-02-11,11,85000,MOUILLERON-LE-CAPTIF,https://www.carrebleu-laroche.fr/mentions-legales/,ok_insee
54d294a3-4fef-4d57-9866-bfd1ad5eec40,ANJOU TFP PLOMBERIE,contact@anjou-tfp-plomberie.fr,https://www.anjou-tfp-plomberie.fr/,François-Pierre,TOUBIN,TOUBIN François-Pierre,mentions_legales,,,,,,,,https://www.anjou-tfp-plomberie.fr/mentions-legales/,ok_mentions
31e08013-4369-4410-9758-cdcc4e277075,AELELEC,direction@aelelec.fr,http://www.aelelec.fr/,,,,,,,,,,,,http://www.aelelec.fr (home),no_dirigeant_found
699a3471-0b74-43ab-86cf-a89087fd7730,Entreprise Giraud,sarl-giraud@orange.fr,http://www.sarl-giraud-85.com/?utm_source=gmb,,,,,,,,,,,,https://www.sarl-giraud-85.com/?utm_source=gmb%2Fmentions-legales,no_dirigeant_found
9d0a9a3d-441e-48ea-94a0-571903d2be3b,Entreprise Mahé SARL,contact@entreprise-mahe.com,http://www.entreprise-mahe.com/?utm_source=gmb,,,,,,,,,,,,https://entreprise-mahe.com/?utm_source=gmb%2Fmentions-legales,no_dirigeant_found
4e748cab-956a-4eb0-8faf-ac1ceb8f15dc,Michenaud Pierre,contact@michenaudchauffage-electricite.fr,https://www.michenaudchauffage-electricite.fr/,ETIENNE,GUEDON,ETIENNE GUEDON,siret_insee,82198906800019,821989068,43.22B,2016-09-08,02,85640,MOUCHAMPS,https://www.michenaudchauffage-electricite.fr/mentions-legales,ok_insee
837896c1-f9ae-42e5-8c22-f5bd8b8cab94,RESEAUX TRAVAUX,contact@reseauxtravaux.fr,https://reseauxtravaux.fr/,,,,,,,,,,,,,no_mentions_page
ab5e7b22-110f-4a25-8389-28b44fad2e60,Artibois Vendée,contact@artibois-vendee.fr,http://www.artibois-vendee.fr/,,,,,,,,,,,,http://www.artibois-vendee.fr/mentions-legales/,no_dirigeant_found
ca024e65-ca39-4128-acd6-24e971c1335c,Select Piscines,contact@select-piscines.com,http://www.select-piscines.com/,,,,,,,,,,,,http://select-piscines.com/mentions-legales/,no_dirigeant_found
58ceffad-222b-44b7-962e-1d4a8ce36596,Guyon Métallerie,info@portailsguyon.com,http://www.portailsguyon.com/,JEROME,GUYON,JEROME GUYON,siret_insee,45159494900013,451594949,25.12Z,2004-01-01,03,85300,SOULLANS,http://portailsguyon.com/mentions-legales/,ok_insee
93a693dd-186a-46e3-b1f2-408c11154270,Pool Concept,sarlpoolconcept@gmail.com,https://poolconcept79.fr/,,,,,,,,,,,,https://poolconcept79.fr (home),no_dirigeant_found
a6132f88-bacf-4c53-88d2-4eca855b214e,ABM Artisan Bois du Marais -Menuisier d'agencements + Création et pose de terrasse et pergolas en bois à La Rochelle,contact.abm17@gmail.com,https://www.artisan-bois-du-marais.fr/,MARION SOPHIE,RENAUD (RANY),MARION SOPHIE RENAUD (RANY),siret_insee,91926334300015,919263343,43.32A,2022-09-01,NN,17170,TAUGON,https://www.artisan-bois-du-marais.fr/mentions-legales/,ok_insee
ef2a5626-9206-44d9-bb42-99f70718d8ce,AMBIANCE PISCINE 85 - Piscines Desjoyaux La Roche sur Yon,servicecom@desjoyaux.fr,https://www.desjoyaux.fr/boutiques-desjoyaux/85000--la-roche-sur-yon/,,,,,,,,,,,,https://www.desjoyaux.fr/mentions-legales/,no_dirigeant_found
f77366f2-1ab0-4658-bb5e-51152af5d776,Entreprise Girardeau,contact@girardeauhabitat.fr,http://www.girardeauhabitat.fr/fr/,,,,,,,,,,,,,no_mentions_page
b52cc75e-fd7d-44d9-9284-a09afaa992a2,MENUISERIE LELAIS AGENCEMENT,secretariat@menuiserielelais.fr,https://www.menuiserie-lelais.fr/,GERARD JEAN-CLAUDE,LELAIS (LELAIS),GERARD JEAN-CLAUDE LELAIS (LELAIS),siret_insee,42147685400011,421476854,43.32A,1999-01-01,NN,85470,BRETIGNOLLES-SUR-MER,https://www.menuiserie-lelais.fr/mentions-legales-bretignolles-sur-mer/,ok_insee
adf322a2-dab8-4e2b-a957-d398879da74e,Les Travaux d'Igor,lestravauxdigor@gmail.com,https://gratuit-4687107.webadorsite.com/,,,,,,,,,,,,https://gratuit-4687107.webadorsite.com (home),no_dirigeant_found
a4a647ea-c65e-4bc8-be17-ce1405c6744a,DEPAN'PISCINES,contact@agence-saycom.fr,https://www.depan-piscines-85.fr/,PHILIPPE,GUIMIER (GUIMIER),PHILIPPE GUIMIER (GUIMIER),siret_insee,43196722300048,431967223,28.12Z,2000-06-09,NN,85150,SAINT-JULIEN-DES-LANDES,https://www.depan-piscines-85.fr/mentions-legales-depan-piscines-vendee/,ok_insee
79bd0599-6a74-4941-8dd9-0c84e6b56a34,Usine Gustave Rideau (fabrication des abris de piscine et terrasse),commercial@alu-rideau.fr,https://www.gustaverideau.com/,GUSTAVE GEORGES MAURICE,RIDEAU (RIDEAU),GUSTAVE GEORGES MAURICE RIDEAU (RIDEAU),siret_insee,31384218900059,313842189,43.32A,1975-01-01,41,85000,LA ROCHE-SUR-YON,https://www.gustaverideau.com/mentions-legales/,ok_insee
c0643f6f-4116-4b6a-aeb4-ae3ae56e23b6,Piscine Ambiances La Rochelle,magasin17@piscineambiances.fr,https://piscineambiances.fr/magasin-piscine-la-rochelle/,LAURENT,ALLARD (ALLARD),LAURENT ALLARD (ALLARD),siret_insee,42476141900045,424761419,63.11Z,1999-10-15,42,59100,ROUBAIX,https://piscineambiances.fr/mentions-legales/,ok_insee
a4714ccc-7904-4115-933f-c70287164105,Les Fermetures Voltech,contact@lesfermeturesvoltech.com,http://www.lesfermeturesvoltech.com/,Guillaume,SAVIDAN,Guillaume SAVIDAN,mentions_legales,,,,,,,,https://www.lesfermeturesvoltech.com/mentions-legales/,ok_mentions
e0c6a81c-cb9c-438b-9a59-c7953b4d0007,Piscinocéan - Alliance Piscines La Rochelle,n.meurisse@alliance85.com,http://www.alliance17.fr/,,PISCINOCÉAN,PISCINOCÉAN,mentions_legales,,,,,,,,https://www.alliance17.fr/mentions-legales/,ok_mentions
df99a448-2548-42c6-97ff-cb9cb682a23f,WAT'BOX BY AGX CONCEPT,bonjour@agx-concept.com,http://www.lawatbox.com/,,GUERIN,GUERIN,mentions_legales,,,,,,,,http://lawatbox.com/mentions-legales/,ok_mentions
3f772baa-e73f-4ac6-a7f7-77578cac791d,UNIK Hot Pool,unikhotpool@orange.fr,https://www.unikhotpool.fr/,NATHALIE JEANNE MARIA,DENIS,NATHALIE JEANNE MARIA DENIS,siret_insee,39203572100019,392035721,43.99D,1993-05-17,NN,85360,LA TRANCHE-SUR-MER,https://www.unikhotpool.fr/mentionslegales,ok_insee
0847a5d1-a4b8-4c36-9068-2196e341ebe6,PISCINES CONSEIL 85,piscinesconseil85@orange.fr,http://www.piscines-conseils-85.fr/,FREDERIC,MACQUIGNEAU,FREDERIC MACQUIGNEAU,mentions_legales,,,,,,,,https://www.piscines-conseils-85.fr/mentionslegales,ok_mentions
1f3746b5-f05f-4152-92c4-f168093d1fec,Ruleau Texier SARL,cyrille.sarlruleau@gmail.com,https://www.sarl-ruleau.fr/devis-plombier-chauffagiste-vendee/,CYRILLE JAMES,CORDAUX,CYRILLE JAMES CORDAUX,siret_insee,42347259600042,423472596,43.21A,1999-03-01,02,85170,DOMPIERRE-SUR-YON,https://www.sarl-ruleau.fr/mentions-legales/,ok_insee
97a483fc-144d-4c24-80c7-f82c35f8e92b,PRO-BOIS Artisan Menuisier,pro-bois@wanadoo.fr,http://www.pro-bois.com/,,,,mentions_legales,,,,,,,,https://www.pro-bois.com/mentions-legales,no_dirigeant_found
ba56e2de-2858-4ebf-a047-99a83cc1a349,Mondial piscine La Rochelle Mp17,mp17larochelle@gmail.com,https://la-rochelle.mondial-piscine.eu/,,,,,,,,,,,,https://la-rochelle.mondial-piscine.eu/mentions-legales/,no_dirigeant_found
d80c2cc9-702b-40b6-aeed-994fb8e38ce2,Cabines de plage,contact@cabalu.fr,http://www.cabinesdeplage.com/,Mr.,Mathieu Roux,Mr. Mathieu Roux,mentions_legales,,,,,,,,https://www.cabinesdeplage.com/copie-de-contact,ok_mentions
57e97c17-f3b2-4d82-9774-fadd61023070,Burgaud Maçonnerie SARL - Couverture - Rénovation,contact@agence-saycom.fr,https://www.maconnerie-burgaud-challans.fr/,,,,,,,,,,,,https://www.maconnerie-burgaud-challans.fr/mentions-legales-burgaud-maconnerie-challans-85300/,no_dirigeant_found
bbb922f5-be33-4283-854f-d6190b5a2365,Paysage Yonnais - Piscine Magiline,magil.latranche@orange.fr,http://paysage-yonnais.fr/accueil/,,,,,,,,,,,,,no_mentions_page
5c4d86aa-60a3-4de4-9592-ae6de37d3930,Artisan Poseur 85 Sarl,artisan-poseur85@orange.fr,https://artisan-poseur85.com/,NICOLAS SEBASTIEN MICHEL,DROUIN (DROUIN),NICOLAS SEBASTIEN MICHEL DROUIN (DROUIN),siret_insee,79813219700012,798132197,43.32A,2013-10-21,02,85150,LES ACHARDS,https://artisan-poseur85.com/mentions-legales/,ok_insee
d7772821-7f05-48f6-81b5-4a498cf457d0,Paysage Yonnais - Piscine Magiline,magil.latranche@orange.fr,http://paysage-yonnais.fr/accueil/,,,,,,,,,,,,,no_mentions_page
428bf934-1186-4a63-ac28-e5df5bf06aff,BCL - LJKL Techniques Piscines,contact.bcl@ljkl.fr,https://www.ljkl.fr/,Christophe Forme juridique,LEBRETON,Christophe LEBRETON Forme juridique,mentions_legales,,,,,,,,https://www.ljkl.fr/mentions-legales,ok_mentions
daa37881-c88a-4243-b8a5-ece9874d6357,Piscines Excellence,contact@piscines-excellence.fr,https://www.piscines-excellence.fr/,,,,,,,,,,,,https://www.piscines-excellence.fr/content/2-mentions-legales,no_dirigeant_found
f3a175a8-ba78-47cf-9543-f8ac391c2033,Gustave Rideau,commercial@alu-rideau.fr,https://www.gustaverideau.com/agences/les-sables-dolonne/?utm_campaign=lessablesdolonne&utm_medium=GMB&utm_source=google,,,,,,,,,,,,https://www.gustaverideau.com/agences/les-sables-dolonne/?utm_campaign=lessablesdolonne&utm_medium=GMB&utm_source=google/mentions-legales,no_dirigeant_found
8ad60e2b-eb4b-4d87-8179-9a814ad4c909,Piscine Reflets d'Été,piscinesrefletsdete@orange.fr,https://www.refletsdete.fr/,Geoffroy Conditions d,CORNEVIN,Geoffroy CORNEVIN Conditions d,mentions_legales,,,,,,,,https://www.refletsdete.fr/mentions-legales/,ok_mentions
29d5bc32-016e-4e7a-84b0-66fddd439c84,Ecoleo - Alliance Piscines,contact@alliance-piscines.fr,https://www.alliance85.com/,,,,,,,,,,,,https://www.alliance85.com/mentions-legales/,no_dirigeant_found
0e72dbcf-21c7-48f0-a293-bd0a4435343b,A2B Service Piscines et spas,contact@a2bservice.fr,http://www.a2bservice.fr/,WILLY,BERTIN,WILLY BERTIN,siret_insee,49052708200021,490527082,81.29B,2006-06-06,01,85440,AVRILLE,https://a2bservice.fr/mentions-legales/,ok_insee
44b37610-0c4d-4bf1-8396-f90fbb4502bd,MBSG - Piscine Swim inox Vendée,contact@mbsg.fr,https://www.mbsg.fr/,DIDIER,BOUCARD (BOUCARD),DIDIER BOUCARD (BOUCARD),siret_insee,53436682800018,534366828,43.99D,2011-09-01,02,85150,LES ACHARDS,https://www.mbsg.fr/mentions-legales/,ok_insee
ecc25fa7-2ce8-458a-9f22-cb15805aaebf,Ljkl Techniques Piscines SAS,contact.bcl@ljkl.fr,https://www.ljkl.fr/,Christophe Forme juridique,LEBRETON,Christophe LEBRETON Forme juridique,mentions_legales,,,,,,,,https://www.ljkl.fr/mentions-legales,ok_mentions
ff6b9921-e4bb-45ab-99e4-2ccd9991d04c,CG piscines,contact@cgpiscines.fr,http://www.cgpiscines.fr/,,,,,,,,,,,,,no_mentions_page
e2839a73-d7f0-45df-a468-0ae9757319f4,Pisciniste en Vendée - Arrivé Piscine & Spa,contact@arrive-piscine.fr,https://www.arrive-piscine.fr/,Gérard,ARRIVE,Gérard ARRIVE,mentions_legales,,,,,,,,https://www.arrive-piscine.fr/mentions-legales/,ok_mentions
4cc3570f-d967-4afd-a120-d5862a4f6264,PISCINE AVENUE,contact@piscine-avenue.fr,http://piscine-avenue.fr/,,,,,,,,,,,,https://piscine-avenue.fr/mentions-legales/,no_dirigeant_found
50ae8cf4-244c-464b-9d57-afc57c26cde6,"AC2 BOIS, menuisier Champagné les marais",ac2bois@gmail.com,https://www.ac2bois.com/,LUCAS CHRISTOPHE GILLES,BITARD,LUCAS CHRISTOPHE GILLES BITARD,siret_insee,98144706300018,981447063,43.32A,2023-11-10,NN,85450,CHAMPAGNE-LES-MARAIS,https://www.ac2bois.com/mentions-legales/,ok_insee
f291cb0e-cb6a-449e-a3db-ddd077f32c28,Gustave Rideau,commercial@alu-rideau.fr,https://www.gustaverideau.com/agences/la-roche-sur-yon/?utm_campaign=larochesuryon&utm_medium=GMB&utm_source=google,,,,,,,,,,,,https://www.gustaverideau.com/agences/la-roche-sur-yon/?utm_campaign=larochesuryon&utm_medium=GMB&utm_source=google/mentions-legales,no_dirigeant_found
bcdb37d5-8b31-4f1e-a935-c2d12c85c290,Jardimagine,contact@jardimagine.com,https://www.jardimagine.com/,,,,,,,,,,,,https://www.jardimagine.com/content/2-mentions-legales,no_dirigeant_found
0e50916b-80c5-4110-900c-727ab5a60141,Candan Maître d'oeuvre en Vendée,contact@candan-mo.fr,https://www.candan-maitredoeuvre.fr/,AKIN,CANDAN,AKIN CANDAN,siret_insee,80910160300011,809101603,71.12B,2015-01-19,01,85000,LA ROCHE-SUR-YON,https://www.candan-maitredoeuvre.fr/index.php/component/content/article/19-joomla/85-mentions-legales?Itemid=437,ok_insee
d4dec43c-e762-4340-8916-089033646931,Paysage Yonnais - Piscine Magiline,magil.latranche@orange.fr,http://paysage-yonnais.fr/accueil/,,,,,,,,,,,,,no_mentions_page
1e3b1131-255b-4b76-a2a9-2fe5822867a2,Piscines Ibiza La Rochelle,contact@piscines-ibiza.fr,https://www.piscines-ibiza.com/,,,,,,,,,,,,https://www.piscines-ibiza.com/mentions-legales/,no_dirigeant_found
f22799b0-6a95-4b90-a8e8-b14875115794,Clair Lagon,antoine@clair-lagon.com,http://www.clair-lagon.com/,,,,,,,,,,,,,no_mentions_page
9e9a94af-1e7a-46ba-8364-8be6bfa94962,Planetabri - A C M E - Fabricant d'abris piscine,cyril.candelier@planetabri.eu,http://www.planetabri.eu/,MAGDALENA MARIA,KUBICKA,MAGDALENA MARIA KUBICKA,siret_insee,44801529700022,448015297,47.64Z,2003-02-21,02,44260,MALVILLE,https://www.planetabri.eu/mentions-legales,ok_insee
c20299c6-14af-4179-beee-bd98e96d8b4c,DP MENUISERIE,dp.menuiserie85@gmail.com,https://www.dpmenuiserie.com/,DAVID LAURENT PIERRE,PASQUEREAU,DAVID LAURENT PIERRE PASQUEREAU,siret_insee,98310472000013,983104720,43.32A,2024-02-01,NN,85320,LES PINEAUX,https://www.dpmenuiserie.com/mentions-legales/,ok_insee
bc57467c-89c8-4976-9b15-f5605741fc10,Piveteaubois La Vallée - Siège Social,adrian.howden@piveteau.com,https://www.piveteaubois.com/,LAURENT,ALLARD (ALLARD),LAURENT ALLARD (ALLARD),siret_insee,42476141900045,424761419,63.11Z,1999-10-15,42,59100,ROUBAIX,https://www.piveteaubois.com/fr/mentions-legales,ok_insee
13fbaf51-f559-4f76-8fcc-598bc7bd85ba,AJ PISCINES - Spécialiste rénovation piscines traditionnelles,contact@ajpiscines.fr,https://ajpiscines.fr/,JOSHUA,AUGER,JOSHUA AUGER,siret_insee,95303713200016,953037132,43.99D,2023-05-30,NN,85000,LA ROCHE-SUR-YON,https://ajpiscines.fr/mentions-legales.html,ok_insee
7949e8c0-77a5-4d38-a4bd-d8cee1921c4b,PISCINISTES ASSOCIÉS Aquasystèmes LA ROCHELLE,contact@aquasystemes17.com,https://www.aquasystemes17.com/,BRUNO,TOUCHAIS,BRUNO TOUCHAIS,siret_insee,34497759000068,344977590,47.52A,1988-06-01,02,17138,PUILBOREAU,https://www.aquasystemes17.com/,ok_insee
6a0cb9ba-99a0-4bd4-84c3-9688b5039274,Agence Ton Espace,contact@agencetonespace.fr,https://agencetonespace.fr/,KEN,GADAIS,KEN GADAIS,siret_insee,80956120200015,809561202,73.11Z,2015-02-01,02,85100,LES SABLES D'OLONNE,https://www.agencetonespace.fr/mentions-legales/,ok_insee
f7a5d631-1a51-403c-a5be-6cbd36c2c691,"Menuiserie Graveleau Vincent, Sèvremoine",menuiserie.graveleau@orange.fr,https://www.menuiserie-graveleau.com/,VINCENT,GRAVELEAU (GRAVELEAU),VINCENT GRAVELEAU (GRAVELEAU),siret_insee,45119573900029,451195739,43.32A,2004-01-05,02,49230,SEVREMOINE,https://www.menuiserie-graveleau.com/mentions-legales/,ok_insee
580c69c2-dd6a-4dc2-af33-f9bc01737987,Selection Bois,contact@selection-bois.com,https://www.selection-bois.com/,ERIC PAUL,VENEAU,ERIC PAUL VENEAU,siret_insee,49482507800020,494825078,47.78B,2007-02-22,01,44730,SAINT-MICHEL-CHEF-CHEF,https://www.selection-bois.com/mentions_legales,ok_insee
3548f821-a79c-4529-b127-4f504b3aadd0,Jaunin Productions,contact@jaunin.com,https://www.jaunin.com/,Directeur,de la publication,Directeur de la publication,mentions_legales,,,,,,,,https://www.jaunin.com/mentions-legales/,ok_mentions
fee50078-228b-4998-8c2a-246b4911bb6c,Entreprise VIDEAU,contact@entreprise-videau.fr,https://www.entreprise-videau.fr/?utm_source=gmb,,,,,,,,,,,,https://entreprise-videau.fr/?utm_source=gmb%2Fmentions-legales,no_dirigeant_found
f8fd5178-a595-48d7-a8ad-b4e90f043eb0,SFC Habitat,contact@sfchabitat.fr,http://www.sfc-habitat.fr/,Stéphane,CLAVERY,Stéphane CLAVERY,mentions_legales,,,,,,,,http://sfc-habitat.fr/mentions-legales/,ok_mentions
140a641d-051c-4f2f-88b0-4e34d926e0d1,La Maison Des Travaux,christophe.minard@lamaisondestravaux.com,https://nantes-centre.lamaisondestravaux.com/,est Christophe L,MINARD.,est Christophe MINARD. L,mentions_legales,,,,,,,,https://nantes-centre.lamaisondestravaux.com/mentions-legales,ok_mentions
30842292-2419-49a0-b784-c4b57116314a,AXOMA,axoma@wanadoo.fr,https://www.axoma-44.com/,Franck,Dos Santos,Franck Dos Santos,mentions_legales,,,,,,,,https://www.axoma-44.com/mentions-legales,ok_mentions
0638209d-c1b1-448f-82a6-50512edb9154,Eco Habitat Passif,jd@ecohabitatpassif.fr,https://ecohabitatpassif.fr/,,,,,,,,,,,,https://ecohabitatpassif.fr/mentions-legales,no_dirigeant_found
17eb4678-4e06-41bd-8b80-145295c50b83,Piscines Soleil Bleu,contact@piscines-soleilbleu.fr,http://www.piscines-soleilbleu.fr/,,,,,,,,,,,,https://piscines-soleilbleu.fr/,no_dirigeant_found
034b2262-e6a0-4bf0-b78f-bf7f96b681d8,Jardiscine paysagiste,contact@jardiscine.com,http://www.jardiscine.com/,YANN,HERBERT,YANN HERBERT,siret_insee,89764643600013,897646436,81.30Z,2021-04-01,NN,85320,CHATEAU-GUIBERT,https://www.jardiscine.com/entretienjardinetpiscinecr%C3%A9ation,ok_insee
883465ac-d26e-435b-804c-f012c58fe21d,A.J'ACCES,contact@travaux.com,https://www.travaux.com/professionnel/a-j-acces,,,,,,,,,,,,https://www.travaux.com/mentions-legales,no_dirigeant_found
df033cfd-c9f9-4613-b85a-b0f02d09a98b,Piscines Océanes,contact@piscinesoceanes.fr,https://www.piscines-oceanes.fr/,FABRICE ROBERT EMILE,CUSSONNEAU (CUSSONNEAU),FABRICE ROBERT EMILE CUSSONNEAU (CUSSONNEAU),siret_insee,40322873700033,403228737,43.39Z,1996-01-04,11,85160,SAINT-JEAN-DE-MONTS,https://www.piscines-oceanes.fr/mentionslegales,ok_insee
bf8d95c7-329b-449f-b389-c21f73eb40dd,Pool And Co - Challans,contact@pool-and-co.fr,http://www.pool-and-co.fr/,Olivier,Coutand,Olivier Coutand,mentions_legales,82445299900017,,,,,,,http://www.pool-and-co.fr/mentions-legales/,ok_mentions
da2780dc-c11f-4f22-9c12-10cc2d007b70,Ocordo Travaux - Entreprise de rénovation à Nantes,contact@ocordo-travaux.fr,https://www.ocordo-travaux.fr/agences/nantes/,,,,,,,,,,,,https://www.ocordo-travaux.fr/mentions-legales/,no_dirigeant_found
2d1b8d56-8e5d-45c8-b3ce-286333c4ea5b,RECIF PISCINES Constructeur Installation Rénovation de Piscines & Spa Pisciniste Challans,recifpiscines@orange.fr,http://www.recifpiscines.fr/,LAURENT,ALLARD (ALLARD),LAURENT ALLARD (ALLARD),siret_insee,42476141900045,424761419,63.11Z,1999-10-15,42,59100,ROUBAIX,https://www.recifpiscines.fr/mentions-legales.htm,ok_insee
d22962f4-2032-4b38-9ed8-c7483754211f,DM CONCEPT pergolas & abris de piscine,dm.concept85@gmail.com,https://www.dmconcept-abris.fr/,Diny,MAHAMOUDOU,Diny MAHAMOUDOU,mentions_legales,,,,,,,,https://dmconcept-abris.fr/mentions-legales,ok_mentions
864d101b-bdee-431d-bf58-abfb0c39d704,PSB TRADITION,contact@psbtradition.fr,https://www.psb-tradition.com/,,,,,,,,,,,,https://www.psb-tradition.com/mentions-legales/,no_dirigeant_found
d3790f1d-46dd-4ce7-a702-ac25765436b4,Piscines Bati Services,cbj.celine@gmail.com,https://www.constructeur-piscines.fr/contact,CREA,PISCINE,CREA PISCINE,mentions_legales,,,,,,,,https://www.constructeur-piscines.fr/mentions-legales/,ok_mentions
c936b063-08cd-4369-8837-84ca6ed553d7,Pornic Piscines,pornic.piscines@gmail.com,https://www.pornicpiscines.com/,Fabrice,Cassin Renaissance Piscines Services,Fabrice Cassin Renaissance Piscines Services,mentions_legales,,,,,,,,https://www.pornicpiscines.com/mentions,ok_mentions
7919ae99-2c00-47a3-a0bc-e020cbe2eee6,La Villa Piscine Vendée,contact@lavillapiscine85.fr,https://pisciniste-villa-piscine.fr/,,,,,,,,,,,,,no_mentions_page
ad069bd8-65fe-4676-90e9-cca9eb0690b0,JPS & Spapiscines HotSpring Nantes,y.le-petit@esprit-piscine44.fr,https://www.spapiscines-nantes.com/?utm_medium=referral&utm_source=gmb&utm_campaign=lnk-gmb,,,,,,,,,,,,https://www.spapiscines-hotspring-nantes.fr/?utm_medium=referral&utm_source=gmb&utm_campaign=lnk-gmb/mentions-legales,no_dirigeant_found
9f6f1c1d-0cec-462a-af75-d820fd74f4e1,BG Menuiserie,contact@bgmenuiserie.com,https://www.bg-menuiserie.com/?utm_medium=referral&utm_source=gmb&utm_campaign=lnk-gmb,,,,,,,,,,,,https://www.bg-menuiserie.com/?utm_medium=referral&utm_source=gmb&utm_campaign=lnk-gmb/mentions-legales,no_dirigeant_found
af3545b6-26fa-42d6-bdc3-ae64e396543b,BBL Menuiserie Walter,sarlbblmenuiserie@hotmail.com,http://menuiserieblog.wordpress.com/,,,,,,,,,,,,,no_mentions_page
d975ccfe-8f3b-43a4-a921-7bc8379c6f45,Gustave Rideau,commercial@alu-rideau.fr,https://www.gustaverideau.com/agences/challans-la-garnache/?utm_campaign=lagarnache&utm_medium=GMB&utm_source=google,,,,,,,,,,,,https://www.gustaverideau.com/agences/challans-la-garnache/?utm_campaign=lagarnache&utm_medium=GMB&utm_source=google/mentions-legales,no_dirigeant_found
04ee7758-94bd-43b2-99ad-1471ad56d4fe,FG Habitat,contact@menuisier-vendee.fr,https://menuisier-vendee.fr/,,,,,,,,,,,,https://menuisier-vendee.fr (home),no_dirigeant_found
30ea7beb-b78a-4868-b2e0-63f6a8063ce4,Tschoeppé Création Nantes,contact@tschoeppe.fr,https://www.tschoeppe.fr/tschoeppe/reseau-tschoeppe/votre-specialiste/portail-espace-conseils-et-creations-nantes-44.html,,,,,,,,,,,,https://www.tschoeppe.fr/page-non-trouvee.html,no_dirigeant_found
8898dc7c-354b-4fd9-990f-209b8ae79031,Echappée Zen,echappeezen@orange.fr,http://www.echappeezen.com/,,,,,,,,,,,,,no_mentions_page
67faaf5f-1665-4755-aecb-18e3580d16f3,Pool And Co - Les Sables d'Olonne,contact@pool-and-co.fr,http://www.pool-and-co.fr/,Olivier,Coutand,Olivier Coutand,mentions_legales,82445299900017,,,,,,,http://www.pool-and-co.fr/mentions-legales/,ok_mentions
14d1f713-9702-475e-b66d-bd231c522370,MDV Piscines & Spa,mdvoltiere@gmail.com,http://www.mdv-habitat.fr/,ERIC JACK JEAN,PATTY,ERIC JACK JEAN PATTY,siret_insee,90993136200018,909931362,43.99C,2022-01-24,01,85710,LA GARNACHE,http://mdv-habitat.fr/mentions-legales/,ok_insee
af25dc90-e0e4-4ddf-8831-9713e7c4df6f,Paysages des 2 Rivières,t.demullenheim@paysagiste-nantes.com,https://paysagiste-nantes.com/,THIBAULT,DE MULLENHEIM,THIBAULT DE MULLENHEIM,siret_insee,47891448400025,478914484,81.30Z,2004-10-01,12,44690,CHATEAU-THEBAUD,https://paysagiste-nantes.com/mentions-legales/,ok_insee
0a1f1fd2-2e93-40f7-a9b9-6cb456763c54,PISCINE PAYSAGE 44 & Piscines Carré Bleu à Nantes et Haute-Goulaine,contact@piscine-paysage44.fr,https://piscine-paysage44.fr/,,,,,,,,,,,,https://piscine-paysage44.fr/mentions-legales,no_dirigeant_found
fbeda044-2fa2-4a13-bb45-4586d35af3bc,Tremblais créateur / l'esprit piscine,tremblais@tremblais.fr,http://www.tremblais.fr/,Pascal,TREMBLAIS,TREMBLAIS Pascal,mentions_legales,,,,,,,,https://www.tremblais.fr/mentions-legales/,ok_mentions
fbca9765-90f0-486d-a048-d55de5aab513,Créativ'piscine,contact@creativ-piscine.fr,http://www.creativ-piscine.fr/,,,,,,,,,,,,,no_mentions_page
531049fa-6282-4e97-8075-2b07f74f4d63,Entreprise GIRET JOUAULT,entreprisegiretjouault@gmail.com,http://www.giret-jouault.com/,,,,,,,,,,,,,no_mentions_page
a77b10b7-5dde-430e-b0e1-3e2792ac6326,LA PISCINE VENDEENNE,lapiscinevendeenne@gmail.com,https://www.piscinevendeenne.com/,,,,,,,,,,,,https://www.piscinevendeenne.com/mentions-legales/,no_dirigeant_found
a4536988-2453-4c11-8a69-d83457780c04,Gustave Rideau,commercial@alu-rideau.fr,https://www.gustaverideau.com/agences/saint-nazaire-trignac/?utm_campaign=trignac&utm_medium=GMB&utm_source=google,,,,,,,,,,,,https://www.gustaverideau.com/agences/saint-nazaire-trignac/?utm_campaign=trignac&utm_medium=GMB&utm_source=google/mentions-legales,no_dirigeant_found
17d22698-85f6-469c-8df1-6d2b24bcab29,Gustave Rideau,commercial@alu-rideau.fr,https://www.gustaverideau.com/agences/saint-brevin-les-pins/?utm_campaign=saintbrevinlespins&utm_medium=GMB&utm_source=google,,,,,,,,,,,,https://www.gustaverideau.com/agences/saint-brevin-les-pins/?utm_campaign=saintbrevinlespins&utm_medium=GMB&utm_source=google/mentions-legales,no_dirigeant_found
24a1b98d-87e9-4a10-bfb9-abd46a23ca62,Piscines Vinet,contact@piscines-vinet.fr,http://www.piscines-vinet.fr/,,,,,,,,,,,,https://www.piscines-vinet.fr/mentions-legales.php,no_dirigeant_found
e86f5194-3d29-47d5-b996-077f830f4dd3,Piscines Desjoyaux Cholet,servicecom@desjoyaux.fr,https://www.desjoyaux.fr/boutiques-desjoyaux/49300--cholet/,,,,,,,,,,,,https://www.desjoyaux.fr/mentions-legales/,no_dirigeant_found
42d8ca64-34da-43fe-9d06-50d8ce427a19,MG Piscines,contact@mgpiscines.fr,http://mgpiscines.fr/,Morgan,Guilloteau,Morgan Guilloteau,mentions_legales,,,,,,,,https://mgpiscines.fr/mentions-legales,ok_mentions
b99c2999-e766-45d9-8b5d-84beb34312c2,"NEXEAU Recherche de fuites, Nantes (Loire-Atlantique)",support@nexeau.eu,https://www.nexeau.eu/nantes,,,,,,,,,,,,https://www.nexeau.eu/mentions-legales,no_dirigeant_found
13130171-bf57-4a82-9cb0-ec1f7277ca47,EXTENSIONS BOIS - RENOVATION Vendée EXTENSION,contact@vendeereno.fr,https://www.vendeereno.fr/,,,,,,,,,,,,https://www.vendeereno.fr/mentions-legales/,no_dirigeant_found
9e240f9e-9b17-4941-a7d2-613ade1161cf,Azureva Piscines EURL,azurevapiscines@proton.me,http://www.azurevapiscines.fr/,,,,,,,,,,,,,no_mentions_page
d510dbe8-025c-48ef-982c-2c64d8fb5da6,Gustave Rideau,commercial@alu-rideau.fr,https://www.gustaverideau.com/agences/nantes-saint-herblain/?utm_campaign=saintherblain&utm_medium=GMB&utm_source=google,,,,,,,,,,,,https://www.gustaverideau.com/agences/nantes-saint-herblain/?utm_campaign=saintherblain&utm_medium=GMB&utm_source=google/mentions-legales,no_dirigeant_found
760340d4-ac7a-4ae1-a979-098c8e01172c,Id d'eau Constructeur Piscine Rénovation Entretien Pisciniste Angers Saumur,id.deau@wanadoo.fr,http://www.piscines-angers-49.com/,LAURENT,ALLARD (ALLARD),LAURENT ALLARD (ALLARD),siret_insee,42476141900045,424761419,63.11Z,1999-10-15,42,59100,ROUBAIX,https://www.piscines-angers-49.com/mentions-legales.htm,ok_insee
84d4624d-61b0-4ca2-9160-a7a0fb360dff,Cash Piscines,contact.site@cash-piscines.com,https://www.cash-piscines.com/?regionId=U1cjY3BhbmdlcnM%3D&whitelabelSeller=cpangers,,,,,,,,,,,,https://www.cash-piscines.com/?regionId=U1cjY3BhbmdlcnM%3D&whitelabelSeller=cpangers/mentions-legales,no_dirigeant_found
52876d9d-936f-4574-b48b-9da7804f395d,Gustave Rideau,commercial@alu-rideau.fr,https://www.gustaverideau.com/agences/angers/?utm_campaign=angers&utm_medium=GMB&utm_source=google,,,,,,,,,,,,https://www.gustaverideau.com/agences/,no_dirigeant_found
99816960-310f-4fa0-afbc-8e68c2987a2a,Loire Piscine Jardin,contact@loirepiscinejardin.com,https://www.loirepiscinejardin.com/,,,,,,,,,,,,,no_mentions_page
772df664-54f9-4dd9-aa06-753a7ae663ef,GPA - Piscine Gatel,contact@piscine-gatel.com,https://www.piscine-gatel.com/,Piscines,Gatel,Piscines Gatel,mentions_legales,,,,,,,,https://www.piscine-gatel.com/mentions-legales/,ok_mentions
8bc5ef18-ce73-4e10-8101-7f2e482195db,de Boislaville - Jardins Piscines Spas // Paysagiste - Pisciniste - Angers - Saumur,contact@deboislaville.com,http://www.deboislaville.com/,Erwan,de Boislaville,Erwan de Boislaville,mentions_legales,,,,,,,,https://www.deboislaville.com/mentions-legales/,ok_mentions
e206fd4b-567f-41aa-a9d5-7e9d0a43e437,Piscinistes associés - Hydrathème,contact@hydratheme.fr,https://piscinistes-associes-hydratheme.fr/,Stephane,LANGEREAU,Stephane LANGEREAU,mentions_legales,,,,,,,,https://piscinistes-associes-hydratheme.fr/mentions-legales,ok_mentions
96ccb833-3b7b-4834-9e9e-b3f6e95035e6,La Piscine Vendéenne,lapiscinevendeenne@gmail.com,http://www.lapiscinevendeenne.com/,,,,,,,,,,,,http://www.lapiscinevendeenne.com/mentions-legales/,no_dirigeant_found
6e664d37-2887-489f-a4a3-3afb7501fe88,Louée Piscine et Spa - La Louée Import Export,contact@profileo.com,https://www.cocktailpiscine.com/,,,,,,,,,,,,https://www.cocktailpiscine.com/mentions-legales,no_dirigeant_found
1625ff3d-fe1b-4bdc-af66-c77410d01a3a,Art Concept Duquenne,acd.duquenne@orange.fr,https://artconceptduquenne.fr/,Directeurs,de la publication,Directeurs de la publication,mentions_legales,,,,,,,,https://artconceptduquenne.fr/mentions-legales/,ok_mentions
d39c3dc0-cb57-437c-a922-cc7949874f2f,Envie Piscine - Pisciniste,enviepiscine@gmail.com,https://www.enviepiscine.fr/,,,,,,,,,,,,https://www.enviepiscine.fr/mentions-legales,no_dirigeant_found
c680f715-8e37-4fdd-855b-035a078479f2,Piscine de Sèvremoine - Espace Nage&Ô,communication@sevremoine.fr,http://www.sevremoine.fr/,Richard,Cesbron,Richard Cesbron,mentions_legales,,,,,,,,https://www.sevremoine.fr/mentions-legales2/,ok_mentions
0aeb4b14-44bc-4061-bbf6-b587c04cf287,ESPACE BLEU - Piscine et Spa,contact@espace-bleu.fr,https://www.espace-bleu.fr/,DUPAS,ANTHONY,DUPAS ANTHONY,mentions_legales,,,,,,,,https://espace-bleu.fr/mentions-legales/,ok_mentions
dd8a38d8-14da-4846-8e9b-c876cd9cffa9,Garden Alu,contact@gardenalu.fr,https://www.gardenalu.fr/,Alexis et Jérôme,GERMOND BRETAUDEAU,Alexis GERMOND et Jérôme BRETAUDEAU,mentions_legales,,,,,,,,https://gardenalu.fr/mentions-legales/,ok_mentions
85319c0c-e5fd-42ba-b0aa-4c58e56fcf68,"EASY PISCINES, Les Herbiers (85) -Construction piscine, Spa, Sauna & Hammam",contact@easy-piscines.fr,http://www.easy-piscines-les-herbiers.fr/,,,,,,,,,,,,https://easy-piscines-les-herbiers.fr/mentions-legales/,no_dirigeant_found
2d6ac5aa-787f-4d81-816e-95e938f8bc21,Infime Océan - Piscines Magiline Vertou,privacy@magiline.fr,https://www.piscines-magiline.fr/pisciniste-magasin-piscines/fr-pays-de-la-loire-loire-atlantique-distributeur-piscines-magiline-nantes/,LAURENT,ALLARD (ALLARD),LAURENT ALLARD (ALLARD),siret_insee,42476141900045,424761419,63.11Z,1999-10-15,42,59100,ROUBAIX,https://www.piscines-magiline.fr/mentions-legales/,ok_insee
b819c9fd-857c-4bcb-b760-1263cb19dff9,"CHARRIER FÈVRE - Aménagement et agencement extérieur en bois pour particuliers, professionnels et collectivités.",contacts@charrier-fevre.com,https://www.charrier-fevre.com/,Bertrand,DUCEPT,Bertrand DUCEPT,mentions_legales,,,,,,,,https://www.charrier-fevre.com/mentions-legales/,ok_mentions
0573d013-a0a8-47a4-99da-00821bb4831a,Gustave Rideau,commercial@alu-rideau.fr,https://www.gustaverideau.com/agences/cholet/?utm_campaign=cholet&utm_medium=GMB&utm_source=google,,,,,,,,,,,,https://www.gustaverideau.com/agences/cholet/?utm_campaign=cholet&utm_medium=GMB&utm_source=google/mentions-legales,no_dirigeant_found
323088d4-375d-492c-a6c8-b76d3a53f80b,Mercier Paysage & Piscine Carré Bleu | Aménagement Paysager & Piscines (49),contact@mercier-paysage.com,https://www.mercier-paysage.com/,KARL,CHARRET,KARL CHARRET,siret_insee,52918946600038,529189466,81.30Z,2010-12-22,12,49112,VERRIERES-EN-ANJOU,https://www.mercier-paysage.com/mentions-legales/,ok_insee
820b7efa-646c-41d3-b3b0-aa41372cd353,Rêve de Piscine & Spa - Alliance Piscines® & Jacuzzi®,dpo@revedepiscine.com,https://www.revedepiscine.com/,,AUBERT,AUBERT,mentions_legales,,,,,,,,https://www.revedepiscine.com/mentions-legales,ok_mentions
ef455da8-05f3-427e-a39f-01294ee94b55,2A-AXE AGENCEMENT,lorispogu@gmail.com,https://www.2a-axeagencement.fr/,,,,,,,,,,,,https://www.2a-axeagencement.fr/mentions-legales/,no_dirigeant_found
8d9fb81f-80c3-4559-b223-9a02866baaa1,Imersion Piscines & Spas – Sainte-Luce-sur-Loire,contact@imersionpiscines.fr,https://imersionpiscines.fr/,,,,,,,,,,,,https://imersionpiscines.fr/mentions-legales/,no_dirigeant_found
cfbc0216-a158-4201-a86a-555ea8ce29a9,Alliance Piscines,contact@alliance49.com,https://alliancepiscines49.fr/,,,,,,,,,,,,https://www.alliance49.com/mentions-legales/,no_dirigeant_found
ba12688d-df3f-45c4-a97c-a9cab52000ac,ARTINESS MENUISERIE,contact.artinessmenuiserie@gmail.com,http://www.artiness-menuiserie-angers.fr/,Anthony,Neslo,Anthony Neslo,mentions_legales,,,,,,,,https://www.artiness-menuiserie-angers.fr/mentions-legales/,ok_mentions
f03fe023-a9b5-4ea8-8988-2f4e6ee1f629,La vie au jardin,contact@cliken-web.com,http://www.lavieaujardin-paysagiste.fr/contact,,,,,,,,,,,,https://www.cliken-web.com/,no_dirigeant_found
1798902c-d37a-432c-8077-b459186898b6,Néréides Piscines,contact@nereides-piscines.fr,http://www.nereides-piscines.fr/,Photos,XXXXXXXXXX,XXXXXXXXXX Photos,mentions_legales,,,,,,,,http://nereides-piscines.fr/mentions-legales/,ok_mentions
8da91fbc-d3e7-4e1f-ad17-35a8cbc20db6,Alliance Piscines,contact@alliance49.com,https://www.alliance49.com/,,,,,,,,,,,,https://www.alliance49.com/mentions-legales/,no_dirigeant_found
8cb6b987-ce1c-4c73-9875-5367e506e432,Piscines Desjoyaux Angers,servicecom@desjoyaux.fr,https://www.desjoyaux.fr/boutiques-desjoyaux/49070-beaucouze/,,,,,,,,,,,,https://www.desjoyaux.fr/mentions-legales/,no_dirigeant_found
d5dd8ac2-f586-4400-93f1-89ae49347b11,Jardin d' Ambiance SARL,contact@jardindambiance.fr,https://www.jardindambiance.fr/,JEAN-FRANCOIS,DEVAUX,JEAN-FRANCOIS DEVAUX,siret_insee,44154057200019,441540572,81.30Z,2002-03-01,03,35730,PLEURTUIT,https://www.jardindambiance.fr/fr/mentions-legales/,ok_insee
813fcaf3-062a-4d62-a0c8-7c8a6cadf896,Breizh Design Paysage,breizhdesignpaysage@gmail.com,https://breizhdesignpaysage.fr/?fbclid=PAZXh0bgNhZW0CMTEAAadOvhzycsVU4D5LnRoUfiOZHrGqYrAM0C6m4U1sxT8ncF_o1dkDFa5X46V2fg_aem_QH1tcQLw9LNl-3Pf4uMQJA,,,,,,,,,,,,https://breizhdesignpaysage.fr/?fbclid=PAZXh0bgNhZW0CMTEAAadOvhzycsVU4D5LnRoUfiOZHrGqYrAM0C6m4U1sxT8ncF_o1dkDFa5X46V2fg_aem_QH1tcQLw9LNl-3Pf4uMQJA%2Fmentions-legales,no_dirigeant_found
bf2d471a-ffb7-4135-9425-bf69bad97c76,SAS Rêva Piscines,com.revapiscines@gmail.com,http://www.revapiscines.com/,CEDRIC,RICHARD,CEDRIC RICHARD,siret_insee,80056579800025,800565798,46.73B,2014-02-24,11,49170,SAINT-GEORGES-SUR-LOIRE,http://www.revapiscines.com/mentions-legales/,ok_insee
0fb5b685-a177-49e5-9dbb-06d55536254a,Biard Edouard,edouardbiard@yahoo.fr,http://www.creatil-paysage.fr/,EDOUARD RENE ALAIN,BIARD (BIARD),EDOUARD RENE ALAIN BIARD (BIARD),siret_insee,48805379400035,488053794,81.30Z,2006-02-01,01,35260,CANCALE,https://www.creatil-paysage.fr/mentions-legales,ok_insee
8528c472-f2b1-4ff3-98b7-58afe9ef7016,ACP Anjou Création Paysagère,anjou_creation_paysagere@gmx.fr,https://www.acp-anjou-creation-paysagere.fr/,,,,,,,,,,,,https://www.acp-anjou-creation-paysagere.fr (home),no_dirigeant_found
f5f85917-a593-4c69-8a01-983b09423bbd,Emeraude Jardins,contact@emeraudejardins.com,http://emeraudejardins.com/?utm_source=gmb,,,,,,,,,,,,https://www.emeraudejardins.com/?utm_source=gmb/mentions-legales,no_dirigeant_found
5387e2b5-a691-4503-bd57-8021caa97e29,Jardins Et Paysages,jardins.paysages@yahoo.fr,https://www.jardins-paysages.bzh/,Allan,CLAIRAY,CLAIRAY Allan,mentions_legales,,,,,,,,https://jardins-paysages.bzh/mentions-legales/,ok_mentions
f7c6c80b-9de1-4b7c-9361-640b7011635e,Le Gallo Arbres et Paysage,legallopaysage@gmail.com,https://legallopaysage.fr/,Gael,Le Gallo,Gael Le Gallo,mentions_legales,,,,,,,,https://legallopaysage.fr/mentions-legales/,ok_mentions
d9c40f74-f40b-434f-a360-ee2f306ee9a2,Groupe Waterair,info@waterair.com,https://www.waterair.com/fr/le-groupe/centres-exposition/saint-herblain,,,,,,,,,,,,https://www.waterair.com/fr/contact/mentions-legales,no_dirigeant_found
2908cbe0-98b1-411b-b0ae-1f29951329f5,Laurent Martin,laurent.martin.paysages@orange.fr,http://www.laurentmartin-paysagiste.com/,Laurent,MARTIN,Laurent MARTIN,mentions_legales,,,,,,,,https://laurentmartin-paysagiste.com/mentions-legales,ok_mentions
d33f0acb-de61-4a91-a142-7fe6f7082b04,EM'INOX PISCINE,v.meynard@em-inox-piscine.fr,https://em-inox-piscine.fr/,ERWAN,MADELIN (MADELIN),ERWAN MADELIN (MADELIN),siret_insee,49497014800024,494970148,25.62B,2007-04-11,11,49120,CHEMILLE-EN-ANJOU,https://em-inox-piscine.fr/mentions-legales/,ok_insee
92d994bd-afe6-4469-9fdc-35686af2d631,Thomas paysage,thomasdetoc445@gmail.com,https://www.thomaspaysage35.com/,THOMAS,DETOC (DETOC),THOMAS DETOC (DETOC),siret_insee,91073626300013,910736263,81.30Z,2022-02-21,01,35380,PLELAN-LE-GRAND,https://www.thomaspaysage35.com/mentions-legales.php,ok_insee
ac3ff668-1c44-4baf-b2c0-d5a66ae7332b,Les Services Bretons,contact@lesservicesbretons.fr,https://lesservicesbretons.fr/,,,,,,,,,,,,,no_mentions_page
03586ae7-0d5f-4330-bf0d-631ffa16839b,Zammit Paysage,contact@refpro.fr,http://paysagiste-saint-malo.com/,Zammit,Quentin,Zammit Quentin,mentions_legales,,,,,,,,https://paysagiste-saint-malo.com/mentions-legales/,ok_mentions
8ee75fd0-9af5-42a3-9a56-a0baee9ad693,BENJAMIN POISSON PAYSAGISTE,benjaminpoisson@yahoo.com,https://www.benjaminpoissonpaysagiste.fr/,,,,,,,,,,,,https://www.benjaminpoissonpaysagiste.fr/mentions-legales/,no_dirigeant_found
50882f74-4325-474f-9206-c646d9b3ee9d,SARL SCOP VASSAL,sarlscopvassal@gmail.com,http://www.michel-vassal-paysagiste.fr/,,,,,,,,,,,,http://www.michel-vassal-paysagiste.fr/mentions-legales/,no_dirigeant_found
5ac5181d-5d7e-4517-9be0-83154f0eeec4,Concept garden,conceptgarden35@gmail.com,https://www.conceptgarden.fr/,,,,,,,,,,,,https://www.conceptgarden.fr/mentions-legales/,no_dirigeant_found
86a1aeae-08b2-4380-ab84-45ee700535ad,Vert l'ouest,vertlouest@gmail.com,http://www.vertlouestpaysagiste.com/,,,,,,,,,,,,https://www.vertlouestpaysagiste.com/mentions-l%C3%A9gales,no_dirigeant_found
4a11184d-fafe-4f49-8294-fc209458c61b,Terrasse And Clô,terrasseandclo@outlook.fr,http://terrasseandclo.fr/,DOMINIQUE MICHEL ANGE,HARDE (HARDE),DOMINIQUE MICHEL ANGE HARDE (HARDE),siret_insee,85395021000015,853950210,43.12A,2019-09-11,02,35430,CHATEAUNEUF-D'ILLE-ET-VILAINE,https://terrasseandclo.fr/mentions-legales/,ok_insee
50e63546-c02f-427d-a768-814e35facb91,SD Aménagement,contact@sd-amenagement.com,http://www.sd-amenagement.com/,Sylvain,DIORE,Sylvain DIORE,mentions_legales,,,,,,,,https://sd-amenagement.com/mentions-legales,ok_mentions
6ec5bb18-80fd-41dc-9456-74eb964cee60,OLC PAYSAGE,corentin.oliviero@olc-paysage.fr,https://olc-paysage.fr/,CORENTIN YVON YANNICK MARIE,OLIVIERO,CORENTIN YVON YANNICK MARIE OLIVIERO,siret_insee,99264749500017,992647495,81.30Z,2025-10-01,NN,35160,BRETEIL,https://olc-paysage.fr/mentions-legales/,ok_insee
73a060ca-4d2f-4ba7-83c0-958e8dbcc9f2,Daniel Moquet signe vos jardins - Ent. MG Paysage,contact@daniel-moquet.com,https://www.moquet-jardins.com/,,,,,84795779200017,,,,,,,https://www.moquet-jardins.com/mentions-legales,no_dirigeant_found
9286c300-7597-4036-b37d-1842027a8bc1,Anthony Gourdel Paysagiste,linda.anthony@live.fr,http://www.anthony-gourdel-paysagiste.fr/,,,,,,,,,,,,http://www.anthony-gourdel-paysagiste.fr (home),no_dirigeant_found
3e842f0d-4d30-4273-b893-aa73d7f4567d,Botanic&Minéral Paysagiste,jean@mail.com,http://www.botanicetmineral.fr/,DAMIEN,DENIS,DAMIEN DENIS,siret_insee,91854652400011,918546524,81.30Z,2022-08-13,NN,22100,TADEN,https://www.botanicetmineral.fr/mentions-legales,ok_insee
96402481-f836-4c92-8036-25564b965b00,Eco' Jardin Services,accueil@paysage-services.fr,http://www.paysage-services.fr/,,,,,,,,,,,,https://www.paysage-services.fr/mentions-legales/,no_dirigeant_found
79ba6ee0-a3d1-4d91-be89-e8322a1c5265,JARDINS AUGANAIS - Paysagiste à Augan près de Ploërmel,jacky.gillard@wanadoo.fr,https://www.jardins-auganais.fr/,,,,,,,,,,,,https://www.jardins-auganais.fr/mentions-legales/,no_dirigeant_found
99e917e5-bda0-4e52-8831-9bf0a8a21cfd,Gestin Espace Paysage,gestin.espace.paysage@outlook.fr,https://gestin-paysage.fr/,Gestin,Lionel,Gestin Lionel,mentions_legales,,,,,,,,https://gestin-paysage.fr/mentions-legales/,ok_mentions
726c03c9-2793-43c0-8dcf-a8fe777f4cf3,Créa Bâti Jardin,creationbatijardin@orange.fr,https://www.creabatijardin.com/,,,,,,,,,,,,https://www.creabatijardin.com/mentions-legales/,no_dirigeant_found
fc3f50ff-85c4-41eb-a950-00cb787c666a,Barbotin Paysage Services,contact@barbotinpaysage.fr,https://barbotinpaysage.fr/,,,,,,,,,,,,https://www.barbotinpaysage.fr/,no_dirigeant_found
6b744978-3cb6-4314-bc69-d36ad1ba9035,Paysage Services,accueil@paysage-services.fr,http://www.paysage-services.fr/#utm_source=google&utm_medium=mybusiness&utm_campaign=fiche-web,,,,,,,,,,,,https://www.paysage-services.fr/#utm_source=google&utm_medium=mybusiness&utm_campaign=fiche-web/mentions-legales,no_dirigeant_found
031d2f96-545e-4e2a-9270-1b040fedf247,Les Jardins de la Biosphère,tybaz@live.fr,http://lesjardinsdelabiosphere.wordpress.com/,,,,,,,,,,,,,no_mentions_page
9f25a889-10ac-4290-87b3-2df7b6e85360,"WEST JARDINS, votre paysagiste à Malestroit.",westjardins@outlook.fr,https://www.west-jardins-56.fr/,,,,,,,,,,,,https://www.west-jardins-56.fr/mentions-legales/,no_dirigeant_found
963bc500-7cd7-40ce-8d5b-320a2817ac5e,Les Coulisses du Jardin,benoit.soulages@wanadoo.fr,http://www.lescoulissesdujardin.fr/,,,,,,,,,,,,http://www.lescoulissesdujardin.fr/mentions-legales/,no_dirigeant_found
51e8c418-9307-4dea-ae25-945e62e9b568,Neucin Créa Paysage,neucin.crea.paysage@gmail.com,https://neucincreapaysage-35.fr/fr/page/accueil,ANTHONY,NEUCIN (NEUCIN),ANTHONY NEUCIN (NEUCIN),siret_insee,83897865800014,838978658,81.30Z,2018-04-11,02,35340,ERCE-PRES-LIFFRE,https://neucincreapaysage-35.fr/fr/page/mentions-legales,ok_insee
e2e16ea5-9e57-4d42-a782-9bf79be202e2,Rêve d'Ô - Talmont piscines,contact@piscines-revedo.fr,https://www.piscines-revedo.fr/,SYLVAIN,GUIBERT,SYLVAIN GUIBERT,siret_insee,89407684300016,894076843,43.99D,2021-02-10,NN,85440,TALMONT-SAINT-HILAIRE,https://piscines-revedo.fr/politique-de-confidentialite/,ok_insee
2c8f82c3-5438-46df-81e4-f113991a3ec2,Kévin Turmel Paysage,kevinturmel.kt@gmail.com,http://www.kevinturmelpaysage.com/,,,,,,,,,,,,http://www.kevinturmelpaysage.com (home),no_dirigeant_found
7262f42a-5467-4e2a-8fd0-285ceaef3546,Les Jardins d'Hortense,contact@lesjardinsdhortense.fr,http://www.lesjardinsdhortense.fr/,Les,Jardins d,Les Jardins d,mentions_legales,,,,,,,,https://www.lesjardinsdhortense.fr/mentions-legales/,ok_mentions
5fb69f20-0402-4d9f-9336-69dbb458e27a,Crespel Paysage,contact@refpro.fr,https://crespel-paysage.fr/,Clément,Inglevert,Clément Inglevert,mentions_legales,,,,,,,,https://crespel-paysage.fr/mentions-legales/,ok_mentions
06c8c55a-c5a0-4761-81f3-d00c99ead6d3,3CJ - Côté Cours Côté Jardins,contact@3cj.fr,https://3cj.fr/,,,,,,,,,,,,,no_mentions_page
342ad755-c283-4392-8ffa-a0c1b32fcb87,ELP Paysages,potironalcide@gmail.com,https://www.elppaysages.com/,Alcide,Potiron Date de naissance,Alcide Potiron Date de naissance,mentions_legales,,,,,,,,https://www.elppaysages.com/general-5,ok_mentions
0df7a06f-ea1c-4fb7-bb0b-acad390023e3,Tendance Bardage & Terrasse,contact@tendance-bardage.fr,https://bardage-terrasse.fr/,,,,,,,,,,,,,no_mentions_page
de9ca32a-6797-4039-a48f-d4baa628a200,Esnault Design et Paysage,esnaultdesignpaysage@outlook.fr,http://www.esnaultdesignpaysage.com/?utm_source=gmb,,,,,,,,,,,,https://esnaultdesignpaysage.com/?utm_source=gmb/mentions-legales,no_dirigeant_found
3da3a490-e17b-42cd-a2a0-665a993d173e,Ameline ARBORA,contact@amelinearbora.fr,http://www.amelinearbora.fr/,Béatrice E-mail,AMELINE,Béatrice AMELINE E-mail,mentions_legales,,,,,,,,https://www.amelinearbora.fr/mentions-legales-2/,ok_mentions
128582c7-d02f-4a2a-8db8-d2a7cade05d2,Brocéliande Paysage,agence22@broceliande-paysage.fr,http://www.broceliande-paysage.fr/,,,,,38820211100018,,,,,,,https://www.broceliande-paysage.fr/mentions-legales.php,no_dirigeant_found
c25582d4-b687-4e61-80a0-dcdc66e65936,Jean élagueur paysagiste,schmitz.jean35@gmail.com,https://www.jean-paysagiste.fr/,,,,,,,,,,,,https://www.jean-paysagiste.fr/mentions-legales,no_dirigeant_found
355bc1eb-b6b3-42b3-abef-2d797800c18e,Presqu'île Paysage,contact@presquilepaysage.fr,https://www.presquilepaysage.fr/,GERALD LOUIS PAUL,GAUDEFROY,GERALD LOUIS PAUL GAUDEFROY,siret_insee,85021441200015,850214412,81.30Z,2019-05-01,03,22750,SAINT-JACUT-DE-LA-MER,https://www.presquilepaysage.fr/mentions-legales/,ok_insee
839b22a9-b651-47e1-b596-a221e0442bab,Les Paysages de Bretagne,lespaysagesdebretagne@orange.fr,https://www.lespaysagesdebretagne.fr/,,Guyon,Guyon,mentions_legales,,,,,,,,https://lespaysagesdebretagne.fr/mentions-legales/,ok_mentions
a6f7f7ff-a8ab-4b20-bf21-a64d25fc8c3e,L'univers Des Jardins,accueil@luniversdesjardins.fr,https://www.luniversdesjardins.com/,,,,,,,,,,,,https://www.luniversdesjardins.com/mentions-legales/,no_dirigeant_found
4639c678-c55d-4ca1-a7c9-9c04c22924a3,Sarl DEHORS Terrassier - Paysagiste,dehors.contact@gmail.com,https://www.sarldehors.fr/,Louis,TRELLUYER,Louis TRELLUYER,mentions_legales,,,,,,,,https://www.sarldehors.fr/privacy-policy/,ok_mentions
3d0854e9-c0b5-4ac1-89c0-0d762c010537,Minard paysage,info@useweb.com,http://www.minard-paysagiste.fr/,,,,,,,,,,,,http://www.minard-paysagiste.fr/mentions-legales,no_dirigeant_found
77e82242-fe01-4036-86e6-a33440b4a159,Coup de pouce paysage,coupdepouce.rennes@gmail.com,https://coupdepouce-paysage.com/,Frédéric,Langlais,Frédéric Langlais,mentions_legales,,,,,,,,https://coupdepouce-paysage.com/mentions-legales/,ok_mentions
6247f2f8-c8d2-498c-bafb-19be77c3b41f,Cyril Guégan paysagiste,contact@cyrilguegan-artisanpaysagiste.fr,https://cyrilguegan-artisanpaysagiste.fr/,[NON-DIFFUSIBLE],[NON-DIFFUSIBLE],[NON-DIFFUSIBLE] [NON-DIFFUSIBLE],siret_insee,89999627600015,899996276,81.30Z,2021-06-02,01,[NON-DIFFUSIBLE],GUIGNEN,https://www.cyrilguegan-artisanpaysagiste.fr/mentions-legales/,ok_insee
e705f515-80d6-4a1d-9628-e465a0ed9490,Zen Concept Paysages,contact@refpro.fr,https://zenconceptpaysages.fr/,EVANO,JOEVIN,EVANO JOEVIN,mentions_legales,,,,,,,,https://zenconceptpaysages.fr/mentions-legales/,ok_mentions
5d997347-032b-46f4-a791-75332e060389,jardins multiservices,jardinsmultiservices@orange.fr,http://www.jardinsmultiservices.fr/,,,,mentions_legales,,,,,,,,https://www.jardinsmultiservices.fr/mentions-legales,no_dirigeant_found
4e93190a-19da-4b13-ad65-ccb327b7f2a4,Fouch'art Paysage,sylvain@fouchard-paysage.com,http://www.fouchard-paysage.com/,SYLVAIN,FOUCHARD,SYLVAIN FOUCHARD,siret_insee,52003588200015,520035882,81.30Z,2010-02-01,02,35520,MELESSE,https://fouchard-paysage.com/mentions-legales/,ok_insee
c1c939ad-8c45-4685-a970-90a89f6e07ff,instant paysage,jeanfrancois.godet@yahoo.fr,https://www.paysagiste-elagage-bourgbarre.fr/,,,,,,,,,,,,,no_mentions_page
bb78ba0d-d17a-44fc-af5b-2a65ce3dec45,Rault Paysage,contact@raultpaysage.fr,http://www.raultpaysage.fr/,,,,,,,,,,,,,no_mentions_page
dd8217bf-90f3-48cf-aa91-c7d1ac1fb9f1,Gourhand,contact@refpro.fr,https://www.gourhandmacon-paysagiste.fr/,Gourhand,Corentin,Gourhand Corentin,mentions_legales,,,,,,,,https://gourhandmacon-paysagiste.fr/mentions-legales/,ok_mentions
fafdd5d6-7350-49e7-a98a-d4898d78bd07,Agapanthe Paysage,florian.lecoq@agapanthe-paysage.com,https://www.agapanthe-paysage.com/,FLORIAN,LECOQ (LECOQ),FLORIAN LECOQ (LECOQ),siret_insee,84158227300014,841582273,81.30Z,2018-08-15,02,35740,PACE,https://www.agapanthe-paysage.com/mentions-legales/,ok_insee
ef129676-b3a2-4f40-b8ea-56dc695c7017,AC Concept Paysage,ac.concept.paysage@gmail.com,https://acconceptpaysage.fr/,Nom,de l,Nom de l,mentions_legales,91885097500015,,,,,,,https://acconceptpaysage.fr/mentions-legales/,ok_mentions
872ec73a-1adf-44d8-8c03-a0a68a0b505a,Libertia Paysage,contact@libertiapaysage.fr,http://www.libertiapaysage.fr/,,,,,,,,,,,,,no_mentions_page
451d74eb-d8f2-4dcc-a4b4-14e1f29f0086,HORIZON PAYSAGE,contact@refpro.fr,https://www.horizon-paysage-35.fr/,kevin,lemesle,kevin lemesle,mentions_legales,,,,,,,,https://horizon-paysage-35.fr/mentions-legales/,ok_mentions
188531f2-dfc1-4ab1-b2d3-02da496cf062,Jouanolle Paysage,contact@jouanolle-paysage.fr,http://www.jouanolle-paysage.com/,,,,,20200727171351,,,,,,,https://www.jouanolle-paysage.com/mentions-legales,no_dirigeant_found
5d056341-26ce-49d9-b12f-b2e7d9b92782,Le Lutin Vert,contact@lelutinvert-paysagiste.com,https://www.lelutinvert-paysagiste.com/,Le,Lutin Vert,Le Lutin Vert,mentions_legales,,,,,,,,https://www.lelutinvert-paysagiste.com/mentions-legales/,ok_mentions
b4686185-2dbd-437e-a6b6-32d7f1746e30,BREJOIN PAYSAGE,contact@brejoin.fr,https://www.paysagiste-brejoin.com/,,,,,,,,,,,,https://www.paysagiste-brejoin.com/mentions-legales/,no_dirigeant_found
ffddfdbc-f4fe-4f26-90e7-9a4630d9573b,Auré Paysage,contact@aurepaysage.com,https://www.aurepaysage.com/,AURELIEN,GLOUX,AURELIEN GLOUX,siret_insee,53067940600013,530679406,81.30Z,2011-03-01,NN,35310,SAINT-THURIAL,https://www.aurepaysage.com/mentions-legales/,ok_insee
b63d6a9d-2014-4b45-989c-74d088e81542,Adena Paysage et Services,contact@adena-paysages.fr,http://www.adena-paysages.fr/,Yannick,Folliard L,Yannick Folliard L,mentions_legales,,,,,,,,https://www.adena-paysages.fr/mentions-legales/,ok_mentions
bd3b6036-2036-4b17-9b95-19db36148dfb,Entretien et Création Paysagiste,contact@leray.info,https://leray.info/page/julien-joly-entretien-creation-beignon-morbihan-bretagne,,,,,,,,,,,,https://leray.info/pro/julien-joly-entretien-creation-beignon-morbihan-bretagne,no_dirigeant_found
91a8f20c-6e04-466b-ab83-cd86168ecdbe,PAYSAGISTE JARDIN VIVANT,jardinvivant35@gmail.com,http://jardin-vivant.com/,,,,,,,,,,,,,no_mentions_page
e7087172-86e7-4037-bf93-e03b557c7e5d,DESILES paysage,contact@desiles-paysage.fr,http://www.desiles-paysage.fr/?utm_source=gmb,,,,,,,,,,,,https://www.desiles-paysage.fr/?utm_source=gmb/mentions-legales,no_dirigeant_found
5a353afb-0507-4f2b-8252-b239a6a11304,Le Jardin de Poliphile,frederic.le-louarn@wanadoo.fr,http://lejardindepoliphile.fr/,,,,,,,,,,,,http://lejardindepoliphile.fr/mentions-legales/,no_dirigeant_found
3a03337b-ecd2-4d1d-a6a2-c6ebd26a0b79,Gallard Claude,gallard.claude@wanadoo.fr,http://www.paysagiste-gallard-landujan.com/,,,,,,,,,,,,,no_mentions_page
ab251b31-d161-411d-b32f-f97327f6c603,Lefèvre Paysage,contact@lefevrepaysage.com,https://lefevrepaysage.com/,,,,,,,,,,,,,no_mentions_page
756951c9-3fa1-4904-9356-1ca52e50e684,Yvonnick Boutier,contact@yvonnickboutier.fr,https://www.yvonnickboutier.fr/,Yvonnick,Boutier,Yvonnick Boutier,mentions_legales,,,,,,,,https://www.yvonnickboutier.fr/mentions-legales/,ok_mentions
9e9148f3-bb0c-4fe1-93b1-35b0c64d4829,Scénalis paysagiste,contact@scenalis-paysage.fr,http://scenalis.fr/,ANTHONY GÉRARD JEAN-CLAUDE,SALMON,ANTHONY GÉRARD JEAN-CLAUDE SALMON,siret_insee,93481624000014,934816240,81.30Z,2024-11-01,NN,35850,IRODOUER,https://www.scenalis-paysage.fr/mentions,ok_insee
aef79ef8-e8f9-4ab5-a219-c294790baab6,Les Jardins B.L,00035bienvenue@laconfiserie.fr,https://www.paysagistes.pro/paysagistes/jardins-bertrand-lecroc-rheu/,ARNAUD,BOSCHET-COLOMBEL,ARNAUD BOSCHET-COLOMBEL,siret_insee,80779248600035,807792486,73.11Z,2014-10-23,NN,35000,RENNES,https://www.paysagistes.pro/mentions-legales/,ok_insee
ae2d3b16-7cb0-4861-be3b-df286695ffec,EURL Pasquet nature,contact@pasquetnature.com,https://www.pasquetnature.com/,,,,,,,,,,,,,no_mentions_page
85dcb590-c848-4931-9895-a54f489e76c8,Creogarden,contact@creogarden.fr,http://www.creogarden.fr/,,,,,,,,,,,,http://creogarden.fr/mentions-legales/,no_dirigeant_found
867f379e-9841-4239-b23f-e650940bdec6,Lelievre Paysage,entreprise@lelievrepaysage.fr,https://www.lelievrepaysage.fr/,,,,,,,,,,,,https://www.lelievrepaysage.fr (home),no_dirigeant_found
4ece03f1-5709-40c8-8240-6a419525d1b8,id verde,siege@idverde.com,https://idverde.fr/,Linda,PANIKIAN,Linda PANIKIAN,mentions_legales,,,,,,,,https://idverde.fr/mentions-legales/,ok_mentions
14e223ad-f1b4-41a7-9890-128a2c04fbeb,Le Bouedec Erwann,erwann-paysage@orange.fr,http://www.erwann-paysage.com/,ERWANN,LE BOUEDEC,ERWANN LE BOUEDEC,siret_insee,52327729100010,523277291,81.30Z,2010-06-01,NN,22590,PORDIC,https://www.erwann-paysage.com/mentions-legales.php,ok_insee
355752b1-1293-4223-83ef-456bc7d41ee9,Broceliande Paysage,agence22@broceliande-paysage.fr,http://www.broceliande-paysage.fr/,,,,,38820211100018,,,,,,,https://www.broceliande-paysage.fr/mentions-legales.php,no_dirigeant_found
a3e37aaa-7665-4be9-8ec2-dde99c9ff61c,Beslou Paysage,beslou.paysage@gmail.com,https://www.beslou-paysage.fr/,,,,,,,,,,,,https://www.beslou-paysage.fr/mentions-legales/,no_dirigeant_found
098b70d3-eff6-4d54-b91b-d61081ef343d,Le Jardinier Décorateur 'dedans et dehors SARL ',jean.martin@exemple.com,http://www.jardinierdecorateur.com/,,,,,,,,,,,,https://jardinierdecorateur.com/mentions-legales,no_dirigeant_found
4a29a698-a1be-400b-8126-c42220c920ab,TURBAUX SERVICES,turbaux.services@orange.fr,http://www.turbauxservicespaysage.com/,,,,,,,,,,,,https://www.turbauxservicespaysage.com/about/,no_dirigeant_found
22f75a1f-135d-4459-a05f-da43a77da11d,Thierry Julou TP Julou TP,thierryjuloutp@gmail.com,https://www.amenagementexterieurjuloutp22.com/?utm_source=gmb,,,,,,,,,,,,https://www.amenagementexterieurjuloutp22.com/?utm_source=gmb%2Fmentions-legales,no_dirigeant_found
8fe66394-ce18-48da-8fe0-9feab0acdcc7,LE SCIELLOUR PAYSAGISTE,technique@imagic.fr,http://www.le-sciellour-paysagiste.fr/,André,LE SCIELLOUR,André LE SCIELLOUR,mentions_legales,,,,,,,,http://le-sciellour-paysagiste.fr/mentions-legales/,ok_mentions
c6a9ffd2-28f5-47eb-9aa2-8c0b3ab3c8cd,Lemee Paysage,contact@lemee-paysage.fr,http://www.lemee-paysage.fr/,,,,,,,,,,,,http://www.lemee-paysage.fr/mentions-legales/,no_dirigeant_found
53cf2b94-0208-4568-9790-3373bf3d88e9,Giraud Elagage Paysagiste,tommy.giraud.pro@gmail.com,http://www.giraud-elagage-paysagiste.fr/?utm_source=google&utm_medium=wix_google_business_profile&utm_campaign=1406942576549475884,,,,,,,,,,,,https://www.giraud-elagage-paysagiste.fr/?utm_source=google&utm_medium=wix_google_business_profile&utm_campaign=1406942576549475884/mentions-legales,no_dirigeant_found
b61dea5e-e1e5-4667-a635-96bb5c443305,Molé Paysages Lamballe,molepaysages22@gmail.com,http://www.mole-paysages.fr/,,,,,,,,,,,,https://www.mole-paysages.fr/mentions-legales/,no_dirigeant_found
f12aaf3b-35cf-475b-9c27-cf6dde26e391,Lorguillous Maçon Paysagiste,lorguillous.lmp@laposte.net,http://lorguillousmaconpaysagiste.site-solocal.com/,TIMOTHEE FERDINAND GERMAIN,LORGUILLOUS,TIMOTHEE FERDINAND GERMAIN LORGUILLOUS,siret_insee,81203666300019,812036663,81.30Z,2015-06-01,02,22170,CHATELAUDREN-PLOUAGAT,https://lorguillousmaconpaysagiste.site-solocal.com/mentionslegales,ok_insee
9cdce17b-ee36-4736-88de-75bc75793afa,Ozone Paysages,ozonepaysages22590@gmail.com,https://www.ozone-paysages-paysagiste.fr/,,,,,,,,,,,,https://www.ozone-paysages-paysagiste.fr/mentions-legales/,no_dirigeant_found
ba44e85f-5b08-4ccd-9429-46827fe0643b,Sorgniard Paysage,sorgniard.paysage@outlook.fr,https://www.sorgniardpaysage.fr/,,,,,,,,,,,,https://www.sorgniardpaysage.fr/,no_dirigeant_found
7db9cbc9-56e7-4da4-80b2-9bc8b2aebb48,Tardivel paysage,tardivelpaysage@outlook.fr,https://tardivelpaysage.com/,YANNICK DANIEL PIERRICK MARIE,TARDIVEL,YANNICK DANIEL PIERRICK MARIE TARDIVEL,siret_insee,81876713900012,818767139,81.30Z,2016-03-01,03,22150,PLOUGUENAST-LANGAST,https://tardivelpaysage.com/mentions-legales/,ok_insee
de897e75-2472-4b7d-b423-59fd0b1e00e7,Kévin Roussel Paysagiste,rousselkevinpaysagiste@gmail.com,https://www.kevinrousselpaysagiste.fr/,,,,,,,,,,,,https://www.kevinrousselpaysagiste.fr/mentions-legales,no_dirigeant_found
bd82d356-2328-409f-8444-79bc44979bc6,Sarl JF JOUAN,jean-francois.jouan3@wanadoo.fr,http://www.jfjouan-paysagiste.fr/,,,,mentions_legales,,,,,,,,https://www.jfjouan-paysagiste.fr/mentions-legales,no_dirigeant_found
1d2c89d4-750c-4d55-887d-a447185c1b49,Le Vaillant Paysage,contact@brieulevaillantpaysagiste.com,https://www.brieulevaillantpaysagiste.com/,Mr,Le Vaillant,Mr Le Vaillant,mentions_legales,,,,,,,,https://www.brieulevaillantpaysagiste.com/mentions-legales,ok_mentions
34203e89-ffc9-413f-9912-c2b7188cb3c0,Art des Jardins - Paysagiste,creation@artdesjardins.bzh,http://artdesjardins.bzh/,,,,,,,,,,,,http://artdesjardins.bzh (home),no_dirigeant_found
f511d166-19bd-4647-b96e-88d02d6f9b09,Paysages Querrat,querrat@hotmail.com,https://www.paysages-querrat.fr/,JULIEN MAXIME,QUERRAT,JULIEN MAXIME QUERRAT,siret_insee,43278451000021,432784510,81.30Z,2000-09-07,01,22400,LANDEHEN,https://www.paysages-querrat.fr/mentionslegales,ok_insee
e2c2f14f-9f2a-4f87-a107-1bea20f365ed,Yobé Michel,michelyobe@yahoo.fr,https://www.yobe-paysage.fr/,,,,,,,,,,,,https://www.yobe-paysage.fr/politique-de-confidentialite/,no_dirigeant_found
9af9fe4d-7235-47d7-8384-e4d1c765ee80,Chaudet paysage,contact@agence-eodys.fr,https://chaudet-paysage-rennes.com/,,,,,,,,,,,,https://chaudet-paysage-rennes.com/actualites/travail-illegal-ne-laissez-pas-les-mauvaises-pratiques-envahir-votre-jardin/,no_dirigeant_found
a14ed6fa-faa0-4b2a-a022-4ace1dbb4097,Jardins de Pan,jardinsdepan@gmail.com,http://jardinsdepan.fr/,Jardins,de Pan jardinsdepan,Jardins de Pan jardinsdepan,mentions_legales,,,,,,,,http://jardinsdepan.fr/mentions-legales/,ok_mentions
67500a30-54e4-4673-bd3b-473c4ad994ae,Au Bout De La Branche,contact@auboutdelabranche.com,http://auboutdelabranche.com/,,,,,,,,,,,,,no_mentions_page
4faa7d87-a885-4bdd-b397-9dacf9d581a9,Entretien parcs et jardins Villot Tao,cyril+team@agence-apv.fr,https://paysagiste-bretagne.fr/ville/lantic/,,,,,,,,,,,,,no_mentions_page
d0f7da43-adce-4d54-8104-41f13ff3074b,Tréguier paysages,christian@treguier-paysages.fr,https://www.treguier-paysages.fr/,VINCENT THIERRY,ALLANIC,VINCENT THIERRY ALLANIC,siret_insee,53410059900016,534100599,63.11Z,2011-08-11,NN,56300,NEULLIAC,https://www.treguier-paysages.fr/index.php/mentions-legales,ok_insee
77c130cc-d7ed-4e5d-aefe-7a552006fe4d,SO Paysage,s.o.paysage.conception@gmail.com,https://sopaysage22.fr/fr/page/accueil,SIMON ANTOINE PHILIPPE,OIZEL,SIMON ANTOINE PHILIPPE OIZEL,siret_insee,97784832400017,977848324,81.30Z,2023-07-18,NN,22360,LANGUEUX,https://sopaysage22.fr/fr/page/mentions-legales,ok_insee
28b8854d-64de-4abb-92ac-740177235fbd,Benoît Paysage,contact@benoitpaysage.fr,https://www.benoitpaysage.fr/,,,,,,,,,,,,https://www.benoitpaysage.fr/,no_dirigeant_found
19d8b1a0-5fa4-4d5b-b00e-3b5933081bcd,LE SCANFF Paysage,contact@le-scanff-paysage.com,http://le.scanff.paysage.chez.com/,,,,,,,,,,,,,no_mentions_page
8ce6f64f-7efe-4980-8241-ece562ddf61b,JULIEN NATURE ET PAYSAGE - Julien Foll,contact@leray.info,https://leray.info/page/julien-nature-et-paysage-julien-foll-paysagiste-plouaret,,,,,,,,,,,,https://leray.info/pro/julien-nature-et-paysage-julien-foll-paysagiste-plouaret,no_dirigeant_found
ff278d3c-53ff-4785-a242-5c88ca005112,Esperluette paysage,esperluette.paysage@gmail.com,http://esperluette-paysage.fr/,SOLEN,GUIADER,SOLEN GUIADER,siret_insee,94790236700012,947902367,81.30Z,2023-01-04,01,22420,PLOUARET,http://esperluette-paysage.fr/mentions-legales/,ok_insee
9bc91885-2c35-41a4-80fe-5b14ccb3f7d1,Sarl Brault Paysage,kvbrault@gmail.com,https://www.brault-paysage.fr/,,,,,,,,,,,,https://www.brault-paysage.fr/mentions-legales/,no_dirigeant_found
67274130-8eb1-4cd1-8b2f-21d00445e946,JBP Jehanno Bois & Paysages,yvanjbp@gmail.com,http://www.jehannoboisetpaysages.fr/,,,,,,,,,,,,http://www.jehannoboisetpaysages.fr/mentions-legales/,no_dirigeant_found
c469cc02-c9c5-4556-87db-a3de4136d838,Empreinte végétale,empreinte.vegetale22@gmail.com,https://www.empreintevegetale.fr/,,,,,,,,,,,,https://www.empreintevegetale.fr/,no_dirigeant_found
756ca297-04c6-4e4b-b3c9-d28961cf8177,VERT SERVICES,contact@vertservices.fr,https://vertservices.fr/,Quemener,Ronan,Quemener Ronan,mentions_legales,,,,,,,,https://vertservices.fr/mentions-legales/,ok_mentions
e40e1949-72e4-45a9-a953-669fe5ad2928,Les Paysagistes du Trégor,contact@lespaysagistesdutregor.fr,http://www.lespaysagistesdutregor.fr/,ROMAIN,LE PAGE,ROMAIN LE PAGE,siret_insee,98228612200014,982286122,81.30Z,2023-11-29,NN,22560,PLEUMEUR-BODOU,https://www.lespaysagistesdutregor.fr/mentions-legales,ok_insee
7b7656f5-304d-47a7-8d60-df101ec926d9,CARRE JARDINS ZEN,contact@carrejardinszen.fr,https://carrejardinszen.fr/,,,,,,,,,,,,https://carrejardinszen.fr/mentions-legales/,no_dirigeant_found
02a1638c-2481-478e-9c54-a26a4d0243eb,Vérandas CONCEPT ALU,contact@conceptalu.com,https://www.conceptalu.com/points-de-vente/france/loire-atlantique/44-verandas-nantes/,,,,,38011842200035,,,,,,,https://www.conceptalu.com/mentions-legales/,no_dirigeant_found
1ec481bd-8737-44da-a094-863335182fee,Sarrazin Paysage,sarrazin.paysage@gmail.com,https://sarrazin-paysage.fr/,,,,,,,,,,,,https://sarrazin-paysage.fr (home),no_dirigeant_found
53b3a035-42a6-4f1a-ad43-293622974c04,Jardi' Zen paysage - Yannick TROADEC,jardizen@yahoo.fr,http://www.jardizen-paysage.fr/,TROADEC,YANNICK,TROADEC YANNICK,mentions_legales,,,,,,,,https://jardizen-paysage.fr/mentions-legales/,ok_mentions
d360ca9f-e5ab-4d2a-8dff-1c3624c79627,Apj ouest,apj-ouest@orange.fr,http://www.apj-ouest.fr/,,,,,,,,,,,,https://www.apj-ouest.fr/mentions-legales,no_dirigeant_found
e910a485-44d9-44a7-b8e8-62d99a159168,Etablissements Rochelle,contact@ets-rochelle.fr,http://ets-rochelle.fr/,ERWANN JOSEPH ANDRÉ,ROCHELLE,ERWANN JOSEPH ANDRÉ ROCHELLE,siret_insee,42432164400025,424321644,81.30Z,1999-09-01,11,22300,LANNION,https://ets-rochelle.fr/mentions-legales-confidentialite/,ok_insee
7e999dc0-0e30-4efa-a16e-1d4e648a2a28,Natura Services,yannick.omnes@orange.fr,http://www.naturaservices.fr/,,,,,,,,,,,,,no_mentions_page
cd9a10af-35f8-4294-9ac0-a1177bf802ac,Les Jardins D'Ollivier,contact@lesjardinsdollivier.bzh,https://www.lesjardinsdollivier.bzh/,ANTONY,OLLIVIER,ANTONY OLLIVIER,siret_insee,79119447500012,791194475,56.10A,2013-02-01,01,22660,TREVOU-TREGUIGNEC,https://www.lesjardinsdollivier.bzh/mentions-legales,ok_insee
dec1c9a1-ad61-4875-ac64-205f16ed9d31,Le Caër Paysage,mpalecaer@wanadoo.fr,https://www.lecaer.com/,,,,,,,,,,,,https://www.lecaer.com/mentions-legales/,no_dirigeant_found
e0aae600-c706-4565-8b96-7a1963afaf4d,Green Paysage,contact@green-paysage.bzh,http://www.greenpaysage.com/,,,,,,,,,,,,https://www.greenpaysage.com/mentions-legales/,no_dirigeant_found
333dab47-cfc6-451b-a174-0014c5799917,Breizh Arborescence,satisfactionclient@solocalms.fr,http://www.breizh-arborescence-moustoir.fr/,GOULVEN,MONNERIE,GOULVEN MONNERIE,siret_insee,48125352400039,481253524,81.30Z,2005-04-04,01,22340,LE MOUSTOIR,https://www.breizh-arborescence-moustoir.fr/mentions-legales,ok_insee
2664867b-65c6-478a-8ed2-547d1a20b0bb,OLLIVIER PAYSAGES,contact@leray.info,https://www.leray.info/page/ollivier-paysages-paysagiste-quemperven-623b69651263f82bbe0e0a06/kergrist-moelou%20-%2022,,,,,,,,,,,,https://leray.info/pro/ollivier-paysages-paysagiste-quemperven-623b69651263f82bbe0e0a06,no_dirigeant_found
60ed92b7-554c-476f-86b4-b29c81f971da,Particuliers Services,part.services@free.fr,https://particuliers-services.webnode.fr/,,,,,,,,,,,,,no_mentions_page
c4445bc5-b4eb-4599-8cfd-6d3476265c67,FRED TOMA – Paysagiste à Saint-Brieuc,fredtoma.paysagiste@gmail.com,https://www.fredtoma.com/paysagiste-saint-brieuc/,,,,,,,,,,,,https://www.fredtoma.com/mentions-legales/,no_dirigeant_found
8233fd7e-cdd5-48ef-991b-e51a5511f1ab,PAYSAGE 2000,martin.armel@orange.fr,http://www.paysagiste-plestinlesgreves-martin.fr/,,,,,,,,,,,,https://www.paysagiste-plestinlesgreves-martin.fr/mentions-legales,no_dirigeant_found
7b9ec54c-8cbc-4eaa-b451-208dbb70fe7f,Arbor' Et Sens Paysage,contact@arboretsenspaysage.fr,https://arboretsenspaysage.fr/,CHRISTOPHE,LE JEUNE (LE JEUNE),CHRISTOPHE LE JEUNE (LE JEUNE),siret_insee,80855856300017,808558563,81.30Z,2014-12-10,03,29620,LANMEUR,https://arboretsenspaysage.fr/mentions-legales/,ok_insee
8481cfea-627d-473b-8f36-15b2bb95757c,Daniel Paysage - Les Jardins Costarmoricains,internet@qualite-info.fr,https://www.danielpaysage.com/?utm_source=gmb,HERVÉ EMMANUEL MARIE,BONITEAU,HERVÉ EMMANUEL MARIE BONITEAU,siret_insee,93748097800017,937480978,81.30Z,2024-11-15,NN,22200,LE MERZER,https://www.danielpaysage.com/?utm_source=gmb%2Fmentions-legales,ok_insee
65b9edb3-5682-44c1-8533-045dac64fd3d,L'Art du Jardin,contact@lart-du-jardin.fr,http://www.lart-du-jardin.fr/,,,,,,,,,,,,,no_mentions_page
4a84bc7e-877d-40c0-b3a1-8f4ed57a953a,Les amis du jardin,lesamisdujardin29@yahoo.fr,http://www.lesamisdujardin-paysagiste.fr/,JESTIN,PIERRE,JESTIN PIERRE,mentions_legales,,,,,,,,https://lesamisdujardin-paysagiste.fr/mentions-legales/,ok_mentions
c4f2c062-8c2b-4cc7-ad65-2ab14cd13799,Gueguen Paysages,gueguenpaysages@outlook.fr,http://gueguenpaysages.fr/,,,,,,,,,,,,https://gueguenpaysages.fr/mentions-legales/,no_dirigeant_found
47e7cb67-e448-44bf-804d-f64759c98f1e,J d B Paysage,contact@jdb-paysage.fr,http://www.jeanditbailleul-paysage.com/,Catherine E-mail,LE MERRER,Catherine LE MERRER E-mail,mentions_legales,,,,,,,,http://www.jeanditbailleul-paysage.com/mentions-legales/,ok_mentions
33276168-0bae-4fe1-aa60-39c9a7067bc4,DIM Jardins - Paysagiste à Irvillac,dim.jardins@gmail.com,http://dimjardins.com/,,,,,,,,,,,,,no_mentions_page
aec85f3a-58f6-437f-9bb8-2c05ca34f5f5,Qualité Services,j.lethomas@wanadoo.fr,http://espacevertlethomas.fr/,Le,Thomas,Le Thomas,mentions_legales,,,,,,,,https://qualite-services.fr/mentions-legales/,ok_mentions
0039940b-bd8c-455f-9f8b-8192d51ba9bb,DI MASSO SERVICES,contact@dimassoservices.com,http://www.dimassoservices.com/,,,,,,,,,,,,,no_mentions_page
cff3d618-ed3a-4d6a-989d-7b37e36ae801,Paysage d'éole,lannuzel.t@orange.fr,https://www.paysagiste-eole.com/,THIERRY,LANNUZEL (LANNUZEL),THIERRY LANNUZEL (LANNUZEL),siret_insee,49972741000015,499727410,81.30Z,2007-09-01,02,29810,PLOUARZEL,https://www.paysagiste-eole.com/mentions-legales,ok_insee
56ddbc7c-223e-4b58-bfd7-cc103ae6ae40,SARL Jacq Paysages,contact@jacq-paysages.fr,http://www.jacq-paysages.fr/,JEREMY,JACQ (JACQ),JEREMY JACQ (JACQ),siret_insee,81476649900010,814766499,81.30Z,2015-11-18,02,29217,PLOUGONVELIN,https://www.jacq-paysages.fr/mentions-legales.php,ok_insee
64037c06-4235-4d6f-8cbb-6893781f6629,Benja'Main Verte,bmv.paysage@gmail.com,https://www.benja-mainverte.com/?utm_medium=referral&utm_source=gmb&utm_campaign=lnk-gmb,,,,,,,,,,,,https://www.benja-mainverte.com/?utm_medium=referral&utm_source=gmb&utm_campaign=lnk-gmb/mentions-legales,no_dirigeant_found
4958242b-5266-444a-a707-87971ef913bd,Uni'vert Nature / Paysagiste,univert-nature@outlook.fr,https://www.univert-nature.fr/,,,,,,,,,,,,https://www.univert-nature.fr/mentions-legales/,no_dirigeant_found
a35154e1-5d66-4a36-9d18-99567794df9b,Jardin Service,contact@jardinservice29.fr,http://www.jardinservice29.fr/,CHARLENE,RIOU (MARZIN),CHARLENE RIOU (MARZIN),siret_insee,33488410300048,334884103,81.30Z,1985-10-01,21,29860,PLABENNEC,https://www.jardinservice29.fr/mentions-legales.php,ok_insee
fc040cf3-76e1-47ef-93a6-88e3eab1853f,MADEC Paysage à st martin des champs,charles.madec@sfr.fr,http://www.madec-paysage-morlaix.fr/?utm_source=gmb,,,,,,,,,,,,https://www.madec-paysage-morlaix.fr/?utm_source=gmb/mentions-legales,no_dirigeant_found
3dec7aa7-9820-4d9d-a46c-ab38b8032fae,Green Paysage - Aménagement extérieur Landivisiau,contact@green-paysage.bzh,http://www.greenpaysage.com/,,,,,,,,,,,,https://www.greenpaysage.com/mentions-legales/,no_dirigeant_found
dde19e1b-5fb8-4d4f-ad33-bd4b20659ffc,Paysage de la Rade,paysagedelarade@outlook.fr,http://paysagedelarade.fr/,,,,,,,,,,,,https://www.paysagedelarade.fr/mentions-legales/,no_dirigeant_found
d7461746-4eda-4b17-8e93-a6ff114c9762,SAS Coat Maen,contact@coatmaen.fr,http://www.coatmaen.fr/,TIPHAINE JEAN-CLAUDE,TOURY,TIPHAINE JEAN-CLAUDE TOURY,siret_insee,80833569900019,808335699,81.30Z,2014-12-05,NN,29470,PLOUGASTEL-DAOULAS,http://coatmaen.fr/mentions-legales/,ok_insee
8c7803eb-5645-4f24-9361-246f0e92d3f1,AM Jardin,contact@am-jardin.fr,http://www.am-jardin.fr/?utm_source=gmb,,,,,,,,,,,,,no_mentions_page
eaae15c6-94d8-44ef-8b1d-496bdd2f2f45,Cotes d'armor espace vert,dassonnevillelevi57@gmail.com,https://cotes-darmor-espace-vert.fr/,,,,,,,,,,,,,no_mentions_page
faa7fe9a-ec0d-471e-8420-74b017a185d1,Bro Leon Paysage,jean@dupont.fr,https://www.groupe-kerne.bzh/bro-leon-elagage/nos-services/bro-leon-paysage/,,,,,,,,,,,,,no_mentions_page
62763d26-c458-4cba-a237-f3b0bfdb95d8,A3 Paysage,contact@a3-paysage.fr,https://www.a3-paysage.fr/,,,,,,,,,,,,,no_mentions_page
1d254337-0c95-4dfe-a39b-a1e6492da38b,Jardins des 4 saisons,contact@eodys.fr,https://www.jardins-des-4-saisons.com/,,,,,,,,,,,,https://jardins-des-4-saisons.com/,no_dirigeant_found
7573afcd-be11-46c9-85c8-5468e10f405f,Arvor Paysage Services,damnaturepaysagiste29@gmail.com,https://www.dam-nature-paysagiste.fr/travaux-paysagers/#entretien-jardins,,,,,,,,,,,,https://www.dam-nature-paysagiste.fr/travaux-paysagers/#entretien-jardins/mentions-legales,no_dirigeant_found
7d7a4848-ac25-4910-8633-da109280259f,"Paysage Intérieur (rénovation, agencement, décoration de l'habitat)",paysageinterieur@gmail.com,http://paysageinterieur.wordpress.com/,,,,,,,,,,,,,no_mentions_page
c1c524ef-9b5f-4165-81ae-76fdea36bde7,Yann PIRIOU,contact@paysagistes.fr,https://www.paysagistes.fr/paysagistes/yann-piriou-plougastel/,ARNAUD,BOSCHET-COLOMBEL,ARNAUD BOSCHET-COLOMBEL,siret_insee,80779248600035,807792486,73.11Z,2014-10-23,NN,35000,RENNES,https://www.paysagistes.pro/mentions-legales/,ok_insee
4d540963-309d-474d-aef8-49a7f8db8766,Le Jardin de Nicolas,lejardindenicolas.saintrenan@gmail.com,http://www.lejardindenicolas.fr/,NICOLAS,CHEVILLOTTE (CHEVILLOTTE),NICOLAS CHEVILLOTTE (CHEVILLOTTE),siret_insee,81907108500016,819071085,81.30Z,2016-03-07,02,29290,SAINT-RENAN,https://lejardindenicolas.fr/fr/page/mentions-legales,ok_insee
2618b121-e98e-4099-ac0f-cd69e5552518,Paysage Création,contact@paysage-creation.com,http://www.paysage-creation.com/,,,,,,,,,,,,http://www.paysage-creation.com/mentions-legales/,no_dirigeant_found
cfb8d4ca-656c-4b19-a200-c284ad22fe47,Paysages et Jardins,contact@paysagesetjardins.fr,https://paysagesetjardins.fr/,,,,,,,,,,,,https://paysagesetjardins.fr/mentions-legales/,no_dirigeant_found
d1f70167-a7b8-498a-8511-ab2a8260663a,LH PAYSAGES,lhpaysages@gmail.com,https://lhpaysages.site-vistalid.fr/,CHRISTOPHE,LE HIR (LE HIR),CHRISTOPHE LE HIR (LE HIR),siret_insee,89477015500030,894770155,81.30Z,2021-03-01,01,29217,PLOUGONVELIN,https://lhpaysages.fr/fr/page/mentions-legales,ok_insee
888c2b71-1af5-4bfd-9722-8a62f4ef66f3,Ambiance nature,ambiancenature29@gmail.com,http://www.ambiancenature29.fr/,,,,,,,,,,,,https://www.ambiancenature29.fr/mentions-legales,no_dirigeant_found
cc5add92-2866-46f6-9b08-ae0b164743e5,Le Roux Jardin,damienleroux@orange.fr,https://www.leroux-jardin.fr/,DAMIEN,LE ROUX (LE ROUX),DAMIEN LE ROUX (LE ROUX),siret_insee,88493790500013,884937905,81.30Z,2020-06-12,02,29280,PLOUZANE,https://www.leroux-jardin.fr/mentionslegales,ok_insee
84475ad4-5b15-44e6-8dad-f5585d516f93,LANTANA JARDIN D'IRIS,cgenvironnement@groupe-lantana.fr,https://www.lantanapaysage.fr/a-proximite-de-chez-vous/lantana-jardin-d-iris-paysagiste-finistere-brest-lesneven-29/?utm_source=gmb&utm_medium=organic&utm_campaign=gmb_website,,,,,,,,,,,,https://www.lantanapaysage.fr/a-proximite-de-chez-vous/lantana-jardin-d-iris-paysagiste-finistere-brest-lesneven-29/?utm_source=gmb&utm_medium=organic&utm_campaign=gmb_website/mentions-legales,no_dirigeant_found
ae0efea7-5221-4d5e-83fc-f915798ae039,Les jardins Lencot,lesjardinslencot@gmail.com,http://www.lesjardinslencot.fr/,,,,,,,,,,,,https://lesjardinslencot.fr/mentions-legales/,no_dirigeant_found
a68aef7c-cc04-481c-9aa6-233b83ddb604,Crea'Roc Paysages,crearoc@orange.fr,https://www.crearoc.com/contact?utm_source=gmb,,,,,,,,,,,,https://www.crearoc.com/contact?utm_source=gmb/mentions-legales,no_dirigeant_found
41528ca3-99ec-42a3-9d91-d81f18ee5bee,AUTRET PAYSAGE,contact@autretpaysage.fr,http://www.autretpaysage.fr/,Cédric,AUTRET,Cédric AUTRET,mentions_legales,,,,,,,,https://www.autretpaysage.fr/mentions-legales/,ok_mentions
cb9fac97-873e-4ba9-8983-a9935271a3f9,E.T.R. Cabon J-G Débroussaillage et rognage de souches,etr.cabon.jg@gmail.com,http://www.etr-cabon-jg.com/,JEAN-GOULVEN,CABON,JEAN-GOULVEN CABON,siret_insee,85126462200016,851264622,81.30Z,2019-07-01,NN,29260,SAINT-FREGANT,https://www.etr-cabon-jg.com/copie-de-contact,ok_insee
354043ae-f27e-4b61-a582-eb16ecf2ca50,Eau Pierre Bois,contact@eaupierrebois.fr,https://www.eaupierrebois.fr/,,,,,,,,,,,,,no_mentions_page
335caff7-321f-47b3-b70c-b67199d45368,Dam Nature Paysagiste,damnaturepaysagiste29@gmail.com,https://www.dam-nature-paysagiste.fr/,,,,,,,,,,,,https://www.dam-nature-paysagiste.fr/mentions-legales/,no_dirigeant_found
20a47811-2709-4b03-8708-639e546c8fbe,Prigent Paysagiste,contact@prigentpaysage.fr,https://prigentpaysage.fr/,Philippe,PRIGENT,Philippe PRIGENT,mentions_legales,95388484800029,,,,,,,https://www.prigentpaysage.fr/mentions-legales/,ok_mentions
29984237-d8bd-4327-85f0-2b989344cfdf,Jourdren Thierry,isabelle.jourdren@orange.fr,https://www.jourdren-paysagiste.com/,,,,,,,,,,,,,no_mentions_page
2ab58a4c-174b-43e2-85d5-ee4fda093b4e,Atlantic Paysage,atlanticpaysage29@gmail.com,http://atlanticpaysage-plonevezporzay.site-solocal.com/,YOANN,BARICAULT,YOANN BARICAULT,siret_insee,80378054300010,803780543,81.30Z,2014-08-01,01,29550,PLONEVEZ-PORZAY,https://atlanticpaysage-plonevezporzay.site-solocal.com/mentionslegales,ok_insee
42613790-017b-471f-b9f5-8d6bf0b8bcfd,Burel Paysage,buhenri@wanadoo.fr,https://www.burelpaysage.fr/,,,,,,,,,,,,https://www.burelpaysage.fr/mentionslegales,no_dirigeant_found
5b3c37af-6ae4-4632-bd4a-8db9f0d01d07,Garden Concepts paysagiste - agence de Ploudalmézeau,contact@garden-concepts.fr,http://www.garden-concepts.bzh/,FLORIAN,LE HIR (LE HIR),FLORIAN LE HIR (LE HIR),siret_insee,81123836900029,811238369,81.30Z,2015-04-29,03,29830,PLOUDALMEZEAU,http://www.garden-concepts.bzh/mentions-legales/,ok_insee
7b30d7c6-be2b-4576-9f69-dd0964913e01,Carre Vert Paysages,contact@carrevertpaysages.fr,https://www.carrevertpaysages.fr/,Maxime,MENEZ,Maxime MENEZ,mentions_legales,,,,,,,,https://carrevertpaysages.fr/mentions-legales/,ok_mentions
b705ff99-5fe8-4419-b6f2-d7924383421a,Atout Paysage,contact@atout-paysage-22.com,https://atout-paysage-22.com/,,,,,,,,,,,,https://atout-paysage-22.com (home),no_dirigeant_found
0ab41a94-782f-4b66-89ff-4c7b25765567,Paysages D'Iroise,paysages-iroise@contact.com,http://www.paysagesdiroise.fr/,DANIEL,KESSOUS,DANIEL KESSOUS,siret_insee,41262702800027,412627028,81.30Z,1997-04-01,12,29290,MILIZAC-GUIPRONVEL,https://www.paysagesdiroise.fr/mentions-legales.php,ok_insee
f8045c10-34aa-49de-8914-424e6a217657,DANIELOU PAYSAGE,danielou.paysage29@gmail.com,https://www.danielou-paysage-paysagiste.fr/,,,,,,,,,,,,https://danielou-paysage-paysagiste.fr/mentions-legales,no_dirigeant_found
dc3b9893-8619-4aa8-b889-5972dc01ef3a,Nature Concept,natureconcept29@gmail.com,https://www.natureconcept29.fr/,,,,,,,,,,,,https://natureconcept29.fr/mentions-legales,no_dirigeant_found
12cdf3aa-434c-4ccc-a982-af8c58c3f2ae,Mevel Paysage,contact@mevel-paysage.com,http://www.mevel-paysage.com/,LAURENT,ALLARD (ALLARD),LAURENT ALLARD (ALLARD),siret_insee,42476141900045,424761419,63.11Z,1999-10-15,42,59100,ROUBAIX,http://mevel-paysage.com/mentions-legales/,ok_insee
fe7cbc49-31b2-423c-802a-14b6e8b761ef,Presqu'île Paysage,contact@presquilepaysage.pro,https://presquile-paysage.fr/,Martin,Fertil,Martin Fertil,mentions_legales,,,,,,,,https://presquile-paysage.fr/mentions-legales/,ok_mentions
b005fdc6-ef9b-481e-8eee-40102cb8c9da,Pierres et Paysages,mj@pierresetpaysages.bzh,https://www.pierresetpaysages.bzh/contact/,MARKUS,JENNY,MARKUS JENNY,siret_insee,42396625800026,423966258,81.30Z,1999-08-14,01,29770,PLOGOFF,https://www.pierresetpaysages.bzh/mentions-legales/,ok_insee
6a9c5676-9564-458b-bcf9-f0e9e9471dab,Garden Park Concept - Agence de Brest - Revêtements extérieurs de qualité,contact@clairecottais.com,https://gardenparkconcept.com/agences-amenagements-exterieurs/garden-park-concept-brest/,Gregory,ARNOLDI,Gregory ARNOLDI,mentions_legales,,,,,,,,https://gardenparkconcept.com/mentions-legales/,ok_mentions
566f29da-59ec-440a-9ce5-71dfc6fdb3ad,Bois et Jardin,contact@boisetjardin.bzh,https://www.boisetjardin.bzh/,,,,,,,,,,,,https://www.boisetjardin.bzh/mentions-legales/,no_dirigeant_found
8541cfa5-275d-4a6a-94fd-5f4f72cb24d5,Fred Taille & Tonte,fredericstravius.servicejardin@gmail.com,https://taille-et-tonte.com/,FREDERIC GUY CHARLY,STRAVIUS (STRAVIUS),FREDERIC GUY CHARLY STRAVIUS (STRAVIUS),siret_insee,84937360000030,849373600,81.21Z,2019-04-01,NN,29910,TREGUNC,https://taille-et-tonte.com/mentions-legales,ok_insee
f8a77eb2-412a-45af-a6af-40c344144b91,MJ Paysage 29,mjpaysage29@gmail.com,http://www.mjpaysage29.com/,,,,,,,,,,,,https://www.mjpaysage29.com/mentions-l%C3%A9gales,no_dirigeant_found
c3c0e5c9-662f-4327-96dc-27bd95ca1fd0,Sema Paysage,semapaysage@orange.fr,http://www.sema-paysage.fr/,SEBASTIEN,MAUBANC (MAUBANC),SEBASTIEN MAUBANC (MAUBANC),siret_insee,81526614300016,815266143,81.30Z,2016-01-02,02,29860,PLABENNEC,https://www.sema-paysage.fr/mentions-legales,ok_insee
b1db9053-ca4e-4fb1-b01c-1a4130210a06,Pavec Paysages,contact@pavec-paysages.fr,http://www.pavec-paysages.fr/,LIONEL,PAVEC,LIONEL PAVEC,siret_insee,44286117500028,442861175,81.30Z,2002-07-02,01,29100,LE JUCH,https://www.pavec-paysages.fr/mentionslegales,ok_insee
36a3e929-1545-491d-8794-f06d391af6e7,Kerinval Entretien,pepinieresdekerinval@orange.fr,https://pepinieres-de-kerinval.fr/,XAVIER JEAN FRANCOIS,KUENTZ,XAVIER JEAN FRANCOIS KUENTZ,siret_insee,40155097500015,401550975,35.11Z,1995-07-01,02,29120,SAINT-JEAN-TROLIMON,https://pepinieres-de-kerinval.fr,ok_insee
e678eb19-a517-4353-a19b-b77270db2e04,Abers Paysages,abers.paysage@wanadoo.fr,https://abers-paysage.fr/,,,,,,,,,,,,https://abers-paysage.fr/mentions-legales/,no_dirigeant_found
eff37949-6f9c-4562-b0af-e887de69336f,A-mar paysage et urbanisme,contact@a-mar-paysage.fr,http://www.a-mar-paysage.fr/,,,,,,,,,,,,,no_mentions_page
d114383d-9c4c-44da-9670-e1aabdd25283,marie cultive...,mariecultive29@gmail.com,http://www.mariecultive.com/,MARIE,CARPENTIER,MARIE CARPENTIER,siret_insee,92048476300015,920484763,81.30Z,2022-10-07,NN,29100,LE JUCH,https://www.mariecultive.com/blank-hvtye,ok_insee
e16b515c-f936-4fbb-bac3-641c7c7410de,Onesime Paysage,contact@onesime-paysage.fr,http://www.onesime-paysage.fr/,,,,,,,,,,,,,no_mentions_page
709a392d-d287-4421-83ff-ec997a36dde6,Cornouaille Jardin,contact@cornouaille-jardin.fr,http://www.cornouaille-jardin.fr/,,,,,,,,,,,,https://www.cornouaille-jardin.fr/mentions-legales/,no_dirigeant_found
5ee916a8-e124-40b5-9205-90d6842a9473,EP - Paysagiste,ep.paysagiste@eleonorepetitpas.fr,https://www.eleonorepetitpas.fr/,ELÉONORE,PETITPAS,ELÉONORE PETITPAS,siret_insee,80323475600028,803234756,71.12B,2014-07-01,NN,29140,ROSPORDEN,https://www.eleonorepetitpas.fr/mentions-legales,ok_insee
01b3c0ea-b5dd-4002-97ae-a4e891dce980,Aquaterra paysages,aquaterra56paysages@gmail.com,https://www.aquaterrapaysages56.fr/,MAXENCE,SIMON,MAXENCE SIMON,siret_insee,94407188500015,944071885,81.30Z,2025-05-05,NN,56620,CLEGUER,https://www.aquaterrapaysages56.fr/mentions-legales,ok_insee
5eaf5018-240e-4411-8efe-fcc0a47282bb,BELLOCQ PAYSAGES - Paysagiste Quimper,contact@bellocq-paysages.fr,http://www.bellocqpaysages.com/,Pierrick,Bellocq,Pierrick Bellocq,mentions_legales,,,,,,,,https://www.bellocqpaysages.com/mentions-legales/,ok_mentions
2b88f355-3d33-4bcc-a8a4-11b9fa997a4c,SAS le Gall Paysages,legall.paysages@gmail.com,http://www.legallpaysages.fr/,,,,,,,,,,,,https://www.legallpaysages.fr/mentions-legales,no_dirigeant_found
322656af-bca5-4d63-903d-c0ac3561db8b,E.M.C Paysages,contact@emc-paysages.fr,https://www.emc-paysages29.fr/,SYLVAIN,QUINTANEL,SYLVAIN QUINTANEL,siret_insee,50878955900020,508789559,81.30Z,2008-10-29,03,29290,MILIZAC-GUIPRONVEL,https://emc-paysages29.fr/fr/page/mentions-legales,ok_insee
247ce086-0841-45a8-9ada-fae07b92393b,JM Paysage,smart.journey.prober@gmail.com,https://business.google.com/n/17228271402323509500/photos?sa=X&ved=2ahUKEwjY-fStg-aKAxWqWUEAHf4UCNkQpx96BAhNEBA,,,,,,,,,,,,https://accounts.google.com/v3/signin/identifier?continue=https%3A%2F%2Fbusiness.google.com%2Fn%2F17228271402323509500%2Fphotos%3Fsa%3DX%26ved%3D2ahUKEwjY-fStg-aKAxWqWUEAHf4UCNkQpx96BAhNEBA%2Fmentions-legales&dsh=S-919572797%3A1778771948450181&followup=https%3A%2F%2Fbusiness.google.com%2Fn%2F17228271402323509500%2Fphotos%3Fsa%3DX%26ved%3D2ahUKEwjY-fStg-aKAxWqWUEAHf4UCNkQpx96BAhNEBA%2Fmentions-legales&passive=1209600&service=searchandassistant&flowName=GlifWebSignIn&flowEntry=ServiceLogin&ifkv=AWa2PavaGb20_9iVbVARlnhuDwNzbG99n1fwRtZ07BjlHxQ6BUPvDSJM_s1qC6qgfk8x9h8nIBv-hA,no_dirigeant_found
fce7c0f3-9fef-483b-9200-2a9274301106,DANIEL Paysage,contact@daniel-paysages.bzh,http://www.daniel-paysages.bzh/,YANNICK,DANIEL (DANIEL),YANNICK DANIEL (DANIEL),siret_insee,45370970100024,453709701,01.61Z,2004-05-01,11,29120,PLOMEUR,https://www.daniel-paysages.bzh/mentions-legales/,ok_insee
98158e07-cd2c-4873-a509-3c15945ff69c,Fancy,contact@fancy-paysagiste.fr,https://fancy-paysagiste.fr/,,,,,,,,,,,,https://fancy-paysagiste.fr/mentions-legales/,no_dirigeant_found
ff224093-4416-4ac7-9e0d-b2ce10915a87,IPCS PLOMBERIE CLIMATISATION CHAUFFAGE,thomas.mercier@plombier-49.com,http://www.plombier-49.com/,,,,,,,,,,,,,no_mentions_page
bfe80c79-137c-4845-b201-1bfb3bb42adc,Quéré Paysages - Paysagiste et Elagueur Quimper et Finistère Sud,adrienquere@hotmail.fr,https://www.quere-paysages.com/,,,,,,,,,,,,https://www.quere-paysages.com (home),no_dirigeant_found
e017011f-a97f-4f12-9373-1b8d57306dee,BOULIC PAYSAGES - ENTRETIEN & CREATION,pa.paysage@gmail.com,https://www.boulicpaysages.fr/,PIERRE- ALEXANDRE PIERRE ALEXANDRE,BOULIC,PIERRE- ALEXANDRE PIERRE ALEXANDRE BOULIC,siret_insee,52185539500013,521855395,81.30Z,2010-04-15,03,29140,MELGVEN,https://www.boulicpaysages.fr/mentions-legales,ok_insee
bd991dc9-ac4a-480d-97d0-bdea8475ee31,L jardins - paysagiste - jardinier - Quimper,contact@ljardins.com,https://www.ljardins.com/,LAURENT,FLOCH,LAURENT FLOCH,siret_insee,92775890400019,927758904,81.30Z,2024-04-15,NN,29720,PLONEOUR-LANVERN,https://www.ljardins.com/politique-confidentialite-rgpd/,ok_insee
5a1ca59e-c68a-477e-8872-ecaa5baceae9,Amzer Paysage,contact@amzer-paysage.fr,http://www.amzer-paysage.fr/,,,,,,,,,,,,http://www.amzer-paysage.fr (home),no_dirigeant_found
67f80f75-697d-4a53-a124-016b20cb06a2,LE BRAS PAYSAGE,tonylebras56@gmail.com,https://www.lebraspaysage.fr/,,,,,,,,,,,,https://www.lebraspaysage.fr/mentions-legales/,no_dirigeant_found
78bda263-130d-4b04-8ffe-e35da2d67b17,Jardin & Services,jardiservices29@gmail.com,http://jardiservices.bzh/,,,,,,,,,,,,,no_mentions_page
72c4da3d-c47b-4b17-bf36-6175262f040b,Greeen | Paysagiste conseil - Conception d'extérieur,contact@greeen.fr,https://www.greeen.fr/,,,,,,,,,,,,https://greeen.fr/cgv/,no_dirigeant_found
9bd5a1be-418d-4fd7-8b38-ac9bf7232d52,ID Paysages,contact@id-paysages.com,http://id-paysages.com/,JULIEN,FLOCH,JULIEN FLOCH,siret_insee,82945528600015,829455286,81.30Z,2017-05-02,11,29950,GOUESNACH,http://www.id-paysages.com/mentions-legales/,ok_insee
27af5da6-163a-4e05-8f34-71d6be049c00,LES JARDINIERS BRETONS,lesjardiniersbretons29@gmail.com,http://www.lesjardiniersbretons.com/,,,,,,,,,,,,,no_mentions_page
035e6093-e871-4f20-98a4-c85011971b6e,Solstice Paysage,contact@solstice-paysage.fr,https://www.solstice-paysage.fr/,,,,,,,,,,,,,no_mentions_page
1a9de0a1-0c52-4d6d-a554-53267ee9cb55,"La Plume des Jardins,Paysagiste conseil",contact@laplumedesjardins.com,http://www.laplumedesjardins.com/,CATHERINE FRANCOISE EVELYNE,BARBIER,CATHERINE FRANCOISE EVELYNE BARBIER,siret_insee,79157750500047,791577505,71.11Z,2013-03-04,NN,29370,CORAY,http://www.laplumedesjardins.com/mentions-legales/,ok_insee
4318ff5d-23cd-461c-8609-36d522099a88,Champion Sebastien,champion.sebastien@yahoo.fr,https://www.champion-sebastien-paysagiste.com/?utm_source=gmb,,,,,,,,,,,,https://www.champion-sebastien-paysagiste.com/?utm_source=gmb/mentions-legales,no_dirigeant_found
573baa17-5ed4-46a4-8069-2c95dc95d2da,Lanier Léo,leo.lanier@laposte.net,http://leolanier.fr/,LEO IVAN LEO IVAN,LANIER (LANIER),LEO IVAN LEO IVAN LANIER (LANIER),siret_insee,49764808900033,497648089,81.30Z,2007-04-16,NN,29350,MOELAN-SUR-MER,http://leolanier.fr/mentions-legales/,ok_insee
430d026c-691b-4441-b3cc-a9f721b33174,L'Atelier du Paysage,contact@latelierdupaysage.fr,http://latelierdupaysage.fr/,Ludovic e-mail,FRANÇOIS,FRANÇOIS Ludovic e-mail,mentions_legales,,,,,,,,https://latelierdupaysage.fr/mentions-legales/,ok_mentions
fd785f2f-1635-480a-9a86-d51d9145a806,Jardin du Golfe,contact@jardindugolfe.fr,https://www.jardindugolfe.fr/,,,,,,,,,,,,https://www.jardindugolfe.fr,no_dirigeant_found
a1773a0e-c7c9-4653-a498-700921371be4,Gouzien Paysage,contact@gouzien-paysage.fr,https://www.gouzien-paysage.fr/,,,,,,,,,,,,,no_mentions_page
583dafc8-0552-43c8-991c-e59a864d7a8e,Jc Parcs et Jardins,julien.cols29@gmail.com,http://www.jc-parcs-et-jardins.fr/,JULIEN,COLS (COLS),JULIEN COLS (COLS),siret_insee,50506997100024,505069971,81.30Z,2008-07-07,01,29500,ERGUE GABERIC,https://jc-parcs-et-jardins.fr/mentions-legales/,ok_insee
46e65922-f3a9-42cc-9a23-c0b129ce29a1,Roc'h Armor paysagiste,contact@roch-armor.fr,https://www.roch-armor.fr/,GAYLORD JÉRÔME LOUIS,CROCHARD,GAYLORD JÉRÔME LOUIS CROCHARD,siret_insee,92802273000016,928022730,81.30Z,2024-04-17,NN,56470,SAINT-PHILIBERT,https://www.roch-armor.fr/mention-l%C3%A9gal-politique-de-confidentialit%C3%A9,ok_insee
fbbdfb05-9df1-4de7-9ee9-1e4b6015943d,Jardins Faouetais,angelique.tual@orange.fr,http://www.jardinsfaouetais.fr/?utm_medium=referral&utm_source=gmb&utm_campaign=lnk-gmb,,,,,,,,,,,,https://www.jardinsfaouetais.fr/?utm_medium=referral&utm_source=gmb&utm_campaign=lnk-gmb/mentions-legales,no_dirigeant_found
630a9561-0008-4f5b-9724-aef6cb0c50f4,Eclats de Verts,eclatsdeverts@gmail.com,http://eclatsdeverts.free.fr/,,,,,,,,,,,,,no_mentions_page
8b4df79d-67d1-46c7-8a2c-9762d3c470a5,PHILIPPE LE ROUZIC PAYSAGISTE,philippe.le-rouzic@orange.fr,http://www.lerouzic-philippe-paysagiste.fr/,CHARLES PHILIPPE LOIC,LE ROUZIC (LE ROUZIC),CHARLES PHILIPPE LOIC LE ROUZIC (LE ROUZIC),siret_insee,84393171800012,843931718,81.30Z,2018-11-01,11,56400,PLOEMEL,https://www.lerouzic-philippe-paysagiste.fr/mentions-legales/,ok_insee
e9148b70-e714-4051-a6d3-d89a676a08ba,Kerne Paysage Fouesnant,jean@dupont.fr,https://www.groupe-kerne.bzh/kerne-paysage-quimper-morlaix-fouesnant/,,,,,,,,,,,,,no_mentions_page
08eddce3-7cba-47ad-a127-f38b57ac0c67,LD Paysage - Création et Aménagement de Jardin,ld.paysage.29@gmail.com,https://www.paysagiste-lediodic.fr/,,,,,,,,,,,,https://www.paysagiste-lediodic.fr/,no_dirigeant_found
6e59bf14-77b1-4fe8-90e0-dd008d3fca0c,Les Tontons - Paysage [Bureau],lestontons.paysage@gmail.com,https://www.lestontons-paysage.com/,,,,,,,,,,,,https://www.lestontons-paysage.com/mentions-l%C3%A9gales,no_dirigeant_found
20af0167-137c-45e3-9e91-51b0516cc5c7,Ttc Elagage Paysage,nicolas.guirinec@orange.fr,http://www.ttc-elagage-paysage.fr/?utm_medium=referral&utm_source=gmb&utm_campaign=lnk-gmb,,,,,,,,,,,,https://www.ttc-elagage-paysage.fr/?utm_medium=referral&utm_source=gmb&utm_campaign=lnk-gmb/mentions-legales,no_dirigeant_found
407d0a64-9082-453d-bc62-676a66e8415d,Jardin Passion,contact@jardinpassion56.fr,http://www.jardinpassion56.fr/,,,,,,,,,,,,https://www.jardinpassion56.fr/mentions-legales/,no_dirigeant_found
a4fbfb23-c358-422f-bd92-bf0aec4a789c,Les Jardiniers Bretons,contact@green-paysage.bzh,http://www.greenpaysage.com/,,,,,,,,,,,,https://www.greenpaysage.com/mentions-legales/,no_dirigeant_found
896ef557-ced3-4a2b-94d9-e23ee50c3ffe,Abélia Paysages SARL,communicationabeliagarden@gmail.com,http://www.paysagiste-abelia-morbihan.fr/,SEBASTIEN,KERZERHO (KERZERHO),SEBASTIEN KERZERHO (KERZERHO),siret_insee,42945620500013,429456205,81.30Z,2000-02-09,03,56150,BAUD,https://www.paysagiste-abelia-morbihan.fr/mentionslegales,ok_insee
e15c3bc7-fd31-4243-9d59-8a132cdb97d5,QUINQUIS PAYSAGES,contact@quinquis-paysages.fr,https://www.quinquis-paysages.fr/,,,,,,,,,,,,https://quinquis-paysages.fr/conditions-generales-de-vente,no_dirigeant_found
3f13a61a-0f9a-4df0-b78e-33e2833ba550,Abel Paysages Marzan,a.renard@abelpaysages.com,http://www.abelpaysages.com/,,,,,,,,,,,,https://www.abelpaysages.com/mentions-legales,no_dirigeant_found
169887a1-93b8-4b2e-916e-d792f715e067,Arbora Paysages,arborapaysages@hotmail.com,https://arbora-paysages.fr/,Sebastien,D,Sebastien D,mentions_legales,,,,,,,,https://arbora-paysages.fr/mentions-legales/,ok_mentions
d6eb7fc0-a9cf-479f-87c4-88e60636d016,Paysagiste Concepteur DPLG - Atelier du Taillis,atelierdutaillis@gmail.com,https://www.atelierdutaillis.fr/,,,,,,,,,,,,,no_mentions_page
4dc1b0dd-f6d4-4672-bacb-cf3bcab7d709,Touré Paysages,contact@tourepaysages.fr,https://www.tourepaysages.fr/fr/jardinier,MOUSSA,TOURE,MOUSSA TOURE,siret_insee,81371407800017,813714078,81.30Z,2015-09-21,NN,44410,HERBIGNAC,https://www.tourepaysages.fr/fr/jardinier/mentions-legales,ok_insee
446799be-2e5f-4d02-b8d4-c1b0b357c4ce,Déméter Paysagisme / Paysagiste Vannes / Paysagiste Auray / Paysagiste Morbihan,demeter.paysagisme@laposte.net,https://demeterpaysagisme.fr/,DAMIEN,LE BORGNE (LE BORGNE),DAMIEN LE BORGNE (LE BORGNE),siret_insee,51221491700027,512214917,81.30Z,2009-05-25,03,56390,LOCMARIA-GRAND-CHAMP,https://demeterpaysagisme.fr/mentions-legales/,ok_insee
deb138a3-2d4c-4102-96a4-594292ed0870,Ropert Paysages,accueil@ropert-paysages.com,http://www.ropert-paysages.com/,,ROPERT,ROPERT,mentions_legales,,,,,,,,https://www.ropert-paysages.com/mentions-legales,ok_mentions
b0ad64d9-3fc9-4609-9426-4ec686e9e6e4,C&L GUEGUEN PAYSAGE,contact@gueguen-paysage.fr,http://gueguen-paysage.fr/,,,,,,,,,,,,https://www.gueguen-paysage.fr/mentions-legales/,no_dirigeant_found
820cbe4e-b388-4571-8e7a-f4995442e8c9,La Passion Du Paysage,jerome@lapassiondupaysage.fr,http://www.lapassiondupaysage.fr/,est Jerome,BOUGUENNEC,est Jerome BOUGUENNEC,mentions_legales,,,,,,,,https://lapassiondupaysage.fr/mentions-legales/,ok_mentions
ffabf665-ab0f-47b2-9a6f-6d16d2507b0f,Nature Création,contact@nature-creation56.com,http://www.nature-creation56.com/,,,,,,,,,,,,https://www.nature-creation56.com,no_dirigeant_found
04a68865-013f-458c-8095-7b5021e7eb81,Kerne Élagage,jean@dupont.fr,http://www.kerne-elagage.bzh/,,,,,,,,,,,,,no_mentions_page
d52f4103-4980-46ba-b3bc-134a5913c2a9,Cleudic Paysage,cleudicfreres@cleudic-paysages.fr,http://www.cleudic-paysages.fr/,,,,,,,,,,,,,no_mentions_page
8aa9dc04-2355-4e75-b39c-1395730c9441,Avel Paysages,avel.paysages@gmail.com,http://avelpaysages.fr/,YOANN,KERMAIDIC (KERMAIDIC),YOANN KERMAIDIC (KERMAIDIC),siret_insee,83896905300043,838969053,81.30Z,2018-05-02,00,29140,SAINT-YVI,https://www.avelpaysages.fr/mentions-legales/,ok_insee
2185afc9-81e4-4169-883f-1b699ab179ef,EJC paysage fouesnant,ejc.paysage@gmail.com,https://gratuit-4870450.webadorsite.com/,,,,,,,,,,,,https://gratuit-4870450.webadorsite.com (home),no_dirigeant_found
d4bb5c82-3516-4b24-a555-84d3189db02f,Belle-Ile Arbres & Paysages,contact@arbresetpaysages.com,http://www.belleile-arbresetpaysages.com/,,,,,,,,,,,,http://www.belleile-arbresetpaysages.com/mentions-legales/,no_dirigeant_found
5a2e26d9-ab8a-4f70-bf31-acb337136c5d,L'Ère du bois - élagueur - paysagiste & menuisier Morbihan 56,leredubois56@gmail.com,http://leredubois.com/,Reflets,de Soi,Reflets de Soi,mentions_legales,,,,,,,,https://leredubois.com/mentions-legales/,ok_mentions
5f554285-df57-4b03-a93e-e210c99e3ced,Sygui Paysage,contact@sygui-paysage.fr,https://sygui-paysage.fr/,,,,,,,,,,,,https://sygui-paysage.fr/mentions-legales/,no_dirigeant_found
7e11b66f-e598-4f30-8843-bec53d36aa7c,Les jardins de Cosquer,00035bienvenue@laconfiserie.fr,https://www.paysagistes.pro/paysagistes/jardins-cosquer-ambon/,ARNAUD,BOSCHET-COLOMBEL,ARNAUD BOSCHET-COLOMBEL,siret_insee,80779248600035,807792486,73.11Z,2014-10-23,NN,35000,RENNES,https://www.paysagistes.pro/mentions-legales/,ok_insee
683a9bab-4138-4c63-a083-8bcf717c1be5,Côte et Jardins,contact@cote-et-jardins.com,https://www.cote-et-jardins.com/,,,,,,,,,,,,https://www.cote-et-jardins.com/about/mentions-legales,no_dirigeant_found
56928fc7-d76f-4f3d-9a6f-a406de6b2fc0,Ar Men Jardins,contact@grouplive.net,https://www.armen-jardin.com/,,,,,,,,,,,,https://www.armen-jardin.com/mentions-legales,no_dirigeant_found
ad20727f-4956-40ab-8bd5-a94efbf21ecf,Eurl Lino Jardins,lino.jardin@orange.fr,http://www.linojardins.fr/,ESTEBAN,EGEA Y CERDA,ESTEBAN EGEA Y CERDA,siret_insee,43130377500016,431303775,63.11Z,2000-05-02,02,57200,SARREGUEMINES,https://linojardins.fr/mentions-legales/,ok_insee
e93ccfb1-2a8a-4cab-a0ea-6d70979e58f0,Diavaez par Bruandet Paysage,contact@diavaez.fr,https://www.diavaez.fr/?utm_source=gmb,,,,,,,,,,,,https://www.diavaez.fr/?utm_source=gmb/mentions-legales,no_dirigeant_found
b559077c-dd25-47de-8237-8b8cb0333826,Ailleurs Paysage,ailleurs.paysage@gmail.com,https://www.ailleurspaysage.com/,,,,,,,,,,,,,no_mentions_page
4dea7428-e824-4137-be83-a8db5c0e2669,Deco Paysagère,contact@deco-paysagere.fr,https://www.deco-paysagere.fr/,DAPHNE FREDERIQUE,GALERNE (DUFOUR),DAPHNE FREDERIQUE GALERNE (DUFOUR),siret_insee,80934202500016,809342025,46.49Z,2015-02-01,01,56500,PLUMELIN,https://www.deco-paysagere.fr/mentions-legales,ok_insee
3f76cb13-1485-4b48-a715-e343fac5eb57,mineral paysage,00035bienvenue@laconfiserie.fr,https://www.paysagistes.pro/paysagistes/mineralpaysage-locoal-mendon/,ARNAUD,BOSCHET-COLOMBEL,ARNAUD BOSCHET-COLOMBEL,siret_insee,80779248600035,807792486,73.11Z,2014-10-23,NN,35000,RENNES,https://www.paysagistes.pro/mentions-legales/,ok_insee
d789d2da-4f66-40f3-8437-bf4cc081f829,Pro Paysages,contact@creacom-communication.fr,https://pro-paysages-56.fr/,ESTEBAN,EGEA Y CERDA,ESTEBAN EGEA Y CERDA,siret_insee,43130377500016,431303775,63.11Z,2000-05-02,02,57200,SARREGUEMINES,https://pro-paysages-56.fr/mentions-legales/,ok_insee
aa55f115-d68b-4bdc-8278-79a48ee6aa5b,Taillenvert Paysage,taillenvert@wanadoo.fr,https://www.taillenvert.fr/,JEROME,HASCOËT,JEROME HASCOËT,siret_insee,95288057300011,952880573,81.30Z,2023-05-25,02,56530,GESTEL,https://www.taillenvert.fr/mentions-legales/,ok_insee
0679c8ad-4cb9-4930-a053-ee19a56d1e6d,Mj paysage,mlandoin@gmail.com,https://www.mjpaysage.fr/,,,,,,,,,,,,https://www.mjpaysage.fr/mentions-legales/,no_dirigeant_found
a46a02ef-acbb-4006-ae34-eed75edf602a,Chic Jardin,chic.jardin@orange.fr,http://www.chicjardin.com/,,,,,,,,,,,,http://www.chicjardin.com/mentions-legales/,no_dirigeant_found
14dd443d-1d6b-4be8-bcd0-6214450d2634,Le Blévenec Paysage,leblevenecpaysage@gmail.com,https://www.leblevenecpaysage.fr/,SIMON MARCEL,LE BLEVENEC,SIMON MARCEL LE BLEVENEC,siret_insee,98250816000016,982508160,81.30Z,2023-12-13,NN,56400,PLOUGOUMELEN,https://www.leblevenecpaysage.fr/mentions-legales/,ok_insee
b8cf2f9b-b675-4c96-9a63-57efd26fc4f2,Henri Mignon Paysagiste,contact@henri-mignon.fr,http://www.henri-mignon.fr/,EDOUARD ENZO JOSEPH,MIGNON,EDOUARD ENZO JOSEPH MIGNON,siret_insee,40411325000025,404113250,81.30Z,1996-03-01,12,56700,KERVIGNAC,https://www.henri-mignon.fr/legal/mentions-legales,ok_insee
ab091737-bd9f-4426-97ac-9b3b47f239ad,Le Belzac Didier Paysage,didierlebelzac-paysage@orange.fr,http://www.lebelzac-paysagiste-auray.fr/,,,,,,,,,,,,https://www.lebelzac-paysagiste-auray.fr/mentionslegales,no_dirigeant_found
96bbde53-32bc-429e-a378-a881a2ae3093,EDERA PAYSAGE | Paysagiste | Presqu'île de Rhuys - Damgan - Muzillac - Sarzeau,ederapaysage@gmail.com,https://www.ederapaysage.fr/,,,,,,,,,,,,https://www.ederapaysage.fr/,no_dirigeant_found
7e48fc2c-4d3f-4c23-8dda-72710834a7bc,Créa'Paysage Ploemeur,contact@creapaysage.com,https://www.creapaysage-piscine.com/,,,,,,,,,,,,https://www.creapaysage-piscine.com/mentions-legales/,no_dirigeant_found
00b4091c-2225-4bc9-8ace-fc9099149dbc,Le Sommer Jardin,lesommer2@wanadoo.fr,https://www.lesommerjardin.fr/,Mylene,Tremoyet,Mylene Tremoyet,mentions_legales,,,,,,,,https://lesommerjardin.fr/mentions-legales,ok_mentions
3ab7179b-f17c-412a-8777-1ec6b0a1ce81,MAEZAD - Xavier POULIN,contact@maezad.fr,http://www.maezad.fr/,Xavier,POULIN,Xavier POULIN,mentions_legales,,,,,,,,http://www.maezad.fr/mentions-legales,ok_mentions
cf87024c-417b-4082-aece-8ca5e4e60dd6,Rhuys Paysage,rhuys.paysage@wanadoo.fr,http://rhuys-paysage-arzon.com/,DANIEL,COUEDEL (COUEDEL),DANIEL COUEDEL (COUEDEL),siret_insee,40475689200026,404756892,81.30Z,1996-04-01,03,56640,ARZON,https://rhuys-paysage-arzon.com/fr/page/mentions-legales,ok_insee
15544b2f-afe7-4d95-88bc-79618c6c704f,3D Paysage,contact@3dpaysage.fr,http://www.3dpaysage.fr/,JACKY,HERVET,JACKY HERVET,siret_insee,39129991400039,391299914,81.30Z,1993-06-01,03,56000,VANNES,http://www.3dpaysage.fr/mentions-legales/,ok_insee
34e068e0-f046-4e1f-b21c-987f5ecbf6c5,Jérôme Guillemin,j.guillemin.paysagiste@gmail.com,http://www.paysagiste-guillemin.fr/,Jérôme,GUILLEMIN,Jérôme GUILLEMIN,mentions_legales,,,,,,,,https://www.paysagiste-guillemin.fr/mentions-legales,ok_mentions
bdfd26e0-5a3e-45db-9a62-fcb45a9d9b38,LA JARDINERIE D’ERISA,roulliaux.eric@orange.fr,http://www.eric-paysagiste.fr/,,,,,,,,,,,,,no_mentions_page
399cb51e-e037-4ec4-8ffb-7f2fc4f69b58,BOUIX PAYSAGE,contact@bouix-paysage.com,http://www.bouix-paysage.com/,,,,,,,,,,,,,no_mentions_page
2304ea9c-9a8c-4d8a-9dfb-6ce239f8d669,N.C.O. - Paysagiste à Lauzach près de Vannes,nco.contact@orange.fr,https://www.nco56.fr/,,,,,,,,,,,,https://www.nco56.fr/mentions-legales/,no_dirigeant_found
ca63fa60-c491-4e3e-b5d8-8f1041d5c90a,Atlantic Paysages,accueil@atlantic-paysages.fr,https://www.atlantic-paysages.fr/,HELENE,GRAU (DUCATILLON),HELENE GRAU (DUCATILLON),siret_insee,37833478300032,378334783,81.30Z,1990-05-21,21,56400,AURAY,https://www.atlantic-paysages.fr/mentions-legales/,ok_insee
71727fba-fec6-4a30-858e-386987af515e,Ouest Bordure Paysage - Services,contact@ouestbordure.fr,https://ouestbordure.fr/,LAURENT,DE BOURNET (DALAMEL DE BOURNET),LAURENT DE BOURNET (DALAMEL DE BOURNET),siret_insee,50269615600020,502696156,81.30Z,2008-03-10,NN,56700,BRANDERION,https://ouestbordure.fr/mentions-legales/,ok_insee
8ccbc323-8ec6-466f-9e94-592981e3c27b,NAUTILUS ENVIRONNEMENT,nautilusenvironnement@gmail.com,http://www.nautilusenvironnement.com/,Adresse,Siren,Adresse Siren,mentions_legales,,,,,,,,https://www.nautilusenvironnement.com/mentions-legales,ok_mentions
ffac3401-9959-47ee-9df6-3ecd591de01d,Jardin D'ambiance,jardindambiance56@gmail.com,https://www.jardin-dambiance.fr/,,,,,,,,,,,,https://www.jardin-dambiance.fr/mentions-legales/,no_dirigeant_found
a4a04884-1666-4158-9cbf-1a00a3f9df62,Ôbio,contact@obio-paysage.fr,https://www.obio-bioremedia.com/,VIRGINIE,GAREL,VIRGINIE GAREL,siret_insee,75390037200024,753900372,74.90B,2012-09-13,NN,44350,GUERANDE,https://www.obio-bioremedia.com/mentions-legales,ok_insee
71dd249c-1598-45b6-9a32-bbe19668ecc3,EURL Côte et Nature,contact@leray.info,https://leray.info/page/cote-et-nature-paysagiste-herbignac-6492c22c41a5e55bcb8c2bad/null,,,,,,,,,,,,https://leray.info/pro/cote-et-nature-paysagiste-herbignac-6492c22c41a5e55bcb8c2bad,no_dirigeant_found
12403b2f-5d27-43ba-bd6b-b858f921b7a2,Jeff Paysage,jeffpaysage@gmail.com,http://www.jeff-paysage.fr/,JEFFREY VALENTIN EMMANUEL,LOIRAT,JEFFREY VALENTIN EMMANUEL LOIRAT,siret_insee,90910844100017,909108441,81.30Z,2022-02-01,NN,44350,GUERANDE,https://www.jeff-paysage.fr/mentions-legales,ok_insee
bfd1fd40-eceb-4da8-93c1-e826a7a9f57e,LB Paysages,contact@lbpaysages.com,http://lbpaysages.com/,BENJAMIN GERARD JEAN-YVES,LUCAS,BENJAMIN GERARD JEAN-YVES LUCAS,siret_insee,83905068900026,839050689,81.30Z,2018-03-26,11,56130,PEAULE,http://lbpaysages.com/mentions-legales/,ok_insee
3a550a01-b168-46bc-8abd-52c763e79a40,LES JARDINS DE L'OCÉAN,postec.daniel@hotmail.fr,http://lesjardinsdelocean-bannalec.com/,Daniel,Postec,Daniel Postec,mentions_legales,,,,,,,,https://www.lesjardinsdelocean-bannalec.com/mentions-legales/,ok_mentions
fdf1472e-0cf2-4d65-a48b-7e6a11bd41e2,Ker Jardin,contact@kerjardin.com,http://www.kerjardin.com/,SEBASTIEN SERGE ALAIN,GUIHO (GUIHO),SEBASTIEN SERGE ALAIN GUIHO (GUIHO),siret_insee,84459451500018,844594515,81.30Z,2018-12-13,03,56600,LANESTER,https://www.kerjardin.com/fr/mentions-legales,ok_insee
ef584b49-914d-490a-9890-5fa2014659cd,Le Lestin Paysage,contact@david-paysage.bzh,http://www.paysage-lelestin.fr/,,,,,,,,,,,,,no_mentions_page
cdc4bdd2-c984-4766-8e93-d1a8e8ecad1b,DREAMIS Votre Paysagiste,10contact@paysagiste-dreamis.fr,https://www.paysagiste-dreamis.fr/?utm_source=gmb,,,,,,,,,,,,https://www.paysagiste-dreamis.fr/?utm_source=gmb/mentions-legales,no_dirigeant_found
8f308ca0-4b09-4e87-872c-7e72912d384c,Anne LAVOREL | Architecte Paysagiste,anne.lavorel@gmail.com,https://annelavorel.com/,[NON-DIFFUSIBLE],[NON-DIFFUSIBLE],[NON-DIFFUSIBLE] [NON-DIFFUSIBLE],siret_insee,51299400500076,512994005,71.11Z,2009-07-01,NN,[NON-DIFFUSIBLE],PLAUDREN,https://annelavorel.com/mentions-legales/,ok_insee
8daa876a-0f6f-40cc-a318-42b0f36941a7,DOMIPREST Services d'Aide a Domicile-Ménage et Jardinage -La Baule-Pornichet,contact@domiprest.com,http://www.domiprest.fr/,,,,,,,,,,,,https://domiprest.fr/mentions-legales/,no_dirigeant_found
f8f380f5-e495-4c3c-93a2-0d75809f9b25,Entre Terre et Jardin,contact@entre-terre-et-jardin.fr,http://www.entre-terre-et-jardin.fr/,,,,,,,,,,,,http://www.entre-terre-et-jardin.fr/mentions-legales/,no_dirigeant_found
18f42a30-29f4-465f-b54c-5008bde708f4,La Baule Paysage,labaulepaysage@orange.fr,https://www.labaule-paysage.fr/,,,,,,,,,,,,,no_mentions_page
7bdc3ef5-24e3-4f98-9672-28f41d64c9ed,Essentiel & Domicile La Baule,communication@essentiel-domicile.fr,https://essentiel-domicile.fr/labaule,SAMUEL,GIGNOUX,SAMUEL GIGNOUX,siret_insee,81219602000026,812196020,70.22Z,2015-06-23,03,69570,DARDILLY,https://essentiel-domicile.fr/mentions-legales/,ok_insee
2703d670-7864-4243-8f0c-fcceedc095b2,CÔTE OUEST JARDIN PAYSAGE,ccontact@cojp.fr,https://www.cote-ouest-jardin-paysage.fr/,,,,,,,,,,,,https://www.cote-ouest-jardin-paysage.fr/mentions-legales/,no_dirigeant_found
fa75a17a-a095-471d-8b3a-5dcd1fe25d0f,Pornichet Paysage,pornichet.paysage@gmail.com,https://pornichetpaysage.com/,,,,,,,,,,,,,no_mentions_page
36e353a6-5020-48f0-8b84-f4cb09499a6c,Tec Tec Paysage,tectecpaysage@gmail.com,http://www.tectecpaysage.com/,LAURENT,ALLARD (ALLARD),LAURENT ALLARD (ALLARD),siret_insee,42476141900045,424761419,63.11Z,1999-10-15,42,59100,ROUBAIX,http://www.tectecpaysage.com/mentions-legales/,ok_insee
7e52255c-ad86-4642-893f-6b53abf57769,Perraud Paysage Nature,perraud.paysagenature@gmail.com,https://www.perraudpaysagenature.fr/,,,,,,,,,,,,,no_mentions_page
a1691cd3-dd19-4e92-add7-812b92850658,Cote et Paysage,cote.et.paysage@gmail.com,http://cote-et-paysage.com/,,,,,,,,,,,,,no_mentions_page
c94789bc-f11d-4998-9549-7926d3bf39f9,Les Jardiniers de Ploemeur et de Ploeren,hello@jdpp.fr,http://www.les-jardiniers-de-ploemeur.fr/,,,,,,,,,,,,,no_mentions_page
96684572-a4fe-4c7f-83b5-1602ea99b639,Lantana Loirat Paysage,cgenvironnement@groupe-lantana.fr,https://www.lantanapaysage.fr/a-proximite-de-chez-vous/lantana-loirat-paysage-paysagiste-a-guerande-la-baule-pornichet-loire-atlantique-44/?utm_source=gmb&utm_medium=organic&utm_campaign=gmb_website,,,,,,,,,,,,https://www.lantanapaysage.fr/a-proximite-de-chez-vous/lantana-loirat-paysage-paysagiste-a-guerande-la-baule-pornichet-loire-atlantique-44/?utm_source=gmb&utm_medium=organic&utm_campaign=gmb_website/mentions-legales,no_dirigeant_found
67f9c6d1-8934-478c-941d-f020dc63a11f,Technatura,contact@technatura.fr,http://www.technatura.fr/,,Technatura,Technatura,mentions_legales,43973278500035,,,,,,,https://www.technatura.fr/mentions-legales/,ok_mentions
838a3148-727d-47e4-986f-01a485066ca7,Eurl Gérald Paysage,jossogerald.paysage@sfr.fr,http://www.gerald-paysage.fr/,Josso,Gérald,Josso Gérald,mentions_legales,,,,,,,,https://www.gerald-paysage.fr/mentions-legales/,ok_mentions
ad58f3c4-b54d-494f-a05f-f530bf2f5cc5,Ker'Bomat Paysagiste - piscine- spa- spa de nage - entretien,secretariat@kerbomat.fr,http://www.groupekerbomat.fr/,,,,,,,,,,,,,no_mentions_page
59b702d8-ac8d-4bdd-bab9-0c32e37502eb,AM Piscines,contact@ampiscines.fr,http://www.am-paysages.fr/,,,,,,,,,,,,https://www.am-paysages.fr/mentions-legales.php,no_dirigeant_found
52816686-42bf-46b2-9bf7-f6beed9e83ed,Guiller Jardin service,00035bienvenue@laconfiserie.fr,https://www.paysagistes.pro/paysagistes/damien-guiller-saint-lyphard/,ARNAUD,BOSCHET-COLOMBEL,ARNAUD BOSCHET-COLOMBEL,siret_insee,80779248600035,807792486,73.11Z,2014-10-23,NN,35000,RENNES,https://www.paysagistes.pro/mentions-legales/,ok_insee
f1f69036-671b-4039-8650-9022bf97224a,DAVID PAYSAGE,contact@david-paysage.bzh,https://www.david-paysage.bzh/,,,,,50156617800023,,,,,,,https://www.david-paysage.bzh/mentions-legales/p2.html,no_dirigeant_found
344a4103-b170-496e-8252-bed15d579833,Guérande Clôtures,accueil@guerande-clotures.fr,http://www.guerande-clotures.fr/?utm_source=gmb,,,,,,,,,,,,https://www.guerande-clotures.fr/?utm_source=gmb%2Fmentions-legales,no_dirigeant_found
822eda05-9f8f-4c65-ade0-dbd4e745b734,Pascal MORICE Paysage,contact.moricepaysage@orange.fr,https://www.pascalmoricepaysage44.fr/?utm_source=gmb,,,,,,,,,,,,https://www.pascalmoricepaysage44.fr/?utm_source=gmb/mentions-legales,no_dirigeant_found
bf146114-8c95-4e26-850f-c48e07ef5c05,BJConcept 44,37bjconcept44@gmail.com,https://bjconcept.fr/,JÉRÔME,BEURRIER,JÉRÔME BEURRIER,siret_insee,94986748500011,949867485,43.12A,2023-03-09,NN,44350,GUERANDE,https://bjconcept.fr/mentions-legales/,ok_insee
974ed5a0-f91c-48ae-b0dd-ec818cb280fb,ENTREPRISE TRIMAUD,entreprise@trimaud.fr,https://www.trimaud-paysagiste.fr/,,,,,,,,,,,,,no_mentions_page
089f1bc8-4b82-463e-9552-602c316467bb,AlexandreSARRION paysagiste,ale.sarrion@free.fr,https://www.alexandre-sarrion-paysagiste.com/,,,,,,,,,,,,,no_mentions_page
01bea706-1d66-443f-a4f2-282bc59f300c,Terideal - Atlantique,communication@terideal.fr,https://www.terideal.fr/,Laure,Bleyer,Laure Bleyer,mentions_legales,,,,,,,,https://www.terideal.fr/mentions-legales/,ok_mentions
300e98ba-2fc1-44ed-9cd4-a974c03860b7,AXEO Services La Baule et presqu'île,contact@agence-horizonplus.fr,https://axeoservices-presquile-44.fr/,,Villalongue,Villalongue,mentions_legales,,,,,,,,https://axeoservices-presquile-44.fr/mentions-legales/,ok_mentions
934e52ec-a199-4fc1-8f50-83abd3926c1a,Moriceau,moriceau.paysagiste@orange.fr,https://www.moriceau-paysagiste-terrassement.fr/,,,,,,,,,,,,,no_mentions_page
1f90e7b0-c59b-4798-88a1-0ed232ecc617,Essentiel & Domicile Pornichet,communication@essentiel-domicile.fr,https://www.essentiel-domicile.fr/pornichet/,SAMUEL,GIGNOUX,SAMUEL GIGNOUX,siret_insee,81219602000026,812196020,70.22Z,2015-06-23,03,69570,DARDILLY,https://essentiel-domicile.fr/mentions-legales/,ok_insee
a15e3764-b15e-430c-a919-26a4bc79ea50,Le Nid à Coccinelles,contact@lenidacoccinelles.com,https://www.lenidacoccinelles.com/,,,,,,,,,,,,https://www.lenidacoccinelles.com/mentions-legales/,no_dirigeant_found
f0aaa1ba-deff-4d21-9a06-cbe6ef1b569e,Domaliance La Baule,direction@a2micile.com,https://www.domaliance.fr/index-des-agences-par-ville/agence-domaliance-la-baule-44500-345.html?utm_source=multidif&utm_medium=organic,Qui,sommes-nous,Qui sommes-nous,mentions_legales,,,,,,,,https://www.domaliance.fr/index-des-agences-par-ville/agence-domaliance-la-baule-44500-345.html/?utm_source=multidif&utm_medium=organic/mentions-legales,ok_mentions
405e54e5-3b9f-47ef-914a-e6cb2fbdc85d,Gicquiaud Paysage,35contact@gicquiaud-paysage.com,http://gicquiaud-paysage.com/,YVES PAUL MICHEL ROGER,GICQUIAUD,YVES PAUL MICHEL ROGER GICQUIAUD,siret_insee,48502658700033,485026587,68.20B,2005-12-01,NN,44350,GUERANDE,https://gicquiaud-paysage.com/cgu-rgpd/,ok_insee
df586114-d150-4a8b-8935-c236c655ed48,Vert d'Horizon,samuel.durand@vertdhorizon.fr,http://www.vertdhorizon.fr/,SAMUEL GERARD,DURAND,SAMUEL GERARD DURAND,siret_insee,51929376500011,519293765,96.09Z,2010-01-01,01,44420,PIRIAC-SUR-MER,https://vertdhorizon.fr/mentions-legales/,ok_insee
b4833183-3a78-4a1d-9c7f-d4ab2a326385,Bertiau Paysage,contact@bertiau-paysage.com,http://www.bertiau-paysage.com/,Julien,BERTIAU,BERTIAU Julien,mentions_legales,,,,,,,,https://bertiau-paysage.com/mentions-legales/,ok_mentions
867a3851-30b4-446a-8f59-e1ab5d055366,Cap Espaces Services,contact@cap-espaces-services.fr,https://cap-espaces-services.fr/,Jean,ESCURAT,Jean ESCURAT,mentions_legales,,,,,,,,https://cap-espaces-services.fr/mentions-legales/,ok_mentions
5c5aea2f-cd40-411d-be97-f18160dee050,GREEN CONSULT SERVICES,com1image@gmail.com,https://greenconsult44.com/,,,,,,,,,,,,https://greenconsult44.com (home),no_dirigeant_found
20e19816-8106-4a3f-a748-f251a3491c15,Verdilignes,info@verdilignes.fr,http://www.verdilignes.fr/,EMMANUEL,BRZOZOWSKI,EMMANUEL BRZOZOWSKI,siret_insee,48954985700022,489549857,81.30Z,2006-03-24,11,44600,SAINT-NAZAIRE,https://verdilignes.fr/mentions-legales/,ok_insee
6aae6c0d-770a-4845-b841-c05e81bf379a,INNOV ENERGY - Electricien presqu'île de Guérande et alentours,contact@innov-energy.fr,http://innovenergy.fr/,,,,,,,,,,,,https://www.innovenergy.fr/mentions-legales/,no_dirigeant_found
f767fd8f-af00-48a8-ab38-4c661e2de793,Générale des Services La Baule - Agence de services à la personne,rgpd@generaledesservices.com,https://www.generaledesservices.com/agences/la-baule/,Didier,Chateau,Didier Chateau,mentions_legales,42440014100034,,,,,,,https://www.generaledesservices.com/mentions-legales/,ok_mentions
b2dabf5f-1086-4f64-8934-e526bf757ce8,Ô fil du paysage,mael@ofildupaysage.fr,https://ofildupaysage.fr/,MAËL,LESCAUDRON,MAËL LESCAUDRON,siret_insee,89749526300021,897495263,81.30Z,2021-03-15,NN,44600,SAINT-NAZAIRE,https://ofildupaysage.fr/index.php/mentions-legales/,ok_insee
54210b78-8a1e-4af5-aca7-a86d6a52865c,Junior Senior,contact@juniorsenior.fr,https://www.juniorsenior.fr/Pays-de-la-loire-pornichet/,,,,,,,,,,,,https://www.juniorsenior.fr/mentions-legales-junior-senior/,no_dirigeant_found
b3884fbb-2515-444e-ae42-7e7f22c22fdb,Arbor' Concept,arborconcept56@gmail.com,https://arborconcept-paysagiste.fr/,Joris arborconcept,LE TALOUR,LE TALOUR Joris arborconcept,mentions_legales,,,,,,,,https://arborconcept-paysagiste.fr/politique-de-confidentialite/,ok_mentions
4f35e0c2-36f0-4c76-a424-958e5bb3daba,OPUNTIA PAYSAGES,contact@opuntia-paysages.fr,https://www.opuntia-paysages.fr/,,,,,,,,,,,,https://www.opuntia-paysages.fr (home),no_dirigeant_found
38af494c-bf9e-4362-b06f-31ca83eed739,Granit Paysagistes,granit.paysagistes@orange.fr,http://www.granitpaysagistes.com/,,,,,,,,,,,,,no_mentions_page
4fba5ae2-3c83-4155-9612-c0433808bd7d,Sagory Steven,bureau@sagory.com,http://www.sagory.com/,,,,,,,,,,,,,no_mentions_page
